<?xml version="1.0" encoding="UTF-8" standalone="no"?><gpx xmlns="http://www.topografix.com/GPX/1/1" xmlns:gpxtpx="http://www.garmin.com/xmlschemas/TrackPointExtension/v1" xmlns:xsi="http://www.w3.org/2001/XMLSchema-instance" creator="Sports Tracker" version="1.1" xsi:schemaLocation="http://www.topografix.com/GPX/1/1 http://www.topografix.com/GPX/1/1/gpx.xsd http://www.garmin.com/xmlschemas/TrackPointExtension/v1 http://www.garmin.com/xmlschemas/TrackPointExtensionv1.xsd"><metadata><name/><desc/><author><name>anttipehkonen240</name></author></metadata><trk><name/><trkseg><trkpt lat="60.229778" lon="24.96738"><ele>24.8</ele><time>2026-04-11T05:56:27Z</time></trkpt><trkpt lat="60.229788" lon="24.967398"><ele>25.8</ele><time>2026-04-11T05:56:28Z</time></trkpt><trkpt lat="60.229805" lon="24.96742"><ele>26.3</ele><time>2026-04-11T05:56:29Z</time></trkpt><trkpt lat="60.229833" lon="24.96744"><ele>26.4</ele><time>2026-04-11T05:56:30Z</time></trkpt><trkpt lat="60.229852" lon="24.967455"><ele>25.9</ele><time>2026-04-11T05:56:31Z</time></trkpt><trkpt lat="60.22987" lon="24.96747"><ele>25.6</ele><time>2026-04-11T05:56:32Z</time></trkpt><trkpt lat="60.229883" lon="24.967483"><ele>25.4</ele><time>2026-04-11T05:56:32Z</time></trkpt><trkpt lat="60.229897" lon="24.9675"><ele>24.8</ele><time>2026-04-11T05:56:33Z</time></trkpt><trkpt lat="60.229908" lon="24.967518"><ele>24.5</ele><time>2026-04-11T05:56:34Z</time></trkpt><trkpt lat="60.229922" lon="24.967538"><ele>24.3</ele><time>2026-04-11T05:56:35Z</time></trkpt><trkpt lat="60.229935" lon="24.96756"><ele>24.3</ele><time>2026-04-11T05:56:36Z</time></trkpt><trkpt lat="60.229947" lon="24.96758"><ele>24.0</ele><time>2026-04-11T05:56:37Z</time></trkpt><trkpt lat="60.229955" lon="24.967597"><ele>23.6</ele><time>2026-04-11T05:56:38Z</time></trkpt><trkpt lat="60.229965" lon="24.967618"><ele>23.6</ele><time>2026-04-11T05:56:39Z</time></trkpt><trkpt lat="60.229977" lon="24.967638"><ele>23.5</ele><time>2026-04-11T05:56:40Z</time></trkpt><trkpt lat="60.229987" lon="24.96765"><ele>22.3</ele><time>2026-04-11T05:56:41Z</time></trkpt><trkpt lat="60.229992" lon="24.967662"><ele>21.2</ele><time>2026-04-11T05:56:42Z</time></trkpt><trkpt lat="60.229997" lon="24.967677"><ele>20.2</ele><time>2026-04-11T05:56:43Z</time></trkpt><trkpt lat="60.23001" lon="24.967695"><ele>19.9</ele><time>2026-04-11T05:56:44Z</time></trkpt><trkpt lat="60.23002" lon="24.967713"><ele>19.4</ele><time>2026-04-11T05:56:45Z</time></trkpt><trkpt lat="60.23003" lon="24.96773"><ele>19.1</ele><time>2026-04-11T05:56:46Z</time></trkpt><trkpt lat="60.23004" lon="24.967745"><ele>18.8</ele><time>2026-04-11T05:56:47Z</time></trkpt><trkpt lat="60.230048" lon="24.967768"><ele>18.6</ele><time>2026-04-11T05:56:48Z</time></trkpt><trkpt lat="60.230057" lon="24.967795"><ele>18.5</ele><time>2026-04-11T05:56:49Z</time></trkpt><trkpt lat="60.230063" lon="24.967808"><ele>18.3</ele><time>2026-04-11T05:56:50Z</time></trkpt><trkpt lat="60.23007" lon="24.967825"><ele>18.2</ele><time>2026-04-11T05:56:51Z</time></trkpt><trkpt lat="60.23008" lon="24.967845"><ele>18.1</ele><time>2026-04-11T05:56:52Z</time></trkpt><trkpt lat="60.230088" lon="24.967863"><ele>18.1</ele><time>2026-04-11T05:56:53Z</time></trkpt><trkpt lat="60.2301" lon="24.967883"><ele>18.2</ele><time>2026-04-11T05:56:54Z</time></trkpt><trkpt lat="60.230112" lon="24.967898"><ele>18.4</ele><time>2026-04-11T05:56:55Z</time></trkpt><trkpt lat="60.230122" lon="24.967903"><ele>19.6</ele><time>2026-04-11T05:56:56Z</time></trkpt><trkpt lat="60.230133" lon="24.967943"><ele>19.3</ele><time>2026-04-11T05:56:57Z</time></trkpt><trkpt lat="60.230153" lon="24.96796"><ele>19.6</ele><time>2026-04-11T05:56:58Z</time><extensions><gpxtpx:TrackPointExtension><gpxtpx:hr>103</gpxtpx:hr></gpxtpx:TrackPointExtension></extensions></trkpt><trkpt lat="60.230168" lon="24.967985"><ele>19.6</ele><time>2026-04-11T05:56:59Z</time></trkpt><trkpt lat="60.230178" lon="24.968002"><ele>20.2</ele><time>2026-04-11T05:57:00Z</time></trkpt><trkpt lat="60.230193" lon="24.968018"><ele>20.7</ele><time>2026-04-11T05:57:01Z</time></trkpt><trkpt lat="60.230205" lon="24.968028"><ele>20.7</ele><time>2026-04-11T05:57:02Z</time></trkpt><trkpt lat="60.230218" lon="24.96804"><ele>20.6</ele><time>2026-04-11T05:57:03Z</time><extensions><gpxtpx:TrackPointExtension><gpxtpx:hr>99</gpxtpx:hr></gpxtpx:TrackPointExtension></extensions></trkpt><trkpt lat="60.23023" lon="24.968055"><ele>20.4</ele><time>2026-04-11T05:57:04Z</time></trkpt><trkpt lat="60.230242" lon="24.968073"><ele>20.6</ele><time>2026-04-11T05:57:05Z</time></trkpt><trkpt lat="60.230252" lon="24.968092"><ele>20.6</ele><time>2026-04-11T05:57:06Z</time><extensions><gpxtpx:TrackPointExtension><gpxtpx:hr>99</gpxtpx:hr></gpxtpx:TrackPointExtension></extensions></trkpt><trkpt lat="60.23026" lon="24.968112"><ele>20.8</ele><time>2026-04-11T05:57:07Z</time></trkpt><trkpt lat="60.230268" lon="24.96813"><ele>20.8</ele><time>2026-04-11T05:57:08Z</time></trkpt><trkpt lat="60.230273" lon="24.968143"><ele>20.7</ele><time>2026-04-11T05:57:09Z</time><extensions><gpxtpx:TrackPointExtension><gpxtpx:hr>99</gpxtpx:hr></gpxtpx:TrackPointExtension></extensions></trkpt><trkpt lat="60.230283" lon="24.968163"><ele>20.5</ele><time>2026-04-11T05:57:10Z</time></trkpt><trkpt lat="60.230292" lon="24.968182"><ele>20.7</ele><time>2026-04-11T05:57:11Z</time></trkpt><trkpt lat="60.230302" lon="24.968202"><ele>20.8</ele><time>2026-04-11T05:57:12Z</time></trkpt><trkpt lat="60.23031" lon="24.96822"><ele>20.5</ele><time>2026-04-11T05:57:13Z</time></trkpt><trkpt lat="60.23032" lon="24.96824"><ele>20.5</ele><time>2026-04-11T05:57:14Z</time></trkpt><trkpt lat="60.230328" lon="24.968262"><ele>20.7</ele><time>2026-04-11T05:57:15Z</time></trkpt><trkpt lat="60.230335" lon="24.96828"><ele>20.7</ele><time>2026-04-11T05:57:17Z</time><extensions><gpxtpx:TrackPointExtension><gpxtpx:hr>99</gpxtpx:hr></gpxtpx:TrackPointExtension></extensions></trkpt><trkpt lat="60.230345" lon="24.968298"><ele>20.9</ele><time>2026-04-11T05:57:18Z</time></trkpt><trkpt lat="60.230355" lon="24.968315"><ele>20.9</ele><time>2026-04-11T05:57:19Z</time></trkpt><trkpt lat="60.230363" lon="24.968332"><ele>20.5</ele><time>2026-04-11T05:57:20Z</time></trkpt><trkpt lat="60.23037" lon="24.968345"><ele>20.7</ele><time>2026-04-11T05:57:21Z</time><extensions><gpxtpx:TrackPointExtension><gpxtpx:hr>97</gpxtpx:hr></gpxtpx:TrackPointExtension></extensions></trkpt><trkpt lat="60.23038" lon="24.968365"><ele>20.9</ele><time>2026-04-11T05:57:22Z</time></trkpt><trkpt lat="60.23039" lon="24.968385"><ele>21.2</ele><time>2026-04-11T05:57:23Z</time></trkpt><trkpt lat="60.230397" lon="24.968393"><ele>21.1</ele><time>2026-04-11T05:57:24Z</time><extensions><gpxtpx:TrackPointExtension><gpxtpx:hr>96</gpxtpx:hr></gpxtpx:TrackPointExtension></extensions></trkpt><trkpt lat="60.230403" lon="24.968415"><ele>20.8</ele><time>2026-04-11T05:57:25Z</time></trkpt><trkpt lat="60.230408" lon="24.968443"><ele>20.6</ele><time>2026-04-11T05:57:26Z</time></trkpt><trkpt lat="60.230417" lon="24.968463"><ele>20.2</ele><time>2026-04-11T05:57:27Z</time></trkpt><trkpt lat="60.230427" lon="24.968487"><ele>20.3</ele><time>2026-04-11T05:57:28Z</time></trkpt><trkpt lat="60.230433" lon="24.968503"><ele>19.9</ele><time>2026-04-11T05:57:29Z</time></trkpt><trkpt lat="60.230442" lon="24.968528"><ele>20.0</ele><time>2026-04-11T05:57:30Z</time><extensions><gpxtpx:TrackPointExtension><gpxtpx:hr>94</gpxtpx:hr></gpxtpx:TrackPointExtension></extensions></trkpt><trkpt lat="60.230452" lon="24.968548"><ele>19.9</ele><time>2026-04-11T05:57:31Z</time></trkpt><trkpt lat="60.230462" lon="24.968568"><ele>19.5</ele><time>2026-04-11T05:57:32Z</time></trkpt><trkpt lat="60.23047" lon="24.968592"><ele>19.0</ele><time>2026-04-11T05:57:33Z</time></trkpt><trkpt lat="60.230477" lon="24.968608"><ele>18.7</ele><time>2026-04-11T05:57:34Z</time></trkpt><trkpt lat="60.230485" lon="24.968633"><ele>19.4</ele><time>2026-04-11T05:57:35Z</time></trkpt><trkpt lat="60.230495" lon="24.968657"><ele>19.4</ele><time>2026-04-11T05:57:36Z</time><extensions><gpxtpx:TrackPointExtension><gpxtpx:hr>92</gpxtpx:hr></gpxtpx:TrackPointExtension></extensions></trkpt><trkpt lat="60.230505" lon="24.968668"><ele>19.4</ele><time>2026-04-11T05:57:37Z</time></trkpt><trkpt lat="60.230513" lon="24.968678"><ele>19.1</ele><time>2026-04-11T05:57:38Z</time></trkpt><trkpt lat="60.230527" lon="24.968695"><ele>18.7</ele><time>2026-04-11T05:57:39Z</time><extensions><gpxtpx:TrackPointExtension><gpxtpx:hr>92</gpxtpx:hr></gpxtpx:TrackPointExtension></extensions></trkpt><trkpt lat="60.23054" lon="24.968713"><ele>19.2</ele><time>2026-04-11T05:57:40Z</time></trkpt><trkpt lat="60.230543" lon="24.96873"><ele>18.8</ele><time>2026-04-11T05:57:41Z</time></trkpt><trkpt lat="60.23055" lon="24.968747"><ele>19.4</ele><time>2026-04-11T05:57:42Z</time></trkpt><trkpt lat="60.23056" lon="24.968767"><ele>18.9</ele><time>2026-04-11T05:57:43Z</time></trkpt><trkpt lat="60.230573" lon="24.968788"><ele>18.9</ele><time>2026-04-11T05:57:44Z</time><extensions><gpxtpx:TrackPointExtension><gpxtpx:hr>94</gpxtpx:hr></gpxtpx:TrackPointExtension></extensions></trkpt><trkpt lat="60.23058" lon="24.968815"><ele>18.3</ele><time>2026-04-11T05:57:45Z</time></trkpt><trkpt lat="60.230588" lon="24.968837"><ele>19.1</ele><time>2026-04-11T05:57:46Z</time></trkpt><trkpt lat="60.230597" lon="24.968863"><ele>19.5</ele><time>2026-04-11T05:57:47Z</time></trkpt><trkpt lat="60.230605" lon="24.968895"><ele>18.8</ele><time>2026-04-11T05:57:48Z</time></trkpt><trkpt lat="60.230618" lon="24.968915"><ele>18.5</ele><time>2026-04-11T05:57:49Z</time></trkpt><trkpt lat="60.230628" lon="24.96894"><ele>18.2</ele><time>2026-04-11T05:57:50Z</time></trkpt><trkpt lat="60.230637" lon="24.968963"><ele>17.7</ele><time>2026-04-11T05:57:51Z</time><extensions><gpxtpx:TrackPointExtension><gpxtpx:hr>96</gpxtpx:hr></gpxtpx:TrackPointExtension></extensions></trkpt><trkpt lat="60.230647" lon="24.96899"><ele>17.8</ele><time>2026-04-11T05:57:52Z</time></trkpt><trkpt lat="60.230658" lon="24.969015"><ele>17.8</ele><time>2026-04-11T05:57:53Z</time></trkpt><trkpt lat="60.230668" lon="24.969038"><ele>17.7</ele><time>2026-04-11T05:57:54Z</time><extensions><gpxtpx:TrackPointExtension><gpxtpx:hr>97</gpxtpx:hr></gpxtpx:TrackPointExtension></extensions></trkpt><trkpt lat="60.230678" lon="24.969062"><ele>17.3</ele><time>2026-04-11T05:57:55Z</time></trkpt><trkpt lat="60.23069" lon="24.969085"><ele>17.6</ele><time>2026-04-11T05:57:56Z</time></trkpt><trkpt lat="60.230702" lon="24.969113"><ele>18.0</ele><time>2026-04-11T05:57:57Z</time></trkpt><trkpt lat="60.23071" lon="24.969138"><ele>17.7</ele><time>2026-04-11T05:57:58Z</time></trkpt><trkpt lat="60.230722" lon="24.969163"><ele>17.5</ele><time>2026-04-11T05:57:59Z</time></trkpt><trkpt lat="60.230735" lon="24.969183"><ele>17.5</ele><time>2026-04-11T05:58:00Z</time></trkpt><trkpt lat="60.230745" lon="24.969205"><ele>17.5</ele><time>2026-04-11T05:58:01Z</time><extensions><gpxtpx:TrackPointExtension><gpxtpx:hr>93</gpxtpx:hr></gpxtpx:TrackPointExtension></extensions></trkpt><trkpt lat="60.230758" lon="24.96922"><ele>17.8</ele><time>2026-04-11T05:58:02Z</time></trkpt><trkpt lat="60.230772" lon="24.969235"><ele>17.8</ele><time>2026-04-11T05:58:03Z</time></trkpt><trkpt lat="60.230785" lon="24.969242"><ele>17.6</ele><time>2026-04-11T05:58:04Z</time></trkpt><trkpt lat="60.230795" lon="24.969265"><ele>17.8</ele><time>2026-04-11T05:58:05Z</time><extensions><gpxtpx:TrackPointExtension><gpxtpx:hr>95</gpxtpx:hr></gpxtpx:TrackPointExtension></extensions></trkpt><trkpt lat="60.230808" lon="24.969282"><ele>18.1</ele><time>2026-04-11T05:58:06Z</time></trkpt><trkpt lat="60.23082" lon="24.969297"><ele>18.7</ele><time>2026-04-11T05:58:07Z</time></trkpt><trkpt lat="60.230832" lon="24.969312"><ele>18.0</ele><time>2026-04-11T05:58:08Z</time></trkpt><trkpt lat="60.230842" lon="24.969335"><ele>17.7</ele><time>2026-04-11T05:58:09Z</time></trkpt><trkpt lat="60.230852" lon="24.969357"><ele>18.0</ele><time>2026-04-11T05:58:10Z</time></trkpt><trkpt lat="60.230862" lon="24.969375"><ele>18.6</ele><time>2026-04-11T05:58:11Z</time></trkpt><trkpt lat="60.230873" lon="24.96939"><ele>18.7</ele><time>2026-04-11T05:58:12Z</time><extensions><gpxtpx:TrackPointExtension><gpxtpx:hr>94</gpxtpx:hr></gpxtpx:TrackPointExtension></extensions></trkpt><trkpt lat="60.230887" lon="24.969402"><ele>18.7</ele><time>2026-04-11T05:58:13Z</time></trkpt><trkpt lat="60.230895" lon="24.969422"><ele>19.8</ele><time>2026-04-11T05:58:14Z</time><extensions><gpxtpx:TrackPointExtension><gpxtpx:hr>95</gpxtpx:hr></gpxtpx:TrackPointExtension></extensions></trkpt><trkpt lat="60.2309" lon="24.969453"><ele>20.1</ele><time>2026-04-11T05:58:15Z</time></trkpt><trkpt lat="60.230912" lon="24.969473"><ele>19.6</ele><time>2026-04-11T05:58:16Z</time></trkpt><trkpt lat="60.230923" lon="24.969493"><ele>19.4</ele><time>2026-04-11T05:58:17Z</time></trkpt><trkpt lat="60.230933" lon="24.969513"><ele>19.6</ele><time>2026-04-11T05:58:18Z</time></trkpt><trkpt lat="60.230945" lon="24.969532"><ele>19.3</ele><time>2026-04-11T05:58:19Z</time><extensions><gpxtpx:TrackPointExtension><gpxtpx:hr>96</gpxtpx:hr></gpxtpx:TrackPointExtension></extensions></trkpt><trkpt lat="60.230957" lon="24.969547"><ele>19.4</ele><time>2026-04-11T05:58:20Z</time></trkpt><trkpt lat="60.230968" lon="24.969565"><ele>19.3</ele><time>2026-04-11T05:58:21Z</time></trkpt><trkpt lat="60.230978" lon="24.969587"><ele>19.9</ele><time>2026-04-11T05:58:22Z</time></trkpt><trkpt lat="60.23099" lon="24.969603"><ele>19.7</ele><time>2026-04-11T05:58:23Z</time></trkpt><trkpt lat="60.231" lon="24.96962"><ele>19.6</ele><time>2026-04-11T05:58:24Z</time></trkpt><trkpt lat="60.231005" lon="24.969645"><ele>19.5</ele><time>2026-04-11T05:58:25Z</time></trkpt><trkpt lat="60.231012" lon="24.969663"><ele>19.9</ele><time>2026-04-11T05:58:26Z</time></trkpt><trkpt lat="60.231018" lon="24.969682"><ele>20.4</ele><time>2026-04-11T05:58:27Z</time><extensions><gpxtpx:TrackPointExtension><gpxtpx:hr>96</gpxtpx:hr></gpxtpx:TrackPointExtension></extensions></trkpt><trkpt lat="60.231028" lon="24.9697"><ele>20.4</ele><time>2026-04-11T05:58:28Z</time></trkpt><trkpt lat="60.231038" lon="24.96972"><ele>20.4</ele><time>2026-04-11T05:58:29Z</time></trkpt><trkpt lat="60.23105" lon="24.969737"><ele>21.2</ele><time>2026-04-11T05:58:30Z</time></trkpt><trkpt lat="60.231058" lon="24.969757"><ele>21.7</ele><time>2026-04-11T05:58:31Z</time><extensions><gpxtpx:TrackPointExtension><gpxtpx:hr>96</gpxtpx:hr></gpxtpx:TrackPointExtension></extensions></trkpt><trkpt lat="60.231068" lon="24.96978"><ele>21.5</ele><time>2026-04-11T05:58:32Z</time></trkpt><trkpt lat="60.231082" lon="24.969797"><ele>21.4</ele><time>2026-04-11T05:58:33Z</time></trkpt><trkpt lat="60.231093" lon="24.969815"><ele>21.2</ele><time>2026-04-11T05:58:34Z</time></trkpt><trkpt lat="60.231108" lon="24.969827"><ele>21.6</ele><time>2026-04-11T05:58:35Z</time></trkpt><trkpt lat="60.231122" lon="24.969842"><ele>21.7</ele><time>2026-04-11T05:58:36Z</time></trkpt><trkpt lat="60.23113" lon="24.969865"><ele>21.8</ele><time>2026-04-11T05:58:37Z</time></trkpt><trkpt lat="60.231138" lon="24.969888"><ele>21.7</ele><time>2026-04-11T05:58:38Z</time><extensions><gpxtpx:TrackPointExtension><gpxtpx:hr>97</gpxtpx:hr></gpxtpx:TrackPointExtension></extensions></trkpt><trkpt lat="60.231145" lon="24.969913"><ele>21.8</ele><time>2026-04-11T05:58:39Z</time></trkpt><trkpt lat="60.231157" lon="24.969933"><ele>22.2</ele><time>2026-04-11T05:58:40Z</time></trkpt><trkpt lat="60.23117" lon="24.969948"><ele>22.3</ele><time>2026-04-11T05:58:41Z</time></trkpt><trkpt lat="60.231182" lon="24.969963"><ele>22.6</ele><time>2026-04-11T05:58:42Z</time><extensions><gpxtpx:TrackPointExtension><gpxtpx:hr>96</gpxtpx:hr></gpxtpx:TrackPointExtension></extensions></trkpt><trkpt lat="60.231192" lon="24.969985"><ele>22.4</ele><time>2026-04-11T05:58:43Z</time></trkpt><trkpt lat="60.231202" lon="24.970008"><ele>22.6</ele><time>2026-04-11T05:58:44Z</time><extensions><gpxtpx:TrackPointExtension><gpxtpx:hr>96</gpxtpx:hr></gpxtpx:TrackPointExtension></extensions></trkpt><trkpt lat="60.231213" lon="24.970027"><ele>22.2</ele><time>2026-04-11T05:58:45Z</time></trkpt><trkpt lat="60.231223" lon="24.970047"><ele>22.4</ele><time>2026-04-11T05:58:46Z</time></trkpt><trkpt lat="60.23123" lon="24.970065"><ele>22.8</ele><time>2026-04-11T05:58:47Z</time></trkpt><trkpt lat="60.231235" lon="24.970082"><ele>22.8</ele><time>2026-04-11T05:58:48Z</time></trkpt><trkpt lat="60.231242" lon="24.970092"><ele>23.2</ele><time>2026-04-11T05:58:49Z</time></trkpt><trkpt lat="60.23125" lon="24.970107"><ele>22.8</ele><time>2026-04-11T05:58:50Z</time></trkpt><trkpt lat="60.23126" lon="24.97013"><ele>23.0</ele><time>2026-04-11T05:58:51Z</time></trkpt><trkpt lat="60.23127" lon="24.970145"><ele>23.0</ele><time>2026-04-11T05:58:52Z</time></trkpt><trkpt lat="60.23128" lon="24.970165"><ele>22.9</ele><time>2026-04-11T05:58:53Z</time><extensions><gpxtpx:TrackPointExtension><gpxtpx:hr>98</gpxtpx:hr></gpxtpx:TrackPointExtension></extensions></trkpt><trkpt lat="60.231292" lon="24.970183"><ele>23.0</ele><time>2026-04-11T05:58:54Z</time></trkpt><trkpt lat="60.231303" lon="24.970203"><ele>23.2</ele><time>2026-04-11T05:58:55Z</time></trkpt><trkpt lat="60.23132" lon="24.970215"><ele>22.7</ele><time>2026-04-11T05:58:56Z</time></trkpt><trkpt lat="60.231328" lon="24.970237"><ele>22.6</ele><time>2026-04-11T05:58:57Z</time></trkpt><trkpt lat="60.231337" lon="24.970263"><ele>22.4</ele><time>2026-04-11T05:58:58Z</time><extensions><gpxtpx:TrackPointExtension><gpxtpx:hr>99</gpxtpx:hr></gpxtpx:TrackPointExtension></extensions></trkpt><trkpt lat="60.231345" lon="24.970293"><ele>21.5</ele><time>2026-04-11T05:58:59Z</time></trkpt><trkpt lat="60.23136" lon="24.970307"><ele>21.8</ele><time>2026-04-11T05:59:00Z</time></trkpt><trkpt lat="60.231373" lon="24.970332"><ele>21.6</ele><time>2026-04-11T05:59:01Z</time><extensions><gpxtpx:TrackPointExtension><gpxtpx:hr>100</gpxtpx:hr></gpxtpx:TrackPointExtension></extensions></trkpt><trkpt lat="60.231388" lon="24.97034"><ele>21.9</ele><time>2026-04-11T05:59:02Z</time></trkpt><trkpt lat="60.2314" lon="24.970353"><ele>21.5</ele><time>2026-04-11T05:59:03Z</time></trkpt><trkpt lat="60.231408" lon="24.970353"><ele>21.6</ele><time>2026-04-11T05:59:04Z</time></trkpt><trkpt lat="60.231423" lon="24.970362"><ele>21.3</ele><time>2026-04-11T05:59:05Z</time></trkpt><trkpt lat="60.231432" lon="24.970382"><ele>21.9</ele><time>2026-04-11T05:59:06Z</time></trkpt><trkpt lat="60.231443" lon="24.970397"><ele>22.0</ele><time>2026-04-11T05:59:07Z</time></trkpt><trkpt lat="60.231457" lon="24.970413"><ele>21.6</ele><time>2026-04-11T05:59:08Z</time><extensions><gpxtpx:TrackPointExtension><gpxtpx:hr>101</gpxtpx:hr></gpxtpx:TrackPointExtension></extensions></trkpt><trkpt lat="60.231463" lon="24.970413"><ele>21.4</ele><time>2026-04-11T05:59:09Z</time></trkpt><trkpt lat="60.231472" lon="24.97043"><ele>21.0</ele><time>2026-04-11T05:59:10Z</time></trkpt><trkpt lat="60.231483" lon="24.970458"><ele>21.1</ele><time>2026-04-11T05:59:11Z</time></trkpt><trkpt lat="60.231498" lon="24.970492"><ele>20.6</ele><time>2026-04-11T05:59:12Z</time></trkpt><trkpt lat="60.23151" lon="24.970512"><ele>20.7</ele><time>2026-04-11T05:59:13Z</time><extensions><gpxtpx:TrackPointExtension><gpxtpx:hr>99</gpxtpx:hr></gpxtpx:TrackPointExtension></extensions></trkpt><trkpt lat="60.231525" lon="24.970532"><ele>20.3</ele><time>2026-04-11T05:59:14Z</time><extensions><gpxtpx:TrackPointExtension><gpxtpx:hr>98</gpxtpx:hr></gpxtpx:TrackPointExtension></extensions></trkpt><trkpt lat="60.23154" lon="24.97054"><ele>19.9</ele><time>2026-04-11T05:59:15Z</time></trkpt><trkpt lat="60.231553" lon="24.970555"><ele>19.9</ele><time>2026-04-11T05:59:16Z</time></trkpt><trkpt lat="60.231567" lon="24.970562"><ele>20.0</ele><time>2026-04-11T05:59:17Z</time></trkpt><trkpt lat="60.231578" lon="24.97057"><ele>20.1</ele><time>2026-04-11T05:59:18Z</time></trkpt><trkpt lat="60.231587" lon="24.970578"><ele>20.0</ele><time>2026-04-11T05:59:19Z</time></trkpt><trkpt lat="60.231597" lon="24.970603"><ele>20.2</ele><time>2026-04-11T05:59:20Z</time></trkpt><trkpt lat="60.231603" lon="24.970632"><ele>20.4</ele><time>2026-04-11T05:59:21Z</time></trkpt><trkpt lat="60.231615" lon="24.97066"><ele>20.5</ele><time>2026-04-11T05:59:22Z</time></trkpt><trkpt lat="60.231627" lon="24.970673"><ele>20.1</ele><time>2026-04-11T05:59:23Z</time><extensions><gpxtpx:TrackPointExtension><gpxtpx:hr>98</gpxtpx:hr></gpxtpx:TrackPointExtension></extensions></trkpt><trkpt lat="60.231633" lon="24.970695"><ele>19.8</ele><time>2026-04-11T05:59:24Z</time><extensions><gpxtpx:TrackPointExtension><gpxtpx:hr>97</gpxtpx:hr></gpxtpx:TrackPointExtension></extensions></trkpt><trkpt lat="60.231643" lon="24.970713"><ele>19.2</ele><time>2026-04-11T05:59:25Z</time></trkpt><trkpt lat="60.231652" lon="24.970738"><ele>19.3</ele><time>2026-04-11T05:59:26Z</time></trkpt><trkpt lat="60.231662" lon="24.970753"><ele>19.6</ele><time>2026-04-11T05:59:27Z</time></trkpt><trkpt lat="60.231672" lon="24.970773"><ele>19.8</ele><time>2026-04-11T05:59:28Z</time></trkpt><trkpt lat="60.231677" lon="24.970772"><ele>19.2</ele><time>2026-04-11T05:59:29Z</time><extensions><gpxtpx:TrackPointExtension><gpxtpx:hr>97</gpxtpx:hr></gpxtpx:TrackPointExtension></extensions></trkpt><trkpt lat="60.231672" lon="24.97076"><ele>19.1</ele><time>2026-04-11T05:59:30Z</time></trkpt><trkpt lat="60.231685" lon="24.970777"><ele>19.3</ele><time>2026-04-11T05:59:31Z</time></trkpt><trkpt lat="60.231697" lon="24.970792"><ele>18.8</ele><time>2026-04-11T05:59:32Z</time></trkpt><trkpt lat="60.231705" lon="24.97081"><ele>18.8</ele><time>2026-04-11T05:59:33Z</time></trkpt><trkpt lat="60.231717" lon="24.970825"><ele>18.9</ele><time>2026-04-11T05:59:34Z</time></trkpt><trkpt lat="60.231727" lon="24.970843"><ele>18.9</ele><time>2026-04-11T05:59:35Z</time></trkpt><trkpt lat="60.231735" lon="24.970863"><ele>19.4</ele><time>2026-04-11T05:59:36Z</time></trkpt><trkpt lat="60.231743" lon="24.970885"><ele>18.8</ele><time>2026-04-11T05:59:37Z</time><extensions><gpxtpx:TrackPointExtension><gpxtpx:hr>99</gpxtpx:hr></gpxtpx:TrackPointExtension></extensions></trkpt><trkpt lat="60.231753" lon="24.970908"><ele>18.8</ele><time>2026-04-11T05:59:38Z</time></trkpt><trkpt lat="60.231763" lon="24.970923"><ele>19.1</ele><time>2026-04-11T05:59:39Z</time><extensions><gpxtpx:TrackPointExtension><gpxtpx:hr>99</gpxtpx:hr></gpxtpx:TrackPointExtension></extensions></trkpt><trkpt lat="60.231773" lon="24.970937"><ele>18.8</ele><time>2026-04-11T05:59:40Z</time></trkpt><trkpt lat="60.231783" lon="24.970957"><ele>18.5</ele><time>2026-04-11T05:59:41Z</time></trkpt><trkpt lat="60.231792" lon="24.970977"><ele>18.0</ele><time>2026-04-11T05:59:42Z</time></trkpt><trkpt lat="60.231802" lon="24.971"><ele>18.2</ele><time>2026-04-11T05:59:43Z</time></trkpt><trkpt lat="60.23181" lon="24.971023"><ele>18.0</ele><time>2026-04-11T05:59:44Z</time></trkpt><trkpt lat="60.23182" lon="24.971043"><ele>17.8</ele><time>2026-04-11T05:59:45Z</time></trkpt><trkpt lat="60.23183" lon="24.971063"><ele>17.7</ele><time>2026-04-11T05:59:46Z</time></trkpt><trkpt lat="60.23184" lon="24.971085"><ele>17.7</ele><time>2026-04-11T05:59:47Z</time></trkpt><trkpt lat="60.231853" lon="24.971097"><ele>17.6</ele><time>2026-04-11T05:59:48Z</time><extensions><gpxtpx:TrackPointExtension><gpxtpx:hr>100</gpxtpx:hr></gpxtpx:TrackPointExtension></extensions></trkpt><trkpt lat="60.23186" lon="24.971122"><ele>17.7</ele><time>2026-04-11T05:59:49Z</time></trkpt><trkpt lat="60.231865" lon="24.971148"><ele>18.3</ele><time>2026-04-11T05:59:50Z</time></trkpt><trkpt lat="60.231875" lon="24.971167"><ele>18.8</ele><time>2026-04-11T05:59:51Z</time></trkpt><trkpt lat="60.231885" lon="24.97119"><ele>18.4</ele><time>2026-04-11T05:59:52Z</time></trkpt><trkpt lat="60.231897" lon="24.971203"><ele>18.5</ele><time>2026-04-11T05:59:53Z</time><extensions><gpxtpx:TrackPointExtension><gpxtpx:hr>99</gpxtpx:hr></gpxtpx:TrackPointExtension></extensions></trkpt><trkpt lat="60.23191" lon="24.971217"><ele>18.5</ele><time>2026-04-11T05:59:54Z</time></trkpt><trkpt lat="60.231918" lon="24.971237"><ele>18.9</ele><time>2026-04-11T05:59:55Z</time></trkpt><trkpt lat="60.231928" lon="24.971253"><ele>19.2</ele><time>2026-04-11T05:59:56Z</time></trkpt><trkpt lat="60.231938" lon="24.971272"><ele>19.2</ele><time>2026-04-11T05:59:57Z</time><extensions><gpxtpx:TrackPointExtension><gpxtpx:hr>99</gpxtpx:hr></gpxtpx:TrackPointExtension></extensions></trkpt><trkpt lat="60.23195" lon="24.971282"><ele>18.8</ele><time>2026-04-11T05:59:58Z</time></trkpt><trkpt lat="60.231967" lon="24.971283"><ele>18.6</ele><time>2026-04-11T05:59:59Z</time><extensions><gpxtpx:TrackPointExtension><gpxtpx:hr>98</gpxtpx:hr></gpxtpx:TrackPointExtension></extensions></trkpt><trkpt lat="60.23198" lon="24.971292"><ele>17.9</ele><time>2026-04-11T06:00:00Z</time></trkpt><trkpt lat="60.231992" lon="24.971307"><ele>18.0</ele><time>2026-04-11T06:00:01Z</time></trkpt><trkpt lat="60.231993" lon="24.971328"><ele>18.1</ele><time>2026-04-11T06:00:02Z</time></trkpt><trkpt lat="60.231997" lon="24.971348"><ele>18.3</ele><time>2026-04-11T06:00:03Z</time></trkpt><trkpt lat="60.232008" lon="24.971375"><ele>18.7</ele><time>2026-04-11T06:00:04Z</time></trkpt><trkpt lat="60.232015" lon="24.971397"><ele>18.6</ele><time>2026-04-11T06:00:05Z</time></trkpt><trkpt lat="60.232023" lon="24.971422"><ele>19.2</ele><time>2026-04-11T06:00:06Z</time></trkpt><trkpt lat="60.232035" lon="24.971428"><ele>19.1</ele><time>2026-04-11T06:00:07Z</time></trkpt><trkpt lat="60.23205" lon="24.97144"><ele>19.3</ele><time>2026-04-11T06:00:08Z</time><extensions><gpxtpx:TrackPointExtension><gpxtpx:hr>100</gpxtpx:hr></gpxtpx:TrackPointExtension></extensions></trkpt><trkpt lat="60.232065" lon="24.97145"><ele>19.2</ele><time>2026-04-11T06:00:09Z</time></trkpt><trkpt lat="60.232073" lon="24.971463"><ele>19.9</ele><time>2026-04-11T06:00:10Z</time><extensions><gpxtpx:TrackPointExtension><gpxtpx:hr>99</gpxtpx:hr></gpxtpx:TrackPointExtension></extensions></trkpt><trkpt lat="60.232088" lon="24.971483"><ele>20.2</ele><time>2026-04-11T06:00:11Z</time></trkpt><trkpt lat="60.232102" lon="24.9715"><ele>20.5</ele><time>2026-04-11T06:00:12Z</time></trkpt><trkpt lat="60.232107" lon="24.97152"><ele>19.9</ele><time>2026-04-11T06:00:13Z</time></trkpt><trkpt lat="60.232115" lon="24.971533"><ele>19.3</ele><time>2026-04-11T06:00:14Z</time><extensions><gpxtpx:TrackPointExtension><gpxtpx:hr>99</gpxtpx:hr></gpxtpx:TrackPointExtension></extensions></trkpt><trkpt lat="60.232122" lon="24.971553"><ele>19.5</ele><time>2026-04-11T06:00:15Z</time></trkpt><trkpt lat="60.232133" lon="24.971573"><ele>19.2</ele><time>2026-04-11T06:00:16Z</time></trkpt><trkpt lat="60.232142" lon="24.971593"><ele>19.1</ele><time>2026-04-11T06:00:17Z</time></trkpt><trkpt lat="60.232152" lon="24.971602"><ele>19.4</ele><time>2026-04-11T06:00:18Z</time></trkpt><trkpt lat="60.23216" lon="24.971617"><ele>19.5</ele><time>2026-04-11T06:00:19Z</time></trkpt><trkpt lat="60.232168" lon="24.971632"><ele>19.4</ele><time>2026-04-11T06:00:20Z</time><extensions><gpxtpx:TrackPointExtension><gpxtpx:hr>99</gpxtpx:hr></gpxtpx:TrackPointExtension></extensions></trkpt><trkpt lat="60.23217" lon="24.971637"><ele>19.4</ele><time>2026-04-11T06:00:20Z</time></trkpt><trkpt lat="60.232183" lon="24.971645"><ele>19.8</ele><time>2026-04-11T06:00:21Z</time></trkpt><trkpt lat="60.232193" lon="24.971663"><ele>19.4</ele><time>2026-04-11T06:00:22Z</time></trkpt><trkpt lat="60.232205" lon="24.971682"><ele>19.6</ele><time>2026-04-11T06:00:23Z</time></trkpt><trkpt lat="60.232215" lon="24.971708"><ele>19.8</ele><time>2026-04-11T06:00:24Z</time><extensions><gpxtpx:TrackPointExtension><gpxtpx:hr>100</gpxtpx:hr></gpxtpx:TrackPointExtension></extensions></trkpt><trkpt lat="60.232227" lon="24.971723"><ele>19.7</ele><time>2026-04-11T06:00:25Z</time></trkpt><trkpt lat="60.232235" lon="24.971745"><ele>20.1</ele><time>2026-04-11T06:00:26Z</time></trkpt><trkpt lat="60.232243" lon="24.97176"><ele>19.0</ele><time>2026-04-11T06:00:27Z</time></trkpt><trkpt lat="60.232253" lon="24.971765"><ele>18.6</ele><time>2026-04-11T06:00:28Z</time></trkpt><trkpt lat="60.232262" lon="24.97179"><ele>18.8</ele><time>2026-04-11T06:00:29Z</time><extensions><gpxtpx:TrackPointExtension><gpxtpx:hr>99</gpxtpx:hr></gpxtpx:TrackPointExtension></extensions></trkpt><trkpt lat="60.232272" lon="24.971815"><ele>18.6</ele><time>2026-04-11T06:00:30Z</time></trkpt><trkpt lat="60.232283" lon="24.97183"><ele>17.9</ele><time>2026-04-11T06:00:31Z</time></trkpt><trkpt lat="60.23229" lon="24.971855"><ele>18.3</ele><time>2026-04-11T06:00:32Z</time></trkpt><trkpt lat="60.232298" lon="24.971865"><ele>18.1</ele><time>2026-04-11T06:00:33Z</time></trkpt><trkpt lat="60.23231" lon="24.971895"><ele>18.3</ele><time>2026-04-11T06:00:34Z</time></trkpt><trkpt lat="60.23232" lon="24.971908"><ele>18.5</ele><time>2026-04-11T06:00:35Z</time></trkpt><trkpt lat="60.232333" lon="24.971923"><ele>18.2</ele><time>2026-04-11T06:00:36Z</time><extensions><gpxtpx:TrackPointExtension><gpxtpx:hr>98</gpxtpx:hr></gpxtpx:TrackPointExtension></extensions></trkpt><trkpt lat="60.232343" lon="24.971935"><ele>18.3</ele><time>2026-04-11T06:00:37Z</time></trkpt><trkpt lat="60.232348" lon="24.971955"><ele>18.5</ele><time>2026-04-11T06:00:38Z</time></trkpt><trkpt lat="60.232358" lon="24.971982"><ele>18.4</ele><time>2026-04-11T06:00:39Z</time></trkpt><trkpt lat="60.232367" lon="24.972005"><ele>18.6</ele><time>2026-04-11T06:00:40Z</time></trkpt><trkpt lat="60.232378" lon="24.972022"><ele>18.7</ele><time>2026-04-11T06:00:41Z</time></trkpt><trkpt lat="60.232387" lon="24.972042"><ele>18.4</ele><time>2026-04-11T06:00:42Z</time></trkpt><trkpt lat="60.232402" lon="24.97206"><ele>18.3</ele><time>2026-04-11T06:00:43Z</time><extensions><gpxtpx:TrackPointExtension><gpxtpx:hr>97</gpxtpx:hr></gpxtpx:TrackPointExtension></extensions></trkpt><trkpt lat="60.232412" lon="24.972075"><ele>18.5</ele><time>2026-04-11T06:00:44Z</time></trkpt><trkpt lat="60.232422" lon="24.972092"><ele>18.7</ele><time>2026-04-11T06:00:45Z</time></trkpt><trkpt lat="60.23243" lon="24.9721"><ele>19.3</ele><time>2026-04-11T06:00:46Z</time><extensions><gpxtpx:TrackPointExtension><gpxtpx:hr>96</gpxtpx:hr></gpxtpx:TrackPointExtension></extensions></trkpt><trkpt lat="60.23244" lon="24.972117"><ele>18.9</ele><time>2026-04-11T06:00:47Z</time></trkpt><trkpt lat="60.232445" lon="24.97213"><ele>19.0</ele><time>2026-04-11T06:00:48Z</time></trkpt><trkpt lat="60.232452" lon="24.972155"><ele>19.0</ele><time>2026-04-11T06:00:49Z</time><extensions><gpxtpx:TrackPointExtension><gpxtpx:hr>98</gpxtpx:hr></gpxtpx:TrackPointExtension></extensions></trkpt><trkpt lat="60.232462" lon="24.972177"><ele>19.5</ele><time>2026-04-11T06:00:50Z</time></trkpt><trkpt lat="60.232477" lon="24.972195"><ele>19.2</ele><time>2026-04-11T06:00:51Z</time></trkpt><trkpt lat="60.232492" lon="24.972198"><ele>18.6</ele><time>2026-04-11T06:00:52Z</time></trkpt><trkpt lat="60.232505" lon="24.97221"><ele>18.4</ele><time>2026-04-11T06:00:53Z</time></trkpt><trkpt lat="60.232522" lon="24.972222"><ele>18.3</ele><time>2026-04-11T06:00:54Z</time></trkpt><trkpt lat="60.23253" lon="24.97224"><ele>19.1</ele><time>2026-04-11T06:00:55Z</time></trkpt><trkpt lat="60.23254" lon="24.972263"><ele>18.6</ele><time>2026-04-11T06:00:56Z</time></trkpt><trkpt lat="60.232547" lon="24.972282"><ele>18.2</ele><time>2026-04-11T06:00:57Z</time></trkpt><trkpt lat="60.232552" lon="24.972307"><ele>18.6</ele><time>2026-04-11T06:00:58Z</time><extensions><gpxtpx:TrackPointExtension><gpxtpx:hr>99</gpxtpx:hr></gpxtpx:TrackPointExtension></extensions></trkpt><trkpt lat="60.23256" lon="24.972322"><ele>18.5</ele><time>2026-04-11T06:00:59Z</time></trkpt><trkpt lat="60.232568" lon="24.972347"><ele>19.1</ele><time>2026-04-11T06:01:00Z</time></trkpt><trkpt lat="60.232578" lon="24.972358"><ele>19.1</ele><time>2026-04-11T06:01:01Z</time></trkpt><trkpt lat="60.232593" lon="24.972373"><ele>18.4</ele><time>2026-04-11T06:01:02Z</time></trkpt><trkpt lat="60.232605" lon="24.972388"><ele>18.2</ele><time>2026-04-11T06:01:03Z</time><extensions><gpxtpx:TrackPointExtension><gpxtpx:hr>96</gpxtpx:hr></gpxtpx:TrackPointExtension></extensions></trkpt><trkpt lat="60.232615" lon="24.9724"><ele>17.8</ele><time>2026-04-11T06:01:04Z</time></trkpt><trkpt lat="60.23262" lon="24.972418"><ele>18.7</ele><time>2026-04-11T06:01:05Z</time></trkpt><trkpt lat="60.232625" lon="24.97244"><ele>18.7</ele><time>2026-04-11T06:01:06Z</time></trkpt><trkpt lat="60.232633" lon="24.972463"><ele>18.3</ele><time>2026-04-11T06:01:07Z</time></trkpt><trkpt lat="60.232648" lon="24.972478"><ele>18.6</ele><time>2026-04-11T06:01:08Z</time><extensions><gpxtpx:TrackPointExtension><gpxtpx:hr>95</gpxtpx:hr></gpxtpx:TrackPointExtension></extensions></trkpt><trkpt lat="60.232657" lon="24.972492"><ele>18.9</ele><time>2026-04-11T06:01:09Z</time></trkpt><trkpt lat="60.232665" lon="24.972493"><ele>18.9</ele><time>2026-04-11T06:01:10Z</time></trkpt><trkpt lat="60.232673" lon="24.972518"><ele>19.3</ele><time>2026-04-11T06:01:11Z</time></trkpt><trkpt lat="60.232682" lon="24.972552"><ele>19.8</ele><time>2026-04-11T06:01:12Z</time></trkpt><trkpt lat="60.232692" lon="24.972575"><ele>19.5</ele><time>2026-04-11T06:01:13Z</time><extensions><gpxtpx:TrackPointExtension><gpxtpx:hr>99</gpxtpx:hr></gpxtpx:TrackPointExtension></extensions></trkpt><trkpt lat="60.232702" lon="24.972592"><ele>19.2</ele><time>2026-04-11T06:01:14Z</time></trkpt><trkpt lat="60.232715" lon="24.972615"><ele>19.0</ele><time>2026-04-11T06:01:15Z</time></trkpt><trkpt lat="60.232725" lon="24.972635"><ele>19.3</ele><time>2026-04-11T06:01:16Z</time></trkpt><trkpt lat="60.232733" lon="24.972658"><ele>19.6</ele><time>2026-04-11T06:01:17Z</time></trkpt><trkpt lat="60.232742" lon="24.972683"><ele>19.8</ele><time>2026-04-11T06:01:18Z</time><extensions><gpxtpx:TrackPointExtension><gpxtpx:hr>99</gpxtpx:hr></gpxtpx:TrackPointExtension></extensions></trkpt><trkpt lat="60.232747" lon="24.972707"><ele>20.2</ele><time>2026-04-11T06:01:19Z</time></trkpt><trkpt lat="60.232753" lon="24.97273"><ele>20.2</ele><time>2026-04-11T06:01:20Z</time></trkpt><trkpt lat="60.232762" lon="24.972753"><ele>19.9</ele><time>2026-04-11T06:01:21Z</time></trkpt><trkpt lat="60.232773" lon="24.97277"><ele>19.6</ele><time>2026-04-11T06:01:22Z</time><extensions><gpxtpx:TrackPointExtension><gpxtpx:hr>98</gpxtpx:hr></gpxtpx:TrackPointExtension></extensions></trkpt><trkpt lat="60.232782" lon="24.972792"><ele>19.7</ele><time>2026-04-11T06:01:23Z</time></trkpt><trkpt lat="60.232795" lon="24.97281"><ele>20.5</ele><time>2026-04-11T06:01:24Z</time><extensions><gpxtpx:TrackPointExtension><gpxtpx:hr>98</gpxtpx:hr></gpxtpx:TrackPointExtension></extensions></trkpt><trkpt lat="60.232805" lon="24.97283"><ele>20.8</ele><time>2026-04-11T06:01:24Z</time></trkpt><trkpt lat="60.232812" lon="24.972852"><ele>20.5</ele><time>2026-04-11T06:01:25Z</time></trkpt><trkpt lat="60.232823" lon="24.972865"><ele>20.3</ele><time>2026-04-11T06:01:26Z</time></trkpt><trkpt lat="60.232832" lon="24.972878"><ele>20.4</ele><time>2026-04-11T06:01:27Z</time></trkpt><trkpt lat="60.23284" lon="24.972897"><ele>20.4</ele><time>2026-04-11T06:01:28Z</time></trkpt><trkpt lat="60.232848" lon="24.972917"><ele>20.4</ele><time>2026-04-11T06:01:29Z</time><extensions><gpxtpx:TrackPointExtension><gpxtpx:hr>100</gpxtpx:hr></gpxtpx:TrackPointExtension></extensions></trkpt><trkpt lat="60.232857" lon="24.972932"><ele>20.6</ele><time>2026-04-11T06:01:30Z</time></trkpt><trkpt lat="60.232863" lon="24.972947"><ele>21.1</ele><time>2026-04-11T06:01:31Z</time></trkpt><trkpt lat="60.232873" lon="24.972967"><ele>21.2</ele><time>2026-04-11T06:01:32Z</time></trkpt><trkpt lat="60.232882" lon="24.972988"><ele>21.1</ele><time>2026-04-11T06:01:33Z</time></trkpt><trkpt lat="60.23289" lon="24.973002"><ele>21.1</ele><time>2026-04-11T06:01:34Z</time><extensions><gpxtpx:TrackPointExtension><gpxtpx:hr>101</gpxtpx:hr></gpxtpx:TrackPointExtension></extensions></trkpt><trkpt lat="60.232902" lon="24.973018"><ele>21.0</ele><time>2026-04-11T06:01:35Z</time></trkpt><trkpt lat="60.232907" lon="24.973042"><ele>20.1</ele><time>2026-04-11T06:01:36Z</time></trkpt><trkpt lat="60.232918" lon="24.973072"><ele>20.6</ele><time>2026-04-11T06:01:37Z</time></trkpt><trkpt lat="60.232937" lon="24.973083"><ele>19.9</ele><time>2026-04-11T06:01:38Z</time></trkpt><trkpt lat="60.232948" lon="24.973105"><ele>20.0</ele><time>2026-04-11T06:01:39Z</time><extensions><gpxtpx:TrackPointExtension><gpxtpx:hr>103</gpxtpx:hr></gpxtpx:TrackPointExtension></extensions></trkpt><trkpt lat="60.232957" lon="24.973132"><ele>19.7</ele><time>2026-04-11T06:01:40Z</time></trkpt><trkpt lat="60.232965" lon="24.973158"><ele>19.6</ele><time>2026-04-11T06:01:41Z</time></trkpt><trkpt lat="60.232975" lon="24.973177"><ele>19.7</ele><time>2026-04-11T06:01:42Z</time></trkpt><trkpt lat="60.232987" lon="24.973195"><ele>19.9</ele><time>2026-04-11T06:01:43Z</time></trkpt><trkpt lat="60.232997" lon="24.973215"><ele>20.4</ele><time>2026-04-11T06:01:45Z</time><extensions><gpxtpx:TrackPointExtension><gpxtpx:hr>105</gpxtpx:hr></gpxtpx:TrackPointExtension></extensions></trkpt><trkpt lat="60.233007" lon="24.97323"><ele>20.4</ele><time>2026-04-11T06:01:46Z</time></trkpt><trkpt lat="60.233022" lon="24.973242"><ele>20.0</ele><time>2026-04-11T06:01:47Z</time></trkpt><trkpt lat="60.233033" lon="24.973258"><ele>19.3</ele><time>2026-04-11T06:01:48Z</time></trkpt><trkpt lat="60.233048" lon="24.973272"><ele>19.7</ele><time>2026-04-11T06:01:49Z</time></trkpt><trkpt lat="60.233058" lon="24.973293"><ele>19.3</ele><time>2026-04-11T06:01:50Z</time></trkpt><trkpt lat="60.233072" lon="24.973305"><ele>19.4</ele><time>2026-04-11T06:01:51Z</time></trkpt><trkpt lat="60.233083" lon="24.973313"><ele>19.5</ele><time>2026-04-11T06:01:52Z</time></trkpt><trkpt lat="60.233098" lon="24.973325"><ele>19.8</ele><time>2026-04-11T06:01:53Z</time><extensions><gpxtpx:TrackPointExtension><gpxtpx:hr>103</gpxtpx:hr></gpxtpx:TrackPointExtension></extensions></trkpt><trkpt lat="60.23311" lon="24.973332"><ele>19.7</ele><time>2026-04-11T06:01:54Z</time><extensions><gpxtpx:TrackPointExtension><gpxtpx:hr>103</gpxtpx:hr></gpxtpx:TrackPointExtension></extensions></trkpt><trkpt lat="60.233122" lon="24.973342"><ele>20.1</ele><time>2026-04-11T06:01:55Z</time></trkpt><trkpt lat="60.233128" lon="24.973353"><ele>20.2</ele><time>2026-04-11T06:01:56Z</time></trkpt><trkpt lat="60.233137" lon="24.97337"><ele>20.4</ele><time>2026-04-11T06:01:57Z</time></trkpt><trkpt lat="60.233148" lon="24.973387"><ele>19.9</ele><time>2026-04-11T06:01:58Z</time></trkpt><trkpt lat="60.233163" lon="24.973405"><ele>19.4</ele><time>2026-04-11T06:01:59Z</time><extensions><gpxtpx:TrackPointExtension><gpxtpx:hr>100</gpxtpx:hr></gpxtpx:TrackPointExtension></extensions></trkpt><trkpt lat="60.233172" lon="24.97342"><ele>19.9</ele><time>2026-04-11T06:02:00Z</time></trkpt><trkpt lat="60.233178" lon="24.973442"><ele>20.5</ele><time>2026-04-11T06:02:01Z</time></trkpt><trkpt lat="60.233187" lon="24.97346"><ele>20.7</ele><time>2026-04-11T06:02:02Z</time></trkpt><trkpt lat="60.2332" lon="24.97347"><ele>20.9</ele><time>2026-04-11T06:02:03Z</time></trkpt><trkpt lat="60.23321" lon="24.973477"><ele>20.9</ele><time>2026-04-11T06:02:04Z</time></trkpt><trkpt lat="60.23322" lon="24.973495"><ele>20.4</ele><time>2026-04-11T06:02:05Z</time></trkpt><trkpt lat="60.233235" lon="24.97352"><ele>20.3</ele><time>2026-04-11T06:02:06Z</time></trkpt><trkpt lat="60.233247" lon="24.973538"><ele>20.5</ele><time>2026-04-11T06:02:07Z</time><extensions><gpxtpx:TrackPointExtension><gpxtpx:hr>100</gpxtpx:hr></gpxtpx:TrackPointExtension></extensions></trkpt><trkpt lat="60.233258" lon="24.973558"><ele>21.0</ele><time>2026-04-11T06:02:08Z</time></trkpt><trkpt lat="60.233272" lon="24.973572"><ele>21.2</ele><time>2026-04-11T06:02:09Z</time></trkpt><trkpt lat="60.23328" lon="24.97359"><ele>21.7</ele><time>2026-04-11T06:02:10Z</time><extensions><gpxtpx:TrackPointExtension><gpxtpx:hr>100</gpxtpx:hr></gpxtpx:TrackPointExtension></extensions></trkpt><trkpt lat="60.233282" lon="24.973623"><ele>20.8</ele><time>2026-04-11T06:02:11Z</time></trkpt><trkpt lat="60.233288" lon="24.97364"><ele>20.5</ele><time>2026-04-11T06:02:12Z</time></trkpt><trkpt lat="60.233307" lon="24.973648"><ele>20.0</ele><time>2026-04-11T06:02:13Z</time></trkpt><trkpt lat="60.233318" lon="24.973665"><ele>20.0</ele><time>2026-04-11T06:02:14Z</time></trkpt><trkpt lat="60.23333" lon="24.973683"><ele>20.2</ele><time>2026-04-11T06:02:15Z</time><extensions><gpxtpx:TrackPointExtension><gpxtpx:hr>99</gpxtpx:hr></gpxtpx:TrackPointExtension></extensions></trkpt><trkpt lat="60.233337" lon="24.973703"><ele>19.8</ele><time>2026-04-11T06:02:16Z</time></trkpt><trkpt lat="60.233347" lon="24.973728"><ele>19.7</ele><time>2026-04-11T06:02:17Z</time></trkpt><trkpt lat="60.233355" lon="24.973743"><ele>19.8</ele><time>2026-04-11T06:02:18Z</time></trkpt><trkpt lat="60.233372" lon="24.97375"><ele>20.3</ele><time>2026-04-11T06:02:19Z</time><extensions><gpxtpx:TrackPointExtension><gpxtpx:hr>100</gpxtpx:hr></gpxtpx:TrackPointExtension></extensions></trkpt><trkpt lat="60.233385" lon="24.973753"><ele>20.3</ele><time>2026-04-11T06:02:20Z</time></trkpt><trkpt lat="60.2334" lon="24.97376"><ele>20.5</ele><time>2026-04-11T06:02:21Z</time></trkpt><trkpt lat="60.233413" lon="24.97375"><ele>20.1</ele><time>2026-04-11T06:02:22Z</time></trkpt><trkpt lat="60.233425" lon="24.973737"><ele>20.1</ele><time>2026-04-11T06:02:23Z</time></trkpt><trkpt lat="60.233433" lon="24.973727"><ele>19.9</ele><time>2026-04-11T06:02:24Z</time></trkpt><trkpt lat="60.233445" lon="24.973723"><ele>19.4</ele><time>2026-04-11T06:02:25Z</time></trkpt><trkpt lat="60.23346" lon="24.973718"><ele>19.5</ele><time>2026-04-11T06:02:26Z</time></trkpt><trkpt lat="60.233472" lon="24.97371"><ele>19.5</ele><time>2026-04-11T06:02:27Z</time></trkpt><trkpt lat="60.233485" lon="24.9737"><ele>19.8</ele><time>2026-04-11T06:02:28Z</time><extensions><gpxtpx:TrackPointExtension><gpxtpx:hr>101</gpxtpx:hr></gpxtpx:TrackPointExtension></extensions></trkpt><trkpt lat="60.233493" lon="24.973682"><ele>19.4</ele><time>2026-04-11T06:02:29Z</time></trkpt><trkpt lat="60.233505" lon="24.97367"><ele>19.8</ele><time>2026-04-11T06:02:30Z</time></trkpt><trkpt lat="60.233518" lon="24.97366"><ele>20.1</ele><time>2026-04-11T06:02:31Z</time></trkpt><trkpt lat="60.233532" lon="24.973655"><ele>20.5</ele><time>2026-04-11T06:02:32Z</time></trkpt><trkpt lat="60.233542" lon="24.973647"><ele>20.4</ele><time>2026-04-11T06:02:33Z</time><extensions><gpxtpx:TrackPointExtension><gpxtpx:hr>101</gpxtpx:hr></gpxtpx:TrackPointExtension></extensions></trkpt><trkpt lat="60.233558" lon="24.973628"><ele>21.0</ele><time>2026-04-11T06:02:34Z</time></trkpt><trkpt lat="60.233568" lon="24.97362"><ele>21.0</ele><time>2026-04-11T06:02:35Z</time></trkpt><trkpt lat="60.23358" lon="24.973618"><ele>20.8</ele><time>2026-04-11T06:02:36Z</time></trkpt><trkpt lat="60.233592" lon="24.973607"><ele>21.0</ele><time>2026-04-11T06:02:37Z</time></trkpt><trkpt lat="60.233607" lon="24.973593"><ele>21.3</ele><time>2026-04-11T06:02:38Z</time><extensions><gpxtpx:TrackPointExtension><gpxtpx:hr>101</gpxtpx:hr></gpxtpx:TrackPointExtension></extensions></trkpt><trkpt lat="60.23362" lon="24.973592"><ele>22.2</ele><time>2026-04-11T06:02:39Z</time></trkpt><trkpt lat="60.233633" lon="24.973577"><ele>22.3</ele><time>2026-04-11T06:02:40Z</time><extensions><gpxtpx:TrackPointExtension><gpxtpx:hr>102</gpxtpx:hr></gpxtpx:TrackPointExtension></extensions></trkpt><trkpt lat="60.233645" lon="24.973557"><ele>22.1</ele><time>2026-04-11T06:02:41Z</time></trkpt><trkpt lat="60.233657" lon="24.97355"><ele>22.6</ele><time>2026-04-11T06:02:42Z</time></trkpt><trkpt lat="60.233667" lon="24.973535"><ele>23.1</ele><time>2026-04-11T06:02:43Z</time></trkpt><trkpt lat="60.233675" lon="24.973523"><ele>23.1</ele><time>2026-04-11T06:02:44Z</time></trkpt><trkpt lat="60.233683" lon="24.973512"><ele>22.8</ele><time>2026-04-11T06:02:45Z</time></trkpt><trkpt lat="60.233695" lon="24.973497"><ele>23.0</ele><time>2026-04-11T06:02:46Z</time><extensions><gpxtpx:TrackPointExtension><gpxtpx:hr>103</gpxtpx:hr></gpxtpx:TrackPointExtension></extensions></trkpt><trkpt lat="60.233707" lon="24.973488"><ele>23.6</ele><time>2026-04-11T06:02:47Z</time></trkpt><trkpt lat="60.233722" lon="24.973498"><ele>24.3</ele><time>2026-04-11T06:02:48Z</time></trkpt><trkpt lat="60.233738" lon="24.973512"><ele>24.6</ele><time>2026-04-11T06:02:49Z</time><extensions><gpxtpx:TrackPointExtension><gpxtpx:hr>104</gpxtpx:hr></gpxtpx:TrackPointExtension></extensions></trkpt><trkpt lat="60.233752" lon="24.973508"><ele>24.8</ele><time>2026-04-11T06:02:50Z</time></trkpt><trkpt lat="60.233765" lon="24.97348"><ele>24.0</ele><time>2026-04-11T06:02:51Z</time></trkpt><trkpt lat="60.233773" lon="24.973447"><ele>23.2</ele><time>2026-04-11T06:02:52Z</time></trkpt><trkpt lat="60.233785" lon="24.973433"><ele>23.3</ele><time>2026-04-11T06:02:53Z</time></trkpt><trkpt lat="60.233802" lon="24.97341"><ele>23.6</ele><time>2026-04-11T06:02:54Z</time></trkpt><trkpt lat="60.233815" lon="24.973388"><ele>23.1</ele><time>2026-04-11T06:02:55Z</time></trkpt><trkpt lat="60.23383" lon="24.973368"><ele>22.9</ele><time>2026-04-11T06:02:56Z</time></trkpt><trkpt lat="60.233842" lon="24.97335"><ele>22.8</ele><time>2026-04-11T06:02:57Z</time></trkpt><trkpt lat="60.233855" lon="24.97333"><ele>22.6</ele><time>2026-04-11T06:02:58Z</time><extensions><gpxtpx:TrackPointExtension><gpxtpx:hr>108</gpxtpx:hr></gpxtpx:TrackPointExtension></extensions></trkpt><trkpt lat="60.233868" lon="24.973312"><ele>22.5</ele><time>2026-04-11T06:02:59Z</time></trkpt><trkpt lat="60.233882" lon="24.973298"><ele>22.2</ele><time>2026-04-11T06:03:00Z</time></trkpt><trkpt lat="60.233893" lon="24.97328"><ele>22.1</ele><time>2026-04-11T06:03:01Z</time></trkpt><trkpt lat="60.233907" lon="24.973263"><ele>22.6</ele><time>2026-04-11T06:03:02Z</time></trkpt><trkpt lat="60.23392" lon="24.973252"><ele>22.4</ele><time>2026-04-11T06:03:03Z</time><extensions><gpxtpx:TrackPointExtension><gpxtpx:hr>108</gpxtpx:hr></gpxtpx:TrackPointExtension></extensions></trkpt><trkpt lat="60.233933" lon="24.97324"><ele>22.6</ele><time>2026-04-11T06:03:04Z</time></trkpt><trkpt lat="60.233947" lon="24.973223"><ele>22.7</ele><time>2026-04-11T06:03:05Z</time><extensions><gpxtpx:TrackPointExtension><gpxtpx:hr>108</gpxtpx:hr></gpxtpx:TrackPointExtension></extensions></trkpt><trkpt lat="60.233958" lon="24.973202"><ele>22.6</ele><time>2026-04-11T06:03:06Z</time></trkpt><trkpt lat="60.23397" lon="24.973185"><ele>22.9</ele><time>2026-04-11T06:03:07Z</time></trkpt><trkpt lat="60.233982" lon="24.973167"><ele>23.0</ele><time>2026-04-11T06:03:08Z</time></trkpt><trkpt lat="60.233993" lon="24.973153"><ele>23.2</ele><time>2026-04-11T06:03:09Z</time></trkpt><trkpt lat="60.234005" lon="24.973142"><ele>23.3</ele><time>2026-04-11T06:03:10Z</time><extensions><gpxtpx:TrackPointExtension><gpxtpx:hr>109</gpxtpx:hr></gpxtpx:TrackPointExtension></extensions></trkpt><trkpt lat="60.234022" lon="24.973125"><ele>23.3</ele><time>2026-04-11T06:03:11Z</time></trkpt><trkpt lat="60.234033" lon="24.973115"><ele>23.5</ele><time>2026-04-11T06:03:12Z</time></trkpt><trkpt lat="60.234047" lon="24.97311"><ele>24.2</ele><time>2026-04-11T06:03:13Z</time></trkpt><trkpt lat="60.234062" lon="24.973103"><ele>24.7</ele><time>2026-04-11T06:03:14Z</time><extensions><gpxtpx:TrackPointExtension><gpxtpx:hr>110</gpxtpx:hr></gpxtpx:TrackPointExtension></extensions></trkpt><trkpt lat="60.234078" lon="24.973095"><ele>24.7</ele><time>2026-04-11T06:03:15Z</time></trkpt><trkpt lat="60.234088" lon="24.973078"><ele>24.0</ele><time>2026-04-11T06:03:16Z</time></trkpt><trkpt lat="60.2341" lon="24.973062"><ele>24.3</ele><time>2026-04-11T06:03:17Z</time></trkpt><trkpt lat="60.23411" lon="24.973048"><ele>24.4</ele><time>2026-04-11T06:03:18Z</time></trkpt><trkpt lat="60.234123" lon="24.973033"><ele>24.8</ele><time>2026-04-11T06:03:19Z</time></trkpt><trkpt lat="60.234132" lon="24.973012"><ele>23.6</ele><time>2026-04-11T06:03:20Z</time></trkpt><trkpt lat="60.234143" lon="24.972998"><ele>24.2</ele><time>2026-04-11T06:03:21Z</time></trkpt><trkpt lat="60.234157" lon="24.97298"><ele>24.4</ele><time>2026-04-11T06:03:22Z</time></trkpt><trkpt lat="60.234172" lon="24.972965"><ele>24.8</ele><time>2026-04-11T06:03:23Z</time><extensions><gpxtpx:TrackPointExtension><gpxtpx:hr>111</gpxtpx:hr></gpxtpx:TrackPointExtension></extensions></trkpt><trkpt lat="60.234182" lon="24.972945"><ele>24.7</ele><time>2026-04-11T06:03:24Z</time></trkpt><trkpt lat="60.234197" lon="24.972923"><ele>24.9</ele><time>2026-04-11T06:03:25Z</time></trkpt><trkpt lat="60.234208" lon="24.972913"><ele>25.0</ele><time>2026-04-11T06:03:26Z</time></trkpt><trkpt lat="60.234218" lon="24.972907"><ele>24.4</ele><time>2026-04-11T06:03:27Z</time></trkpt><trkpt lat="60.234223" lon="24.972895"><ele>23.6</ele><time>2026-04-11T06:03:28Z</time><extensions><gpxtpx:TrackPointExtension><gpxtpx:hr>112</gpxtpx:hr></gpxtpx:TrackPointExtension></extensions></trkpt><trkpt lat="60.234238" lon="24.972872"><ele>24.2</ele><time>2026-04-11T06:03:28Z</time></trkpt><trkpt lat="60.234248" lon="24.972848"><ele>23.6</ele><time>2026-04-11T06:03:29Z</time></trkpt><trkpt lat="60.234263" lon="24.972843"><ele>23.5</ele><time>2026-04-11T06:03:30Z</time></trkpt><trkpt lat="60.234277" lon="24.97283"><ele>23.4</ele><time>2026-04-11T06:03:31Z</time></trkpt><trkpt lat="60.234288" lon="24.972815"><ele>23.5</ele><time>2026-04-11T06:03:32Z</time></trkpt><trkpt lat="60.2343" lon="24.972802"><ele>23.3</ele><time>2026-04-11T06:03:33Z</time><extensions><gpxtpx:TrackPointExtension><gpxtpx:hr>112</gpxtpx:hr></gpxtpx:TrackPointExtension></extensions></trkpt><trkpt lat="60.234312" lon="24.972783"><ele>23.7</ele><time>2026-04-11T06:03:34Z</time><extensions><gpxtpx:TrackPointExtension><gpxtpx:hr>111</gpxtpx:hr></gpxtpx:TrackPointExtension></extensions></trkpt><trkpt lat="60.234325" lon="24.972762"><ele>24.1</ele><time>2026-04-11T06:03:35Z</time></trkpt><trkpt lat="60.234337" lon="24.972752"><ele>23.7</ele><time>2026-04-11T06:03:36Z</time></trkpt><trkpt lat="60.234345" lon="24.972735"><ele>24.2</ele><time>2026-04-11T06:03:37Z</time></trkpt><trkpt lat="60.234355" lon="24.972712"><ele>24.3</ele><time>2026-04-11T06:03:38Z</time></trkpt><trkpt lat="60.234362" lon="24.972698"><ele>24.2</ele><time>2026-04-11T06:03:39Z</time></trkpt><trkpt lat="60.234372" lon="24.972678"><ele>24.3</ele><time>2026-04-11T06:03:40Z</time></trkpt><trkpt lat="60.234385" lon="24.97266"><ele>24.6</ele><time>2026-04-11T06:03:41Z</time></trkpt><trkpt lat="60.234393" lon="24.972643"><ele>25.0</ele><time>2026-04-11T06:03:42Z</time></trkpt><trkpt lat="60.234405" lon="24.972623"><ele>24.4</ele><time>2026-04-11T06:03:43Z</time><extensions><gpxtpx:TrackPointExtension><gpxtpx:hr>110</gpxtpx:hr></gpxtpx:TrackPointExtension></extensions></trkpt><trkpt lat="60.234418" lon="24.972618"><ele>24.7</ele><time>2026-04-11T06:03:44Z</time><extensions><gpxtpx:TrackPointExtension><gpxtpx:hr>109</gpxtpx:hr></gpxtpx:TrackPointExtension></extensions></trkpt><trkpt lat="60.234432" lon="24.972603"><ele>24.8</ele><time>2026-04-11T06:03:45Z</time></trkpt><trkpt lat="60.234445" lon="24.972593"><ele>25.0</ele><time>2026-04-11T06:03:46Z</time></trkpt><trkpt lat="60.234458" lon="24.972587"><ele>25.6</ele><time>2026-04-11T06:03:47Z</time></trkpt><trkpt lat="60.234473" lon="24.972575"><ele>26.1</ele><time>2026-04-11T06:03:48Z</time></trkpt><trkpt lat="60.234483" lon="24.972565"><ele>26.0</ele><time>2026-04-11T06:03:49Z</time></trkpt><trkpt lat="60.234495" lon="24.972557"><ele>25.6</ele><time>2026-04-11T06:03:50Z</time></trkpt><trkpt lat="60.234507" lon="24.972538"><ele>26.0</ele><time>2026-04-11T06:03:51Z</time><extensions><gpxtpx:TrackPointExtension><gpxtpx:hr>106</gpxtpx:hr></gpxtpx:TrackPointExtension></extensions></trkpt><trkpt lat="60.234515" lon="24.972522"><ele>26.1</ele><time>2026-04-11T06:03:52Z</time></trkpt><trkpt lat="60.234525" lon="24.972505"><ele>25.8</ele><time>2026-04-11T06:03:53Z</time></trkpt><trkpt lat="60.234538" lon="24.972493"><ele>25.9</ele><time>2026-04-11T06:03:54Z</time><extensions><gpxtpx:TrackPointExtension><gpxtpx:hr>106</gpxtpx:hr></gpxtpx:TrackPointExtension></extensions></trkpt><trkpt lat="60.234552" lon="24.972482"><ele>25.9</ele><time>2026-04-11T06:03:55Z</time></trkpt><trkpt lat="60.23456" lon="24.972463"><ele>25.8</ele><time>2026-04-11T06:03:56Z</time></trkpt><trkpt lat="60.234572" lon="24.972443"><ele>25.8</ele><time>2026-04-11T06:03:57Z</time></trkpt><trkpt lat="60.234583" lon="24.972433"><ele>25.9</ele><time>2026-04-11T06:03:58Z</time></trkpt><trkpt lat="60.234593" lon="24.97242"><ele>26.5</ele><time>2026-04-11T06:03:59Z</time></trkpt><trkpt lat="60.234603" lon="24.972402"><ele>26.4</ele><time>2026-04-11T06:04:00Z</time></trkpt><trkpt lat="60.234613" lon="24.972392"><ele>26.3</ele><time>2026-04-11T06:04:01Z</time></trkpt><trkpt lat="60.234625" lon="24.972375"><ele>25.9</ele><time>2026-04-11T06:04:02Z</time></trkpt><trkpt lat="60.234637" lon="24.972358"><ele>25.6</ele><time>2026-04-11T06:04:03Z</time><extensions><gpxtpx:TrackPointExtension><gpxtpx:hr>106</gpxtpx:hr></gpxtpx:TrackPointExtension></extensions></trkpt><trkpt lat="60.234647" lon="24.972343"><ele>25.2</ele><time>2026-04-11T06:04:04Z</time></trkpt><trkpt lat="60.23466" lon="24.972338"><ele>25.4</ele><time>2026-04-11T06:04:05Z</time></trkpt><trkpt lat="60.234668" lon="24.972318"><ele>24.9</ele><time>2026-04-11T06:04:06Z</time></trkpt><trkpt lat="60.234673" lon="24.972297"><ele>24.7</ele><time>2026-04-11T06:04:07Z</time></trkpt><trkpt lat="60.234682" lon="24.972277"><ele>23.8</ele><time>2026-04-11T06:04:08Z</time><extensions><gpxtpx:TrackPointExtension><gpxtpx:hr>105</gpxtpx:hr></gpxtpx:TrackPointExtension></extensions></trkpt><trkpt lat="60.234692" lon="24.972257"><ele>24.1</ele><time>2026-04-11T06:04:09Z</time><extensions><gpxtpx:TrackPointExtension><gpxtpx:hr>105</gpxtpx:hr></gpxtpx:TrackPointExtension></extensions></trkpt><trkpt lat="60.234705" lon="24.972252"><ele>24.3</ele><time>2026-04-11T06:04:10Z</time></trkpt><trkpt lat="60.234718" lon="24.972253"><ele>24.7</ele><time>2026-04-11T06:04:11Z</time></trkpt><trkpt lat="60.234733" lon="24.972242"><ele>25.2</ele><time>2026-04-11T06:04:12Z</time></trkpt><trkpt lat="60.234743" lon="24.972223"><ele>25.7</ele><time>2026-04-11T06:04:13Z</time></trkpt><trkpt lat="60.234752" lon="24.972213"><ele>25.0</ele><time>2026-04-11T06:04:14Z</time></trkpt><trkpt lat="60.234768" lon="24.972187"><ele>24.6</ele><time>2026-04-11T06:04:15Z</time></trkpt><trkpt lat="60.234777" lon="24.972165"><ele>24.9</ele><time>2026-04-11T06:04:16Z</time></trkpt><trkpt lat="60.234787" lon="24.972143"><ele>24.9</ele><time>2026-04-11T06:04:17Z</time></trkpt><trkpt lat="60.234803" lon="24.972122"><ele>26.4</ele><time>2026-04-11T06:04:18Z</time><extensions><gpxtpx:TrackPointExtension><gpxtpx:hr>101</gpxtpx:hr></gpxtpx:TrackPointExtension></extensions></trkpt><trkpt lat="60.234813" lon="24.972087"><ele>27.2</ele><time>2026-04-11T06:04:19Z</time><extensions><gpxtpx:TrackPointExtension><gpxtpx:hr>101</gpxtpx:hr></gpxtpx:TrackPointExtension></extensions></trkpt><trkpt lat="60.23483" lon="24.972077"><ele>29.0</ele><time>2026-04-11T06:04:20Z</time></trkpt><trkpt lat="60.234843" lon="24.972065"><ele>28.6</ele><time>2026-04-11T06:04:21Z</time></trkpt><trkpt lat="60.234853" lon="24.97205"><ele>28.4</ele><time>2026-04-11T06:04:22Z</time></trkpt><trkpt lat="60.234862" lon="24.97203"><ele>28.3</ele><time>2026-04-11T06:04:23Z</time></trkpt><trkpt lat="60.234872" lon="24.972017"><ele>28.5</ele><time>2026-04-11T06:04:24Z</time></trkpt><trkpt lat="60.23488" lon="24.972"><ele>28.7</ele><time>2026-04-11T06:04:25Z</time></trkpt><trkpt lat="60.234888" lon="24.971987"><ele>28.6</ele><time>2026-04-11T06:04:26Z</time></trkpt><trkpt lat="60.234898" lon="24.971982"><ele>28.6</ele><time>2026-04-11T06:04:27Z</time><extensions><gpxtpx:TrackPointExtension><gpxtpx:hr>94</gpxtpx:hr></gpxtpx:TrackPointExtension></extensions></trkpt><trkpt lat="60.234903" lon="24.971978"><ele>28.2</ele><time>2026-04-11T06:04:28Z</time></trkpt><trkpt lat="60.234912" lon="24.971963"><ele>28.1</ele><time>2026-04-11T06:04:29Z</time></trkpt><trkpt lat="60.234922" lon="24.97194"><ele>28.0</ele><time>2026-04-11T06:04:30Z</time></trkpt><trkpt lat="60.23493" lon="24.971932"><ele>28.2</ele><time>2026-04-11T06:04:31Z</time><extensions><gpxtpx:TrackPointExtension><gpxtpx:hr>94</gpxtpx:hr></gpxtpx:TrackPointExtension></extensions></trkpt><trkpt lat="60.23494" lon="24.971928"><ele>28.0</ele><time>2026-04-11T06:04:32Z</time></trkpt><trkpt lat="60.234945" lon="24.971917"><ele>27.4</ele><time>2026-04-11T06:04:33Z</time></trkpt><trkpt lat="60.234955" lon="24.97191"><ele>27.0</ele><time>2026-04-11T06:04:34Z</time></trkpt><trkpt lat="60.234965" lon="24.971903"><ele>26.8</ele><time>2026-04-11T06:04:35Z</time></trkpt><trkpt lat="60.234973" lon="24.971888"><ele>26.4</ele><time>2026-04-11T06:04:36Z</time></trkpt><trkpt lat="60.234982" lon="24.971878"><ele>26.3</ele><time>2026-04-11T06:04:37Z</time><extensions><gpxtpx:TrackPointExtension><gpxtpx:hr>93</gpxtpx:hr></gpxtpx:TrackPointExtension></extensions></trkpt><trkpt lat="60.234995" lon="24.97187"><ele>26.2</ele><time>2026-04-11T06:04:38Z</time></trkpt><trkpt lat="60.235005" lon="24.971862"><ele>26.0</ele><time>2026-04-11T06:04:39Z</time><extensions><gpxtpx:TrackPointExtension><gpxtpx:hr>92</gpxtpx:hr></gpxtpx:TrackPointExtension></extensions></trkpt><trkpt lat="60.235013" lon="24.971853"><ele>26.2</ele><time>2026-04-11T06:04:40Z</time></trkpt><trkpt lat="60.235025" lon="24.97184"><ele>26.2</ele><time>2026-04-11T06:04:41Z</time></trkpt><trkpt lat="60.235037" lon="24.971827"><ele>26.1</ele><time>2026-04-11T06:04:42Z</time></trkpt><trkpt lat="60.235047" lon="24.971817"><ele>26.1</ele><time>2026-04-11T06:04:43Z</time></trkpt><trkpt lat="60.235058" lon="24.97181"><ele>26.0</ele><time>2026-04-11T06:04:44Z</time></trkpt><trkpt lat="60.235072" lon="24.971793"><ele>26.0</ele><time>2026-04-11T06:04:45Z</time></trkpt><trkpt lat="60.23508" lon="24.971788"><ele>25.8</ele><time>2026-04-11T06:04:46Z</time></trkpt><trkpt lat="60.235092" lon="24.971778"><ele>25.7</ele><time>2026-04-11T06:04:47Z</time></trkpt><trkpt lat="60.235103" lon="24.97177"><ele>25.9</ele><time>2026-04-11T06:04:48Z</time><extensions><gpxtpx:TrackPointExtension><gpxtpx:hr>91</gpxtpx:hr></gpxtpx:TrackPointExtension></extensions></trkpt><trkpt lat="60.235115" lon="24.97176"><ele>26.2</ele><time>2026-04-11T06:04:49Z</time><extensions><gpxtpx:TrackPointExtension><gpxtpx:hr>91</gpxtpx:hr></gpxtpx:TrackPointExtension></extensions></trkpt><trkpt lat="60.235128" lon="24.971757"><ele>26.3</ele><time>2026-04-11T06:04:50Z</time></trkpt><trkpt lat="60.235135" lon="24.971745"><ele>26.1</ele><time>2026-04-11T06:04:51Z</time></trkpt><trkpt lat="60.235145" lon="24.971738"><ele>25.8</ele><time>2026-04-11T06:04:52Z</time></trkpt><trkpt lat="60.235157" lon="24.971732"><ele>25.9</ele><time>2026-04-11T06:04:54Z</time></trkpt><trkpt lat="60.235165" lon="24.971727"><ele>25.5</ele><time>2026-04-11T06:04:55Z</time></trkpt><trkpt lat="60.235173" lon="24.971722"><ele>25.2</ele><time>2026-04-11T06:04:56Z</time></trkpt><trkpt lat="60.235185" lon="24.971717"><ele>25.2</ele><time>2026-04-11T06:04:57Z</time></trkpt><trkpt lat="60.235197" lon="24.971705"><ele>25.2</ele><time>2026-04-11T06:04:58Z</time><extensions><gpxtpx:TrackPointExtension><gpxtpx:hr>91</gpxtpx:hr></gpxtpx:TrackPointExtension></extensions></trkpt><trkpt lat="60.23521" lon="24.971692"><ele>25.9</ele><time>2026-04-11T06:04:59Z</time></trkpt><trkpt lat="60.235222" lon="24.971678"><ele>25.9</ele><time>2026-04-11T06:05:00Z</time></trkpt><trkpt lat="60.235235" lon="24.971668"><ele>25.7</ele><time>2026-04-11T06:05:01Z</time><extensions><gpxtpx:TrackPointExtension><gpxtpx:hr>91</gpxtpx:hr></gpxtpx:TrackPointExtension></extensions></trkpt><trkpt lat="60.235247" lon="24.971657"><ele>25.8</ele><time>2026-04-11T06:05:02Z</time></trkpt><trkpt lat="60.235255" lon="24.971652"><ele>25.7</ele><time>2026-04-11T06:05:03Z</time></trkpt><trkpt lat="60.235263" lon="24.971648"><ele>25.6</ele><time>2026-04-11T06:05:03Z</time></trkpt><trkpt lat="60.235277" lon="24.971645"><ele>25.7</ele><time>2026-04-11T06:05:04Z</time></trkpt><trkpt lat="60.235285" lon="24.971642"><ele>25.2</ele><time>2026-04-11T06:05:05Z</time></trkpt><trkpt lat="60.235298" lon="24.971635"><ele>25.1</ele><time>2026-04-11T06:05:06Z</time></trkpt><trkpt lat="60.23531" lon="24.971623"><ele>25.4</ele><time>2026-04-11T06:05:07Z</time><extensions><gpxtpx:TrackPointExtension><gpxtpx:hr>94</gpxtpx:hr></gpxtpx:TrackPointExtension></extensions></trkpt><trkpt lat="60.23532" lon="24.971613"><ele>24.9</ele><time>2026-04-11T06:05:08Z</time></trkpt><trkpt lat="60.235328" lon="24.971605"><ele>25.3</ele><time>2026-04-11T06:05:09Z</time></trkpt><trkpt lat="60.23534" lon="24.971602"><ele>24.4</ele><time>2026-04-11T06:05:10Z</time></trkpt><trkpt lat="60.235358" lon="24.971605"><ele>23.7</ele><time>2026-04-11T06:05:11Z</time><extensions><gpxtpx:TrackPointExtension><gpxtpx:hr>92</gpxtpx:hr></gpxtpx:TrackPointExtension></extensions></trkpt><trkpt lat="60.235368" lon="24.971613"><ele>23.9</ele><time>2026-04-11T06:05:12Z</time></trkpt><trkpt lat="60.235378" lon="24.971592"><ele>23.5</ele><time>2026-04-11T06:05:13Z</time></trkpt><trkpt lat="60.235385" lon="24.97158"><ele>23.1</ele><time>2026-04-11T06:05:14Z</time><extensions><gpxtpx:TrackPointExtension><gpxtpx:hr>89</gpxtpx:hr></gpxtpx:TrackPointExtension></extensions></trkpt><trkpt lat="60.235402" lon="24.971573"><ele>22.6</ele><time>2026-04-11T06:05:15Z</time></trkpt><trkpt lat="60.23541" lon="24.971567"><ele>22.9</ele><time>2026-04-11T06:05:16Z</time></trkpt><trkpt lat="60.235423" lon="24.971542"><ele>22.5</ele><time>2026-04-11T06:05:17Z</time></trkpt><trkpt lat="60.235435" lon="24.971537"><ele>22.4</ele><time>2026-04-11T06:05:18Z</time></trkpt><trkpt lat="60.235445" lon="24.97154"><ele>23.0</ele><time>2026-04-11T06:05:19Z</time><extensions><gpxtpx:TrackPointExtension><gpxtpx:hr>92</gpxtpx:hr></gpxtpx:TrackPointExtension></extensions></trkpt><trkpt lat="60.235458" lon="24.971538"><ele>23.1</ele><time>2026-04-11T06:05:20Z</time></trkpt><trkpt lat="60.235472" lon="24.971535"><ele>23.1</ele><time>2026-04-11T06:05:21Z</time></trkpt><trkpt lat="60.235483" lon="24.97153"><ele>23.1</ele><time>2026-04-11T06:05:22Z</time></trkpt><trkpt lat="60.235498" lon="24.971517"><ele>22.4</ele><time>2026-04-11T06:05:23Z</time></trkpt><trkpt lat="60.235512" lon="24.9715"><ele>22.5</ele><time>2026-04-11T06:05:24Z</time></trkpt><trkpt lat="60.23552" lon="24.97149"><ele>22.1</ele><time>2026-04-11T06:05:25Z</time></trkpt><trkpt lat="60.235532" lon="24.97148"><ele>22.1</ele><time>2026-04-11T06:05:26Z</time><extensions><gpxtpx:TrackPointExtension><gpxtpx:hr>91</gpxtpx:hr></gpxtpx:TrackPointExtension></extensions></trkpt><trkpt lat="60.235548" lon="24.971465"><ele>22.8</ele><time>2026-04-11T06:05:27Z</time></trkpt><trkpt lat="60.235562" lon="24.971453"><ele>23.0</ele><time>2026-04-11T06:05:28Z</time></trkpt><trkpt lat="60.235575" lon="24.971438"><ele>23.0</ele><time>2026-04-11T06:05:29Z</time></trkpt><trkpt lat="60.235583" lon="24.971415"><ele>22.9</ele><time>2026-04-11T06:05:30Z</time><extensions><gpxtpx:TrackPointExtension><gpxtpx:hr>92</gpxtpx:hr></gpxtpx:TrackPointExtension></extensions></trkpt><trkpt lat="60.23559" lon="24.971387"><ele>23.1</ele><time>2026-04-11T06:05:31Z</time></trkpt><trkpt lat="60.235592" lon="24.971352"><ele>23.2</ele><time>2026-04-11T06:05:32Z</time></trkpt><trkpt lat="60.23559" lon="24.971322"><ele>23.3</ele><time>2026-04-11T06:05:33Z</time></trkpt><trkpt lat="60.235587" lon="24.971295"><ele>23.4</ele><time>2026-04-11T06:05:34Z</time><extensions><gpxtpx:TrackPointExtension><gpxtpx:hr>93</gpxtpx:hr></gpxtpx:TrackPointExtension></extensions></trkpt><trkpt lat="60.235583" lon="24.971268"><ele>23.2</ele><time>2026-04-11T06:05:35Z</time></trkpt><trkpt lat="60.235577" lon="24.971247"><ele>23.8</ele><time>2026-04-11T06:05:36Z</time></trkpt><trkpt lat="60.235565" lon="24.971225"><ele>23.5</ele><time>2026-04-11T06:05:37Z</time></trkpt><trkpt lat="60.235555" lon="24.971207"><ele>23.0</ele><time>2026-04-11T06:05:38Z</time></trkpt><trkpt lat="60.235547" lon="24.971187"><ele>23.1</ele><time>2026-04-11T06:05:39Z</time><extensions><gpxtpx:TrackPointExtension><gpxtpx:hr>91</gpxtpx:hr></gpxtpx:TrackPointExtension></extensions></trkpt><trkpt lat="60.23554" lon="24.971163"><ele>23.4</ele><time>2026-04-11T06:05:40Z</time></trkpt><trkpt lat="60.235532" lon="24.97114"><ele>23.8</ele><time>2026-04-11T06:05:41Z</time></trkpt><trkpt lat="60.235523" lon="24.971122"><ele>23.1</ele><time>2026-04-11T06:05:42Z</time></trkpt><trkpt lat="60.235513" lon="24.971103"><ele>23.3</ele><time>2026-04-11T06:05:43Z</time></trkpt><trkpt lat="60.235503" lon="24.971083"><ele>23.1</ele><time>2026-04-11T06:05:44Z</time></trkpt><trkpt lat="60.235498" lon="24.971057"><ele>23.6</ele><time>2026-04-11T06:05:45Z</time></trkpt><trkpt lat="60.235493" lon="24.971033"><ele>23.8</ele><time>2026-04-11T06:05:46Z</time></trkpt><trkpt lat="60.235485" lon="24.971018"><ele>22.9</ele><time>2026-04-11T06:05:47Z</time><extensions><gpxtpx:TrackPointExtension><gpxtpx:hr>92</gpxtpx:hr></gpxtpx:TrackPointExtension></extensions></trkpt><trkpt lat="60.235478" lon="24.970995"><ele>23.3</ele><time>2026-04-11T06:05:48Z</time></trkpt><trkpt lat="60.235468" lon="24.970973"><ele>23.9</ele><time>2026-04-11T06:05:49Z</time></trkpt><trkpt lat="60.23546" lon="24.970952"><ele>23.8</ele><time>2026-04-11T06:05:50Z</time></trkpt><trkpt lat="60.235452" lon="24.970928"><ele>23.2</ele><time>2026-04-11T06:05:51Z</time><extensions><gpxtpx:TrackPointExtension><gpxtpx:hr>93</gpxtpx:hr></gpxtpx:TrackPointExtension></extensions></trkpt><trkpt lat="60.235445" lon="24.97091"><ele>23.2</ele><time>2026-04-11T06:05:52Z</time></trkpt><trkpt lat="60.235437" lon="24.970892"><ele>23.3</ele><time>2026-04-11T06:05:53Z</time></trkpt><trkpt lat="60.23543" lon="24.970868"><ele>23.0</ele><time>2026-04-11T06:05:54Z</time><extensions><gpxtpx:TrackPointExtension><gpxtpx:hr>95</gpxtpx:hr></gpxtpx:TrackPointExtension></extensions></trkpt><trkpt lat="60.235418" lon="24.970847"><ele>22.9</ele><time>2026-04-11T06:05:55Z</time></trkpt><trkpt lat="60.23541" lon="24.970823"><ele>23.2</ele><time>2026-04-11T06:05:56Z</time></trkpt><trkpt lat="60.235405" lon="24.970795"><ele>23.6</ele><time>2026-04-11T06:05:57Z</time></trkpt><trkpt lat="60.2354" lon="24.97077"><ele>24.0</ele><time>2026-04-11T06:05:58Z</time></trkpt><trkpt lat="60.235392" lon="24.970752"><ele>24.4</ele><time>2026-04-11T06:05:59Z</time></trkpt><trkpt lat="60.235383" lon="24.970732"><ele>24.2</ele><time>2026-04-11T06:06:00Z</time></trkpt><trkpt lat="60.235377" lon="24.97071"><ele>24.1</ele><time>2026-04-11T06:06:01Z</time></trkpt><trkpt lat="60.235368" lon="24.970688"><ele>24.0</ele><time>2026-04-11T06:06:02Z</time></trkpt><trkpt lat="60.23536" lon="24.970667"><ele>24.4</ele><time>2026-04-11T06:06:03Z</time><extensions><gpxtpx:TrackPointExtension><gpxtpx:hr>97</gpxtpx:hr></gpxtpx:TrackPointExtension></extensions></trkpt><trkpt lat="60.235352" lon="24.970645"><ele>24.4</ele><time>2026-04-11T06:06:04Z</time></trkpt><trkpt lat="60.235347" lon="24.97062"><ele>24.7</ele><time>2026-04-11T06:06:05Z</time></trkpt><trkpt lat="60.235332" lon="24.970605"><ele>23.5</ele><time>2026-04-11T06:06:06Z</time></trkpt><trkpt lat="60.235323" lon="24.970587"><ele>23.7</ele><time>2026-04-11T06:06:07Z</time></trkpt><trkpt lat="60.235313" lon="24.97056"><ele>23.5</ele><time>2026-04-11T06:06:08Z</time><extensions><gpxtpx:TrackPointExtension><gpxtpx:hr>101</gpxtpx:hr></gpxtpx:TrackPointExtension></extensions></trkpt><trkpt lat="60.235303" lon="24.970537"><ele>23.6</ele><time>2026-04-11T06:06:09Z</time><extensions><gpxtpx:TrackPointExtension><gpxtpx:hr>102</gpxtpx:hr></gpxtpx:TrackPointExtension></extensions></trkpt><trkpt lat="60.235293" lon="24.970513"><ele>23.6</ele><time>2026-04-11T06:06:10Z</time></trkpt><trkpt lat="60.235283" lon="24.970493"><ele>23.6</ele><time>2026-04-11T06:06:11Z</time></trkpt><trkpt lat="60.235275" lon="24.970468"><ele>23.7</ele><time>2026-04-11T06:06:12Z</time></trkpt><trkpt lat="60.235267" lon="24.970442"><ele>23.4</ele><time>2026-04-11T06:06:13Z</time></trkpt><trkpt lat="60.235258" lon="24.970423"><ele>23.4</ele><time>2026-04-11T06:06:14Z</time></trkpt><trkpt lat="60.23525" lon="24.970402"><ele>23.5</ele><time>2026-04-11T06:06:15Z</time></trkpt><trkpt lat="60.23524" lon="24.970378"><ele>22.9</ele><time>2026-04-11T06:06:16Z</time></trkpt><trkpt lat="60.235233" lon="24.970358"><ele>23.9</ele><time>2026-04-11T06:06:17Z</time></trkpt><trkpt lat="60.235223" lon="24.970335"><ele>23.6</ele><time>2026-04-11T06:06:18Z</time><extensions><gpxtpx:TrackPointExtension><gpxtpx:hr>100</gpxtpx:hr></gpxtpx:TrackPointExtension></extensions></trkpt><trkpt lat="60.235218" lon="24.970312"><ele>24.0</ele><time>2026-04-11T06:06:19Z</time></trkpt><trkpt lat="60.23521" lon="24.970292"><ele>24.2</ele><time>2026-04-11T06:06:20Z</time></trkpt><trkpt lat="60.235198" lon="24.970273"><ele>23.6</ele><time>2026-04-11T06:06:21Z</time></trkpt><trkpt lat="60.235192" lon="24.970248"><ele>23.9</ele><time>2026-04-11T06:06:22Z</time></trkpt><trkpt lat="60.235182" lon="24.970222"><ele>24.2</ele><time>2026-04-11T06:06:23Z</time><extensions><gpxtpx:TrackPointExtension><gpxtpx:hr>100</gpxtpx:hr></gpxtpx:TrackPointExtension></extensions></trkpt><trkpt lat="60.235177" lon="24.970202"><ele>24.4</ele><time>2026-04-11T06:06:24Z</time></trkpt><trkpt lat="60.23517" lon="24.970177"><ele>24.4</ele><time>2026-04-11T06:06:25Z</time></trkpt><trkpt lat="60.235167" lon="24.970147"><ele>24.1</ele><time>2026-04-11T06:06:26Z</time></trkpt><trkpt lat="60.23516" lon="24.970122"><ele>23.5</ele><time>2026-04-11T06:06:27Z</time><extensions><gpxtpx:TrackPointExtension><gpxtpx:hr>99</gpxtpx:hr></gpxtpx:TrackPointExtension></extensions></trkpt><trkpt lat="60.235152" lon="24.970102"><ele>23.5</ele><time>2026-04-11T06:06:28Z</time></trkpt><trkpt lat="60.235147" lon="24.97008"><ele>23.7</ele><time>2026-04-11T06:06:29Z</time></trkpt><trkpt lat="60.235147" lon="24.970053"><ele>24.5</ele><time>2026-04-11T06:06:30Z</time></trkpt><trkpt lat="60.23514" lon="24.970035"><ele>25.2</ele><time>2026-04-11T06:06:31Z</time></trkpt><trkpt lat="60.23513" lon="24.970025"><ele>25.4</ele><time>2026-04-11T06:06:32Z</time><extensions><gpxtpx:TrackPointExtension><gpxtpx:hr>100</gpxtpx:hr></gpxtpx:TrackPointExtension></extensions></trkpt><trkpt lat="60.235123" lon="24.970007"><ele>25.6</ele><time>2026-04-11T06:06:33Z</time></trkpt><trkpt lat="60.235113" lon="24.96999"><ele>25.3</ele><time>2026-04-11T06:06:34Z</time></trkpt><trkpt lat="60.235105" lon="24.969965"><ele>26.2</ele><time>2026-04-11T06:06:35Z</time></trkpt><trkpt lat="60.235097" lon="24.969935"><ele>26.8</ele><time>2026-04-11T06:06:36Z</time></trkpt><trkpt lat="60.235088" lon="24.969917"><ele>27.0</ele><time>2026-04-11T06:06:37Z</time></trkpt><trkpt lat="60.235078" lon="24.969898"><ele>26.6</ele><time>2026-04-11T06:06:38Z</time><extensions><gpxtpx:TrackPointExtension><gpxtpx:hr>99</gpxtpx:hr></gpxtpx:TrackPointExtension></extensions></trkpt><trkpt lat="60.235073" lon="24.969875"><ele>28.5</ele><time>2026-04-11T06:06:39Z</time><extensions><gpxtpx:TrackPointExtension><gpxtpx:hr>99</gpxtpx:hr></gpxtpx:TrackPointExtension></extensions></trkpt><trkpt lat="60.235063" lon="24.969848"><ele>27.1</ele><time>2026-04-11T06:06:40Z</time></trkpt><trkpt lat="60.235057" lon="24.969825"><ele>27.9</ele><time>2026-04-11T06:06:41Z</time></trkpt><trkpt lat="60.235048" lon="24.969802"><ele>28.4</ele><time>2026-04-11T06:06:42Z</time></trkpt><trkpt lat="60.235042" lon="24.969775"><ele>29.3</ele><time>2026-04-11T06:06:43Z</time></trkpt><trkpt lat="60.235037" lon="24.96975"><ele>29.4</ele><time>2026-04-11T06:06:44Z</time></trkpt><trkpt lat="60.235023" lon="24.969745"><ele>29.3</ele><time>2026-04-11T06:06:45Z</time><extensions><gpxtpx:TrackPointExtension><gpxtpx:hr>101</gpxtpx:hr></gpxtpx:TrackPointExtension></extensions></trkpt><trkpt lat="60.23501" lon="24.96973"><ele>29.1</ele><time>2026-04-11T06:06:46Z</time></trkpt><trkpt lat="60.235005" lon="24.96971"><ele>29.3</ele><time>2026-04-11T06:06:47Z</time></trkpt><trkpt lat="60.234992" lon="24.969688"><ele>29.6</ele><time>2026-04-11T06:06:48Z</time></trkpt><trkpt lat="60.234983" lon="24.96967"><ele>30.0</ele><time>2026-04-11T06:06:49Z</time></trkpt><trkpt lat="60.234975" lon="24.96964"><ele>30.3</ele><time>2026-04-11T06:06:50Z</time></trkpt><trkpt lat="60.234968" lon="24.96962"><ele>30.2</ele><time>2026-04-11T06:06:51Z</time></trkpt><trkpt lat="60.234963" lon="24.969597"><ele>30.1</ele><time>2026-04-11T06:06:52Z</time></trkpt><trkpt lat="60.234958" lon="24.969572"><ele>30.6</ele><time>2026-04-11T06:06:53Z</time><extensions><gpxtpx:TrackPointExtension><gpxtpx:hr>102</gpxtpx:hr></gpxtpx:TrackPointExtension></extensions></trkpt><trkpt lat="60.234953" lon="24.969548"><ele>30.9</ele><time>2026-04-11T06:06:54Z</time><extensions><gpxtpx:TrackPointExtension><gpxtpx:hr>103</gpxtpx:hr></gpxtpx:TrackPointExtension></extensions></trkpt><trkpt lat="60.234945" lon="24.969525"><ele>31.0</ele><time>2026-04-11T06:06:55Z</time></trkpt><trkpt lat="60.23494" lon="24.969502"><ele>31.3</ele><time>2026-04-11T06:06:56Z</time></trkpt><trkpt lat="60.234935" lon="24.969488"><ele>31.7</ele><time>2026-04-11T06:06:57Z</time></trkpt><trkpt lat="60.234927" lon="24.969467"><ele>31.2</ele><time>2026-04-11T06:06:58Z</time></trkpt><trkpt lat="60.23492" lon="24.96944"><ele>30.9</ele><time>2026-04-11T06:07:00Z</time><extensions><gpxtpx:TrackPointExtension><gpxtpx:hr>104</gpxtpx:hr></gpxtpx:TrackPointExtension></extensions></trkpt><trkpt lat="60.234912" lon="24.969413"><ele>31.0</ele><time>2026-04-11T06:07:01Z</time></trkpt><trkpt lat="60.234902" lon="24.969392"><ele>30.5</ele><time>2026-04-11T06:07:02Z</time></trkpt><trkpt lat="60.234893" lon="24.96937"><ele>30.0</ele><time>2026-04-11T06:07:03Z</time></trkpt><trkpt lat="60.234883" lon="24.969352"><ele>29.4</ele><time>2026-04-11T06:07:04Z</time></trkpt><trkpt lat="60.23487" lon="24.969325"><ele>29.6</ele><time>2026-04-11T06:07:05Z</time><extensions><gpxtpx:TrackPointExtension><gpxtpx:hr>104</gpxtpx:hr></gpxtpx:TrackPointExtension></extensions></trkpt><trkpt lat="60.23486" lon="24.969297"><ele>29.5</ele><time>2026-04-11T06:07:06Z</time></trkpt><trkpt lat="60.234853" lon="24.96927"><ele>29.1</ele><time>2026-04-11T06:07:07Z</time></trkpt><trkpt lat="60.23485" lon="24.969247"><ele>29.1</ele><time>2026-04-11T06:07:08Z</time></trkpt><trkpt lat="60.234845" lon="24.969227"><ele>29.4</ele><time>2026-04-11T06:07:09Z</time></trkpt><trkpt lat="60.234835" lon="24.969205"><ele>29.4</ele><time>2026-04-11T06:07:10Z</time></trkpt><trkpt lat="60.234823" lon="24.96918"><ele>29.2</ele><time>2026-04-11T06:07:11Z</time></trkpt><trkpt lat="60.234812" lon="24.969162"><ele>28.9</ele><time>2026-04-11T06:07:12Z</time></trkpt><trkpt lat="60.234805" lon="24.96914"><ele>28.6</ele><time>2026-04-11T06:07:13Z</time><extensions><gpxtpx:TrackPointExtension><gpxtpx:hr>104</gpxtpx:hr></gpxtpx:TrackPointExtension></extensions></trkpt><trkpt lat="60.234803" lon="24.969112"><ele>29.0</ele><time>2026-04-11T06:07:14Z</time></trkpt><trkpt lat="60.23479" lon="24.969097"><ele>29.2</ele><time>2026-04-11T06:07:15Z</time></trkpt><trkpt lat="60.234783" lon="24.969072"><ele>29.4</ele><time>2026-04-11T06:07:16Z</time></trkpt><trkpt lat="60.234773" lon="24.969045"><ele>29.6</ele><time>2026-04-11T06:07:17Z</time></trkpt><trkpt lat="60.234767" lon="24.96902"><ele>29.5</ele><time>2026-04-11T06:07:18Z</time><extensions><gpxtpx:TrackPointExtension><gpxtpx:hr>103</gpxtpx:hr></gpxtpx:TrackPointExtension></extensions></trkpt><trkpt lat="60.234758" lon="24.968998"><ele>29.5</ele><time>2026-04-11T06:07:19Z</time></trkpt><trkpt lat="60.23475" lon="24.968973"><ele>29.3</ele><time>2026-04-11T06:07:20Z</time></trkpt><trkpt lat="60.23474" lon="24.968957"><ele>28.8</ele><time>2026-04-11T06:07:21Z</time></trkpt><trkpt lat="60.23473" lon="24.968933"><ele>28.7</ele><time>2026-04-11T06:07:22Z</time></trkpt><trkpt lat="60.23472" lon="24.968903"><ele>28.7</ele><time>2026-04-11T06:07:23Z</time><extensions><gpxtpx:TrackPointExtension><gpxtpx:hr>103</gpxtpx:hr></gpxtpx:TrackPointExtension></extensions></trkpt><trkpt lat="60.234713" lon="24.968878"><ele>28.7</ele><time>2026-04-11T06:07:24Z</time><extensions><gpxtpx:TrackPointExtension><gpxtpx:hr>103</gpxtpx:hr></gpxtpx:TrackPointExtension></extensions></trkpt><trkpt lat="60.234707" lon="24.96886"><ele>28.8</ele><time>2026-04-11T06:07:25Z</time></trkpt><trkpt lat="60.234702" lon="24.968837"><ele>28.9</ele><time>2026-04-11T06:07:26Z</time></trkpt><trkpt lat="60.234695" lon="24.968815"><ele>28.9</ele><time>2026-04-11T06:07:27Z</time></trkpt><trkpt lat="60.234692" lon="24.968783"><ele>29.8</ele><time>2026-04-11T06:07:28Z</time></trkpt><trkpt lat="60.234682" lon="24.968757"><ele>29.3</ele><time>2026-04-11T06:07:29Z</time><extensions><gpxtpx:TrackPointExtension><gpxtpx:hr>101</gpxtpx:hr></gpxtpx:TrackPointExtension></extensions></trkpt><trkpt lat="60.23467" lon="24.968733"><ele>29.5</ele><time>2026-04-11T06:07:30Z</time></trkpt><trkpt lat="60.234662" lon="24.968712"><ele>29.6</ele><time>2026-04-11T06:07:31Z</time></trkpt><trkpt lat="60.234652" lon="24.968697"><ele>29.9</ele><time>2026-04-11T06:07:32Z</time></trkpt><trkpt lat="60.234642" lon="24.96868"><ele>29.0</ele><time>2026-04-11T06:07:33Z</time></trkpt><trkpt lat="60.234637" lon="24.968662"><ele>29.8</ele><time>2026-04-11T06:07:34Z</time></trkpt><trkpt lat="60.23463" lon="24.968647"><ele>29.7</ele><time>2026-04-11T06:07:35Z</time></trkpt><trkpt lat="60.234618" lon="24.968627"><ele>29.9</ele><time>2026-04-11T06:07:36Z</time></trkpt><trkpt lat="60.234608" lon="24.968598"><ele>30.5</ele><time>2026-04-11T06:07:37Z</time><extensions><gpxtpx:TrackPointExtension><gpxtpx:hr>101</gpxtpx:hr></gpxtpx:TrackPointExtension></extensions></trkpt><trkpt lat="60.234602" lon="24.968575"><ele>30.8</ele><time>2026-04-11T06:07:38Z</time></trkpt><trkpt lat="60.234595" lon="24.968552"><ele>30.9</ele><time>2026-04-11T06:07:39Z</time><extensions><gpxtpx:TrackPointExtension><gpxtpx:hr>102</gpxtpx:hr></gpxtpx:TrackPointExtension></extensions></trkpt><trkpt lat="60.234587" lon="24.968535"><ele>30.8</ele><time>2026-04-11T06:07:40Z</time></trkpt><trkpt lat="60.234582" lon="24.968522"><ele>30.7</ele><time>2026-04-11T06:07:41Z</time></trkpt><trkpt lat="60.234572" lon="24.968503"><ele>30.5</ele><time>2026-04-11T06:07:42Z</time></trkpt><trkpt lat="60.234563" lon="24.968477"><ele>31.4</ele><time>2026-04-11T06:07:43Z</time></trkpt><trkpt lat="60.234555" lon="24.968453"><ele>31.6</ele><time>2026-04-11T06:07:44Z</time><extensions><gpxtpx:TrackPointExtension><gpxtpx:hr>102</gpxtpx:hr></gpxtpx:TrackPointExtension></extensions></trkpt><trkpt lat="60.234548" lon="24.968428"><ele>31.3</ele><time>2026-04-11T06:07:45Z</time></trkpt><trkpt lat="60.234542" lon="24.968408"><ele>31.0</ele><time>2026-04-11T06:07:46Z</time></trkpt><trkpt lat="60.234533" lon="24.968388"><ele>30.4</ele><time>2026-04-11T06:07:47Z</time></trkpt><trkpt lat="60.234523" lon="24.968367"><ele>30.5</ele><time>2026-04-11T06:07:48Z</time></trkpt><trkpt lat="60.234513" lon="24.968345"><ele>30.7</ele><time>2026-04-11T06:07:49Z</time><extensions><gpxtpx:TrackPointExtension><gpxtpx:hr>102</gpxtpx:hr></gpxtpx:TrackPointExtension></extensions></trkpt><trkpt lat="60.234502" lon="24.968315"><ele>30.5</ele><time>2026-04-11T06:07:50Z</time></trkpt><trkpt lat="60.234502" lon="24.968313"><ele>30.5</ele><time>2026-04-11T06:07:50Z</time></trkpt><trkpt lat="60.234492" lon="24.968295"><ele>29.8</ele><time>2026-04-11T06:07:51Z</time></trkpt><trkpt lat="60.234485" lon="24.968267"><ele>29.8</ele><time>2026-04-11T06:07:52Z</time></trkpt><trkpt lat="60.234478" lon="24.968245"><ele>30.0</ele><time>2026-04-11T06:07:53Z</time></trkpt><trkpt lat="60.234472" lon="24.968222"><ele>30.2</ele><time>2026-04-11T06:07:54Z</time><extensions><gpxtpx:TrackPointExtension><gpxtpx:hr>103</gpxtpx:hr></gpxtpx:TrackPointExtension></extensions></trkpt><trkpt lat="60.234468" lon="24.968192"><ele>31.0</ele><time>2026-04-11T06:07:55Z</time></trkpt><trkpt lat="60.234462" lon="24.96817"><ele>30.8</ele><time>2026-04-11T06:07:56Z</time></trkpt><trkpt lat="60.234452" lon="24.968153"><ele>31.0</ele><time>2026-04-11T06:07:57Z</time></trkpt><trkpt lat="60.234442" lon="24.96813"><ele>31.8</ele><time>2026-04-11T06:07:58Z</time></trkpt><trkpt lat="60.234438" lon="24.9681"><ele>31.7</ele><time>2026-04-11T06:07:59Z</time></trkpt><trkpt lat="60.23443" lon="24.968075"><ele>31.7</ele><time>2026-04-11T06:08:00Z</time></trkpt><trkpt lat="60.234422" lon="24.968057"><ele>31.7</ele><time>2026-04-11T06:08:01Z</time></trkpt><trkpt lat="60.234413" lon="24.968028"><ele>31.8</ele><time>2026-04-11T06:08:02Z</time></trkpt><trkpt lat="60.234407" lon="24.968005"><ele>32.4</ele><time>2026-04-11T06:08:03Z</time><extensions><gpxtpx:TrackPointExtension><gpxtpx:hr>101</gpxtpx:hr></gpxtpx:TrackPointExtension></extensions></trkpt><trkpt lat="60.234398" lon="24.96798"><ele>32.2</ele><time>2026-04-11T06:08:04Z</time></trkpt><trkpt lat="60.234392" lon="24.967957"><ele>32.9</ele><time>2026-04-11T06:08:05Z</time></trkpt><trkpt lat="60.234387" lon="24.967933"><ele>33.3</ele><time>2026-04-11T06:08:06Z</time></trkpt><trkpt lat="60.23438" lon="24.96792"><ele>33.8</ele><time>2026-04-11T06:08:07Z</time><extensions><gpxtpx:TrackPointExtension><gpxtpx:hr>99</gpxtpx:hr></gpxtpx:TrackPointExtension></extensions></trkpt><trkpt lat="60.234372" lon="24.967905"><ele>33.9</ele><time>2026-04-11T06:08:08Z</time></trkpt><trkpt lat="60.234363" lon="24.967883"><ele>34.2</ele><time>2026-04-11T06:08:09Z</time></trkpt><trkpt lat="60.234352" lon="24.967863"><ele>33.9</ele><time>2026-04-11T06:08:10Z</time></trkpt><trkpt lat="60.234345" lon="24.967845"><ele>34.3</ele><time>2026-04-11T06:08:11Z</time></trkpt><trkpt lat="60.234338" lon="24.967825"><ele>33.9</ele><time>2026-04-11T06:08:12Z</time></trkpt><trkpt lat="60.234332" lon="24.967807"><ele>34.0</ele><time>2026-04-11T06:08:13Z</time><extensions><gpxtpx:TrackPointExtension><gpxtpx:hr>100</gpxtpx:hr></gpxtpx:TrackPointExtension></extensions></trkpt><trkpt lat="60.234322" lon="24.967785"><ele>34.0</ele><time>2026-04-11T06:08:14Z</time></trkpt><trkpt lat="60.234312" lon="24.967772"><ele>33.7</ele><time>2026-04-11T06:08:15Z</time><extensions><gpxtpx:TrackPointExtension><gpxtpx:hr>100</gpxtpx:hr></gpxtpx:TrackPointExtension></extensions></trkpt><trkpt lat="60.234302" lon="24.967755"><ele>33.8</ele><time>2026-04-11T06:08:16Z</time></trkpt><trkpt lat="60.234285" lon="24.967737"><ele>33.3</ele><time>2026-04-11T06:08:17Z</time></trkpt><trkpt lat="60.23427" lon="24.967717"><ele>32.8</ele><time>2026-04-11T06:08:18Z</time></trkpt><trkpt lat="60.234258" lon="24.967698"><ele>32.9</ele><time>2026-04-11T06:08:19Z</time><extensions><gpxtpx:TrackPointExtension><gpxtpx:hr>99</gpxtpx:hr></gpxtpx:TrackPointExtension></extensions></trkpt><trkpt lat="60.23425" lon="24.96768"><ele>33.0</ele><time>2026-04-11T06:08:20Z</time></trkpt><trkpt lat="60.23424" lon="24.967657"><ele>32.3</ele><time>2026-04-11T06:08:21Z</time></trkpt><trkpt lat="60.234232" lon="24.967633"><ele>32.2</ele><time>2026-04-11T06:08:22Z</time></trkpt><trkpt lat="60.234222" lon="24.967615"><ele>32.1</ele><time>2026-04-11T06:08:23Z</time></trkpt><trkpt lat="60.234213" lon="24.967592"><ele>31.9</ele><time>2026-04-11T06:08:24Z</time></trkpt><trkpt lat="60.234207" lon="24.967565"><ele>32.1</ele><time>2026-04-11T06:08:25Z</time></trkpt><trkpt lat="60.2342" lon="24.967537"><ele>32.2</ele><time>2026-04-11T06:08:26Z</time></trkpt><trkpt lat="60.234195" lon="24.967508"><ele>32.0</ele><time>2026-04-11T06:08:27Z</time></trkpt><trkpt lat="60.234192" lon="24.967483"><ele>31.7</ele><time>2026-04-11T06:08:28Z</time><extensions><gpxtpx:TrackPointExtension><gpxtpx:hr>98</gpxtpx:hr></gpxtpx:TrackPointExtension></extensions></trkpt><trkpt lat="60.234185" lon="24.967458"><ele>32.0</ele><time>2026-04-11T06:08:29Z</time></trkpt><trkpt lat="60.234175" lon="24.967435"><ele>32.0</ele><time>2026-04-11T06:08:30Z</time><extensions><gpxtpx:TrackPointExtension><gpxtpx:hr>97</gpxtpx:hr></gpxtpx:TrackPointExtension></extensions></trkpt><trkpt lat="60.234168" lon="24.967403"><ele>32.1</ele><time>2026-04-11T06:08:31Z</time></trkpt><trkpt lat="60.234158" lon="24.967377"><ele>32.1</ele><time>2026-04-11T06:08:32Z</time></trkpt><trkpt lat="60.23415" lon="24.967355"><ele>31.5</ele><time>2026-04-11T06:08:33Z</time></trkpt><trkpt lat="60.234148" lon="24.967323"><ele>31.5</ele><time>2026-04-11T06:08:34Z</time></trkpt><trkpt lat="60.23415" lon="24.9673"><ele>31.5</ele><time>2026-04-11T06:08:35Z</time><extensions><gpxtpx:TrackPointExtension><gpxtpx:hr>97</gpxtpx:hr></gpxtpx:TrackPointExtension></extensions></trkpt><trkpt lat="60.234145" lon="24.96727"><ele>31.5</ele><time>2026-04-11T06:08:36Z</time></trkpt><trkpt lat="60.23414" lon="24.967247"><ele>31.4</ele><time>2026-04-11T06:08:37Z</time></trkpt><trkpt lat="60.234137" lon="24.967222"><ele>31.4</ele><time>2026-04-11T06:08:38Z</time></trkpt><trkpt lat="60.234128" lon="24.967198"><ele>31.7</ele><time>2026-04-11T06:08:39Z</time><extensions><gpxtpx:TrackPointExtension><gpxtpx:hr>99</gpxtpx:hr></gpxtpx:TrackPointExtension></extensions></trkpt><trkpt lat="60.234122" lon="24.96717"><ele>31.3</ele><time>2026-04-11T06:08:40Z</time></trkpt><trkpt lat="60.234118" lon="24.967143"><ele>31.8</ele><time>2026-04-11T06:08:41Z</time></trkpt><trkpt lat="60.234113" lon="24.96712"><ele>31.7</ele><time>2026-04-11T06:08:42Z</time></trkpt><trkpt lat="60.23411" lon="24.9671"><ele>32.2</ele><time>2026-04-11T06:08:43Z</time></trkpt><trkpt lat="60.234102" lon="24.967077"><ele>32.0</ele><time>2026-04-11T06:08:44Z</time></trkpt><trkpt lat="60.234095" lon="24.967043"><ele>32.4</ele><time>2026-04-11T06:08:45Z</time></trkpt><trkpt lat="60.234088" lon="24.96702"><ele>32.2</ele><time>2026-04-11T06:08:46Z</time></trkpt><trkpt lat="60.234092" lon="24.966993"><ele>32.1</ele><time>2026-04-11T06:08:47Z</time></trkpt><trkpt lat="60.234097" lon="24.966967"><ele>32.0</ele><time>2026-04-11T06:08:48Z</time><extensions><gpxtpx:TrackPointExtension><gpxtpx:hr>98</gpxtpx:hr></gpxtpx:TrackPointExtension></extensions></trkpt><trkpt lat="60.234098" lon="24.966935"><ele>31.9</ele><time>2026-04-11T06:08:49Z</time></trkpt><trkpt lat="60.234103" lon="24.966913"><ele>31.7</ele><time>2026-04-11T06:08:50Z</time></trkpt><trkpt lat="60.23411" lon="24.966895"><ele>31.8</ele><time>2026-04-11T06:08:51Z</time><extensions><gpxtpx:TrackPointExtension><gpxtpx:hr>95</gpxtpx:hr></gpxtpx:TrackPointExtension></extensions></trkpt><trkpt lat="60.234115" lon="24.966877"><ele>31.7</ele><time>2026-04-11T06:08:52Z</time></trkpt><trkpt lat="60.234128" lon="24.966848"><ele>31.6</ele><time>2026-04-11T06:08:53Z</time></trkpt><trkpt lat="60.234133" lon="24.966832"><ele>31.0</ele><time>2026-04-11T06:08:54Z</time><extensions><gpxtpx:TrackPointExtension><gpxtpx:hr>94</gpxtpx:hr></gpxtpx:TrackPointExtension></extensions></trkpt><trkpt lat="60.234142" lon="24.96682"><ele>31.0</ele><time>2026-04-11T06:08:55Z</time></trkpt><trkpt lat="60.234148" lon="24.966807"><ele>30.5</ele><time>2026-04-11T06:08:56Z</time></trkpt><trkpt lat="60.234153" lon="24.966802"><ele>29.8</ele><time>2026-04-11T06:08:57Z</time></trkpt><trkpt lat="60.234165" lon="24.966788"><ele>29.8</ele><time>2026-04-11T06:08:58Z</time></trkpt><trkpt lat="60.234175" lon="24.966767"><ele>29.6</ele><time>2026-04-11T06:08:59Z</time></trkpt><trkpt lat="60.234185" lon="24.966745"><ele>29.0</ele><time>2026-04-11T06:09:00Z</time></trkpt><trkpt lat="60.234197" lon="24.966727"><ele>29.4</ele><time>2026-04-11T06:09:01Z</time><extensions><gpxtpx:TrackPointExtension><gpxtpx:hr>96</gpxtpx:hr></gpxtpx:TrackPointExtension></extensions></trkpt><trkpt lat="60.234205" lon="24.966697"><ele>29.7</ele><time>2026-04-11T06:09:02Z</time></trkpt><trkpt lat="60.234207" lon="24.966667"><ele>29.8</ele><time>2026-04-11T06:09:03Z</time></trkpt><trkpt lat="60.234208" lon="24.966635"><ele>29.8</ele><time>2026-04-11T06:09:04Z</time><extensions><gpxtpx:TrackPointExtension><gpxtpx:hr>97</gpxtpx:hr></gpxtpx:TrackPointExtension></extensions></trkpt><trkpt lat="60.234208" lon="24.966608"><ele>29.0</ele><time>2026-04-11T06:09:05Z</time></trkpt><trkpt lat="60.234213" lon="24.96658"><ele>28.5</ele><time>2026-04-11T06:09:06Z</time></trkpt><trkpt lat="60.234225" lon="24.966552"><ele>29.6</ele><time>2026-04-11T06:09:07Z</time></trkpt><trkpt lat="60.23423" lon="24.966525"><ele>29.1</ele><time>2026-04-11T06:09:08Z</time></trkpt><trkpt lat="60.234242" lon="24.966495"><ele>29.6</ele><time>2026-04-11T06:09:09Z</time></trkpt><trkpt lat="60.234242" lon="24.966465"><ele>29.6</ele><time>2026-04-11T06:09:10Z</time></trkpt><trkpt lat="60.234242" lon="24.96643"><ele>29.1</ele><time>2026-04-11T06:09:11Z</time></trkpt><trkpt lat="60.234252" lon="24.966398"><ele>29.2</ele><time>2026-04-11T06:09:12Z</time></trkpt><trkpt lat="60.23426" lon="24.966377"><ele>29.6</ele><time>2026-04-11T06:09:13Z</time><extensions><gpxtpx:TrackPointExtension><gpxtpx:hr>97</gpxtpx:hr></gpxtpx:TrackPointExtension></extensions></trkpt><trkpt lat="60.234272" lon="24.96636"><ele>30.4</ele><time>2026-04-11T06:09:14Z</time></trkpt><trkpt lat="60.234292" lon="24.96636"><ele>31.1</ele><time>2026-04-11T06:09:15Z</time></trkpt><trkpt lat="60.234305" lon="24.96636"><ele>31.4</ele><time>2026-04-11T06:09:16Z</time></trkpt><trkpt lat="60.234313" lon="24.966347"><ele>31.5</ele><time>2026-04-11T06:09:17Z</time></trkpt><trkpt lat="60.234322" lon="24.966322"><ele>31.8</ele><time>2026-04-11T06:09:18Z</time><extensions><gpxtpx:TrackPointExtension><gpxtpx:hr>96</gpxtpx:hr></gpxtpx:TrackPointExtension></extensions></trkpt><trkpt lat="60.234325" lon="24.966297"><ele>32.4</ele><time>2026-04-11T06:09:19Z</time><extensions><gpxtpx:TrackPointExtension><gpxtpx:hr>97</gpxtpx:hr></gpxtpx:TrackPointExtension></extensions></trkpt><trkpt lat="60.234308" lon="24.966245"><ele>33.5</ele><time>2026-04-11T06:09:20Z</time></trkpt><trkpt lat="60.234293" lon="24.96621"><ele>32.8</ele><time>2026-04-11T06:09:21Z</time></trkpt><trkpt lat="60.23428" lon="24.966188"><ele>32.8</ele><time>2026-04-11T06:09:22Z</time></trkpt><trkpt lat="60.234267" lon="24.966163"><ele>32.5</ele><time>2026-04-11T06:09:23Z</time></trkpt><trkpt lat="60.234257" lon="24.96613"><ele>32.5</ele><time>2026-04-11T06:09:24Z</time></trkpt><trkpt lat="60.234247" lon="24.9661"><ele>32.6</ele><time>2026-04-11T06:09:25Z</time></trkpt><trkpt lat="60.234232" lon="24.966077"><ele>32.2</ele><time>2026-04-11T06:09:26Z</time></trkpt><trkpt lat="60.234217" lon="24.966063"><ele>32.2</ele><time>2026-04-11T06:09:27Z</time></trkpt><trkpt lat="60.234203" lon="24.966045"><ele>31.5</ele><time>2026-04-11T06:09:28Z</time><extensions><gpxtpx:TrackPointExtension><gpxtpx:hr>96</gpxtpx:hr></gpxtpx:TrackPointExtension></extensions></trkpt><trkpt lat="60.234188" lon="24.966042"><ele>30.8</ele><time>2026-04-11T06:09:29Z</time></trkpt><trkpt lat="60.234178" lon="24.96603"><ele>30.6</ele><time>2026-04-11T06:09:30Z</time></trkpt><trkpt lat="60.234168" lon="24.966008"><ele>30.0</ele><time>2026-04-11T06:09:31Z</time><extensions><gpxtpx:TrackPointExtension><gpxtpx:hr>96</gpxtpx:hr></gpxtpx:TrackPointExtension></extensions></trkpt><trkpt lat="60.234157" lon="24.965998"><ele>29.8</ele><time>2026-04-11T06:09:32Z</time></trkpt><trkpt lat="60.234145" lon="24.965987"><ele>30.0</ele><time>2026-04-11T06:09:33Z</time></trkpt><trkpt lat="60.234133" lon="24.965965"><ele>29.7</ele><time>2026-04-11T06:09:34Z</time></trkpt><trkpt lat="60.234122" lon="24.965948"><ele>29.7</ele><time>2026-04-11T06:09:35Z</time><extensions><gpxtpx:TrackPointExtension><gpxtpx:hr>97</gpxtpx:hr></gpxtpx:TrackPointExtension></extensions></trkpt><trkpt lat="60.23411" lon="24.965932"><ele>30.2</ele><time>2026-04-11T06:09:36Z</time></trkpt><trkpt lat="60.2341" lon="24.96591"><ele>29.9</ele><time>2026-04-11T06:09:37Z</time></trkpt><trkpt lat="60.234093" lon="24.965887"><ele>30.1</ele><time>2026-04-11T06:09:38Z</time></trkpt><trkpt lat="60.234088" lon="24.965867"><ele>30.5</ele><time>2026-04-11T06:09:39Z</time><extensions><gpxtpx:TrackPointExtension><gpxtpx:hr>97</gpxtpx:hr></gpxtpx:TrackPointExtension></extensions></trkpt><trkpt lat="60.234087" lon="24.965855"><ele>30.7</ele><time>2026-04-11T06:09:40Z</time></trkpt><trkpt lat="60.234078" lon="24.96583"><ele>30.2</ele><time>2026-04-11T06:09:41Z</time></trkpt><trkpt lat="60.234075" lon="24.965797"><ele>29.9</ele><time>2026-04-11T06:09:42Z</time></trkpt><trkpt lat="60.23407" lon="24.965777"><ele>29.5</ele><time>2026-04-11T06:09:43Z</time></trkpt><trkpt lat="60.234067" lon="24.965745"><ele>29.3</ele><time>2026-04-11T06:09:44Z</time><extensions><gpxtpx:TrackPointExtension><gpxtpx:hr>97</gpxtpx:hr></gpxtpx:TrackPointExtension></extensions></trkpt><trkpt lat="60.234067" lon="24.96572"><ele>28.9</ele><time>2026-04-11T06:09:45Z</time></trkpt><trkpt lat="60.234063" lon="24.965707"><ele>29.2</ele><time>2026-04-11T06:09:46Z</time></trkpt><trkpt lat="60.23406" lon="24.965668"><ele>29.0</ele><time>2026-04-11T06:09:47Z</time></trkpt><trkpt lat="60.234063" lon="24.965635"><ele>29.0</ele><time>2026-04-11T06:09:48Z</time></trkpt><trkpt lat="60.234065" lon="24.965602"><ele>29.5</ele><time>2026-04-11T06:09:49Z</time></trkpt><trkpt lat="60.234065" lon="24.965568"><ele>29.7</ele><time>2026-04-11T06:09:50Z</time></trkpt><trkpt lat="60.234062" lon="24.965538"><ele>30.2</ele><time>2026-04-11T06:09:51Z</time></trkpt><trkpt lat="60.234062" lon="24.965508"><ele>30.6</ele><time>2026-04-11T06:09:52Z</time></trkpt><trkpt lat="60.23406" lon="24.965482"><ele>30.3</ele><time>2026-04-11T06:09:53Z</time><extensions><gpxtpx:TrackPointExtension><gpxtpx:hr>97</gpxtpx:hr></gpxtpx:TrackPointExtension></extensions></trkpt><trkpt lat="60.234055" lon="24.965452"><ele>30.9</ele><time>2026-04-11T06:09:54Z</time></trkpt><trkpt lat="60.23405" lon="24.965422"><ele>30.6</ele><time>2026-04-11T06:09:55Z</time><extensions><gpxtpx:TrackPointExtension><gpxtpx:hr>97</gpxtpx:hr></gpxtpx:TrackPointExtension></extensions></trkpt><trkpt lat="60.234048" lon="24.96539"><ele>30.8</ele><time>2026-04-11T06:09:56Z</time></trkpt><trkpt lat="60.234052" lon="24.965358"><ele>30.2</ele><time>2026-04-11T06:09:57Z</time></trkpt><trkpt lat="60.234053" lon="24.96533"><ele>29.8</ele><time>2026-04-11T06:09:58Z</time></trkpt><trkpt lat="60.234053" lon="24.965302"><ele>29.8</ele><time>2026-04-11T06:09:59Z</time><extensions><gpxtpx:TrackPointExtension><gpxtpx:hr>95</gpxtpx:hr></gpxtpx:TrackPointExtension></extensions></trkpt><trkpt lat="60.234053" lon="24.96527"><ele>30.0</ele><time>2026-04-11T06:10:00Z</time></trkpt><trkpt lat="60.23405" lon="24.965242"><ele>29.6</ele><time>2026-04-11T06:10:01Z</time></trkpt><trkpt lat="60.234045" lon="24.965212"><ele>29.5</ele><time>2026-04-11T06:10:02Z</time></trkpt><trkpt lat="60.23404" lon="24.965183"><ele>29.0</ele><time>2026-04-11T06:10:03Z</time></trkpt><trkpt lat="60.234037" lon="24.965153"><ele>29.7</ele><time>2026-04-11T06:10:04Z</time><extensions><gpxtpx:TrackPointExtension><gpxtpx:hr>96</gpxtpx:hr></gpxtpx:TrackPointExtension></extensions></trkpt><trkpt lat="60.234035" lon="24.965127"><ele>29.4</ele><time>2026-04-11T06:10:05Z</time></trkpt><trkpt lat="60.234032" lon="24.965098"><ele>28.9</ele><time>2026-04-11T06:10:06Z</time></trkpt><trkpt lat="60.234032" lon="24.965072"><ele>29.0</ele><time>2026-04-11T06:10:07Z</time></trkpt><trkpt lat="60.23403" lon="24.965042"><ele>29.3</ele><time>2026-04-11T06:10:08Z</time></trkpt><trkpt lat="60.234028" lon="24.965013"><ele>29.4</ele><time>2026-04-11T06:10:09Z</time><extensions><gpxtpx:TrackPointExtension><gpxtpx:hr>96</gpxtpx:hr></gpxtpx:TrackPointExtension></extensions></trkpt><trkpt lat="60.234025" lon="24.964987"><ele>29.6</ele><time>2026-04-11T06:10:10Z</time></trkpt><trkpt lat="60.234023" lon="24.964958"><ele>29.8</ele><time>2026-04-11T06:10:11Z</time></trkpt><trkpt lat="60.234018" lon="24.964932"><ele>29.7</ele><time>2026-04-11T06:10:12Z</time></trkpt><trkpt lat="60.234017" lon="24.964902"><ele>29.9</ele><time>2026-04-11T06:10:13Z</time></trkpt><trkpt lat="60.23402" lon="24.964872"><ele>30.3</ele><time>2026-04-11T06:10:14Z</time></trkpt><trkpt lat="60.234017" lon="24.964842"><ele>29.3</ele><time>2026-04-11T06:10:15Z</time></trkpt><trkpt lat="60.234012" lon="24.964815"><ele>29.3</ele><time>2026-04-11T06:10:16Z</time></trkpt><trkpt lat="60.234008" lon="24.964787"><ele>29.4</ele><time>2026-04-11T06:10:17Z</time></trkpt><trkpt lat="60.234002" lon="24.964758"><ele>29.4</ele><time>2026-04-11T06:10:18Z</time><extensions><gpxtpx:TrackPointExtension><gpxtpx:hr>95</gpxtpx:hr></gpxtpx:TrackPointExtension></extensions></trkpt><trkpt lat="60.234" lon="24.96473"><ele>29.5</ele><time>2026-04-11T06:10:19Z</time></trkpt><trkpt lat="60.233997" lon="24.964702"><ele>29.1</ele><time>2026-04-11T06:10:20Z</time></trkpt><trkpt lat="60.233993" lon="24.964677"><ele>28.4</ele><time>2026-04-11T06:10:21Z</time></trkpt><trkpt lat="60.233992" lon="24.964647"><ele>29.1</ele><time>2026-04-11T06:10:22Z</time></trkpt><trkpt lat="60.23399" lon="24.964617"><ele>29.2</ele><time>2026-04-11T06:10:23Z</time><extensions><gpxtpx:TrackPointExtension><gpxtpx:hr>94</gpxtpx:hr></gpxtpx:TrackPointExtension></extensions></trkpt><trkpt lat="60.233992" lon="24.964588"><ele>29.7</ele><time>2026-04-11T06:10:24Z</time></trkpt><trkpt lat="60.233988" lon="24.964558"><ele>29.4</ele><time>2026-04-11T06:10:25Z</time></trkpt><trkpt lat="60.233987" lon="24.964532"><ele>29.5</ele><time>2026-04-11T06:10:26Z</time></trkpt><trkpt lat="60.233985" lon="24.964507"><ele>30.0</ele><time>2026-04-11T06:10:27Z</time></trkpt><trkpt lat="60.233983" lon="24.96448"><ele>29.9</ele><time>2026-04-11T06:10:28Z</time><extensions><gpxtpx:TrackPointExtension><gpxtpx:hr>94</gpxtpx:hr></gpxtpx:TrackPointExtension></extensions></trkpt><trkpt lat="60.23398" lon="24.964452"><ele>29.4</ele><time>2026-04-11T06:10:29Z</time></trkpt><trkpt lat="60.23398" lon="24.964423"><ele>29.2</ele><time>2026-04-11T06:10:30Z</time><extensions><gpxtpx:TrackPointExtension><gpxtpx:hr>94</gpxtpx:hr></gpxtpx:TrackPointExtension></extensions></trkpt><trkpt lat="60.233977" lon="24.964397"><ele>29.2</ele><time>2026-04-11T06:10:31Z</time></trkpt><trkpt lat="60.233973" lon="24.96437"><ele>29.1</ele><time>2026-04-11T06:10:32Z</time></trkpt><trkpt lat="60.233972" lon="24.964343"><ele>29.2</ele><time>2026-04-11T06:10:33Z</time></trkpt><trkpt lat="60.233972" lon="24.964322"><ele>29.8</ele><time>2026-04-11T06:10:34Z</time></trkpt><trkpt lat="60.233973" lon="24.9643"><ele>30.8</ele><time>2026-04-11T06:10:35Z</time></trkpt><trkpt lat="60.23397" lon="24.964277"><ele>31.4</ele><time>2026-04-11T06:10:36Z</time></trkpt><trkpt lat="60.233967" lon="24.964253"><ele>30.9</ele><time>2026-04-11T06:10:37Z</time><extensions><gpxtpx:TrackPointExtension><gpxtpx:hr>93</gpxtpx:hr></gpxtpx:TrackPointExtension></extensions></trkpt><trkpt lat="60.233963" lon="24.964228"><ele>30.4</ele><time>2026-04-11T06:10:38Z</time></trkpt><trkpt lat="60.233962" lon="24.96421"><ele>29.8</ele><time>2026-04-11T06:10:39Z</time></trkpt><trkpt lat="60.233958" lon="24.964177"><ele>29.9</ele><time>2026-04-11T06:10:40Z</time></trkpt><trkpt lat="60.233958" lon="24.964145"><ele>30.1</ele><time>2026-04-11T06:10:41Z</time><extensions><gpxtpx:TrackPointExtension><gpxtpx:hr>92</gpxtpx:hr></gpxtpx:TrackPointExtension></extensions></trkpt><trkpt lat="60.233958" lon="24.964115"><ele>30.9</ele><time>2026-04-11T06:10:42Z</time></trkpt><trkpt lat="60.233957" lon="24.96409"><ele>31.3</ele><time>2026-04-11T06:10:43Z</time></trkpt><trkpt lat="60.233955" lon="24.964065"><ele>31.4</ele><time>2026-04-11T06:10:44Z</time></trkpt><trkpt lat="60.233953" lon="24.964037"><ele>31.3</ele><time>2026-04-11T06:10:45Z</time></trkpt><trkpt lat="60.233948" lon="24.96401"><ele>31.0</ele><time>2026-04-11T06:10:46Z</time></trkpt><trkpt lat="60.233943" lon="24.963977"><ele>31.3</ele><time>2026-04-11T06:10:47Z</time><extensions><gpxtpx:TrackPointExtension><gpxtpx:hr>91</gpxtpx:hr></gpxtpx:TrackPointExtension></extensions></trkpt><trkpt lat="60.233942" lon="24.963952"><ele>31.3</ele><time>2026-04-11T06:10:48Z</time></trkpt><trkpt lat="60.233942" lon="24.963927"><ele>31.4</ele><time>2026-04-11T06:10:49Z</time><extensions><gpxtpx:TrackPointExtension><gpxtpx:hr>92</gpxtpx:hr></gpxtpx:TrackPointExtension></extensions></trkpt><trkpt lat="60.233938" lon="24.9639"><ele>31.1</ele><time>2026-04-11T06:10:50Z</time></trkpt><trkpt lat="60.233935" lon="24.963872"><ele>31.8</ele><time>2026-04-11T06:10:51Z</time></trkpt><trkpt lat="60.23393" lon="24.963843"><ele>31.7</ele><time>2026-04-11T06:10:52Z</time></trkpt><trkpt lat="60.233927" lon="24.96381"><ele>31.6</ele><time>2026-04-11T06:10:53Z</time></trkpt><trkpt lat="60.233928" lon="24.963782"><ele>31.8</ele><time>2026-04-11T06:10:54Z</time></trkpt><trkpt lat="60.233922" lon="24.963762"><ele>31.6</ele><time>2026-04-11T06:10:55Z</time></trkpt><trkpt lat="60.233925" lon="24.963742"><ele>31.7</ele><time>2026-04-11T06:10:56Z</time><extensions><gpxtpx:TrackPointExtension><gpxtpx:hr>94</gpxtpx:hr></gpxtpx:TrackPointExtension></extensions></trkpt><trkpt lat="60.233928" lon="24.96372"><ele>32.3</ele><time>2026-04-11T06:10:57Z</time></trkpt><trkpt lat="60.233927" lon="24.963697"><ele>31.8</ele><time>2026-04-11T06:10:58Z</time></trkpt><trkpt lat="60.233923" lon="24.963677"><ele>32.4</ele><time>2026-04-11T06:10:59Z</time><extensions><gpxtpx:TrackPointExtension><gpxtpx:hr>93</gpxtpx:hr></gpxtpx:TrackPointExtension></extensions></trkpt><trkpt lat="60.233922" lon="24.963648"><ele>32.4</ele><time>2026-04-11T06:11:00Z</time></trkpt><trkpt lat="60.23392" lon="24.96362"><ele>31.9</ele><time>2026-04-11T06:11:01Z</time></trkpt><trkpt lat="60.233915" lon="24.963588"><ele>31.9</ele><time>2026-04-11T06:11:02Z</time></trkpt><trkpt lat="60.233908" lon="24.963558"><ele>31.6</ele><time>2026-04-11T06:11:03Z</time></trkpt><trkpt lat="60.233908" lon="24.963535"><ele>31.7</ele><time>2026-04-11T06:11:04Z</time></trkpt><trkpt lat="60.23391" lon="24.963518"><ele>32.1</ele><time>2026-04-11T06:11:05Z</time></trkpt><trkpt lat="60.233908" lon="24.963492"><ele>32.4</ele><time>2026-04-11T06:11:06Z</time></trkpt><trkpt lat="60.23391" lon="24.963482"><ele>32.9</ele><time>2026-04-11T06:11:07Z</time></trkpt><trkpt lat="60.233907" lon="24.963452"><ele>33.1</ele><time>2026-04-11T06:11:08Z</time><extensions><gpxtpx:TrackPointExtension><gpxtpx:hr>94</gpxtpx:hr></gpxtpx:TrackPointExtension></extensions></trkpt><trkpt lat="60.233902" lon="24.96341"><ele>32.9</ele><time>2026-04-11T06:11:09Z</time></trkpt><trkpt lat="60.233903" lon="24.963373"><ele>33.1</ele><time>2026-04-11T06:11:10Z</time></trkpt><trkpt lat="60.2339" lon="24.963342"><ele>32.9</ele><time>2026-04-11T06:11:11Z</time></trkpt><trkpt lat="60.233897" lon="24.963307"><ele>32.8</ele><time>2026-04-11T06:11:12Z</time></trkpt><trkpt lat="60.23389" lon="24.963275"><ele>32.6</ele><time>2026-04-11T06:11:13Z</time><extensions><gpxtpx:TrackPointExtension><gpxtpx:hr>96</gpxtpx:hr></gpxtpx:TrackPointExtension></extensions></trkpt><trkpt lat="60.233883" lon="24.963243"><ele>31.9</ele><time>2026-04-11T06:11:14Z</time></trkpt><trkpt lat="60.233882" lon="24.963213"><ele>31.4</ele><time>2026-04-11T06:11:15Z</time></trkpt><trkpt lat="60.23388" lon="24.963177"><ele>31.3</ele><time>2026-04-11T06:11:16Z</time></trkpt><trkpt lat="60.233878" lon="24.963148"><ele>30.9</ele><time>2026-04-11T06:11:17Z</time><extensions><gpxtpx:TrackPointExtension><gpxtpx:hr>97</gpxtpx:hr></gpxtpx:TrackPointExtension></extensions></trkpt><trkpt lat="60.233877" lon="24.963118"><ele>30.9</ele><time>2026-04-11T06:11:18Z</time></trkpt><trkpt lat="60.233872" lon="24.963095"><ele>30.4</ele><time>2026-04-11T06:11:19Z</time></trkpt><trkpt lat="60.233867" lon="24.963067"><ele>30.2</ele><time>2026-04-11T06:11:20Z</time></trkpt><trkpt lat="60.233865" lon="24.963037"><ele>30.8</ele><time>2026-04-11T06:11:21Z</time></trkpt><trkpt lat="60.23386" lon="24.96301"><ele>30.8</ele><time>2026-04-11T06:11:22Z</time><extensions><gpxtpx:TrackPointExtension><gpxtpx:hr>96</gpxtpx:hr></gpxtpx:TrackPointExtension></extensions></trkpt><trkpt lat="60.233853" lon="24.962985"><ele>31.3</ele><time>2026-04-11T06:11:23Z</time></trkpt><trkpt lat="60.233848" lon="24.962962"><ele>31.2</ele><time>2026-04-11T06:11:24Z</time></trkpt><trkpt lat="60.233847" lon="24.962935"><ele>31.5</ele><time>2026-04-11T06:11:25Z</time></trkpt><trkpt lat="60.233842" lon="24.962912"><ele>30.8</ele><time>2026-04-11T06:11:26Z</time></trkpt><trkpt lat="60.233838" lon="24.962887"><ele>30.9</ele><time>2026-04-11T06:11:27Z</time><extensions><gpxtpx:TrackPointExtension><gpxtpx:hr>96</gpxtpx:hr></gpxtpx:TrackPointExtension></extensions></trkpt><trkpt lat="60.233832" lon="24.962853"><ele>31.2</ele><time>2026-04-11T06:11:28Z</time></trkpt><trkpt lat="60.233828" lon="24.962837"><ele>31.0</ele><time>2026-04-11T06:11:29Z</time></trkpt><trkpt lat="60.23382" lon="24.962807"><ele>30.9</ele><time>2026-04-11T06:11:30Z</time></trkpt><trkpt lat="60.233812" lon="24.962762"><ele>32.0</ele><time>2026-04-11T06:11:31Z</time></trkpt><trkpt lat="60.233812" lon="24.962728"><ele>31.8</ele><time>2026-04-11T06:11:32Z</time></trkpt><trkpt lat="60.233807" lon="24.962693"><ele>31.5</ele><time>2026-04-11T06:11:33Z</time><extensions><gpxtpx:TrackPointExtension><gpxtpx:hr>96</gpxtpx:hr></gpxtpx:TrackPointExtension></extensions></trkpt><trkpt lat="60.233802" lon="24.962663"><ele>31.3</ele><time>2026-04-11T06:11:34Z</time><extensions><gpxtpx:TrackPointExtension><gpxtpx:hr>96</gpxtpx:hr></gpxtpx:TrackPointExtension></extensions></trkpt><trkpt lat="60.233798" lon="24.962635"><ele>31.4</ele><time>2026-04-11T06:11:35Z</time></trkpt><trkpt lat="60.233797" lon="24.962607"><ele>30.9</ele><time>2026-04-11T06:11:36Z</time></trkpt><trkpt lat="60.233792" lon="24.962578"><ele>30.5</ele><time>2026-04-11T06:11:37Z</time></trkpt><trkpt lat="60.2338" lon="24.962558"><ele>30.3</ele><time>2026-04-11T06:11:38Z</time></trkpt><trkpt lat="60.233805" lon="24.962538"><ele>30.6</ele><time>2026-04-11T06:11:39Z</time></trkpt><trkpt lat="60.233808" lon="24.962515"><ele>30.7</ele><time>2026-04-11T06:11:40Z</time></trkpt><trkpt lat="60.233802" lon="24.962493"><ele>31.0</ele><time>2026-04-11T06:11:41Z</time><extensions><gpxtpx:TrackPointExtension><gpxtpx:hr>95</gpxtpx:hr></gpxtpx:TrackPointExtension></extensions></trkpt><trkpt lat="60.233803" lon="24.96248"><ele>30.8</ele><time>2026-04-11T06:11:42Z</time></trkpt><trkpt lat="60.233802" lon="24.962457"><ele>30.8</ele><time>2026-04-11T06:11:43Z</time></trkpt><trkpt lat="60.2338" lon="24.96243"><ele>30.2</ele><time>2026-04-11T06:11:44Z</time><extensions><gpxtpx:TrackPointExtension><gpxtpx:hr>95</gpxtpx:hr></gpxtpx:TrackPointExtension></extensions></trkpt><trkpt lat="60.2338" lon="24.962395"><ele>30.5</ele><time>2026-04-11T06:11:45Z</time></trkpt><trkpt lat="60.233798" lon="24.962367"><ele>30.6</ele><time>2026-04-11T06:11:46Z</time></trkpt><trkpt lat="60.2338" lon="24.962342"><ele>30.1</ele><time>2026-04-11T06:11:47Z</time></trkpt><trkpt lat="60.233797" lon="24.962325"><ele>30.2</ele><time>2026-04-11T06:11:48Z</time></trkpt><trkpt lat="60.233793" lon="24.962297"><ele>30.6</ele><time>2026-04-11T06:11:49Z</time></trkpt><trkpt lat="60.23379" lon="24.962257"><ele>30.1</ele><time>2026-04-11T06:11:50Z</time></trkpt><trkpt lat="60.233792" lon="24.96224"><ele>30.1</ele><time>2026-04-11T06:11:51Z</time></trkpt><trkpt lat="60.233798" lon="24.962212"><ele>30.7</ele><time>2026-04-11T06:11:52Z</time></trkpt><trkpt lat="60.233798" lon="24.962183"><ele>31.7</ele><time>2026-04-11T06:11:53Z</time><extensions><gpxtpx:TrackPointExtension><gpxtpx:hr>94</gpxtpx:hr></gpxtpx:TrackPointExtension></extensions></trkpt><trkpt lat="60.233798" lon="24.962162"><ele>31.6</ele><time>2026-04-11T06:11:54Z</time></trkpt><trkpt lat="60.233798" lon="24.96214"><ele>31.4</ele><time>2026-04-11T06:11:55Z</time></trkpt><trkpt lat="60.233803" lon="24.962117"><ele>30.9</ele><time>2026-04-11T06:11:56Z</time></trkpt><trkpt lat="60.233807" lon="24.962088"><ele>31.4</ele><time>2026-04-11T06:11:57Z</time></trkpt><trkpt lat="60.233815" lon="24.962058"><ele>31.2</ele><time>2026-04-11T06:11:58Z</time><extensions><gpxtpx:TrackPointExtension><gpxtpx:hr>95</gpxtpx:hr></gpxtpx:TrackPointExtension></extensions></trkpt><trkpt lat="60.233818" lon="24.962038"><ele>31.2</ele><time>2026-04-11T06:11:59Z</time><extensions><gpxtpx:TrackPointExtension><gpxtpx:hr>96</gpxtpx:hr></gpxtpx:TrackPointExtension></extensions></trkpt><trkpt lat="60.233822" lon="24.961995"><ele>31.0</ele><time>2026-04-11T06:12:00Z</time></trkpt><trkpt lat="60.233823" lon="24.961975"><ele>30.8</ele><time>2026-04-11T06:12:01Z</time></trkpt><trkpt lat="60.233832" lon="24.96194"><ele>31.1</ele><time>2026-04-11T06:12:02Z</time></trkpt><trkpt lat="60.233833" lon="24.961923"><ele>31.3</ele><time>2026-04-11T06:12:03Z</time></trkpt><trkpt lat="60.233837" lon="24.961905"><ele>31.1</ele><time>2026-04-11T06:12:04Z</time><extensions><gpxtpx:TrackPointExtension><gpxtpx:hr>98</gpxtpx:hr></gpxtpx:TrackPointExtension></extensions></trkpt><trkpt lat="60.233837" lon="24.961882"><ele>31.3</ele><time>2026-04-11T06:12:05Z</time></trkpt><trkpt lat="60.233838" lon="24.96185"><ele>32.0</ele><time>2026-04-11T06:12:06Z</time></trkpt><trkpt lat="60.23384" lon="24.961825"><ele>31.9</ele><time>2026-04-11T06:12:07Z</time></trkpt><trkpt lat="60.233837" lon="24.96179"><ele>31.5</ele><time>2026-04-11T06:12:08Z</time></trkpt><trkpt lat="60.233837" lon="24.961757"><ele>31.9</ele><time>2026-04-11T06:12:09Z</time></trkpt><trkpt lat="60.233837" lon="24.961725"><ele>31.9</ele><time>2026-04-11T06:12:10Z</time><extensions><gpxtpx:TrackPointExtension><gpxtpx:hr>101</gpxtpx:hr></gpxtpx:TrackPointExtension></extensions></trkpt><trkpt lat="60.23383" lon="24.961702"><ele>32.1</ele><time>2026-04-11T06:12:11Z</time></trkpt><trkpt lat="60.233823" lon="24.961677"><ele>32.3</ele><time>2026-04-11T06:12:12Z</time></trkpt><trkpt lat="60.233822" lon="24.961653"><ele>32.4</ele><time>2026-04-11T06:12:13Z</time></trkpt><trkpt lat="60.233817" lon="24.961618"><ele>31.8</ele><time>2026-04-11T06:12:14Z</time></trkpt><trkpt lat="60.233815" lon="24.96159"><ele>32.1</ele><time>2026-04-11T06:12:15Z</time></trkpt><trkpt lat="60.233813" lon="24.961568"><ele>32.4</ele><time>2026-04-11T06:12:16Z</time></trkpt><trkpt lat="60.23381" lon="24.961538"><ele>32.4</ele><time>2026-04-11T06:12:17Z</time></trkpt><trkpt lat="60.233802" lon="24.961513"><ele>31.7</ele><time>2026-04-11T06:12:18Z</time><extensions><gpxtpx:TrackPointExtension><gpxtpx:hr>101</gpxtpx:hr></gpxtpx:TrackPointExtension></extensions></trkpt><trkpt lat="60.233793" lon="24.961492"><ele>31.7</ele><time>2026-04-11T06:12:19Z</time></trkpt><trkpt lat="60.233785" lon="24.961472"><ele>31.8</ele><time>2026-04-11T06:12:20Z</time></trkpt><trkpt lat="60.23378" lon="24.961453"><ele>32.1</ele><time>2026-04-11T06:12:21Z</time></trkpt><trkpt lat="60.233777" lon="24.961427"><ele>32.4</ele><time>2026-04-11T06:12:22Z</time></trkpt><trkpt lat="60.233768" lon="24.9614"><ele>32.3</ele><time>2026-04-11T06:12:23Z</time><extensions><gpxtpx:TrackPointExtension><gpxtpx:hr>96</gpxtpx:hr></gpxtpx:TrackPointExtension></extensions></trkpt><trkpt lat="60.233763" lon="24.961377"><ele>31.8</ele><time>2026-04-11T06:12:24Z</time></trkpt><trkpt lat="60.23376" lon="24.961348"><ele>32.0</ele><time>2026-04-11T06:12:25Z</time></trkpt><trkpt lat="60.233755" lon="24.961318"><ele>32.0</ele><time>2026-04-11T06:12:26Z</time><extensions><gpxtpx:TrackPointExtension><gpxtpx:hr>95</gpxtpx:hr></gpxtpx:TrackPointExtension></extensions></trkpt><trkpt lat="60.233752" lon="24.96129"><ele>32.8</ele><time>2026-04-11T06:12:27Z</time></trkpt><trkpt lat="60.233747" lon="24.961265"><ele>32.7</ele><time>2026-04-11T06:12:28Z</time></trkpt><trkpt lat="60.233742" lon="24.96124"><ele>32.9</ele><time>2026-04-11T06:12:29Z</time></trkpt><trkpt lat="60.23374" lon="24.961215"><ele>33.8</ele><time>2026-04-11T06:12:30Z</time></trkpt><trkpt lat="60.233738" lon="24.961197"><ele>34.5</ele><time>2026-04-11T06:12:31Z</time></trkpt><trkpt lat="60.233733" lon="24.96118"><ele>34.0</ele><time>2026-04-11T06:12:32Z</time></trkpt><trkpt lat="60.233725" lon="24.961155"><ele>33.6</ele><time>2026-04-11T06:12:33Z</time><extensions><gpxtpx:TrackPointExtension><gpxtpx:hr>95</gpxtpx:hr></gpxtpx:TrackPointExtension></extensions></trkpt><trkpt lat="60.23372" lon="24.96113"><ele>33.9</ele><time>2026-04-11T06:12:34Z</time></trkpt><trkpt lat="60.233713" lon="24.961102"><ele>33.9</ele><time>2026-04-11T06:12:35Z</time><extensions><gpxtpx:TrackPointExtension><gpxtpx:hr>96</gpxtpx:hr></gpxtpx:TrackPointExtension></extensions></trkpt><trkpt lat="60.233708" lon="24.961075"><ele>33.9</ele><time>2026-04-11T06:12:36Z</time></trkpt><trkpt lat="60.2337" lon="24.961043"><ele>33.5</ele><time>2026-04-11T06:12:37Z</time></trkpt><trkpt lat="60.23369" lon="24.961023"><ele>33.8</ele><time>2026-04-11T06:12:38Z</time></trkpt><trkpt lat="60.233683" lon="24.960998"><ele>33.5</ele><time>2026-04-11T06:12:39Z</time></trkpt><trkpt lat="60.23368" lon="24.960975"><ele>33.9</ele><time>2026-04-11T06:12:40Z</time></trkpt><trkpt lat="60.233677" lon="24.960958"><ele>34.3</ele><time>2026-04-11T06:12:41Z</time></trkpt><trkpt lat="60.23367" lon="24.960933"><ele>34.7</ele><time>2026-04-11T06:12:42Z</time></trkpt><trkpt lat="60.233665" lon="24.960912"><ele>34.9</ele><time>2026-04-11T06:12:43Z</time><extensions><gpxtpx:TrackPointExtension><gpxtpx:hr>97</gpxtpx:hr></gpxtpx:TrackPointExtension></extensions></trkpt><trkpt lat="60.233662" lon="24.960892"><ele>35.1</ele><time>2026-04-11T06:12:44Z</time><extensions><gpxtpx:TrackPointExtension><gpxtpx:hr>97</gpxtpx:hr></gpxtpx:TrackPointExtension></extensions></trkpt><trkpt lat="60.233657" lon="24.960868"><ele>35.6</ele><time>2026-04-11T06:12:45Z</time></trkpt><trkpt lat="60.233652" lon="24.960838"><ele>35.5</ele><time>2026-04-11T06:12:46Z</time></trkpt><trkpt lat="60.233645" lon="24.96081"><ele>35.2</ele><time>2026-04-11T06:12:47Z</time></trkpt><trkpt lat="60.233642" lon="24.960783"><ele>35.5</ele><time>2026-04-11T06:12:48Z</time></trkpt><trkpt lat="60.23364" lon="24.960755"><ele>35.5</ele><time>2026-04-11T06:12:49Z</time><extensions><gpxtpx:TrackPointExtension><gpxtpx:hr>96</gpxtpx:hr></gpxtpx:TrackPointExtension></extensions></trkpt><trkpt lat="60.233637" lon="24.960728"><ele>34.8</ele><time>2026-04-11T06:12:50Z</time></trkpt><trkpt lat="60.233623" lon="24.9607"><ele>33.4</ele><time>2026-04-11T06:12:51Z</time></trkpt><trkpt lat="60.233617" lon="24.96067"><ele>34.0</ele><time>2026-04-11T06:12:52Z</time></trkpt><trkpt lat="60.233603" lon="24.960633"><ele>32.9</ele><time>2026-04-11T06:12:53Z</time></trkpt><trkpt lat="60.23359" lon="24.960615"><ele>32.1</ele><time>2026-04-11T06:12:54Z</time></trkpt><trkpt lat="60.233582" lon="24.960587"><ele>32.0</ele><time>2026-04-11T06:12:55Z</time><extensions><gpxtpx:TrackPointExtension><gpxtpx:hr>100</gpxtpx:hr></gpxtpx:TrackPointExtension></extensions></trkpt><trkpt lat="60.233577" lon="24.960577"><ele>31.7</ele><time>2026-04-11T06:12:56Z</time></trkpt><trkpt lat="60.233568" lon="24.960543"><ele>31.4</ele><time>2026-04-11T06:12:57Z</time></trkpt><trkpt lat="60.23356" lon="24.960515"><ele>31.4</ele><time>2026-04-11T06:12:58Z</time></trkpt><trkpt lat="60.233553" lon="24.960488"><ele>31.6</ele><time>2026-04-11T06:12:59Z</time></trkpt><trkpt lat="60.233548" lon="24.96046"><ele>31.9</ele><time>2026-04-11T06:13:00Z</time></trkpt><trkpt lat="60.233542" lon="24.960435"><ele>32.1</ele><time>2026-04-11T06:13:01Z</time></trkpt><trkpt lat="60.233533" lon="24.960412"><ele>32.1</ele><time>2026-04-11T06:13:02Z</time></trkpt><trkpt lat="60.233527" lon="24.960388"><ele>32.2</ele><time>2026-04-11T06:13:03Z</time><extensions><gpxtpx:TrackPointExtension><gpxtpx:hr>101</gpxtpx:hr></gpxtpx:TrackPointExtension></extensions></trkpt><trkpt lat="60.233518" lon="24.960363"><ele>32.0</ele><time>2026-04-11T06:13:04Z</time></trkpt><trkpt lat="60.233512" lon="24.96034"><ele>32.1</ele><time>2026-04-11T06:13:05Z</time><extensions><gpxtpx:TrackPointExtension><gpxtpx:hr>100</gpxtpx:hr></gpxtpx:TrackPointExtension></extensions></trkpt><trkpt lat="60.233505" lon="24.960313"><ele>32.1</ele><time>2026-04-11T06:13:06Z</time></trkpt><trkpt lat="60.233503" lon="24.960287"><ele>31.9</ele><time>2026-04-11T06:13:07Z</time></trkpt><trkpt lat="60.233493" lon="24.960267"><ele>32.0</ele><time>2026-04-11T06:13:08Z</time></trkpt><trkpt lat="60.233485" lon="24.960247"><ele>32.0</ele><time>2026-04-11T06:13:09Z</time></trkpt><trkpt lat="60.233478" lon="24.960225"><ele>32.1</ele><time>2026-04-11T06:13:10Z</time><extensions><gpxtpx:TrackPointExtension><gpxtpx:hr>97</gpxtpx:hr></gpxtpx:TrackPointExtension></extensions></trkpt><trkpt lat="60.233473" lon="24.960202"><ele>32.0</ele><time>2026-04-11T06:13:11Z</time></trkpt><trkpt lat="60.233467" lon="24.960178"><ele>32.2</ele><time>2026-04-11T06:13:12Z</time></trkpt><trkpt lat="60.233465" lon="24.960157"><ele>31.9</ele><time>2026-04-11T06:13:13Z</time></trkpt><trkpt lat="60.23346" lon="24.960135"><ele>32.3</ele><time>2026-04-11T06:13:14Z</time></trkpt><trkpt lat="60.233457" lon="24.96011"><ele>32.4</ele><time>2026-04-11T06:13:15Z</time></trkpt><trkpt lat="60.23345" lon="24.960085"><ele>32.3</ele><time>2026-04-11T06:13:16Z</time><extensions><gpxtpx:TrackPointExtension><gpxtpx:hr>96</gpxtpx:hr></gpxtpx:TrackPointExtension></extensions></trkpt><trkpt lat="60.233442" lon="24.960057"><ele>32.4</ele><time>2026-04-11T06:13:17Z</time></trkpt><trkpt lat="60.233435" lon="24.960035"><ele>32.6</ele><time>2026-04-11T06:13:18Z</time></trkpt><trkpt lat="60.23343" lon="24.960007"><ele>32.5</ele><time>2026-04-11T06:13:19Z</time></trkpt><trkpt lat="60.233425" lon="24.959983"><ele>32.4</ele><time>2026-04-11T06:13:20Z</time><extensions><gpxtpx:TrackPointExtension><gpxtpx:hr>97</gpxtpx:hr></gpxtpx:TrackPointExtension></extensions></trkpt><trkpt lat="60.23342" lon="24.95996"><ele>32.6</ele><time>2026-04-11T06:13:21Z</time></trkpt><trkpt lat="60.233413" lon="24.959935"><ele>32.7</ele><time>2026-04-11T06:13:22Z</time></trkpt><trkpt lat="60.233408" lon="24.95991"><ele>32.7</ele><time>2026-04-11T06:13:23Z</time></trkpt><trkpt lat="60.233402" lon="24.959887"><ele>32.8</ele><time>2026-04-11T06:13:24Z</time></trkpt><trkpt lat="60.233395" lon="24.959863"><ele>32.9</ele><time>2026-04-11T06:13:25Z</time></trkpt><trkpt lat="60.23339" lon="24.959838"><ele>32.9</ele><time>2026-04-11T06:13:26Z</time></trkpt><trkpt lat="60.233383" lon="24.959817"><ele>32.8</ele><time>2026-04-11T06:13:27Z</time><extensions><gpxtpx:TrackPointExtension><gpxtpx:hr>99</gpxtpx:hr></gpxtpx:TrackPointExtension></extensions></trkpt><trkpt lat="60.233377" lon="24.959793"><ele>32.9</ele><time>2026-04-11T06:13:28Z</time></trkpt><trkpt lat="60.23337" lon="24.959768"><ele>32.8</ele><time>2026-04-11T06:13:29Z</time></trkpt><trkpt lat="60.233365" lon="24.959743"><ele>33.0</ele><time>2026-04-11T06:13:30Z</time></trkpt><trkpt lat="60.233358" lon="24.95972"><ele>33.0</ele><time>2026-04-11T06:13:31Z</time></trkpt><trkpt lat="60.23335" lon="24.9597"><ele>33.0</ele><time>2026-04-11T06:13:32Z</time><extensions><gpxtpx:TrackPointExtension><gpxtpx:hr>98</gpxtpx:hr></gpxtpx:TrackPointExtension></extensions></trkpt><trkpt lat="60.233345" lon="24.959677"><ele>33.0</ele><time>2026-04-11T06:13:33Z</time></trkpt><trkpt lat="60.233337" lon="24.959653"><ele>33.1</ele><time>2026-04-11T06:13:34Z</time></trkpt><trkpt lat="60.233327" lon="24.959635"><ele>32.9</ele><time>2026-04-11T06:13:35Z</time></trkpt><trkpt lat="60.233322" lon="24.959612"><ele>33.0</ele><time>2026-04-11T06:13:36Z</time></trkpt><trkpt lat="60.233318" lon="24.959587"><ele>33.0</ele><time>2026-04-11T06:13:37Z</time></trkpt><trkpt lat="60.233313" lon="24.95956"><ele>32.9</ele><time>2026-04-11T06:13:38Z</time><extensions><gpxtpx:TrackPointExtension><gpxtpx:hr>97</gpxtpx:hr></gpxtpx:TrackPointExtension></extensions></trkpt><trkpt lat="60.233307" lon="24.959537"><ele>32.8</ele><time>2026-04-11T06:13:39Z</time></trkpt><trkpt lat="60.2333" lon="24.959512"><ele>32.9</ele><time>2026-04-11T06:13:40Z</time></trkpt><trkpt lat="60.233292" lon="24.95949"><ele>32.8</ele><time>2026-04-11T06:13:41Z</time></trkpt><trkpt lat="60.233285" lon="24.959468"><ele>32.8</ele><time>2026-04-11T06:13:42Z</time><extensions><gpxtpx:TrackPointExtension><gpxtpx:hr>96</gpxtpx:hr></gpxtpx:TrackPointExtension></extensions></trkpt><trkpt lat="60.23328" lon="24.959447"><ele>32.6</ele><time>2026-04-11T06:13:43Z</time></trkpt><trkpt lat="60.233265" lon="24.959433"><ele>33.1</ele><time>2026-04-11T06:13:44Z</time></trkpt><trkpt lat="60.233253" lon="24.959422"><ele>33.5</ele><time>2026-04-11T06:13:45Z</time></trkpt><trkpt lat="60.233245" lon="24.959407"><ele>33.2</ele><time>2026-04-11T06:13:46Z</time><extensions><gpxtpx:TrackPointExtension><gpxtpx:hr>95</gpxtpx:hr></gpxtpx:TrackPointExtension></extensions></trkpt><trkpt lat="60.233245" lon="24.959402"><ele>32.4</ele><time>2026-04-11T06:13:47Z</time></trkpt><trkpt lat="60.23324" lon="24.959385"><ele>32.4</ele><time>2026-04-11T06:13:48Z</time></trkpt><trkpt lat="60.233233" lon="24.959377"><ele>33.4</ele><time>2026-04-11T06:13:49Z</time><extensions><gpxtpx:TrackPointExtension><gpxtpx:hr>96</gpxtpx:hr></gpxtpx:TrackPointExtension></extensions></trkpt><trkpt lat="60.233225" lon="24.95937"><ele>33.2</ele><time>2026-04-11T06:13:50Z</time></trkpt><trkpt lat="60.233215" lon="24.959357"><ele>33.2</ele><time>2026-04-11T06:13:51Z</time></trkpt><trkpt lat="60.233207" lon="24.95934"><ele>33.4</ele><time>2026-04-11T06:13:52Z</time></trkpt><trkpt lat="60.233197" lon="24.959315"><ele>32.7</ele><time>2026-04-11T06:13:53Z</time></trkpt><trkpt lat="60.233195" lon="24.959303"><ele>32.6</ele><time>2026-04-11T06:13:54Z</time><extensions><gpxtpx:TrackPointExtension><gpxtpx:hr>98</gpxtpx:hr></gpxtpx:TrackPointExtension></extensions></trkpt><trkpt lat="60.233183" lon="24.959277"><ele>32.5</ele><time>2026-04-11T06:13:55Z</time></trkpt><trkpt lat="60.233175" lon="24.959263"><ele>33.3</ele><time>2026-04-11T06:13:56Z</time></trkpt><trkpt lat="60.233173" lon="24.959252"><ele>33.0</ele><time>2026-04-11T06:13:57Z</time></trkpt><trkpt lat="60.233168" lon="24.959218"><ele>33.3</ele><time>2026-04-11T06:13:58Z</time></trkpt><trkpt lat="60.233157" lon="24.95918"><ele>33.2</ele><time>2026-04-11T06:13:59Z</time><extensions><gpxtpx:TrackPointExtension><gpxtpx:hr>98</gpxtpx:hr></gpxtpx:TrackPointExtension></extensions></trkpt><trkpt lat="60.233155" lon="24.959158"><ele>33.1</ele><time>2026-04-11T06:14:00Z</time></trkpt><trkpt lat="60.233155" lon="24.95913"><ele>33.3</ele><time>2026-04-11T06:14:01Z</time></trkpt><trkpt lat="60.233147" lon="24.959107"><ele>33.3</ele><time>2026-04-11T06:14:02Z</time></trkpt><trkpt lat="60.233145" lon="24.959075"><ele>33.7</ele><time>2026-04-11T06:14:03Z</time></trkpt><trkpt lat="60.233142" lon="24.959053"><ele>34.1</ele><time>2026-04-11T06:14:04Z</time></trkpt><trkpt lat="60.233135" lon="24.959038"><ele>33.7</ele><time>2026-04-11T06:14:05Z</time></trkpt><trkpt lat="60.233128" lon="24.959017"><ele>34.3</ele><time>2026-04-11T06:14:06Z</time></trkpt><trkpt lat="60.233123" lon="24.958992"><ele>34.9</ele><time>2026-04-11T06:14:07Z</time></trkpt><trkpt lat="60.23312" lon="24.958967"><ele>35.1</ele><time>2026-04-11T06:14:08Z</time><extensions><gpxtpx:TrackPointExtension><gpxtpx:hr>99</gpxtpx:hr></gpxtpx:TrackPointExtension></extensions></trkpt><trkpt lat="60.233115" lon="24.958947"><ele>35.0</ele><time>2026-04-11T06:14:09Z</time></trkpt><trkpt lat="60.233108" lon="24.958915"><ele>35.0</ele><time>2026-04-11T06:14:10Z</time></trkpt><trkpt lat="60.233095" lon="24.958893"><ele>35.3</ele><time>2026-04-11T06:14:11Z</time></trkpt><trkpt lat="60.23308" lon="24.958883"><ele>35.0</ele><time>2026-04-11T06:14:12Z</time></trkpt><trkpt lat="60.233063" lon="24.958877"><ele>34.7</ele><time>2026-04-11T06:14:13Z</time><extensions><gpxtpx:TrackPointExtension><gpxtpx:hr>97</gpxtpx:hr></gpxtpx:TrackPointExtension></extensions></trkpt><trkpt lat="60.233045" lon="24.958878"><ele>34.7</ele><time>2026-04-11T06:14:14Z</time></trkpt><trkpt lat="60.233028" lon="24.958882"><ele>34.8</ele><time>2026-04-11T06:14:15Z</time></trkpt><trkpt lat="60.233012" lon="24.95888"><ele>35.2</ele><time>2026-04-11T06:14:16Z</time><extensions><gpxtpx:TrackPointExtension><gpxtpx:hr>98</gpxtpx:hr></gpxtpx:TrackPointExtension></extensions></trkpt><trkpt lat="60.232998" lon="24.958872"><ele>35.7</ele><time>2026-04-11T06:14:17Z</time></trkpt><trkpt lat="60.232985" lon="24.958867"><ele>35.6</ele><time>2026-04-11T06:14:18Z</time></trkpt><trkpt lat="60.232977" lon="24.958875"><ele>35.0</ele><time>2026-04-11T06:14:19Z</time></trkpt><trkpt lat="60.232967" lon="24.958868"><ele>34.7</ele><time>2026-04-11T06:14:20Z</time></trkpt><trkpt lat="60.232952" lon="24.958855"><ele>34.9</ele><time>2026-04-11T06:14:21Z</time><extensions><gpxtpx:TrackPointExtension><gpxtpx:hr>95</gpxtpx:hr></gpxtpx:TrackPointExtension></extensions></trkpt><trkpt lat="60.232938" lon="24.958848"><ele>34.5</ele><time>2026-04-11T06:14:22Z</time></trkpt><trkpt lat="60.232925" lon="24.958848"><ele>35.0</ele><time>2026-04-11T06:14:23Z</time></trkpt><trkpt lat="60.23291" lon="24.958847"><ele>34.5</ele><time>2026-04-11T06:14:24Z</time></trkpt><trkpt lat="60.232897" lon="24.95884"><ele>34.7</ele><time>2026-04-11T06:14:25Z</time></trkpt><trkpt lat="60.232883" lon="24.958838"><ele>34.7</ele><time>2026-04-11T06:14:26Z</time><extensions><gpxtpx:TrackPointExtension><gpxtpx:hr>94</gpxtpx:hr></gpxtpx:TrackPointExtension></extensions></trkpt><trkpt lat="60.232872" lon="24.958835"><ele>34.8</ele><time>2026-04-11T06:14:27Z</time></trkpt><trkpt lat="60.232865" lon="24.958823"><ele>35.3</ele><time>2026-04-11T06:14:28Z</time></trkpt><trkpt lat="60.232848" lon="24.958827"><ele>35.3</ele><time>2026-04-11T06:14:29Z</time></trkpt><trkpt lat="60.232838" lon="24.958822"><ele>35.2</ele><time>2026-04-11T06:14:30Z</time></trkpt><trkpt lat="60.23283" lon="24.958812"><ele>35.2</ele><time>2026-04-11T06:14:31Z</time></trkpt><trkpt lat="60.23281" lon="24.958808"><ele>35.2</ele><time>2026-04-11T06:14:32Z</time></trkpt><trkpt lat="60.232795" lon="24.958812"><ele>35.7</ele><time>2026-04-11T06:14:33Z</time><extensions><gpxtpx:TrackPointExtension><gpxtpx:hr>93</gpxtpx:hr></gpxtpx:TrackPointExtension></extensions></trkpt><trkpt lat="60.232782" lon="24.958827"><ele>35.4</ele><time>2026-04-11T06:14:34Z</time><extensions><gpxtpx:TrackPointExtension><gpxtpx:hr>94</gpxtpx:hr></gpxtpx:TrackPointExtension></extensions></trkpt><trkpt lat="60.23277" lon="24.958843"><ele>35.0</ele><time>2026-04-11T06:14:35Z</time></trkpt><trkpt lat="60.232757" lon="24.958865"><ele>34.5</ele><time>2026-04-11T06:14:36Z</time></trkpt><trkpt lat="60.232745" lon="24.958887"><ele>34.3</ele><time>2026-04-11T06:14:37Z</time></trkpt><trkpt lat="60.232733" lon="24.958907"><ele>34.2</ele><time>2026-04-11T06:14:38Z</time></trkpt><trkpt lat="60.232718" lon="24.95892"><ele>33.7</ele><time>2026-04-11T06:14:39Z</time><extensions><gpxtpx:TrackPointExtension><gpxtpx:hr>94</gpxtpx:hr></gpxtpx:TrackPointExtension></extensions></trkpt><trkpt lat="60.232707" lon="24.958935"><ele>33.2</ele><time>2026-04-11T06:14:40Z</time></trkpt><trkpt lat="60.232695" lon="24.95895"><ele>33.2</ele><time>2026-04-11T06:14:41Z</time></trkpt><trkpt lat="60.232683" lon="24.958967"><ele>32.0</ele><time>2026-04-11T06:14:42Z</time></trkpt><trkpt lat="60.232673" lon="24.958983"><ele>31.9</ele><time>2026-04-11T06:14:43Z</time></trkpt><trkpt lat="60.23266" lon="24.95899"><ele>31.9</ele><time>2026-04-11T06:14:44Z</time></trkpt><trkpt lat="60.232648" lon="24.959005"><ele>31.9</ele><time>2026-04-11T06:14:45Z</time></trkpt><trkpt lat="60.232638" lon="24.959023"><ele>32.2</ele><time>2026-04-11T06:14:46Z</time></trkpt><trkpt lat="60.232625" lon="24.959035"><ele>32.3</ele><time>2026-04-11T06:14:47Z</time></trkpt><trkpt lat="60.232613" lon="24.959047"><ele>32.1</ele><time>2026-04-11T06:14:48Z</time><extensions><gpxtpx:TrackPointExtension><gpxtpx:hr>94</gpxtpx:hr></gpxtpx:TrackPointExtension></extensions></trkpt><trkpt lat="60.2326" lon="24.95905"><ele>31.8</ele><time>2026-04-11T06:14:49Z</time></trkpt><trkpt lat="60.232587" lon="24.959057"><ele>31.7</ele><time>2026-04-11T06:14:50Z</time><extensions><gpxtpx:TrackPointExtension><gpxtpx:hr>94</gpxtpx:hr></gpxtpx:TrackPointExtension></extensions></trkpt><trkpt lat="60.232575" lon="24.959068"><ele>31.9</ele><time>2026-04-11T06:14:51Z</time></trkpt><trkpt lat="60.232563" lon="24.95908"><ele>31.9</ele><time>2026-04-11T06:14:52Z</time></trkpt><trkpt lat="60.23255" lon="24.959093"><ele>31.5</ele><time>2026-04-11T06:14:53Z</time></trkpt><trkpt lat="60.232537" lon="24.959097"><ele>31.7</ele><time>2026-04-11T06:14:54Z</time><extensions><gpxtpx:TrackPointExtension><gpxtpx:hr>93</gpxtpx:hr></gpxtpx:TrackPointExtension></extensions></trkpt><trkpt lat="60.232525" lon="24.959097"><ele>31.9</ele><time>2026-04-11T06:14:55Z</time></trkpt><trkpt lat="60.232512" lon="24.959107"><ele>32.0</ele><time>2026-04-11T06:14:56Z</time></trkpt><trkpt lat="60.232502" lon="24.959117"><ele>32.6</ele><time>2026-04-11T06:14:57Z</time></trkpt><trkpt lat="60.232488" lon="24.959123"><ele>32.9</ele><time>2026-04-11T06:14:58Z</time></trkpt><trkpt lat="60.232475" lon="24.95912"><ele>32.5</ele><time>2026-04-11T06:14:59Z</time></trkpt><trkpt lat="60.232463" lon="24.959098"><ele>32.0</ele><time>2026-04-11T06:15:00Z</time><extensions><gpxtpx:TrackPointExtension><gpxtpx:hr>96</gpxtpx:hr></gpxtpx:TrackPointExtension></extensions></trkpt><trkpt lat="60.232448" lon="24.959103"><ele>32.4</ele><time>2026-04-11T06:15:01Z</time></trkpt><trkpt lat="60.232435" lon="24.959112"><ele>32.4</ele><time>2026-04-11T06:15:02Z</time></trkpt><trkpt lat="60.232423" lon="24.959118"><ele>32.3</ele><time>2026-04-11T06:15:03Z</time></trkpt><trkpt lat="60.23241" lon="24.959107"><ele>31.8</ele><time>2026-04-11T06:15:04Z</time></trkpt><trkpt lat="60.232398" lon="24.95909"><ele>31.1</ele><time>2026-04-11T06:15:05Z</time><extensions><gpxtpx:TrackPointExtension><gpxtpx:hr>96</gpxtpx:hr></gpxtpx:TrackPointExtension></extensions></trkpt><trkpt lat="60.23239" lon="24.959063"><ele>31.0</ele><time>2026-04-11T06:15:06Z</time></trkpt><trkpt lat="60.232378" lon="24.959055"><ele>31.0</ele><time>2026-04-11T06:15:07Z</time></trkpt><trkpt lat="60.232363" lon="24.959052"><ele>31.8</ele><time>2026-04-11T06:15:08Z</time></trkpt><trkpt lat="60.23235" lon="24.959053"><ele>32.0</ele><time>2026-04-11T06:15:09Z</time></trkpt><trkpt lat="60.232338" lon="24.959043"><ele>31.9</ele><time>2026-04-11T06:15:10Z</time></trkpt><trkpt lat="60.232327" lon="24.959038"><ele>32.6</ele><time>2026-04-11T06:15:11Z</time></trkpt><trkpt lat="60.232313" lon="24.959032"><ele>32.9</ele><time>2026-04-11T06:15:12Z</time><extensions><gpxtpx:TrackPointExtension><gpxtpx:hr>95</gpxtpx:hr></gpxtpx:TrackPointExtension></extensions></trkpt><trkpt lat="60.232302" lon="24.959037"><ele>33.7</ele><time>2026-04-11T06:15:13Z</time></trkpt><trkpt lat="60.232288" lon="24.959053"><ele>33.5</ele><time>2026-04-11T06:15:14Z</time></trkpt><trkpt lat="60.232277" lon="24.959055"><ele>33.9</ele><time>2026-04-11T06:15:15Z</time></trkpt><trkpt lat="60.232265" lon="24.959068"><ele>33.4</ele><time>2026-04-11T06:15:16Z</time></trkpt><trkpt lat="60.232253" lon="24.959082"><ele>33.0</ele><time>2026-04-11T06:15:17Z</time></trkpt><trkpt lat="60.23224" lon="24.959087"><ele>32.3</ele><time>2026-04-11T06:15:17Z</time></trkpt><trkpt lat="60.232232" lon="24.959112"><ele>32.2</ele><time>2026-04-11T06:15:18Z</time><extensions><gpxtpx:TrackPointExtension><gpxtpx:hr>92</gpxtpx:hr></gpxtpx:TrackPointExtension></extensions></trkpt><trkpt lat="60.232218" lon="24.959117"><ele>32.4</ele><time>2026-04-11T06:15:19Z</time></trkpt><trkpt lat="60.232203" lon="24.959117"><ele>32.9</ele><time>2026-04-11T06:15:20Z</time></trkpt><trkpt lat="60.23219" lon="24.959117"><ele>32.9</ele><time>2026-04-11T06:15:21Z</time><extensions><gpxtpx:TrackPointExtension><gpxtpx:hr>91</gpxtpx:hr></gpxtpx:TrackPointExtension></extensions></trkpt><trkpt lat="60.232178" lon="24.95913"><ele>32.6</ele><time>2026-04-11T06:15:22Z</time></trkpt><trkpt lat="60.232165" lon="24.959138"><ele>32.9</ele><time>2026-04-11T06:15:23Z</time></trkpt><trkpt lat="60.232152" lon="24.959148"><ele>32.5</ele><time>2026-04-11T06:15:24Z</time><extensions><gpxtpx:TrackPointExtension><gpxtpx:hr>91</gpxtpx:hr></gpxtpx:TrackPointExtension></extensions></trkpt><trkpt lat="60.232142" lon="24.959165"><ele>32.1</ele><time>2026-04-11T06:15:25Z</time></trkpt><trkpt lat="60.232133" lon="24.959175"><ele>32.0</ele><time>2026-04-11T06:15:26Z</time></trkpt><trkpt lat="60.232125" lon="24.959185"><ele>31.9</ele><time>2026-04-11T06:15:27Z</time></trkpt><trkpt lat="60.232115" lon="24.959193"><ele>32.1</ele><time>2026-04-11T06:15:28Z</time></trkpt><trkpt lat="60.232103" lon="24.959203"><ele>32.4</ele><time>2026-04-11T06:15:29Z</time></trkpt><trkpt lat="60.232098" lon="24.959212"><ele>33.0</ele><time>2026-04-11T06:15:30Z</time></trkpt><trkpt lat="60.232093" lon="24.959235"><ele>33.1</ele><time>2026-04-11T06:15:31Z</time></trkpt><trkpt lat="60.23208" lon="24.959253"><ele>33.1</ele><time>2026-04-11T06:15:32Z</time></trkpt><trkpt lat="60.232068" lon="24.959268"><ele>32.8</ele><time>2026-04-11T06:15:33Z</time><extensions><gpxtpx:TrackPointExtension><gpxtpx:hr>91</gpxtpx:hr></gpxtpx:TrackPointExtension></extensions></trkpt><trkpt lat="60.232055" lon="24.959283"><ele>32.6</ele><time>2026-04-11T06:15:34Z</time><extensions><gpxtpx:TrackPointExtension><gpxtpx:hr>90</gpxtpx:hr></gpxtpx:TrackPointExtension></extensions></trkpt><trkpt lat="60.232042" lon="24.959298"><ele>32.5</ele><time>2026-04-11T06:15:35Z</time></trkpt><trkpt lat="60.232028" lon="24.959312"><ele>32.3</ele><time>2026-04-11T06:15:36Z</time></trkpt><trkpt lat="60.232013" lon="24.95932"><ele>31.6</ele><time>2026-04-11T06:15:37Z</time></trkpt><trkpt lat="60.232" lon="24.959333"><ele>31.8</ele><time>2026-04-11T06:15:38Z</time></trkpt><trkpt lat="60.231987" lon="24.959345"><ele>31.4</ele><time>2026-04-11T06:15:39Z</time></trkpt><trkpt lat="60.231975" lon="24.959368"><ele>31.1</ele><time>2026-04-11T06:15:40Z</time></trkpt><trkpt lat="60.231962" lon="24.959383"><ele>31.6</ele><time>2026-04-11T06:15:41Z</time></trkpt><trkpt lat="60.231953" lon="24.9594"><ele>31.6</ele><time>2026-04-11T06:15:42Z</time></trkpt><trkpt lat="60.231943" lon="24.95942"><ele>31.5</ele><time>2026-04-11T06:15:43Z</time><extensions><gpxtpx:TrackPointExtension><gpxtpx:hr>92</gpxtpx:hr></gpxtpx:TrackPointExtension></extensions></trkpt><trkpt lat="60.231933" lon="24.959445"><ele>31.8</ele><time>2026-04-11T06:15:44Z</time><extensions><gpxtpx:TrackPointExtension><gpxtpx:hr>92</gpxtpx:hr></gpxtpx:TrackPointExtension></extensions></trkpt><trkpt lat="60.231927" lon="24.959467"><ele>31.0</ele><time>2026-04-11T06:15:45Z</time></trkpt><trkpt lat="60.231913" lon="24.959478"><ele>31.3</ele><time>2026-04-11T06:15:46Z</time></trkpt><trkpt lat="60.2319" lon="24.959487"><ele>30.9</ele><time>2026-04-11T06:15:47Z</time></trkpt><trkpt lat="60.23189" lon="24.959503"><ele>30.6</ele><time>2026-04-11T06:15:48Z</time></trkpt><trkpt lat="60.23188" lon="24.959518"><ele>30.7</ele><time>2026-04-11T06:15:49Z</time><extensions><gpxtpx:TrackPointExtension><gpxtpx:hr>94</gpxtpx:hr></gpxtpx:TrackPointExtension></extensions></trkpt><trkpt lat="60.231868" lon="24.959547"><ele>30.3</ele><time>2026-04-11T06:15:50Z</time></trkpt><trkpt lat="60.231865" lon="24.959575"><ele>30.0</ele><time>2026-04-11T06:15:51Z</time></trkpt><trkpt lat="60.231853" lon="24.959595"><ele>30.2</ele><time>2026-04-11T06:15:52Z</time></trkpt><trkpt lat="60.231842" lon="24.959613"><ele>30.1</ele><time>2026-04-11T06:15:53Z</time></trkpt><trkpt lat="60.231833" lon="24.959637"><ele>30.3</ele><time>2026-04-11T06:15:54Z</time></trkpt><trkpt lat="60.231825" lon="24.959658"><ele>30.5</ele><time>2026-04-11T06:15:55Z</time></trkpt><trkpt lat="60.231813" lon="24.95967"><ele>30.4</ele><time>2026-04-11T06:15:56Z</time></trkpt><trkpt lat="60.231803" lon="24.95968"><ele>30.0</ele><time>2026-04-11T06:15:57Z</time><extensions><gpxtpx:TrackPointExtension><gpxtpx:hr>93</gpxtpx:hr></gpxtpx:TrackPointExtension></extensions></trkpt><trkpt lat="60.231785" lon="24.95968"><ele>29.6</ele><time>2026-04-11T06:15:58Z</time></trkpt><trkpt lat="60.231775" lon="24.959698"><ele>29.8</ele><time>2026-04-11T06:15:59Z</time></trkpt><trkpt lat="60.23177" lon="24.959728"><ele>30.1</ele><time>2026-04-11T06:16:00Z</time><extensions><gpxtpx:TrackPointExtension><gpxtpx:hr>94</gpxtpx:hr></gpxtpx:TrackPointExtension></extensions></trkpt><trkpt lat="60.231762" lon="24.959745"><ele>30.2</ele><time>2026-04-11T06:16:01Z</time></trkpt><trkpt lat="60.231748" lon="24.959757"><ele>30.3</ele><time>2026-04-11T06:16:02Z</time></trkpt><trkpt lat="60.231733" lon="24.95976"><ele>30.4</ele><time>2026-04-11T06:16:03Z</time></trkpt><trkpt lat="60.23172" lon="24.959768"><ele>31.0</ele><time>2026-04-11T06:16:04Z</time></trkpt><trkpt lat="60.231707" lon="24.95978"><ele>30.6</ele><time>2026-04-11T06:16:05Z</time></trkpt><trkpt lat="60.231693" lon="24.959793"><ele>30.6</ele><time>2026-04-11T06:16:06Z</time></trkpt><trkpt lat="60.231682" lon="24.959815"><ele>30.3</ele><time>2026-04-11T06:16:07Z</time></trkpt><trkpt lat="60.231673" lon="24.959843"><ele>30.4</ele><time>2026-04-11T06:16:08Z</time><extensions><gpxtpx:TrackPointExtension><gpxtpx:hr>93</gpxtpx:hr></gpxtpx:TrackPointExtension></extensions></trkpt><trkpt lat="60.231663" lon="24.959872"><ele>29.9</ele><time>2026-04-11T06:16:09Z</time></trkpt><trkpt lat="60.231657" lon="24.959902"><ele>29.0</ele><time>2026-04-11T06:16:10Z</time></trkpt><trkpt lat="60.231648" lon="24.959928"><ele>29.9</ele><time>2026-04-11T06:16:11Z</time></trkpt><trkpt lat="60.231637" lon="24.959947"><ele>29.6</ele><time>2026-04-11T06:16:12Z</time><extensions><gpxtpx:TrackPointExtension><gpxtpx:hr>93</gpxtpx:hr></gpxtpx:TrackPointExtension></extensions></trkpt><trkpt lat="60.231628" lon="24.959967"><ele>29.5</ele><time>2026-04-11T06:16:13Z</time></trkpt><trkpt lat="60.231622" lon="24.959992"><ele>29.3</ele><time>2026-04-11T06:16:14Z</time></trkpt><trkpt lat="60.231612" lon="24.960012"><ele>29.2</ele><time>2026-04-11T06:16:15Z</time></trkpt><trkpt lat="60.231605" lon="24.960035"><ele>29.6</ele><time>2026-04-11T06:16:16Z</time><extensions><gpxtpx:TrackPointExtension><gpxtpx:hr>94</gpxtpx:hr></gpxtpx:TrackPointExtension></extensions></trkpt><trkpt lat="60.231595" lon="24.960053"><ele>29.7</ele><time>2026-04-11T06:16:17Z</time></trkpt><trkpt lat="60.231583" lon="24.96007"><ele>29.6</ele><time>2026-04-11T06:16:18Z</time></trkpt><trkpt lat="60.231575" lon="24.96009"><ele>29.8</ele><time>2026-04-11T06:16:19Z</time><extensions><gpxtpx:TrackPointExtension><gpxtpx:hr>93</gpxtpx:hr></gpxtpx:TrackPointExtension></extensions></trkpt><trkpt lat="60.231568" lon="24.96011"><ele>29.6</ele><time>2026-04-11T06:16:20Z</time></trkpt><trkpt lat="60.231562" lon="24.960122"><ele>29.5</ele><time>2026-04-11T06:16:21Z</time></trkpt><trkpt lat="60.231552" lon="24.960142"><ele>29.7</ele><time>2026-04-11T06:16:22Z</time></trkpt><trkpt lat="60.231542" lon="24.960157"><ele>29.9</ele><time>2026-04-11T06:16:23Z</time></trkpt><trkpt lat="60.231533" lon="24.960172"><ele>29.8</ele><time>2026-04-11T06:16:24Z</time></trkpt><trkpt lat="60.231525" lon="24.960188"><ele>29.7</ele><time>2026-04-11T06:16:25Z</time></trkpt><trkpt lat="60.231527" lon="24.960183"><ele>28.9</ele><time>2026-04-11T06:16:26Z</time><extensions><gpxtpx:TrackPointExtension><gpxtpx:hr>88</gpxtpx:hr></gpxtpx:TrackPointExtension></extensions></trkpt><trkpt lat="60.23152" lon="24.96018"><ele>29.2</ele><time>2026-04-11T06:16:27Z</time></trkpt><trkpt lat="60.231498" lon="24.960193"><ele>29.9</ele><time>2026-04-11T06:16:28Z</time></trkpt><trkpt lat="60.231495" lon="24.96021"><ele>30.1</ele><time>2026-04-11T06:16:29Z</time></trkpt><trkpt lat="60.231493" lon="24.960232"><ele>29.3</ele><time>2026-04-11T06:16:30Z</time></trkpt><trkpt lat="60.231483" lon="24.960237"><ele>30.0</ele><time>2026-04-11T06:16:31Z</time></trkpt><trkpt lat="60.231463" lon="24.960242"><ele>30.1</ele><time>2026-04-11T06:16:32Z</time></trkpt><trkpt lat="60.23145" lon="24.960262"><ele>29.5</ele><time>2026-04-11T06:16:33Z</time><extensions><gpxtpx:TrackPointExtension><gpxtpx:hr>85</gpxtpx:hr></gpxtpx:TrackPointExtension></extensions></trkpt><trkpt lat="60.23144" lon="24.96029"><ele>29.3</ele><time>2026-04-11T06:16:34Z</time></trkpt><trkpt lat="60.231427" lon="24.960308"><ele>29.6</ele><time>2026-04-11T06:16:35Z</time><extensions><gpxtpx:TrackPointExtension><gpxtpx:hr>84</gpxtpx:hr></gpxtpx:TrackPointExtension></extensions></trkpt><trkpt lat="60.231418" lon="24.960325"><ele>29.0</ele><time>2026-04-11T06:16:36Z</time></trkpt><trkpt lat="60.23141" lon="24.960342"><ele>29.1</ele><time>2026-04-11T06:16:37Z</time></trkpt><trkpt lat="60.231398" lon="24.960365"><ele>29.1</ele><time>2026-04-11T06:16:38Z</time></trkpt><trkpt lat="60.23139" lon="24.960383"><ele>28.8</ele><time>2026-04-11T06:16:39Z</time></trkpt><trkpt lat="60.23138" lon="24.960408"><ele>29.2</ele><time>2026-04-11T06:16:40Z</time></trkpt><trkpt lat="60.231375" lon="24.960427"><ele>29.5</ele><time>2026-04-11T06:16:41Z</time></trkpt><trkpt lat="60.231367" lon="24.960442"><ele>29.8</ele><time>2026-04-11T06:16:42Z</time></trkpt><trkpt lat="60.231355" lon="24.960455"><ele>30.3</ele><time>2026-04-11T06:16:43Z</time><extensions><gpxtpx:TrackPointExtension><gpxtpx:hr>88</gpxtpx:hr></gpxtpx:TrackPointExtension></extensions></trkpt><trkpt lat="60.231342" lon="24.960472"><ele>29.9</ele><time>2026-04-11T06:16:44Z</time></trkpt><trkpt lat="60.23133" lon="24.960483"><ele>30.3</ele><time>2026-04-11T06:16:45Z</time><extensions><gpxtpx:TrackPointExtension><gpxtpx:hr>89</gpxtpx:hr></gpxtpx:TrackPointExtension></extensions></trkpt><trkpt lat="60.231317" lon="24.960495"><ele>29.6</ele><time>2026-04-11T06:16:46Z</time></trkpt><trkpt lat="60.231305" lon="24.960515"><ele>28.9</ele><time>2026-04-11T06:16:47Z</time></trkpt><trkpt lat="60.231295" lon="24.960545"><ele>28.5</ele><time>2026-04-11T06:16:48Z</time></trkpt><trkpt lat="60.231288" lon="24.960567"><ele>29.0</ele><time>2026-04-11T06:16:49Z</time></trkpt><trkpt lat="60.231282" lon="24.96059"><ele>29.0</ele><time>2026-04-11T06:16:50Z</time></trkpt><trkpt lat="60.231277" lon="24.960622"><ele>28.8</ele><time>2026-04-11T06:16:51Z</time></trkpt><trkpt lat="60.231272" lon="24.960642"><ele>29.1</ele><time>2026-04-11T06:16:52Z</time><extensions><gpxtpx:TrackPointExtension><gpxtpx:hr>90</gpxtpx:hr></gpxtpx:TrackPointExtension></extensions></trkpt><trkpt lat="60.231258" lon="24.960645"><ele>29.1</ele><time>2026-04-11T06:16:53Z</time></trkpt><trkpt lat="60.231242" lon="24.96065"><ele>29.0</ele><time>2026-04-11T06:16:54Z</time></trkpt><trkpt lat="60.23123" lon="24.960673"><ele>29.0</ele><time>2026-04-11T06:16:55Z</time></trkpt><trkpt lat="60.231213" lon="24.960692"><ele>28.1</ele><time>2026-04-11T06:16:56Z</time></trkpt><trkpt lat="60.231202" lon="24.960705"><ele>27.9</ele><time>2026-04-11T06:16:57Z</time><extensions><gpxtpx:TrackPointExtension><gpxtpx:hr>88</gpxtpx:hr></gpxtpx:TrackPointExtension></extensions></trkpt><trkpt lat="60.231195" lon="24.960732"><ele>27.8</ele><time>2026-04-11T06:16:58Z</time></trkpt><trkpt lat="60.231185" lon="24.960753"><ele>27.7</ele><time>2026-04-11T06:16:59Z</time><extensions><gpxtpx:TrackPointExtension><gpxtpx:hr>88</gpxtpx:hr></gpxtpx:TrackPointExtension></extensions></trkpt><trkpt lat="60.231177" lon="24.960777"><ele>27.4</ele><time>2026-04-11T06:17:00Z</time></trkpt><trkpt lat="60.231167" lon="24.960793"><ele>27.3</ele><time>2026-04-11T06:17:01Z</time></trkpt><trkpt lat="60.231153" lon="24.960807"><ele>27.3</ele><time>2026-04-11T06:17:02Z</time></trkpt><trkpt lat="60.231145" lon="24.96083"><ele>27.0</ele><time>2026-04-11T06:17:03Z</time></trkpt><trkpt lat="60.231135" lon="24.96085"><ele>26.9</ele><time>2026-04-11T06:17:04Z</time></trkpt><trkpt lat="60.23112" lon="24.96086"><ele>26.7</ele><time>2026-04-11T06:17:05Z</time></trkpt><trkpt lat="60.23111" lon="24.960875"><ele>26.6</ele><time>2026-04-11T06:17:06Z</time></trkpt><trkpt lat="60.230895" lon="24.961252"><ele>35.8</ele><time>2026-04-11T06:17:28Z</time><extensions><gpxtpx:TrackPointExtension><gpxtpx:hr>89</gpxtpx:hr></gpxtpx:TrackPointExtension></extensions></trkpt><trkpt lat="60.230895" lon="24.961252"><ele>35.8</ele><time>2026-04-11T06:17:11Z</time><extensions><gpxtpx:TrackPointExtension><gpxtpx:hr>87</gpxtpx:hr></gpxtpx:TrackPointExtension></extensions></trkpt><trkpt lat="60.230895" lon="24.961252"><ele>35.8</ele><time>2026-04-11T06:17:18Z</time><extensions><gpxtpx:TrackPointExtension><gpxtpx:hr>90</gpxtpx:hr></gpxtpx:TrackPointExtension></extensions></trkpt><trkpt lat="60.230895" lon="24.961252"><ele>35.8</ele><time>2026-04-11T06:17:21Z</time><extensions><gpxtpx:TrackPointExtension><gpxtpx:hr>90</gpxtpx:hr></gpxtpx:TrackPointExtension></extensions></trkpt><trkpt lat="60.230895" lon="24.961252"><ele>35.8</ele><time>2026-04-11T06:17:28Z</time><extensions><gpxtpx:TrackPointExtension><gpxtpx:hr>89</gpxtpx:hr></gpxtpx:TrackPointExtension></extensions></trkpt><trkpt lat="60.230888" lon="24.961263"><ele>33.7</ele><time>2026-04-11T06:17:29Z</time></trkpt><trkpt lat="60.230875" lon="24.961267"><ele>33.0</ele><time>2026-04-11T06:17:30Z</time></trkpt><trkpt lat="60.230863" lon="24.961282"><ele>33.0</ele><time>2026-04-11T06:17:31Z</time></trkpt><trkpt lat="60.230842" lon="24.96129"><ele>32.2</ele><time>2026-04-11T06:17:32Z</time><extensions><gpxtpx:TrackPointExtension><gpxtpx:hr>87</gpxtpx:hr></gpxtpx:TrackPointExtension></extensions></trkpt><trkpt lat="60.230823" lon="24.961303"><ele>31.8</ele><time>2026-04-11T06:17:33Z</time></trkpt><trkpt lat="60.230812" lon="24.961317"><ele>31.1</ele><time>2026-04-11T06:17:34Z</time></trkpt><trkpt lat="60.2308" lon="24.961333"><ele>30.8</ele><time>2026-04-11T06:17:35Z</time></trkpt><trkpt lat="60.230787" lon="24.96135"><ele>30.7</ele><time>2026-04-11T06:17:36Z</time></trkpt><trkpt lat="60.230778" lon="24.961365"><ele>30.5</ele><time>2026-04-11T06:17:37Z</time></trkpt><trkpt lat="60.230768" lon="24.961378"><ele>30.4</ele><time>2026-04-11T06:17:38Z</time><extensions><gpxtpx:TrackPointExtension><gpxtpx:hr>91</gpxtpx:hr></gpxtpx:TrackPointExtension></extensions></trkpt><trkpt lat="60.23076" lon="24.96139"><ele>30.3</ele><time>2026-04-11T06:17:39Z</time></trkpt><trkpt lat="60.230752" lon="24.961402"><ele>30.4</ele><time>2026-04-11T06:17:40Z</time></trkpt><trkpt lat="60.230743" lon="24.961408"><ele>30.4</ele><time>2026-04-11T06:17:41Z</time></trkpt><trkpt lat="60.230745" lon="24.961445"><ele>24.5</ele><time>2026-04-11T06:17:42Z</time></trkpt><trkpt lat="60.23073" lon="24.961473"><ele>23.9</ele><time>2026-04-11T06:17:43Z</time><extensions><gpxtpx:TrackPointExtension><gpxtpx:hr>91</gpxtpx:hr></gpxtpx:TrackPointExtension></extensions></trkpt><trkpt lat="60.230722" lon="24.961497"><ele>22.9</ele><time>2026-04-11T06:17:44Z</time></trkpt><trkpt lat="60.230715" lon="24.961535"><ele>22.0</ele><time>2026-04-11T06:17:45Z</time><extensions><gpxtpx:TrackPointExtension><gpxtpx:hr>90</gpxtpx:hr></gpxtpx:TrackPointExtension></extensions></trkpt><trkpt lat="60.230703" lon="24.961547"><ele>22.5</ele><time>2026-04-11T06:17:46Z</time></trkpt><trkpt lat="60.23069" lon="24.961565"><ele>23.1</ele><time>2026-04-11T06:17:47Z</time></trkpt><trkpt lat="60.23068" lon="24.961563"><ele>23.1</ele><time>2026-04-11T06:17:48Z</time></trkpt><trkpt lat="60.230675" lon="24.961567"><ele>24.0</ele><time>2026-04-11T06:17:49Z</time><extensions><gpxtpx:TrackPointExtension><gpxtpx:hr>90</gpxtpx:hr></gpxtpx:TrackPointExtension></extensions></trkpt><trkpt lat="60.230665" lon="24.961572"><ele>23.7</ele><time>2026-04-11T06:17:50Z</time></trkpt><trkpt lat="60.230653" lon="24.961595"><ele>23.6</ele><time>2026-04-11T06:17:51Z</time></trkpt><trkpt lat="60.230642" lon="24.961608"><ele>23.4</ele><time>2026-04-11T06:17:52Z</time></trkpt><trkpt lat="60.230627" lon="24.961627"><ele>23.0</ele><time>2026-04-11T06:17:53Z</time></trkpt><trkpt lat="60.230617" lon="24.961643"><ele>23.0</ele><time>2026-04-11T06:17:54Z</time></trkpt><trkpt lat="60.230603" lon="24.961662"><ele>22.4</ele><time>2026-04-11T06:17:55Z</time></trkpt><trkpt lat="60.230592" lon="24.961677"><ele>22.8</ele><time>2026-04-11T06:17:56Z</time></trkpt><trkpt lat="60.230582" lon="24.961687"><ele>23.3</ele><time>2026-04-11T06:17:57Z</time></trkpt><trkpt lat="60.230568" lon="24.961693"><ele>23.4</ele><time>2026-04-11T06:17:58Z</time><extensions><gpxtpx:TrackPointExtension><gpxtpx:hr>85</gpxtpx:hr></gpxtpx:TrackPointExtension></extensions></trkpt><trkpt lat="60.23056" lon="24.961713"><ele>23.0</ele><time>2026-04-11T06:17:59Z</time></trkpt><trkpt lat="60.230552" lon="24.961737"><ele>22.7</ele><time>2026-04-11T06:18:00Z</time></trkpt><trkpt lat="60.230538" lon="24.961752"><ele>22.7</ele><time>2026-04-11T06:18:01Z</time></trkpt><trkpt lat="60.230528" lon="24.961765"><ele>22.4</ele><time>2026-04-11T06:18:02Z</time><extensions><gpxtpx:TrackPointExtension><gpxtpx:hr>85</gpxtpx:hr></gpxtpx:TrackPointExtension></extensions></trkpt><trkpt lat="60.230515" lon="24.961783"><ele>22.8</ele><time>2026-04-11T06:18:03Z</time></trkpt><trkpt lat="60.230507" lon="24.961802"><ele>23.2</ele><time>2026-04-11T06:18:04Z</time></trkpt><trkpt lat="60.230495" lon="24.96182"><ele>23.7</ele><time>2026-04-11T06:18:05Z</time></trkpt><trkpt lat="60.230483" lon="24.961833"><ele>23.8</ele><time>2026-04-11T06:18:06Z</time></trkpt><trkpt lat="60.230475" lon="24.961853"><ele>24.7</ele><time>2026-04-11T06:18:07Z</time></trkpt><trkpt lat="60.230467" lon="24.96187"><ele>24.3</ele><time>2026-04-11T06:18:08Z</time><extensions><gpxtpx:TrackPointExtension><gpxtpx:hr>85</gpxtpx:hr></gpxtpx:TrackPointExtension></extensions></trkpt><trkpt lat="60.230455" lon="24.961882"><ele>24.6</ele><time>2026-04-11T06:18:09Z</time></trkpt><trkpt lat="60.230448" lon="24.961907"><ele>24.9</ele><time>2026-04-11T06:18:10Z</time></trkpt><trkpt lat="60.230438" lon="24.96192"><ele>25.1</ele><time>2026-04-11T06:18:11Z</time></trkpt><trkpt lat="60.230428" lon="24.961933"><ele>25.1</ele><time>2026-04-11T06:18:12Z</time></trkpt><trkpt lat="60.230417" lon="24.961943"><ele>24.7</ele><time>2026-04-11T06:18:13Z</time><extensions><gpxtpx:TrackPointExtension><gpxtpx:hr>86</gpxtpx:hr></gpxtpx:TrackPointExtension></extensions></trkpt><trkpt lat="60.230407" lon="24.961955"><ele>24.9</ele><time>2026-04-11T06:18:14Z</time></trkpt><trkpt lat="60.230395" lon="24.96197"><ele>25.3</ele><time>2026-04-11T06:18:15Z</time><extensions><gpxtpx:TrackPointExtension><gpxtpx:hr>86</gpxtpx:hr></gpxtpx:TrackPointExtension></extensions></trkpt><trkpt lat="60.230385" lon="24.961982"><ele>25.8</ele><time>2026-04-11T06:18:16Z</time></trkpt><trkpt lat="60.230373" lon="24.961993"><ele>26.0</ele><time>2026-04-11T06:18:17Z</time></trkpt><trkpt lat="60.230363" lon="24.962008"><ele>26.4</ele><time>2026-04-11T06:18:18Z</time></trkpt><trkpt lat="60.230357" lon="24.96203"><ele>26.7</ele><time>2026-04-11T06:18:19Z</time></trkpt><trkpt lat="60.23035" lon="24.96204"><ele>27.4</ele><time>2026-04-11T06:18:20Z</time></trkpt><trkpt lat="60.230337" lon="24.96205"><ele>27.4</ele><time>2026-04-11T06:18:21Z</time></trkpt><trkpt lat="60.230323" lon="24.96206"><ele>26.4</ele><time>2026-04-11T06:18:22Z</time></trkpt><trkpt lat="60.230315" lon="24.962075"><ele>25.5</ele><time>2026-04-11T06:18:23Z</time><extensions><gpxtpx:TrackPointExtension><gpxtpx:hr>84</gpxtpx:hr></gpxtpx:TrackPointExtension></extensions></trkpt><trkpt lat="60.230305" lon="24.962093"><ele>25.0</ele><time>2026-04-11T06:18:24Z</time></trkpt><trkpt lat="60.230292" lon="24.962112"><ele>24.9</ele><time>2026-04-11T06:18:25Z</time></trkpt><trkpt lat="60.23028" lon="24.962123"><ele>24.8</ele><time>2026-04-11T06:18:26Z</time><extensions><gpxtpx:TrackPointExtension><gpxtpx:hr>85</gpxtpx:hr></gpxtpx:TrackPointExtension></extensions></trkpt><trkpt lat="60.23027" lon="24.962138"><ele>25.2</ele><time>2026-04-11T06:18:27Z</time></trkpt><trkpt lat="60.23026" lon="24.962155"><ele>25.8</ele><time>2026-04-11T06:18:28Z</time></trkpt><trkpt lat="60.230248" lon="24.962163"><ele>25.8</ele><time>2026-04-11T06:18:29Z</time><extensions><gpxtpx:TrackPointExtension><gpxtpx:hr>85</gpxtpx:hr></gpxtpx:TrackPointExtension></extensions></trkpt><trkpt lat="60.230237" lon="24.96217"><ele>26.5</ele><time>2026-04-11T06:18:30Z</time></trkpt><trkpt lat="60.230227" lon="24.962183"><ele>26.8</ele><time>2026-04-11T06:18:31Z</time></trkpt><trkpt lat="60.230215" lon="24.962197"><ele>26.7</ele><time>2026-04-11T06:18:32Z</time></trkpt><trkpt lat="60.230202" lon="24.962208"><ele>24.8</ele><time>2026-04-11T06:18:33Z</time></trkpt><trkpt lat="60.230192" lon="24.962213"><ele>23.8</ele><time>2026-04-11T06:18:34Z</time><extensions><gpxtpx:TrackPointExtension><gpxtpx:hr>86</gpxtpx:hr></gpxtpx:TrackPointExtension></extensions></trkpt><trkpt lat="60.230182" lon="24.962235"><ele>24.4</ele><time>2026-04-11T06:18:35Z</time></trkpt><trkpt lat="60.230173" lon="24.962253"><ele>24.7</ele><time>2026-04-11T06:18:36Z</time></trkpt><trkpt lat="60.230167" lon="24.962268"><ele>25.3</ele><time>2026-04-11T06:18:37Z</time></trkpt><trkpt lat="60.230158" lon="24.962283"><ele>25.0</ele><time>2026-04-11T06:18:38Z</time></trkpt><trkpt lat="60.23015" lon="24.9623"><ele>24.1</ele><time>2026-04-11T06:18:39Z</time><extensions><gpxtpx:TrackPointExtension><gpxtpx:hr>89</gpxtpx:hr></gpxtpx:TrackPointExtension></extensions></trkpt><trkpt lat="60.230142" lon="24.962317"><ele>24.3</ele><time>2026-04-11T06:18:40Z</time></trkpt><trkpt lat="60.230132" lon="24.962337"><ele>24.3</ele><time>2026-04-11T06:18:41Z</time></trkpt><trkpt lat="60.230117" lon="24.962358"><ele>23.7</ele><time>2026-04-11T06:18:42Z</time></trkpt><trkpt lat="60.23011" lon="24.962372"><ele>24.5</ele><time>2026-04-11T06:18:43Z</time></trkpt><trkpt lat="60.2301" lon="24.962392"><ele>24.9</ele><time>2026-04-11T06:18:44Z</time></trkpt><trkpt lat="60.230092" lon="24.962403"><ele>25.0</ele><time>2026-04-11T06:18:45Z</time></trkpt><trkpt lat="60.230078" lon="24.962415"><ele>23.7</ele><time>2026-04-11T06:18:46Z</time></trkpt><trkpt lat="60.230068" lon="24.96243"><ele>23.9</ele><time>2026-04-11T06:18:47Z</time><extensions><gpxtpx:TrackPointExtension><gpxtpx:hr>91</gpxtpx:hr></gpxtpx:TrackPointExtension></extensions></trkpt><trkpt lat="60.230058" lon="24.962448"><ele>23.4</ele><time>2026-04-11T06:18:48Z</time></trkpt><trkpt lat="60.230053" lon="24.96247"><ele>24.0</ele><time>2026-04-11T06:18:49Z</time></trkpt><trkpt lat="60.230043" lon="24.962493"><ele>24.0</ele><time>2026-04-11T06:18:50Z</time></trkpt><trkpt lat="60.23003" lon="24.96251"><ele>23.8</ele><time>2026-04-11T06:18:51Z</time><extensions><gpxtpx:TrackPointExtension><gpxtpx:hr>90</gpxtpx:hr></gpxtpx:TrackPointExtension></extensions></trkpt><trkpt lat="60.230022" lon="24.962522"><ele>24.1</ele><time>2026-04-11T06:18:52Z</time></trkpt><trkpt lat="60.23001" lon="24.962533"><ele>24.5</ele><time>2026-04-11T06:18:53Z</time></trkpt><trkpt lat="60.23" lon="24.96255"><ele>24.2</ele><time>2026-04-11T06:18:54Z</time><extensions><gpxtpx:TrackPointExtension><gpxtpx:hr>90</gpxtpx:hr></gpxtpx:TrackPointExtension></extensions></trkpt><trkpt lat="60.22999" lon="24.962565"><ele>24.0</ele><time>2026-04-11T06:18:55Z</time></trkpt><trkpt lat="60.229975" lon="24.962577"><ele>23.8</ele><time>2026-04-11T06:18:56Z</time></trkpt><trkpt lat="60.229963" lon="24.962593"><ele>23.4</ele><time>2026-04-11T06:18:57Z</time></trkpt><trkpt lat="60.229952" lon="24.962605"><ele>24.9</ele><time>2026-04-11T06:18:58Z</time></trkpt><trkpt lat="60.229943" lon="24.962627"><ele>26.1</ele><time>2026-04-11T06:18:59Z</time><extensions><gpxtpx:TrackPointExtension><gpxtpx:hr>92</gpxtpx:hr></gpxtpx:TrackPointExtension></extensions></trkpt><trkpt lat="60.229932" lon="24.962638"><ele>26.2</ele><time>2026-04-11T06:19:00Z</time></trkpt><trkpt lat="60.229923" lon="24.962653"><ele>26.7</ele><time>2026-04-11T06:19:01Z</time></trkpt><trkpt lat="60.229915" lon="24.962673"><ele>26.6</ele><time>2026-04-11T06:19:02Z</time></trkpt><trkpt lat="60.229903" lon="24.962688"><ele>25.5</ele><time>2026-04-11T06:19:03Z</time></trkpt><trkpt lat="60.229892" lon="24.962695"><ele>25.5</ele><time>2026-04-11T06:19:04Z</time></trkpt><trkpt lat="60.22988" lon="24.96271"><ele>25.8</ele><time>2026-04-11T06:19:05Z</time></trkpt><trkpt lat="60.229868" lon="24.962727"><ele>25.2</ele><time>2026-04-11T06:19:06Z</time></trkpt><trkpt lat="60.229858" lon="24.962737"><ele>24.7</ele><time>2026-04-11T06:19:07Z</time></trkpt><trkpt lat="60.229848" lon="24.962757"><ele>24.1</ele><time>2026-04-11T06:19:08Z</time><extensions><gpxtpx:TrackPointExtension><gpxtpx:hr>90</gpxtpx:hr></gpxtpx:TrackPointExtension></extensions></trkpt><trkpt lat="60.229835" lon="24.962785"><ele>23.2</ele><time>2026-04-11T06:19:09Z</time></trkpt><trkpt lat="60.229822" lon="24.96281"><ele>24.3</ele><time>2026-04-11T06:19:10Z</time></trkpt><trkpt lat="60.229808" lon="24.962832"><ele>24.8</ele><time>2026-04-11T06:19:11Z</time></trkpt><trkpt lat="60.229795" lon="24.962853"><ele>24.9</ele><time>2026-04-11T06:19:12Z</time></trkpt><trkpt lat="60.22978" lon="24.962872"><ele>24.2</ele><time>2026-04-11T06:19:13Z</time><extensions><gpxtpx:TrackPointExtension><gpxtpx:hr>89</gpxtpx:hr></gpxtpx:TrackPointExtension></extensions></trkpt><trkpt lat="60.229767" lon="24.962885"><ele>22.6</ele><time>2026-04-11T06:19:14Z</time></trkpt><trkpt lat="60.229757" lon="24.962903"><ele>23.0</ele><time>2026-04-11T06:19:15Z</time></trkpt><trkpt lat="60.229742" lon="24.962917"><ele>23.9</ele><time>2026-04-11T06:19:16Z</time></trkpt><trkpt lat="60.22973" lon="24.96293"><ele>24.4</ele><time>2026-04-11T06:19:17Z</time></trkpt><trkpt lat="60.229717" lon="24.962938"><ele>25.0</ele><time>2026-04-11T06:19:18Z</time><extensions><gpxtpx:TrackPointExtension><gpxtpx:hr>90</gpxtpx:hr></gpxtpx:TrackPointExtension></extensions></trkpt><trkpt lat="60.229708" lon="24.96296"><ele>25.1</ele><time>2026-04-11T06:19:19Z</time><extensions><gpxtpx:TrackPointExtension><gpxtpx:hr>91</gpxtpx:hr></gpxtpx:TrackPointExtension></extensions></trkpt><trkpt lat="60.2297" lon="24.962983"><ele>24.7</ele><time>2026-04-11T06:19:20Z</time></trkpt><trkpt lat="60.22969" lon="24.962997"><ele>24.1</ele><time>2026-04-11T06:19:21Z</time></trkpt><trkpt lat="60.229677" lon="24.96302"><ele>24.5</ele><time>2026-04-11T06:19:22Z</time></trkpt><trkpt lat="60.229663" lon="24.963033"><ele>24.0</ele><time>2026-04-11T06:19:23Z</time></trkpt><trkpt lat="60.229652" lon="24.963047"><ele>23.4</ele><time>2026-04-11T06:19:24Z</time><extensions><gpxtpx:TrackPointExtension><gpxtpx:hr>92</gpxtpx:hr></gpxtpx:TrackPointExtension></extensions></trkpt><trkpt lat="60.22964" lon="24.963063"><ele>23.4</ele><time>2026-04-11T06:19:25Z</time></trkpt><trkpt lat="60.229628" lon="24.963073"><ele>22.7</ele><time>2026-04-11T06:19:26Z</time></trkpt><trkpt lat="60.22962" lon="24.963082"><ele>22.7</ele><time>2026-04-11T06:19:27Z</time></trkpt><trkpt lat="60.22962" lon="24.963095"><ele>22.8</ele><time>2026-04-11T06:19:28Z</time></trkpt><trkpt lat="60.229612" lon="24.963105"><ele>22.5</ele><time>2026-04-11T06:19:29Z</time><extensions><gpxtpx:TrackPointExtension><gpxtpx:hr>94</gpxtpx:hr></gpxtpx:TrackPointExtension></extensions></trkpt><trkpt lat="60.229598" lon="24.963117"><ele>23.0</ele><time>2026-04-11T06:19:30Z</time></trkpt><trkpt lat="60.229587" lon="24.963137"><ele>23.5</ele><time>2026-04-11T06:19:31Z</time></trkpt><trkpt lat="60.22958" lon="24.963152"><ele>22.9</ele><time>2026-04-11T06:19:32Z</time></trkpt><trkpt lat="60.229568" lon="24.963163"><ele>23.1</ele><time>2026-04-11T06:19:33Z</time></trkpt><trkpt lat="60.229563" lon="24.963187"><ele>23.4</ele><time>2026-04-11T06:19:34Z</time></trkpt><trkpt lat="60.229552" lon="24.963203"><ele>23.6</ele><time>2026-04-11T06:19:35Z</time></trkpt><trkpt lat="60.22954" lon="24.963223"><ele>23.1</ele><time>2026-04-11T06:19:36Z</time></trkpt><trkpt lat="60.22953" lon="24.96324"><ele>24.0</ele><time>2026-04-11T06:19:37Z</time></trkpt><trkpt lat="60.229523" lon="24.963255"><ele>23.9</ele><time>2026-04-11T06:19:38Z</time><extensions><gpxtpx:TrackPointExtension><gpxtpx:hr>92</gpxtpx:hr></gpxtpx:TrackPointExtension></extensions></trkpt><trkpt lat="60.229517" lon="24.963268"><ele>24.1</ele><time>2026-04-11T06:19:39Z</time><extensions><gpxtpx:TrackPointExtension><gpxtpx:hr>92</gpxtpx:hr></gpxtpx:TrackPointExtension></extensions></trkpt><trkpt lat="60.229505" lon="24.96329"><ele>24.1</ele><time>2026-04-11T06:19:40Z</time></trkpt><trkpt lat="60.229493" lon="24.963305"><ele>23.8</ele><time>2026-04-11T06:19:41Z</time></trkpt><trkpt lat="60.229483" lon="24.96332"><ele>23.4</ele><time>2026-04-11T06:19:42Z</time></trkpt><trkpt lat="60.229473" lon="24.963335"><ele>23.0</ele><time>2026-04-11T06:19:43Z</time></trkpt><trkpt lat="60.229467" lon="24.963353"><ele>22.5</ele><time>2026-04-11T06:19:44Z</time></trkpt><trkpt lat="60.229455" lon="24.963373"><ele>22.5</ele><time>2026-04-11T06:19:45Z</time></trkpt><trkpt lat="60.229442" lon="24.96339"><ele>22.8</ele><time>2026-04-11T06:19:46Z</time></trkpt><trkpt lat="60.229433" lon="24.963412"><ele>22.6</ele><time>2026-04-11T06:19:47Z</time><extensions><gpxtpx:TrackPointExtension><gpxtpx:hr>89</gpxtpx:hr></gpxtpx:TrackPointExtension></extensions></trkpt><trkpt lat="60.229423" lon="24.963425"><ele>22.6</ele><time>2026-04-11T06:19:48Z</time></trkpt><trkpt lat="60.229417" lon="24.963443"><ele>22.2</ele><time>2026-04-11T06:19:49Z</time><extensions><gpxtpx:TrackPointExtension><gpxtpx:hr>89</gpxtpx:hr></gpxtpx:TrackPointExtension></extensions></trkpt><trkpt lat="60.229407" lon="24.963458"><ele>22.3</ele><time>2026-04-11T06:19:50Z</time></trkpt><trkpt lat="60.229402" lon="24.963475"><ele>22.3</ele><time>2026-04-11T06:19:51Z</time></trkpt><trkpt lat="60.229395" lon="24.963503"><ele>22.0</ele><time>2026-04-11T06:19:52Z</time></trkpt><trkpt lat="60.229393" lon="24.96353"><ele>22.2</ele><time>2026-04-11T06:19:53Z</time></trkpt><trkpt lat="60.229385" lon="24.963555"><ele>22.0</ele><time>2026-04-11T06:19:54Z</time></trkpt><trkpt lat="60.229382" lon="24.963577"><ele>23.0</ele><time>2026-04-11T06:19:55Z</time></trkpt><trkpt lat="60.229373" lon="24.963607"><ele>22.6</ele><time>2026-04-11T06:19:56Z</time></trkpt><trkpt lat="60.229372" lon="24.963638"><ele>22.1</ele><time>2026-04-11T06:19:57Z</time></trkpt><trkpt lat="60.22937" lon="24.963667"><ele>22.3</ele><time>2026-04-11T06:19:58Z</time><extensions><gpxtpx:TrackPointExtension><gpxtpx:hr>87</gpxtpx:hr></gpxtpx:TrackPointExtension></extensions></trkpt><trkpt lat="60.229373" lon="24.963693"><ele>22.9</ele><time>2026-04-11T06:19:59Z</time></trkpt><trkpt lat="60.229377" lon="24.963725"><ele>22.4</ele><time>2026-04-11T06:20:00Z</time></trkpt><trkpt lat="60.229373" lon="24.963745"><ele>23.3</ele><time>2026-04-11T06:20:01Z</time></trkpt><trkpt lat="60.229377" lon="24.963765"><ele>22.9</ele><time>2026-04-11T06:20:02Z</time></trkpt><trkpt lat="60.229377" lon="24.963792"><ele>22.7</ele><time>2026-04-11T06:20:03Z</time><extensions><gpxtpx:TrackPointExtension><gpxtpx:hr>87</gpxtpx:hr></gpxtpx:TrackPointExtension></extensions></trkpt><trkpt lat="60.229372" lon="24.963822"><ele>23.6</ele><time>2026-04-11T06:20:04Z</time></trkpt><trkpt lat="60.229357" lon="24.963848"><ele>22.9</ele><time>2026-04-11T06:20:05Z</time></trkpt><trkpt lat="60.229342" lon="24.963862"><ele>22.7</ele><time>2026-04-11T06:20:06Z</time><extensions><gpxtpx:TrackPointExtension><gpxtpx:hr>87</gpxtpx:hr></gpxtpx:TrackPointExtension></extensions></trkpt><trkpt lat="60.229332" lon="24.963882"><ele>22.5</ele><time>2026-04-11T06:20:07Z</time></trkpt><trkpt lat="60.229333" lon="24.963918"><ele>22.4</ele><time>2026-04-11T06:20:08Z</time></trkpt><trkpt lat="60.229342" lon="24.963942"><ele>21.5</ele><time>2026-04-11T06:20:09Z</time></trkpt><trkpt lat="60.229362" lon="24.963955"><ele>21.1</ele><time>2026-04-11T06:20:10Z</time></trkpt><trkpt lat="60.229378" lon="24.963968"><ele>21.4</ele><time>2026-04-11T06:20:11Z</time></trkpt><trkpt lat="60.229388" lon="24.963985"><ele>21.0</ele><time>2026-04-11T06:20:12Z</time><extensions><gpxtpx:TrackPointExtension><gpxtpx:hr>87</gpxtpx:hr></gpxtpx:TrackPointExtension></extensions></trkpt><trkpt lat="60.2294" lon="24.963993"><ele>21.0</ele><time>2026-04-11T06:20:13Z</time></trkpt><trkpt lat="60.229413" lon="24.964"><ele>20.6</ele><time>2026-04-11T06:20:14Z</time><extensions><gpxtpx:TrackPointExtension><gpxtpx:hr>88</gpxtpx:hr></gpxtpx:TrackPointExtension></extensions></trkpt><trkpt lat="60.229427" lon="24.96402"><ele>20.6</ele><time>2026-04-11T06:20:15Z</time></trkpt><trkpt lat="60.229435" lon="24.964042"><ele>20.6</ele><time>2026-04-11T06:20:16Z</time></trkpt><trkpt lat="60.229413" lon="24.964042"><ele>18.8</ele><time>2026-04-11T06:20:16Z</time></trkpt><trkpt lat="60.229425" lon="24.964055"><ele>18.9</ele><time>2026-04-11T06:20:17Z</time></trkpt><trkpt lat="60.229435" lon="24.964075"><ele>18.9</ele><time>2026-04-11T06:20:18Z</time></trkpt><trkpt lat="60.229443" lon="24.964095"><ele>18.9</ele><time>2026-04-11T06:20:19Z</time></trkpt><trkpt lat="60.229453" lon="24.964112"><ele>19.1</ele><time>2026-04-11T06:20:20Z</time></trkpt><trkpt lat="60.229463" lon="24.964128"><ele>19.4</ele><time>2026-04-11T06:20:21Z</time></trkpt><trkpt lat="60.229467" lon="24.964158"><ele>19.5</ele><time>2026-04-11T06:20:22Z</time></trkpt><trkpt lat="60.229475" lon="24.964175"><ele>19.5</ele><time>2026-04-11T06:20:23Z</time><extensions><gpxtpx:TrackPointExtension><gpxtpx:hr>87</gpxtpx:hr></gpxtpx:TrackPointExtension></extensions></trkpt><trkpt lat="60.229487" lon="24.96419"><ele>19.8</ele><time>2026-04-11T06:20:24Z</time></trkpt><trkpt lat="60.229497" lon="24.96421"><ele>19.5</ele><time>2026-04-11T06:20:25Z</time></trkpt><trkpt lat="60.229505" lon="24.96423"><ele>19.6</ele><time>2026-04-11T06:20:26Z</time></trkpt><trkpt lat="60.229513" lon="24.964255"><ele>19.3</ele><time>2026-04-11T06:20:27Z</time><extensions><gpxtpx:TrackPointExtension><gpxtpx:hr>89</gpxtpx:hr></gpxtpx:TrackPointExtension></extensions></trkpt><trkpt lat="60.229525" lon="24.964272"><ele>19.2</ele><time>2026-04-11T06:20:28Z</time></trkpt><trkpt lat="60.229537" lon="24.96429"><ele>19.0</ele><time>2026-04-11T06:20:29Z</time></trkpt><trkpt lat="60.229548" lon="24.964307"><ele>18.8</ele><time>2026-04-11T06:20:30Z</time></trkpt><trkpt lat="60.229558" lon="24.964328"><ele>18.8</ele><time>2026-04-11T06:20:31Z</time></trkpt><trkpt lat="60.229567" lon="24.964353"><ele>19.1</ele><time>2026-04-11T06:20:32Z</time></trkpt><trkpt lat="60.229578" lon="24.964375"><ele>19.2</ele><time>2026-04-11T06:20:33Z</time><extensions><gpxtpx:TrackPointExtension><gpxtpx:hr>94</gpxtpx:hr></gpxtpx:TrackPointExtension></extensions></trkpt><trkpt lat="60.22959" lon="24.964392"><ele>19.6</ele><time>2026-04-11T06:20:34Z</time></trkpt><trkpt lat="60.229602" lon="24.964407"><ele>19.8</ele><time>2026-04-11T06:20:35Z</time></trkpt><trkpt lat="60.22961" lon="24.964425"><ele>20.5</ele><time>2026-04-11T06:20:36Z</time></trkpt><trkpt lat="60.229625" lon="24.96444"><ele>20.9</ele><time>2026-04-11T06:20:37Z</time></trkpt><trkpt lat="60.229638" lon="24.964448"><ele>20.4</ele><time>2026-04-11T06:20:38Z</time><extensions><gpxtpx:TrackPointExtension><gpxtpx:hr>95</gpxtpx:hr></gpxtpx:TrackPointExtension></extensions></trkpt><trkpt lat="60.229652" lon="24.964458"><ele>20.1</ele><time>2026-04-11T06:20:39Z</time><extensions><gpxtpx:TrackPointExtension><gpxtpx:hr>95</gpxtpx:hr></gpxtpx:TrackPointExtension></extensions></trkpt><trkpt lat="60.229663" lon="24.964468"><ele>20.3</ele><time>2026-04-11T06:20:40Z</time></trkpt><trkpt lat="60.229672" lon="24.964492"><ele>20.7</ele><time>2026-04-11T06:20:41Z</time></trkpt><trkpt lat="60.229683" lon="24.964513"><ele>21.6</ele><time>2026-04-11T06:20:42Z</time></trkpt><trkpt lat="60.229698" lon="24.964528"><ele>22.2</ele><time>2026-04-11T06:20:43Z</time></trkpt><trkpt lat="60.229707" lon="24.964547"><ele>22.5</ele><time>2026-04-11T06:20:44Z</time><extensions><gpxtpx:TrackPointExtension><gpxtpx:hr>97</gpxtpx:hr></gpxtpx:TrackPointExtension></extensions></trkpt><trkpt lat="60.229715" lon="24.964555"><ele>22.9</ele><time>2026-04-11T06:20:45Z</time></trkpt><trkpt lat="60.229723" lon="24.964573"><ele>23.2</ele><time>2026-04-11T06:20:46Z</time></trkpt><trkpt lat="60.229735" lon="24.964595"><ele>22.6</ele><time>2026-04-11T06:20:47Z</time></trkpt><trkpt lat="60.229745" lon="24.964613"><ele>22.5</ele><time>2026-04-11T06:20:48Z</time></trkpt><trkpt lat="60.229755" lon="24.964632"><ele>22.2</ele><time>2026-04-11T06:20:49Z</time></trkpt><trkpt lat="60.229767" lon="24.96465"><ele>22.4</ele><time>2026-04-11T06:20:50Z</time><extensions><gpxtpx:TrackPointExtension><gpxtpx:hr>100</gpxtpx:hr></gpxtpx:TrackPointExtension></extensions></trkpt><trkpt lat="60.229778" lon="24.964665"><ele>23.1</ele><time>2026-04-11T06:20:51Z</time></trkpt><trkpt lat="60.229785" lon="24.964672"><ele>22.8</ele><time>2026-04-11T06:20:52Z</time></trkpt><trkpt lat="60.229785" lon="24.964693"><ele>23.6</ele><time>2026-04-11T06:20:53Z</time></trkpt><trkpt lat="60.229787" lon="24.964718"><ele>23.2</ele><time>2026-04-11T06:20:54Z</time></trkpt><trkpt lat="60.229787" lon="24.96475"><ele>22.5</ele><time>2026-04-11T06:20:55Z</time></trkpt><trkpt lat="60.229788" lon="24.964782"><ele>22.4</ele><time>2026-04-11T06:20:56Z</time></trkpt><trkpt lat="60.229787" lon="24.964795"><ele>21.4</ele><time>2026-04-11T06:20:57Z</time></trkpt><trkpt lat="60.22978" lon="24.964817"><ele>21.8</ele><time>2026-04-11T06:20:58Z</time><extensions><gpxtpx:TrackPointExtension><gpxtpx:hr>101</gpxtpx:hr></gpxtpx:TrackPointExtension></extensions></trkpt><trkpt lat="60.229768" lon="24.964847"><ele>22.9</ele><time>2026-04-11T06:20:59Z</time></trkpt><trkpt lat="60.229757" lon="24.964865"><ele>22.4</ele><time>2026-04-11T06:21:00Z</time></trkpt><trkpt lat="60.22975" lon="24.964892"><ele>22.7</ele><time>2026-04-11T06:21:01Z</time><extensions><gpxtpx:TrackPointExtension><gpxtpx:hr>101</gpxtpx:hr></gpxtpx:TrackPointExtension></extensions></trkpt><trkpt lat="60.229747" lon="24.96492"><ele>22.9</ele><time>2026-04-11T06:21:02Z</time></trkpt><trkpt lat="60.229748" lon="24.964952"><ele>22.7</ele><time>2026-04-11T06:21:03Z</time></trkpt><trkpt lat="60.229755" lon="24.96499"><ele>22.5</ele><time>2026-04-11T06:21:04Z</time></trkpt><trkpt lat="60.229763" lon="24.965022"><ele>22.3</ele><time>2026-04-11T06:21:05Z</time></trkpt><trkpt lat="60.22977" lon="24.965053"><ele>21.9</ele><time>2026-04-11T06:21:06Z</time></trkpt><trkpt lat="60.229775" lon="24.96508"><ele>21.7</ele><time>2026-04-11T06:21:07Z</time></trkpt><trkpt lat="60.229777" lon="24.965105"><ele>22.2</ele><time>2026-04-11T06:21:08Z</time><extensions><gpxtpx:TrackPointExtension><gpxtpx:hr>96</gpxtpx:hr></gpxtpx:TrackPointExtension></extensions></trkpt><trkpt lat="60.22978" lon="24.965132"><ele>22.5</ele><time>2026-04-11T06:21:09Z</time></trkpt><trkpt lat="60.229783" lon="24.965163"><ele>21.7</ele><time>2026-04-11T06:21:10Z</time></trkpt><trkpt lat="60.229795" lon="24.96519"><ele>22.1</ele><time>2026-04-11T06:21:11Z</time><extensions><gpxtpx:TrackPointExtension><gpxtpx:hr>96</gpxtpx:hr></gpxtpx:TrackPointExtension></extensions></trkpt><trkpt lat="60.229813" lon="24.965207"><ele>22.0</ele><time>2026-04-11T06:21:12Z</time></trkpt><trkpt lat="60.229827" lon="24.965225"><ele>21.9</ele><time>2026-04-11T06:21:13Z</time></trkpt><trkpt lat="60.229833" lon="24.965258"><ele>21.9</ele><time>2026-04-11T06:21:14Z</time></trkpt><trkpt lat="60.22984" lon="24.965282"><ele>22.3</ele><time>2026-04-11T06:21:15Z</time></trkpt><trkpt lat="60.229845" lon="24.965303"><ele>22.3</ele><time>2026-04-11T06:21:16Z</time></trkpt><trkpt lat="60.229853" lon="24.965322"><ele>22.5</ele><time>2026-04-11T06:21:17Z</time></trkpt><trkpt lat="60.229865" lon="24.965342"><ele>22.1</ele><time>2026-04-11T06:21:18Z</time><extensions><gpxtpx:TrackPointExtension><gpxtpx:hr>96</gpxtpx:hr></gpxtpx:TrackPointExtension></extensions></trkpt><trkpt lat="60.229873" lon="24.965355"><ele>22.1</ele><time>2026-04-11T06:21:19Z</time><extensions><gpxtpx:TrackPointExtension><gpxtpx:hr>96</gpxtpx:hr></gpxtpx:TrackPointExtension></extensions></trkpt><trkpt lat="60.229883" lon="24.96538"><ele>21.9</ele><time>2026-04-11T06:21:20Z</time></trkpt><trkpt lat="60.229892" lon="24.965405"><ele>21.7</ele><time>2026-04-11T06:21:21Z</time></trkpt><trkpt lat="60.229898" lon="24.965428"><ele>21.4</ele><time>2026-04-11T06:21:22Z</time></trkpt><trkpt lat="60.229902" lon="24.965447"><ele>21.8</ele><time>2026-04-11T06:21:23Z</time></trkpt><trkpt lat="60.229907" lon="24.965465"><ele>22.4</ele><time>2026-04-11T06:21:24Z</time></trkpt><trkpt lat="60.229912" lon="24.965488"><ele>22.4</ele><time>2026-04-11T06:21:25Z</time></trkpt><trkpt lat="60.229913" lon="24.96552"><ele>22.5</ele><time>2026-04-11T06:21:26Z</time><extensions><gpxtpx:TrackPointExtension><gpxtpx:hr>97</gpxtpx:hr></gpxtpx:TrackPointExtension></extensions></trkpt><trkpt lat="60.229912" lon="24.965538"><ele>23.1</ele><time>2026-04-11T06:21:27Z</time></trkpt><trkpt lat="60.229908" lon="24.965558"><ele>23.4</ele><time>2026-04-11T06:21:28Z</time></trkpt><trkpt lat="60.229905" lon="24.965592"><ele>23.5</ele><time>2026-04-11T06:21:29Z</time><extensions><gpxtpx:TrackPointExtension><gpxtpx:hr>97</gpxtpx:hr></gpxtpx:TrackPointExtension></extensions></trkpt><trkpt lat="60.229902" lon="24.965613"><ele>22.9</ele><time>2026-04-11T06:21:30Z</time></trkpt><trkpt lat="60.229897" lon="24.965637"><ele>23.1</ele><time>2026-04-11T06:21:31Z</time></trkpt><trkpt lat="60.229892" lon="24.965655"><ele>22.8</ele><time>2026-04-11T06:21:32Z</time></trkpt><trkpt lat="60.22988" lon="24.965673"><ele>22.4</ele><time>2026-04-11T06:21:33Z</time></trkpt><trkpt lat="60.229877" lon="24.965705"><ele>23.0</ele><time>2026-04-11T06:21:34Z</time></trkpt><trkpt lat="60.229872" lon="24.965732"><ele>23.3</ele><time>2026-04-11T06:21:35Z</time></trkpt><trkpt lat="60.229872" lon="24.965763"><ele>23.5</ele><time>2026-04-11T06:21:36Z</time><extensions><gpxtpx:TrackPointExtension><gpxtpx:hr>96</gpxtpx:hr></gpxtpx:TrackPointExtension></extensions></trkpt><trkpt lat="60.229872" lon="24.965793"><ele>23.4</ele><time>2026-04-11T06:21:37Z</time></trkpt><trkpt lat="60.229882" lon="24.965818"><ele>24.2</ele><time>2026-04-11T06:21:38Z</time></trkpt><trkpt lat="60.229893" lon="24.96584"><ele>23.3</ele><time>2026-04-11T06:21:39Z</time></trkpt><trkpt lat="60.229907" lon="24.965853"><ele>22.4</ele><time>2026-04-11T06:21:41Z</time></trkpt><trkpt lat="60.22992" lon="24.96587"><ele>21.6</ele><time>2026-04-11T06:21:42Z</time><extensions><gpxtpx:TrackPointExtension><gpxtpx:hr>94</gpxtpx:hr></gpxtpx:TrackPointExtension></extensions></trkpt><trkpt lat="60.229933" lon="24.965887"><ele>20.7</ele><time>2026-04-11T06:21:43Z</time></trkpt><trkpt lat="60.229942" lon="24.965908"><ele>20.5</ele><time>2026-04-11T06:21:44Z</time></trkpt><trkpt lat="60.229955" lon="24.965922"><ele>20.5</ele><time>2026-04-11T06:21:45Z</time></trkpt><trkpt lat="60.22997" lon="24.965923"><ele>20.2</ele><time>2026-04-11T06:21:46Z</time><extensions><gpxtpx:TrackPointExtension><gpxtpx:hr>96</gpxtpx:hr></gpxtpx:TrackPointExtension></extensions></trkpt><trkpt lat="60.229978" lon="24.965942"><ele>20.2</ele><time>2026-04-11T06:21:47Z</time></trkpt><trkpt lat="60.22998" lon="24.965977"><ele>20.5</ele><time>2026-04-11T06:21:48Z</time></trkpt><trkpt lat="60.229977" lon="24.966002"><ele>20.7</ele><time>2026-04-11T06:21:49Z</time><extensions><gpxtpx:TrackPointExtension><gpxtpx:hr>98</gpxtpx:hr></gpxtpx:TrackPointExtension></extensions></trkpt><trkpt lat="60.22998" lon="24.966033"><ele>20.8</ele><time>2026-04-11T06:21:50Z</time></trkpt><trkpt lat="60.229985" lon="24.966053"><ele>20.1</ele><time>2026-04-11T06:21:51Z</time></trkpt><trkpt lat="60.229992" lon="24.966092"><ele>20.8</ele><time>2026-04-11T06:21:52Z</time></trkpt><trkpt lat="60.229997" lon="24.966115"><ele>21.5</ele><time>2026-04-11T06:21:53Z</time></trkpt><trkpt lat="60.230007" lon="24.966143"><ele>23.5</ele><time>2026-04-11T06:21:54Z</time></trkpt><trkpt lat="60.230017" lon="24.966162"><ele>23.2</ele><time>2026-04-11T06:21:55Z</time><extensions><gpxtpx:TrackPointExtension><gpxtpx:hr>99</gpxtpx:hr></gpxtpx:TrackPointExtension></extensions></trkpt><trkpt lat="60.230027" lon="24.966173"><ele>23.5</ele><time>2026-04-11T06:21:56Z</time></trkpt><trkpt lat="60.230038" lon="24.966195"><ele>24.0</ele><time>2026-04-11T06:21:57Z</time></trkpt><trkpt lat="60.230052" lon="24.966245"><ele>24.0</ele><time>2026-04-11T06:21:58Z</time></trkpt><trkpt lat="60.23006" lon="24.966265"><ele>24.3</ele><time>2026-04-11T06:21:59Z</time></trkpt><trkpt lat="60.230068" lon="24.966283"><ele>24.3</ele><time>2026-04-11T06:22:00Z</time></trkpt><trkpt lat="60.23008" lon="24.9663"><ele>24.2</ele><time>2026-04-11T06:22:01Z</time></trkpt><trkpt lat="60.230092" lon="24.966303"><ele>24.0</ele><time>2026-04-11T06:22:02Z</time></trkpt><trkpt lat="60.230093" lon="24.966323"><ele>23.7</ele><time>2026-04-11T06:22:03Z</time><extensions><gpxtpx:TrackPointExtension><gpxtpx:hr>99</gpxtpx:hr></gpxtpx:TrackPointExtension></extensions></trkpt><trkpt lat="60.230088" lon="24.966345"><ele>23.5</ele><time>2026-04-11T06:22:04Z</time></trkpt><trkpt lat="60.230087" lon="24.966338"><ele>24.3</ele><time>2026-04-11T06:22:05Z</time></trkpt><trkpt lat="60.23009" lon="24.966328"><ele>23.9</ele><time>2026-04-11T06:22:06Z</time><extensions><gpxtpx:TrackPointExtension><gpxtpx:hr>97</gpxtpx:hr></gpxtpx:TrackPointExtension></extensions></trkpt><trkpt lat="60.230088" lon="24.966332"><ele>23.9</ele><time>2026-04-11T06:22:07Z</time></trkpt><trkpt lat="60.230082" lon="24.966317"><ele>23.6</ele><time>2026-04-11T06:22:08Z</time></trkpt><trkpt lat="60.230078" lon="24.966315"><ele>24.2</ele><time>2026-04-11T06:22:09Z</time></trkpt><trkpt lat="60.230068" lon="24.966335"><ele>24.4</ele><time>2026-04-11T06:22:09Z</time></trkpt><trkpt lat="60.230065" lon="24.966357"><ele>24.9</ele><time>2026-04-11T06:22:10Z</time></trkpt><trkpt lat="60.230047" lon="24.966345"><ele>25.3</ele><time>2026-04-11T06:22:11Z</time><extensions><gpxtpx:TrackPointExtension><gpxtpx:hr>98</gpxtpx:hr></gpxtpx:TrackPointExtension></extensions></trkpt><trkpt lat="60.230027" lon="24.966335"><ele>25.4</ele><time>2026-04-11T06:22:12Z</time></trkpt><trkpt lat="60.230013" lon="24.96637"><ele>25.9</ele><time>2026-04-11T06:22:13Z</time></trkpt><trkpt lat="60.230005" lon="24.9664"><ele>25.8</ele><time>2026-04-11T06:22:14Z</time><extensions><gpxtpx:TrackPointExtension><gpxtpx:hr>98</gpxtpx:hr></gpxtpx:TrackPointExtension></extensions></trkpt></trkseg></trk></gpx>