<?xml version="1.0" encoding="UTF-8" standalone="no"?><gpx xmlns="http://www.topografix.com/GPX/1/1" xmlns:gpxtpx="http://www.garmin.com/xmlschemas/TrackPointExtension/v1" xmlns:xsi="http://www.w3.org/2001/XMLSchema-instance" creator="Sports Tracker" version="1.1" xsi:schemaLocation="http://www.topografix.com/GPX/1/1 http://www.topografix.com/GPX/1/1/gpx.xsd http://www.garmin.com/xmlschemas/TrackPointExtension/v1 http://www.garmin.com/xmlschemas/TrackPointExtensionv1.xsd"><metadata><name/><desc/><author><name>anttipehkonen240</name></author></metadata><trk><name/><trkseg><trkpt lat="60.256198" lon="24.923232"><ele>26.0</ele><time>2026-01-08T07:59:05Z</time></trkpt><trkpt lat="60.256192" lon="24.923222"><ele>24.4</ele><time>2026-01-08T07:59:06Z</time></trkpt><trkpt lat="60.256192" lon="24.923228"><ele>25.5</ele><time>2026-01-08T07:59:07Z</time></trkpt><trkpt lat="60.256183" lon="24.923233"><ele>23.1</ele><time>2026-01-08T07:59:08Z</time></trkpt><trkpt lat="60.256168" lon="24.923225"><ele>20.9</ele><time>2026-01-08T07:59:09Z</time></trkpt><trkpt lat="60.256188" lon="24.923233"><ele>24.3</ele><time>2026-01-08T07:59:14Z</time></trkpt><trkpt lat="60.256183" lon="24.923235"><ele>23.2</ele><time>2026-01-08T07:59:15Z</time></trkpt><trkpt lat="60.25619" lon="24.923237"><ele>24.2</ele><time>2026-01-08T07:59:16Z</time></trkpt><trkpt lat="60.256202" lon="24.923233"><ele>26.1</ele><time>2026-01-08T07:59:40Z</time></trkpt><trkpt lat="60.256185" lon="24.92321"><ele>25.7</ele><time>2026-01-08T07:59:40Z</time></trkpt><trkpt lat="60.2562" lon="24.923222"><ele>24.7</ele><time>2026-01-08T07:59:49Z</time></trkpt><trkpt lat="60.256202" lon="24.923222"><ele>25.4</ele><time>2026-01-08T07:59:50Z</time><extensions><gpxtpx:TrackPointExtension><gpxtpx:hr>74</gpxtpx:hr></gpxtpx:TrackPointExtension></extensions></trkpt><trkpt lat="60.2562" lon="24.923223"><ele>25.1</ele><time>2026-01-08T07:59:51Z</time></trkpt><trkpt lat="60.25623" lon="24.923273"><ele>27.0</ele><time>2026-01-08T08:00:01Z</time><extensions><gpxtpx:TrackPointExtension><gpxtpx:hr>73</gpxtpx:hr></gpxtpx:TrackPointExtension></extensions></trkpt><trkpt lat="60.25623" lon="24.923273"><ele>27.0</ele><time>2026-01-08T07:59:56Z</time><extensions><gpxtpx:TrackPointExtension><gpxtpx:hr>73</gpxtpx:hr></gpxtpx:TrackPointExtension></extensions></trkpt><trkpt lat="60.25623" lon="24.923273"><ele>27.0</ele><time>2026-01-08T08:00:01Z</time><extensions><gpxtpx:TrackPointExtension><gpxtpx:hr>74</gpxtpx:hr></gpxtpx:TrackPointExtension></extensions></trkpt><trkpt lat="60.256198" lon="24.923788"><ele>21.3</ele><time>2026-01-08T08:00:08Z</time><extensions><gpxtpx:TrackPointExtension><gpxtpx:hr>79</gpxtpx:hr></gpxtpx:TrackPointExtension></extensions></trkpt><trkpt lat="60.256188" lon="24.92388"><ele>21.0</ele><time>2026-01-08T08:00:09Z</time></trkpt><trkpt lat="60.256175" lon="24.923945"><ele>21.7</ele><time>2026-01-08T08:00:10Z</time></trkpt><trkpt lat="60.256192" lon="24.924038"><ele>22.1</ele><time>2026-01-08T08:00:11Z</time><extensions><gpxtpx:TrackPointExtension><gpxtpx:hr>85</gpxtpx:hr></gpxtpx:TrackPointExtension></extensions></trkpt><trkpt lat="60.25619" lon="24.924113"><ele>21.4</ele><time>2026-01-08T08:00:12Z</time></trkpt><trkpt lat="60.256215" lon="24.924177"><ele>21.8</ele><time>2026-01-08T08:00:13Z</time></trkpt><trkpt lat="60.256218" lon="24.924242"><ele>22.4</ele><time>2026-01-08T08:00:14Z</time></trkpt><trkpt lat="60.256238" lon="24.924325"><ele>21.7</ele><time>2026-01-08T08:00:15Z</time></trkpt><trkpt lat="60.256243" lon="24.924382"><ele>22.8</ele><time>2026-01-08T08:00:16Z</time></trkpt><trkpt lat="60.256253" lon="24.924483"><ele>22.1</ele><time>2026-01-08T08:00:17Z</time></trkpt><trkpt lat="60.256262" lon="24.92454"><ele>22.1</ele><time>2026-01-08T08:00:18Z</time></trkpt><trkpt lat="60.256265" lon="24.924617"><ele>23.5</ele><time>2026-01-08T08:00:19Z</time></trkpt><trkpt lat="60.25628" lon="24.924658"><ele>22.0</ele><time>2026-01-08T08:00:20Z</time><extensions><gpxtpx:TrackPointExtension><gpxtpx:hr>96</gpxtpx:hr></gpxtpx:TrackPointExtension></extensions></trkpt><trkpt lat="60.256285" lon="24.924733"><ele>21.0</ele><time>2026-01-08T08:00:21Z</time></trkpt><trkpt lat="60.256312" lon="24.924797"><ele>20.9</ele><time>2026-01-08T08:00:22Z</time></trkpt><trkpt lat="60.256443" lon="24.925523"><ele>21.2</ele><time>2026-01-08T08:00:33Z</time><extensions><gpxtpx:TrackPointExtension><gpxtpx:hr>102</gpxtpx:hr></gpxtpx:TrackPointExtension></extensions></trkpt><trkpt lat="60.256443" lon="24.925523"><ele>21.2</ele><time>2026-01-08T08:00:27Z</time><extensions><gpxtpx:TrackPointExtension><gpxtpx:hr>104</gpxtpx:hr></gpxtpx:TrackPointExtension></extensions></trkpt><trkpt lat="60.256468" lon="24.925602"><ele>21.6</ele><time>2026-01-08T08:00:34Z</time></trkpt><trkpt lat="60.256465" lon="24.925658"><ele>21.9</ele><time>2026-01-08T08:00:35Z</time><extensions><gpxtpx:TrackPointExtension><gpxtpx:hr>105</gpxtpx:hr></gpxtpx:TrackPointExtension></extensions></trkpt><trkpt lat="60.25649" lon="24.92572"><ele>21.7</ele><time>2026-01-08T08:00:36Z</time></trkpt><trkpt lat="60.256487" lon="24.925783"><ele>20.4</ele><time>2026-01-08T08:00:37Z</time><extensions><gpxtpx:TrackPointExtension><gpxtpx:hr>106</gpxtpx:hr></gpxtpx:TrackPointExtension></extensions></trkpt><trkpt lat="60.256507" lon="24.925857"><ele>22.0</ele><time>2026-01-08T08:00:38Z</time></trkpt><trkpt lat="60.256513" lon="24.925905"><ele>21.9</ele><time>2026-01-08T08:00:39Z</time></trkpt><trkpt lat="60.256525" lon="24.92598"><ele>21.7</ele><time>2026-01-08T08:00:40Z</time></trkpt><trkpt lat="60.256522" lon="24.926017"><ele>22.0</ele><time>2026-01-08T08:00:41Z</time></trkpt><trkpt lat="60.256532" lon="24.926107"><ele>22.9</ele><time>2026-01-08T08:00:42Z</time></trkpt><trkpt lat="60.256528" lon="24.926153"><ele>23.0</ele><time>2026-01-08T08:00:43Z</time></trkpt><trkpt lat="60.256532" lon="24.926238"><ele>22.7</ele><time>2026-01-08T08:00:44Z</time></trkpt><trkpt lat="60.25654" lon="24.92627"><ele>22.2</ele><time>2026-01-08T08:00:45Z</time><extensions><gpxtpx:TrackPointExtension><gpxtpx:hr>108</gpxtpx:hr></gpxtpx:TrackPointExtension></extensions></trkpt><trkpt lat="60.256538" lon="24.926372"><ele>22.2</ele><time>2026-01-08T08:00:46Z</time></trkpt><trkpt lat="60.256557" lon="24.92642"><ele>22.7</ele><time>2026-01-08T08:00:47Z</time></trkpt><trkpt lat="60.256545" lon="24.926488"><ele>22.8</ele><time>2026-01-08T08:00:48Z</time></trkpt><trkpt lat="60.256555" lon="24.926552"><ele>23.2</ele><time>2026-01-08T08:00:49Z</time><extensions><gpxtpx:TrackPointExtension><gpxtpx:hr>107</gpxtpx:hr></gpxtpx:TrackPointExtension></extensions></trkpt><trkpt lat="60.256548" lon="24.92661"><ele>23.8</ele><time>2026-01-08T08:00:50Z</time></trkpt><trkpt lat="60.256547" lon="24.926688"><ele>23.2</ele><time>2026-01-08T08:00:51Z</time><extensions><gpxtpx:TrackPointExtension><gpxtpx:hr>108</gpxtpx:hr></gpxtpx:TrackPointExtension></extensions></trkpt><trkpt lat="60.256545" lon="24.926727"><ele>23.5</ele><time>2026-01-08T08:00:52Z</time></trkpt><trkpt lat="60.256545" lon="24.92676"><ele>23.2</ele><time>2026-01-08T08:00:53Z</time></trkpt><trkpt lat="60.25655" lon="24.926787"><ele>23.1</ele><time>2026-01-08T08:00:54Z</time></trkpt><trkpt lat="60.256557" lon="24.92681"><ele>23.4</ele><time>2026-01-08T08:00:55Z</time></trkpt><trkpt lat="60.256557" lon="24.92681"><ele>23.7</ele><time>2026-01-08T08:00:56Z</time><extensions><gpxtpx:TrackPointExtension><gpxtpx:hr>109</gpxtpx:hr></gpxtpx:TrackPointExtension></extensions></trkpt><trkpt lat="60.256555" lon="24.926812"><ele>23.3</ele><time>2026-01-08T08:00:57Z</time></trkpt><trkpt lat="60.256555" lon="24.926802"><ele>23.1</ele><time>2026-01-08T08:00:58Z</time></trkpt><trkpt lat="60.256553" lon="24.926797"><ele>23.1</ele><time>2026-01-08T08:00:59Z</time></trkpt><trkpt lat="60.256555" lon="24.926808"><ele>23.2</ele><time>2026-01-08T08:01:00Z</time></trkpt><trkpt lat="60.256555" lon="24.926803"><ele>23.4</ele><time>2026-01-08T08:01:01Z</time><extensions><gpxtpx:TrackPointExtension><gpxtpx:hr>109</gpxtpx:hr></gpxtpx:TrackPointExtension></extensions></trkpt><trkpt lat="60.256555" lon="24.926795"><ele>23.2</ele><time>2026-01-08T08:01:02Z</time></trkpt><trkpt lat="60.256557" lon="24.92679"><ele>23.2</ele><time>2026-01-08T08:01:03Z</time></trkpt><trkpt lat="60.256557" lon="24.926788"><ele>23.1</ele><time>2026-01-08T08:01:04Z</time></trkpt><trkpt lat="60.256558" lon="24.926787"><ele>22.6</ele><time>2026-01-08T08:01:05Z</time></trkpt><trkpt lat="60.256557" lon="24.926795"><ele>22.9</ele><time>2026-01-08T08:01:06Z</time></trkpt><trkpt lat="60.256558" lon="24.926805"><ele>22.9</ele><time>2026-01-08T08:01:07Z</time></trkpt><trkpt lat="60.256557" lon="24.926802"><ele>23.6</ele><time>2026-01-08T08:01:08Z</time><extensions><gpxtpx:TrackPointExtension><gpxtpx:hr>107</gpxtpx:hr></gpxtpx:TrackPointExtension></extensions></trkpt><trkpt lat="60.256555" lon="24.926798"><ele>23.7</ele><time>2026-01-08T08:01:09Z</time></trkpt><trkpt lat="60.256555" lon="24.926797"><ele>23.7</ele><time>2026-01-08T08:01:10Z</time></trkpt><trkpt lat="60.256558" lon="24.926812"><ele>24.3</ele><time>2026-01-08T08:01:11Z</time><extensions><gpxtpx:TrackPointExtension><gpxtpx:hr>108</gpxtpx:hr></gpxtpx:TrackPointExtension></extensions></trkpt><trkpt lat="60.256558" lon="24.92681"><ele>24.2</ele><time>2026-01-08T08:01:12Z</time></trkpt><trkpt lat="60.256555" lon="24.926807"><ele>24.2</ele><time>2026-01-08T08:01:13Z</time></trkpt><trkpt lat="60.256555" lon="24.926807"><ele>24.2</ele><time>2026-01-08T08:01:14Z</time></trkpt><trkpt lat="60.256555" lon="24.926805"><ele>24.1</ele><time>2026-01-08T08:01:15Z</time></trkpt><trkpt lat="60.256555" lon="24.926805"><ele>24.1</ele><time>2026-01-08T08:01:16Z</time><extensions><gpxtpx:TrackPointExtension><gpxtpx:hr>105</gpxtpx:hr></gpxtpx:TrackPointExtension></extensions></trkpt><trkpt lat="60.256555" lon="24.926805"><ele>24.1</ele><time>2026-01-08T08:01:17Z</time></trkpt><trkpt lat="60.256555" lon="24.926805"><ele>24.1</ele><time>2026-01-08T08:01:18Z</time></trkpt><trkpt lat="60.256552" lon="24.926807"><ele>22.3</ele><time>2026-01-08T08:01:19Z</time></trkpt><trkpt lat="60.256552" lon="24.92681"><ele>21.9</ele><time>2026-01-08T08:01:20Z</time></trkpt><trkpt lat="60.256552" lon="24.926807"><ele>22.0</ele><time>2026-01-08T08:01:21Z</time></trkpt><trkpt lat="60.256552" lon="24.926807"><ele>22.0</ele><time>2026-01-08T08:01:22Z</time></trkpt><trkpt lat="60.256557" lon="24.92681"><ele>22.5</ele><time>2026-01-08T08:01:23Z</time></trkpt><trkpt lat="60.256558" lon="24.92681"><ele>22.7</ele><time>2026-01-08T08:01:24Z</time></trkpt><trkpt lat="60.256557" lon="24.926807"><ele>22.9</ele><time>2026-01-08T08:01:25Z</time><extensions><gpxtpx:TrackPointExtension><gpxtpx:hr>100</gpxtpx:hr></gpxtpx:TrackPointExtension></extensions></trkpt><trkpt lat="60.256558" lon="24.926803"><ele>22.1</ele><time>2026-01-08T08:01:26Z</time></trkpt><trkpt lat="60.256558" lon="24.9268"><ele>22.0</ele><time>2026-01-08T08:01:27Z</time></trkpt><trkpt lat="60.256557" lon="24.926802"><ele>21.9</ele><time>2026-01-08T08:01:28Z</time></trkpt><trkpt lat="60.256553" lon="24.926802"><ele>21.6</ele><time>2026-01-08T08:01:29Z</time></trkpt><trkpt lat="60.256553" lon="24.926805"><ele>22.1</ele><time>2026-01-08T08:01:30Z</time><extensions><gpxtpx:TrackPointExtension><gpxtpx:hr>98</gpxtpx:hr></gpxtpx:TrackPointExtension></extensions></trkpt><trkpt lat="60.256552" lon="24.926808"><ele>22.5</ele><time>2026-01-08T08:01:31Z</time></trkpt><trkpt lat="60.256552" lon="24.92681"><ele>23.2</ele><time>2026-01-08T08:01:32Z</time><extensions><gpxtpx:TrackPointExtension><gpxtpx:hr>97</gpxtpx:hr></gpxtpx:TrackPointExtension></extensions></trkpt><trkpt lat="60.256552" lon="24.926807"><ele>23.2</ele><time>2026-01-08T08:01:33Z</time></trkpt><trkpt lat="60.256557" lon="24.926803"><ele>23.6</ele><time>2026-01-08T08:01:34Z</time></trkpt><trkpt lat="60.256557" lon="24.926802"><ele>23.5</ele><time>2026-01-08T08:01:35Z</time></trkpt><trkpt lat="60.256557" lon="24.926797"><ele>23.2</ele><time>2026-01-08T08:01:36Z</time><extensions><gpxtpx:TrackPointExtension><gpxtpx:hr>94</gpxtpx:hr></gpxtpx:TrackPointExtension></extensions></trkpt><trkpt lat="60.256553" lon="24.926802"><ele>22.8</ele><time>2026-01-08T08:01:37Z</time></trkpt><trkpt lat="60.256553" lon="24.926803"><ele>22.7</ele><time>2026-01-08T08:01:38Z</time></trkpt><trkpt lat="60.256555" lon="24.926798"><ele>22.2</ele><time>2026-01-08T08:01:39Z</time></trkpt><trkpt lat="60.256552" lon="24.926802"><ele>22.4</ele><time>2026-01-08T08:01:40Z</time></trkpt><trkpt lat="60.25656" lon="24.926805"><ele>22.5</ele><time>2026-01-08T08:01:41Z</time></trkpt><trkpt lat="60.256565" lon="24.926818"><ele>22.5</ele><time>2026-01-08T08:01:42Z</time></trkpt><trkpt lat="60.256568" lon="24.926843"><ele>21.9</ele><time>2026-01-08T08:01:43Z</time></trkpt><trkpt lat="60.256572" lon="24.926907"><ele>22.8</ele><time>2026-01-08T08:01:44Z</time></trkpt><trkpt lat="60.25657" lon="24.926965"><ele>23.4</ele><time>2026-01-08T08:01:45Z</time><extensions><gpxtpx:TrackPointExtension><gpxtpx:hr>93</gpxtpx:hr></gpxtpx:TrackPointExtension></extensions></trkpt><trkpt lat="60.256567" lon="24.927007"><ele>23.2</ele><time>2026-01-08T08:01:46Z</time></trkpt><trkpt lat="60.256578" lon="24.927082"><ele>22.1</ele><time>2026-01-08T08:01:47Z</time><extensions><gpxtpx:TrackPointExtension><gpxtpx:hr>93</gpxtpx:hr></gpxtpx:TrackPointExtension></extensions></trkpt><trkpt lat="60.25658" lon="24.927158"><ele>23.0</ele><time>2026-01-08T08:01:48Z</time></trkpt><trkpt lat="60.256582" lon="24.927222"><ele>24.7</ele><time>2026-01-08T08:01:49Z</time></trkpt><trkpt lat="60.256575" lon="24.927288"><ele>24.1</ele><time>2026-01-08T08:01:50Z</time></trkpt><trkpt lat="60.256572" lon="24.92737"><ele>21.8</ele><time>2026-01-08T08:01:51Z</time><extensions><gpxtpx:TrackPointExtension><gpxtpx:hr>93</gpxtpx:hr></gpxtpx:TrackPointExtension></extensions></trkpt><trkpt lat="60.256565" lon="24.92744"><ele>22.0</ele><time>2026-01-08T08:01:52Z</time></trkpt><trkpt lat="60.256553" lon="24.927522"><ele>21.7</ele><time>2026-01-08T08:01:53Z</time></trkpt><trkpt lat="60.25653" lon="24.927615"><ele>19.9</ele><time>2026-01-08T08:01:54Z</time></trkpt><trkpt lat="60.256503" lon="24.927727"><ele>18.6</ele><time>2026-01-08T08:01:55Z</time></trkpt><trkpt lat="60.256478" lon="24.927828"><ele>17.4</ele><time>2026-01-08T08:01:56Z</time><extensions><gpxtpx:TrackPointExtension><gpxtpx:hr>98</gpxtpx:hr></gpxtpx:TrackPointExtension></extensions></trkpt><trkpt lat="60.256533" lon="24.927798"><ele>19.2</ele><time>2026-01-08T08:01:57Z</time></trkpt><trkpt lat="60.256555" lon="24.927858"><ele>24.6</ele><time>2026-01-08T08:01:58Z</time></trkpt><trkpt lat="60.256537" lon="24.927948"><ele>18.8</ele><time>2026-01-08T08:01:59Z</time></trkpt><trkpt lat="60.256562" lon="24.928035"><ele>24.0</ele><time>2026-01-08T08:02:00Z</time></trkpt><trkpt lat="60.256552" lon="24.928107"><ele>18.9</ele><time>2026-01-08T08:02:01Z</time></trkpt><trkpt lat="60.256583" lon="24.928193"><ele>22.7</ele><time>2026-01-08T08:02:02Z</time><extensions><gpxtpx:TrackPointExtension><gpxtpx:hr>103</gpxtpx:hr></gpxtpx:TrackPointExtension></extensions></trkpt><trkpt lat="60.256568" lon="24.92825"><ele>18.0</ele><time>2026-01-08T08:02:03Z</time></trkpt><trkpt lat="60.256582" lon="24.928333"><ele>19.5</ele><time>2026-01-08T08:02:04Z</time></trkpt><trkpt lat="60.256597" lon="24.928403"><ele>22.6</ele><time>2026-01-08T08:02:05Z</time></trkpt><trkpt lat="60.256593" lon="24.928497"><ele>21.2</ele><time>2026-01-08T08:02:06Z</time></trkpt><trkpt lat="60.256595" lon="24.928567"><ele>20.3</ele><time>2026-01-08T08:02:07Z</time></trkpt><trkpt lat="60.256617" lon="24.928625"><ele>19.5</ele><time>2026-01-08T08:02:08Z</time><extensions><gpxtpx:TrackPointExtension><gpxtpx:hr>105</gpxtpx:hr></gpxtpx:TrackPointExtension></extensions></trkpt><trkpt lat="60.256638" lon="24.928702"><ele>19.2</ele><time>2026-01-08T08:02:09Z</time></trkpt><trkpt lat="60.256677" lon="24.928745"><ele>21.7</ele><time>2026-01-08T08:02:10Z</time></trkpt><trkpt lat="60.256683" lon="24.928813"><ele>19.8</ele><time>2026-01-08T08:02:11Z</time></trkpt><trkpt lat="60.256697" lon="24.928872"><ele>19.4</ele><time>2026-01-08T08:02:12Z</time></trkpt><trkpt lat="60.256727" lon="24.928925"><ele>20.4</ele><time>2026-01-08T08:02:13Z</time></trkpt><trkpt lat="60.256762" lon="24.928965"><ele>20.5</ele><time>2026-01-08T08:02:14Z</time></trkpt><trkpt lat="60.25678" lon="24.929013"><ele>19.0</ele><time>2026-01-08T08:02:15Z</time><extensions><gpxtpx:TrackPointExtension><gpxtpx:hr>109</gpxtpx:hr></gpxtpx:TrackPointExtension></extensions></trkpt><trkpt lat="60.256802" lon="24.929063"><ele>19.5</ele><time>2026-01-08T08:02:16Z</time></trkpt><trkpt lat="60.256832" lon="24.929113"><ele>19.8</ele><time>2026-01-08T08:02:17Z</time></trkpt><trkpt lat="60.256857" lon="24.929157"><ele>20.9</ele><time>2026-01-08T08:02:18Z</time></trkpt><trkpt lat="60.25689" lon="24.929185"><ele>19.4</ele><time>2026-01-08T08:02:19Z</time></trkpt><trkpt lat="60.256917" lon="24.92923"><ele>19.5</ele><time>2026-01-08T08:02:20Z</time><extensions><gpxtpx:TrackPointExtension><gpxtpx:hr>105</gpxtpx:hr></gpxtpx:TrackPointExtension></extensions></trkpt><trkpt lat="60.256943" lon="24.92928"><ele>20.1</ele><time>2026-01-08T08:02:21Z</time></trkpt><trkpt lat="60.256963" lon="24.92932"><ele>20.9</ele><time>2026-01-08T08:02:22Z</time></trkpt><trkpt lat="60.256992" lon="24.929372"><ele>20.5</ele><time>2026-01-08T08:02:23Z</time><extensions><gpxtpx:TrackPointExtension><gpxtpx:hr>106</gpxtpx:hr></gpxtpx:TrackPointExtension></extensions></trkpt><trkpt lat="60.25701" lon="24.929428"><ele>20.6</ele><time>2026-01-08T08:02:24Z</time></trkpt><trkpt lat="60.257037" lon="24.929482"><ele>21.5</ele><time>2026-01-08T08:02:25Z</time></trkpt><trkpt lat="60.257043" lon="24.929568"><ele>20.6</ele><time>2026-01-08T08:02:26Z</time></trkpt><trkpt lat="60.257063" lon="24.929623"><ele>20.5</ele><time>2026-01-08T08:02:27Z</time></trkpt><trkpt lat="60.2571" lon="24.929665"><ele>21.1</ele><time>2026-01-08T08:02:28Z</time></trkpt><trkpt lat="60.257085" lon="24.929732"><ele>20.9</ele><time>2026-01-08T08:02:29Z</time></trkpt><trkpt lat="60.25712" lon="24.929828"><ele>21.9</ele><time>2026-01-08T08:02:30Z</time></trkpt><trkpt lat="60.257132" lon="24.929913"><ele>22.3</ele><time>2026-01-08T08:02:31Z</time></trkpt><trkpt lat="60.257155" lon="24.92999"><ele>21.5</ele><time>2026-01-08T08:02:32Z</time></trkpt><trkpt lat="60.25717" lon="24.930047"><ele>20.8</ele><time>2026-01-08T08:02:33Z</time></trkpt><trkpt lat="60.257193" lon="24.930127"><ele>22.2</ele><time>2026-01-08T08:02:34Z</time></trkpt><trkpt lat="60.257212" lon="24.93018"><ele>20.2</ele><time>2026-01-08T08:02:35Z</time></trkpt><trkpt lat="60.25724" lon="24.93026"><ele>22.4</ele><time>2026-01-08T08:02:36Z</time></trkpt><trkpt lat="60.257267" lon="24.930303"><ele>22.5</ele><time>2026-01-08T08:02:37Z</time></trkpt><trkpt lat="60.257287" lon="24.930375"><ele>22.6</ele><time>2026-01-08T08:02:38Z</time></trkpt><trkpt lat="60.257282" lon="24.930432"><ele>18.6</ele><time>2026-01-08T08:02:39Z</time></trkpt><trkpt lat="60.257305" lon="24.93052"><ele>20.2</ele><time>2026-01-08T08:02:40Z</time></trkpt><trkpt lat="60.257337" lon="24.930593"><ele>21.2</ele><time>2026-01-08T08:02:41Z</time></trkpt><trkpt lat="60.257325" lon="24.930688"><ele>17.7</ele><time>2026-01-08T08:02:42Z</time></trkpt><trkpt lat="60.257333" lon="24.930775"><ele>16.6</ele><time>2026-01-08T08:02:43Z</time></trkpt><trkpt lat="60.257347" lon="24.930865"><ele>15.1</ele><time>2026-01-08T08:02:44Z</time></trkpt><trkpt lat="60.257422" lon="24.930802"><ele>21.7</ele><time>2026-01-08T08:02:45Z</time></trkpt><trkpt lat="60.25744" lon="24.9309"><ele>17.0</ele><time>2026-01-08T08:02:46Z</time></trkpt><trkpt lat="60.257452" lon="24.930957"><ele>16.4</ele><time>2026-01-08T08:02:47Z</time></trkpt><trkpt lat="60.257473" lon="24.931003"><ele>17.2</ele><time>2026-01-08T08:02:48Z</time></trkpt><trkpt lat="60.257502" lon="24.931065"><ele>17.6</ele><time>2026-01-08T08:02:49Z</time></trkpt><trkpt lat="60.257532" lon="24.93111"><ele>20.5</ele><time>2026-01-08T08:02:50Z</time><extensions><gpxtpx:TrackPointExtension><gpxtpx:hr>120</gpxtpx:hr></gpxtpx:TrackPointExtension></extensions></trkpt><trkpt lat="60.257548" lon="24.931163"><ele>20.6</ele><time>2026-01-08T08:02:51Z</time></trkpt><trkpt lat="60.257548" lon="24.931212"><ele>18.0</ele><time>2026-01-08T08:02:52Z</time></trkpt><trkpt lat="60.25757" lon="24.93127"><ele>19.9</ele><time>2026-01-08T08:02:53Z</time></trkpt><trkpt lat="60.257575" lon="24.931307"><ele>19.3</ele><time>2026-01-08T08:02:54Z</time><extensions><gpxtpx:TrackPointExtension><gpxtpx:hr>127</gpxtpx:hr></gpxtpx:TrackPointExtension></extensions></trkpt><trkpt lat="60.257595" lon="24.931375"><ele>20.5</ele><time>2026-01-08T08:02:55Z</time></trkpt><trkpt lat="60.257618" lon="24.931422"><ele>20.1</ele><time>2026-01-08T08:02:57Z</time><extensions><gpxtpx:TrackPointExtension><gpxtpx:hr>126</gpxtpx:hr></gpxtpx:TrackPointExtension></extensions></trkpt><trkpt lat="60.257655" lon="24.931477"><ele>21.3</ele><time>2026-01-08T08:02:57Z</time></trkpt><trkpt lat="60.25765" lon="24.931523"><ele>19.2</ele><time>2026-01-08T08:02:58Z</time></trkpt><trkpt lat="60.257667" lon="24.931565"><ele>19.4</ele><time>2026-01-08T08:02:59Z</time></trkpt><trkpt lat="60.2577" lon="24.931625"><ele>21.3</ele><time>2026-01-08T08:03:00Z</time></trkpt><trkpt lat="60.257707" lon="24.931662"><ele>20.3</ele><time>2026-01-08T08:03:01Z</time></trkpt><trkpt lat="60.25772" lon="24.93171"><ele>20.2</ele><time>2026-01-08T08:03:02Z</time><extensions><gpxtpx:TrackPointExtension><gpxtpx:hr>122</gpxtpx:hr></gpxtpx:TrackPointExtension></extensions></trkpt><trkpt lat="60.257732" lon="24.931753"><ele>19.7</ele><time>2026-01-08T08:03:03Z</time></trkpt><trkpt lat="60.257753" lon="24.931792"><ele>20.2</ele><time>2026-01-08T08:03:04Z</time></trkpt><trkpt lat="60.257772" lon="24.931827"><ele>20.0</ele><time>2026-01-08T08:03:05Z</time></trkpt><trkpt lat="60.257778" lon="24.931845"><ele>19.2</ele><time>2026-01-08T08:03:06Z</time></trkpt><trkpt lat="60.257788" lon="24.931862"><ele>19.2</ele><time>2026-01-08T08:03:07Z</time><extensions><gpxtpx:TrackPointExtension><gpxtpx:hr>120</gpxtpx:hr></gpxtpx:TrackPointExtension></extensions></trkpt><trkpt lat="60.257802" lon="24.931885"><ele>19.9</ele><time>2026-01-08T08:03:08Z</time></trkpt><trkpt lat="60.25783" lon="24.931927"><ele>19.4</ele><time>2026-01-08T08:03:09Z</time></trkpt><trkpt lat="60.257852" lon="24.931967"><ele>19.5</ele><time>2026-01-08T08:03:10Z</time></trkpt><trkpt lat="60.257883" lon="24.932055"><ele>19.2</ele><time>2026-01-08T08:03:11Z</time></trkpt><trkpt lat="60.257905" lon="24.932097"><ele>20.9</ele><time>2026-01-08T08:03:12Z</time></trkpt><trkpt lat="60.257927" lon="24.93214"><ele>20.8</ele><time>2026-01-08T08:03:13Z</time></trkpt><trkpt lat="60.257942" lon="24.932143"><ele>23.2</ele><time>2026-01-08T08:03:14Z</time></trkpt><trkpt lat="60.257977" lon="24.932203"><ele>23.8</ele><time>2026-01-08T08:03:15Z</time><extensions><gpxtpx:TrackPointExtension><gpxtpx:hr>129</gpxtpx:hr></gpxtpx:TrackPointExtension></extensions></trkpt><trkpt lat="60.258015" lon="24.932252"><ele>23.7</ele><time>2026-01-08T08:03:16Z</time></trkpt><trkpt lat="60.258042" lon="24.93231"><ele>19.7</ele><time>2026-01-08T08:03:17Z</time></trkpt><trkpt lat="60.258058" lon="24.932357"><ele>18.1</ele><time>2026-01-08T08:03:18Z</time><extensions><gpxtpx:TrackPointExtension><gpxtpx:hr>129</gpxtpx:hr></gpxtpx:TrackPointExtension></extensions></trkpt><trkpt lat="60.258107" lon="24.932437"><ele>17.9</ele><time>2026-01-08T08:03:19Z</time></trkpt><trkpt lat="60.258137" lon="24.932485"><ele>18.1</ele><time>2026-01-08T08:03:20Z</time></trkpt><trkpt lat="60.258197" lon="24.932552"><ele>19.9</ele><time>2026-01-08T08:03:21Z</time></trkpt><trkpt lat="60.258213" lon="24.932558"><ele>17.8</ele><time>2026-01-08T08:03:22Z</time></trkpt><trkpt lat="60.258238" lon="24.932573"><ele>17.8</ele><time>2026-01-08T08:03:23Z</time><extensions><gpxtpx:TrackPointExtension><gpxtpx:hr>129</gpxtpx:hr></gpxtpx:TrackPointExtension></extensions></trkpt><trkpt lat="60.258268" lon="24.932597"><ele>19.5</ele><time>2026-01-08T08:03:24Z</time></trkpt><trkpt lat="60.258305" lon="24.932687"><ele>21.1</ele><time>2026-01-08T08:03:25Z</time></trkpt><trkpt lat="60.258328" lon="24.932735"><ele>21.3</ele><time>2026-01-08T08:03:26Z</time><extensions><gpxtpx:TrackPointExtension><gpxtpx:hr>127</gpxtpx:hr></gpxtpx:TrackPointExtension></extensions></trkpt><trkpt lat="60.25837" lon="24.932748"><ele>22.8</ele><time>2026-01-08T08:03:27Z</time></trkpt><trkpt lat="60.258392" lon="24.932812"><ele>21.4</ele><time>2026-01-08T08:03:28Z</time></trkpt><trkpt lat="60.25842" lon="24.93285"><ele>21.0</ele><time>2026-01-08T08:03:29Z</time></trkpt><trkpt lat="60.258465" lon="24.932883"><ele>20.6</ele><time>2026-01-08T08:03:30Z</time></trkpt><trkpt lat="60.2585" lon="24.932935"><ele>20.7</ele><time>2026-01-08T08:03:31Z</time></trkpt><trkpt lat="60.258537" lon="24.93296"><ele>21.0</ele><time>2026-01-08T08:03:32Z</time></trkpt><trkpt lat="60.25857" lon="24.932985"><ele>21.9</ele><time>2026-01-08T08:03:33Z</time></trkpt><trkpt lat="60.258603" lon="24.933015"><ele>21.7</ele><time>2026-01-08T08:03:34Z</time></trkpt><trkpt lat="60.258633" lon="24.933053"><ele>19.6</ele><time>2026-01-08T08:03:35Z</time><extensions><gpxtpx:TrackPointExtension><gpxtpx:hr>132</gpxtpx:hr></gpxtpx:TrackPointExtension></extensions></trkpt><trkpt lat="60.258673" lon="24.933027"><ele>16.5</ele><time>2026-01-08T08:03:36Z</time></trkpt><trkpt lat="60.258708" lon="24.933058"><ele>17.8</ele><time>2026-01-08T08:03:36Z</time></trkpt><trkpt lat="60.258747" lon="24.933097"><ele>18.0</ele><time>2026-01-08T08:03:37Z</time></trkpt><trkpt lat="60.258782" lon="24.93313"><ele>17.9</ele><time>2026-01-08T08:03:38Z</time></trkpt><trkpt lat="60.258815" lon="24.93316"><ele>18.9</ele><time>2026-01-08T08:03:39Z</time></trkpt><trkpt lat="60.258848" lon="24.933192"><ele>18.9</ele><time>2026-01-08T08:03:40Z</time><extensions><gpxtpx:TrackPointExtension><gpxtpx:hr>133</gpxtpx:hr></gpxtpx:TrackPointExtension></extensions></trkpt><trkpt lat="60.25888" lon="24.933225"><ele>18.6</ele><time>2026-01-08T08:03:42Z</time><extensions><gpxtpx:TrackPointExtension><gpxtpx:hr>133</gpxtpx:hr></gpxtpx:TrackPointExtension></extensions></trkpt><trkpt lat="60.258907" lon="24.933252"><ele>18.5</ele><time>2026-01-08T08:03:43Z</time></trkpt><trkpt lat="60.258938" lon="24.933283"><ele>19.7</ele><time>2026-01-08T08:03:44Z</time></trkpt><trkpt lat="60.258967" lon="24.933313"><ele>18.2</ele><time>2026-01-08T08:03:45Z</time></trkpt><trkpt lat="60.25899" lon="24.933347"><ele>18.5</ele><time>2026-01-08T08:03:46Z</time></trkpt><trkpt lat="60.25901" lon="24.933385"><ele>18.3</ele><time>2026-01-08T08:03:47Z</time><extensions><gpxtpx:TrackPointExtension><gpxtpx:hr>132</gpxtpx:hr></gpxtpx:TrackPointExtension></extensions></trkpt><trkpt lat="60.259028" lon="24.933435"><ele>18.2</ele><time>2026-01-08T08:03:48Z</time></trkpt><trkpt lat="60.259047" lon="24.933482"><ele>18.6</ele><time>2026-01-08T08:03:49Z</time></trkpt><trkpt lat="60.259042" lon="24.93355"><ele>18.6</ele><time>2026-01-08T08:03:50Z</time></trkpt><trkpt lat="60.259028" lon="24.93363"><ele>18.0</ele><time>2026-01-08T08:03:51Z</time></trkpt><trkpt lat="60.259" lon="24.933693"><ele>17.9</ele><time>2026-01-08T08:03:52Z</time><extensions><gpxtpx:TrackPointExtension><gpxtpx:hr>130</gpxtpx:hr></gpxtpx:TrackPointExtension></extensions></trkpt><trkpt lat="60.258978" lon="24.933763"><ele>17.6</ele><time>2026-01-08T08:03:53Z</time></trkpt><trkpt lat="60.258953" lon="24.933827"><ele>17.5</ele><time>2026-01-08T08:03:54Z</time></trkpt><trkpt lat="60.258933" lon="24.933898"><ele>17.7</ele><time>2026-01-08T08:03:55Z</time></trkpt><trkpt lat="60.258913" lon="24.933962"><ele>17.8</ele><time>2026-01-08T08:03:56Z</time><extensions><gpxtpx:TrackPointExtension><gpxtpx:hr>130</gpxtpx:hr></gpxtpx:TrackPointExtension></extensions></trkpt><trkpt lat="60.2589" lon="24.93403"><ele>18.1</ele><time>2026-01-08T08:03:57Z</time></trkpt><trkpt lat="60.258882" lon="24.934093"><ele>17.8</ele><time>2026-01-08T08:03:58Z</time></trkpt><trkpt lat="60.25887" lon="24.934162"><ele>17.8</ele><time>2026-01-08T08:03:59Z</time></trkpt><trkpt lat="60.258855" lon="24.934233"><ele>17.9</ele><time>2026-01-08T08:04:00Z</time></trkpt><trkpt lat="60.258845" lon="24.934305"><ele>18.3</ele><time>2026-01-08T08:04:01Z</time></trkpt><trkpt lat="60.258832" lon="24.934373"><ele>18.3</ele><time>2026-01-08T08:04:02Z</time></trkpt><trkpt lat="60.258822" lon="24.934437"><ele>17.9</ele><time>2026-01-08T08:04:03Z</time></trkpt><trkpt lat="60.258812" lon="24.934507"><ele>18.0</ele><time>2026-01-08T08:04:03Z</time></trkpt><trkpt lat="60.2588" lon="24.934573"><ele>18.4</ele><time>2026-01-08T08:04:04Z</time></trkpt><trkpt lat="60.258792" lon="24.934648"><ele>17.9</ele><time>2026-01-08T08:04:05Z</time><extensions><gpxtpx:TrackPointExtension><gpxtpx:hr>131</gpxtpx:hr></gpxtpx:TrackPointExtension></extensions></trkpt><trkpt lat="60.25878" lon="24.934715"><ele>18.1</ele><time>2026-01-08T08:04:06Z</time><extensions><gpxtpx:TrackPointExtension><gpxtpx:hr>131</gpxtpx:hr></gpxtpx:TrackPointExtension></extensions></trkpt><trkpt lat="60.25876" lon="24.934853"><ele>18.0</ele><time>2026-01-08T08:04:08Z</time></trkpt><trkpt lat="60.25875" lon="24.934933"><ele>18.1</ele><time>2026-01-08T08:04:09Z</time></trkpt><trkpt lat="60.258762" lon="24.934995"><ele>19.9</ele><time>2026-01-08T08:04:10Z</time></trkpt><trkpt lat="60.258712" lon="24.934918"><ele>15.7</ele><time>2026-01-08T08:04:12Z</time><extensions><gpxtpx:TrackPointExtension><gpxtpx:hr>131</gpxtpx:hr></gpxtpx:TrackPointExtension></extensions></trkpt><trkpt lat="60.25884" lon="24.935392"><ele>13.4</ele><time>2026-01-08T08:04:20Z</time><extensions><gpxtpx:TrackPointExtension><gpxtpx:hr>133</gpxtpx:hr></gpxtpx:TrackPointExtension></extensions></trkpt><trkpt lat="60.258858" lon="24.935465"><ele>15.1</ele><time>2026-01-08T08:04:21Z</time></trkpt><trkpt lat="60.258905" lon="24.935525"><ele>15.4</ele><time>2026-01-08T08:04:23Z</time><extensions><gpxtpx:TrackPointExtension><gpxtpx:hr>133</gpxtpx:hr></gpxtpx:TrackPointExtension></extensions></trkpt><trkpt lat="60.258942" lon="24.935568"><ele>16.1</ele><time>2026-01-08T08:04:24Z</time></trkpt><trkpt lat="60.25897" lon="24.935622"><ele>16.9</ele><time>2026-01-08T08:04:25Z</time></trkpt><trkpt lat="60.259" lon="24.935675"><ele>17.6</ele><time>2026-01-08T08:04:26Z</time></trkpt><trkpt lat="60.259032" lon="24.935722"><ele>17.4</ele><time>2026-01-08T08:04:27Z</time></trkpt><trkpt lat="60.259063" lon="24.935775"><ele>18.5</ele><time>2026-01-08T08:04:28Z</time></trkpt><trkpt lat="60.259087" lon="24.935828"><ele>18.5</ele><time>2026-01-08T08:04:29Z</time></trkpt><trkpt lat="60.259112" lon="24.935878"><ele>18.7</ele><time>2026-01-08T08:04:30Z</time><extensions><gpxtpx:TrackPointExtension><gpxtpx:hr>136</gpxtpx:hr></gpxtpx:TrackPointExtension></extensions></trkpt><trkpt lat="60.259142" lon="24.935937"><ele>19.4</ele><time>2026-01-08T08:04:30Z</time></trkpt><trkpt lat="60.259167" lon="24.936003"><ele>18.7</ele><time>2026-01-08T08:04:31Z</time></trkpt><trkpt lat="60.259183" lon="24.936065"><ele>18.4</ele><time>2026-01-08T08:04:32Z</time><extensions><gpxtpx:TrackPointExtension><gpxtpx:hr>136</gpxtpx:hr></gpxtpx:TrackPointExtension></extensions></trkpt><trkpt lat="60.259198" lon="24.936132"><ele>18.8</ele><time>2026-01-08T08:04:33Z</time></trkpt><trkpt lat="60.259213" lon="24.936202"><ele>18.0</ele><time>2026-01-08T08:04:35Z</time></trkpt><trkpt lat="60.259233" lon="24.936267"><ele>18.3</ele><time>2026-01-08T08:04:36Z</time></trkpt><trkpt lat="60.25925" lon="24.93633"><ele>17.1</ele><time>2026-01-08T08:04:37Z</time></trkpt><trkpt lat="60.259272" lon="24.936392"><ele>17.0</ele><time>2026-01-08T08:04:38Z</time></trkpt><trkpt lat="60.259297" lon="24.936453"><ele>17.0</ele><time>2026-01-08T08:04:39Z</time></trkpt><trkpt lat="60.259323" lon="24.936507"><ele>17.2</ele><time>2026-01-08T08:04:40Z</time><extensions><gpxtpx:TrackPointExtension><gpxtpx:hr>136</gpxtpx:hr></gpxtpx:TrackPointExtension></extensions></trkpt><trkpt lat="60.259345" lon="24.936548"><ele>16.2</ele><time>2026-01-08T08:04:41Z</time></trkpt><trkpt lat="60.259368" lon="24.936588"><ele>15.9</ele><time>2026-01-08T08:04:42Z</time><extensions><gpxtpx:TrackPointExtension><gpxtpx:hr>136</gpxtpx:hr></gpxtpx:TrackPointExtension></extensions></trkpt><trkpt lat="60.259392" lon="24.936627"><ele>15.7</ele><time>2026-01-08T08:04:43Z</time></trkpt><trkpt lat="60.259435" lon="24.93671"><ele>16.7</ele><time>2026-01-08T08:04:44Z</time></trkpt><trkpt lat="60.259458" lon="24.93671"><ele>19.4</ele><time>2026-01-08T08:04:44Z</time></trkpt><trkpt lat="60.259482" lon="24.936722"><ele>16.4</ele><time>2026-01-08T08:04:45Z</time></trkpt><trkpt lat="60.25951" lon="24.936748"><ele>17.2</ele><time>2026-01-08T08:04:46Z</time></trkpt><trkpt lat="60.259497" lon="24.936815"><ele>15.7</ele><time>2026-01-08T08:04:47Z</time></trkpt><trkpt lat="60.259525" lon="24.936855"><ele>16.8</ele><time>2026-01-08T08:04:48Z</time><extensions><gpxtpx:TrackPointExtension><gpxtpx:hr>136</gpxtpx:hr></gpxtpx:TrackPointExtension></extensions></trkpt><trkpt lat="60.259547" lon="24.936883"><ele>17.8</ele><time>2026-01-08T08:04:49Z</time></trkpt><trkpt lat="60.259563" lon="24.936932"><ele>18.1</ele><time>2026-01-08T08:04:50Z</time></trkpt><trkpt lat="60.259575" lon="24.936982"><ele>19.0</ele><time>2026-01-08T08:04:51Z</time></trkpt><trkpt lat="60.259588" lon="24.937042"><ele>19.2</ele><time>2026-01-08T08:04:51Z</time></trkpt><trkpt lat="60.2596" lon="24.937105"><ele>20.1</ele><time>2026-01-08T08:04:52Z</time></trkpt><trkpt lat="60.259608" lon="24.93717"><ele>19.5</ele><time>2026-01-08T08:04:53Z</time></trkpt><trkpt lat="60.259615" lon="24.937245"><ele>20.1</ele><time>2026-01-08T08:04:54Z</time></trkpt><trkpt lat="60.25962" lon="24.937322"><ele>20.2</ele><time>2026-01-08T08:04:55Z</time><extensions><gpxtpx:TrackPointExtension><gpxtpx:hr>138</gpxtpx:hr></gpxtpx:TrackPointExtension></extensions></trkpt><trkpt lat="60.25964" lon="24.937383"><ele>20.1</ele><time>2026-01-08T08:04:56Z</time></trkpt><trkpt lat="60.259635" lon="24.937477"><ele>19.0</ele><time>2026-01-08T08:04:57Z</time></trkpt><trkpt lat="60.259643" lon="24.937558"><ele>19.0</ele><time>2026-01-08T08:04:58Z</time></trkpt><trkpt lat="60.259647" lon="24.937645"><ele>19.7</ele><time>2026-01-08T08:04:59Z</time></trkpt><trkpt lat="60.259653" lon="24.937715"><ele>20.4</ele><time>2026-01-08T08:05:00Z</time><extensions><gpxtpx:TrackPointExtension><gpxtpx:hr>138</gpxtpx:hr></gpxtpx:TrackPointExtension></extensions></trkpt><trkpt lat="60.25965" lon="24.937787"><ele>20.9</ele><time>2026-01-08T08:05:01Z</time></trkpt><trkpt lat="60.259657" lon="24.93785"><ele>20.3</ele><time>2026-01-08T08:05:02Z</time></trkpt><trkpt lat="60.259652" lon="24.937915"><ele>21.0</ele><time>2026-01-08T08:05:03Z</time></trkpt><trkpt lat="60.259657" lon="24.937992"><ele>20.2</ele><time>2026-01-08T08:05:04Z</time><extensions><gpxtpx:TrackPointExtension><gpxtpx:hr>138</gpxtpx:hr></gpxtpx:TrackPointExtension></extensions></trkpt><trkpt lat="60.259658" lon="24.938065"><ele>20.2</ele><time>2026-01-08T08:05:05Z</time></trkpt><trkpt lat="60.259662" lon="24.938137"><ele>20.1</ele><time>2026-01-08T08:05:06Z</time><extensions><gpxtpx:TrackPointExtension><gpxtpx:hr>139</gpxtpx:hr></gpxtpx:TrackPointExtension></extensions></trkpt><trkpt lat="60.259653" lon="24.938153"><ele>21.8</ele><time>2026-01-08T08:05:07Z</time></trkpt><trkpt lat="60.259658" lon="24.938282"><ele>21.9</ele><time>2026-01-08T08:05:08Z</time></trkpt><trkpt lat="60.259667" lon="24.93835"><ele>21.6</ele><time>2026-01-08T08:05:09Z</time></trkpt><trkpt lat="60.259668" lon="24.938427"><ele>21.9</ele><time>2026-01-08T08:05:10Z</time></trkpt><trkpt lat="60.259678" lon="24.938495"><ele>23.5</ele><time>2026-01-08T08:05:11Z</time></trkpt><trkpt lat="60.259667" lon="24.938535"><ele>21.2</ele><time>2026-01-08T08:05:12Z</time></trkpt><trkpt lat="60.259667" lon="24.938597"><ele>23.9</ele><time>2026-01-08T08:05:13Z</time><extensions><gpxtpx:TrackPointExtension><gpxtpx:hr>139</gpxtpx:hr></gpxtpx:TrackPointExtension></extensions></trkpt><trkpt lat="60.259662" lon="24.938653"><ele>24.0</ele><time>2026-01-08T08:05:14Z</time></trkpt><trkpt lat="60.259655" lon="24.938765"><ele>24.2</ele><time>2026-01-08T08:05:15Z</time></trkpt><trkpt lat="60.259648" lon="24.938813"><ele>21.3</ele><time>2026-01-08T08:05:16Z</time></trkpt><trkpt lat="60.259657" lon="24.938877"><ele>21.2</ele><time>2026-01-08T08:05:17Z</time></trkpt><trkpt lat="60.25965" lon="24.93896"><ele>21.0</ele><time>2026-01-08T08:05:18Z</time></trkpt><trkpt lat="60.259677" lon="24.939035"><ele>20.8</ele><time>2026-01-08T08:05:19Z</time></trkpt><trkpt lat="60.25968" lon="24.939127"><ele>21.5</ele><time>2026-01-08T08:05:20Z</time><extensions><gpxtpx:TrackPointExtension><gpxtpx:hr>139</gpxtpx:hr></gpxtpx:TrackPointExtension></extensions></trkpt><trkpt lat="60.259688" lon="24.939145"><ele>23.4</ele><time>2026-01-08T08:05:21Z</time></trkpt><trkpt lat="60.259698" lon="24.939293"><ele>21.9</ele><time>2026-01-08T08:05:22Z</time></trkpt><trkpt lat="60.259707" lon="24.939338"><ele>21.2</ele><time>2026-01-08T08:05:23Z</time></trkpt><trkpt lat="60.259715" lon="24.939355"><ele>21.8</ele><time>2026-01-08T08:05:24Z</time></trkpt><trkpt lat="60.259723" lon="24.939417"><ele>21.5</ele><time>2026-01-08T08:05:25Z</time><extensions><gpxtpx:TrackPointExtension><gpxtpx:hr>138</gpxtpx:hr></gpxtpx:TrackPointExtension></extensions></trkpt><trkpt lat="60.259748" lon="24.93951"><ele>21.3</ele><time>2026-01-08T08:05:26Z</time><extensions><gpxtpx:TrackPointExtension><gpxtpx:hr>139</gpxtpx:hr></gpxtpx:TrackPointExtension></extensions></trkpt><trkpt lat="60.259768" lon="24.939592"><ele>20.2</ele><time>2026-01-08T08:05:27Z</time></trkpt><trkpt lat="60.25979" lon="24.939642"><ele>20.0</ele><time>2026-01-08T08:05:28Z</time></trkpt><trkpt lat="60.259818" lon="24.939692"><ele>19.1</ele><time>2026-01-08T08:05:29Z</time></trkpt><trkpt lat="60.25985" lon="24.939725"><ele>19.3</ele><time>2026-01-08T08:05:30Z</time></trkpt><trkpt lat="60.259873" lon="24.939772"><ele>19.5</ele><time>2026-01-08T08:05:31Z</time></trkpt><trkpt lat="60.2599" lon="24.93981"><ele>19.1</ele><time>2026-01-08T08:05:32Z</time></trkpt><trkpt lat="60.259928" lon="24.939848"><ele>18.8</ele><time>2026-01-08T08:05:33Z</time></trkpt><trkpt lat="60.259963" lon="24.939892"><ele>19.8</ele><time>2026-01-08T08:05:34Z</time></trkpt><trkpt lat="60.25999" lon="24.939943"><ele>19.2</ele><time>2026-01-08T08:05:35Z</time><extensions><gpxtpx:TrackPointExtension><gpxtpx:hr>140</gpxtpx:hr></gpxtpx:TrackPointExtension></extensions></trkpt><trkpt lat="60.260027" lon="24.939938"><ele>19.0</ele><time>2026-01-08T08:05:36Z</time></trkpt><trkpt lat="60.260063" lon="24.939957"><ele>18.3</ele><time>2026-01-08T08:05:37Z</time></trkpt><trkpt lat="60.2601" lon="24.939968"><ele>17.8</ele><time>2026-01-08T08:05:38Z</time><extensions><gpxtpx:TrackPointExtension><gpxtpx:hr>140</gpxtpx:hr></gpxtpx:TrackPointExtension></extensions></trkpt><trkpt lat="60.260132" lon="24.939968"><ele>18.2</ele><time>2026-01-08T08:05:39Z</time></trkpt><trkpt lat="60.260157" lon="24.940005"><ele>18.3</ele><time>2026-01-08T08:05:40Z</time></trkpt><trkpt lat="60.260183" lon="24.940003"><ele>17.7</ele><time>2026-01-08T08:05:41Z</time></trkpt><trkpt lat="60.260215" lon="24.940027"><ele>18.2</ele><time>2026-01-08T08:05:42Z</time><extensions><gpxtpx:TrackPointExtension><gpxtpx:hr>140</gpxtpx:hr></gpxtpx:TrackPointExtension></extensions></trkpt><trkpt lat="60.261097" lon="24.939865"><ele>16.9</ele><time>2026-01-08T08:06:28Z</time><extensions><gpxtpx:TrackPointExtension><gpxtpx:hr>134</gpxtpx:hr></gpxtpx:TrackPointExtension></extensions></trkpt><trkpt lat="60.261115" lon="24.939803"><ele>17.0</ele><time>2026-01-08T08:06:29Z</time><extensions><gpxtpx:TrackPointExtension><gpxtpx:hr>136</gpxtpx:hr></gpxtpx:TrackPointExtension></extensions></trkpt><trkpt lat="60.261138" lon="24.939738"><ele>17.0</ele><time>2026-01-08T08:06:30Z</time></trkpt><trkpt lat="60.261153" lon="24.939687"><ele>17.0</ele><time>2026-01-08T08:06:31Z</time></trkpt><trkpt lat="60.261167" lon="24.939623"><ele>16.7</ele><time>2026-01-08T08:06:32Z</time></trkpt><trkpt lat="60.261185" lon="24.939555"><ele>16.8</ele><time>2026-01-08T08:06:33Z</time></trkpt><trkpt lat="60.261212" lon="24.939418"><ele>18.3</ele><time>2026-01-08T08:06:36Z</time><extensions><gpxtpx:TrackPointExtension><gpxtpx:hr>137</gpxtpx:hr></gpxtpx:TrackPointExtension></extensions></trkpt><trkpt lat="60.261212" lon="24.939418"><ele>18.3</ele><time>2026-01-08T08:06:36Z</time><extensions><gpxtpx:TrackPointExtension><gpxtpx:hr>136</gpxtpx:hr></gpxtpx:TrackPointExtension></extensions></trkpt><trkpt lat="60.261223" lon="24.939348"><ele>18.0</ele><time>2026-01-08T08:06:37Z</time></trkpt><trkpt lat="60.261233" lon="24.939282"><ele>17.8</ele><time>2026-01-08T08:06:38Z</time></trkpt><trkpt lat="60.261243" lon="24.939213"><ele>18.0</ele><time>2026-01-08T08:06:39Z</time></trkpt><trkpt lat="60.261255" lon="24.939147"><ele>17.9</ele><time>2026-01-08T08:06:40Z</time></trkpt><trkpt lat="60.261267" lon="24.93908"><ele>17.5</ele><time>2026-01-08T08:06:41Z</time><extensions><gpxtpx:TrackPointExtension><gpxtpx:hr>136</gpxtpx:hr></gpxtpx:TrackPointExtension></extensions></trkpt><trkpt lat="60.261278" lon="24.939013"><ele>17.6</ele><time>2026-01-08T08:06:43Z</time></trkpt><trkpt lat="60.26129" lon="24.938947"><ele>17.5</ele><time>2026-01-08T08:06:44Z</time></trkpt><trkpt lat="60.2613" lon="24.93888"><ele>17.6</ele><time>2026-01-08T08:06:45Z</time></trkpt><trkpt lat="60.261308" lon="24.93881"><ele>17.5</ele><time>2026-01-08T08:06:46Z</time></trkpt><trkpt lat="60.261315" lon="24.938742"><ele>17.8</ele><time>2026-01-08T08:06:47Z</time></trkpt><trkpt lat="60.261318" lon="24.93867"><ele>18.1</ele><time>2026-01-08T08:06:48Z</time></trkpt><trkpt lat="60.26132" lon="24.9386"><ele>18.4</ele><time>2026-01-08T08:06:49Z</time></trkpt><trkpt lat="60.261325" lon="24.938532"><ele>18.8</ele><time>2026-01-08T08:06:50Z</time><extensions><gpxtpx:TrackPointExtension><gpxtpx:hr>137</gpxtpx:hr></gpxtpx:TrackPointExtension></extensions></trkpt><trkpt lat="60.26132" lon="24.93846"><ele>18.9</ele><time>2026-01-08T08:06:51Z</time></trkpt><trkpt lat="60.261315" lon="24.938393"><ele>18.6</ele><time>2026-01-08T08:06:52Z</time><extensions><gpxtpx:TrackPointExtension><gpxtpx:hr>137</gpxtpx:hr></gpxtpx:TrackPointExtension></extensions></trkpt><trkpt lat="60.261308" lon="24.938327"><ele>18.9</ele><time>2026-01-08T08:06:53Z</time></trkpt><trkpt lat="60.261302" lon="24.938263"><ele>18.8</ele><time>2026-01-08T08:06:54Z</time></trkpt><trkpt lat="60.261297" lon="24.9382"><ele>18.8</ele><time>2026-01-08T08:06:55Z</time></trkpt><trkpt lat="60.26129" lon="24.938142"><ele>18.6</ele><time>2026-01-08T08:06:56Z</time></trkpt><trkpt lat="60.261288" lon="24.938078"><ele>18.5</ele><time>2026-01-08T08:06:57Z</time><extensions><gpxtpx:TrackPointExtension><gpxtpx:hr>140</gpxtpx:hr></gpxtpx:TrackPointExtension></extensions></trkpt><trkpt lat="60.261283" lon="24.938015"><ele>18.5</ele><time>2026-01-08T08:06:58Z</time></trkpt><trkpt lat="60.261282" lon="24.937945"><ele>18.6</ele><time>2026-01-08T08:06:59Z</time></trkpt><trkpt lat="60.261278" lon="24.937872"><ele>18.6</ele><time>2026-01-08T08:07:00Z</time></trkpt><trkpt lat="60.26128" lon="24.937802"><ele>18.7</ele><time>2026-01-08T08:07:01Z</time></trkpt><trkpt lat="60.261285" lon="24.937735"><ele>18.7</ele><time>2026-01-08T08:07:02Z</time><extensions><gpxtpx:TrackPointExtension><gpxtpx:hr>141</gpxtpx:hr></gpxtpx:TrackPointExtension></extensions></trkpt><trkpt lat="60.26129" lon="24.937672"><ele>18.7</ele><time>2026-01-08T08:07:03Z</time></trkpt><trkpt lat="60.261298" lon="24.937605"><ele>19.4</ele><time>2026-01-08T08:07:04Z</time></trkpt><trkpt lat="60.261308" lon="24.937528"><ele>19.5</ele><time>2026-01-08T08:07:05Z</time></trkpt><trkpt lat="60.261322" lon="24.937463"><ele>19.5</ele><time>2026-01-08T08:07:05Z</time></trkpt><trkpt lat="60.261328" lon="24.937398"><ele>19.6</ele><time>2026-01-08T08:07:06Z</time></trkpt><trkpt lat="60.261338" lon="24.937338"><ele>19.5</ele><time>2026-01-08T08:07:07Z</time></trkpt><trkpt lat="60.261345" lon="24.937282"><ele>19.2</ele><time>2026-01-08T08:07:08Z</time></trkpt><trkpt lat="60.261715" lon="24.936287"><ele>10.2</ele><time>2026-01-08T08:07:29Z</time><extensions><gpxtpx:TrackPointExtension><gpxtpx:hr>141</gpxtpx:hr></gpxtpx:TrackPointExtension></extensions></trkpt><trkpt lat="60.261715" lon="24.936287"><ele>10.2</ele><time>2026-01-08T08:07:12Z</time><extensions><gpxtpx:TrackPointExtension><gpxtpx:hr>141</gpxtpx:hr></gpxtpx:TrackPointExtension></extensions></trkpt><trkpt lat="60.261715" lon="24.936287"><ele>10.2</ele><time>2026-01-08T08:07:19Z</time><extensions><gpxtpx:TrackPointExtension><gpxtpx:hr>141</gpxtpx:hr></gpxtpx:TrackPointExtension></extensions></trkpt><trkpt lat="60.261715" lon="24.936287"><ele>10.2</ele><time>2026-01-08T08:07:21Z</time><extensions><gpxtpx:TrackPointExtension><gpxtpx:hr>141</gpxtpx:hr></gpxtpx:TrackPointExtension></extensions></trkpt><trkpt lat="60.261715" lon="24.936287"><ele>10.2</ele><time>2026-01-08T08:07:29Z</time><extensions><gpxtpx:TrackPointExtension><gpxtpx:hr>142</gpxtpx:hr></gpxtpx:TrackPointExtension></extensions></trkpt><trkpt lat="60.261743" lon="24.936275"><ele>10.3</ele><time>2026-01-08T08:07:30Z</time></trkpt><trkpt lat="60.261787" lon="24.936263"><ele>10.6</ele><time>2026-01-08T08:07:31Z</time></trkpt><trkpt lat="60.261815" lon="24.936258"><ele>10.9</ele><time>2026-01-08T08:07:32Z</time></trkpt><trkpt lat="60.26186" lon="24.936283"><ele>13.8</ele><time>2026-01-08T08:07:33Z</time><extensions><gpxtpx:TrackPointExtension><gpxtpx:hr>143</gpxtpx:hr></gpxtpx:TrackPointExtension></extensions></trkpt><trkpt lat="60.261888" lon="24.93628"><ele>12.1</ele><time>2026-01-08T08:07:34Z</time></trkpt><trkpt lat="60.261932" lon="24.93629"><ele>13.2</ele><time>2026-01-08T08:07:35Z</time></trkpt><trkpt lat="60.26196" lon="24.936295"><ele>11.5</ele><time>2026-01-08T08:07:36Z</time></trkpt><trkpt lat="60.261988" lon="24.936295"><ele>11.0</ele><time>2026-01-08T08:07:37Z</time><extensions><gpxtpx:TrackPointExtension><gpxtpx:hr>143</gpxtpx:hr></gpxtpx:TrackPointExtension></extensions></trkpt><trkpt lat="60.262042" lon="24.936315"><ele>14.9</ele><time>2026-01-08T08:07:38Z</time></trkpt><trkpt lat="60.262065" lon="24.936302"><ele>12.7</ele><time>2026-01-08T08:07:39Z</time></trkpt><trkpt lat="60.262108" lon="24.93632"><ele>14.0</ele><time>2026-01-08T08:07:40Z</time></trkpt><trkpt lat="60.262145" lon="24.936317"><ele>14.0</ele><time>2026-01-08T08:07:41Z</time></trkpt><trkpt lat="60.262177" lon="24.936327"><ele>13.3</ele><time>2026-01-08T08:07:42Z</time></trkpt><trkpt lat="60.262217" lon="24.936315"><ele>14.1</ele><time>2026-01-08T08:07:43Z</time></trkpt><trkpt lat="60.262252" lon="24.936312"><ele>13.9</ele><time>2026-01-08T08:07:44Z</time></trkpt><trkpt lat="60.262297" lon="24.936297"><ele>16.5</ele><time>2026-01-08T08:07:45Z</time><extensions><gpxtpx:TrackPointExtension><gpxtpx:hr>145</gpxtpx:hr></gpxtpx:TrackPointExtension></extensions></trkpt><trkpt lat="60.262322" lon="24.936288"><ele>14.3</ele><time>2026-01-08T08:07:46Z</time></trkpt><trkpt lat="60.262353" lon="24.936253"><ele>14.8</ele><time>2026-01-08T08:07:47Z</time></trkpt><trkpt lat="60.262375" lon="24.936232"><ele>13.5</ele><time>2026-01-08T08:07:48Z</time></trkpt><trkpt lat="60.262408" lon="24.936193"><ele>14.5</ele><time>2026-01-08T08:07:49Z</time><extensions><gpxtpx:TrackPointExtension><gpxtpx:hr>147</gpxtpx:hr></gpxtpx:TrackPointExtension></extensions></trkpt><trkpt lat="60.262433" lon="24.936172"><ele>13.4</ele><time>2026-01-08T08:07:50Z</time></trkpt><trkpt lat="60.262467" lon="24.936148"><ele>15.2</ele><time>2026-01-08T08:07:51Z</time><extensions><gpxtpx:TrackPointExtension><gpxtpx:hr>146</gpxtpx:hr></gpxtpx:TrackPointExtension></extensions></trkpt><trkpt lat="60.262495" lon="24.93613"><ele>15.8</ele><time>2026-01-08T08:07:52Z</time></trkpt><trkpt lat="60.26252" lon="24.936122"><ele>14.4</ele><time>2026-01-08T08:07:53Z</time></trkpt><trkpt lat="60.262548" lon="24.9361"><ele>14.0</ele><time>2026-01-08T08:07:54Z</time></trkpt><trkpt lat="60.262585" lon="24.936088"><ele>15.5</ele><time>2026-01-08T08:07:55Z</time></trkpt><trkpt lat="60.26261" lon="24.936065"><ele>14.4</ele><time>2026-01-08T08:07:56Z</time></trkpt><trkpt lat="60.262652" lon="24.93606"><ele>16.1</ele><time>2026-01-08T08:07:57Z</time></trkpt><trkpt lat="60.262668" lon="24.936035"><ele>13.5</ele><time>2026-01-08T08:07:58Z</time></trkpt><trkpt lat="60.2627" lon="24.936025"><ele>13.4</ele><time>2026-01-08T08:07:59Z</time></trkpt><trkpt lat="60.262737" lon="24.936012"><ele>13.5</ele><time>2026-01-08T08:08:00Z</time><extensions><gpxtpx:TrackPointExtension><gpxtpx:hr>147</gpxtpx:hr></gpxtpx:TrackPointExtension></extensions></trkpt><trkpt lat="60.262773" lon="24.935993"><ele>13.4</ele><time>2026-01-08T08:08:01Z</time></trkpt><trkpt lat="60.262805" lon="24.935992"><ele>13.5</ele><time>2026-01-08T08:08:02Z</time></trkpt><trkpt lat="60.262832" lon="24.935973"><ele>12.7</ele><time>2026-01-08T08:08:03Z</time></trkpt><trkpt lat="60.262875" lon="24.935972"><ele>15.3</ele><time>2026-01-08T08:08:04Z</time></trkpt><trkpt lat="60.262905" lon="24.935957"><ele>15.3</ele><time>2026-01-08T08:08:05Z</time><extensions><gpxtpx:TrackPointExtension><gpxtpx:hr>145</gpxtpx:hr></gpxtpx:TrackPointExtension></extensions></trkpt><trkpt lat="60.262932" lon="24.935948"><ele>15.0</ele><time>2026-01-08T08:08:06Z</time><extensions><gpxtpx:TrackPointExtension><gpxtpx:hr>145</gpxtpx:hr></gpxtpx:TrackPointExtension></extensions></trkpt><trkpt lat="60.262967" lon="24.93594"><ele>15.9</ele><time>2026-01-08T08:08:07Z</time></trkpt><trkpt lat="60.262993" lon="24.935927"><ele>15.1</ele><time>2026-01-08T08:08:08Z</time></trkpt><trkpt lat="60.26303" lon="24.935915"><ele>16.8</ele><time>2026-01-08T08:08:09Z</time></trkpt><trkpt lat="60.263077" lon="24.935887"><ele>17.1</ele><time>2026-01-08T08:08:10Z</time></trkpt><trkpt lat="60.263103" lon="24.935883"><ele>18.3</ele><time>2026-01-08T08:08:11Z</time></trkpt><trkpt lat="60.263128" lon="24.935857"><ele>17.5</ele><time>2026-01-08T08:08:12Z</time></trkpt><trkpt lat="60.26316" lon="24.935845"><ele>17.2</ele><time>2026-01-08T08:08:13Z</time></trkpt><trkpt lat="60.26319" lon="24.935828"><ele>17.7</ele><time>2026-01-08T08:08:14Z</time></trkpt><trkpt lat="60.263217" lon="24.935812"><ele>16.1</ele><time>2026-01-08T08:08:15Z</time><extensions><gpxtpx:TrackPointExtension><gpxtpx:hr>146</gpxtpx:hr></gpxtpx:TrackPointExtension></extensions></trkpt><trkpt lat="60.263252" lon="24.9358"><ele>17.9</ele><time>2026-01-08T08:08:16Z</time></trkpt><trkpt lat="60.263278" lon="24.935782"><ele>17.1</ele><time>2026-01-08T08:08:17Z</time></trkpt><trkpt lat="60.263307" lon="24.935778"><ele>18.0</ele><time>2026-01-08T08:08:18Z</time></trkpt><trkpt lat="60.26333" lon="24.935757"><ele>16.9</ele><time>2026-01-08T08:08:19Z</time><extensions><gpxtpx:TrackPointExtension><gpxtpx:hr>146</gpxtpx:hr></gpxtpx:TrackPointExtension></extensions></trkpt><trkpt lat="60.263362" lon="24.935753"><ele>17.3</ele><time>2026-01-08T08:08:20Z</time></trkpt><trkpt lat="60.263403" lon="24.935723"><ele>16.0</ele><time>2026-01-08T08:08:21Z</time><extensions><gpxtpx:TrackPointExtension><gpxtpx:hr>147</gpxtpx:hr></gpxtpx:TrackPointExtension></extensions></trkpt><trkpt lat="60.263423" lon="24.935717"><ele>16.0</ele><time>2026-01-08T08:08:22Z</time></trkpt><trkpt lat="60.26345" lon="24.935697"><ele>17.0</ele><time>2026-01-08T08:08:23Z</time></trkpt><trkpt lat="60.26348" lon="24.935695"><ele>17.6</ele><time>2026-01-08T08:08:24Z</time></trkpt><trkpt lat="60.263505" lon="24.935675"><ele>16.1</ele><time>2026-01-08T08:08:25Z</time></trkpt><trkpt lat="60.263548" lon="24.93567"><ele>18.0</ele><time>2026-01-08T08:08:26Z</time></trkpt><trkpt lat="60.263572" lon="24.935643"><ele>18.7</ele><time>2026-01-08T08:08:27Z</time></trkpt><trkpt lat="60.2636" lon="24.935638"><ele>18.2</ele><time>2026-01-08T08:08:28Z</time></trkpt><trkpt lat="60.263618" lon="24.935607"><ele>16.0</ele><time>2026-01-08T08:08:29Z</time></trkpt><trkpt lat="60.26365" lon="24.935595"><ele>17.9</ele><time>2026-01-08T08:08:30Z</time><extensions><gpxtpx:TrackPointExtension><gpxtpx:hr>147</gpxtpx:hr></gpxtpx:TrackPointExtension></extensions></trkpt><trkpt lat="60.263675" lon="24.935567"><ele>18.0</ele><time>2026-01-08T08:08:31Z</time></trkpt><trkpt lat="60.263708" lon="24.93556"><ele>20.7</ele><time>2026-01-08T08:08:32Z</time></trkpt><trkpt lat="60.263718" lon="24.93555"><ele>18.9</ele><time>2026-01-08T08:08:33Z</time></trkpt><trkpt lat="60.26373" lon="24.935533"><ele>18.2</ele><time>2026-01-08T08:08:34Z</time></trkpt><trkpt lat="60.263745" lon="24.935528"><ele>19.0</ele><time>2026-01-08T08:08:35Z</time><extensions><gpxtpx:TrackPointExtension><gpxtpx:hr>147</gpxtpx:hr></gpxtpx:TrackPointExtension></extensions></trkpt><trkpt lat="60.263743" lon="24.935508"><ele>19.4</ele><time>2026-01-08T08:08:36Z</time></trkpt><trkpt lat="60.26373" lon="24.935508"><ele>19.4</ele><time>2026-01-08T08:08:37Z</time><extensions><gpxtpx:TrackPointExtension><gpxtpx:hr>147</gpxtpx:hr></gpxtpx:TrackPointExtension></extensions></trkpt><trkpt lat="60.263722" lon="24.935518"><ele>17.7</ele><time>2026-01-08T08:08:38Z</time></trkpt><trkpt lat="60.263698" lon="24.935538"><ele>18.2</ele><time>2026-01-08T08:08:39Z</time></trkpt><trkpt lat="60.263673" lon="24.935562"><ele>18.2</ele><time>2026-01-08T08:08:40Z</time></trkpt><trkpt lat="60.263638" lon="24.935583"><ele>19.0</ele><time>2026-01-08T08:08:41Z</time><extensions><gpxtpx:TrackPointExtension><gpxtpx:hr>146</gpxtpx:hr></gpxtpx:TrackPointExtension></extensions></trkpt><trkpt lat="60.263612" lon="24.935605"><ele>19.0</ele><time>2026-01-08T08:08:42Z</time></trkpt><trkpt lat="60.263582" lon="24.935608"><ele>17.9</ele><time>2026-01-08T08:08:43Z</time></trkpt><trkpt lat="60.263543" lon="24.935628"><ele>19.2</ele><time>2026-01-08T08:08:44Z</time></trkpt><trkpt lat="60.26351" lon="24.935642"><ele>19.1</ele><time>2026-01-08T08:08:45Z</time></trkpt><trkpt lat="60.263473" lon="24.935657"><ele>20.3</ele><time>2026-01-08T08:08:46Z</time></trkpt><trkpt lat="60.263442" lon="24.935673"><ele>20.2</ele><time>2026-01-08T08:08:47Z</time><extensions><gpxtpx:TrackPointExtension><gpxtpx:hr>143</gpxtpx:hr></gpxtpx:TrackPointExtension></extensions></trkpt><trkpt lat="60.263407" lon="24.93569"><ele>21.2</ele><time>2026-01-08T08:08:49Z</time></trkpt><trkpt lat="60.26338" lon="24.935708"><ele>20.3</ele><time>2026-01-08T08:08:50Z</time></trkpt><trkpt lat="60.263352" lon="24.935715"><ele>20.0</ele><time>2026-01-08T08:08:51Z</time></trkpt><trkpt lat="60.263325" lon="24.935733"><ele>19.6</ele><time>2026-01-08T08:08:52Z</time></trkpt><trkpt lat="60.263295" lon="24.935743"><ele>19.4</ele><time>2026-01-08T08:08:53Z</time></trkpt><trkpt lat="60.263267" lon="24.93576"><ele>18.0</ele><time>2026-01-08T08:08:54Z</time><extensions><gpxtpx:TrackPointExtension><gpxtpx:hr>141</gpxtpx:hr></gpxtpx:TrackPointExtension></extensions></trkpt><trkpt lat="60.263225" lon="24.93578"><ele>19.4</ele><time>2026-01-08T08:08:55Z</time></trkpt><trkpt lat="60.263192" lon="24.935795"><ele>18.7</ele><time>2026-01-08T08:08:56Z</time><extensions><gpxtpx:TrackPointExtension><gpxtpx:hr>140</gpxtpx:hr></gpxtpx:TrackPointExtension></extensions></trkpt><trkpt lat="60.263157" lon="24.935817"><ele>19.6</ele><time>2026-01-08T08:08:57Z</time></trkpt><trkpt lat="60.263128" lon="24.935827"><ele>18.8</ele><time>2026-01-08T08:08:58Z</time></trkpt><trkpt lat="60.2631" lon="24.935843"><ele>18.5</ele><time>2026-01-08T08:08:59Z</time></trkpt><trkpt lat="60.263068" lon="24.935863"><ele>18.4</ele><time>2026-01-08T08:09:00Z</time></trkpt><trkpt lat="60.263037" lon="24.935873"><ele>18.6</ele><time>2026-01-08T08:09:01Z</time><extensions><gpxtpx:TrackPointExtension><gpxtpx:hr>142</gpxtpx:hr></gpxtpx:TrackPointExtension></extensions></trkpt><trkpt lat="60.263003" lon="24.935902"><ele>18.9</ele><time>2026-01-08T08:09:02Z</time></trkpt><trkpt lat="60.262973" lon="24.935915"><ele>17.8</ele><time>2026-01-08T08:09:03Z</time></trkpt><trkpt lat="60.262828" lon="24.935973"><ele>20.3</ele><time>2026-01-08T08:09:07Z</time></trkpt><trkpt lat="60.262795" lon="24.935988"><ele>19.7</ele><time>2026-01-08T08:09:08Z</time></trkpt><trkpt lat="60.26276" lon="24.936002"><ele>19.5</ele><time>2026-01-08T08:09:09Z</time></trkpt><trkpt lat="60.262723" lon="24.936018"><ele>19.5</ele><time>2026-01-08T08:09:10Z</time><extensions><gpxtpx:TrackPointExtension><gpxtpx:hr>142</gpxtpx:hr></gpxtpx:TrackPointExtension></extensions></trkpt><trkpt lat="60.26269" lon="24.936035"><ele>19.2</ele><time>2026-01-08T08:09:11Z</time></trkpt><trkpt lat="60.262655" lon="24.936048"><ele>19.6</ele><time>2026-01-08T08:09:11Z</time></trkpt><trkpt lat="60.262623" lon="24.936067"><ele>19.5</ele><time>2026-01-08T08:09:13Z</time><extensions><gpxtpx:TrackPointExtension><gpxtpx:hr>142</gpxtpx:hr></gpxtpx:TrackPointExtension></extensions></trkpt><trkpt lat="60.262592" lon="24.936082"><ele>19.2</ele><time>2026-01-08T08:09:14Z</time></trkpt><trkpt lat="60.26256" lon="24.936102"><ele>19.2</ele><time>2026-01-08T08:09:15Z</time></trkpt><trkpt lat="60.262528" lon="24.93612"><ele>19.1</ele><time>2026-01-08T08:09:16Z</time><extensions><gpxtpx:TrackPointExtension><gpxtpx:hr>141</gpxtpx:hr></gpxtpx:TrackPointExtension></extensions></trkpt><trkpt lat="60.262498" lon="24.93614"><ele>18.9</ele><time>2026-01-08T08:09:17Z</time></trkpt><trkpt lat="60.262468" lon="24.936158"><ele>18.8</ele><time>2026-01-08T08:09:18Z</time></trkpt><trkpt lat="60.262437" lon="24.936182"><ele>18.9</ele><time>2026-01-08T08:09:19Z</time></trkpt><trkpt lat="60.262407" lon="24.936203"><ele>19.2</ele><time>2026-01-08T08:09:20Z</time></trkpt><trkpt lat="60.262372" lon="24.936225"><ele>19.3</ele><time>2026-01-08T08:09:21Z</time></trkpt><trkpt lat="60.262338" lon="24.936255"><ele>18.9</ele><time>2026-01-08T08:09:22Z</time></trkpt><trkpt lat="60.262307" lon="24.936275"><ele>19.1</ele><time>2026-01-08T08:09:23Z</time></trkpt><trkpt lat="60.262275" lon="24.936298"><ele>19.3</ele><time>2026-01-08T08:09:24Z</time></trkpt><trkpt lat="60.262245" lon="24.936313"><ele>18.9</ele><time>2026-01-08T08:09:25Z</time><extensions><gpxtpx:TrackPointExtension><gpxtpx:hr>144</gpxtpx:hr></gpxtpx:TrackPointExtension></extensions></trkpt><trkpt lat="60.262215" lon="24.936333"><ele>19.2</ele><time>2026-01-08T08:09:26Z</time></trkpt><trkpt lat="60.262185" lon="24.936342"><ele>18.9</ele><time>2026-01-08T08:09:27Z</time></trkpt><trkpt lat="60.262157" lon="24.936348"><ele>18.7</ele><time>2026-01-08T08:09:28Z</time></trkpt><trkpt lat="60.262122" lon="24.936348"><ele>18.6</ele><time>2026-01-08T08:09:29Z</time></trkpt><trkpt lat="60.262092" lon="24.936343"><ele>18.9</ele><time>2026-01-08T08:09:30Z</time><extensions><gpxtpx:TrackPointExtension><gpxtpx:hr>144</gpxtpx:hr></gpxtpx:TrackPointExtension></extensions></trkpt><trkpt lat="60.26206" lon="24.93634"><ele>18.6</ele><time>2026-01-08T08:09:31Z</time></trkpt><trkpt lat="60.26203" lon="24.936332"><ele>18.7</ele><time>2026-01-08T08:09:32Z</time></trkpt><trkpt lat="60.261998" lon="24.936328"><ele>18.6</ele><time>2026-01-08T08:09:32Z</time></trkpt><trkpt lat="60.261965" lon="24.936317"><ele>19.0</ele><time>2026-01-08T08:09:33Z</time></trkpt><trkpt lat="60.261935" lon="24.936303"><ele>18.9</ele><time>2026-01-08T08:09:34Z</time><extensions><gpxtpx:TrackPointExtension><gpxtpx:hr>146</gpxtpx:hr></gpxtpx:TrackPointExtension></extensions></trkpt><trkpt lat="60.261908" lon="24.936283"><ele>18.4</ele><time>2026-01-08T08:09:35Z</time></trkpt><trkpt lat="60.261878" lon="24.936277"><ele>18.5</ele><time>2026-01-08T08:09:36Z</time><extensions><gpxtpx:TrackPointExtension><gpxtpx:hr>146</gpxtpx:hr></gpxtpx:TrackPointExtension></extensions></trkpt><trkpt lat="60.26185" lon="24.936268"><ele>18.3</ele><time>2026-01-08T08:09:37Z</time></trkpt><trkpt lat="60.261817" lon="24.936267"><ele>18.4</ele><time>2026-01-08T08:09:38Z</time></trkpt><trkpt lat="60.261773" lon="24.93627"><ele>18.8</ele><time>2026-01-08T08:09:39Z</time></trkpt><trkpt lat="60.261743" lon="24.93631"><ele>19.5</ele><time>2026-01-08T08:09:40Z</time></trkpt><trkpt lat="60.261723" lon="24.936345"><ele>18.7</ele><time>2026-01-08T08:09:41Z</time></trkpt><trkpt lat="60.261693" lon="24.936378"><ele>19.2</ele><time>2026-01-08T08:09:42Z</time></trkpt><trkpt lat="60.261675" lon="24.936407"><ele>17.5</ele><time>2026-01-08T08:09:43Z</time></trkpt><trkpt lat="60.261637" lon="24.936465"><ele>18.9</ele><time>2026-01-08T08:09:44Z</time></trkpt><trkpt lat="60.26161" lon="24.936527"><ele>18.6</ele><time>2026-01-08T08:09:45Z</time><extensions><gpxtpx:TrackPointExtension><gpxtpx:hr>145</gpxtpx:hr></gpxtpx:TrackPointExtension></extensions></trkpt><trkpt lat="60.261582" lon="24.936555"><ele>18.3</ele><time>2026-01-08T08:09:46Z</time></trkpt><trkpt lat="60.261558" lon="24.936603"><ele>18.3</ele><time>2026-01-08T08:09:47Z</time></trkpt><trkpt lat="60.26153" lon="24.93663"><ele>17.9</ele><time>2026-01-08T08:09:48Z</time><extensions><gpxtpx:TrackPointExtension><gpxtpx:hr>145</gpxtpx:hr></gpxtpx:TrackPointExtension></extensions></trkpt><trkpt lat="60.26151" lon="24.936673"><ele>18.2</ele><time>2026-01-08T08:09:49Z</time></trkpt><trkpt lat="60.261487" lon="24.93672"><ele>18.1</ele><time>2026-01-08T08:09:50Z</time></trkpt><trkpt lat="60.261467" lon="24.936778"><ele>18.6</ele><time>2026-01-08T08:09:51Z</time></trkpt><trkpt lat="60.261447" lon="24.936837"><ele>18.2</ele><time>2026-01-08T08:09:52Z</time></trkpt><trkpt lat="60.261428" lon="24.936892"><ele>18.1</ele><time>2026-01-08T08:09:53Z</time></trkpt><trkpt lat="60.26141" lon="24.936957"><ele>17.5</ele><time>2026-01-08T08:09:54Z</time><extensions><gpxtpx:TrackPointExtension><gpxtpx:hr>145</gpxtpx:hr></gpxtpx:TrackPointExtension></extensions></trkpt><trkpt lat="60.261393" lon="24.937015"><ele>17.8</ele><time>2026-01-08T08:09:55Z</time></trkpt><trkpt lat="60.26138" lon="24.937085"><ele>18.1</ele><time>2026-01-08T08:09:56Z</time><extensions><gpxtpx:TrackPointExtension><gpxtpx:hr>144</gpxtpx:hr></gpxtpx:TrackPointExtension></extensions></trkpt><trkpt lat="60.261365" lon="24.93713"><ele>17.7</ele><time>2026-01-08T08:09:57Z</time></trkpt><trkpt lat="60.261352" lon="24.937193"><ele>17.6</ele><time>2026-01-08T08:09:58Z</time></trkpt><trkpt lat="60.261335" lon="24.937253"><ele>18.2</ele><time>2026-01-08T08:09:59Z</time></trkpt><trkpt lat="60.261327" lon="24.937335"><ele>16.7</ele><time>2026-01-08T08:10:00Z</time></trkpt><trkpt lat="60.261318" lon="24.93739"><ele>17.6</ele><time>2026-01-08T08:10:01Z</time></trkpt><trkpt lat="60.261315" lon="24.937455"><ele>17.7</ele><time>2026-01-08T08:10:02Z</time></trkpt><trkpt lat="60.261322" lon="24.937437"><ele>17.7</ele><time>2026-01-08T08:10:04Z</time></trkpt><trkpt lat="60.26129" lon="24.937695"><ele>16.0</ele><time>2026-01-08T08:10:06Z</time><extensions><gpxtpx:TrackPointExtension><gpxtpx:hr>144</gpxtpx:hr></gpxtpx:TrackPointExtension></extensions></trkpt><trkpt lat="60.26128" lon="24.937757"><ele>15.7</ele><time>2026-01-08T08:10:07Z</time></trkpt><trkpt lat="60.261275" lon="24.93782"><ele>15.8</ele><time>2026-01-08T08:10:08Z</time></trkpt><trkpt lat="60.26127" lon="24.937887"><ele>15.3</ele><time>2026-01-08T08:10:09Z</time></trkpt><trkpt lat="60.261268" lon="24.937957"><ele>15.5</ele><time>2026-01-08T08:10:10Z</time><extensions><gpxtpx:TrackPointExtension><gpxtpx:hr>146</gpxtpx:hr></gpxtpx:TrackPointExtension></extensions></trkpt><trkpt lat="60.261267" lon="24.938025"><ele>15.4</ele><time>2026-01-08T08:10:11Z</time></trkpt><trkpt lat="60.261268" lon="24.93809"><ele>15.5</ele><time>2026-01-08T08:10:13Z</time></trkpt><trkpt lat="60.261272" lon="24.938158"><ele>15.7</ele><time>2026-01-08T08:10:14Z</time><extensions><gpxtpx:TrackPointExtension><gpxtpx:hr>145</gpxtpx:hr></gpxtpx:TrackPointExtension></extensions></trkpt><trkpt lat="60.261277" lon="24.938223"><ele>15.6</ele><time>2026-01-08T08:10:15Z</time></trkpt><trkpt lat="60.261282" lon="24.938288"><ele>15.6</ele><time>2026-01-08T08:10:16Z</time><extensions><gpxtpx:TrackPointExtension><gpxtpx:hr>144</gpxtpx:hr></gpxtpx:TrackPointExtension></extensions></trkpt><trkpt lat="60.261287" lon="24.938353"><ele>15.6</ele><time>2026-01-08T08:10:17Z</time></trkpt><trkpt lat="60.261293" lon="24.938417"><ele>15.4</ele><time>2026-01-08T08:10:18Z</time></trkpt><trkpt lat="60.261298" lon="24.938478"><ele>15.8</ele><time>2026-01-08T08:10:19Z</time></trkpt><trkpt lat="60.261303" lon="24.93855"><ele>16.0</ele><time>2026-01-08T08:10:20Z</time></trkpt><trkpt lat="60.261308" lon="24.93862"><ele>16.1</ele><time>2026-01-08T08:10:21Z</time></trkpt><trkpt lat="60.26131" lon="24.938688"><ele>16.2</ele><time>2026-01-08T08:10:22Z</time></trkpt><trkpt lat="60.261308" lon="24.938755"><ele>16.4</ele><time>2026-01-08T08:10:23Z</time><extensions><gpxtpx:TrackPointExtension><gpxtpx:hr>146</gpxtpx:hr></gpxtpx:TrackPointExtension></extensions></trkpt><trkpt lat="60.261307" lon="24.938822"><ele>16.7</ele><time>2026-01-08T08:10:24Z</time></trkpt><trkpt lat="60.261298" lon="24.93889"><ele>16.7</ele><time>2026-01-08T08:10:25Z</time></trkpt><trkpt lat="60.261293" lon="24.93896"><ele>16.7</ele><time>2026-01-08T08:10:26Z</time></trkpt><trkpt lat="60.261282" lon="24.939025"><ele>16.7</ele><time>2026-01-08T08:10:27Z</time></trkpt><trkpt lat="60.261275" lon="24.939093"><ele>16.6</ele><time>2026-01-08T08:10:28Z</time><extensions><gpxtpx:TrackPointExtension><gpxtpx:hr>146</gpxtpx:hr></gpxtpx:TrackPointExtension></extensions></trkpt><trkpt lat="60.261263" lon="24.939157"><ele>16.4</ele><time>2026-01-08T08:10:29Z</time></trkpt><trkpt lat="60.261255" lon="24.939227"><ele>16.3</ele><time>2026-01-08T08:10:30Z</time></trkpt><trkpt lat="60.261242" lon="24.939287"><ele>16.5</ele><time>2026-01-08T08:10:30Z</time></trkpt><trkpt lat="60.261232" lon="24.939352"><ele>16.4</ele><time>2026-01-08T08:10:31Z</time></trkpt><trkpt lat="60.26122" lon="24.93941"><ele>16.5</ele><time>2026-01-08T08:10:32Z</time></trkpt><trkpt lat="60.261212" lon="24.93947"><ele>16.4</ele><time>2026-01-08T08:10:33Z</time></trkpt><trkpt lat="60.261173" lon="24.939618"><ele>15.5</ele><time>2026-01-08T08:10:36Z</time><extensions><gpxtpx:TrackPointExtension><gpxtpx:hr>147</gpxtpx:hr></gpxtpx:TrackPointExtension></extensions></trkpt><trkpt lat="60.261157" lon="24.939675"><ele>15.6</ele><time>2026-01-08T08:10:37Z</time></trkpt><trkpt lat="60.261143" lon="24.939735"><ele>15.7</ele><time>2026-01-08T08:10:38Z</time><extensions><gpxtpx:TrackPointExtension><gpxtpx:hr>147</gpxtpx:hr></gpxtpx:TrackPointExtension></extensions></trkpt><trkpt lat="60.261128" lon="24.939792"><ele>15.4</ele><time>2026-01-08T08:10:39Z</time></trkpt><trkpt lat="60.261113" lon="24.939848"><ele>15.8</ele><time>2026-01-08T08:10:40Z</time></trkpt><trkpt lat="60.261097" lon="24.939907"><ele>15.7</ele><time>2026-01-08T08:10:41Z</time><extensions><gpxtpx:TrackPointExtension><gpxtpx:hr>147</gpxtpx:hr></gpxtpx:TrackPointExtension></extensions></trkpt><trkpt lat="60.26108" lon="24.939965"><ele>15.7</ele><time>2026-01-08T08:10:43Z</time></trkpt><trkpt lat="60.261063" lon="24.940022"><ele>15.4</ele><time>2026-01-08T08:10:44Z</time></trkpt><trkpt lat="60.261045" lon="24.940078"><ele>15.2</ele><time>2026-01-08T08:10:45Z</time></trkpt><trkpt lat="60.261028" lon="24.940133"><ele>15.3</ele><time>2026-01-08T08:10:46Z</time></trkpt><trkpt lat="60.261012" lon="24.940188"><ele>15.2</ele><time>2026-01-08T08:10:47Z</time></trkpt><trkpt lat="60.260997" lon="24.940247"><ele>15.0</ele><time>2026-01-08T08:10:48Z</time></trkpt><trkpt lat="60.260982" lon="24.940302"><ele>15.3</ele><time>2026-01-08T08:10:49Z</time><extensions><gpxtpx:TrackPointExtension><gpxtpx:hr>147</gpxtpx:hr></gpxtpx:TrackPointExtension></extensions></trkpt><trkpt lat="60.260965" lon="24.940362"><ele>15.4</ele><time>2026-01-08T08:10:50Z</time></trkpt><trkpt lat="60.260948" lon="24.940417"><ele>15.3</ele><time>2026-01-08T08:10:51Z</time><extensions><gpxtpx:TrackPointExtension><gpxtpx:hr>147</gpxtpx:hr></gpxtpx:TrackPointExtension></extensions></trkpt><trkpt lat="60.260933" lon="24.940473"><ele>15.2</ele><time>2026-01-08T08:10:52Z</time></trkpt><trkpt lat="60.260922" lon="24.94053"><ele>15.4</ele><time>2026-01-08T08:10:53Z</time></trkpt><trkpt lat="60.260917" lon="24.940592"><ele>15.2</ele><time>2026-01-08T08:10:54Z</time></trkpt><trkpt lat="60.260907" lon="24.94065"><ele>15.1</ele><time>2026-01-08T08:10:55Z</time></trkpt><trkpt lat="60.260897" lon="24.940702"><ele>15.2</ele><time>2026-01-08T08:10:56Z</time></trkpt><trkpt lat="60.26088" lon="24.940743"><ele>15.1</ele><time>2026-01-08T08:10:57Z</time></trkpt><trkpt lat="60.260867" lon="24.940767"><ele>15.4</ele><time>2026-01-08T08:10:57Z</time></trkpt><trkpt lat="60.26085" lon="24.940783"><ele>15.6</ele><time>2026-01-08T08:10:58Z</time><extensions><gpxtpx:TrackPointExtension><gpxtpx:hr>145</gpxtpx:hr></gpxtpx:TrackPointExtension></extensions></trkpt><trkpt lat="60.260832" lon="24.940792"><ele>15.7</ele><time>2026-01-08T08:10:59Z</time></trkpt><trkpt lat="60.260812" lon="24.940795"><ele>15.9</ele><time>2026-01-08T08:11:00Z</time></trkpt><trkpt lat="60.26079" lon="24.940787"><ele>16.0</ele><time>2026-01-08T08:11:01Z</time></trkpt><trkpt lat="60.260768" lon="24.940785"><ele>16.1</ele><time>2026-01-08T08:11:02Z</time></trkpt><trkpt lat="60.260743" lon="24.940775"><ele>16.1</ele><time>2026-01-08T08:11:03Z</time></trkpt><trkpt lat="60.260713" lon="24.940772"><ele>16.4</ele><time>2026-01-08T08:11:04Z</time></trkpt><trkpt lat="60.260685" lon="24.940752"><ele>16.3</ele><time>2026-01-08T08:11:05Z</time><extensions><gpxtpx:TrackPointExtension><gpxtpx:hr>143</gpxtpx:hr></gpxtpx:TrackPointExtension></extensions></trkpt><trkpt lat="60.260653" lon="24.940727"><ele>16.4</ele><time>2026-01-08T08:11:06Z</time><extensions><gpxtpx:TrackPointExtension><gpxtpx:hr>143</gpxtpx:hr></gpxtpx:TrackPointExtension></extensions></trkpt><trkpt lat="60.260625" lon="24.940693"><ele>16.4</ele><time>2026-01-08T08:11:07Z</time></trkpt><trkpt lat="60.260587" lon="24.940625"><ele>18.6</ele><time>2026-01-08T08:11:08Z</time></trkpt><trkpt lat="60.260562" lon="24.940587"><ele>18.5</ele><time>2026-01-08T08:11:09Z</time></trkpt><trkpt lat="60.260555" lon="24.940545"><ele>18.4</ele><time>2026-01-08T08:11:10Z</time></trkpt><trkpt lat="60.260532" lon="24.940502"><ele>18.0</ele><time>2026-01-08T08:11:11Z</time><extensions><gpxtpx:TrackPointExtension><gpxtpx:hr>144</gpxtpx:hr></gpxtpx:TrackPointExtension></extensions></trkpt><trkpt lat="60.260518" lon="24.940443"><ele>17.9</ele><time>2026-01-08T08:11:12Z</time></trkpt><trkpt lat="60.260502" lon="24.940392"><ele>17.9</ele><time>2026-01-08T08:11:13Z</time></trkpt><trkpt lat="60.260033" lon="24.939808"><ele>17.3</ele><time>2026-01-08T08:11:34Z</time><extensions><gpxtpx:TrackPointExtension><gpxtpx:hr>142</gpxtpx:hr></gpxtpx:TrackPointExtension></extensions></trkpt><trkpt lat="60.260033" lon="24.939808"><ele>17.3</ele><time>2026-01-08T08:11:25Z</time><extensions><gpxtpx:TrackPointExtension><gpxtpx:hr>142</gpxtpx:hr></gpxtpx:TrackPointExtension></extensions></trkpt><trkpt lat="60.260033" lon="24.939808"><ele>17.3</ele><time>2026-01-08T08:11:30Z</time><extensions><gpxtpx:TrackPointExtension><gpxtpx:hr>143</gpxtpx:hr></gpxtpx:TrackPointExtension></extensions></trkpt><trkpt lat="60.259998" lon="24.939778"><ele>18.8</ele><time>2026-01-08T08:11:35Z</time><extensions><gpxtpx:TrackPointExtension><gpxtpx:hr>142</gpxtpx:hr></gpxtpx:TrackPointExtension></extensions></trkpt><trkpt lat="60.259967" lon="24.939758"><ele>19.1</ele><time>2026-01-08T08:11:36Z</time></trkpt><trkpt lat="60.25994" lon="24.939725"><ele>19.5</ele><time>2026-01-08T08:11:37Z</time><extensions><gpxtpx:TrackPointExtension><gpxtpx:hr>142</gpxtpx:hr></gpxtpx:TrackPointExtension></extensions></trkpt><trkpt lat="60.259917" lon="24.939695"><ele>19.1</ele><time>2026-01-08T08:11:38Z</time></trkpt><trkpt lat="60.259895" lon="24.93966"><ele>18.6</ele><time>2026-01-08T08:11:39Z</time></trkpt><trkpt lat="60.259873" lon="24.93963"><ele>18.5</ele><time>2026-01-08T08:11:40Z</time></trkpt><trkpt lat="60.25985" lon="24.939588"><ele>18.1</ele><time>2026-01-08T08:11:41Z</time></trkpt><trkpt lat="60.259825" lon="24.939538"><ele>19.2</ele><time>2026-01-08T08:11:42Z</time><extensions><gpxtpx:TrackPointExtension><gpxtpx:hr>141</gpxtpx:hr></gpxtpx:TrackPointExtension></extensions></trkpt><trkpt lat="60.25981" lon="24.939495"><ele>17.9</ele><time>2026-01-08T08:11:43Z</time></trkpt><trkpt lat="60.259788" lon="24.939442"><ele>18.8</ele><time>2026-01-08T08:11:44Z</time></trkpt><trkpt lat="60.259763" lon="24.939392"><ele>19.1</ele><time>2026-01-08T08:11:45Z</time></trkpt><trkpt lat="60.259752" lon="24.939328"><ele>19.6</ele><time>2026-01-08T08:11:46Z</time></trkpt><trkpt lat="60.259735" lon="24.939287"><ele>19.8</ele><time>2026-01-08T08:11:47Z</time><extensions><gpxtpx:TrackPointExtension><gpxtpx:hr>142</gpxtpx:hr></gpxtpx:TrackPointExtension></extensions></trkpt><trkpt lat="60.259733" lon="24.939247"><ele>18.3</ele><time>2026-01-08T08:11:48Z</time></trkpt><trkpt lat="60.25972" lon="24.939188"><ele>18.8</ele><time>2026-01-08T08:11:49Z</time></trkpt><trkpt lat="60.259713" lon="24.93912"><ele>18.4</ele><time>2026-01-08T08:11:50Z</time></trkpt><trkpt lat="60.259708" lon="24.939055"><ele>19.2</ele><time>2026-01-08T08:11:51Z</time></trkpt><trkpt lat="60.259697" lon="24.938968"><ele>19.4</ele><time>2026-01-08T08:11:52Z</time></trkpt><trkpt lat="60.259697" lon="24.938902"><ele>19.9</ele><time>2026-01-08T08:11:53Z</time></trkpt><trkpt lat="60.25969" lon="24.938838"><ele>20.3</ele><time>2026-01-08T08:11:54Z</time></trkpt><trkpt lat="60.259687" lon="24.938765"><ele>20.9</ele><time>2026-01-08T08:11:55Z</time><extensions><gpxtpx:TrackPointExtension><gpxtpx:hr>142</gpxtpx:hr></gpxtpx:TrackPointExtension></extensions></trkpt><trkpt lat="60.259692" lon="24.938757"><ele>20.7</ele><time>2026-01-08T08:11:56Z</time></trkpt><trkpt lat="60.259698" lon="24.9387"><ele>20.2</ele><time>2026-01-08T08:11:57Z</time></trkpt><trkpt lat="60.259693" lon="24.938637"><ele>21.2</ele><time>2026-01-08T08:11:58Z</time></trkpt><trkpt lat="60.259695" lon="24.938585"><ele>21.5</ele><time>2026-01-08T08:11:59Z</time><extensions><gpxtpx:TrackPointExtension><gpxtpx:hr>144</gpxtpx:hr></gpxtpx:TrackPointExtension></extensions></trkpt><trkpt lat="60.259692" lon="24.938528"><ele>20.1</ele><time>2026-01-08T08:12:00Z</time></trkpt><trkpt lat="60.25966" lon="24.937918"><ele>20.7</ele><time>2026-01-08T08:12:09Z</time><extensions><gpxtpx:TrackPointExtension><gpxtpx:hr>146</gpxtpx:hr></gpxtpx:TrackPointExtension></extensions></trkpt><trkpt lat="60.25966" lon="24.937918"><ele>20.7</ele><time>2026-01-08T08:12:08Z</time><extensions><gpxtpx:TrackPointExtension><gpxtpx:hr>147</gpxtpx:hr></gpxtpx:TrackPointExtension></extensions></trkpt><trkpt lat="60.25966" lon="24.937855"><ele>21.6</ele><time>2026-01-08T08:12:10Z</time></trkpt><trkpt lat="60.259655" lon="24.937792"><ele>20.9</ele><time>2026-01-08T08:12:11Z</time></trkpt><trkpt lat="60.259655" lon="24.937733"><ele>21.1</ele><time>2026-01-08T08:12:12Z</time></trkpt><trkpt lat="60.259652" lon="24.937678"><ele>20.1</ele><time>2026-01-08T08:12:13Z</time><extensions><gpxtpx:TrackPointExtension><gpxtpx:hr>146</gpxtpx:hr></gpxtpx:TrackPointExtension></extensions></trkpt><trkpt lat="60.259657" lon="24.93761"><ele>21.9</ele><time>2026-01-08T08:12:14Z</time></trkpt><trkpt lat="60.259647" lon="24.93755"><ele>20.4</ele><time>2026-01-08T08:12:15Z</time></trkpt><trkpt lat="60.259647" lon="24.937473"><ele>21.7</ele><time>2026-01-08T08:12:16Z</time><extensions><gpxtpx:TrackPointExtension><gpxtpx:hr>147</gpxtpx:hr></gpxtpx:TrackPointExtension></extensions></trkpt><trkpt lat="60.25964" lon="24.937408"><ele>21.7</ele><time>2026-01-08T08:12:17Z</time></trkpt><trkpt lat="60.259645" lon="24.937343"><ele>22.1</ele><time>2026-01-08T08:12:18Z</time></trkpt><trkpt lat="60.259638" lon="24.937287"><ele>21.8</ele><time>2026-01-08T08:12:19Z</time></trkpt><trkpt lat="60.259637" lon="24.937235"><ele>21.5</ele><time>2026-01-08T08:12:20Z</time></trkpt><trkpt lat="60.259632" lon="24.93718"><ele>22.7</ele><time>2026-01-08T08:12:21Z</time></trkpt><trkpt lat="60.259628" lon="24.937118"><ele>22.7</ele><time>2026-01-08T08:12:22Z</time></trkpt><trkpt lat="60.259623" lon="24.937057"><ele>21.6</ele><time>2026-01-08T08:12:23Z</time><extensions><gpxtpx:TrackPointExtension><gpxtpx:hr>147</gpxtpx:hr></gpxtpx:TrackPointExtension></extensions></trkpt><trkpt lat="60.259615" lon="24.93699"><ele>22.5</ele><time>2026-01-08T08:12:24Z</time></trkpt><trkpt lat="60.259613" lon="24.936935"><ele>22.1</ele><time>2026-01-08T08:12:25Z</time></trkpt><trkpt lat="60.259598" lon="24.936865"><ele>22.5</ele><time>2026-01-08T08:12:26Z</time><extensions><gpxtpx:TrackPointExtension><gpxtpx:hr>146</gpxtpx:hr></gpxtpx:TrackPointExtension></extensions></trkpt><trkpt lat="60.259593" lon="24.936812"><ele>22.0</ele><time>2026-01-08T08:12:27Z</time></trkpt><trkpt lat="60.259577" lon="24.93677"><ele>21.9</ele><time>2026-01-08T08:12:28Z</time></trkpt><trkpt lat="60.25956" lon="24.936718"><ele>22.2</ele><time>2026-01-08T08:12:29Z</time></trkpt><trkpt lat="60.259533" lon="24.936693"><ele>21.8</ele><time>2026-01-08T08:12:30Z</time></trkpt><trkpt lat="60.259508" lon="24.93663"><ele>21.1</ele><time>2026-01-08T08:12:31Z</time></trkpt><trkpt lat="60.259485" lon="24.936618"><ele>21.4</ele><time>2026-01-08T08:12:32Z</time></trkpt><trkpt lat="60.25946" lon="24.936582"><ele>21.7</ele><time>2026-01-08T08:12:33Z</time></trkpt><trkpt lat="60.25943" lon="24.93655"><ele>21.6</ele><time>2026-01-08T08:12:34Z</time></trkpt><trkpt lat="60.259403" lon="24.936515"><ele>21.6</ele><time>2026-01-08T08:12:35Z</time><extensions><gpxtpx:TrackPointExtension><gpxtpx:hr>146</gpxtpx:hr></gpxtpx:TrackPointExtension></extensions></trkpt><trkpt lat="60.259378" lon="24.936485"><ele>20.8</ele><time>2026-01-08T08:12:36Z</time></trkpt><trkpt lat="60.259352" lon="24.936453"><ele>20.4</ele><time>2026-01-08T08:12:37Z</time></trkpt><trkpt lat="60.259318" lon="24.936412"><ele>21.4</ele><time>2026-01-08T08:12:38Z</time><extensions><gpxtpx:TrackPointExtension><gpxtpx:hr>145</gpxtpx:hr></gpxtpx:TrackPointExtension></extensions></trkpt><trkpt lat="60.259285" lon="24.936372"><ele>20.8</ele><time>2026-01-08T08:12:39Z</time></trkpt><trkpt lat="60.259265" lon="24.936313"><ele>20.9</ele><time>2026-01-08T08:12:40Z</time></trkpt><trkpt lat="60.259243" lon="24.936268"><ele>20.9</ele><time>2026-01-08T08:12:41Z</time><extensions><gpxtpx:TrackPointExtension><gpxtpx:hr>145</gpxtpx:hr></gpxtpx:TrackPointExtension></extensions></trkpt><trkpt lat="60.259227" lon="24.93621"><ele>21.1</ele><time>2026-01-08T08:12:42Z</time></trkpt><trkpt lat="60.259207" lon="24.936145"><ele>21.7</ele><time>2026-01-08T08:12:43Z</time></trkpt><trkpt lat="60.25919" lon="24.936093"><ele>21.2</ele><time>2026-01-08T08:12:44Z</time></trkpt><trkpt lat="60.259175" lon="24.93604"><ele>21.2</ele><time>2026-01-08T08:12:45Z</time></trkpt><trkpt lat="60.259163" lon="24.935995"><ele>20.3</ele><time>2026-01-08T08:12:46Z</time></trkpt><trkpt lat="60.259148" lon="24.935938"><ele>20.8</ele><time>2026-01-08T08:12:47Z</time><extensions><gpxtpx:TrackPointExtension><gpxtpx:hr>146</gpxtpx:hr></gpxtpx:TrackPointExtension></extensions></trkpt><trkpt lat="60.259122" lon="24.935887"><ele>20.8</ele><time>2026-01-08T08:12:48Z</time></trkpt><trkpt lat="60.259103" lon="24.93583"><ele>20.5</ele><time>2026-01-08T08:12:49Z</time></trkpt><trkpt lat="60.259073" lon="24.935787"><ele>21.2</ele><time>2026-01-08T08:12:50Z</time></trkpt><trkpt lat="60.25905" lon="24.935733"><ele>20.9</ele><time>2026-01-08T08:12:51Z</time></trkpt><trkpt lat="60.259013" lon="24.935673"><ele>19.2</ele><time>2026-01-08T08:12:52Z</time></trkpt><trkpt lat="60.258993" lon="24.935637"><ele>20.3</ele><time>2026-01-08T08:12:53Z</time></trkpt><trkpt lat="60.258977" lon="24.935622"><ele>19.1</ele><time>2026-01-08T08:12:54Z</time><extensions><gpxtpx:TrackPointExtension><gpxtpx:hr>146</gpxtpx:hr></gpxtpx:TrackPointExtension></extensions></trkpt><trkpt lat="60.25895" lon="24.935575"><ele>19.5</ele><time>2026-01-08T08:12:55Z</time></trkpt><trkpt lat="60.258925" lon="24.935538"><ele>20.0</ele><time>2026-01-08T08:12:56Z</time><extensions><gpxtpx:TrackPointExtension><gpxtpx:hr>146</gpxtpx:hr></gpxtpx:TrackPointExtension></extensions></trkpt><trkpt lat="60.2589" lon="24.935495"><ele>19.8</ele><time>2026-01-08T08:12:57Z</time></trkpt><trkpt lat="60.258873" lon="24.935462"><ele>20.1</ele><time>2026-01-08T08:12:58Z</time></trkpt><trkpt lat="60.258848" lon="24.93542"><ele>19.7</ele><time>2026-01-08T08:12:59Z</time></trkpt><trkpt lat="60.258828" lon="24.935378"><ele>19.7</ele><time>2026-01-08T08:13:00Z</time></trkpt><trkpt lat="60.258802" lon="24.935328"><ele>20.0</ele><time>2026-01-08T08:13:01Z</time></trkpt><trkpt lat="60.258785" lon="24.935275"><ele>20.5</ele><time>2026-01-08T08:13:02Z</time></trkpt><trkpt lat="60.25877" lon="24.93522"><ele>19.0</ele><time>2026-01-08T08:13:03Z</time></trkpt><trkpt lat="60.258757" lon="24.935157"><ele>20.6</ele><time>2026-01-08T08:13:04Z</time></trkpt><trkpt lat="60.258745" lon="24.935102"><ele>20.2</ele><time>2026-01-08T08:13:05Z</time><extensions><gpxtpx:TrackPointExtension><gpxtpx:hr>145</gpxtpx:hr></gpxtpx:TrackPointExtension></extensions></trkpt><trkpt lat="60.258747" lon="24.935035"><ele>20.2</ele><time>2026-01-08T08:13:06Z</time><extensions><gpxtpx:TrackPointExtension><gpxtpx:hr>145</gpxtpx:hr></gpxtpx:TrackPointExtension></extensions></trkpt><trkpt lat="60.25875" lon="24.934968"><ele>19.5</ele><time>2026-01-08T08:13:07Z</time></trkpt><trkpt lat="60.258752" lon="24.934902"><ele>19.4</ele><time>2026-01-08T08:13:08Z</time></trkpt><trkpt lat="60.258763" lon="24.934832"><ele>20.8</ele><time>2026-01-08T08:13:09Z</time></trkpt><trkpt lat="60.25876" lon="24.93476"><ele>20.5</ele><time>2026-01-08T08:13:10Z</time></trkpt><trkpt lat="60.258772" lon="24.934703"><ele>20.6</ele><time>2026-01-08T08:13:11Z</time></trkpt><trkpt lat="60.258777" lon="24.934635"><ele>20.8</ele><time>2026-01-08T08:13:12Z</time></trkpt><trkpt lat="60.258792" lon="24.93459"><ele>20.0</ele><time>2026-01-08T08:13:13Z</time><extensions><gpxtpx:TrackPointExtension><gpxtpx:hr>145</gpxtpx:hr></gpxtpx:TrackPointExtension></extensions></trkpt><trkpt lat="60.2588" lon="24.934532"><ele>19.9</ele><time>2026-01-08T08:13:14Z</time></trkpt><trkpt lat="60.258812" lon="24.934477"><ele>19.5</ele><time>2026-01-08T08:13:15Z</time></trkpt><trkpt lat="60.258822" lon="24.934382"><ele>21.5</ele><time>2026-01-08T08:13:16Z</time></trkpt><trkpt lat="60.258833" lon="24.934315"><ele>22.4</ele><time>2026-01-08T08:13:17Z</time></trkpt><trkpt lat="60.25884" lon="24.934265"><ele>23.3</ele><time>2026-01-08T08:13:18Z</time></trkpt><trkpt lat="60.258848" lon="24.934218"><ele>21.9</ele><time>2026-01-08T08:13:19Z</time><extensions><gpxtpx:TrackPointExtension><gpxtpx:hr>143</gpxtpx:hr></gpxtpx:TrackPointExtension></extensions></trkpt><trkpt lat="60.258853" lon="24.934195"><ele>22.5</ele><time>2026-01-08T08:13:20Z</time></trkpt><trkpt lat="60.258982" lon="24.93327"><ele>22.6</ele><time>2026-01-08T08:13:37Z</time><extensions><gpxtpx:TrackPointExtension><gpxtpx:hr>143</gpxtpx:hr></gpxtpx:TrackPointExtension></extensions></trkpt><trkpt lat="60.258982" lon="24.93327"><ele>22.6</ele><time>2026-01-08T08:13:26Z</time><extensions><gpxtpx:TrackPointExtension><gpxtpx:hr>143</gpxtpx:hr></gpxtpx:TrackPointExtension></extensions></trkpt><trkpt lat="60.258982" lon="24.93327"><ele>22.6</ele><time>2026-01-08T08:13:31Z</time><extensions><gpxtpx:TrackPointExtension><gpxtpx:hr>142</gpxtpx:hr></gpxtpx:TrackPointExtension></extensions></trkpt><trkpt lat="60.258958" lon="24.933245"><ele>21.8</ele><time>2026-01-08T08:13:38Z</time></trkpt><trkpt lat="60.25893" lon="24.933205"><ele>23.7</ele><time>2026-01-08T08:13:39Z</time></trkpt><trkpt lat="60.258905" lon="24.933188"><ele>22.2</ele><time>2026-01-08T08:13:40Z</time><extensions><gpxtpx:TrackPointExtension><gpxtpx:hr>143</gpxtpx:hr></gpxtpx:TrackPointExtension></extensions></trkpt><trkpt lat="60.25887" lon="24.93316"><ele>24.2</ele><time>2026-01-08T08:13:41Z</time></trkpt><trkpt lat="60.258845" lon="24.933152"><ele>24.4</ele><time>2026-01-08T08:13:42Z</time></trkpt><trkpt lat="60.258822" lon="24.933133"><ele>23.7</ele><time>2026-01-08T08:13:43Z</time></trkpt><trkpt lat="60.258792" lon="24.933113"><ele>23.1</ele><time>2026-01-08T08:13:44Z</time><extensions><gpxtpx:TrackPointExtension><gpxtpx:hr>143</gpxtpx:hr></gpxtpx:TrackPointExtension></extensions></trkpt><trkpt lat="60.258765" lon="24.93308"><ele>23.3</ele><time>2026-01-08T08:13:45Z</time></trkpt><trkpt lat="60.25874" lon="24.933062"><ele>23.0</ele><time>2026-01-08T08:13:46Z</time></trkpt><trkpt lat="60.258713" lon="24.93303"><ele>23.1</ele><time>2026-01-08T08:13:47Z</time></trkpt><trkpt lat="60.258675" lon="24.933015"><ele>23.5</ele><time>2026-01-08T08:13:48Z</time><extensions><gpxtpx:TrackPointExtension><gpxtpx:hr>144</gpxtpx:hr></gpxtpx:TrackPointExtension></extensions></trkpt><trkpt lat="60.25864" lon="24.932997"><ele>23.2</ele><time>2026-01-08T08:13:49Z</time></trkpt><trkpt lat="60.258612" lon="24.932968"><ele>23.8</ele><time>2026-01-08T08:13:50Z</time></trkpt><trkpt lat="60.258583" lon="24.932938"><ele>24.8</ele><time>2026-01-08T08:13:51Z</time></trkpt><trkpt lat="60.258557" lon="24.932908"><ele>24.8</ele><time>2026-01-08T08:13:52Z</time></trkpt><trkpt lat="60.258525" lon="24.932878"><ele>24.7</ele><time>2026-01-08T08:13:53Z</time></trkpt><trkpt lat="60.258493" lon="24.93285"><ele>25.5</ele><time>2026-01-08T08:13:54Z</time></trkpt><trkpt lat="60.258465" lon="24.93282"><ele>24.8</ele><time>2026-01-08T08:13:55Z</time><extensions><gpxtpx:TrackPointExtension><gpxtpx:hr>143</gpxtpx:hr></gpxtpx:TrackPointExtension></extensions></trkpt><trkpt lat="60.258443" lon="24.932782"><ele>24.3</ele><time>2026-01-08T08:13:56Z</time><extensions><gpxtpx:TrackPointExtension><gpxtpx:hr>144</gpxtpx:hr></gpxtpx:TrackPointExtension></extensions></trkpt><trkpt lat="60.258413" lon="24.932748"><ele>23.8</ele><time>2026-01-08T08:13:57Z</time></trkpt><trkpt lat="60.258382" lon="24.932712"><ele>25.0</ele><time>2026-01-08T08:13:58Z</time></trkpt><trkpt lat="60.258358" lon="24.932678"><ele>24.1</ele><time>2026-01-08T08:13:59Z</time></trkpt><trkpt lat="60.25833" lon="24.932638"><ele>25.8</ele><time>2026-01-08T08:14:00Z</time></trkpt><trkpt lat="60.258302" lon="24.932617"><ele>25.9</ele><time>2026-01-08T08:14:01Z</time></trkpt><trkpt lat="60.258277" lon="24.932572"><ele>27.6</ele><time>2026-01-08T08:14:02Z</time></trkpt><trkpt lat="60.25824" lon="24.932527"><ele>26.9</ele><time>2026-01-08T08:14:03Z</time></trkpt><trkpt lat="60.258212" lon="24.932485"><ele>27.7</ele><time>2026-01-08T08:14:04Z</time></trkpt><trkpt lat="60.258198" lon="24.932482"><ele>27.6</ele><time>2026-01-08T08:14:05Z</time><extensions><gpxtpx:TrackPointExtension><gpxtpx:hr>142</gpxtpx:hr></gpxtpx:TrackPointExtension></extensions></trkpt><trkpt lat="60.258175" lon="24.932427"><ele>28.3</ele><time>2026-01-08T08:14:06Z</time></trkpt><trkpt lat="60.258142" lon="24.93238"><ele>27.3</ele><time>2026-01-08T08:14:07Z</time></trkpt><trkpt lat="60.258113" lon="24.932338"><ele>26.9</ele><time>2026-01-08T08:14:08Z</time></trkpt><trkpt lat="60.258088" lon="24.932297"><ele>26.5</ele><time>2026-01-08T08:14:09Z</time><extensions><gpxtpx:TrackPointExtension><gpxtpx:hr>142</gpxtpx:hr></gpxtpx:TrackPointExtension></extensions></trkpt><trkpt lat="60.258068" lon="24.932265"><ele>26.6</ele><time>2026-01-08T08:14:10Z</time></trkpt><trkpt lat="60.258043" lon="24.932228"><ele>26.7</ele><time>2026-01-08T08:14:11Z</time><extensions><gpxtpx:TrackPointExtension><gpxtpx:hr>142</gpxtpx:hr></gpxtpx:TrackPointExtension></extensions></trkpt><trkpt lat="60.258022" lon="24.932193"><ele>26.2</ele><time>2026-01-08T08:14:12Z</time></trkpt><trkpt lat="60.257998" lon="24.932153"><ele>27.3</ele><time>2026-01-08T08:14:13Z</time></trkpt><trkpt lat="60.257977" lon="24.932115"><ele>26.5</ele><time>2026-01-08T08:14:14Z</time></trkpt><trkpt lat="60.25796" lon="24.932083"><ele>26.9</ele><time>2026-01-08T08:14:15Z</time></trkpt><trkpt lat="60.257933" lon="24.93205"><ele>27.6</ele><time>2026-01-08T08:14:16Z</time></trkpt><trkpt lat="60.25791" lon="24.932007"><ele>25.3</ele><time>2026-01-08T08:14:17Z</time><extensions><gpxtpx:TrackPointExtension><gpxtpx:hr>145</gpxtpx:hr></gpxtpx:TrackPointExtension></extensions></trkpt><trkpt lat="60.257893" lon="24.931968"><ele>24.8</ele><time>2026-01-08T08:14:18Z</time></trkpt><trkpt lat="60.257865" lon="24.93193"><ele>25.5</ele><time>2026-01-08T08:14:19Z</time></trkpt><trkpt lat="60.257848" lon="24.931887"><ele>25.9</ele><time>2026-01-08T08:14:20Z</time></trkpt><trkpt lat="60.257823" lon="24.931857"><ele>25.4</ele><time>2026-01-08T08:14:21Z</time></trkpt><trkpt lat="60.257803" lon="24.931815"><ele>25.8</ele><time>2026-01-08T08:14:22Z</time></trkpt><trkpt lat="60.257775" lon="24.931758"><ele>23.3</ele><time>2026-01-08T08:14:23Z</time><extensions><gpxtpx:TrackPointExtension><gpxtpx:hr>145</gpxtpx:hr></gpxtpx:TrackPointExtension></extensions></trkpt><trkpt lat="60.257757" lon="24.931713"><ele>23.6</ele><time>2026-01-08T08:14:24Z</time></trkpt><trkpt lat="60.257735" lon="24.931682"><ele>24.8</ele><time>2026-01-08T08:14:25Z</time></trkpt><trkpt lat="60.257715" lon="24.931632"><ele>24.5</ele><time>2026-01-08T08:14:26Z</time></trkpt><trkpt lat="60.257698" lon="24.93158"><ele>25.1</ele><time>2026-01-08T08:14:27Z</time></trkpt><trkpt lat="60.257678" lon="24.931532"><ele>23.9</ele><time>2026-01-08T08:14:28Z</time></trkpt><trkpt lat="60.257663" lon="24.931458"><ele>26.9</ele><time>2026-01-08T08:14:29Z</time></trkpt><trkpt lat="60.257647" lon="24.931425"><ele>25.6</ele><time>2026-01-08T08:14:30Z</time><extensions><gpxtpx:TrackPointExtension><gpxtpx:hr>147</gpxtpx:hr></gpxtpx:TrackPointExtension></extensions></trkpt><trkpt lat="60.25763" lon="24.931362"><ele>26.7</ele><time>2026-01-08T08:14:31Z</time></trkpt><trkpt lat="60.257605" lon="24.931282"><ele>24.1</ele><time>2026-01-08T08:14:32Z</time></trkpt><trkpt lat="60.257587" lon="24.931208"><ele>26.5</ele><time>2026-01-08T08:14:33Z</time></trkpt><trkpt lat="60.257572" lon="24.93118"><ele>24.2</ele><time>2026-01-08T08:14:34Z</time></trkpt><trkpt lat="60.257562" lon="24.931117"><ele>25.1</ele><time>2026-01-08T08:14:35Z</time><extensions><gpxtpx:TrackPointExtension><gpxtpx:hr>147</gpxtpx:hr></gpxtpx:TrackPointExtension></extensions></trkpt><trkpt lat="60.257538" lon="24.931055"><ele>25.3</ele><time>2026-01-08T08:14:36Z</time><extensions><gpxtpx:TrackPointExtension><gpxtpx:hr>147</gpxtpx:hr></gpxtpx:TrackPointExtension></extensions></trkpt><trkpt lat="60.257522" lon="24.930982"><ele>24.4</ele><time>2026-01-08T08:14:37Z</time></trkpt><trkpt lat="60.2575" lon="24.930917"><ele>24.0</ele><time>2026-01-08T08:14:38Z</time></trkpt><trkpt lat="60.257482" lon="24.930847"><ele>25.4</ele><time>2026-01-08T08:14:39Z</time></trkpt><trkpt lat="60.257455" lon="24.930783"><ele>24.8</ele><time>2026-01-08T08:14:40Z</time></trkpt><trkpt lat="60.257433" lon="24.930705"><ele>25.0</ele><time>2026-01-08T08:14:41Z</time></trkpt><trkpt lat="60.257412" lon="24.930653"><ele>25.0</ele><time>2026-01-08T08:14:42Z</time></trkpt><trkpt lat="60.257393" lon="24.9306"><ele>23.7</ele><time>2026-01-08T08:14:43Z</time></trkpt><trkpt lat="60.257368" lon="24.930538"><ele>25.1</ele><time>2026-01-08T08:14:44Z</time></trkpt><trkpt lat="60.25735" lon="24.930478"><ele>25.1</ele><time>2026-01-08T08:14:45Z</time><extensions><gpxtpx:TrackPointExtension><gpxtpx:hr>145</gpxtpx:hr></gpxtpx:TrackPointExtension></extensions></trkpt><trkpt lat="60.257332" lon="24.930433"><ele>24.8</ele><time>2026-01-08T08:14:46Z</time></trkpt><trkpt lat="60.257313" lon="24.93038"><ele>24.1</ele><time>2026-01-08T08:14:47Z</time></trkpt><trkpt lat="60.257298" lon="24.930342"><ele>24.0</ele><time>2026-01-08T08:14:48Z</time><extensions><gpxtpx:TrackPointExtension><gpxtpx:hr>143</gpxtpx:hr></gpxtpx:TrackPointExtension></extensions></trkpt><trkpt lat="60.257277" lon="24.930277"><ele>23.5</ele><time>2026-01-08T08:14:49Z</time></trkpt><trkpt lat="60.257257" lon="24.930212"><ele>24.3</ele><time>2026-01-08T08:14:50Z</time></trkpt><trkpt lat="60.257233" lon="24.93015"><ele>24.1</ele><time>2026-01-08T08:14:51Z</time></trkpt><trkpt lat="60.25722" lon="24.930092"><ele>24.7</ele><time>2026-01-08T08:14:52Z</time></trkpt><trkpt lat="60.257202" lon="24.93004"><ele>24.5</ele><time>2026-01-08T08:14:53Z</time></trkpt><trkpt lat="60.257187" lon="24.929978"><ele>24.9</ele><time>2026-01-08T08:14:54Z</time><extensions><gpxtpx:TrackPointExtension><gpxtpx:hr>143</gpxtpx:hr></gpxtpx:TrackPointExtension></extensions></trkpt><trkpt lat="60.257175" lon="24.929917"><ele>25.6</ele><time>2026-01-08T08:14:55Z</time></trkpt><trkpt lat="60.257162" lon="24.929875"><ele>25.1</ele><time>2026-01-08T08:14:56Z</time></trkpt><trkpt lat="60.257147" lon="24.929827"><ele>25.6</ele><time>2026-01-08T08:14:57Z</time></trkpt><trkpt lat="60.257132" lon="24.929772"><ele>25.3</ele><time>2026-01-08T08:14:58Z</time><extensions><gpxtpx:TrackPointExtension><gpxtpx:hr>141</gpxtpx:hr></gpxtpx:TrackPointExtension></extensions></trkpt><trkpt lat="60.257117" lon="24.92971"><ele>24.8</ele><time>2026-01-08T08:14:59Z</time></trkpt><trkpt lat="60.257102" lon="24.929655"><ele>25.0</ele><time>2026-01-08T08:15:00Z</time></trkpt><trkpt lat="60.25713" lon="24.927352"><ele>15.7</ele><time>2026-01-08T08:15:52Z</time><extensions><gpxtpx:TrackPointExtension><gpxtpx:hr>141</gpxtpx:hr></gpxtpx:TrackPointExtension></extensions></trkpt><trkpt lat="60.25713" lon="24.927352"><ele>15.7</ele><time>2026-01-08T08:15:08Z</time><extensions><gpxtpx:TrackPointExtension><gpxtpx:hr>141</gpxtpx:hr></gpxtpx:TrackPointExtension></extensions></trkpt><trkpt lat="60.25713" lon="24.927352"><ele>15.7</ele><time>2026-01-08T08:15:12Z</time><extensions><gpxtpx:TrackPointExtension><gpxtpx:hr>141</gpxtpx:hr></gpxtpx:TrackPointExtension></extensions></trkpt><trkpt lat="60.25713" lon="24.927352"><ele>15.7</ele><time>2026-01-08T08:15:18Z</time><extensions><gpxtpx:TrackPointExtension><gpxtpx:hr>139</gpxtpx:hr></gpxtpx:TrackPointExtension></extensions></trkpt><trkpt lat="60.25713" lon="24.927352"><ele>15.7</ele><time>2026-01-08T08:15:24Z</time><extensions><gpxtpx:TrackPointExtension><gpxtpx:hr>141</gpxtpx:hr></gpxtpx:TrackPointExtension></extensions></trkpt><trkpt lat="60.25713" lon="24.927352"><ele>15.7</ele><time>2026-01-08T08:15:26Z</time><extensions><gpxtpx:TrackPointExtension><gpxtpx:hr>142</gpxtpx:hr></gpxtpx:TrackPointExtension></extensions></trkpt><trkpt lat="60.25713" lon="24.927352"><ele>15.7</ele><time>2026-01-08T08:15:33Z</time><extensions><gpxtpx:TrackPointExtension><gpxtpx:hr>144</gpxtpx:hr></gpxtpx:TrackPointExtension></extensions></trkpt><trkpt lat="60.25713" lon="24.927352"><ele>15.7</ele><time>2026-01-08T08:15:37Z</time><extensions><gpxtpx:TrackPointExtension><gpxtpx:hr>145</gpxtpx:hr></gpxtpx:TrackPointExtension></extensions></trkpt><trkpt lat="60.25713" lon="24.927352"><ele>15.7</ele><time>2026-01-08T08:15:45Z</time><extensions><gpxtpx:TrackPointExtension><gpxtpx:hr>149</gpxtpx:hr></gpxtpx:TrackPointExtension></extensions></trkpt><trkpt lat="60.25713" lon="24.927352"><ele>15.7</ele><time>2026-01-08T08:15:50Z</time><extensions><gpxtpx:TrackPointExtension><gpxtpx:hr>149</gpxtpx:hr></gpxtpx:TrackPointExtension></extensions></trkpt><trkpt lat="60.25713" lon="24.927352"><ele>15.7</ele><time>2026-01-08T08:15:52Z</time><extensions><gpxtpx:TrackPointExtension><gpxtpx:hr>148</gpxtpx:hr></gpxtpx:TrackPointExtension></extensions></trkpt><trkpt lat="60.257122" lon="24.927278"><ele>16.4</ele><time>2026-01-08T08:15:53Z</time></trkpt><trkpt lat="60.257118" lon="24.927217"><ele>18.6</ele><time>2026-01-08T08:15:54Z</time></trkpt><trkpt lat="60.25711" lon="24.927133"><ele>18.6</ele><time>2026-01-08T08:15:55Z</time></trkpt><trkpt lat="60.257108" lon="24.92705"><ele>20.3</ele><time>2026-01-08T08:15:56Z</time></trkpt><trkpt lat="60.257102" lon="24.926983"><ele>17.9</ele><time>2026-01-08T08:15:57Z</time></trkpt><trkpt lat="60.257102" lon="24.926915"><ele>17.2</ele><time>2026-01-08T08:15:58Z</time></trkpt><trkpt lat="60.257102" lon="24.926852"><ele>16.4</ele><time>2026-01-08T08:15:59Z</time><extensions><gpxtpx:TrackPointExtension><gpxtpx:hr>149</gpxtpx:hr></gpxtpx:TrackPointExtension></extensions></trkpt><trkpt lat="60.257108" lon="24.926767"><ele>18.2</ele><time>2026-01-08T08:16:00Z</time></trkpt><trkpt lat="60.257117" lon="24.926693"><ele>20.4</ele><time>2026-01-08T08:16:01Z</time></trkpt><trkpt lat="60.257118" lon="24.92664"><ele>20.2</ele><time>2026-01-08T08:16:02Z</time></trkpt><trkpt lat="60.257127" lon="24.92656"><ele>20.0</ele><time>2026-01-08T08:16:03Z</time><extensions><gpxtpx:TrackPointExtension><gpxtpx:hr>148</gpxtpx:hr></gpxtpx:TrackPointExtension></extensions></trkpt><trkpt lat="60.25713" lon="24.926502"><ele>20.1</ele><time>2026-01-08T08:16:04Z</time></trkpt><trkpt lat="60.257132" lon="24.92644"><ele>20.4</ele><time>2026-01-08T08:16:05Z</time></trkpt><trkpt lat="60.257135" lon="24.926375"><ele>21.1</ele><time>2026-01-08T08:16:06Z</time></trkpt><trkpt lat="60.257133" lon="24.926297"><ele>21.5</ele><time>2026-01-08T08:16:07Z</time></trkpt><trkpt lat="60.257133" lon="24.926212"><ele>21.6</ele><time>2026-01-08T08:16:08Z</time></trkpt><trkpt lat="60.257132" lon="24.926133"><ele>21.6</ele><time>2026-01-08T08:16:09Z</time></trkpt><trkpt lat="60.257128" lon="24.926053"><ele>21.6</ele><time>2026-01-08T08:16:10Z</time><extensions><gpxtpx:TrackPointExtension><gpxtpx:hr>148</gpxtpx:hr></gpxtpx:TrackPointExtension></extensions></trkpt><trkpt lat="60.257118" lon="24.925962"><ele>22.0</ele><time>2026-01-08T08:16:11Z</time></trkpt><trkpt lat="60.257125" lon="24.925928"><ele>21.1</ele><time>2026-01-08T08:16:12Z</time><extensions><gpxtpx:TrackPointExtension><gpxtpx:hr>149</gpxtpx:hr></gpxtpx:TrackPointExtension></extensions></trkpt><trkpt lat="60.257122" lon="24.925827"><ele>23.4</ele><time>2026-01-08T08:16:13Z</time></trkpt><trkpt lat="60.257122" lon="24.925733"><ele>22.3</ele><time>2026-01-08T08:16:14Z</time></trkpt><trkpt lat="60.257118" lon="24.92562"><ele>24.1</ele><time>2026-01-08T08:16:15Z</time></trkpt><trkpt lat="60.257123" lon="24.925545"><ele>24.1</ele><time>2026-01-08T08:16:16Z</time></trkpt><trkpt lat="60.257125" lon="24.925473"><ele>24.1</ele><time>2026-01-08T08:16:17Z</time><extensions><gpxtpx:TrackPointExtension><gpxtpx:hr>148</gpxtpx:hr></gpxtpx:TrackPointExtension></extensions></trkpt><trkpt lat="60.257128" lon="24.925388"><ele>24.2</ele><time>2026-01-08T08:16:18Z</time></trkpt><trkpt lat="60.257137" lon="24.92532"><ele>23.9</ele><time>2026-01-08T08:16:19Z</time></trkpt><trkpt lat="60.257142" lon="24.925252"><ele>22.7</ele><time>2026-01-08T08:16:20Z</time></trkpt><trkpt lat="60.257158" lon="24.925183"><ele>24.5</ele><time>2026-01-08T08:16:21Z</time><extensions><gpxtpx:TrackPointExtension><gpxtpx:hr>150</gpxtpx:hr></gpxtpx:TrackPointExtension></extensions></trkpt><trkpt lat="60.257167" lon="24.925122"><ele>23.8</ele><time>2026-01-08T08:16:22Z</time></trkpt><trkpt lat="60.25718" lon="24.92507"><ele>23.0</ele><time>2026-01-08T08:16:23Z</time></trkpt><trkpt lat="60.257195" lon="24.924978"><ele>23.2</ele><time>2026-01-08T08:16:24Z</time></trkpt><trkpt lat="60.257197" lon="24.924902"><ele>21.4</ele><time>2026-01-08T08:16:25Z</time></trkpt><trkpt lat="60.257205" lon="24.924828"><ele>22.0</ele><time>2026-01-08T08:16:26Z</time></trkpt><trkpt lat="60.25723" lon="24.924753"><ele>24.2</ele><time>2026-01-08T08:16:27Z</time></trkpt><trkpt lat="60.25723" lon="24.924692"><ele>23.4</ele><time>2026-01-08T08:16:28Z</time></trkpt><trkpt lat="60.25724" lon="24.924622"><ele>23.4</ele><time>2026-01-08T08:16:29Z</time><extensions><gpxtpx:TrackPointExtension><gpxtpx:hr>149</gpxtpx:hr></gpxtpx:TrackPointExtension></extensions></trkpt><trkpt lat="60.257243" lon="24.924563"><ele>21.9</ele><time>2026-01-08T08:16:30Z</time></trkpt><trkpt lat="60.257242" lon="24.924453"><ele>23.3</ele><time>2026-01-08T08:16:31Z</time></trkpt><trkpt lat="60.257242" lon="24.924377"><ele>23.2</ele><time>2026-01-08T08:16:32Z</time></trkpt><trkpt lat="60.257237" lon="24.92431"><ele>23.0</ele><time>2026-01-08T08:16:33Z</time></trkpt><trkpt lat="60.25722" lon="24.924218"><ele>24.8</ele><time>2026-01-08T08:16:34Z</time><extensions><gpxtpx:TrackPointExtension><gpxtpx:hr>149</gpxtpx:hr></gpxtpx:TrackPointExtension></extensions></trkpt><trkpt lat="60.257207" lon="24.92414"><ele>24.4</ele><time>2026-01-08T08:16:35Z</time></trkpt><trkpt lat="60.257183" lon="24.924065"><ele>25.4</ele><time>2026-01-08T08:16:36Z</time></trkpt><trkpt lat="60.257162" lon="24.924012"><ele>25.0</ele><time>2026-01-08T08:16:37Z</time></trkpt><trkpt lat="60.257128" lon="24.923955"><ele>24.5</ele><time>2026-01-08T08:16:38Z</time></trkpt><trkpt lat="60.257102" lon="24.92385"><ele>26.5</ele><time>2026-01-08T08:16:39Z</time></trkpt><trkpt lat="60.257065" lon="24.923815"><ele>25.5</ele><time>2026-01-08T08:16:40Z</time><extensions><gpxtpx:TrackPointExtension><gpxtpx:hr>149</gpxtpx:hr></gpxtpx:TrackPointExtension></extensions></trkpt><trkpt lat="60.257047" lon="24.92378"><ele>23.7</ele><time>2026-01-08T08:16:41Z</time></trkpt><trkpt lat="60.25703" lon="24.923738"><ele>23.2</ele><time>2026-01-08T08:16:42Z</time></trkpt><trkpt lat="60.25701" lon="24.923673"><ele>22.9</ele><time>2026-01-08T08:16:43Z</time><extensions><gpxtpx:TrackPointExtension><gpxtpx:hr>149</gpxtpx:hr></gpxtpx:TrackPointExtension></extensions></trkpt><trkpt lat="60.256987" lon="24.923587"><ele>24.3</ele><time>2026-01-08T08:16:44Z</time></trkpt><trkpt lat="60.25696" lon="24.923507"><ele>24.6</ele><time>2026-01-08T08:16:45Z</time></trkpt><trkpt lat="60.25694" lon="24.923432"><ele>24.6</ele><time>2026-01-08T08:16:46Z</time><extensions><gpxtpx:TrackPointExtension><gpxtpx:hr>148</gpxtpx:hr></gpxtpx:TrackPointExtension></extensions></trkpt><trkpt lat="60.256917" lon="24.923363"><ele>24.4</ele><time>2026-01-08T08:16:47Z</time></trkpt><trkpt lat="60.256912" lon="24.92328"><ele>25.3</ele><time>2026-01-08T08:16:48Z</time></trkpt><trkpt lat="60.256902" lon="24.923215"><ele>24.7</ele><time>2026-01-08T08:16:49Z</time></trkpt><trkpt lat="60.256903" lon="24.923158"><ele>24.4</ele><time>2026-01-08T08:16:50Z</time></trkpt><trkpt lat="60.2569" lon="24.923102"><ele>23.1</ele><time>2026-01-08T08:16:51Z</time><extensions><gpxtpx:TrackPointExtension><gpxtpx:hr>147</gpxtpx:hr></gpxtpx:TrackPointExtension></extensions></trkpt><trkpt lat="60.256903" lon="24.923008"><ele>22.9</ele><time>2026-01-08T08:16:52Z</time></trkpt><trkpt lat="60.256913" lon="24.92291"><ele>23.4</ele><time>2026-01-08T08:16:53Z</time></trkpt><trkpt lat="60.256917" lon="24.922842"><ele>22.5</ele><time>2026-01-08T08:16:54Z</time></trkpt><trkpt lat="60.256925" lon="24.922763"><ele>22.3</ele><time>2026-01-08T08:16:55Z</time></trkpt><trkpt lat="60.256933" lon="24.922702"><ele>21.5</ele><time>2026-01-08T08:16:56Z</time></trkpt><trkpt lat="60.256945" lon="24.922628"><ele>21.5</ele><time>2026-01-08T08:16:57Z</time></trkpt><trkpt lat="60.256948" lon="24.922547"><ele>19.7</ele><time>2026-01-08T08:16:58Z</time></trkpt><trkpt lat="60.256968" lon="24.92244"><ele>23.0</ele><time>2026-01-08T08:16:59Z</time><extensions><gpxtpx:TrackPointExtension><gpxtpx:hr>146</gpxtpx:hr></gpxtpx:TrackPointExtension></extensions></trkpt><trkpt lat="60.256982" lon="24.92236"><ele>23.7</ele><time>2026-01-08T08:17:00Z</time></trkpt><trkpt lat="60.256995" lon="24.922297"><ele>22.0</ele><time>2026-01-08T08:17:01Z</time><extensions><gpxtpx:TrackPointExtension><gpxtpx:hr>146</gpxtpx:hr></gpxtpx:TrackPointExtension></extensions></trkpt><trkpt lat="60.257008" lon="24.922228"><ele>22.8</ele><time>2026-01-08T08:17:02Z</time></trkpt><trkpt lat="60.257022" lon="24.92201"><ele>18.3</ele><time>2026-01-08T08:17:06Z</time></trkpt><trkpt lat="60.257015" lon="24.921933"><ele>18.7</ele><time>2026-01-08T08:17:07Z</time><extensions><gpxtpx:TrackPointExtension><gpxtpx:hr>145</gpxtpx:hr></gpxtpx:TrackPointExtension></extensions></trkpt><trkpt lat="60.257005" lon="24.921855"><ele>19.4</ele><time>2026-01-08T08:17:08Z</time></trkpt><trkpt lat="60.256993" lon="24.921782"><ele>19.6</ele><time>2026-01-08T08:17:09Z</time></trkpt><trkpt lat="60.256982" lon="24.921715"><ele>19.3</ele><time>2026-01-08T08:17:10Z</time></trkpt><trkpt lat="60.256968" lon="24.921647"><ele>18.9</ele><time>2026-01-08T08:17:11Z</time></trkpt><trkpt lat="60.256955" lon="24.921577"><ele>18.7</ele><time>2026-01-08T08:17:12Z</time><extensions><gpxtpx:TrackPointExtension><gpxtpx:hr>145</gpxtpx:hr></gpxtpx:TrackPointExtension></extensions></trkpt><trkpt lat="60.256942" lon="24.921503"><ele>18.3</ele><time>2026-01-08T08:17:13Z</time></trkpt><trkpt lat="60.256928" lon="24.921433"><ele>18.5</ele><time>2026-01-08T08:17:14Z</time></trkpt><trkpt lat="60.256918" lon="24.92137"><ele>18.3</ele><time>2026-01-08T08:17:15Z</time></trkpt><trkpt lat="60.25691" lon="24.921303"><ele>18.3</ele><time>2026-01-08T08:17:16Z</time></trkpt><trkpt lat="60.256902" lon="24.921228"><ele>18.9</ele><time>2026-01-08T08:17:17Z</time><extensions><gpxtpx:TrackPointExtension><gpxtpx:hr>144</gpxtpx:hr></gpxtpx:TrackPointExtension></extensions></trkpt><trkpt lat="60.256893" lon="24.921167"><ele>18.0</ele><time>2026-01-08T08:17:18Z</time></trkpt><trkpt lat="60.256887" lon="24.921098"><ele>18.3</ele><time>2026-01-08T08:17:19Z</time></trkpt><trkpt lat="60.256882" lon="24.921035"><ele>18.5</ele><time>2026-01-08T08:17:20Z</time></trkpt><trkpt lat="60.256877" lon="24.920932"><ele>19.3</ele><time>2026-01-08T08:17:21Z</time></trkpt><trkpt lat="60.256875" lon="24.920852"><ele>19.9</ele><time>2026-01-08T08:17:22Z</time></trkpt><trkpt lat="60.256873" lon="24.920773"><ele>19.4</ele><time>2026-01-08T08:17:23Z</time></trkpt><trkpt lat="60.256877" lon="24.920708"><ele>19.5</ele><time>2026-01-08T08:17:24Z</time></trkpt><trkpt lat="60.256873" lon="24.920618"><ele>19.5</ele><time>2026-01-08T08:17:25Z</time><extensions><gpxtpx:TrackPointExtension><gpxtpx:hr>145</gpxtpx:hr></gpxtpx:TrackPointExtension></extensions></trkpt><trkpt lat="60.25687" lon="24.920535"><ele>19.5</ele><time>2026-01-08T08:17:26Z</time><extensions><gpxtpx:TrackPointExtension><gpxtpx:hr>144</gpxtpx:hr></gpxtpx:TrackPointExtension></extensions></trkpt><trkpt lat="60.25686" lon="24.920462"><ele>19.7</ele><time>2026-01-08T08:17:27Z</time></trkpt><trkpt lat="60.256848" lon="24.920393"><ele>19.9</ele><time>2026-01-08T08:17:28Z</time></trkpt><trkpt lat="60.25683" lon="24.920332"><ele>20.7</ele><time>2026-01-08T08:17:29Z</time></trkpt><trkpt lat="60.256807" lon="24.920267"><ele>21.2</ele><time>2026-01-08T08:17:30Z</time></trkpt><trkpt lat="60.256785" lon="24.920215"><ele>20.6</ele><time>2026-01-08T08:17:31Z</time><extensions><gpxtpx:TrackPointExtension><gpxtpx:hr>144</gpxtpx:hr></gpxtpx:TrackPointExtension></extensions></trkpt><trkpt lat="60.25676" lon="24.92018"><ele>20.0</ele><time>2026-01-08T08:17:32Z</time></trkpt><trkpt lat="60.256733" lon="24.92027"><ele>19.9</ele><time>2026-01-08T08:17:34Z</time></trkpt><trkpt lat="60.256643" lon="24.919993"><ele>22.1</ele><time>2026-01-08T08:17:36Z</time></trkpt><trkpt lat="60.256623" lon="24.919957"><ele>21.7</ele><time>2026-01-08T08:17:37Z</time></trkpt><trkpt lat="60.256605" lon="24.919925"><ele>21.7</ele><time>2026-01-08T08:17:38Z</time><extensions><gpxtpx:TrackPointExtension><gpxtpx:hr>147</gpxtpx:hr></gpxtpx:TrackPointExtension></extensions></trkpt><trkpt lat="60.256587" lon="24.919882"><ele>22.0</ele><time>2026-01-08T08:17:39Z</time></trkpt><trkpt lat="60.256572" lon="24.919828"><ele>22.2</ele><time>2026-01-08T08:17:40Z</time></trkpt><trkpt lat="60.256562" lon="24.919765"><ele>22.4</ele><time>2026-01-08T08:17:41Z</time></trkpt><trkpt lat="60.25656" lon="24.919703"><ele>23.0</ele><time>2026-01-08T08:17:42Z</time></trkpt><trkpt lat="60.256563" lon="24.919643"><ele>22.7</ele><time>2026-01-08T08:17:43Z</time></trkpt><trkpt lat="60.256575" lon="24.919585"><ele>22.3</ele><time>2026-01-08T08:17:44Z</time><extensions><gpxtpx:TrackPointExtension><gpxtpx:hr>145</gpxtpx:hr></gpxtpx:TrackPointExtension></extensions></trkpt><trkpt lat="60.256588" lon="24.919528"><ele>23.1</ele><time>2026-01-08T08:17:45Z</time></trkpt><trkpt lat="60.256605" lon="24.919482"><ele>23.5</ele><time>2026-01-08T08:17:46Z</time></trkpt><trkpt lat="60.257712" lon="24.915063"><ele>31.4</ele><time>2026-01-08T08:19:15Z</time><extensions><gpxtpx:TrackPointExtension><gpxtpx:hr>146</gpxtpx:hr></gpxtpx:TrackPointExtension></extensions></trkpt><trkpt lat="60.257712" lon="24.915063"><ele>31.4</ele><time>2026-01-08T08:17:53Z</time><extensions><gpxtpx:TrackPointExtension><gpxtpx:hr>147</gpxtpx:hr></gpxtpx:TrackPointExtension></extensions></trkpt><trkpt lat="60.257712" lon="24.915063"><ele>31.4</ele><time>2026-01-08T08:18:00Z</time><extensions><gpxtpx:TrackPointExtension><gpxtpx:hr>149</gpxtpx:hr></gpxtpx:TrackPointExtension></extensions></trkpt><trkpt lat="60.257712" lon="24.915063"><ele>31.4</ele><time>2026-01-08T08:18:01Z</time><extensions><gpxtpx:TrackPointExtension><gpxtpx:hr>150</gpxtpx:hr></gpxtpx:TrackPointExtension></extensions></trkpt><trkpt lat="60.257712" lon="24.915063"><ele>31.4</ele><time>2026-01-08T08:18:09Z</time><extensions><gpxtpx:TrackPointExtension><gpxtpx:hr>150</gpxtpx:hr></gpxtpx:TrackPointExtension></extensions></trkpt><trkpt lat="60.257712" lon="24.915063"><ele>31.4</ele><time>2026-01-08T08:18:14Z</time><extensions><gpxtpx:TrackPointExtension><gpxtpx:hr>152</gpxtpx:hr></gpxtpx:TrackPointExtension></extensions></trkpt><trkpt lat="60.257712" lon="24.915063"><ele>31.4</ele><time>2026-01-08T08:18:16Z</time><extensions><gpxtpx:TrackPointExtension><gpxtpx:hr>153</gpxtpx:hr></gpxtpx:TrackPointExtension></extensions></trkpt><trkpt lat="60.257712" lon="24.915063"><ele>31.4</ele><time>2026-01-08T08:18:23Z</time><extensions><gpxtpx:TrackPointExtension><gpxtpx:hr>153</gpxtpx:hr></gpxtpx:TrackPointExtension></extensions></trkpt><trkpt lat="60.257712" lon="24.915063"><ele>31.4</ele><time>2026-01-08T08:18:27Z</time><extensions><gpxtpx:TrackPointExtension><gpxtpx:hr>154</gpxtpx:hr></gpxtpx:TrackPointExtension></extensions></trkpt><trkpt lat="60.257712" lon="24.915063"><ele>31.4</ele><time>2026-01-08T08:18:35Z</time><extensions><gpxtpx:TrackPointExtension><gpxtpx:hr>155</gpxtpx:hr></gpxtpx:TrackPointExtension></extensions></trkpt><trkpt lat="60.257712" lon="24.915063"><ele>31.4</ele><time>2026-01-08T08:18:36Z</time><extensions><gpxtpx:TrackPointExtension><gpxtpx:hr>154</gpxtpx:hr></gpxtpx:TrackPointExtension></extensions></trkpt><trkpt lat="60.257712" lon="24.915063"><ele>31.4</ele><time>2026-01-08T08:18:41Z</time><extensions><gpxtpx:TrackPointExtension><gpxtpx:hr>154</gpxtpx:hr></gpxtpx:TrackPointExtension></extensions></trkpt><trkpt lat="60.257712" lon="24.915063"><ele>31.4</ele><time>2026-01-08T08:18:48Z</time><extensions><gpxtpx:TrackPointExtension><gpxtpx:hr>154</gpxtpx:hr></gpxtpx:TrackPointExtension></extensions></trkpt><trkpt lat="60.257712" lon="24.915063"><ele>31.4</ele><time>2026-01-08T08:18:51Z</time><extensions><gpxtpx:TrackPointExtension><gpxtpx:hr>153</gpxtpx:hr></gpxtpx:TrackPointExtension></extensions></trkpt><trkpt lat="60.257712" lon="24.915063"><ele>31.4</ele><time>2026-01-08T08:18:56Z</time><extensions><gpxtpx:TrackPointExtension><gpxtpx:hr>154</gpxtpx:hr></gpxtpx:TrackPointExtension></extensions></trkpt><trkpt lat="60.257712" lon="24.915063"><ele>31.4</ele><time>2026-01-08T08:19:01Z</time><extensions><gpxtpx:TrackPointExtension><gpxtpx:hr>156</gpxtpx:hr></gpxtpx:TrackPointExtension></extensions></trkpt><trkpt lat="60.257712" lon="24.915063"><ele>31.4</ele><time>2026-01-08T08:19:08Z</time><extensions><gpxtpx:TrackPointExtension><gpxtpx:hr>159</gpxtpx:hr></gpxtpx:TrackPointExtension></extensions></trkpt><trkpt lat="60.257712" lon="24.915063"><ele>31.4</ele><time>2026-01-08T08:19:15Z</time><extensions><gpxtpx:TrackPointExtension><gpxtpx:hr>156</gpxtpx:hr></gpxtpx:TrackPointExtension></extensions></trkpt><trkpt lat="60.257715" lon="24.915037"><ele>31.7</ele><time>2026-01-08T08:19:16Z</time><extensions><gpxtpx:TrackPointExtension><gpxtpx:hr>155</gpxtpx:hr></gpxtpx:TrackPointExtension></extensions></trkpt><trkpt lat="60.257722" lon="24.91501"><ele>31.7</ele><time>2026-01-08T08:19:17Z</time></trkpt><trkpt lat="60.257727" lon="24.914978"><ele>32.0</ele><time>2026-01-08T08:19:18Z</time></trkpt><trkpt lat="60.257733" lon="24.914942"><ele>31.8</ele><time>2026-01-08T08:19:19Z</time></trkpt><trkpt lat="60.257742" lon="24.914895"><ele>31.9</ele><time>2026-01-08T08:19:20Z</time></trkpt><trkpt lat="60.257747" lon="24.91484"><ele>32.8</ele><time>2026-01-08T08:19:21Z</time></trkpt><trkpt lat="60.257755" lon="24.914798"><ele>33.2</ele><time>2026-01-08T08:19:22Z</time></trkpt><trkpt lat="60.257762" lon="24.914763"><ele>33.4</ele><time>2026-01-08T08:19:23Z</time></trkpt><trkpt lat="60.257767" lon="24.914747"><ele>33.3</ele><time>2026-01-08T08:19:24Z</time><extensions><gpxtpx:TrackPointExtension><gpxtpx:hr>160</gpxtpx:hr></gpxtpx:TrackPointExtension></extensions></trkpt><trkpt lat="60.257773" lon="24.914708"><ele>32.8</ele><time>2026-01-08T08:19:25Z</time></trkpt><trkpt lat="60.257783" lon="24.914657"><ele>32.4</ele><time>2026-01-08T08:19:26Z</time></trkpt><trkpt lat="60.257795" lon="24.914617"><ele>33.3</ele><time>2026-01-08T08:19:27Z</time></trkpt><trkpt lat="60.257807" lon="24.914577"><ele>32.9</ele><time>2026-01-08T08:19:28Z</time></trkpt><trkpt lat="60.257817" lon="24.914532"><ele>33.4</ele><time>2026-01-08T08:19:29Z</time></trkpt><trkpt lat="60.257827" lon="24.914493"><ele>34.0</ele><time>2026-01-08T08:19:30Z</time><extensions><gpxtpx:TrackPointExtension><gpxtpx:hr>161</gpxtpx:hr></gpxtpx:TrackPointExtension></extensions></trkpt><trkpt lat="60.257838" lon="24.914455"><ele>34.4</ele><time>2026-01-08T08:19:31Z</time><extensions><gpxtpx:TrackPointExtension><gpxtpx:hr>161</gpxtpx:hr></gpxtpx:TrackPointExtension></extensions></trkpt><trkpt lat="60.257853" lon="24.914423"><ele>35.1</ele><time>2026-01-08T08:19:32Z</time></trkpt><trkpt lat="60.257863" lon="24.914395"><ele>35.1</ele><time>2026-01-08T08:19:33Z</time></trkpt><trkpt lat="60.25787" lon="24.91437"><ele>35.1</ele><time>2026-01-08T08:19:34Z</time></trkpt><trkpt lat="60.257873" lon="24.914333"><ele>35.7</ele><time>2026-01-08T08:19:35Z</time></trkpt><trkpt lat="60.257877" lon="24.914298"><ele>35.7</ele><time>2026-01-08T08:19:36Z</time></trkpt><trkpt lat="60.257878" lon="24.914267"><ele>36.4</ele><time>2026-01-08T08:19:37Z</time><extensions><gpxtpx:TrackPointExtension><gpxtpx:hr>162</gpxtpx:hr></gpxtpx:TrackPointExtension></extensions></trkpt><trkpt lat="60.257887" lon="24.914128"><ele>38.6</ele><time>2026-01-08T08:19:38Z</time></trkpt><trkpt lat="60.257875" lon="24.914107"><ele>39.0</ele><time>2026-01-08T08:19:39Z</time></trkpt><trkpt lat="60.257858" lon="24.914093"><ele>37.8</ele><time>2026-01-08T08:19:40Z</time></trkpt><trkpt lat="60.25785" lon="24.914067"><ele>38.7</ele><time>2026-01-08T08:19:41Z</time></trkpt><trkpt lat="60.25572" lon="24.918863"><ele>25.8</ele><time>2026-01-08T08:21:24Z</time><extensions><gpxtpx:TrackPointExtension><gpxtpx:hr>164</gpxtpx:hr></gpxtpx:TrackPointExtension></extensions></trkpt><trkpt lat="60.25572" lon="24.918863"><ele>25.8</ele><time>2026-01-08T08:19:50Z</time><extensions><gpxtpx:TrackPointExtension><gpxtpx:hr>166</gpxtpx:hr></gpxtpx:TrackPointExtension></extensions></trkpt><trkpt lat="60.25572" lon="24.918863"><ele>25.8</ele><time>2026-01-08T08:19:54Z</time><extensions><gpxtpx:TrackPointExtension><gpxtpx:hr>163</gpxtpx:hr></gpxtpx:TrackPointExtension></extensions></trkpt><trkpt lat="60.25572" lon="24.918863"><ele>25.8</ele><time>2026-01-08T08:19:57Z</time><extensions><gpxtpx:TrackPointExtension><gpxtpx:hr>163</gpxtpx:hr></gpxtpx:TrackPointExtension></extensions></trkpt><trkpt lat="60.25572" lon="24.918863"><ele>25.8</ele><time>2026-01-08T08:20:05Z</time><extensions><gpxtpx:TrackPointExtension><gpxtpx:hr>160</gpxtpx:hr></gpxtpx:TrackPointExtension></extensions></trkpt><trkpt lat="60.25572" lon="24.918863"><ele>25.8</ele><time>2026-01-08T08:20:07Z</time><extensions><gpxtpx:TrackPointExtension><gpxtpx:hr>159</gpxtpx:hr></gpxtpx:TrackPointExtension></extensions></trkpt><trkpt lat="60.25572" lon="24.918863"><ele>25.8</ele><time>2026-01-08T08:20:11Z</time><extensions><gpxtpx:TrackPointExtension><gpxtpx:hr>154</gpxtpx:hr></gpxtpx:TrackPointExtension></extensions></trkpt><trkpt lat="60.25572" lon="24.918863"><ele>25.8</ele><time>2026-01-08T08:20:16Z</time><extensions><gpxtpx:TrackPointExtension><gpxtpx:hr>144</gpxtpx:hr></gpxtpx:TrackPointExtension></extensions></trkpt><trkpt lat="60.25572" lon="24.918863"><ele>25.8</ele><time>2026-01-08T08:20:25Z</time><extensions><gpxtpx:TrackPointExtension><gpxtpx:hr>144</gpxtpx:hr></gpxtpx:TrackPointExtension></extensions></trkpt><trkpt lat="60.25572" lon="24.918863"><ele>25.8</ele><time>2026-01-08T08:20:29Z</time><extensions><gpxtpx:TrackPointExtension><gpxtpx:hr>143</gpxtpx:hr></gpxtpx:TrackPointExtension></extensions></trkpt><trkpt lat="60.25572" lon="24.918863"><ele>25.8</ele><time>2026-01-08T08:20:31Z</time><extensions><gpxtpx:TrackPointExtension><gpxtpx:hr>144</gpxtpx:hr></gpxtpx:TrackPointExtension></extensions></trkpt><trkpt lat="60.25572" lon="24.918863"><ele>25.8</ele><time>2026-01-08T08:20:38Z</time><extensions><gpxtpx:TrackPointExtension><gpxtpx:hr>142</gpxtpx:hr></gpxtpx:TrackPointExtension></extensions></trkpt><trkpt lat="60.25572" lon="24.918863"><ele>25.8</ele><time>2026-01-08T08:20:45Z</time><extensions><gpxtpx:TrackPointExtension><gpxtpx:hr>140</gpxtpx:hr></gpxtpx:TrackPointExtension></extensions></trkpt><trkpt lat="60.25572" lon="24.918863"><ele>25.8</ele><time>2026-01-08T08:20:47Z</time><extensions><gpxtpx:TrackPointExtension><gpxtpx:hr>140</gpxtpx:hr></gpxtpx:TrackPointExtension></extensions></trkpt><trkpt lat="60.25572" lon="24.918863"><ele>25.8</ele><time>2026-01-08T08:20:53Z</time><extensions><gpxtpx:TrackPointExtension><gpxtpx:hr>141</gpxtpx:hr></gpxtpx:TrackPointExtension></extensions></trkpt><trkpt lat="60.25572" lon="24.918863"><ele>25.8</ele><time>2026-01-08T08:20:59Z</time><extensions><gpxtpx:TrackPointExtension><gpxtpx:hr>139</gpxtpx:hr></gpxtpx:TrackPointExtension></extensions></trkpt><trkpt lat="60.25572" lon="24.918863"><ele>25.8</ele><time>2026-01-08T08:21:01Z</time><extensions><gpxtpx:TrackPointExtension><gpxtpx:hr>138</gpxtpx:hr></gpxtpx:TrackPointExtension></extensions></trkpt><trkpt lat="60.25572" lon="24.918863"><ele>25.8</ele><time>2026-01-08T08:21:09Z</time><extensions><gpxtpx:TrackPointExtension><gpxtpx:hr>138</gpxtpx:hr></gpxtpx:TrackPointExtension></extensions></trkpt><trkpt lat="60.25572" lon="24.918863"><ele>25.8</ele><time>2026-01-08T08:21:11Z</time><extensions><gpxtpx:TrackPointExtension><gpxtpx:hr>139</gpxtpx:hr></gpxtpx:TrackPointExtension></extensions></trkpt><trkpt lat="60.25572" lon="24.918863"><ele>25.8</ele><time>2026-01-08T08:21:18Z</time><extensions><gpxtpx:TrackPointExtension><gpxtpx:hr>139</gpxtpx:hr></gpxtpx:TrackPointExtension></extensions></trkpt><trkpt lat="60.25572" lon="24.918863"><ele>25.8</ele><time>2026-01-08T08:21:24Z</time><extensions><gpxtpx:TrackPointExtension><gpxtpx:hr>139</gpxtpx:hr></gpxtpx:TrackPointExtension></extensions></trkpt><trkpt lat="60.255705" lon="24.918805"><ele>25.8</ele><time>2026-01-08T08:21:25Z</time></trkpt><trkpt lat="60.255688" lon="24.918747"><ele>25.9</ele><time>2026-01-08T08:21:26Z</time></trkpt><trkpt lat="60.255677" lon="24.918688"><ele>26.0</ele><time>2026-01-08T08:21:27Z</time><extensions><gpxtpx:TrackPointExtension><gpxtpx:hr>139</gpxtpx:hr></gpxtpx:TrackPointExtension></extensions></trkpt><trkpt lat="60.25566" lon="24.918625"><ele>26.2</ele><time>2026-01-08T08:21:28Z</time></trkpt><trkpt lat="60.25565" lon="24.918573"><ele>26.4</ele><time>2026-01-08T08:21:29Z</time></trkpt><trkpt lat="60.255638" lon="24.918513"><ele>26.3</ele><time>2026-01-08T08:21:30Z</time></trkpt><trkpt lat="60.255628" lon="24.918455"><ele>26.2</ele><time>2026-01-08T08:21:31Z</time></trkpt><trkpt lat="60.25562" lon="24.91838"><ele>26.3</ele><time>2026-01-08T08:21:32Z</time></trkpt><trkpt lat="60.255608" lon="24.91832"><ele>25.0</ele><time>2026-01-08T08:21:33Z</time></trkpt><trkpt lat="60.255602" lon="24.918283"><ele>25.0</ele><time>2026-01-08T08:21:34Z</time><extensions><gpxtpx:TrackPointExtension><gpxtpx:hr>141</gpxtpx:hr></gpxtpx:TrackPointExtension></extensions></trkpt><trkpt lat="60.255583" lon="24.91824"><ele>25.1</ele><time>2026-01-08T08:21:35Z</time></trkpt><trkpt lat="60.255562" lon="24.918217"><ele>25.1</ele><time>2026-01-08T08:21:36Z</time></trkpt><trkpt lat="60.255537" lon="24.918213"><ele>24.5</ele><time>2026-01-08T08:21:37Z</time><extensions><gpxtpx:TrackPointExtension><gpxtpx:hr>141</gpxtpx:hr></gpxtpx:TrackPointExtension></extensions></trkpt><trkpt lat="60.255503" lon="24.918313"><ele>27.6</ele><time>2026-01-08T08:21:38Z</time></trkpt><trkpt lat="60.2555" lon="24.918363"><ele>27.2</ele><time>2026-01-08T08:21:39Z</time></trkpt><trkpt lat="60.255507" lon="24.918428"><ele>25.4</ele><time>2026-01-08T08:21:40Z</time></trkpt><trkpt lat="60.25551" lon="24.918492"><ele>25.4</ele><time>2026-01-08T08:21:41Z</time></trkpt><trkpt lat="60.255508" lon="24.918555"><ele>25.6</ele><time>2026-01-08T08:21:42Z</time></trkpt><trkpt lat="60.255515" lon="24.918623"><ele>25.2</ele><time>2026-01-08T08:21:43Z</time></trkpt><trkpt lat="60.255517" lon="24.918687"><ele>24.9</ele><time>2026-01-08T08:21:44Z</time><extensions><gpxtpx:TrackPointExtension><gpxtpx:hr>143</gpxtpx:hr></gpxtpx:TrackPointExtension></extensions></trkpt><trkpt lat="60.255528" lon="24.918752"><ele>24.2</ele><time>2026-01-08T08:21:45Z</time></trkpt><trkpt lat="60.255532" lon="24.918818"><ele>24.1</ele><time>2026-01-08T08:21:46Z</time></trkpt><trkpt lat="60.25554" lon="24.918887"><ele>23.7</ele><time>2026-01-08T08:21:47Z</time></trkpt><trkpt lat="60.255545" lon="24.918967"><ele>23.4</ele><time>2026-01-08T08:21:48Z</time><extensions><gpxtpx:TrackPointExtension><gpxtpx:hr>144</gpxtpx:hr></gpxtpx:TrackPointExtension></extensions></trkpt><trkpt lat="60.255557" lon="24.919033"><ele>23.0</ele><time>2026-01-08T08:21:49Z</time></trkpt><trkpt lat="60.255562" lon="24.919098"><ele>22.1</ele><time>2026-01-08T08:21:50Z</time></trkpt><trkpt lat="60.255573" lon="24.919178"><ele>23.0</ele><time>2026-01-08T08:21:51Z</time><extensions><gpxtpx:TrackPointExtension><gpxtpx:hr>145</gpxtpx:hr></gpxtpx:TrackPointExtension></extensions></trkpt><trkpt lat="60.255583" lon="24.919242"><ele>22.8</ele><time>2026-01-08T08:21:52Z</time></trkpt><trkpt lat="60.25559" lon="24.919308"><ele>22.6</ele><time>2026-01-08T08:21:53Z</time></trkpt><trkpt lat="60.255602" lon="24.919367"><ele>22.2</ele><time>2026-01-08T08:21:54Z</time></trkpt><trkpt lat="60.255612" lon="24.91944"><ele>22.2</ele><time>2026-01-08T08:21:55Z</time></trkpt><trkpt lat="60.255632" lon="24.91951"><ele>22.2</ele><time>2026-01-08T08:21:56Z</time></trkpt><trkpt lat="60.255642" lon="24.91957"><ele>21.9</ele><time>2026-01-08T08:21:57Z</time><extensions><gpxtpx:TrackPointExtension><gpxtpx:hr>145</gpxtpx:hr></gpxtpx:TrackPointExtension></extensions></trkpt><trkpt lat="60.255663" lon="24.919637"><ele>21.9</ele><time>2026-01-08T08:21:58Z</time></trkpt><trkpt lat="60.255678" lon="24.919705"><ele>22.1</ele><time>2026-01-08T08:21:59Z</time></trkpt><trkpt lat="60.255698" lon="24.919745"><ele>21.0</ele><time>2026-01-08T08:22:00Z</time></trkpt><trkpt lat="60.255718" lon="24.919807"><ele>21.8</ele><time>2026-01-08T08:22:01Z</time></trkpt><trkpt lat="60.255742" lon="24.91985"><ele>20.9</ele><time>2026-01-08T08:22:02Z</time><extensions><gpxtpx:TrackPointExtension><gpxtpx:hr>145</gpxtpx:hr></gpxtpx:TrackPointExtension></extensions></trkpt><trkpt lat="60.25582" lon="24.920038"><ele>17.5</ele><time>2026-01-08T08:22:06Z</time></trkpt><trkpt lat="60.255843" lon="24.920087"><ele>17.6</ele><time>2026-01-08T08:22:07Z</time></trkpt><trkpt lat="60.25587" lon="24.92013"><ele>17.9</ele><time>2026-01-08T08:22:08Z</time><extensions><gpxtpx:TrackPointExtension><gpxtpx:hr>143</gpxtpx:hr></gpxtpx:TrackPointExtension></extensions></trkpt><trkpt lat="60.255897" lon="24.920167"><ele>17.9</ele><time>2026-01-08T08:22:09Z</time></trkpt><trkpt lat="60.255925" lon="24.920195"><ele>17.6</ele><time>2026-01-08T08:22:10Z</time></trkpt><trkpt lat="60.255955" lon="24.92022"><ele>17.4</ele><time>2026-01-08T08:22:11Z</time><extensions><gpxtpx:TrackPointExtension><gpxtpx:hr>143</gpxtpx:hr></gpxtpx:TrackPointExtension></extensions></trkpt><trkpt lat="60.255987" lon="24.920245"><ele>17.2</ele><time>2026-01-08T08:22:12Z</time></trkpt><trkpt lat="60.256017" lon="24.920273"><ele>16.8</ele><time>2026-01-08T08:22:13Z</time></trkpt><trkpt lat="60.256045" lon="24.920307"><ele>16.6</ele><time>2026-01-08T08:22:14Z</time></trkpt><trkpt lat="60.256072" lon="24.920352"><ele>16.9</ele><time>2026-01-08T08:22:15Z</time></trkpt><trkpt lat="60.256095" lon="24.920402"><ele>17.3</ele><time>2026-01-08T08:22:16Z</time></trkpt><trkpt lat="60.256113" lon="24.920453"><ele>17.4</ele><time>2026-01-08T08:22:17Z</time><extensions><gpxtpx:TrackPointExtension><gpxtpx:hr>141</gpxtpx:hr></gpxtpx:TrackPointExtension></extensions></trkpt><trkpt lat="60.256133" lon="24.920507"><ele>17.8</ele><time>2026-01-08T08:22:18Z</time></trkpt><trkpt lat="60.256152" lon="24.920553"><ele>18.0</ele><time>2026-01-08T08:22:19Z</time></trkpt><trkpt lat="60.256167" lon="24.920607"><ele>17.9</ele><time>2026-01-08T08:22:20Z</time></trkpt><trkpt lat="60.256185" lon="24.92066"><ele>18.1</ele><time>2026-01-08T08:22:21Z</time></trkpt><trkpt lat="60.2562" lon="24.920713"><ele>17.9</ele><time>2026-01-08T08:22:22Z</time></trkpt><trkpt lat="60.256217" lon="24.920772"><ele>17.8</ele><time>2026-01-08T08:22:23Z</time></trkpt><trkpt lat="60.256235" lon="24.920835"><ele>17.5</ele><time>2026-01-08T08:22:24Z</time><extensions><gpxtpx:TrackPointExtension><gpxtpx:hr>143</gpxtpx:hr></gpxtpx:TrackPointExtension></extensions></trkpt><trkpt lat="60.256253" lon="24.920907"><ele>17.7</ele><time>2026-01-08T08:22:25Z</time></trkpt><trkpt lat="60.25627" lon="24.920972"><ele>17.8</ele><time>2026-01-08T08:22:26Z</time></trkpt><trkpt lat="60.25628" lon="24.921035"><ele>17.9</ele><time>2026-01-08T08:22:27Z</time><extensions><gpxtpx:TrackPointExtension><gpxtpx:hr>144</gpxtpx:hr></gpxtpx:TrackPointExtension></extensions></trkpt><trkpt lat="60.256285" lon="24.921098"><ele>18.1</ele><time>2026-01-08T08:22:28Z</time></trkpt><trkpt lat="60.256285" lon="24.921162"><ele>18.4</ele><time>2026-01-08T08:22:29Z</time></trkpt><trkpt lat="60.25628" lon="24.921227"><ele>18.5</ele><time>2026-01-08T08:22:30Z</time></trkpt><trkpt lat="60.256275" lon="24.92129"><ele>18.3</ele><time>2026-01-08T08:22:31Z</time><extensions><gpxtpx:TrackPointExtension><gpxtpx:hr>145</gpxtpx:hr></gpxtpx:TrackPointExtension></extensions></trkpt><trkpt lat="60.256262" lon="24.921353"><ele>18.3</ele><time>2026-01-08T08:22:32Z</time></trkpt><trkpt lat="60.256247" lon="24.921417"><ele>18.5</ele><time>2026-01-08T08:22:33Z</time></trkpt><trkpt lat="60.25623" lon="24.921477"><ele>18.7</ele><time>2026-01-08T08:22:34Z</time></trkpt><trkpt lat="60.256212" lon="24.92154"><ele>19.0</ele><time>2026-01-08T08:22:35Z</time></trkpt><trkpt lat="60.256197" lon="24.921598"><ele>18.3</ele><time>2026-01-08T08:22:36Z</time></trkpt><trkpt lat="60.256183" lon="24.92166"><ele>18.3</ele><time>2026-01-08T08:22:37Z</time></trkpt><trkpt lat="60.256175" lon="24.92173"><ele>20.6</ele><time>2026-01-08T08:22:38Z</time></trkpt><trkpt lat="60.256173" lon="24.921792"><ele>20.4</ele><time>2026-01-08T08:22:39Z</time></trkpt><trkpt lat="60.256187" lon="24.921853"><ele>20.8</ele><time>2026-01-08T08:22:40Z</time><extensions><gpxtpx:TrackPointExtension><gpxtpx:hr>146</gpxtpx:hr></gpxtpx:TrackPointExtension></extensions></trkpt><trkpt lat="60.25621" lon="24.921922"><ele>21.0</ele><time>2026-01-08T08:22:41Z</time></trkpt><trkpt lat="60.256228" lon="24.92197"><ele>21.3</ele><time>2026-01-08T08:22:42Z</time></trkpt><trkpt lat="60.256255" lon="24.922013"><ele>21.2</ele><time>2026-01-08T08:22:43Z</time></trkpt><trkpt lat="60.25627" lon="24.922057"><ele>20.9</ele><time>2026-01-08T08:22:44Z</time></trkpt><trkpt lat="60.256285" lon="24.922112"><ele>22.2</ele><time>2026-01-08T08:22:45Z</time><extensions><gpxtpx:TrackPointExtension><gpxtpx:hr>147</gpxtpx:hr></gpxtpx:TrackPointExtension></extensions></trkpt><trkpt lat="60.256305" lon="24.922167"><ele>22.2</ele><time>2026-01-08T08:22:46Z</time></trkpt><trkpt lat="60.256317" lon="24.922242"><ele>23.0</ele><time>2026-01-08T08:22:47Z</time></trkpt><trkpt lat="60.256318" lon="24.92232"><ele>22.3</ele><time>2026-01-08T08:22:48Z</time></trkpt><trkpt lat="60.256317" lon="24.922363"><ele>21.4</ele><time>2026-01-08T08:22:49Z</time><extensions><gpxtpx:TrackPointExtension><gpxtpx:hr>148</gpxtpx:hr></gpxtpx:TrackPointExtension></extensions></trkpt><trkpt lat="60.256308" lon="24.922432"><ele>22.2</ele><time>2026-01-08T08:22:50Z</time></trkpt><trkpt lat="60.256308" lon="24.922508"><ele>22.2</ele><time>2026-01-08T08:22:51Z</time></trkpt><trkpt lat="60.256297" lon="24.922563"><ele>22.0</ele><time>2026-01-08T08:22:52Z</time></trkpt><trkpt lat="60.256295" lon="24.922627"><ele>20.9</ele><time>2026-01-08T08:22:53Z</time></trkpt><trkpt lat="60.256287" lon="24.922685"><ele>20.7</ele><time>2026-01-08T08:22:54Z</time><extensions><gpxtpx:TrackPointExtension><gpxtpx:hr>148</gpxtpx:hr></gpxtpx:TrackPointExtension></extensions></trkpt><trkpt lat="60.256285" lon="24.922753"><ele>20.7</ele><time>2026-01-08T08:22:55Z</time></trkpt><trkpt lat="60.256265" lon="24.922832"><ele>22.0</ele><time>2026-01-08T08:22:56Z</time></trkpt><trkpt lat="60.256263" lon="24.922878"><ele>20.4</ele><time>2026-01-08T08:22:57Z</time></trkpt><trkpt lat="60.256248" lon="24.92296"><ele>21.4</ele><time>2026-01-08T08:22:58Z</time></trkpt><trkpt lat="60.256252" lon="24.922998"><ele>19.7</ele><time>2026-01-08T08:22:59Z</time><extensions><gpxtpx:TrackPointExtension><gpxtpx:hr>148</gpxtpx:hr></gpxtpx:TrackPointExtension></extensions></trkpt><trkpt lat="60.256238" lon="24.923093"><ele>21.3</ele><time>2026-01-08T08:23:00Z</time></trkpt><trkpt lat="60.25623" lon="24.92316"><ele>21.3</ele><time>2026-01-08T08:23:01Z</time><extensions><gpxtpx:TrackPointExtension><gpxtpx:hr>148</gpxtpx:hr></gpxtpx:TrackPointExtension></extensions></trkpt><trkpt lat="60.256228" lon="24.923213"><ele>20.5</ele><time>2026-01-08T08:23:02Z</time></trkpt><trkpt lat="60.256225" lon="24.923283"><ele>20.8</ele><time>2026-01-08T08:23:03Z</time></trkpt><trkpt lat="60.25622" lon="24.923353"><ele>21.0</ele><time>2026-01-08T08:23:04Z</time></trkpt><trkpt lat="60.256217" lon="24.923427"><ele>21.6</ele><time>2026-01-08T08:23:05Z</time></trkpt><trkpt lat="60.256217" lon="24.923472"><ele>20.5</ele><time>2026-01-08T08:23:06Z</time><extensions><gpxtpx:TrackPointExtension><gpxtpx:hr>147</gpxtpx:hr></gpxtpx:TrackPointExtension></extensions></trkpt><trkpt lat="60.256203" lon="24.92356"><ele>21.9</ele><time>2026-01-08T08:23:07Z</time></trkpt><trkpt lat="60.256212" lon="24.923608"><ele>20.4</ele><time>2026-01-08T08:23:08Z</time></trkpt><trkpt lat="60.256198" lon="24.923687"><ele>21.4</ele><time>2026-01-08T08:23:09Z</time></trkpt><trkpt lat="60.25619" lon="24.923732"><ele>21.3</ele><time>2026-01-08T08:23:10Z</time></trkpt><trkpt lat="60.256198" lon="24.92377"><ele>21.0</ele><time>2026-01-08T08:23:11Z</time></trkpt><trkpt lat="60.256197" lon="24.923828"><ele>20.4</ele><time>2026-01-08T08:23:12Z</time></trkpt><trkpt lat="60.2562" lon="24.923898"><ele>20.4</ele><time>2026-01-08T08:23:13Z</time></trkpt><trkpt lat="60.2562" lon="24.923977"><ele>20.9</ele><time>2026-01-08T08:23:14Z</time></trkpt><trkpt lat="60.256198" lon="24.924037"><ele>20.7</ele><time>2026-01-08T08:23:15Z</time><extensions><gpxtpx:TrackPointExtension><gpxtpx:hr>147</gpxtpx:hr></gpxtpx:TrackPointExtension></extensions></trkpt><trkpt lat="60.256208" lon="24.924103"><ele>21.3</ele><time>2026-01-08T08:23:16Z</time></trkpt><trkpt lat="60.256212" lon="24.924153"><ele>20.6</ele><time>2026-01-08T08:23:17Z</time></trkpt><trkpt lat="60.256222" lon="24.924218"><ele>21.2</ele><time>2026-01-08T08:23:18Z</time><extensions><gpxtpx:TrackPointExtension><gpxtpx:hr>147</gpxtpx:hr></gpxtpx:TrackPointExtension></extensions></trkpt><trkpt lat="60.25623" lon="24.924275"><ele>21.1</ele><time>2026-01-08T08:23:19Z</time></trkpt><trkpt lat="60.25624" lon="24.92434"><ele>21.8</ele><time>2026-01-08T08:23:20Z</time></trkpt><trkpt lat="60.256252" lon="24.924412"><ele>22.1</ele><time>2026-01-08T08:23:21Z</time><extensions><gpxtpx:TrackPointExtension><gpxtpx:hr>146</gpxtpx:hr></gpxtpx:TrackPointExtension></extensions></trkpt><trkpt lat="60.256255" lon="24.924472"><ele>22.3</ele><time>2026-01-08T08:23:22Z</time></trkpt><trkpt lat="60.256268" lon="24.92452"><ele>21.6</ele><time>2026-01-08T08:23:23Z</time></trkpt><trkpt lat="60.256275" lon="24.924583"><ele>21.6</ele><time>2026-01-08T08:23:24Z</time></trkpt><trkpt lat="60.256287" lon="24.92463"><ele>20.9</ele><time>2026-01-08T08:23:25Z</time></trkpt><trkpt lat="60.256297" lon="24.924702"><ele>20.9</ele><time>2026-01-08T08:23:26Z</time></trkpt><trkpt lat="60.256308" lon="24.924767"><ele>21.0</ele><time>2026-01-08T08:23:27Z</time><extensions><gpxtpx:TrackPointExtension><gpxtpx:hr>145</gpxtpx:hr></gpxtpx:TrackPointExtension></extensions></trkpt><trkpt lat="60.256313" lon="24.924837"><ele>21.3</ele><time>2026-01-08T08:23:28Z</time></trkpt><trkpt lat="60.256327" lon="24.92491"><ele>21.5</ele><time>2026-01-08T08:23:29Z</time></trkpt><trkpt lat="60.256342" lon="24.92497"><ele>21.3</ele><time>2026-01-08T08:23:30Z</time></trkpt><trkpt lat="60.25635" lon="24.925035"><ele>21.3</ele><time>2026-01-08T08:23:31Z</time><extensions><gpxtpx:TrackPointExtension><gpxtpx:hr>144</gpxtpx:hr></gpxtpx:TrackPointExtension></extensions></trkpt><trkpt lat="60.256372" lon="24.925093"><ele>20.6</ele><time>2026-01-08T08:23:32Z</time></trkpt><trkpt lat="60.256382" lon="24.925167"><ele>21.3</ele><time>2026-01-08T08:23:33Z</time></trkpt><trkpt lat="60.256398" lon="24.925238"><ele>20.9</ele><time>2026-01-08T08:23:34Z</time></trkpt><trkpt lat="60.256408" lon="24.925315"><ele>22.3</ele><time>2026-01-08T08:23:35Z</time></trkpt><trkpt lat="60.25642" lon="24.925348"><ele>21.7</ele><time>2026-01-08T08:23:36Z</time></trkpt><trkpt lat="60.256433" lon="24.925388"><ele>21.6</ele><time>2026-01-08T08:23:37Z</time></trkpt><trkpt lat="60.256438" lon="24.925435"><ele>21.0</ele><time>2026-01-08T08:23:38Z</time></trkpt><trkpt lat="60.256455" lon="24.925508"><ele>20.0</ele><time>2026-01-08T08:23:39Z</time></trkpt><trkpt lat="60.256465" lon="24.925577"><ele>21.1</ele><time>2026-01-08T08:23:40Z</time><extensions><gpxtpx:TrackPointExtension><gpxtpx:hr>144</gpxtpx:hr></gpxtpx:TrackPointExtension></extensions></trkpt><trkpt lat="60.256475" lon="24.925618"><ele>20.3</ele><time>2026-01-08T08:23:41Z</time></trkpt><trkpt lat="60.256585" lon="24.927142"><ele>20.6</ele><time>2026-01-08T08:24:04Z</time><extensions><gpxtpx:TrackPointExtension><gpxtpx:hr>146</gpxtpx:hr></gpxtpx:TrackPointExtension></extensions></trkpt><trkpt lat="60.256585" lon="24.927142"><ele>20.6</ele><time>2026-01-08T08:23:47Z</time><extensions><gpxtpx:TrackPointExtension><gpxtpx:hr>147</gpxtpx:hr></gpxtpx:TrackPointExtension></extensions></trkpt><trkpt lat="60.256585" lon="24.927142"><ele>20.6</ele><time>2026-01-08T08:23:55Z</time><extensions><gpxtpx:TrackPointExtension><gpxtpx:hr>147</gpxtpx:hr></gpxtpx:TrackPointExtension></extensions></trkpt><trkpt lat="60.256585" lon="24.927142"><ele>20.6</ele><time>2026-01-08T08:24:00Z</time><extensions><gpxtpx:TrackPointExtension><gpxtpx:hr>149</gpxtpx:hr></gpxtpx:TrackPointExtension></extensions></trkpt><trkpt lat="60.256585" lon="24.927142"><ele>20.6</ele><time>2026-01-08T08:24:01Z</time><extensions><gpxtpx:TrackPointExtension><gpxtpx:hr>150</gpxtpx:hr></gpxtpx:TrackPointExtension></extensions></trkpt><trkpt lat="60.256583" lon="24.927212"><ele>20.5</ele><time>2026-01-08T08:24:05Z</time></trkpt><trkpt lat="60.256585" lon="24.927273"><ele>19.7</ele><time>2026-01-08T08:24:06Z</time><extensions><gpxtpx:TrackPointExtension><gpxtpx:hr>149</gpxtpx:hr></gpxtpx:TrackPointExtension></extensions></trkpt><trkpt lat="60.256583" lon="24.927358"><ele>20.3</ele><time>2026-01-08T08:24:07Z</time></trkpt><trkpt lat="60.256583" lon="24.927428"><ele>20.6</ele><time>2026-01-08T08:24:08Z</time></trkpt><trkpt lat="60.256585" lon="24.927493"><ele>20.0</ele><time>2026-01-08T08:24:09Z</time></trkpt><trkpt lat="60.256582" lon="24.927568"><ele>20.4</ele><time>2026-01-08T08:24:10Z</time></trkpt><trkpt lat="60.256585" lon="24.927637"><ele>19.6</ele><time>2026-01-08T08:24:11Z</time></trkpt><trkpt lat="60.256582" lon="24.927722"><ele>20.5</ele><time>2026-01-08T08:24:12Z</time></trkpt><trkpt lat="60.256587" lon="24.92779"><ele>20.0</ele><time>2026-01-08T08:24:13Z</time></trkpt><trkpt lat="60.256582" lon="24.927855"><ele>19.7</ele><time>2026-01-08T08:24:14Z</time><extensions><gpxtpx:TrackPointExtension><gpxtpx:hr>149</gpxtpx:hr></gpxtpx:TrackPointExtension></extensions></trkpt><trkpt lat="60.256588" lon="24.927907"><ele>18.8</ele><time>2026-01-08T08:24:15Z</time></trkpt><trkpt lat="60.256588" lon="24.927985"><ele>19.2</ele><time>2026-01-08T08:24:16Z</time></trkpt><trkpt lat="60.256593" lon="24.92805"><ele>18.7</ele><time>2026-01-08T08:24:17Z</time></trkpt><trkpt lat="60.256595" lon="24.928115"><ele>18.5</ele><time>2026-01-08T08:24:18Z</time><extensions><gpxtpx:TrackPointExtension><gpxtpx:hr>149</gpxtpx:hr></gpxtpx:TrackPointExtension></extensions></trkpt><trkpt lat="60.256608" lon="24.928182"><ele>18.3</ele><time>2026-01-08T08:24:19Z</time></trkpt><trkpt lat="60.256613" lon="24.928235"><ele>18.1</ele><time>2026-01-08T08:24:20Z</time></trkpt><trkpt lat="60.256627" lon="24.928313"><ele>17.0</ele><time>2026-01-08T08:24:21Z</time></trkpt><trkpt lat="60.256628" lon="24.928375"><ele>17.2</ele><time>2026-01-08T08:24:22Z</time><extensions><gpxtpx:TrackPointExtension><gpxtpx:hr>151</gpxtpx:hr></gpxtpx:TrackPointExtension></extensions></trkpt><trkpt lat="60.256638" lon="24.928448"><ele>17.6</ele><time>2026-01-08T08:24:23Z</time></trkpt><trkpt lat="60.256647" lon="24.928522"><ele>17.9</ele><time>2026-01-08T08:24:24Z</time></trkpt><trkpt lat="60.256665" lon="24.928563"><ele>16.7</ele><time>2026-01-08T08:24:25Z</time></trkpt><trkpt lat="60.256677" lon="24.92866"><ele>18.1</ele><time>2026-01-08T08:24:26Z</time><extensions><gpxtpx:TrackPointExtension><gpxtpx:hr>150</gpxtpx:hr></gpxtpx:TrackPointExtension></extensions></trkpt><trkpt lat="60.256692" lon="24.928713"><ele>17.9</ele><time>2026-01-08T08:24:27Z</time></trkpt><trkpt lat="60.25671" lon="24.92878"><ele>17.9</ele><time>2026-01-08T08:24:28Z</time></trkpt><trkpt lat="60.25673" lon="24.928835"><ele>18.1</ele><time>2026-01-08T08:24:29Z</time></trkpt><trkpt lat="60.25675" lon="24.92887"><ele>17.7</ele><time>2026-01-08T08:24:30Z</time></trkpt><trkpt lat="60.256773" lon="24.928923"><ele>18.2</ele><time>2026-01-08T08:24:31Z</time><extensions><gpxtpx:TrackPointExtension><gpxtpx:hr>149</gpxtpx:hr></gpxtpx:TrackPointExtension></extensions></trkpt><trkpt lat="60.256795" lon="24.92896"><ele>17.6</ele><time>2026-01-08T08:24:32Z</time></trkpt><trkpt lat="60.256815" lon="24.929018"><ele>17.6</ele><time>2026-01-08T08:24:33Z</time></trkpt><trkpt lat="60.256842" lon="24.929055"><ele>17.7</ele><time>2026-01-08T08:24:34Z</time></trkpt><trkpt lat="60.256863" lon="24.929112"><ele>18.2</ele><time>2026-01-08T08:24:35Z</time></trkpt><trkpt lat="60.25689" lon="24.929123"><ele>16.7</ele><time>2026-01-08T08:24:36Z</time></trkpt><trkpt lat="60.256923" lon="24.929182"><ele>18.1</ele><time>2026-01-08T08:24:37Z</time></trkpt><trkpt lat="60.256947" lon="24.929212"><ele>17.3</ele><time>2026-01-08T08:24:38Z</time></trkpt><trkpt lat="60.256965" lon="24.92926"><ele>18.0</ele><time>2026-01-08T08:24:39Z</time></trkpt><trkpt lat="60.256995" lon="24.929297"><ele>18.0</ele><time>2026-01-08T08:24:40Z</time><extensions><gpxtpx:TrackPointExtension><gpxtpx:hr>148</gpxtpx:hr></gpxtpx:TrackPointExtension></extensions></trkpt><trkpt lat="60.257012" lon="24.929365"><ele>18.0</ele><time>2026-01-08T08:24:41Z</time></trkpt><trkpt lat="60.25703" lon="24.929413"><ele>17.1</ele><time>2026-01-08T08:24:42Z</time></trkpt><trkpt lat="60.257043" lon="24.92947"><ele>17.1</ele><time>2026-01-08T08:24:43Z</time></trkpt><trkpt lat="60.257063" lon="24.929538"><ele>17.2</ele><time>2026-01-08T08:24:44Z</time><extensions><gpxtpx:TrackPointExtension><gpxtpx:hr>149</gpxtpx:hr></gpxtpx:TrackPointExtension></extensions></trkpt><trkpt lat="60.257993" lon="24.932163"><ele>17.9</ele><time>2026-01-08T08:25:31Z</time><extensions><gpxtpx:TrackPointExtension><gpxtpx:hr>149</gpxtpx:hr></gpxtpx:TrackPointExtension></extensions></trkpt><trkpt lat="60.257993" lon="24.932163"><ele>17.9</ele><time>2026-01-08T08:24:55Z</time><extensions><gpxtpx:TrackPointExtension><gpxtpx:hr>149</gpxtpx:hr></gpxtpx:TrackPointExtension></extensions></trkpt><trkpt lat="60.257993" lon="24.932163"><ele>17.9</ele><time>2026-01-08T08:24:59Z</time><extensions><gpxtpx:TrackPointExtension><gpxtpx:hr>149</gpxtpx:hr></gpxtpx:TrackPointExtension></extensions></trkpt><trkpt lat="60.257993" lon="24.932163"><ele>17.9</ele><time>2026-01-08T08:25:05Z</time><extensions><gpxtpx:TrackPointExtension><gpxtpx:hr>146</gpxtpx:hr></gpxtpx:TrackPointExtension></extensions></trkpt><trkpt lat="60.257993" lon="24.932163"><ele>17.9</ele><time>2026-01-08T08:25:08Z</time><extensions><gpxtpx:TrackPointExtension><gpxtpx:hr>146</gpxtpx:hr></gpxtpx:TrackPointExtension></extensions></trkpt><trkpt lat="60.257993" lon="24.932163"><ele>17.9</ele><time>2026-01-08T08:25:14Z</time><extensions><gpxtpx:TrackPointExtension><gpxtpx:hr>147</gpxtpx:hr></gpxtpx:TrackPointExtension></extensions></trkpt><trkpt lat="60.257993" lon="24.932163"><ele>17.9</ele><time>2026-01-08T08:25:17Z</time><extensions><gpxtpx:TrackPointExtension><gpxtpx:hr>147</gpxtpx:hr></gpxtpx:TrackPointExtension></extensions></trkpt><trkpt lat="60.257993" lon="24.932163"><ele>17.9</ele><time>2026-01-08T08:25:22Z</time><extensions><gpxtpx:TrackPointExtension><gpxtpx:hr>146</gpxtpx:hr></gpxtpx:TrackPointExtension></extensions></trkpt><trkpt lat="60.257993" lon="24.932163"><ele>17.9</ele><time>2026-01-08T08:25:30Z</time><extensions><gpxtpx:TrackPointExtension><gpxtpx:hr>151</gpxtpx:hr></gpxtpx:TrackPointExtension></extensions></trkpt><trkpt lat="60.257993" lon="24.932163"><ele>17.9</ele><time>2026-01-08T08:25:31Z</time><extensions><gpxtpx:TrackPointExtension><gpxtpx:hr>150</gpxtpx:hr></gpxtpx:TrackPointExtension></extensions></trkpt><trkpt lat="60.258015" lon="24.932187"><ele>16.1</ele><time>2026-01-08T08:25:32Z</time></trkpt><trkpt lat="60.258055" lon="24.93226"><ele>17.3</ele><time>2026-01-08T08:25:33Z</time></trkpt><trkpt lat="60.258092" lon="24.932318"><ele>17.6</ele><time>2026-01-08T08:25:34Z</time></trkpt><trkpt lat="60.258118" lon="24.932355"><ele>17.4</ele><time>2026-01-08T08:25:35Z</time></trkpt><trkpt lat="60.25815" lon="24.932398"><ele>16.6</ele><time>2026-01-08T08:25:36Z</time></trkpt><trkpt lat="60.258188" lon="24.932467"><ele>17.3</ele><time>2026-01-08T08:25:37Z</time><extensions><gpxtpx:TrackPointExtension><gpxtpx:hr>150</gpxtpx:hr></gpxtpx:TrackPointExtension></extensions></trkpt><trkpt lat="60.258222" lon="24.932513"><ele>17.8</ele><time>2026-01-08T08:25:38Z</time></trkpt><trkpt lat="60.258255" lon="24.932562"><ele>18.3</ele><time>2026-01-08T08:25:39Z</time></trkpt><trkpt lat="60.258283" lon="24.932605"><ele>18.7</ele><time>2026-01-08T08:25:40Z</time></trkpt><trkpt lat="60.258312" lon="24.932633"><ele>18.3</ele><time>2026-01-08T08:25:41Z</time><extensions><gpxtpx:TrackPointExtension><gpxtpx:hr>147</gpxtpx:hr></gpxtpx:TrackPointExtension></extensions></trkpt><trkpt lat="60.258333" lon="24.93267"><ele>17.6</ele><time>2026-01-08T08:25:42Z</time></trkpt><trkpt lat="60.25837" lon="24.932723"><ele>18.8</ele><time>2026-01-08T08:25:43Z</time></trkpt><trkpt lat="60.258407" lon="24.932753"><ele>19.2</ele><time>2026-01-08T08:25:44Z</time></trkpt><trkpt lat="60.258433" lon="24.932797"><ele>18.2</ele><time>2026-01-08T08:25:45Z</time></trkpt><trkpt lat="60.258473" lon="24.932843"><ele>19.4</ele><time>2026-01-08T08:25:46Z</time></trkpt><trkpt lat="60.258508" lon="24.932882"><ele>19.8</ele><time>2026-01-08T08:25:47Z</time></trkpt><trkpt lat="60.258542" lon="24.932925"><ele>19.7</ele><time>2026-01-08T08:25:48Z</time></trkpt><trkpt lat="60.258578" lon="24.93295"><ele>20.7</ele><time>2026-01-08T08:25:49Z</time><extensions><gpxtpx:TrackPointExtension><gpxtpx:hr>149</gpxtpx:hr></gpxtpx:TrackPointExtension></extensions></trkpt><trkpt lat="60.258615" lon="24.932985"><ele>20.5</ele><time>2026-01-08T08:25:50Z</time></trkpt><trkpt lat="60.258645" lon="24.933017"><ele>20.0</ele><time>2026-01-08T08:25:51Z</time></trkpt><trkpt lat="60.258663" lon="24.933032"><ele>17.8</ele><time>2026-01-08T08:25:52Z</time></trkpt><trkpt lat="60.258692" lon="24.933043"><ele>17.6</ele><time>2026-01-08T08:25:53Z</time><extensions><gpxtpx:TrackPointExtension><gpxtpx:hr>151</gpxtpx:hr></gpxtpx:TrackPointExtension></extensions></trkpt><trkpt lat="60.258732" lon="24.933077"><ele>18.8</ele><time>2026-01-08T08:25:54Z</time></trkpt><trkpt lat="60.25876" lon="24.933093"><ele>18.6</ele><time>2026-01-08T08:25:55Z</time></trkpt><trkpt lat="60.258785" lon="24.933128"><ele>18.1</ele><time>2026-01-08T08:25:56Z</time></trkpt><trkpt lat="60.258817" lon="24.933147"><ele>17.3</ele><time>2026-01-08T08:25:57Z</time></trkpt><trkpt lat="60.25886" lon="24.933195"><ele>20.0</ele><time>2026-01-08T08:25:58Z</time></trkpt><trkpt lat="60.258888" lon="24.933208"><ele>19.0</ele><time>2026-01-08T08:25:59Z</time><extensions><gpxtpx:TrackPointExtension><gpxtpx:hr>150</gpxtpx:hr></gpxtpx:TrackPointExtension></extensions></trkpt><trkpt lat="60.25893" lon="24.933257"><ele>21.1</ele><time>2026-01-08T08:26:00Z</time></trkpt><trkpt lat="60.258958" lon="24.93327"><ele>20.2</ele><time>2026-01-08T08:26:01Z</time></trkpt><trkpt lat="60.258995" lon="24.933308"><ele>22.6</ele><time>2026-01-08T08:26:02Z</time></trkpt><trkpt lat="60.25899" lon="24.933305"><ele>22.6</ele><time>2026-01-08T08:26:04Z</time></trkpt><trkpt lat="60.258997" lon="24.933473"><ele>16.4</ele><time>2026-01-08T08:26:06Z</time><extensions><gpxtpx:TrackPointExtension><gpxtpx:hr>149</gpxtpx:hr></gpxtpx:TrackPointExtension></extensions></trkpt><trkpt lat="60.25898" lon="24.933543"><ele>16.4</ele><time>2026-01-08T08:26:07Z</time></trkpt><trkpt lat="60.258962" lon="24.93361"><ele>16.9</ele><time>2026-01-08T08:26:08Z</time></trkpt><trkpt lat="60.258942" lon="24.933672"><ele>16.8</ele><time>2026-01-08T08:26:09Z</time></trkpt><trkpt lat="60.258923" lon="24.933737"><ele>17.1</ele><time>2026-01-08T08:26:10Z</time><extensions><gpxtpx:TrackPointExtension><gpxtpx:hr>149</gpxtpx:hr></gpxtpx:TrackPointExtension></extensions></trkpt><trkpt lat="60.258908" lon="24.933802"><ele>17.1</ele><time>2026-01-08T08:26:11Z</time></trkpt><trkpt lat="60.258897" lon="24.933872"><ele>17.1</ele><time>2026-01-08T08:26:12Z</time></trkpt><trkpt lat="60.258885" lon="24.933937"><ele>16.7</ele><time>2026-01-08T08:26:13Z</time><extensions><gpxtpx:TrackPointExtension><gpxtpx:hr>149</gpxtpx:hr></gpxtpx:TrackPointExtension></extensions></trkpt><trkpt lat="60.258875" lon="24.934002"><ele>16.8</ele><time>2026-01-08T08:26:14Z</time></trkpt><trkpt lat="60.258863" lon="24.934068"><ele>16.4</ele><time>2026-01-08T08:26:15Z</time></trkpt><trkpt lat="60.258853" lon="24.934133"><ele>16.4</ele><time>2026-01-08T08:26:16Z</time></trkpt><trkpt lat="60.258843" lon="24.934198"><ele>16.3</ele><time>2026-01-08T08:26:17Z</time></trkpt><trkpt lat="60.258833" lon="24.934262"><ele>16.7</ele><time>2026-01-08T08:26:18Z</time></trkpt><trkpt lat="60.258825" lon="24.934323"><ele>16.9</ele><time>2026-01-08T08:26:19Z</time></trkpt><trkpt lat="60.25882" lon="24.934385"><ele>16.6</ele><time>2026-01-08T08:26:20Z</time><extensions><gpxtpx:TrackPointExtension><gpxtpx:hr>149</gpxtpx:hr></gpxtpx:TrackPointExtension></extensions></trkpt><trkpt lat="60.25881" lon="24.934442"><ele>16.8</ele><time>2026-01-08T08:26:21Z</time></trkpt><trkpt lat="60.258803" lon="24.934503"><ele>16.7</ele><time>2026-01-08T08:26:22Z</time></trkpt><trkpt lat="60.258792" lon="24.934575"><ele>16.6</ele><time>2026-01-08T08:26:23Z</time></trkpt><trkpt lat="60.258782" lon="24.93464"><ele>16.5</ele><time>2026-01-08T08:26:24Z</time><extensions><gpxtpx:TrackPointExtension><gpxtpx:hr>148</gpxtpx:hr></gpxtpx:TrackPointExtension></extensions></trkpt><trkpt lat="60.25877" lon="24.934713"><ele>16.2</ele><time>2026-01-08T08:26:25Z</time></trkpt><trkpt lat="60.25876" lon="24.934788"><ele>16.2</ele><time>2026-01-08T08:26:26Z</time></trkpt><trkpt lat="60.258752" lon="24.934862"><ele>16.2</ele><time>2026-01-08T08:26:27Z</time></trkpt><trkpt lat="60.258743" lon="24.934933"><ele>16.5</ele><time>2026-01-08T08:26:28Z</time><extensions><gpxtpx:TrackPointExtension><gpxtpx:hr>149</gpxtpx:hr></gpxtpx:TrackPointExtension></extensions></trkpt><trkpt lat="60.258735" lon="24.934995"><ele>16.4</ele><time>2026-01-08T08:26:29Z</time></trkpt><trkpt lat="60.258732" lon="24.935062"><ele>16.3</ele><time>2026-01-08T08:26:30Z</time></trkpt><trkpt lat="60.258727" lon="24.935127"><ele>16.7</ele><time>2026-01-08T08:26:31Z</time></trkpt><trkpt lat="60.258732" lon="24.935185"><ele>16.5</ele><time>2026-01-08T08:26:32Z</time></trkpt><trkpt lat="60.258738" lon="24.935253"><ele>16.6</ele><time>2026-01-08T08:26:33Z</time><extensions><gpxtpx:TrackPointExtension><gpxtpx:hr>148</gpxtpx:hr></gpxtpx:TrackPointExtension></extensions></trkpt><trkpt lat="60.258753" lon="24.935313"><ele>16.5</ele><time>2026-01-08T08:26:34Z</time></trkpt><trkpt lat="60.258768" lon="24.935367"><ele>16.4</ele><time>2026-01-08T08:26:35Z</time></trkpt><trkpt lat="60.258792" lon="24.93541"><ele>16.6</ele><time>2026-01-08T08:26:36Z</time></trkpt><trkpt lat="60.258812" lon="24.935453"><ele>17.0</ele><time>2026-01-08T08:26:37Z</time></trkpt><trkpt lat="60.258842" lon="24.935458"><ele>15.7</ele><time>2026-01-08T08:26:38Z</time></trkpt><trkpt lat="60.258868" lon="24.935498"><ele>15.6</ele><time>2026-01-08T08:26:39Z</time></trkpt><trkpt lat="60.258893" lon="24.935538"><ele>16.7</ele><time>2026-01-08T08:26:40Z</time><extensions><gpxtpx:TrackPointExtension><gpxtpx:hr>149</gpxtpx:hr></gpxtpx:TrackPointExtension></extensions></trkpt><trkpt lat="60.258918" lon="24.935557"><ele>15.9</ele><time>2026-01-08T08:26:41Z</time><extensions><gpxtpx:TrackPointExtension><gpxtpx:hr>149</gpxtpx:hr></gpxtpx:TrackPointExtension></extensions></trkpt><trkpt lat="60.258942" lon="24.9356"><ele>16.9</ele><time>2026-01-08T08:26:42Z</time></trkpt><trkpt lat="60.258963" lon="24.935623"><ele>16.3</ele><time>2026-01-08T08:26:43Z</time></trkpt><trkpt lat="60.258997" lon="24.935665"><ele>17.0</ele><time>2026-01-08T08:26:44Z</time></trkpt><trkpt lat="60.259022" lon="24.9357"><ele>16.9</ele><time>2026-01-08T08:26:45Z</time></trkpt><trkpt lat="60.259038" lon="24.935738"><ele>16.4</ele><time>2026-01-08T08:26:46Z</time><extensions><gpxtpx:TrackPointExtension><gpxtpx:hr>149</gpxtpx:hr></gpxtpx:TrackPointExtension></extensions></trkpt><trkpt lat="60.261413" lon="24.936962"><ele>16.7</ele><time>2026-01-08T08:29:40Z</time><extensions><gpxtpx:TrackPointExtension><gpxtpx:hr>149</gpxtpx:hr></gpxtpx:TrackPointExtension></extensions></trkpt><trkpt lat="60.261413" lon="24.936962"><ele>16.7</ele><time>2026-01-08T08:26:57Z</time><extensions><gpxtpx:TrackPointExtension><gpxtpx:hr>149</gpxtpx:hr></gpxtpx:TrackPointExtension></extensions></trkpt><trkpt lat="60.261413" lon="24.936962"><ele>16.7</ele><time>2026-01-08T08:27:02Z</time><extensions><gpxtpx:TrackPointExtension><gpxtpx:hr>149</gpxtpx:hr></gpxtpx:TrackPointExtension></extensions></trkpt><trkpt lat="60.261413" lon="24.936962"><ele>16.7</ele><time>2026-01-08T08:27:06Z</time><extensions><gpxtpx:TrackPointExtension><gpxtpx:hr>148</gpxtpx:hr></gpxtpx:TrackPointExtension></extensions></trkpt><trkpt lat="60.261413" lon="24.936962"><ele>16.7</ele><time>2026-01-08T08:27:11Z</time><extensions><gpxtpx:TrackPointExtension><gpxtpx:hr>149</gpxtpx:hr></gpxtpx:TrackPointExtension></extensions></trkpt><trkpt lat="60.261413" lon="24.936962"><ele>16.7</ele><time>2026-01-08T08:27:20Z</time><extensions><gpxtpx:TrackPointExtension><gpxtpx:hr>150</gpxtpx:hr></gpxtpx:TrackPointExtension></extensions></trkpt><trkpt lat="60.261413" lon="24.936962"><ele>16.7</ele><time>2026-01-08T08:27:22Z</time><extensions><gpxtpx:TrackPointExtension><gpxtpx:hr>150</gpxtpx:hr></gpxtpx:TrackPointExtension></extensions></trkpt><trkpt lat="60.261413" lon="24.936962"><ele>16.7</ele><time>2026-01-08T08:27:26Z</time><extensions><gpxtpx:TrackPointExtension><gpxtpx:hr>150</gpxtpx:hr></gpxtpx:TrackPointExtension></extensions></trkpt><trkpt lat="60.261413" lon="24.936962"><ele>16.7</ele><time>2026-01-08T08:27:31Z</time><extensions><gpxtpx:TrackPointExtension><gpxtpx:hr>151</gpxtpx:hr></gpxtpx:TrackPointExtension></extensions></trkpt><trkpt lat="60.261413" lon="24.936962"><ele>16.7</ele><time>2026-01-08T08:27:40Z</time><extensions><gpxtpx:TrackPointExtension><gpxtpx:hr>152</gpxtpx:hr></gpxtpx:TrackPointExtension></extensions></trkpt><trkpt lat="60.261413" lon="24.936962"><ele>16.7</ele><time>2026-01-08T08:27:42Z</time><extensions><gpxtpx:TrackPointExtension><gpxtpx:hr>150</gpxtpx:hr></gpxtpx:TrackPointExtension></extensions></trkpt><trkpt lat="60.261413" lon="24.936962"><ele>16.7</ele><time>2026-01-08T08:27:46Z</time><extensions><gpxtpx:TrackPointExtension><gpxtpx:hr>149</gpxtpx:hr></gpxtpx:TrackPointExtension></extensions></trkpt><trkpt lat="60.261413" lon="24.936962"><ele>16.7</ele><time>2026-01-08T08:27:55Z</time><extensions><gpxtpx:TrackPointExtension><gpxtpx:hr>150</gpxtpx:hr></gpxtpx:TrackPointExtension></extensions></trkpt><trkpt lat="60.261413" lon="24.936962"><ele>16.7</ele><time>2026-01-08T08:28:00Z</time><extensions><gpxtpx:TrackPointExtension><gpxtpx:hr>151</gpxtpx:hr></gpxtpx:TrackPointExtension></extensions></trkpt><trkpt lat="60.261413" lon="24.936962"><ele>16.7</ele><time>2026-01-08T08:28:01Z</time><extensions><gpxtpx:TrackPointExtension><gpxtpx:hr>150</gpxtpx:hr></gpxtpx:TrackPointExtension></extensions></trkpt><trkpt lat="60.261413" lon="24.936962"><ele>16.7</ele><time>2026-01-08T08:28:10Z</time><extensions><gpxtpx:TrackPointExtension><gpxtpx:hr>152</gpxtpx:hr></gpxtpx:TrackPointExtension></extensions></trkpt><trkpt lat="60.261413" lon="24.936962"><ele>16.7</ele><time>2026-01-08T08:28:15Z</time><extensions><gpxtpx:TrackPointExtension><gpxtpx:hr>151</gpxtpx:hr></gpxtpx:TrackPointExtension></extensions></trkpt><trkpt lat="60.261413" lon="24.936962"><ele>16.7</ele><time>2026-01-08T08:28:16Z</time><extensions><gpxtpx:TrackPointExtension><gpxtpx:hr>151</gpxtpx:hr></gpxtpx:TrackPointExtension></extensions></trkpt><trkpt lat="60.261413" lon="24.936962"><ele>16.7</ele><time>2026-01-08T08:28:21Z</time><extensions><gpxtpx:TrackPointExtension><gpxtpx:hr>151</gpxtpx:hr></gpxtpx:TrackPointExtension></extensions></trkpt><trkpt lat="60.261413" lon="24.936962"><ele>16.7</ele><time>2026-01-08T08:28:30Z</time><extensions><gpxtpx:TrackPointExtension><gpxtpx:hr>151</gpxtpx:hr></gpxtpx:TrackPointExtension></extensions></trkpt><trkpt lat="60.261413" lon="24.936962"><ele>16.7</ele><time>2026-01-08T08:28:35Z</time><extensions><gpxtpx:TrackPointExtension><gpxtpx:hr>152</gpxtpx:hr></gpxtpx:TrackPointExtension></extensions></trkpt><trkpt lat="60.261413" lon="24.936962"><ele>16.7</ele><time>2026-01-08T08:28:39Z</time><extensions><gpxtpx:TrackPointExtension><gpxtpx:hr>152</gpxtpx:hr></gpxtpx:TrackPointExtension></extensions></trkpt><trkpt lat="60.261413" lon="24.936962"><ele>16.7</ele><time>2026-01-08T08:28:41Z</time><extensions><gpxtpx:TrackPointExtension><gpxtpx:hr>151</gpxtpx:hr></gpxtpx:TrackPointExtension></extensions></trkpt><trkpt lat="60.261413" lon="24.936962"><ele>16.7</ele><time>2026-01-08T08:28:47Z</time><extensions><gpxtpx:TrackPointExtension><gpxtpx:hr>150</gpxtpx:hr></gpxtpx:TrackPointExtension></extensions></trkpt><trkpt lat="60.261413" lon="24.936962"><ele>16.7</ele><time>2026-01-08T08:28:55Z</time><extensions><gpxtpx:TrackPointExtension><gpxtpx:hr>151</gpxtpx:hr></gpxtpx:TrackPointExtension></extensions></trkpt><trkpt lat="60.261413" lon="24.936962"><ele>16.7</ele><time>2026-01-08T08:28:57Z</time><extensions><gpxtpx:TrackPointExtension><gpxtpx:hr>151</gpxtpx:hr></gpxtpx:TrackPointExtension></extensions></trkpt><trkpt lat="60.261413" lon="24.936962"><ele>16.7</ele><time>2026-01-08T08:29:03Z</time><extensions><gpxtpx:TrackPointExtension><gpxtpx:hr>150</gpxtpx:hr></gpxtpx:TrackPointExtension></extensions></trkpt><trkpt lat="60.261413" lon="24.936962"><ele>16.7</ele><time>2026-01-08T08:29:07Z</time><extensions><gpxtpx:TrackPointExtension><gpxtpx:hr>149</gpxtpx:hr></gpxtpx:TrackPointExtension></extensions></trkpt><trkpt lat="60.261413" lon="24.936962"><ele>16.7</ele><time>2026-01-08T08:29:11Z</time><extensions><gpxtpx:TrackPointExtension><gpxtpx:hr>149</gpxtpx:hr></gpxtpx:TrackPointExtension></extensions></trkpt><trkpt lat="60.261413" lon="24.936962"><ele>16.7</ele><time>2026-01-08T08:29:16Z</time><extensions><gpxtpx:TrackPointExtension><gpxtpx:hr>149</gpxtpx:hr></gpxtpx:TrackPointExtension></extensions></trkpt><trkpt lat="60.261413" lon="24.936962"><ele>16.7</ele><time>2026-01-08T08:29:21Z</time><extensions><gpxtpx:TrackPointExtension><gpxtpx:hr>152</gpxtpx:hr></gpxtpx:TrackPointExtension></extensions></trkpt><trkpt lat="60.261413" lon="24.936962"><ele>16.7</ele><time>2026-01-08T08:29:27Z</time><extensions><gpxtpx:TrackPointExtension><gpxtpx:hr>152</gpxtpx:hr></gpxtpx:TrackPointExtension></extensions></trkpt><trkpt lat="60.261413" lon="24.936962"><ele>16.7</ele><time>2026-01-08T08:29:33Z</time><extensions><gpxtpx:TrackPointExtension><gpxtpx:hr>156</gpxtpx:hr></gpxtpx:TrackPointExtension></extensions></trkpt><trkpt lat="60.261413" lon="24.936962"><ele>16.7</ele><time>2026-01-08T08:29:40Z</time><extensions><gpxtpx:TrackPointExtension><gpxtpx:hr>155</gpxtpx:hr></gpxtpx:TrackPointExtension></extensions></trkpt><trkpt lat="60.261428" lon="24.936902"><ele>16.4</ele><time>2026-01-08T08:29:41Z</time><extensions><gpxtpx:TrackPointExtension><gpxtpx:hr>154</gpxtpx:hr></gpxtpx:TrackPointExtension></extensions></trkpt><trkpt lat="60.261445" lon="24.936847"><ele>16.7</ele><time>2026-01-08T08:29:43Z</time></trkpt><trkpt lat="60.261462" lon="24.936793"><ele>16.8</ele><time>2026-01-08T08:29:44Z</time></trkpt><trkpt lat="60.261477" lon="24.936745"><ele>16.6</ele><time>2026-01-08T08:29:44Z</time></trkpt><trkpt lat="60.261492" lon="24.936693"><ele>16.7</ele><time>2026-01-08T08:29:45Z</time></trkpt><trkpt lat="60.261508" lon="24.936643"><ele>16.9</ele><time>2026-01-08T08:29:47Z</time></trkpt><trkpt lat="60.261527" lon="24.936603"><ele>16.8</ele><time>2026-01-08T08:29:47Z</time></trkpt><trkpt lat="60.261548" lon="24.936567"><ele>16.1</ele><time>2026-01-08T08:29:48Z</time></trkpt><trkpt lat="60.26157" lon="24.936528"><ele>16.5</ele><time>2026-01-08T08:29:49Z</time></trkpt><trkpt lat="60.261598" lon="24.9365"><ele>16.7</ele><time>2026-01-08T08:29:50Z</time></trkpt><trkpt lat="60.261628" lon="24.936462"><ele>16.6</ele><time>2026-01-08T08:29:51Z</time></trkpt><trkpt lat="60.261658" lon="24.936437"><ele>16.9</ele><time>2026-01-08T08:29:52Z</time></trkpt><trkpt lat="60.261683" lon="24.9364"><ele>16.9</ele><time>2026-01-08T08:29:53Z</time></trkpt><trkpt lat="60.26171" lon="24.936368"><ele>16.8</ele><time>2026-01-08T08:29:54Z</time></trkpt><trkpt lat="60.261733" lon="24.936337"><ele>17.2</ele><time>2026-01-08T08:29:55Z</time><extensions><gpxtpx:TrackPointExtension><gpxtpx:hr>156</gpxtpx:hr></gpxtpx:TrackPointExtension></extensions></trkpt><trkpt lat="60.261762" lon="24.936313"><ele>16.9</ele><time>2026-01-08T08:29:56Z</time></trkpt><trkpt lat="60.261788" lon="24.9363"><ele>16.4</ele><time>2026-01-08T08:29:57Z</time></trkpt><trkpt lat="60.261817" lon="24.936292"><ele>16.5</ele><time>2026-01-08T08:29:58Z</time></trkpt><trkpt lat="60.262798" lon="24.936028"><ele>16.9</ele><time>2026-01-08T08:30:28Z</time><extensions><gpxtpx:TrackPointExtension><gpxtpx:hr>156</gpxtpx:hr></gpxtpx:TrackPointExtension></extensions></trkpt><trkpt lat="60.262798" lon="24.936028"><ele>16.9</ele><time>2026-01-08T08:30:01Z</time><extensions><gpxtpx:TrackPointExtension><gpxtpx:hr>156</gpxtpx:hr></gpxtpx:TrackPointExtension></extensions></trkpt><trkpt lat="60.262798" lon="24.936028"><ele>16.9</ele><time>2026-01-08T08:30:06Z</time><extensions><gpxtpx:TrackPointExtension><gpxtpx:hr>156</gpxtpx:hr></gpxtpx:TrackPointExtension></extensions></trkpt><trkpt lat="60.262798" lon="24.936028"><ele>16.9</ele><time>2026-01-08T08:30:15Z</time><extensions><gpxtpx:TrackPointExtension><gpxtpx:hr>154</gpxtpx:hr></gpxtpx:TrackPointExtension></extensions></trkpt><trkpt lat="60.262798" lon="24.936028"><ele>16.9</ele><time>2026-01-08T08:30:16Z</time><extensions><gpxtpx:TrackPointExtension><gpxtpx:hr>153</gpxtpx:hr></gpxtpx:TrackPointExtension></extensions></trkpt><trkpt lat="60.262798" lon="24.936028"><ele>16.9</ele><time>2026-01-08T08:30:23Z</time><extensions><gpxtpx:TrackPointExtension><gpxtpx:hr>157</gpxtpx:hr></gpxtpx:TrackPointExtension></extensions></trkpt><trkpt lat="60.262798" lon="24.936028"><ele>16.9</ele><time>2026-01-08T08:30:26Z</time><extensions><gpxtpx:TrackPointExtension><gpxtpx:hr>158</gpxtpx:hr></gpxtpx:TrackPointExtension></extensions></trkpt><trkpt lat="60.262825" lon="24.93602"><ele>15.1</ele><time>2026-01-08T08:30:29Z</time></trkpt><trkpt lat="60.262865" lon="24.936"><ele>16.6</ele><time>2026-01-08T08:30:30Z</time></trkpt><trkpt lat="60.262897" lon="24.936"><ele>17.5</ele><time>2026-01-08T08:30:31Z</time></trkpt><trkpt lat="60.262925" lon="24.935977"><ele>17.6</ele><time>2026-01-08T08:30:32Z</time></trkpt><trkpt lat="60.262958" lon="24.935975"><ele>18.1</ele><time>2026-01-08T08:30:33Z</time><extensions><gpxtpx:TrackPointExtension><gpxtpx:hr>158</gpxtpx:hr></gpxtpx:TrackPointExtension></extensions></trkpt><trkpt lat="60.262988" lon="24.935962"><ele>17.8</ele><time>2026-01-08T08:30:34Z</time></trkpt><trkpt lat="60.263018" lon="24.935942"><ele>17.2</ele><time>2026-01-08T08:30:35Z</time></trkpt><trkpt lat="60.263047" lon="24.935932"><ele>16.6</ele><time>2026-01-08T08:30:36Z</time></trkpt><trkpt lat="60.26308" lon="24.935902"><ele>16.2</ele><time>2026-01-08T08:30:37Z</time></trkpt><trkpt lat="60.26311" lon="24.935895"><ele>16.8</ele><time>2026-01-08T08:30:38Z</time></trkpt><trkpt lat="60.263132" lon="24.935862"><ele>14.8</ele><time>2026-01-08T08:30:39Z</time></trkpt><trkpt lat="60.26317" lon="24.935855"><ele>16.7</ele><time>2026-01-08T08:30:40Z</time><extensions><gpxtpx:TrackPointExtension><gpxtpx:hr>154</gpxtpx:hr></gpxtpx:TrackPointExtension></extensions></trkpt><trkpt lat="60.263198" lon="24.935833"><ele>15.7</ele><time>2026-01-08T08:30:41Z</time></trkpt><trkpt lat="60.26323" lon="24.93582"><ele>16.3</ele><time>2026-01-08T08:30:42Z</time></trkpt><trkpt lat="60.263262" lon="24.935812"><ele>16.6</ele><time>2026-01-08T08:30:43Z</time><extensions><gpxtpx:TrackPointExtension><gpxtpx:hr>154</gpxtpx:hr></gpxtpx:TrackPointExtension></extensions></trkpt><trkpt lat="60.263302" lon="24.935785"><ele>15.6</ele><time>2026-01-08T08:30:44Z</time></trkpt><trkpt lat="60.263323" lon="24.935783"><ele>15.3</ele><time>2026-01-08T08:30:45Z</time></trkpt><trkpt lat="60.263347" lon="24.935755"><ele>14.6</ele><time>2026-01-08T08:30:46Z</time></trkpt><trkpt lat="60.263373" lon="24.93575"><ele>15.2</ele><time>2026-01-08T08:30:47Z</time></trkpt><trkpt lat="60.263395" lon="24.935728"><ele>15.1</ele><time>2026-01-08T08:30:48Z</time></trkpt><trkpt lat="60.26343" lon="24.935722"><ele>14.5</ele><time>2026-01-08T08:30:49Z</time><extensions><gpxtpx:TrackPointExtension><gpxtpx:hr>154</gpxtpx:hr></gpxtpx:TrackPointExtension></extensions></trkpt><trkpt lat="60.263452" lon="24.935705"><ele>14.7</ele><time>2026-01-08T08:30:50Z</time></trkpt><trkpt lat="60.263475" lon="24.935695"><ele>14.8</ele><time>2026-01-08T08:30:51Z</time></trkpt><trkpt lat="60.263503" lon="24.935683"><ele>14.9</ele><time>2026-01-08T08:30:52Z</time><extensions><gpxtpx:TrackPointExtension><gpxtpx:hr>153</gpxtpx:hr></gpxtpx:TrackPointExtension></extensions></trkpt><trkpt lat="60.263532" lon="24.93567"><ele>14.6</ele><time>2026-01-08T08:30:53Z</time></trkpt><trkpt lat="60.263557" lon="24.935663"><ele>13.8</ele><time>2026-01-08T08:30:54Z</time></trkpt><trkpt lat="60.26358" lon="24.935653"><ele>14.0</ele><time>2026-01-08T08:30:55Z</time></trkpt><trkpt lat="60.263603" lon="24.935652"><ele>14.6</ele><time>2026-01-08T08:30:56Z</time></trkpt><trkpt lat="60.26362" lon="24.93565"><ele>14.9</ele><time>2026-01-08T08:30:57Z</time><extensions><gpxtpx:TrackPointExtension><gpxtpx:hr>156</gpxtpx:hr></gpxtpx:TrackPointExtension></extensions></trkpt><trkpt lat="60.26363" lon="24.935643"><ele>14.7</ele><time>2026-01-08T08:30:58Z</time></trkpt><trkpt lat="60.263635" lon="24.935632"><ele>14.2</ele><time>2026-01-08T08:30:59Z</time></trkpt><trkpt lat="60.263637" lon="24.935627"><ele>15.0</ele><time>2026-01-08T08:31:00Z</time></trkpt><trkpt lat="60.263635" lon="24.935627"><ele>15.3</ele><time>2026-01-08T08:31:01Z</time></trkpt><trkpt lat="60.263635" lon="24.935623"><ele>15.3</ele><time>2026-01-08T08:31:02Z</time></trkpt><trkpt lat="60.263633" lon="24.935623"><ele>15.3</ele><time>2026-01-08T08:31:03Z</time></trkpt><trkpt lat="60.263633" lon="24.935623"><ele>15.3</ele><time>2026-01-08T08:31:04Z</time></trkpt><trkpt lat="60.263633" lon="24.935623"><ele>15.3</ele><time>2026-01-08T08:31:05Z</time><extensions><gpxtpx:TrackPointExtension><gpxtpx:hr>154</gpxtpx:hr></gpxtpx:TrackPointExtension></extensions></trkpt><trkpt lat="60.263633" lon="24.935623"><ele>15.3</ele><time>2026-01-08T08:31:06Z</time></trkpt><trkpt lat="60.263633" lon="24.935623"><ele>15.3</ele><time>2026-01-08T08:31:07Z</time></trkpt><trkpt lat="60.263633" lon="24.935623"><ele>15.3</ele><time>2026-01-08T08:31:08Z</time></trkpt><trkpt lat="60.263633" lon="24.935623"><ele>15.3</ele><time>2026-01-08T08:31:09Z</time></trkpt><trkpt lat="60.263633" lon="24.935623"><ele>15.3</ele><time>2026-01-08T08:31:10Z</time><extensions><gpxtpx:TrackPointExtension><gpxtpx:hr>155</gpxtpx:hr></gpxtpx:TrackPointExtension></extensions></trkpt><trkpt lat="60.263638" lon="24.935627"><ele>15.8</ele><time>2026-01-08T08:31:11Z</time></trkpt><trkpt lat="60.263643" lon="24.935622"><ele>17.7</ele><time>2026-01-08T08:31:12Z</time><extensions><gpxtpx:TrackPointExtension><gpxtpx:hr>154</gpxtpx:hr></gpxtpx:TrackPointExtension></extensions></trkpt><trkpt lat="60.26364" lon="24.93562"><ele>17.1</ele><time>2026-01-08T08:31:13Z</time></trkpt><trkpt lat="60.263638" lon="24.935618"><ele>16.9</ele><time>2026-01-08T08:31:14Z</time></trkpt><trkpt lat="60.263638" lon="24.935618"><ele>16.4</ele><time>2026-01-08T08:31:15Z</time></trkpt><trkpt lat="60.263637" lon="24.93562"><ele>16.4</ele><time>2026-01-08T08:31:16Z</time></trkpt><trkpt lat="60.263637" lon="24.935615"><ele>16.6</ele><time>2026-01-08T08:31:17Z</time></trkpt><trkpt lat="60.263637" lon="24.935613"><ele>16.5</ele><time>2026-01-08T08:31:18Z</time></trkpt><trkpt lat="60.263638" lon="24.935613"><ele>16.6</ele><time>2026-01-08T08:31:19Z</time><extensions><gpxtpx:TrackPointExtension><gpxtpx:hr>151</gpxtpx:hr></gpxtpx:TrackPointExtension></extensions></trkpt><trkpt lat="60.263637" lon="24.935612"><ele>17.0</ele><time>2026-01-08T08:31:20Z</time></trkpt><trkpt lat="60.263635" lon="24.93561"><ele>17.2</ele><time>2026-01-08T08:31:21Z</time><extensions><gpxtpx:TrackPointExtension><gpxtpx:hr>150</gpxtpx:hr></gpxtpx:TrackPointExtension></extensions></trkpt><trkpt lat="60.26363" lon="24.9356"><ele>16.9</ele><time>2026-01-08T08:31:22Z</time></trkpt><trkpt lat="60.26363" lon="24.935593"><ele>17.1</ele><time>2026-01-08T08:31:23Z</time></trkpt><trkpt lat="60.263632" lon="24.935597"><ele>17.7</ele><time>2026-01-08T08:31:24Z</time></trkpt><trkpt lat="60.26363" lon="24.935602"><ele>18.2</ele><time>2026-01-08T08:31:25Z</time></trkpt><trkpt lat="60.26363" lon="24.935602"><ele>18.4</ele><time>2026-01-08T08:31:26Z</time></trkpt><trkpt lat="60.263627" lon="24.935602"><ele>18.1</ele><time>2026-01-08T08:31:27Z</time></trkpt><trkpt lat="60.26362" lon="24.9356"><ele>18.0</ele><time>2026-01-08T08:31:28Z</time></trkpt><trkpt lat="60.263608" lon="24.935593"><ele>17.4</ele><time>2026-01-08T08:31:29Z</time></trkpt><trkpt lat="60.263577" lon="24.935602"><ele>18.7</ele><time>2026-01-08T08:31:30Z</time><extensions><gpxtpx:TrackPointExtension><gpxtpx:hr>145</gpxtpx:hr></gpxtpx:TrackPointExtension></extensions></trkpt><trkpt lat="60.263548" lon="24.935605"><ele>18.7</ele><time>2026-01-08T08:31:31Z</time></trkpt><trkpt lat="60.263527" lon="24.935615"><ele>17.5</ele><time>2026-01-08T08:31:32Z</time></trkpt><trkpt lat="60.263458" lon="24.935662"><ele>19.2</ele><time>2026-01-08T08:31:36Z</time><extensions><gpxtpx:TrackPointExtension><gpxtpx:hr>141</gpxtpx:hr></gpxtpx:TrackPointExtension></extensions></trkpt><trkpt lat="60.263458" lon="24.935662"><ele>19.2</ele><time>2026-01-08T08:31:36Z</time><extensions><gpxtpx:TrackPointExtension><gpxtpx:hr>140</gpxtpx:hr></gpxtpx:TrackPointExtension></extensions></trkpt><trkpt lat="60.263438" lon="24.935675"><ele>19.1</ele><time>2026-01-08T08:31:37Z</time></trkpt><trkpt lat="60.26342" lon="24.935688"><ele>18.9</ele><time>2026-01-08T08:31:38Z</time></trkpt><trkpt lat="60.2634" lon="24.9357"><ele>18.6</ele><time>2026-01-08T08:31:39Z</time></trkpt><trkpt lat="60.263377" lon="24.935715"><ele>18.5</ele><time>2026-01-08T08:31:40Z</time></trkpt><trkpt lat="60.263353" lon="24.935727"><ele>18.5</ele><time>2026-01-08T08:31:41Z</time></trkpt><trkpt lat="60.263323" lon="24.935752"><ele>19.1</ele><time>2026-01-08T08:31:42Z</time><extensions><gpxtpx:TrackPointExtension><gpxtpx:hr>139</gpxtpx:hr></gpxtpx:TrackPointExtension></extensions></trkpt><trkpt lat="60.263292" lon="24.935773"><ele>19.1</ele><time>2026-01-08T08:31:43Z</time></trkpt><trkpt lat="60.263262" lon="24.935788"><ele>19.3</ele><time>2026-01-08T08:31:44Z</time></trkpt><trkpt lat="60.26323" lon="24.935812"><ele>19.0</ele><time>2026-01-08T08:31:45Z</time></trkpt><trkpt lat="60.263198" lon="24.935817"><ele>19.0</ele><time>2026-01-08T08:31:46Z</time></trkpt><trkpt lat="60.263167" lon="24.935843"><ele>19.0</ele><time>2026-01-08T08:31:47Z</time></trkpt><trkpt lat="60.263135" lon="24.935867"><ele>19.3</ele><time>2026-01-08T08:31:48Z</time></trkpt><trkpt lat="60.263098" lon="24.935867"><ele>19.1</ele><time>2026-01-08T08:31:49Z</time></trkpt><trkpt lat="60.263067" lon="24.935877"><ele>19.4</ele><time>2026-01-08T08:31:50Z</time><extensions><gpxtpx:TrackPointExtension><gpxtpx:hr>140</gpxtpx:hr></gpxtpx:TrackPointExtension></extensions></trkpt><trkpt lat="60.263033" lon="24.935908"><ele>19.3</ele><time>2026-01-08T08:31:51Z</time><extensions><gpxtpx:TrackPointExtension><gpxtpx:hr>140</gpxtpx:hr></gpxtpx:TrackPointExtension></extensions></trkpt><trkpt lat="60.263002" lon="24.935922"><ele>19.4</ele><time>2026-01-08T08:31:52Z</time></trkpt><trkpt lat="60.262968" lon="24.93594"><ele>19.6</ele><time>2026-01-08T08:31:53Z</time></trkpt><trkpt lat="60.262935" lon="24.935953"><ele>19.5</ele><time>2026-01-08T08:31:54Z</time></trkpt><trkpt lat="60.262903" lon="24.935965"><ele>19.7</ele><time>2026-01-08T08:31:55Z</time></trkpt><trkpt lat="60.262872" lon="24.935982"><ele>19.5</ele><time>2026-01-08T08:31:56Z</time></trkpt><trkpt lat="60.262838" lon="24.935995"><ele>19.3</ele><time>2026-01-08T08:31:57Z</time></trkpt><trkpt lat="60.262807" lon="24.936012"><ele>19.4</ele><time>2026-01-08T08:31:58Z</time></trkpt><trkpt lat="60.262773" lon="24.936023"><ele>19.1</ele><time>2026-01-08T08:31:59Z</time><extensions><gpxtpx:TrackPointExtension><gpxtpx:hr>141</gpxtpx:hr></gpxtpx:TrackPointExtension></extensions></trkpt><trkpt lat="60.262737" lon="24.93604"><ele>19.2</ele><time>2026-01-08T08:32:00Z</time></trkpt><trkpt lat="60.262528" lon="24.936127"><ele>17.9</ele><time>2026-01-08T08:32:07Z</time><extensions><gpxtpx:TrackPointExtension><gpxtpx:hr>142</gpxtpx:hr></gpxtpx:TrackPointExtension></extensions></trkpt><trkpt lat="60.262508" lon="24.936147"><ele>16.5</ele><time>2026-01-08T08:32:07Z</time></trkpt><trkpt lat="60.262477" lon="24.93617"><ele>16.6</ele><time>2026-01-08T08:32:08Z</time><extensions><gpxtpx:TrackPointExtension><gpxtpx:hr>141</gpxtpx:hr></gpxtpx:TrackPointExtension></extensions></trkpt><trkpt lat="60.262412" lon="24.936222"><ele>17.0</ele><time>2026-01-08T08:32:10Z</time></trkpt><trkpt lat="60.261887" lon="24.936278"><ele>19.3</ele><time>2026-01-08T08:32:26Z</time><extensions><gpxtpx:TrackPointExtension><gpxtpx:hr>143</gpxtpx:hr></gpxtpx:TrackPointExtension></extensions></trkpt><trkpt lat="60.261887" lon="24.936278"><ele>19.3</ele><time>2026-01-08T08:32:19Z</time><extensions><gpxtpx:TrackPointExtension><gpxtpx:hr>143</gpxtpx:hr></gpxtpx:TrackPointExtension></extensions></trkpt><trkpt lat="60.261887" lon="24.936278"><ele>19.3</ele><time>2026-01-08T08:32:21Z</time><extensions><gpxtpx:TrackPointExtension><gpxtpx:hr>144</gpxtpx:hr></gpxtpx:TrackPointExtension></extensions></trkpt><trkpt lat="60.261857" lon="24.936267"><ele>19.5</ele><time>2026-01-08T08:32:27Z</time></trkpt><trkpt lat="60.26182" lon="24.936263"><ele>20.1</ele><time>2026-01-08T08:32:28Z</time></trkpt><trkpt lat="60.261775" lon="24.936258"><ele>20.1</ele><time>2026-01-08T08:32:29Z</time></trkpt><trkpt lat="60.261748" lon="24.936268"><ele>20.1</ele><time>2026-01-08T08:32:30Z</time><extensions><gpxtpx:TrackPointExtension><gpxtpx:hr>146</gpxtpx:hr></gpxtpx:TrackPointExtension></extensions></trkpt><trkpt lat="60.261715" lon="24.936277"><ele>20.0</ele><time>2026-01-08T08:32:31Z</time></trkpt><trkpt lat="60.261687" lon="24.9363"><ele>20.1</ele><time>2026-01-08T08:32:32Z</time></trkpt><trkpt lat="60.261658" lon="24.936328"><ele>20.3</ele><time>2026-01-08T08:32:33Z</time></trkpt><trkpt lat="60.261628" lon="24.936373"><ele>20.5</ele><time>2026-01-08T08:32:34Z</time></trkpt><trkpt lat="60.261592" lon="24.936425"><ele>20.7</ele><time>2026-01-08T08:32:35Z</time><extensions><gpxtpx:TrackPointExtension><gpxtpx:hr>145</gpxtpx:hr></gpxtpx:TrackPointExtension></extensions></trkpt><trkpt lat="60.261562" lon="24.936467"><ele>20.7</ele><time>2026-01-08T08:32:36Z</time></trkpt><trkpt lat="60.261533" lon="24.93651"><ele>20.5</ele><time>2026-01-08T08:32:37Z</time></trkpt><trkpt lat="60.261508" lon="24.936545"><ele>20.3</ele><time>2026-01-08T08:32:38Z</time><extensions><gpxtpx:TrackPointExtension><gpxtpx:hr>145</gpxtpx:hr></gpxtpx:TrackPointExtension></extensions></trkpt><trkpt lat="60.261482" lon="24.936578"><ele>20.2</ele><time>2026-01-08T08:32:39Z</time></trkpt><trkpt lat="60.261458" lon="24.936615"><ele>19.9</ele><time>2026-01-08T08:32:40Z</time></trkpt><trkpt lat="60.261433" lon="24.936653"><ele>19.9</ele><time>2026-01-08T08:32:41Z</time></trkpt><trkpt lat="60.261415" lon="24.9367"><ele>19.8</ele><time>2026-01-08T08:32:42Z</time></trkpt><trkpt lat="60.261393" lon="24.936755"><ele>19.9</ele><time>2026-01-08T08:32:43Z</time></trkpt><trkpt lat="60.26137" lon="24.936813"><ele>19.9</ele><time>2026-01-08T08:32:44Z</time></trkpt><trkpt lat="60.26135" lon="24.936875"><ele>20.3</ele><time>2026-01-08T08:32:45Z</time><extensions><gpxtpx:TrackPointExtension><gpxtpx:hr>146</gpxtpx:hr></gpxtpx:TrackPointExtension></extensions></trkpt><trkpt lat="60.261332" lon="24.936943"><ele>19.6</ele><time>2026-01-08T08:32:46Z</time></trkpt><trkpt lat="60.261313" lon="24.936998"><ele>20.0</ele><time>2026-01-08T08:32:47Z</time><extensions><gpxtpx:TrackPointExtension><gpxtpx:hr>148</gpxtpx:hr></gpxtpx:TrackPointExtension></extensions></trkpt><trkpt lat="60.2613" lon="24.937058"><ele>19.3</ele><time>2026-01-08T08:32:48Z</time></trkpt><trkpt lat="60.261325" lon="24.93726"><ele>15.7</ele><time>2026-01-08T08:32:49Z</time></trkpt><trkpt lat="60.261315" lon="24.937325"><ele>15.8</ele><time>2026-01-08T08:32:50Z</time></trkpt><trkpt lat="60.2613" lon="24.93739"><ele>15.1</ele><time>2026-01-08T08:32:51Z</time><extensions><gpxtpx:TrackPointExtension><gpxtpx:hr>148</gpxtpx:hr></gpxtpx:TrackPointExtension></extensions></trkpt><trkpt lat="60.261258" lon="24.937365"><ele>18.6</ele><time>2026-01-08T08:32:52Z</time></trkpt><trkpt lat="60.261272" lon="24.93752"><ele>15.6</ele><time>2026-01-08T08:32:53Z</time></trkpt><trkpt lat="60.261235" lon="24.937593"><ele>15.6</ele><time>2026-01-08T08:32:54Z</time></trkpt><trkpt lat="60.261217" lon="24.937665"><ele>14.8</ele><time>2026-01-08T08:32:55Z</time></trkpt><trkpt lat="60.261267" lon="24.937737"><ele>16.9</ele><time>2026-01-08T08:32:56Z</time><extensions><gpxtpx:TrackPointExtension><gpxtpx:hr>147</gpxtpx:hr></gpxtpx:TrackPointExtension></extensions></trkpt><trkpt lat="60.261257" lon="24.937777"><ele>15.6</ele><time>2026-01-08T08:32:57Z</time></trkpt><trkpt lat="60.261235" lon="24.937817"><ele>15.5</ele><time>2026-01-08T08:32:58Z</time></trkpt><trkpt lat="60.261253" lon="24.937907"><ele>15.7</ele><time>2026-01-08T08:32:59Z</time></trkpt><trkpt lat="60.26125" lon="24.938005"><ele>15.4</ele><time>2026-01-08T08:33:00Z</time></trkpt><trkpt lat="60.26125" lon="24.93807"><ele>14.9</ele><time>2026-01-08T08:33:01Z</time></trkpt><trkpt lat="60.261248" lon="24.938153"><ele>14.7</ele><time>2026-01-08T08:33:02Z</time></trkpt><trkpt lat="60.261257" lon="24.938215"><ele>15.2</ele><time>2026-01-08T08:33:03Z</time></trkpt><trkpt lat="60.261267" lon="24.938283"><ele>15.8</ele><time>2026-01-08T08:33:04Z</time><extensions><gpxtpx:TrackPointExtension><gpxtpx:hr>148</gpxtpx:hr></gpxtpx:TrackPointExtension></extensions></trkpt><trkpt lat="60.261273" lon="24.938353"><ele>15.6</ele><time>2026-01-08T08:33:05Z</time></trkpt><trkpt lat="60.26127" lon="24.938437"><ele>16.0</ele><time>2026-01-08T08:33:06Z</time></trkpt><trkpt lat="60.261278" lon="24.938498"><ele>15.5</ele><time>2026-01-08T08:33:07Z</time></trkpt><trkpt lat="60.261282" lon="24.938575"><ele>15.1</ele><time>2026-01-08T08:33:08Z</time></trkpt><trkpt lat="60.26127" lon="24.938683"><ele>16.0</ele><time>2026-01-08T08:33:09Z</time></trkpt><trkpt lat="60.26126" lon="24.938765"><ele>16.1</ele><time>2026-01-08T08:33:10Z</time><extensions><gpxtpx:TrackPointExtension><gpxtpx:hr>150</gpxtpx:hr></gpxtpx:TrackPointExtension></extensions></trkpt><trkpt lat="60.261272" lon="24.938807"><ele>16.3</ele><time>2026-01-08T08:33:11Z</time></trkpt><trkpt lat="60.261275" lon="24.938873"><ele>17.6</ele><time>2026-01-08T08:33:12Z</time></trkpt><trkpt lat="60.26126" lon="24.938922"><ele>17.1</ele><time>2026-01-08T08:33:13Z</time></trkpt><trkpt lat="60.26125" lon="24.939002"><ele>16.7</ele><time>2026-01-08T08:33:14Z</time></trkpt><trkpt lat="60.261237" lon="24.939058"><ele>16.4</ele><time>2026-01-08T08:33:15Z</time><extensions><gpxtpx:TrackPointExtension><gpxtpx:hr>150</gpxtpx:hr></gpxtpx:TrackPointExtension></extensions></trkpt><trkpt lat="60.261228" lon="24.939132"><ele>15.8</ele><time>2026-01-08T08:33:16Z</time><extensions><gpxtpx:TrackPointExtension><gpxtpx:hr>150</gpxtpx:hr></gpxtpx:TrackPointExtension></extensions></trkpt><trkpt lat="60.261217" lon="24.939203"><ele>15.5</ele><time>2026-01-08T08:33:17Z</time></trkpt><trkpt lat="60.261205" lon="24.939263"><ele>14.7</ele><time>2026-01-08T08:33:18Z</time></trkpt><trkpt lat="60.261203" lon="24.939317"><ele>14.8</ele><time>2026-01-08T08:33:19Z</time></trkpt><trkpt lat="60.26118" lon="24.939385"><ele>14.8</ele><time>2026-01-08T08:33:20Z</time></trkpt><trkpt lat="60.261168" lon="24.939458"><ele>13.5</ele><time>2026-01-08T08:33:21Z</time><extensions><gpxtpx:TrackPointExtension><gpxtpx:hr>153</gpxtpx:hr></gpxtpx:TrackPointExtension></extensions></trkpt><trkpt lat="60.26116" lon="24.939518"><ele>13.0</ele><time>2026-01-08T08:33:22Z</time></trkpt><trkpt lat="60.261167" lon="24.939587"><ele>13.2</ele><time>2026-01-08T08:33:23Z</time></trkpt><trkpt lat="60.261142" lon="24.939623"><ele>12.8</ele><time>2026-01-08T08:33:24Z</time></trkpt><trkpt lat="60.26113" lon="24.939685"><ele>13.3</ele><time>2026-01-08T08:33:25Z</time></trkpt><trkpt lat="60.261108" lon="24.939733"><ele>12.7</ele><time>2026-01-08T08:33:26Z</time></trkpt><trkpt lat="60.261085" lon="24.939792"><ele>12.3</ele><time>2026-01-08T08:33:27Z</time></trkpt><trkpt lat="60.26107" lon="24.939822"><ele>12.9</ele><time>2026-01-08T08:33:28Z</time></trkpt><trkpt lat="60.261057" lon="24.939887"><ele>14.0</ele><time>2026-01-08T08:33:29Z</time></trkpt><trkpt lat="60.261035" lon="24.939925"><ele>13.7</ele><time>2026-01-08T08:33:30Z</time><extensions><gpxtpx:TrackPointExtension><gpxtpx:hr>152</gpxtpx:hr></gpxtpx:TrackPointExtension></extensions></trkpt><trkpt lat="60.261018" lon="24.939977"><ele>13.9</ele><time>2026-01-08T08:33:31Z</time></trkpt><trkpt lat="60.261017" lon="24.940022"><ele>19.6</ele><time>2026-01-08T08:33:32Z</time><extensions><gpxtpx:TrackPointExtension><gpxtpx:hr>153</gpxtpx:hr></gpxtpx:TrackPointExtension></extensions></trkpt><trkpt lat="60.260995" lon="24.940112"><ele>13.4</ele><time>2026-01-08T08:33:33Z</time></trkpt><trkpt lat="60.260962" lon="24.940162"><ele>14.3</ele><time>2026-01-08T08:33:34Z</time></trkpt><trkpt lat="60.260958" lon="24.940222"><ele>12.7</ele><time>2026-01-08T08:33:35Z</time></trkpt><trkpt lat="60.260932" lon="24.940275"><ele>13.5</ele><time>2026-01-08T08:33:36Z</time><extensions><gpxtpx:TrackPointExtension><gpxtpx:hr>154</gpxtpx:hr></gpxtpx:TrackPointExtension></extensions></trkpt><trkpt lat="60.26094" lon="24.940352"><ele>13.3</ele><time>2026-01-08T08:33:37Z</time></trkpt><trkpt lat="60.260918" lon="24.940415"><ele>13.8</ele><time>2026-01-08T08:33:38Z</time></trkpt><trkpt lat="60.260907" lon="24.94049"><ele>13.1</ele><time>2026-01-08T08:33:39Z</time></trkpt><trkpt lat="60.260903" lon="24.940507"><ele>19.6</ele><time>2026-01-08T08:33:40Z</time></trkpt><trkpt lat="60.260873" lon="24.940608"><ele>13.0</ele><time>2026-01-08T08:33:41Z</time><extensions><gpxtpx:TrackPointExtension><gpxtpx:hr>153</gpxtpx:hr></gpxtpx:TrackPointExtension></extensions></trkpt><trkpt lat="60.260883" lon="24.940668"><ele>14.3</ele><time>2026-01-08T08:33:42Z</time></trkpt><trkpt lat="60.260852" lon="24.940722"><ele>13.7</ele><time>2026-01-08T08:33:43Z</time></trkpt><trkpt lat="60.260853" lon="24.940772"><ele>15.7</ele><time>2026-01-08T08:33:44Z</time></trkpt><trkpt lat="60.260827" lon="24.940703"><ele>19.6</ele><time>2026-01-08T08:33:45Z</time></trkpt><trkpt lat="60.26077" lon="24.940713"><ele>13.6</ele><time>2026-01-08T08:33:46Z</time></trkpt><trkpt lat="60.260768" lon="24.940793"><ele>15.0</ele><time>2026-01-08T08:33:47Z</time></trkpt><trkpt lat="60.26077" lon="24.940722"><ele>19.4</ele><time>2026-01-08T08:33:48Z</time></trkpt><trkpt lat="60.260752" lon="24.94072"><ele>19.5</ele><time>2026-01-08T08:33:49Z</time><extensions><gpxtpx:TrackPointExtension><gpxtpx:hr>151</gpxtpx:hr></gpxtpx:TrackPointExtension></extensions></trkpt><trkpt lat="60.26073" lon="24.940717"><ele>19.6</ele><time>2026-01-08T08:33:50Z</time></trkpt><trkpt lat="60.260705" lon="24.940712"><ele>20.0</ele><time>2026-01-08T08:33:51Z</time></trkpt><trkpt lat="60.260677" lon="24.940703"><ele>19.4</ele><time>2026-01-08T08:33:52Z</time></trkpt><trkpt lat="60.260652" lon="24.940685"><ele>19.9</ele><time>2026-01-08T08:33:53Z</time></trkpt><trkpt lat="60.260627" lon="24.940645"><ele>20.2</ele><time>2026-01-08T08:33:54Z</time></trkpt><trkpt lat="60.260597" lon="24.940613"><ele>20.6</ele><time>2026-01-08T08:33:55Z</time><extensions><gpxtpx:TrackPointExtension><gpxtpx:hr>151</gpxtpx:hr></gpxtpx:TrackPointExtension></extensions></trkpt><trkpt lat="60.26058" lon="24.940575"><ele>20.8</ele><time>2026-01-08T08:33:56Z</time></trkpt><trkpt lat="60.260557" lon="24.940532"><ele>20.9</ele><time>2026-01-08T08:33:57Z</time></trkpt><trkpt lat="60.260522" lon="24.94054"><ele>14.4</ele><time>2026-01-08T08:33:58Z</time></trkpt><trkpt lat="60.26052" lon="24.940477"><ele>14.0</ele><time>2026-01-08T08:33:59Z</time></trkpt><trkpt lat="60.260487" lon="24.940432"><ele>16.3</ele><time>2026-01-08T08:34:00Z</time><extensions><gpxtpx:TrackPointExtension><gpxtpx:hr>152</gpxtpx:hr></gpxtpx:TrackPointExtension></extensions></trkpt><trkpt lat="60.26047" lon="24.940373"><ele>18.0</ele><time>2026-01-08T08:34:01Z</time></trkpt><trkpt lat="60.260463" lon="24.940298"><ele>17.0</ele><time>2026-01-08T08:34:02Z</time><extensions><gpxtpx:TrackPointExtension><gpxtpx:hr>152</gpxtpx:hr></gpxtpx:TrackPointExtension></extensions></trkpt><trkpt lat="60.260453" lon="24.940205"><ele>17.3</ele><time>2026-01-08T08:34:03Z</time></trkpt><trkpt lat="60.26044" lon="24.940152"><ele>17.8</ele><time>2026-01-08T08:34:04Z</time></trkpt><trkpt lat="60.260442" lon="24.94005"><ele>21.3</ele><time>2026-01-08T08:34:05Z</time></trkpt><trkpt lat="60.260427" lon="24.940032"><ele>18.5</ele><time>2026-01-08T08:34:06Z</time></trkpt><trkpt lat="60.26042" lon="24.939942"><ele>21.3</ele><time>2026-01-08T08:34:07Z</time><extensions><gpxtpx:TrackPointExtension><gpxtpx:hr>153</gpxtpx:hr></gpxtpx:TrackPointExtension></extensions></trkpt><trkpt lat="60.260417" lon="24.939968"><ele>18.1</ele><time>2026-01-08T08:34:08Z</time></trkpt><trkpt lat="60.260365" lon="24.939913"><ele>17.3</ele><time>2026-01-08T08:34:09Z</time></trkpt><trkpt lat="60.260343" lon="24.939908"><ele>16.7</ele><time>2026-01-08T08:34:10Z</time></trkpt><trkpt lat="60.260312" lon="24.939898"><ele>16.6</ele><time>2026-01-08T08:34:11Z</time></trkpt><trkpt lat="60.260267" lon="24.939943"><ele>17.9</ele><time>2026-01-08T08:34:12Z</time><extensions><gpxtpx:TrackPointExtension><gpxtpx:hr>154</gpxtpx:hr></gpxtpx:TrackPointExtension></extensions></trkpt><trkpt lat="60.260248" lon="24.93992"><ele>19.0</ele><time>2026-01-08T08:34:13Z</time></trkpt><trkpt lat="60.260207" lon="24.939913"><ele>18.2</ele><time>2026-01-08T08:34:14Z</time></trkpt><trkpt lat="60.260177" lon="24.939898"><ele>17.0</ele><time>2026-01-08T08:34:15Z</time></trkpt><trkpt lat="60.2597" lon="24.939157"><ele>17.8</ele><time>2026-01-08T08:34:35Z</time><extensions><gpxtpx:TrackPointExtension><gpxtpx:hr>155</gpxtpx:hr></gpxtpx:TrackPointExtension></extensions></trkpt><trkpt lat="60.2597" lon="24.939157"><ele>17.8</ele><time>2026-01-08T08:34:23Z</time><extensions><gpxtpx:TrackPointExtension><gpxtpx:hr>154</gpxtpx:hr></gpxtpx:TrackPointExtension></extensions></trkpt><trkpt lat="60.2597" lon="24.939157"><ele>17.8</ele><time>2026-01-08T08:34:28Z</time><extensions><gpxtpx:TrackPointExtension><gpxtpx:hr>156</gpxtpx:hr></gpxtpx:TrackPointExtension></extensions></trkpt><trkpt lat="60.2597" lon="24.939157"><ele>17.8</ele><time>2026-01-08T08:34:34Z</time><extensions><gpxtpx:TrackPointExtension><gpxtpx:hr>155</gpxtpx:hr></gpxtpx:TrackPointExtension></extensions></trkpt><trkpt lat="60.259705" lon="24.93908"><ele>21.5</ele><time>2026-01-08T08:34:36Z</time></trkpt><trkpt lat="60.2597" lon="24.93901"><ele>21.3</ele><time>2026-01-08T08:34:37Z</time></trkpt><trkpt lat="60.259697" lon="24.938932"><ele>21.4</ele><time>2026-01-08T08:34:38Z</time></trkpt><trkpt lat="60.259697" lon="24.938867"><ele>22.0</ele><time>2026-01-08T08:34:39Z</time></trkpt><trkpt lat="60.259697" lon="24.9388"><ele>21.8</ele><time>2026-01-08T08:34:40Z</time><extensions><gpxtpx:TrackPointExtension><gpxtpx:hr>156</gpxtpx:hr></gpxtpx:TrackPointExtension></extensions></trkpt><trkpt lat="60.259697" lon="24.938747"><ele>22.3</ele><time>2026-01-08T08:34:41Z</time><extensions><gpxtpx:TrackPointExtension><gpxtpx:hr>156</gpxtpx:hr></gpxtpx:TrackPointExtension></extensions></trkpt><trkpt lat="60.259697" lon="24.938678"><ele>21.5</ele><time>2026-01-08T08:34:42Z</time></trkpt><trkpt lat="60.259685" lon="24.938627"><ele>16.7</ele><time>2026-01-08T08:34:43Z</time></trkpt><trkpt lat="60.259697" lon="24.938577"><ele>16.4</ele><time>2026-01-08T08:34:44Z</time></trkpt><trkpt lat="60.259705" lon="24.938493"><ele>21.4</ele><time>2026-01-08T08:34:45Z</time></trkpt><trkpt lat="60.259695" lon="24.93847"><ele>16.7</ele><time>2026-01-08T08:34:46Z</time></trkpt><trkpt lat="60.259702" lon="24.9384"><ele>14.9</ele><time>2026-01-08T08:34:48Z</time><extensions><gpxtpx:TrackPointExtension><gpxtpx:hr>157</gpxtpx:hr></gpxtpx:TrackPointExtension></extensions></trkpt><trkpt lat="60.259693" lon="24.938342"><ele>16.1</ele><time>2026-01-08T08:34:49Z</time></trkpt><trkpt lat="60.259698" lon="24.938273"><ele>15.3</ele><time>2026-01-08T08:34:50Z</time></trkpt><trkpt lat="60.259688" lon="24.938207"><ele>15.3</ele><time>2026-01-08T08:34:51Z</time></trkpt><trkpt lat="60.259698" lon="24.938093"><ele>21.3</ele><time>2026-01-08T08:34:52Z</time><extensions><gpxtpx:TrackPointExtension><gpxtpx:hr>157</gpxtpx:hr></gpxtpx:TrackPointExtension></extensions></trkpt><trkpt lat="60.259682" lon="24.938045"><ele>14.6</ele><time>2026-01-08T08:34:53Z</time></trkpt><trkpt lat="60.25968" lon="24.937993"><ele>15.8</ele><time>2026-01-08T08:34:54Z</time></trkpt><trkpt lat="60.259677" lon="24.937945"><ele>15.2</ele><time>2026-01-08T08:34:55Z</time></trkpt><trkpt lat="60.25968" lon="24.937885"><ele>15.1</ele><time>2026-01-08T08:34:56Z</time></trkpt><trkpt lat="60.259687" lon="24.937842"><ele>15.0</ele><time>2026-01-08T08:34:57Z</time></trkpt><trkpt lat="60.259677" lon="24.937745"><ele>15.0</ele><time>2026-01-08T08:34:58Z</time></trkpt><trkpt lat="60.259658" lon="24.937685"><ele>15.8</ele><time>2026-01-08T08:34:59Z</time></trkpt><trkpt lat="60.259675" lon="24.9376"><ele>21.9</ele><time>2026-01-08T08:35:00Z</time><extensions><gpxtpx:TrackPointExtension><gpxtpx:hr>155</gpxtpx:hr></gpxtpx:TrackPointExtension></extensions></trkpt><trkpt lat="60.259652" lon="24.937557"><ele>15.7</ele><time>2026-01-08T08:35:01Z</time><extensions><gpxtpx:TrackPointExtension><gpxtpx:hr>156</gpxtpx:hr></gpxtpx:TrackPointExtension></extensions></trkpt><trkpt lat="60.259657" lon="24.937495"><ele>16.7</ele><time>2026-01-08T08:35:02Z</time></trkpt><trkpt lat="60.259665" lon="24.937407"><ele>23.0</ele><time>2026-01-08T08:35:03Z</time></trkpt><trkpt lat="60.259647" lon="24.937365"><ele>18.4</ele><time>2026-01-08T08:35:04Z</time></trkpt><trkpt lat="60.259648" lon="24.937272"><ele>17.7</ele><time>2026-01-08T08:35:05Z</time></trkpt><trkpt lat="60.259647" lon="24.937223"><ele>18.2</ele><time>2026-01-08T08:35:06Z</time><extensions><gpxtpx:TrackPointExtension><gpxtpx:hr>157</gpxtpx:hr></gpxtpx:TrackPointExtension></extensions></trkpt><trkpt lat="60.259645" lon="24.937165"><ele>18.2</ele><time>2026-01-08T08:35:07Z</time></trkpt><trkpt lat="60.259633" lon="24.937102"><ele>18.5</ele><time>2026-01-08T08:35:08Z</time></trkpt><trkpt lat="60.259633" lon="24.937058"><ele>20.3</ele><time>2026-01-08T08:35:09Z</time></trkpt><trkpt lat="60.259642" lon="24.936958"><ele>23.0</ele><time>2026-01-08T08:35:10Z</time></trkpt><trkpt lat="60.259618" lon="24.936928"><ele>19.9</ele><time>2026-01-08T08:35:11Z</time></trkpt><trkpt lat="60.259615" lon="24.936872"><ele>18.7</ele><time>2026-01-08T08:35:12Z</time><extensions><gpxtpx:TrackPointExtension><gpxtpx:hr>157</gpxtpx:hr></gpxtpx:TrackPointExtension></extensions></trkpt><trkpt lat="60.25961" lon="24.936817"><ele>18.1</ele><time>2026-01-08T08:35:13Z</time></trkpt><trkpt lat="60.259587" lon="24.936765"><ele>17.3</ele><time>2026-01-08T08:35:14Z</time></trkpt><trkpt lat="60.259562" lon="24.936667"><ele>22.8</ele><time>2026-01-08T08:35:15Z</time></trkpt><trkpt lat="60.259537" lon="24.936668"><ele>18.1</ele><time>2026-01-08T08:35:16Z</time></trkpt><trkpt lat="60.259498" lon="24.936622"><ele>17.0</ele><time>2026-01-08T08:35:17Z</time></trkpt><trkpt lat="60.259472" lon="24.936583"><ele>16.5</ele><time>2026-01-08T08:35:18Z</time></trkpt><trkpt lat="60.259433" lon="24.936553"><ele>17.0</ele><time>2026-01-08T08:35:19Z</time></trkpt><trkpt lat="60.259405" lon="24.936518"><ele>18.2</ele><time>2026-01-08T08:35:20Z</time><extensions><gpxtpx:TrackPointExtension><gpxtpx:hr>156</gpxtpx:hr></gpxtpx:TrackPointExtension></extensions></trkpt><trkpt lat="60.259382" lon="24.936472"><ele>15.9</ele><time>2026-01-08T08:35:21Z</time></trkpt><trkpt lat="60.25934" lon="24.936455"><ele>16.4</ele><time>2026-01-08T08:35:22Z</time></trkpt><trkpt lat="60.259318" lon="24.936412"><ele>15.9</ele><time>2026-01-08T08:35:23Z</time></trkpt><trkpt lat="60.259287" lon="24.936373"><ele>16.1</ele><time>2026-01-08T08:35:24Z</time></trkpt><trkpt lat="60.259272" lon="24.936307"><ele>16.3</ele><time>2026-01-08T08:35:25Z</time><extensions><gpxtpx:TrackPointExtension><gpxtpx:hr>158</gpxtpx:hr></gpxtpx:TrackPointExtension></extensions></trkpt><trkpt lat="60.25925" lon="24.93625"><ele>15.8</ele><time>2026-01-08T08:35:26Z</time><extensions><gpxtpx:TrackPointExtension><gpxtpx:hr>158</gpxtpx:hr></gpxtpx:TrackPointExtension></extensions></trkpt><trkpt lat="60.259222" lon="24.936197"><ele>16.0</ele><time>2026-01-08T08:35:27Z</time></trkpt><trkpt lat="60.2592" lon="24.93613"><ele>15.9</ele><time>2026-01-08T08:35:28Z</time></trkpt><trkpt lat="60.259183" lon="24.93607"><ele>16.8</ele><time>2026-01-08T08:35:29Z</time></trkpt><trkpt lat="60.259177" lon="24.936007"><ele>16.7</ele><time>2026-01-08T08:35:30Z</time></trkpt><trkpt lat="60.25916" lon="24.935958"><ele>16.7</ele><time>2026-01-08T08:35:31Z</time></trkpt><trkpt lat="60.259157" lon="24.93591"><ele>15.8</ele><time>2026-01-08T08:35:32Z</time></trkpt><trkpt lat="60.259113" lon="24.935893"><ele>15.7</ele><time>2026-01-08T08:35:33Z</time></trkpt><trkpt lat="60.259097" lon="24.935813"><ele>15.0</ele><time>2026-01-08T08:35:34Z</time></trkpt><trkpt lat="60.259077" lon="24.93577"><ele>14.7</ele><time>2026-01-08T08:35:35Z</time><extensions><gpxtpx:TrackPointExtension><gpxtpx:hr>156</gpxtpx:hr></gpxtpx:TrackPointExtension></extensions></trkpt><trkpt lat="60.259073" lon="24.935665"><ele>21.4</ele><time>2026-01-08T08:35:36Z</time><extensions><gpxtpx:TrackPointExtension><gpxtpx:hr>157</gpxtpx:hr></gpxtpx:TrackPointExtension></extensions></trkpt><trkpt lat="60.25905" lon="24.935618"><ele>21.2</ele><time>2026-01-08T08:35:37Z</time></trkpt><trkpt lat="60.259025" lon="24.93558"><ele>21.6</ele><time>2026-01-08T08:35:38Z</time></trkpt><trkpt lat="60.259002" lon="24.935537"><ele>21.8</ele><time>2026-01-08T08:35:39Z</time></trkpt><trkpt lat="60.258973" lon="24.935493"><ele>21.9</ele><time>2026-01-08T08:35:40Z</time></trkpt><trkpt lat="60.258948" lon="24.935463"><ele>22.0</ele><time>2026-01-08T08:35:41Z</time><extensions><gpxtpx:TrackPointExtension><gpxtpx:hr>157</gpxtpx:hr></gpxtpx:TrackPointExtension></extensions></trkpt><trkpt lat="60.258922" lon="24.935422"><ele>21.9</ele><time>2026-01-08T08:35:42Z</time></trkpt><trkpt lat="60.258893" lon="24.93538"><ele>21.6</ele><time>2026-01-08T08:35:43Z</time></trkpt><trkpt lat="60.258867" lon="24.93533"><ele>21.3</ele><time>2026-01-08T08:35:44Z</time></trkpt><trkpt lat="60.258842" lon="24.935273"><ele>20.9</ele><time>2026-01-08T08:35:45Z</time></trkpt><trkpt lat="60.25882" lon="24.935222"><ele>21.0</ele><time>2026-01-08T08:35:46Z</time></trkpt><trkpt lat="60.258795" lon="24.935168"><ele>20.9</ele><time>2026-01-08T08:35:47Z</time><extensions><gpxtpx:TrackPointExtension><gpxtpx:hr>157</gpxtpx:hr></gpxtpx:TrackPointExtension></extensions></trkpt><trkpt lat="60.25873" lon="24.93522"><ele>15.7</ele><time>2026-01-08T08:35:48Z</time></trkpt><trkpt lat="60.258742" lon="24.93515"><ele>16.3</ele><time>2026-01-08T08:35:49Z</time></trkpt><trkpt lat="60.258733" lon="24.935098"><ele>16.8</ele><time>2026-01-08T08:35:50Z</time></trkpt><trkpt lat="60.258732" lon="24.935028"><ele>16.6</ele><time>2026-01-08T08:35:51Z</time></trkpt><trkpt lat="60.258725" lon="24.934958"><ele>16.5</ele><time>2026-01-08T08:35:52Z</time></trkpt><trkpt lat="60.25877" lon="24.934855"><ele>15.4</ele><time>2026-01-08T08:35:53Z</time><extensions><gpxtpx:TrackPointExtension><gpxtpx:hr>157</gpxtpx:hr></gpxtpx:TrackPointExtension></extensions></trkpt><trkpt lat="60.258748" lon="24.93486"><ele>17.4</ele><time>2026-01-08T08:35:54Z</time></trkpt><trkpt lat="60.25875" lon="24.934793"><ele>17.7</ele><time>2026-01-08T08:35:55Z</time></trkpt><trkpt lat="60.258753" lon="24.934727"><ele>17.9</ele><time>2026-01-08T08:35:56Z</time></trkpt><trkpt lat="60.258753" lon="24.934658"><ele>16.8</ele><time>2026-01-08T08:35:57Z</time></trkpt><trkpt lat="60.258808" lon="24.934552"><ele>17.4</ele><time>2026-01-08T08:35:58Z</time><extensions><gpxtpx:TrackPointExtension><gpxtpx:hr>155</gpxtpx:hr></gpxtpx:TrackPointExtension></extensions></trkpt><trkpt lat="60.258815" lon="24.93442"><ele>22.1</ele><time>2026-01-08T08:35:59Z</time></trkpt><trkpt lat="60.258795" lon="24.934433"><ele>17.5</ele><time>2026-01-08T08:36:00Z</time></trkpt><trkpt lat="60.258837" lon="24.934302"><ele>22.6</ele><time>2026-01-08T08:36:01Z</time></trkpt><trkpt lat="60.258832" lon="24.9343"><ele>17.9</ele><time>2026-01-08T08:36:02Z</time></trkpt><trkpt lat="60.25886" lon="24.934172"><ele>22.2</ele><time>2026-01-08T08:36:03Z</time></trkpt><trkpt lat="60.25887" lon="24.934117"><ele>22.7</ele><time>2026-01-08T08:36:04Z</time><extensions><gpxtpx:TrackPointExtension><gpxtpx:hr>156</gpxtpx:hr></gpxtpx:TrackPointExtension></extensions></trkpt><trkpt lat="60.258897" lon="24.934138"><ele>19.1</ele><time>2026-01-08T08:36:05Z</time></trkpt><trkpt lat="60.258895" lon="24.933987"><ele>22.8</ele><time>2026-01-08T08:36:06Z</time><extensions><gpxtpx:TrackPointExtension><gpxtpx:hr>158</gpxtpx:hr></gpxtpx:TrackPointExtension></extensions></trkpt><trkpt lat="60.258913" lon="24.933922"><ele>22.5</ele><time>2026-01-08T08:36:07Z</time></trkpt><trkpt lat="60.258932" lon="24.933857"><ele>23.2</ele><time>2026-01-08T08:36:08Z</time></trkpt><trkpt lat="60.258943" lon="24.933798"><ele>22.9</ele><time>2026-01-08T08:36:09Z</time></trkpt><trkpt lat="60.258962" lon="24.933735"><ele>23.0</ele><time>2026-01-08T08:36:10Z</time></trkpt><trkpt lat="60.258973" lon="24.933673"><ele>23.2</ele><time>2026-01-08T08:36:11Z</time></trkpt><trkpt lat="60.258985" lon="24.933615"><ele>22.5</ele><time>2026-01-08T08:36:12Z</time></trkpt><trkpt lat="60.258998" lon="24.933565"><ele>22.6</ele><time>2026-01-08T08:36:13Z</time></trkpt><trkpt lat="60.259012" lon="24.933512"><ele>21.9</ele><time>2026-01-08T08:36:14Z</time></trkpt><trkpt lat="60.258998" lon="24.933488"><ele>17.9</ele><time>2026-01-08T08:36:15Z</time><extensions><gpxtpx:TrackPointExtension><gpxtpx:hr>158</gpxtpx:hr></gpxtpx:TrackPointExtension></extensions></trkpt><trkpt lat="60.259015" lon="24.93342"><ele>16.0</ele><time>2026-01-08T08:36:16Z</time></trkpt><trkpt lat="60.259008" lon="24.93336"><ele>15.2</ele><time>2026-01-08T08:36:17Z</time></trkpt><trkpt lat="60.258978" lon="24.933303"><ele>15.9</ele><time>2026-01-08T08:36:18Z</time></trkpt><trkpt lat="60.258963" lon="24.933265"><ele>15.9</ele><time>2026-01-08T08:36:19Z</time><extensions><gpxtpx:TrackPointExtension><gpxtpx:hr>157</gpxtpx:hr></gpxtpx:TrackPointExtension></extensions></trkpt><trkpt lat="60.258952" lon="24.933218"><ele>17.0</ele><time>2026-01-08T08:36:20Z</time></trkpt><trkpt lat="60.258937" lon="24.933175"><ele>18.0</ele><time>2026-01-08T08:36:21Z</time></trkpt><trkpt lat="60.258875" lon="24.933175"><ele>16.6</ele><time>2026-01-08T08:36:22Z</time><extensions><gpxtpx:TrackPointExtension><gpxtpx:hr>156</gpxtpx:hr></gpxtpx:TrackPointExtension></extensions></trkpt><trkpt lat="60.258818" lon="24.933167"><ele>17.5</ele><time>2026-01-08T08:36:23Z</time></trkpt><trkpt lat="60.258797" lon="24.933132"><ele>16.9</ele><time>2026-01-08T08:36:24Z</time></trkpt><trkpt lat="60.25876" lon="24.933103"><ele>16.1</ele><time>2026-01-08T08:36:25Z</time></trkpt><trkpt lat="60.25872" lon="24.9331"><ele>17.4</ele><time>2026-01-08T08:36:26Z</time></trkpt><trkpt lat="60.258702" lon="24.933037"><ele>16.7</ele><time>2026-01-08T08:36:27Z</time></trkpt><trkpt lat="60.258658" lon="24.933033"><ele>17.8</ele><time>2026-01-08T08:36:28Z</time></trkpt><trkpt lat="60.25867" lon="24.932913"><ele>16.1</ele><time>2026-01-08T08:36:29Z</time></trkpt><trkpt lat="60.258618" lon="24.932935"><ele>17.4</ele><time>2026-01-08T08:36:30Z</time><extensions><gpxtpx:TrackPointExtension><gpxtpx:hr>158</gpxtpx:hr></gpxtpx:TrackPointExtension></extensions></trkpt><trkpt lat="60.258577" lon="24.932915"><ele>17.3</ele><time>2026-01-08T08:36:31Z</time><extensions><gpxtpx:TrackPointExtension><gpxtpx:hr>158</gpxtpx:hr></gpxtpx:TrackPointExtension></extensions></trkpt><trkpt lat="60.25854" lon="24.932907"><ele>18.2</ele><time>2026-01-08T08:36:32Z</time></trkpt><trkpt lat="60.258505" lon="24.93289"><ele>19.4</ele><time>2026-01-08T08:36:33Z</time></trkpt><trkpt lat="60.258468" lon="24.932873"><ele>19.8</ele><time>2026-01-08T08:36:34Z</time></trkpt><trkpt lat="60.25843" lon="24.932847"><ele>19.3</ele><time>2026-01-08T08:36:35Z</time></trkpt><trkpt lat="60.258425" lon="24.932777"><ele>23.5</ele><time>2026-01-08T08:36:36Z</time></trkpt><trkpt lat="60.258375" lon="24.932793"><ele>18.2</ele><time>2026-01-08T08:36:37Z</time></trkpt><trkpt lat="60.258347" lon="24.932753"><ele>18.2</ele><time>2026-01-08T08:36:38Z</time></trkpt><trkpt lat="60.258332" lon="24.932663"><ele>25.1</ele><time>2026-01-08T08:36:39Z</time></trkpt><trkpt lat="60.2583" lon="24.93262"><ele>25.0</ele><time>2026-01-08T08:36:40Z</time><extensions><gpxtpx:TrackPointExtension><gpxtpx:hr>158</gpxtpx:hr></gpxtpx:TrackPointExtension></extensions></trkpt><trkpt lat="60.258273" lon="24.932578"><ele>25.3</ele><time>2026-01-08T08:36:41Z</time></trkpt><trkpt lat="60.258247" lon="24.932535"><ele>25.4</ele><time>2026-01-08T08:36:42Z</time><extensions><gpxtpx:TrackPointExtension><gpxtpx:hr>158</gpxtpx:hr></gpxtpx:TrackPointExtension></extensions></trkpt><trkpt lat="60.258222" lon="24.932498"><ele>25.7</ele><time>2026-01-08T08:36:43Z</time></trkpt><trkpt lat="60.258197" lon="24.932462"><ele>25.1</ele><time>2026-01-08T08:36:44Z</time></trkpt><trkpt lat="60.258168" lon="24.932418"><ele>24.5</ele><time>2026-01-08T08:36:45Z</time></trkpt><trkpt lat="60.25814" lon="24.932417"><ele>19.7</ele><time>2026-01-08T08:36:46Z</time></trkpt><trkpt lat="60.258115" lon="24.932332"><ele>25.0</ele><time>2026-01-08T08:36:47Z</time><extensions><gpxtpx:TrackPointExtension><gpxtpx:hr>159</gpxtpx:hr></gpxtpx:TrackPointExtension></extensions></trkpt><trkpt lat="60.258087" lon="24.93229"><ele>24.8</ele><time>2026-01-08T08:36:48Z</time></trkpt><trkpt lat="60.258055" lon="24.932245"><ele>24.5</ele><time>2026-01-08T08:36:49Z</time></trkpt><trkpt lat="60.258018" lon="24.932253"><ele>19.5</ele><time>2026-01-08T08:36:50Z</time></trkpt><trkpt lat="60.25799" lon="24.932213"><ele>18.9</ele><time>2026-01-08T08:36:51Z</time></trkpt><trkpt lat="60.257963" lon="24.93216"><ele>18.9</ele><time>2026-01-08T08:36:52Z</time><extensions><gpxtpx:TrackPointExtension><gpxtpx:hr>158</gpxtpx:hr></gpxtpx:TrackPointExtension></extensions></trkpt><trkpt lat="60.257952" lon="24.932143"><ele>19.3</ele><time>2026-01-08T08:36:53Z</time></trkpt><trkpt lat="60.257932" lon="24.932078"><ele>23.4</ele><time>2026-01-08T08:36:54Z</time></trkpt><trkpt lat="60.257913" lon="24.93204"><ele>18.7</ele><time>2026-01-08T08:36:55Z</time></trkpt><trkpt lat="60.257898" lon="24.931987"><ele>18.5</ele><time>2026-01-08T08:36:56Z</time><extensions><gpxtpx:TrackPointExtension><gpxtpx:hr>151</gpxtpx:hr></gpxtpx:TrackPointExtension></extensions></trkpt><trkpt lat="60.257855" lon="24.931962"><ele>18.1</ele><time>2026-01-08T08:36:57Z</time></trkpt><trkpt lat="60.257837" lon="24.931893"><ele>18.5</ele><time>2026-01-08T08:36:58Z</time></trkpt><trkpt lat="60.25782" lon="24.931853"><ele>16.9</ele><time>2026-01-08T08:36:59Z</time></trkpt><trkpt lat="60.25779" lon="24.931828"><ele>17.7</ele><time>2026-01-08T08:37:00Z</time></trkpt><trkpt lat="60.257768" lon="24.931793"><ele>19.0</ele><time>2026-01-08T08:37:01Z</time></trkpt><trkpt lat="60.257748" lon="24.931743"><ele>19.2</ele><time>2026-01-08T08:37:02Z</time></trkpt><trkpt lat="60.257728" lon="24.93172"><ele>19.7</ele><time>2026-01-08T08:37:03Z</time><extensions><gpxtpx:TrackPointExtension><gpxtpx:hr>151</gpxtpx:hr></gpxtpx:TrackPointExtension></extensions></trkpt><trkpt lat="60.257703" lon="24.931697"><ele>19.6</ele><time>2026-01-08T08:37:04Z</time></trkpt><trkpt lat="60.25768" lon="24.9316"><ele>20.1</ele><time>2026-01-08T08:37:05Z</time></trkpt><trkpt lat="60.257667" lon="24.931545"><ele>20.7</ele><time>2026-01-08T08:37:06Z</time></trkpt><trkpt lat="60.257647" lon="24.931478"><ele>19.9</ele><time>2026-01-08T08:37:07Z</time><extensions><gpxtpx:TrackPointExtension><gpxtpx:hr>153</gpxtpx:hr></gpxtpx:TrackPointExtension></extensions></trkpt><trkpt lat="60.257627" lon="24.931417"><ele>20.2</ele><time>2026-01-08T08:37:08Z</time></trkpt><trkpt lat="60.257615" lon="24.931338"><ele>20.3</ele><time>2026-01-08T08:37:09Z</time></trkpt><trkpt lat="60.2576" lon="24.931292"><ele>19.8</ele><time>2026-01-08T08:37:10Z</time></trkpt><trkpt lat="60.257582" lon="24.931243"><ele>19.8</ele><time>2026-01-08T08:37:11Z</time></trkpt><trkpt lat="60.257567" lon="24.931168"><ele>21.0</ele><time>2026-01-08T08:37:12Z</time></trkpt><trkpt lat="60.257552" lon="24.931095"><ele>21.1</ele><time>2026-01-08T08:37:13Z</time></trkpt><trkpt lat="60.257542" lon="24.931017"><ele>21.1</ele><time>2026-01-08T08:37:14Z</time></trkpt><trkpt lat="60.257508" lon="24.931008"><ele>18.7</ele><time>2026-01-08T08:37:15Z</time></trkpt><trkpt lat="60.25747" lon="24.93093"><ele>19.1</ele><time>2026-01-08T08:37:16Z</time></trkpt><trkpt lat="60.257462" lon="24.930843"><ele>19.5</ele><time>2026-01-08T08:37:17Z</time></trkpt><trkpt lat="60.257437" lon="24.93079"><ele>19.2</ele><time>2026-01-08T08:37:18Z</time><extensions><gpxtpx:TrackPointExtension><gpxtpx:hr>150</gpxtpx:hr></gpxtpx:TrackPointExtension></extensions></trkpt><trkpt lat="60.257415" lon="24.930728"><ele>19.2</ele><time>2026-01-08T08:37:19Z</time></trkpt><trkpt lat="60.257393" lon="24.930677"><ele>19.0</ele><time>2026-01-08T08:37:20Z</time></trkpt><trkpt lat="60.257373" lon="24.930592"><ele>24.8</ele><time>2026-01-08T08:37:21Z</time></trkpt><trkpt lat="60.257343" lon="24.93058"><ele>20.3</ele><time>2026-01-08T08:37:22Z</time></trkpt><trkpt lat="60.257332" lon="24.930507"><ele>19.7</ele><time>2026-01-08T08:37:23Z</time></trkpt><trkpt lat="60.257315" lon="24.930438"><ele>19.9</ele><time>2026-01-08T08:37:24Z</time></trkpt><trkpt lat="60.257295" lon="24.930393"><ele>18.5</ele><time>2026-01-08T08:37:25Z</time></trkpt><trkpt lat="60.257267" lon="24.93034"><ele>18.0</ele><time>2026-01-08T08:37:26Z</time></trkpt><trkpt lat="60.257252" lon="24.930268"><ele>19.2</ele><time>2026-01-08T08:37:27Z</time></trkpt><trkpt lat="60.257245" lon="24.930192"><ele>18.1</ele><time>2026-01-08T08:37:28Z</time></trkpt><trkpt lat="60.257217" lon="24.930158"><ele>18.1</ele><time>2026-01-08T08:37:29Z</time></trkpt><trkpt lat="60.257197" lon="24.930115"><ele>19.3</ele><time>2026-01-08T08:37:30Z</time></trkpt><trkpt lat="60.257193" lon="24.930037"><ele>18.3</ele><time>2026-01-08T08:37:31Z</time></trkpt><trkpt lat="60.257163" lon="24.929988"><ele>18.7</ele><time>2026-01-08T08:37:32Z</time></trkpt><trkpt lat="60.25715" lon="24.929933"><ele>18.7</ele><time>2026-01-08T08:37:33Z</time></trkpt><trkpt lat="60.257135" lon="24.929877"><ele>19.4</ele><time>2026-01-08T08:37:34Z</time></trkpt><trkpt lat="60.25713" lon="24.929823"><ele>19.5</ele><time>2026-01-08T08:37:35Z</time><extensions><gpxtpx:TrackPointExtension><gpxtpx:hr>151</gpxtpx:hr></gpxtpx:TrackPointExtension></extensions></trkpt><trkpt lat="60.257113" lon="24.929748"><ele>24.8</ele><time>2026-01-08T08:37:36Z</time></trkpt><trkpt lat="60.257093" lon="24.929708"><ele>21.8</ele><time>2026-01-08T08:37:37Z</time><extensions><gpxtpx:TrackPointExtension><gpxtpx:hr>151</gpxtpx:hr></gpxtpx:TrackPointExtension></extensions></trkpt><trkpt lat="60.257082" lon="24.929645"><ele>21.0</ele><time>2026-01-08T08:37:38Z</time></trkpt><trkpt lat="60.257078" lon="24.929508"><ele>19.3</ele><time>2026-01-08T08:37:39Z</time></trkpt><trkpt lat="60.257063" lon="24.929493"><ele>19.0</ele><time>2026-01-08T08:37:40Z</time></trkpt><trkpt lat="60.25704" lon="24.929457"><ele>18.0</ele><time>2026-01-08T08:37:41Z</time></trkpt><trkpt lat="60.257028" lon="24.929383"><ele>22.2</ele><time>2026-01-08T08:37:42Z</time></trkpt><trkpt lat="60.257017" lon="24.929333"><ele>16.5</ele><time>2026-01-08T08:37:43Z</time></trkpt><trkpt lat="60.257" lon="24.929277"><ele>15.9</ele><time>2026-01-08T08:37:44Z</time></trkpt><trkpt lat="60.256973" lon="24.929273"><ele>18.1</ele><time>2026-01-08T08:37:45Z</time></trkpt><trkpt lat="60.256965" lon="24.929188"><ele>15.6</ele><time>2026-01-08T08:37:46Z</time></trkpt><trkpt lat="60.256948" lon="24.929132"><ele>16.6</ele><time>2026-01-08T08:37:47Z</time></trkpt><trkpt lat="60.256957" lon="24.92909"><ele>17.3</ele><time>2026-01-08T08:37:48Z</time></trkpt><trkpt lat="60.256967" lon="24.92903"><ele>23.6</ele><time>2026-01-08T08:37:49Z</time></trkpt><trkpt lat="60.256983" lon="24.929035"><ele>18.0</ele><time>2026-01-08T08:37:50Z</time></trkpt><trkpt lat="60.257002" lon="24.929027"><ele>17.5</ele><time>2026-01-08T08:37:51Z</time></trkpt><trkpt lat="60.257035" lon="24.928965"><ele>19.5</ele><time>2026-01-08T08:37:52Z</time></trkpt><trkpt lat="60.257053" lon="24.928957"><ele>19.4</ele><time>2026-01-08T08:37:53Z</time><extensions><gpxtpx:TrackPointExtension><gpxtpx:hr>154</gpxtpx:hr></gpxtpx:TrackPointExtension></extensions></trkpt><trkpt lat="60.257088" lon="24.928945"><ele>19.9</ele><time>2026-01-08T08:37:54Z</time></trkpt><trkpt lat="60.257107" lon="24.92891"><ele>19.6</ele><time>2026-01-08T08:37:55Z</time></trkpt><trkpt lat="60.257152" lon="24.928902"><ele>20.8</ele><time>2026-01-08T08:37:56Z</time></trkpt><trkpt lat="60.257187" lon="24.928897"><ele>20.2</ele><time>2026-01-08T08:37:57Z</time></trkpt><trkpt lat="60.257207" lon="24.928865"><ele>20.1</ele><time>2026-01-08T08:37:58Z</time></trkpt><trkpt lat="60.257228" lon="24.92881"><ele>20.0</ele><time>2026-01-08T08:37:59Z</time><extensions><gpxtpx:TrackPointExtension><gpxtpx:hr>156</gpxtpx:hr></gpxtpx:TrackPointExtension></extensions></trkpt><trkpt lat="60.257255" lon="24.928817"><ele>18.5</ele><time>2026-01-08T08:38:00Z</time></trkpt><trkpt lat="60.257273" lon="24.928737"><ele>23.2</ele><time>2026-01-08T08:38:01Z</time></trkpt><trkpt lat="60.257302" lon="24.928735"><ele>19.9</ele><time>2026-01-08T08:38:02Z</time></trkpt><trkpt lat="60.257322" lon="24.928758"><ele>20.6</ele><time>2026-01-08T08:38:03Z</time></trkpt><trkpt lat="60.257368" lon="24.928682"><ele>21.4</ele><time>2026-01-08T08:38:04Z</time></trkpt><trkpt lat="60.257387" lon="24.92867"><ele>22.6</ele><time>2026-01-08T08:38:05Z</time><extensions><gpxtpx:TrackPointExtension><gpxtpx:hr>156</gpxtpx:hr></gpxtpx:TrackPointExtension></extensions></trkpt><trkpt lat="60.257408" lon="24.92864"><ele>23.7</ele><time>2026-01-08T08:38:06Z</time></trkpt><trkpt lat="60.257427" lon="24.928595"><ele>24.0</ele><time>2026-01-08T08:38:07Z</time><extensions><gpxtpx:TrackPointExtension><gpxtpx:hr>156</gpxtpx:hr></gpxtpx:TrackPointExtension></extensions></trkpt><trkpt lat="60.257453" lon="24.928542"><ele>24.1</ele><time>2026-01-08T08:38:08Z</time></trkpt><trkpt lat="60.257478" lon="24.928482"><ele>23.2</ele><time>2026-01-08T08:38:09Z</time></trkpt><trkpt lat="60.257487" lon="24.92845"><ele>23.1</ele><time>2026-01-08T08:38:10Z</time></trkpt><trkpt lat="60.257498" lon="24.928375"><ele>22.7</ele><time>2026-01-08T08:38:11Z</time><extensions><gpxtpx:TrackPointExtension><gpxtpx:hr>156</gpxtpx:hr></gpxtpx:TrackPointExtension></extensions></trkpt><trkpt lat="60.257502" lon="24.92829"><ele>22.0</ele><time>2026-01-08T08:38:12Z</time></trkpt><trkpt lat="60.257508" lon="24.928225"><ele>23.2</ele><time>2026-01-08T08:38:13Z</time></trkpt><trkpt lat="60.25747" lon="24.928155"><ele>22.4</ele><time>2026-01-08T08:38:14Z</time></trkpt><trkpt lat="60.257447" lon="24.928123"><ele>21.9</ele><time>2026-01-08T08:38:15Z</time></trkpt><trkpt lat="60.25742" lon="24.928078"><ele>21.4</ele><time>2026-01-08T08:38:16Z</time></trkpt><trkpt lat="60.257387" lon="24.928028"><ele>20.7</ele><time>2026-01-08T08:38:17Z</time></trkpt><trkpt lat="60.25735" lon="24.927988"><ele>20.1</ele><time>2026-01-08T08:38:18Z</time><extensions><gpxtpx:TrackPointExtension><gpxtpx:hr>155</gpxtpx:hr></gpxtpx:TrackPointExtension></extensions></trkpt><trkpt lat="60.257322" lon="24.927972"><ele>20.8</ele><time>2026-01-08T08:38:19Z</time></trkpt><trkpt lat="60.257287" lon="24.927928"><ele>19.8</ele><time>2026-01-08T08:38:20Z</time></trkpt><trkpt lat="60.257258" lon="24.927858"><ele>26.2</ele><time>2026-01-08T08:38:21Z</time><extensions><gpxtpx:TrackPointExtension><gpxtpx:hr>153</gpxtpx:hr></gpxtpx:TrackPointExtension></extensions></trkpt><trkpt lat="60.257233" lon="24.92782"><ele>26.5</ele><time>2026-01-08T08:38:22Z</time></trkpt><trkpt lat="60.257212" lon="24.927798"><ele>21.7</ele><time>2026-01-08T08:38:23Z</time></trkpt><trkpt lat="60.25715" lon="24.927773"><ele>20.4</ele><time>2026-01-08T08:38:24Z</time></trkpt><trkpt lat="60.257155" lon="24.927687"><ele>21.7</ele><time>2026-01-08T08:38:25Z</time></trkpt><trkpt lat="60.257142" lon="24.92759"><ele>26.7</ele><time>2026-01-08T08:38:26Z</time></trkpt><trkpt lat="60.257125" lon="24.927557"><ele>20.1</ele><time>2026-01-08T08:38:27Z</time></trkpt><trkpt lat="60.257132" lon="24.927463"><ele>22.3</ele><time>2026-01-08T08:38:28Z</time></trkpt><trkpt lat="60.257087" lon="24.927423"><ele>19.9</ele><time>2026-01-08T08:38:29Z</time></trkpt><trkpt lat="60.257102" lon="24.92731"><ele>21.5</ele><time>2026-01-08T08:38:30Z</time><extensions><gpxtpx:TrackPointExtension><gpxtpx:hr>152</gpxtpx:hr></gpxtpx:TrackPointExtension></extensions></trkpt><trkpt lat="60.257058" lon="24.927305"><ele>20.3</ele><time>2026-01-08T08:38:31Z</time></trkpt><trkpt lat="60.257073" lon="24.927217"><ele>27.1</ele><time>2026-01-08T08:38:32Z</time></trkpt><trkpt lat="60.257082" lon="24.927152"><ele>22.9</ele><time>2026-01-08T08:38:33Z</time></trkpt><trkpt lat="60.257067" lon="24.927093"><ele>22.5</ele><time>2026-01-08T08:38:34Z</time></trkpt><trkpt lat="60.257062" lon="24.927023"><ele>26.4</ele><time>2026-01-08T08:38:35Z</time><extensions><gpxtpx:TrackPointExtension><gpxtpx:hr>151</gpxtpx:hr></gpxtpx:TrackPointExtension></extensions></trkpt><trkpt lat="60.257063" lon="24.92695"><ele>26.9</ele><time>2026-01-08T08:38:36Z</time><extensions><gpxtpx:TrackPointExtension><gpxtpx:hr>151</gpxtpx:hr></gpxtpx:TrackPointExtension></extensions></trkpt><trkpt lat="60.257063" lon="24.926882"><ele>26.4</ele><time>2026-01-08T08:38:37Z</time></trkpt><trkpt lat="60.257053" lon="24.92683"><ele>22.2</ele><time>2026-01-08T08:38:38Z</time></trkpt><trkpt lat="60.257052" lon="24.926763"><ele>22.0</ele><time>2026-01-08T08:38:39Z</time></trkpt><trkpt lat="60.25705" lon="24.926695"><ele>21.9</ele><time>2026-01-08T08:38:40Z</time></trkpt><trkpt lat="60.257093" lon="24.926602"><ele>20.0</ele><time>2026-01-08T08:38:41Z</time></trkpt><trkpt lat="60.25712" lon="24.925743"><ele>20.7</ele><time>2026-01-08T08:38:54Z</time><extensions><gpxtpx:TrackPointExtension><gpxtpx:hr>151</gpxtpx:hr></gpxtpx:TrackPointExtension></extensions></trkpt><trkpt lat="60.25712" lon="24.925743"><ele>20.7</ele><time>2026-01-08T08:38:50Z</time><extensions><gpxtpx:TrackPointExtension><gpxtpx:hr>151</gpxtpx:hr></gpxtpx:TrackPointExtension></extensions></trkpt><trkpt lat="60.257122" lon="24.925672"><ele>19.9</ele><time>2026-01-08T08:38:55Z</time><extensions><gpxtpx:TrackPointExtension><gpxtpx:hr>152</gpxtpx:hr></gpxtpx:TrackPointExtension></extensions></trkpt><trkpt lat="60.257127" lon="24.925603"><ele>20.3</ele><time>2026-01-08T08:38:56Z</time><extensions><gpxtpx:TrackPointExtension><gpxtpx:hr>151</gpxtpx:hr></gpxtpx:TrackPointExtension></extensions></trkpt><trkpt lat="60.257117" lon="24.925532"><ele>21.3</ele><time>2026-01-08T08:38:57Z</time></trkpt><trkpt lat="60.25713" lon="24.925463"><ele>22.5</ele><time>2026-01-08T08:38:58Z</time></trkpt><trkpt lat="60.257133" lon="24.925387"><ele>21.5</ele><time>2026-01-08T08:38:59Z</time></trkpt><trkpt lat="60.25715" lon="24.925345"><ele>22.9</ele><time>2026-01-08T08:39:00Z</time></trkpt><trkpt lat="60.257155" lon="24.925267"><ele>22.8</ele><time>2026-01-08T08:39:01Z</time></trkpt><trkpt lat="60.257167" lon="24.925207"><ele>23.7</ele><time>2026-01-08T08:39:02Z</time></trkpt><trkpt lat="60.25717" lon="24.925108"><ele>27.2</ele><time>2026-01-08T08:39:03Z</time><extensions><gpxtpx:TrackPointExtension><gpxtpx:hr>151</gpxtpx:hr></gpxtpx:TrackPointExtension></extensions></trkpt><trkpt lat="60.257175" lon="24.92507"><ele>21.5</ele><time>2026-01-08T08:39:04Z</time></trkpt><trkpt lat="60.257195" lon="24.924963"><ele>27.0</ele><time>2026-01-08T08:39:05Z</time></trkpt><trkpt lat="60.257187" lon="24.924935"><ele>20.4</ele><time>2026-01-08T08:39:06Z</time></trkpt><trkpt lat="60.257217" lon="24.924877"><ele>24.0</ele><time>2026-01-08T08:39:07Z</time><extensions><gpxtpx:TrackPointExtension><gpxtpx:hr>151</gpxtpx:hr></gpxtpx:TrackPointExtension></extensions></trkpt><trkpt lat="60.25722" lon="24.924798"><ele>24.7</ele><time>2026-01-08T08:39:08Z</time></trkpt><trkpt lat="60.257222" lon="24.924732"><ele>23.8</ele><time>2026-01-08T08:39:09Z</time></trkpt><trkpt lat="60.257225" lon="24.924657"><ele>24.1</ele><time>2026-01-08T08:39:10Z</time></trkpt><trkpt lat="60.257232" lon="24.92458"><ele>23.9</ele><time>2026-01-08T08:39:11Z</time><extensions><gpxtpx:TrackPointExtension><gpxtpx:hr>152</gpxtpx:hr></gpxtpx:TrackPointExtension></extensions></trkpt><trkpt lat="60.257233" lon="24.924463"><ele>26.3</ele><time>2026-01-08T08:39:12Z</time></trkpt><trkpt lat="60.257245" lon="24.924402"><ele>24.2</ele><time>2026-01-08T08:39:13Z</time></trkpt><trkpt lat="60.257222" lon="24.924362"><ele>22.4</ele><time>2026-01-08T08:39:14Z</time></trkpt><trkpt lat="60.257205" lon="24.924278"><ele>22.0</ele><time>2026-01-08T08:39:15Z</time></trkpt><trkpt lat="60.257205" lon="24.924225"><ele>22.2</ele><time>2026-01-08T08:39:16Z</time></trkpt><trkpt lat="60.257188" lon="24.924145"><ele>22.4</ele><time>2026-01-08T08:39:17Z</time></trkpt><trkpt lat="60.257173" lon="24.924075"><ele>22.0</ele><time>2026-01-08T08:39:18Z</time><extensions><gpxtpx:TrackPointExtension><gpxtpx:hr>153</gpxtpx:hr></gpxtpx:TrackPointExtension></extensions></trkpt><trkpt lat="60.257152" lon="24.924015"><ele>21.7</ele><time>2026-01-08T08:39:19Z</time></trkpt><trkpt lat="60.25712" lon="24.92397"><ele>21.7</ele><time>2026-01-08T08:39:20Z</time></trkpt><trkpt lat="60.257095" lon="24.923917"><ele>21.2</ele><time>2026-01-08T08:39:21Z</time></trkpt><trkpt lat="60.25707" lon="24.923863"><ele>20.0</ele><time>2026-01-08T08:39:22Z</time></trkpt><trkpt lat="60.25705" lon="24.923802"><ele>19.1</ele><time>2026-01-08T08:39:23Z</time></trkpt><trkpt lat="60.257022" lon="24.92374"><ele>20.2</ele><time>2026-01-08T08:39:24Z</time></trkpt><trkpt lat="60.257012" lon="24.923665"><ele>19.8</ele><time>2026-01-08T08:39:25Z</time><extensions><gpxtpx:TrackPointExtension><gpxtpx:hr>153</gpxtpx:hr></gpxtpx:TrackPointExtension></extensions></trkpt><trkpt lat="60.256993" lon="24.92361"><ele>20.2</ele><time>2026-01-08T08:39:26Z</time></trkpt><trkpt lat="60.256965" lon="24.92355"><ele>19.9</ele><time>2026-01-08T08:39:27Z</time></trkpt><trkpt lat="60.256948" lon="24.923487"><ele>20.0</ele><time>2026-01-08T08:39:28Z</time></trkpt><trkpt lat="60.256928" lon="24.923423"><ele>19.8</ele><time>2026-01-08T08:39:29Z</time><extensions><gpxtpx:TrackPointExtension><gpxtpx:hr>152</gpxtpx:hr></gpxtpx:TrackPointExtension></extensions></trkpt><trkpt lat="60.256918" lon="24.923342"><ele>19.9</ele><time>2026-01-08T08:39:30Z</time></trkpt><trkpt lat="60.256917" lon="24.92326"><ele>20.3</ele><time>2026-01-08T08:39:31Z</time><extensions><gpxtpx:TrackPointExtension><gpxtpx:hr>156</gpxtpx:hr></gpxtpx:TrackPointExtension></extensions></trkpt><trkpt lat="60.256908" lon="24.923195"><ele>19.2</ele><time>2026-01-08T08:39:32Z</time></trkpt><trkpt lat="60.256905" lon="24.92313"><ele>20.2</ele><time>2026-01-08T08:39:33Z</time></trkpt><trkpt lat="60.256903" lon="24.923057"><ele>20.5</ele><time>2026-01-08T08:39:34Z</time></trkpt><trkpt lat="60.256902" lon="24.922967"><ele>23.2</ele><time>2026-01-08T08:39:35Z</time></trkpt><trkpt lat="60.256918" lon="24.922932"><ele>20.5</ele><time>2026-01-08T08:39:36Z</time><extensions><gpxtpx:TrackPointExtension><gpxtpx:hr>156</gpxtpx:hr></gpxtpx:TrackPointExtension></extensions></trkpt><trkpt lat="60.256927" lon="24.922842"><ele>19.5</ele><time>2026-01-08T08:39:37Z</time></trkpt><trkpt lat="60.256937" lon="24.922755"><ele>20.8</ele><time>2026-01-08T08:39:38Z</time></trkpt><trkpt lat="60.256947" lon="24.92269"><ele>21.9</ele><time>2026-01-08T08:39:39Z</time></trkpt><trkpt lat="60.25695" lon="24.922602"><ele>22.5</ele><time>2026-01-08T08:39:40Z</time></trkpt><trkpt lat="60.256958" lon="24.92253"><ele>22.1</ele><time>2026-01-08T08:39:41Z</time><extensions><gpxtpx:TrackPointExtension><gpxtpx:hr>155</gpxtpx:hr></gpxtpx:TrackPointExtension></extensions></trkpt><trkpt lat="60.256977" lon="24.922492"><ele>22.2</ele><time>2026-01-08T08:39:42Z</time></trkpt><trkpt lat="60.256978" lon="24.922402"><ele>22.9</ele><time>2026-01-08T08:39:43Z</time></trkpt><trkpt lat="60.256995" lon="24.922325"><ele>23.0</ele><time>2026-01-08T08:39:44Z</time></trkpt><trkpt lat="60.257005" lon="24.922237"><ele>21.8</ele><time>2026-01-08T08:39:45Z</time></trkpt><trkpt lat="60.257003" lon="24.922165"><ele>23.2</ele><time>2026-01-08T08:39:46Z</time></trkpt><trkpt lat="60.257015" lon="24.922097"><ele>22.4</ele><time>2026-01-08T08:39:47Z</time></trkpt><trkpt lat="60.257017" lon="24.922022"><ele>22.1</ele><time>2026-01-08T08:39:48Z</time><extensions><gpxtpx:TrackPointExtension><gpxtpx:hr>158</gpxtpx:hr></gpxtpx:TrackPointExtension></extensions></trkpt><trkpt lat="60.25701" lon="24.921963"><ele>21.7</ele><time>2026-01-08T08:39:49Z</time></trkpt><trkpt lat="60.256992" lon="24.921882"><ele>21.1</ele><time>2026-01-08T08:39:50Z</time></trkpt><trkpt lat="60.25698" lon="24.921783"><ele>22.1</ele><time>2026-01-08T08:39:51Z</time></trkpt><trkpt lat="60.256965" lon="24.921735"><ele>22.2</ele><time>2026-01-08T08:39:52Z</time></trkpt><trkpt lat="60.256967" lon="24.921663"><ele>21.4</ele><time>2026-01-08T08:39:53Z</time></trkpt><trkpt lat="60.256957" lon="24.92159"><ele>21.1</ele><time>2026-01-08T08:39:54Z</time></trkpt><trkpt lat="60.256942" lon="24.921527"><ele>19.8</ele><time>2026-01-08T08:39:55Z</time><extensions><gpxtpx:TrackPointExtension><gpxtpx:hr>158</gpxtpx:hr></gpxtpx:TrackPointExtension></extensions></trkpt><trkpt lat="60.256928" lon="24.921452"><ele>19.3</ele><time>2026-01-08T08:39:56Z</time></trkpt><trkpt lat="60.256905" lon="24.921378"><ele>17.6</ele><time>2026-01-08T08:39:57Z</time><extensions><gpxtpx:TrackPointExtension><gpxtpx:hr>157</gpxtpx:hr></gpxtpx:TrackPointExtension></extensions></trkpt><trkpt lat="60.256902" lon="24.921302"><ele>16.4</ele><time>2026-01-08T08:39:58Z</time></trkpt><trkpt lat="60.256885" lon="24.921247"><ele>18.0</ele><time>2026-01-08T08:39:59Z</time></trkpt><trkpt lat="60.256873" lon="24.921193"><ele>17.4</ele><time>2026-01-08T08:40:00Z</time></trkpt><trkpt lat="60.256878" lon="24.9211"><ele>18.2</ele><time>2026-01-08T08:40:01Z</time><extensions><gpxtpx:TrackPointExtension><gpxtpx:hr>156</gpxtpx:hr></gpxtpx:TrackPointExtension></extensions></trkpt><trkpt lat="60.256875" lon="24.92105"><ele>17.5</ele><time>2026-01-08T08:40:02Z</time></trkpt><trkpt lat="60.256878" lon="24.920965"><ele>17.8</ele><time>2026-01-08T08:40:03Z</time></trkpt><trkpt lat="60.256873" lon="24.920888"><ele>19.0</ele><time>2026-01-08T08:40:04Z</time></trkpt><trkpt lat="60.256872" lon="24.920825"><ele>20.1</ele><time>2026-01-08T08:40:05Z</time></trkpt><trkpt lat="60.256852" lon="24.920762"><ele>19.6</ele><time>2026-01-08T08:40:06Z</time></trkpt><trkpt lat="60.256862" lon="24.920693"><ele>26.9</ele><time>2026-01-08T08:40:07Z</time></trkpt><trkpt lat="60.25685" lon="24.920647"><ele>21.7</ele><time>2026-01-08T08:40:08Z</time></trkpt><trkpt lat="60.256852" lon="24.920557"><ele>26.7</ele><time>2026-01-08T08:40:09Z</time></trkpt><trkpt lat="60.256843" lon="24.920493"><ele>26.2</ele><time>2026-01-08T08:40:10Z</time><extensions><gpxtpx:TrackPointExtension><gpxtpx:hr>154</gpxtpx:hr></gpxtpx:TrackPointExtension></extensions></trkpt><trkpt lat="60.256847" lon="24.92039"><ele>19.4</ele><time>2026-01-08T08:40:11Z</time><extensions><gpxtpx:TrackPointExtension><gpxtpx:hr>152</gpxtpx:hr></gpxtpx:TrackPointExtension></extensions></trkpt><trkpt lat="60.256822" lon="24.920337"><ele>19.8</ele><time>2026-01-08T08:40:12Z</time></trkpt><trkpt lat="60.256792" lon="24.920302"><ele>20.3</ele><time>2026-01-08T08:40:13Z</time></trkpt><trkpt lat="60.256782" lon="24.920245"><ele>19.9</ele><time>2026-01-08T08:40:14Z</time></trkpt><trkpt lat="60.256755" lon="24.920208"><ele>19.5</ele><time>2026-01-08T08:40:15Z</time></trkpt><trkpt lat="60.256732" lon="24.920168"><ele>20.2</ele><time>2026-01-08T08:40:16Z</time></trkpt><trkpt lat="60.256705" lon="24.920125"><ele>20.0</ele><time>2026-01-08T08:40:17Z</time><extensions><gpxtpx:TrackPointExtension><gpxtpx:hr>151</gpxtpx:hr></gpxtpx:TrackPointExtension></extensions></trkpt><trkpt lat="60.256682" lon="24.920072"><ele>19.9</ele><time>2026-01-08T08:40:18Z</time></trkpt><trkpt lat="60.25667" lon="24.920033"><ele>19.8</ele><time>2026-01-08T08:40:19Z</time></trkpt><trkpt lat="60.256642" lon="24.920013"><ele>20.5</ele><time>2026-01-08T08:40:20Z</time></trkpt><trkpt lat="60.256625" lon="24.919942"><ele>20.3</ele><time>2026-01-08T08:40:21Z</time></trkpt><trkpt lat="60.2566" lon="24.919907"><ele>20.7</ele><time>2026-01-08T08:40:22Z</time></trkpt><trkpt lat="60.256578" lon="24.91988"><ele>20.8</ele><time>2026-01-08T08:40:23Z</time></trkpt><trkpt lat="60.256563" lon="24.91983"><ele>21.3</ele><time>2026-01-08T08:40:24Z</time></trkpt><trkpt lat="60.256548" lon="24.919768"><ele>20.8</ele><time>2026-01-08T08:40:25Z</time></trkpt><trkpt lat="60.256548" lon="24.919722"><ele>27.5</ele><time>2026-01-08T08:40:26Z</time></trkpt><trkpt lat="60.256562" lon="24.919657"><ele>21.2</ele><time>2026-01-08T08:40:27Z</time></trkpt><trkpt lat="60.256575" lon="24.919603"><ele>21.1</ele><time>2026-01-08T08:40:28Z</time></trkpt><trkpt lat="60.256503" lon="24.919577"><ele>22.7</ele><time>2026-01-08T08:40:29Z</time><extensions><gpxtpx:TrackPointExtension><gpxtpx:hr>160</gpxtpx:hr></gpxtpx:TrackPointExtension></extensions></trkpt><trkpt lat="60.256572" lon="24.919502"><ele>22.8</ele><time>2026-01-08T08:40:30Z</time></trkpt><trkpt lat="60.256587" lon="24.919438"><ele>22.7</ele><time>2026-01-08T08:40:31Z</time></trkpt><trkpt lat="60.256605" lon="24.919417"><ele>22.8</ele><time>2026-01-08T08:40:32Z</time></trkpt><trkpt lat="60.25663" lon="24.919388"><ele>23.1</ele><time>2026-01-08T08:40:33Z</time></trkpt><trkpt lat="60.256653" lon="24.91934"><ele>22.2</ele><time>2026-01-08T08:40:34Z</time></trkpt><trkpt lat="60.256662" lon="24.919305"><ele>21.8</ele><time>2026-01-08T08:40:35Z</time><extensions><gpxtpx:TrackPointExtension><gpxtpx:hr>153</gpxtpx:hr></gpxtpx:TrackPointExtension></extensions></trkpt><trkpt lat="60.256677" lon="24.919242"><ele>24.6</ele><time>2026-01-08T08:40:36Z</time></trkpt><trkpt lat="60.256683" lon="24.91921"><ele>22.6</ele><time>2026-01-08T08:40:37Z</time></trkpt><trkpt lat="60.256658" lon="24.919118"><ele>22.0</ele><time>2026-01-08T08:40:38Z</time></trkpt><trkpt lat="60.256728" lon="24.919135"><ele>23.0</ele><time>2026-01-08T08:40:39Z</time></trkpt><trkpt lat="60.25675" lon="24.91908"><ele>23.9</ele><time>2026-01-08T08:40:40Z</time><extensions><gpxtpx:TrackPointExtension><gpxtpx:hr>153</gpxtpx:hr></gpxtpx:TrackPointExtension></extensions></trkpt><trkpt lat="60.256765" lon="24.919048"><ele>23.9</ele><time>2026-01-08T08:40:41Z</time></trkpt><trkpt lat="60.256785" lon="24.918992"><ele>23.9</ele><time>2026-01-08T08:40:42Z</time></trkpt><trkpt lat="60.256797" lon="24.91894"><ele>23.4</ele><time>2026-01-08T08:40:43Z</time></trkpt><trkpt lat="60.25682" lon="24.918898"><ele>24.6</ele><time>2026-01-08T08:40:44Z</time></trkpt><trkpt lat="60.256838" lon="24.91885"><ele>25.2</ele><time>2026-01-08T08:40:45Z</time><extensions><gpxtpx:TrackPointExtension><gpxtpx:hr>150</gpxtpx:hr></gpxtpx:TrackPointExtension></extensions></trkpt><trkpt lat="60.256865" lon="24.918808"><ele>26.1</ele><time>2026-01-08T08:40:46Z</time><extensions><gpxtpx:TrackPointExtension><gpxtpx:hr>150</gpxtpx:hr></gpxtpx:TrackPointExtension></extensions></trkpt><trkpt lat="60.256875" lon="24.918743"><ele>26.5</ele><time>2026-01-08T08:40:47Z</time></trkpt><trkpt lat="60.256898" lon="24.918685"><ele>26.6</ele><time>2026-01-08T08:40:48Z</time></trkpt><trkpt lat="60.256913" lon="24.918662"><ele>29.0</ele><time>2026-01-08T08:40:49Z</time></trkpt><trkpt lat="60.25694" lon="24.918557"><ele>28.0</ele><time>2026-01-08T08:40:50Z</time></trkpt><trkpt lat="60.25696" lon="24.918583"><ele>27.2</ele><time>2026-01-08T08:40:51Z</time></trkpt><trkpt lat="60.256978" lon="24.918532"><ele>26.7</ele><time>2026-01-08T08:40:52Z</time><extensions><gpxtpx:TrackPointExtension><gpxtpx:hr>151</gpxtpx:hr></gpxtpx:TrackPointExtension></extensions></trkpt><trkpt lat="60.257005" lon="24.918487"><ele>29.3</ele><time>2026-01-08T08:40:53Z</time></trkpt><trkpt lat="60.257025" lon="24.918478"><ele>27.4</ele><time>2026-01-08T08:40:54Z</time></trkpt><trkpt lat="60.25704" lon="24.918392"><ele>28.6</ele><time>2026-01-08T08:40:55Z</time></trkpt><trkpt lat="60.257058" lon="24.918357"><ele>26.7</ele><time>2026-01-08T08:40:56Z</time><extensions><gpxtpx:TrackPointExtension><gpxtpx:hr>152</gpxtpx:hr></gpxtpx:TrackPointExtension></extensions></trkpt><trkpt lat="60.257073" lon="24.918333"><ele>25.6</ele><time>2026-01-08T08:40:57Z</time></trkpt><trkpt lat="60.257085" lon="24.918285"><ele>26.7</ele><time>2026-01-08T08:40:58Z</time></trkpt><trkpt lat="60.25711" lon="24.918242"><ele>31.2</ele><time>2026-01-08T08:40:59Z</time></trkpt><trkpt lat="60.257103" lon="24.918198"><ele>24.9</ele><time>2026-01-08T08:41:00Z</time></trkpt><trkpt lat="60.257145" lon="24.918147"><ele>33.3</ele><time>2026-01-08T08:41:01Z</time><extensions><gpxtpx:TrackPointExtension><gpxtpx:hr>153</gpxtpx:hr></gpxtpx:TrackPointExtension></extensions></trkpt><trkpt lat="60.25716" lon="24.918102"><ele>33.9</ele><time>2026-01-08T08:41:02Z</time></trkpt><trkpt lat="60.257177" lon="24.918053"><ele>33.4</ele><time>2026-01-08T08:41:03Z</time></trkpt><trkpt lat="60.257193" lon="24.918007"><ele>33.9</ele><time>2026-01-08T08:41:04Z</time></trkpt><trkpt lat="60.25721" lon="24.91795"><ele>33.4</ele><time>2026-01-08T08:41:05Z</time></trkpt><trkpt lat="60.257227" lon="24.917897"><ele>33.8</ele><time>2026-01-08T08:41:06Z</time></trkpt><trkpt lat="60.257245" lon="24.917845"><ele>34.2</ele><time>2026-01-08T08:41:07Z</time></trkpt><trkpt lat="60.257262" lon="24.917793"><ele>34.2</ele><time>2026-01-08T08:41:08Z</time></trkpt><trkpt lat="60.257277" lon="24.917743"><ele>25.0</ele><time>2026-01-08T08:41:09Z</time></trkpt><trkpt lat="60.25727" lon="24.917678"><ele>26.8</ele><time>2026-01-08T08:41:10Z</time><extensions><gpxtpx:TrackPointExtension><gpxtpx:hr>155</gpxtpx:hr></gpxtpx:TrackPointExtension></extensions></trkpt><trkpt lat="60.257298" lon="24.917653"><ele>28.1</ele><time>2026-01-08T08:41:11Z</time></trkpt><trkpt lat="60.257332" lon="24.917568"><ele>32.6</ele><time>2026-01-08T08:41:12Z</time></trkpt><trkpt lat="60.25732" lon="24.917503"><ele>27.7</ele><time>2026-01-08T08:41:13Z</time><extensions><gpxtpx:TrackPointExtension><gpxtpx:hr>156</gpxtpx:hr></gpxtpx:TrackPointExtension></extensions></trkpt><trkpt lat="60.257342" lon="24.917458"><ele>27.5</ele><time>2026-01-08T08:41:14Z</time></trkpt><trkpt lat="60.257362" lon="24.917417"><ele>26.2</ele><time>2026-01-08T08:41:15Z</time></trkpt><trkpt lat="60.25738" lon="24.917368"><ele>25.6</ele><time>2026-01-08T08:41:16Z</time><extensions><gpxtpx:TrackPointExtension><gpxtpx:hr>155</gpxtpx:hr></gpxtpx:TrackPointExtension></extensions></trkpt><trkpt lat="60.257383" lon="24.917297"><ele>26.2</ele><time>2026-01-08T08:41:17Z</time></trkpt><trkpt lat="60.257397" lon="24.917235"><ele>26.5</ele><time>2026-01-08T08:41:18Z</time></trkpt><trkpt lat="60.257413" lon="24.917175"><ele>25.8</ele><time>2026-01-08T08:41:19Z</time></trkpt><trkpt lat="60.25743" lon="24.91712"><ele>25.5</ele><time>2026-01-08T08:41:20Z</time></trkpt><trkpt lat="60.257442" lon="24.917075"><ele>25.9</ele><time>2026-01-08T08:41:21Z</time><extensions><gpxtpx:TrackPointExtension><gpxtpx:hr>156</gpxtpx:hr></gpxtpx:TrackPointExtension></extensions></trkpt><trkpt lat="60.257452" lon="24.917027"><ele>26.4</ele><time>2026-01-08T08:41:22Z</time></trkpt><trkpt lat="60.257463" lon="24.91697"><ele>26.7</ele><time>2026-01-08T08:41:23Z</time></trkpt><trkpt lat="60.25748" lon="24.91691"><ele>28.1</ele><time>2026-01-08T08:41:24Z</time></trkpt><trkpt lat="60.257495" lon="24.91687"><ele>27.8</ele><time>2026-01-08T08:41:25Z</time></trkpt><trkpt lat="60.257505" lon="24.916817"><ele>28.8</ele><time>2026-01-08T08:41:26Z</time></trkpt><trkpt lat="60.257515" lon="24.91676"><ele>28.6</ele><time>2026-01-08T08:41:27Z</time></trkpt><trkpt lat="60.257523" lon="24.916712"><ele>28.6</ele><time>2026-01-08T08:41:28Z</time><extensions><gpxtpx:TrackPointExtension><gpxtpx:hr>155</gpxtpx:hr></gpxtpx:TrackPointExtension></extensions></trkpt><trkpt lat="60.257525" lon="24.916667"><ele>29.0</ele><time>2026-01-08T08:41:29Z</time></trkpt><trkpt lat="60.257538" lon="24.916625"><ele>29.0</ele><time>2026-01-08T08:41:30Z</time></trkpt><trkpt lat="60.257568" lon="24.916552"><ele>31.7</ele><time>2026-01-08T08:41:31Z</time></trkpt><trkpt lat="60.25755" lon="24.916482"><ele>28.1</ele><time>2026-01-08T08:41:32Z</time></trkpt><trkpt lat="60.257557" lon="24.91641"><ele>27.0</ele><time>2026-01-08T08:41:33Z</time></trkpt><trkpt lat="60.257572" lon="24.916358"><ele>26.9</ele><time>2026-01-08T08:41:34Z</time></trkpt><trkpt lat="60.257607" lon="24.916318"><ele>30.9</ele><time>2026-01-08T08:41:35Z</time><extensions><gpxtpx:TrackPointExtension><gpxtpx:hr>154</gpxtpx:hr></gpxtpx:TrackPointExtension></extensions></trkpt><trkpt lat="60.257602" lon="24.91627"><ele>27.3</ele><time>2026-01-08T08:41:36Z</time><extensions><gpxtpx:TrackPointExtension><gpxtpx:hr>154</gpxtpx:hr></gpxtpx:TrackPointExtension></extensions></trkpt><trkpt lat="60.257617" lon="24.916218"><ele>28.5</ele><time>2026-01-08T08:41:37Z</time></trkpt><trkpt lat="60.257622" lon="24.916153"><ele>30.3</ele><time>2026-01-08T08:41:38Z</time></trkpt><trkpt lat="60.257645" lon="24.916112"><ele>28.5</ele><time>2026-01-08T08:41:39Z</time></trkpt><trkpt lat="60.257633" lon="24.916048"><ele>30.0</ele><time>2026-01-08T08:41:40Z</time></trkpt><trkpt lat="60.257637" lon="24.916008"><ele>30.3</ele><time>2026-01-08T08:41:41Z</time></trkpt><trkpt lat="60.25763" lon="24.916012"><ele>30.1</ele><time>2026-01-08T08:41:42Z</time></trkpt><trkpt lat="60.257647" lon="24.915925"><ele>31.7</ele><time>2026-01-08T08:41:43Z</time></trkpt><trkpt lat="60.257653" lon="24.915882"><ele>31.6</ele><time>2026-01-08T08:41:44Z</time></trkpt><trkpt lat="60.257623" lon="24.91594"><ele>31.3</ele><time>2026-01-08T08:41:45Z</time><extensions><gpxtpx:TrackPointExtension><gpxtpx:hr>156</gpxtpx:hr></gpxtpx:TrackPointExtension></extensions></trkpt><trkpt lat="60.257658" lon="24.91584"><ele>32.0</ele><time>2026-01-08T08:41:46Z</time></trkpt><trkpt lat="60.25767" lon="24.915812"><ele>32.2</ele><time>2026-01-08T08:41:47Z</time><extensions><gpxtpx:TrackPointExtension><gpxtpx:hr>156</gpxtpx:hr></gpxtpx:TrackPointExtension></extensions></trkpt><trkpt lat="60.257655" lon="24.915755"><ele>32.2</ele><time>2026-01-08T08:41:48Z</time></trkpt><trkpt lat="60.257653" lon="24.915712"><ele>32.2</ele><time>2026-01-08T08:41:49Z</time></trkpt><trkpt lat="60.257653" lon="24.915667"><ele>31.6</ele><time>2026-01-08T08:41:50Z</time></trkpt><trkpt lat="60.25765" lon="24.915617"><ele>29.9</ele><time>2026-01-08T08:41:51Z</time><extensions><gpxtpx:TrackPointExtension><gpxtpx:hr>158</gpxtpx:hr></gpxtpx:TrackPointExtension></extensions></trkpt><trkpt lat="60.257655" lon="24.915575"><ele>30.4</ele><time>2026-01-08T08:41:52Z</time></trkpt><trkpt lat="60.257668" lon="24.915553"><ele>31.2</ele><time>2026-01-08T08:41:53Z</time></trkpt><trkpt lat="60.257678" lon="24.915498"><ele>31.3</ele><time>2026-01-08T08:41:54Z</time></trkpt><trkpt lat="60.257673" lon="24.915458"><ele>31.8</ele><time>2026-01-08T08:41:55Z</time></trkpt><trkpt lat="60.257675" lon="24.915438"><ele>33.2</ele><time>2026-01-08T08:41:56Z</time><extensions><gpxtpx:TrackPointExtension><gpxtpx:hr>158</gpxtpx:hr></gpxtpx:TrackPointExtension></extensions></trkpt><trkpt lat="60.257682" lon="24.915398"><ele>32.3</ele><time>2026-01-08T08:41:57Z</time></trkpt><trkpt lat="60.257692" lon="24.915378"><ele>33.0</ele><time>2026-01-08T08:41:58Z</time></trkpt><trkpt lat="60.257675" lon="24.915318"><ele>33.7</ele><time>2026-01-08T08:41:59Z</time></trkpt><trkpt lat="60.257697" lon="24.915263"><ele>33.7</ele><time>2026-01-08T08:42:00Z</time></trkpt><trkpt lat="60.257702" lon="24.915207"><ele>35.2</ele><time>2026-01-08T08:42:01Z</time><extensions><gpxtpx:TrackPointExtension><gpxtpx:hr>157</gpxtpx:hr></gpxtpx:TrackPointExtension></extensions></trkpt><trkpt lat="60.257708" lon="24.915168"><ele>36.4</ele><time>2026-01-08T08:42:02Z</time></trkpt><trkpt lat="60.257738" lon="24.91518"><ele>36.2</ele><time>2026-01-08T08:42:03Z</time></trkpt><trkpt lat="60.257785" lon="24.915185"><ele>34.2</ele><time>2026-01-08T08:42:04Z</time></trkpt><trkpt lat="60.257735" lon="24.915053"><ele>35.7</ele><time>2026-01-08T08:42:05Z</time></trkpt><trkpt lat="60.257728" lon="24.91502"><ele>36.6</ele><time>2026-01-08T08:42:06Z</time><extensions><gpxtpx:TrackPointExtension><gpxtpx:hr>158</gpxtpx:hr></gpxtpx:TrackPointExtension></extensions></trkpt><trkpt lat="60.257723" lon="24.914978"><ele>36.3</ele><time>2026-01-08T08:42:07Z</time></trkpt><trkpt lat="60.25774" lon="24.914892"><ele>39.5</ele><time>2026-01-08T08:42:08Z</time></trkpt><trkpt lat="60.257758" lon="24.914868"><ele>37.3</ele><time>2026-01-08T08:42:09Z</time></trkpt><trkpt lat="60.257775" lon="24.914835"><ele>36.7</ele><time>2026-01-08T08:42:10Z</time></trkpt><trkpt lat="60.257782" lon="24.91481"><ele>36.6</ele><time>2026-01-08T08:42:11Z</time></trkpt><trkpt lat="60.257787" lon="24.914793"><ele>37.2</ele><time>2026-01-08T08:42:12Z</time></trkpt><trkpt lat="60.257802" lon="24.914723"><ele>37.4</ele><time>2026-01-08T08:42:13Z</time><extensions><gpxtpx:TrackPointExtension><gpxtpx:hr>163</gpxtpx:hr></gpxtpx:TrackPointExtension></extensions></trkpt><trkpt lat="60.25781" lon="24.914675"><ele>37.2</ele><time>2026-01-08T08:42:14Z</time></trkpt><trkpt lat="60.257812" lon="24.914633"><ele>37.5</ele><time>2026-01-08T08:42:15Z</time></trkpt><trkpt lat="60.257825" lon="24.914605"><ele>37.8</ele><time>2026-01-08T08:42:16Z</time></trkpt><trkpt lat="60.257835" lon="24.914545"><ele>38.0</ele><time>2026-01-08T08:42:17Z</time></trkpt><trkpt lat="60.257842" lon="24.91449"><ele>38.6</ele><time>2026-01-08T08:42:18Z</time></trkpt><trkpt lat="60.257843" lon="24.914465"><ele>37.5</ele><time>2026-01-08T08:42:19Z</time></trkpt><trkpt lat="60.257852" lon="24.914427"><ele>37.7</ele><time>2026-01-08T08:42:20Z</time><extensions><gpxtpx:TrackPointExtension><gpxtpx:hr>165</gpxtpx:hr></gpxtpx:TrackPointExtension></extensions></trkpt><trkpt lat="60.257863" lon="24.91438"><ele>37.6</ele><time>2026-01-08T08:42:21Z</time></trkpt><trkpt lat="60.257872" lon="24.914338"><ele>37.5</ele><time>2026-01-08T08:42:22Z</time></trkpt><trkpt lat="60.257872" lon="24.914313"><ele>38.0</ele><time>2026-01-08T08:42:23Z</time></trkpt><trkpt lat="60.257883" lon="24.914255"><ele>39.2</ele><time>2026-01-08T08:42:24Z</time></trkpt><trkpt lat="60.257885" lon="24.914252"><ele>38.5</ele><time>2026-01-08T08:42:25Z</time><extensions><gpxtpx:TrackPointExtension><gpxtpx:hr>166</gpxtpx:hr></gpxtpx:TrackPointExtension></extensions></trkpt><trkpt lat="60.257888" lon="24.914207"><ele>38.3</ele><time>2026-01-08T08:42:26Z</time></trkpt><trkpt lat="60.257878" lon="24.914168"><ele>38.4</ele><time>2026-01-08T08:42:27Z</time></trkpt><trkpt lat="60.257875" lon="24.914155"><ele>39.2</ele><time>2026-01-08T08:42:28Z</time></trkpt><trkpt lat="60.257867" lon="24.9141"><ele>39.1</ele><time>2026-01-08T08:42:29Z</time></trkpt><trkpt lat="60.257852" lon="24.914077"><ele>39.5</ele><time>2026-01-08T08:42:30Z</time><extensions><gpxtpx:TrackPointExtension><gpxtpx:hr>166</gpxtpx:hr></gpxtpx:TrackPointExtension></extensions></trkpt><trkpt lat="60.25785" lon="24.914057"><ele>39.6</ele><time>2026-01-08T08:42:31Z</time></trkpt><trkpt lat="60.257848" lon="24.914068"><ele>39.2</ele><time>2026-01-08T08:42:32Z</time><extensions><gpxtpx:TrackPointExtension><gpxtpx:hr>167</gpxtpx:hr></gpxtpx:TrackPointExtension></extensions></trkpt><trkpt lat="60.257848" lon="24.914082"><ele>38.9</ele><time>2026-01-08T08:42:33Z</time></trkpt><trkpt lat="60.25785" lon="24.914075"><ele>39.0</ele><time>2026-01-08T08:42:34Z</time></trkpt><trkpt lat="60.257857" lon="24.914068"><ele>39.1</ele><time>2026-01-08T08:42:35Z</time></trkpt><trkpt lat="60.257838" lon="24.91407"><ele>38.8</ele><time>2026-01-08T08:42:36Z</time></trkpt><trkpt lat="60.257825" lon="24.914063"><ele>38.3</ele><time>2026-01-08T08:42:37Z</time></trkpt><trkpt lat="60.257813" lon="24.914053"><ele>38.6</ele><time>2026-01-08T08:42:38Z</time></trkpt><trkpt lat="60.257805" lon="24.914052"><ele>39.0</ele><time>2026-01-08T08:42:39Z</time></trkpt><trkpt lat="60.257788" lon="24.914047"><ele>39.0</ele><time>2026-01-08T08:42:40Z</time><extensions><gpxtpx:TrackPointExtension><gpxtpx:hr>167</gpxtpx:hr></gpxtpx:TrackPointExtension></extensions></trkpt><trkpt lat="60.257778" lon="24.914042"><ele>38.7</ele><time>2026-01-08T08:42:41Z</time></trkpt><trkpt lat="60.25776" lon="24.914058"><ele>39.2</ele><time>2026-01-08T08:42:42Z</time></trkpt><trkpt lat="60.257742" lon="24.91408"><ele>39.1</ele><time>2026-01-08T08:42:43Z</time><extensions><gpxtpx:TrackPointExtension><gpxtpx:hr>167</gpxtpx:hr></gpxtpx:TrackPointExtension></extensions></trkpt><trkpt lat="60.25772" lon="24.914113"><ele>38.7</ele><time>2026-01-08T08:42:44Z</time></trkpt><trkpt lat="60.257708" lon="24.91414"><ele>38.5</ele><time>2026-01-08T08:42:45Z</time></trkpt><trkpt lat="60.257695" lon="24.91418"><ele>37.5</ele><time>2026-01-08T08:42:46Z</time></trkpt><trkpt lat="60.25768" lon="24.914218"><ele>37.4</ele><time>2026-01-08T08:42:47Z</time></trkpt><trkpt lat="60.257663" lon="24.91425"><ele>36.7</ele><time>2026-01-08T08:42:48Z</time></trkpt><trkpt lat="60.257645" lon="24.914287"><ele>36.7</ele><time>2026-01-08T08:42:49Z</time></trkpt><trkpt lat="60.257625" lon="24.91434"><ele>36.7</ele><time>2026-01-08T08:42:50Z</time><extensions><gpxtpx:TrackPointExtension><gpxtpx:hr>164</gpxtpx:hr></gpxtpx:TrackPointExtension></extensions></trkpt><trkpt lat="60.257605" lon="24.914382"><ele>36.8</ele><time>2026-01-08T08:42:51Z</time></trkpt><trkpt lat="60.257585" lon="24.914445"><ele>36.2</ele><time>2026-01-08T08:42:52Z</time><extensions><gpxtpx:TrackPointExtension><gpxtpx:hr>162</gpxtpx:hr></gpxtpx:TrackPointExtension></extensions></trkpt><trkpt lat="60.257558" lon="24.9145"><ele>35.7</ele><time>2026-01-08T08:42:53Z</time></trkpt><trkpt lat="60.257527" lon="24.914567"><ele>35.8</ele><time>2026-01-08T08:42:54Z</time></trkpt><trkpt lat="60.257497" lon="24.91464"><ele>35.4</ele><time>2026-01-08T08:42:55Z</time></trkpt><trkpt lat="60.257463" lon="24.91472"><ele>34.4</ele><time>2026-01-08T08:42:56Z</time></trkpt><trkpt lat="60.257433" lon="24.914823"><ele>33.6</ele><time>2026-01-08T08:42:57Z</time></trkpt><trkpt lat="60.2574" lon="24.914937"><ele>33.5</ele><time>2026-01-08T08:42:58Z</time></trkpt><trkpt lat="60.257365" lon="24.915052"><ele>32.8</ele><time>2026-01-08T08:42:59Z</time><extensions><gpxtpx:TrackPointExtension><gpxtpx:hr>158</gpxtpx:hr></gpxtpx:TrackPointExtension></extensions></trkpt><trkpt lat="60.257332" lon="24.915175"><ele>32.4</ele><time>2026-01-08T08:43:00Z</time></trkpt><trkpt lat="60.257298" lon="24.915307"><ele>32.1</ele><time>2026-01-08T08:43:01Z</time></trkpt><trkpt lat="60.257265" lon="24.915428"><ele>31.3</ele><time>2026-01-08T08:43:02Z</time></trkpt><trkpt lat="60.257232" lon="24.91555"><ele>30.6</ele><time>2026-01-08T08:43:03Z</time></trkpt><trkpt lat="60.257197" lon="24.915683"><ele>30.2</ele><time>2026-01-08T08:43:04Z</time><extensions><gpxtpx:TrackPointExtension><gpxtpx:hr>154</gpxtpx:hr></gpxtpx:TrackPointExtension></extensions></trkpt><trkpt lat="60.257155" lon="24.915827"><ele>28.7</ele><time>2026-01-08T08:43:05Z</time></trkpt><trkpt lat="60.257117" lon="24.915968"><ele>27.7</ele><time>2026-01-08T08:43:06Z</time><extensions><gpxtpx:TrackPointExtension><gpxtpx:hr>153</gpxtpx:hr></gpxtpx:TrackPointExtension></extensions></trkpt><trkpt lat="60.25708" lon="24.916125"><ele>26.5</ele><time>2026-01-08T08:43:07Z</time></trkpt><trkpt lat="60.257047" lon="24.916282"><ele>25.7</ele><time>2026-01-08T08:43:08Z</time></trkpt><trkpt lat="60.25701" lon="24.916428"><ele>24.6</ele><time>2026-01-08T08:43:09Z</time></trkpt><trkpt lat="60.256977" lon="24.916592"><ele>24.5</ele><time>2026-01-08T08:43:10Z</time></trkpt><trkpt lat="60.25695" lon="24.916762"><ele>24.0</ele><time>2026-01-08T08:43:11Z</time></trkpt><trkpt lat="60.256933" lon="24.916925"><ele>23.7</ele><time>2026-01-08T08:43:12Z</time></trkpt><trkpt lat="60.256923" lon="24.91707"><ele>23.9</ele><time>2026-01-08T08:43:13Z</time></trkpt><trkpt lat="60.256908" lon="24.917205"><ele>23.0</ele><time>2026-01-08T08:43:14Z</time><extensions><gpxtpx:TrackPointExtension><gpxtpx:hr>147</gpxtpx:hr></gpxtpx:TrackPointExtension></extensions></trkpt><trkpt lat="60.2569" lon="24.917333"><ele>22.8</ele><time>2026-01-08T08:43:15Z</time></trkpt><trkpt lat="60.2569" lon="24.917458"><ele>23.0</ele><time>2026-01-08T08:43:16Z</time></trkpt><trkpt lat="60.256898" lon="24.917585"><ele>23.6</ele><time>2026-01-08T08:43:17Z</time></trkpt><trkpt lat="60.256892" lon="24.9177"><ele>23.8</ele><time>2026-01-08T08:43:18Z</time></trkpt><trkpt lat="60.256885" lon="24.917797"><ele>23.8</ele><time>2026-01-08T08:43:19Z</time></trkpt><trkpt lat="60.25688" lon="24.917892"><ele>23.8</ele><time>2026-01-08T08:43:20Z</time><extensions><gpxtpx:TrackPointExtension><gpxtpx:hr>144</gpxtpx:hr></gpxtpx:TrackPointExtension></extensions></trkpt><trkpt lat="60.256875" lon="24.917987"><ele>23.8</ele><time>2026-01-08T08:43:21Z</time></trkpt><trkpt lat="60.256868" lon="24.918077"><ele>23.6</ele><time>2026-01-08T08:43:22Z</time></trkpt><trkpt lat="60.256868" lon="24.918147"><ele>23.8</ele><time>2026-01-08T08:43:23Z</time></trkpt><trkpt lat="60.256867" lon="24.918217"><ele>24.0</ele><time>2026-01-08T08:43:24Z</time><extensions><gpxtpx:TrackPointExtension><gpxtpx:hr>144</gpxtpx:hr></gpxtpx:TrackPointExtension></extensions></trkpt><trkpt lat="60.256868" lon="24.918287"><ele>24.2</ele><time>2026-01-08T08:43:25Z</time></trkpt><trkpt lat="60.256865" lon="24.918355"><ele>24.6</ele><time>2026-01-08T08:43:26Z</time><extensions><gpxtpx:TrackPointExtension><gpxtpx:hr>143</gpxtpx:hr></gpxtpx:TrackPointExtension></extensions></trkpt><trkpt lat="60.256857" lon="24.918417"><ele>24.1</ele><time>2026-01-08T08:43:27Z</time></trkpt><trkpt lat="60.256853" lon="24.918477"><ele>23.7</ele><time>2026-01-08T08:43:28Z</time></trkpt><trkpt lat="60.256847" lon="24.91853"><ele>24.2</ele><time>2026-01-08T08:43:29Z</time></trkpt><trkpt lat="60.256845" lon="24.918612"><ele>24.7</ele><time>2026-01-08T08:43:30Z</time></trkpt><trkpt lat="60.256842" lon="24.918655"><ele>24.3</ele><time>2026-01-08T08:43:31Z</time></trkpt><trkpt lat="60.256827" lon="24.918718"><ele>23.8</ele><time>2026-01-08T08:43:32Z</time><extensions><gpxtpx:TrackPointExtension><gpxtpx:hr>142</gpxtpx:hr></gpxtpx:TrackPointExtension></extensions></trkpt><trkpt lat="60.25682" lon="24.918793"><ele>24.4</ele><time>2026-01-08T08:43:33Z</time></trkpt><trkpt lat="60.256795" lon="24.918865"><ele>24.7</ele><time>2026-01-08T08:43:34Z</time></trkpt><trkpt lat="60.256778" lon="24.918932"><ele>25.0</ele><time>2026-01-08T08:43:35Z</time></trkpt><trkpt lat="60.256767" lon="24.918992"><ele>24.6</ele><time>2026-01-08T08:43:36Z</time></trkpt><trkpt lat="60.25675" lon="24.919047"><ele>25.0</ele><time>2026-01-08T08:43:37Z</time></trkpt><trkpt lat="60.256742" lon="24.919113"><ele>25.9</ele><time>2026-01-08T08:43:38Z</time></trkpt><trkpt lat="60.25672" lon="24.919168"><ele>25.4</ele><time>2026-01-08T08:43:39Z</time></trkpt><trkpt lat="60.256708" lon="24.919233"><ele>25.5</ele><time>2026-01-08T08:43:40Z</time><extensions><gpxtpx:TrackPointExtension><gpxtpx:hr>143</gpxtpx:hr></gpxtpx:TrackPointExtension></extensions></trkpt><trkpt lat="60.256693" lon="24.919295"><ele>25.4</ele><time>2026-01-08T08:43:41Z</time></trkpt><trkpt lat="60.256673" lon="24.919352"><ele>25.0</ele><time>2026-01-08T08:43:42Z</time></trkpt><trkpt lat="60.256657" lon="24.919417"><ele>25.6</ele><time>2026-01-08T08:43:43Z</time></trkpt><trkpt lat="60.25663" lon="24.919458"><ele>25.8</ele><time>2026-01-08T08:43:44Z</time></trkpt><trkpt lat="60.256617" lon="24.919528"><ele>25.9</ele><time>2026-01-08T08:43:45Z</time><extensions><gpxtpx:TrackPointExtension><gpxtpx:hr>141</gpxtpx:hr></gpxtpx:TrackPointExtension></extensions></trkpt><trkpt lat="60.256598" lon="24.91957"><ele>26.0</ele><time>2026-01-08T08:43:46Z</time><extensions><gpxtpx:TrackPointExtension><gpxtpx:hr>141</gpxtpx:hr></gpxtpx:TrackPointExtension></extensions></trkpt><trkpt lat="60.256577" lon="24.919627"><ele>26.2</ele><time>2026-01-08T08:43:47Z</time></trkpt><trkpt lat="60.256555" lon="24.919678"><ele>25.7</ele><time>2026-01-08T08:43:48Z</time></trkpt><trkpt lat="60.256537" lon="24.919728"><ele>25.6</ele><time>2026-01-08T08:43:49Z</time></trkpt><trkpt lat="60.25652" lon="24.919773"><ele>25.2</ele><time>2026-01-08T08:43:50Z</time></trkpt><trkpt lat="60.256493" lon="24.919793"><ele>22.2</ele><time>2026-01-08T08:43:51Z</time></trkpt><trkpt lat="60.25647" lon="24.919847"><ele>23.1</ele><time>2026-01-08T08:43:52Z</time></trkpt><trkpt lat="60.25645" lon="24.919877"><ele>23.1</ele><time>2026-01-08T08:43:53Z</time></trkpt><trkpt lat="60.256427" lon="24.919903"><ele>22.1</ele><time>2026-01-08T08:43:54Z</time><extensions><gpxtpx:TrackPointExtension><gpxtpx:hr>141</gpxtpx:hr></gpxtpx:TrackPointExtension></extensions></trkpt><trkpt lat="60.256403" lon="24.919928"><ele>22.1</ele><time>2026-01-08T08:43:55Z</time></trkpt><trkpt lat="60.256372" lon="24.919977"><ele>22.8</ele><time>2026-01-08T08:43:56Z</time></trkpt><trkpt lat="60.256342" lon="24.92001"><ele>22.6</ele><time>2026-01-08T08:43:57Z</time></trkpt><trkpt lat="60.256317" lon="24.920037"><ele>23.2</ele><time>2026-01-08T08:43:58Z</time></trkpt><trkpt lat="60.256288" lon="24.920055"><ele>22.5</ele><time>2026-01-08T08:43:59Z</time></trkpt><trkpt lat="60.256257" lon="24.920075"><ele>22.1</ele><time>2026-01-08T08:44:00Z</time><extensions><gpxtpx:TrackPointExtension><gpxtpx:hr>137</gpxtpx:hr></gpxtpx:TrackPointExtension></extensions></trkpt><trkpt lat="60.256222" lon="24.9201"><ele>21.4</ele><time>2026-01-08T08:44:01Z</time><extensions><gpxtpx:TrackPointExtension><gpxtpx:hr>137</gpxtpx:hr></gpxtpx:TrackPointExtension></extensions></trkpt><trkpt lat="60.25618" lon="24.920108"><ele>20.5</ele><time>2026-01-08T08:44:02Z</time></trkpt><trkpt lat="60.25614" lon="24.92011"><ele>20.7</ele><time>2026-01-08T08:44:03Z</time></trkpt><trkpt lat="60.2561" lon="24.920085"><ele>21.3</ele><time>2026-01-08T08:44:03Z</time></trkpt><trkpt lat="60.256065" lon="24.920052"><ele>21.1</ele><time>2026-01-08T08:44:05Z</time></trkpt><trkpt lat="60.256015" lon="24.919995"><ele>20.0</ele><time>2026-01-08T08:44:05Z</time></trkpt><trkpt lat="60.25598" lon="24.919943"><ele>20.5</ele><time>2026-01-08T08:44:06Z</time><extensions><gpxtpx:TrackPointExtension><gpxtpx:hr>137</gpxtpx:hr></gpxtpx:TrackPointExtension></extensions></trkpt><trkpt lat="60.255968" lon="24.919907"><ele>20.1</ele><time>2026-01-08T08:44:07Z</time></trkpt><trkpt lat="60.255942" lon="24.919772"><ele>18.0</ele><time>2026-01-08T08:44:08Z</time></trkpt><trkpt lat="60.255915" lon="24.91972"><ele>18.7</ele><time>2026-01-08T08:44:09Z</time></trkpt><trkpt lat="60.255897" lon="24.919675"><ele>18.5</ele><time>2026-01-08T08:44:10Z</time></trkpt><trkpt lat="60.25589" lon="24.919613"><ele>17.6</ele><time>2026-01-08T08:44:11Z</time><extensions><gpxtpx:TrackPointExtension><gpxtpx:hr>139</gpxtpx:hr></gpxtpx:TrackPointExtension></extensions></trkpt><trkpt lat="60.25586" lon="24.919545"><ele>18.6</ele><time>2026-01-08T08:44:12Z</time></trkpt><trkpt lat="60.255857" lon="24.919487"><ele>16.5</ele><time>2026-01-08T08:44:13Z</time></trkpt><trkpt lat="60.255845" lon="24.919427"><ele>15.8</ele><time>2026-01-08T08:44:14Z</time></trkpt><trkpt lat="60.25583" lon="24.91937"><ele>14.6</ele><time>2026-01-08T08:44:15Z</time></trkpt><trkpt lat="60.25581" lon="24.919313"><ele>14.0</ele><time>2026-01-08T08:44:16Z</time><extensions><gpxtpx:TrackPointExtension><gpxtpx:hr>138</gpxtpx:hr></gpxtpx:TrackPointExtension></extensions></trkpt><trkpt lat="60.255793" lon="24.919257"><ele>14.0</ele><time>2026-01-08T08:44:17Z</time></trkpt><trkpt lat="60.255773" lon="24.919187"><ele>13.5</ele><time>2026-01-08T08:44:18Z</time></trkpt><trkpt lat="60.255768" lon="24.91911"><ele>13.9</ele><time>2026-01-08T08:44:19Z</time></trkpt><trkpt lat="60.255743" lon="24.919048"><ele>16.5</ele><time>2026-01-08T08:44:20Z</time></trkpt><trkpt lat="60.255722" lon="24.91899"><ele>17.2</ele><time>2026-01-08T08:44:21Z</time></trkpt><trkpt lat="60.255712" lon="24.918937"><ele>16.6</ele><time>2026-01-08T08:44:22Z</time></trkpt><trkpt lat="60.255682" lon="24.918882"><ele>16.8</ele><time>2026-01-08T08:44:23Z</time></trkpt><trkpt lat="60.25566" lon="24.918795"><ele>16.9</ele><time>2026-01-08T08:44:24Z</time></trkpt><trkpt lat="60.25564" lon="24.918733"><ele>14.7</ele><time>2026-01-08T08:44:25Z</time><extensions><gpxtpx:TrackPointExtension><gpxtpx:hr>141</gpxtpx:hr></gpxtpx:TrackPointExtension></extensions></trkpt><trkpt lat="60.255622" lon="24.918677"><ele>17.8</ele><time>2026-01-08T08:44:26Z</time><extensions><gpxtpx:TrackPointExtension><gpxtpx:hr>141</gpxtpx:hr></gpxtpx:TrackPointExtension></extensions></trkpt><trkpt lat="60.255648" lon="24.918672"><ele>17.6</ele><time>2026-01-08T08:44:27Z</time></trkpt><trkpt lat="60.255642" lon="24.918643"><ele>16.8</ele><time>2026-01-08T08:44:28Z</time></trkpt><trkpt lat="60.255632" lon="24.918595"><ele>19.2</ele><time>2026-01-08T08:44:29Z</time></trkpt><trkpt lat="60.25563" lon="24.918542"><ele>17.0</ele><time>2026-01-08T08:44:30Z</time></trkpt><trkpt lat="60.25561" lon="24.91849"><ele>16.6</ele><time>2026-01-08T08:44:31Z</time></trkpt><trkpt lat="60.2556" lon="24.91843"><ele>18.8</ele><time>2026-01-08T08:44:32Z</time></trkpt><trkpt lat="60.25559" lon="24.918383"><ele>17.4</ele><time>2026-01-08T08:44:33Z</time><extensions><gpxtpx:TrackPointExtension><gpxtpx:hr>142</gpxtpx:hr></gpxtpx:TrackPointExtension></extensions></trkpt><trkpt lat="60.255582" lon="24.918338"><ele>17.3</ele><time>2026-01-08T08:44:34Z</time></trkpt><trkpt lat="60.255568" lon="24.918292"><ele>18.2</ele><time>2026-01-08T08:44:35Z</time></trkpt><trkpt lat="60.255547" lon="24.918262"><ele>17.8</ele><time>2026-01-08T08:44:36Z</time><extensions><gpxtpx:TrackPointExtension><gpxtpx:hr>142</gpxtpx:hr></gpxtpx:TrackPointExtension></extensions></trkpt><trkpt lat="60.255532" lon="24.918278"><ele>20.1</ele><time>2026-01-08T08:44:37Z</time></trkpt><trkpt lat="60.255517" lon="24.918292"><ele>20.1</ele><time>2026-01-08T08:44:38Z</time></trkpt><trkpt lat="60.255513" lon="24.918332"><ele>19.2</ele><time>2026-01-08T08:44:39Z</time></trkpt><trkpt lat="60.2555" lon="24.918378"><ele>20.0</ele><time>2026-01-08T08:44:40Z</time></trkpt><trkpt lat="60.255503" lon="24.918425"><ele>19.6</ele><time>2026-01-08T08:44:41Z</time></trkpt><trkpt lat="60.256317" lon="24.924367"><ele>20.2</ele><time>2026-01-08T08:46:21Z</time><extensions><gpxtpx:TrackPointExtension><gpxtpx:hr>145</gpxtpx:hr></gpxtpx:TrackPointExtension></extensions></trkpt><trkpt lat="60.256317" lon="24.924367"><ele>20.2</ele><time>2026-01-08T08:44:50Z</time><extensions><gpxtpx:TrackPointExtension><gpxtpx:hr>146</gpxtpx:hr></gpxtpx:TrackPointExtension></extensions></trkpt><trkpt lat="60.256317" lon="24.924367"><ele>20.2</ele><time>2026-01-08T08:44:51Z</time><extensions><gpxtpx:TrackPointExtension><gpxtpx:hr>146</gpxtpx:hr></gpxtpx:TrackPointExtension></extensions></trkpt><trkpt lat="60.256317" lon="24.924367"><ele>20.2</ele><time>2026-01-08T08:45:00Z</time><extensions><gpxtpx:TrackPointExtension><gpxtpx:hr>146</gpxtpx:hr></gpxtpx:TrackPointExtension></extensions></trkpt><trkpt lat="60.256317" lon="24.924367"><ele>20.2</ele><time>2026-01-08T08:45:01Z</time><extensions><gpxtpx:TrackPointExtension><gpxtpx:hr>146</gpxtpx:hr></gpxtpx:TrackPointExtension></extensions></trkpt><trkpt lat="60.256317" lon="24.924367"><ele>20.2</ele><time>2026-01-08T08:45:07Z</time><extensions><gpxtpx:TrackPointExtension><gpxtpx:hr>145</gpxtpx:hr></gpxtpx:TrackPointExtension></extensions></trkpt><trkpt lat="60.256317" lon="24.924367"><ele>20.2</ele><time>2026-01-08T08:45:11Z</time><extensions><gpxtpx:TrackPointExtension><gpxtpx:hr>145</gpxtpx:hr></gpxtpx:TrackPointExtension></extensions></trkpt><trkpt lat="60.256317" lon="24.924367"><ele>20.2</ele><time>2026-01-08T08:45:20Z</time><extensions><gpxtpx:TrackPointExtension><gpxtpx:hr>144</gpxtpx:hr></gpxtpx:TrackPointExtension></extensions></trkpt><trkpt lat="60.256317" lon="24.924367"><ele>20.2</ele><time>2026-01-08T08:45:22Z</time><extensions><gpxtpx:TrackPointExtension><gpxtpx:hr>145</gpxtpx:hr></gpxtpx:TrackPointExtension></extensions></trkpt><trkpt lat="60.256317" lon="24.924367"><ele>20.2</ele><time>2026-01-08T08:45:29Z</time><extensions><gpxtpx:TrackPointExtension><gpxtpx:hr>145</gpxtpx:hr></gpxtpx:TrackPointExtension></extensions></trkpt><trkpt lat="60.256317" lon="24.924367"><ele>20.2</ele><time>2026-01-08T08:45:34Z</time><extensions><gpxtpx:TrackPointExtension><gpxtpx:hr>146</gpxtpx:hr></gpxtpx:TrackPointExtension></extensions></trkpt><trkpt lat="60.256317" lon="24.924367"><ele>20.2</ele><time>2026-01-08T08:45:36Z</time><extensions><gpxtpx:TrackPointExtension><gpxtpx:hr>146</gpxtpx:hr></gpxtpx:TrackPointExtension></extensions></trkpt><trkpt lat="60.256317" lon="24.924367"><ele>20.2</ele><time>2026-01-08T08:45:42Z</time><extensions><gpxtpx:TrackPointExtension><gpxtpx:hr>148</gpxtpx:hr></gpxtpx:TrackPointExtension></extensions></trkpt><trkpt lat="60.256317" lon="24.924367"><ele>20.2</ele><time>2026-01-08T08:45:49Z</time><extensions><gpxtpx:TrackPointExtension><gpxtpx:hr>149</gpxtpx:hr></gpxtpx:TrackPointExtension></extensions></trkpt><trkpt lat="60.256317" lon="24.924367"><ele>20.2</ele><time>2026-01-08T08:45:51Z</time><extensions><gpxtpx:TrackPointExtension><gpxtpx:hr>149</gpxtpx:hr></gpxtpx:TrackPointExtension></extensions></trkpt><trkpt lat="60.256317" lon="24.924367"><ele>20.2</ele><time>2026-01-08T08:46:00Z</time><extensions><gpxtpx:TrackPointExtension><gpxtpx:hr>151</gpxtpx:hr></gpxtpx:TrackPointExtension></extensions></trkpt><trkpt lat="60.256317" lon="24.924367"><ele>20.2</ele><time>2026-01-08T08:46:02Z</time><extensions><gpxtpx:TrackPointExtension><gpxtpx:hr>150</gpxtpx:hr></gpxtpx:TrackPointExtension></extensions></trkpt><trkpt lat="60.256317" lon="24.924367"><ele>20.2</ele><time>2026-01-08T08:46:06Z</time><extensions><gpxtpx:TrackPointExtension><gpxtpx:hr>147</gpxtpx:hr></gpxtpx:TrackPointExtension></extensions></trkpt><trkpt lat="60.256317" lon="24.924367"><ele>20.2</ele><time>2026-01-08T08:46:15Z</time><extensions><gpxtpx:TrackPointExtension><gpxtpx:hr>148</gpxtpx:hr></gpxtpx:TrackPointExtension></extensions></trkpt><trkpt lat="60.256317" lon="24.924367"><ele>20.2</ele><time>2026-01-08T08:46:20Z</time><extensions><gpxtpx:TrackPointExtension><gpxtpx:hr>148</gpxtpx:hr></gpxtpx:TrackPointExtension></extensions></trkpt><trkpt lat="60.256333" lon="24.924438"><ele>19.3</ele><time>2026-01-08T08:46:22Z</time><extensions><gpxtpx:TrackPointExtension><gpxtpx:hr>149</gpxtpx:hr></gpxtpx:TrackPointExtension></extensions></trkpt><trkpt lat="60.256345" lon="24.924502"><ele>19.0</ele><time>2026-01-08T08:46:23Z</time></trkpt><trkpt lat="60.256358" lon="24.924568"><ele>19.5</ele><time>2026-01-08T08:46:24Z</time></trkpt><trkpt lat="60.25637" lon="24.924638"><ele>19.6</ele><time>2026-01-08T08:46:25Z</time></trkpt><trkpt lat="60.256383" lon="24.924708"><ele>20.1</ele><time>2026-01-08T08:46:26Z</time></trkpt><trkpt lat="60.256403" lon="24.924793"><ele>20.0</ele><time>2026-01-08T08:46:27Z</time></trkpt><trkpt lat="60.256418" lon="24.924868"><ele>20.0</ele><time>2026-01-08T08:46:28Z</time><extensions><gpxtpx:TrackPointExtension><gpxtpx:hr>146</gpxtpx:hr></gpxtpx:TrackPointExtension></extensions></trkpt><trkpt lat="60.256438" lon="24.924937"><ele>20.2</ele><time>2026-01-08T08:46:29Z</time></trkpt><trkpt lat="60.256452" lon="24.924998"><ele>20.0</ele><time>2026-01-08T08:46:30Z</time></trkpt><trkpt lat="60.256465" lon="24.925072"><ele>20.5</ele><time>2026-01-08T08:46:31Z</time><extensions><gpxtpx:TrackPointExtension><gpxtpx:hr>147</gpxtpx:hr></gpxtpx:TrackPointExtension></extensions></trkpt><trkpt lat="60.256477" lon="24.925153"><ele>20.4</ele><time>2026-01-08T08:46:32Z</time></trkpt><trkpt lat="60.256488" lon="24.925225"><ele>20.6</ele><time>2026-01-08T08:46:33Z</time></trkpt><trkpt lat="60.256502" lon="24.92529"><ele>21.0</ele><time>2026-01-08T08:46:34Z</time></trkpt><trkpt lat="60.25651" lon="24.925355"><ele>20.4</ele><time>2026-01-08T08:46:35Z</time></trkpt><trkpt lat="60.256523" lon="24.925418"><ele>20.2</ele><time>2026-01-08T08:46:36Z</time></trkpt><trkpt lat="60.256535" lon="24.92549"><ele>19.8</ele><time>2026-01-08T08:46:37Z</time></trkpt><trkpt lat="60.256547" lon="24.925555"><ele>20.3</ele><time>2026-01-08T08:46:38Z</time><extensions><gpxtpx:TrackPointExtension><gpxtpx:hr>147</gpxtpx:hr></gpxtpx:TrackPointExtension></extensions></trkpt><trkpt lat="60.256582" lon="24.92564"><ele>21.3</ele><time>2026-01-08T08:46:39Z</time></trkpt><trkpt lat="60.256587" lon="24.925718"><ele>21.8</ele><time>2026-01-08T08:46:39Z</time></trkpt><trkpt lat="60.2566" lon="24.925783"><ele>21.8</ele><time>2026-01-08T08:46:40Z</time></trkpt><trkpt lat="60.256607" lon="24.92586"><ele>21.3</ele><time>2026-01-08T08:46:41Z</time></trkpt><trkpt lat="60.256612" lon="24.925915"><ele>21.0</ele><time>2026-01-08T08:46:42Z</time></trkpt><trkpt lat="60.25661" lon="24.925985"><ele>20.8</ele><time>2026-01-08T08:46:43Z</time><extensions><gpxtpx:TrackPointExtension><gpxtpx:hr>148</gpxtpx:hr></gpxtpx:TrackPointExtension></extensions></trkpt><trkpt lat="60.256608" lon="24.926025"><ele>21.1</ele><time>2026-01-08T08:46:44Z</time></trkpt><trkpt lat="60.256618" lon="24.926125"><ele>21.6</ele><time>2026-01-08T08:46:45Z</time></trkpt><trkpt lat="60.257022" lon="24.929013"><ele>16.4</ele><time>2026-01-08T08:47:31Z</time><extensions><gpxtpx:TrackPointExtension><gpxtpx:hr>148</gpxtpx:hr></gpxtpx:TrackPointExtension></extensions></trkpt><trkpt lat="60.257022" lon="24.929013"><ele>16.4</ele><time>2026-01-08T08:46:55Z</time><extensions><gpxtpx:TrackPointExtension><gpxtpx:hr>150</gpxtpx:hr></gpxtpx:TrackPointExtension></extensions></trkpt><trkpt lat="60.257022" lon="24.929013"><ele>16.4</ele><time>2026-01-08T08:46:56Z</time><extensions><gpxtpx:TrackPointExtension><gpxtpx:hr>150</gpxtpx:hr></gpxtpx:TrackPointExtension></extensions></trkpt><trkpt lat="60.257022" lon="24.929013"><ele>16.4</ele><time>2026-01-08T08:47:01Z</time><extensions><gpxtpx:TrackPointExtension><gpxtpx:hr>149</gpxtpx:hr></gpxtpx:TrackPointExtension></extensions></trkpt><trkpt lat="60.257022" lon="24.929013"><ele>16.4</ele><time>2026-01-08T08:47:06Z</time><extensions><gpxtpx:TrackPointExtension><gpxtpx:hr>147</gpxtpx:hr></gpxtpx:TrackPointExtension></extensions></trkpt><trkpt lat="60.257022" lon="24.929013"><ele>16.4</ele><time>2026-01-08T08:47:15Z</time><extensions><gpxtpx:TrackPointExtension><gpxtpx:hr>150</gpxtpx:hr></gpxtpx:TrackPointExtension></extensions></trkpt><trkpt lat="60.257022" lon="24.929013"><ele>16.4</ele><time>2026-01-08T08:47:20Z</time><extensions><gpxtpx:TrackPointExtension><gpxtpx:hr>151</gpxtpx:hr></gpxtpx:TrackPointExtension></extensions></trkpt><trkpt lat="60.257022" lon="24.929013"><ele>16.4</ele><time>2026-01-08T08:47:25Z</time><extensions><gpxtpx:TrackPointExtension><gpxtpx:hr>150</gpxtpx:hr></gpxtpx:TrackPointExtension></extensions></trkpt><trkpt lat="60.257022" lon="24.929013"><ele>16.4</ele><time>2026-01-08T08:47:29Z</time><extensions><gpxtpx:TrackPointExtension><gpxtpx:hr>149</gpxtpx:hr></gpxtpx:TrackPointExtension></extensions></trkpt><trkpt lat="60.25704" lon="24.928962"><ele>16.2</ele><time>2026-01-08T08:47:32Z</time></trkpt><trkpt lat="60.257087" lon="24.928935"><ele>17.8</ele><time>2026-01-08T08:47:33Z</time></trkpt><trkpt lat="60.257115" lon="24.928948"><ele>16.8</ele><time>2026-01-08T08:47:34Z</time></trkpt><trkpt lat="60.257143" lon="24.928933"><ele>16.9</ele><time>2026-01-08T08:47:35Z</time><extensions><gpxtpx:TrackPointExtension><gpxtpx:hr>148</gpxtpx:hr></gpxtpx:TrackPointExtension></extensions></trkpt><trkpt lat="60.257165" lon="24.928912"><ele>15.0</ele><time>2026-01-08T08:47:36Z</time><extensions><gpxtpx:TrackPointExtension><gpxtpx:hr>147</gpxtpx:hr></gpxtpx:TrackPointExtension></extensions></trkpt><trkpt lat="60.257202" lon="24.928898"><ele>18.1</ele><time>2026-01-08T08:47:37Z</time></trkpt><trkpt lat="60.257227" lon="24.928877"><ele>16.0</ele><time>2026-01-08T08:47:38Z</time></trkpt><trkpt lat="60.257255" lon="24.928822"><ele>18.1</ele><time>2026-01-08T08:47:39Z</time></trkpt><trkpt lat="60.257285" lon="24.928803"><ele>17.5</ele><time>2026-01-08T08:47:40Z</time></trkpt><trkpt lat="60.2573" lon="24.928795"><ele>14.5</ele><time>2026-01-08T08:47:41Z</time></trkpt><trkpt lat="60.257323" lon="24.928788"><ele>13.5</ele><time>2026-01-08T08:47:42Z</time></trkpt><trkpt lat="60.25735" lon="24.92871"><ele>13.9</ele><time>2026-01-08T08:47:43Z</time></trkpt><trkpt lat="60.257373" lon="24.92869"><ele>15.2</ele><time>2026-01-08T08:47:44Z</time><extensions><gpxtpx:TrackPointExtension><gpxtpx:hr>148</gpxtpx:hr></gpxtpx:TrackPointExtension></extensions></trkpt><trkpt lat="60.257397" lon="24.928637"><ele>13.0</ele><time>2026-01-08T08:47:45Z</time></trkpt><trkpt lat="60.25742" lon="24.928582"><ele>12.5</ele><time>2026-01-08T08:47:46Z</time></trkpt><trkpt lat="60.257432" lon="24.92848"><ele>13.2</ele><time>2026-01-08T08:47:47Z</time></trkpt><trkpt lat="60.25745" lon="24.928402"><ele>12.7</ele><time>2026-01-08T08:47:48Z</time></trkpt><trkpt lat="60.257483" lon="24.92838"><ele>14.4</ele><time>2026-01-08T08:47:49Z</time></trkpt><trkpt lat="60.257515" lon="24.928333"><ele>13.6</ele><time>2026-01-08T08:47:50Z</time><extensions><gpxtpx:TrackPointExtension><gpxtpx:hr>149</gpxtpx:hr></gpxtpx:TrackPointExtension></extensions></trkpt><trkpt lat="60.257545" lon="24.928262"><ele>14.6</ele><time>2026-01-08T08:47:51Z</time><extensions><gpxtpx:TrackPointExtension><gpxtpx:hr>149</gpxtpx:hr></gpxtpx:TrackPointExtension></extensions></trkpt><trkpt lat="60.257557" lon="24.928192"><ele>14.5</ele><time>2026-01-08T08:47:52Z</time></trkpt><trkpt lat="60.25754" lon="24.928192"><ele>15.2</ele><time>2026-01-08T08:47:53Z</time></trkpt><trkpt lat="60.257507" lon="24.92818"><ele>15.0</ele><time>2026-01-08T08:47:54Z</time></trkpt><trkpt lat="60.257488" lon="24.928157"><ele>13.6</ele><time>2026-01-08T08:47:55Z</time></trkpt><trkpt lat="60.257457" lon="24.928095"><ele>13.4</ele><time>2026-01-08T08:47:56Z</time></trkpt><trkpt lat="60.257428" lon="24.928072"><ele>15.0</ele><time>2026-01-08T08:47:57Z</time></trkpt><trkpt lat="60.257407" lon="24.928025"><ele>15.5</ele><time>2026-01-08T08:47:58Z</time><extensions><gpxtpx:TrackPointExtension><gpxtpx:hr>149</gpxtpx:hr></gpxtpx:TrackPointExtension></extensions></trkpt><trkpt lat="60.257377" lon="24.927995"><ele>13.5</ele><time>2026-01-08T08:47:59Z</time></trkpt><trkpt lat="60.257342" lon="24.927945"><ele>14.6</ele><time>2026-01-08T08:48:00Z</time></trkpt><trkpt lat="60.257268" lon="24.927893"><ele>13.4</ele><time>2026-01-08T08:48:01Z</time></trkpt><trkpt lat="60.257232" lon="24.927842"><ele>14.7</ele><time>2026-01-08T08:48:02Z</time></trkpt><trkpt lat="60.257205" lon="24.927788"><ele>12.7</ele><time>2026-01-08T08:48:03Z</time></trkpt><trkpt lat="60.257183" lon="24.927758"><ele>14.4</ele><time>2026-01-08T08:48:04Z</time></trkpt><trkpt lat="60.257165" lon="24.927695"><ele>14.4</ele><time>2026-01-08T08:48:05Z</time><extensions><gpxtpx:TrackPointExtension><gpxtpx:hr>149</gpxtpx:hr></gpxtpx:TrackPointExtension></extensions></trkpt><trkpt lat="60.25715" lon="24.927638"><ele>10.4</ele><time>2026-01-08T08:48:06Z</time><extensions><gpxtpx:TrackPointExtension><gpxtpx:hr>149</gpxtpx:hr></gpxtpx:TrackPointExtension></extensions></trkpt><trkpt lat="60.257135" lon="24.927578"><ele>16.5</ele><time>2026-01-08T08:48:07Z</time></trkpt><trkpt lat="60.257112" lon="24.927505"><ele>15.7</ele><time>2026-01-08T08:48:08Z</time></trkpt><trkpt lat="60.257102" lon="24.927442"><ele>14.2</ele><time>2026-01-08T08:48:09Z</time></trkpt><trkpt lat="60.257083" lon="24.927365"><ele>15.2</ele><time>2026-01-08T08:48:10Z</time></trkpt><trkpt lat="60.257072" lon="24.927295"><ele>13.7</ele><time>2026-01-08T08:48:11Z</time><extensions><gpxtpx:TrackPointExtension><gpxtpx:hr>149</gpxtpx:hr></gpxtpx:TrackPointExtension></extensions></trkpt><trkpt lat="60.257062" lon="24.927225"><ele>16.7</ele><time>2026-01-08T08:48:12Z</time></trkpt><trkpt lat="60.257058" lon="24.927143"><ele>18.1</ele><time>2026-01-08T08:48:13Z</time></trkpt><trkpt lat="60.257065" lon="24.927097"><ele>22.0</ele><time>2026-01-08T08:48:14Z</time></trkpt><trkpt lat="60.257057" lon="24.92702"><ele>23.6</ele><time>2026-01-08T08:48:15Z</time></trkpt><trkpt lat="60.25707" lon="24.926967"><ele>20.2</ele><time>2026-01-08T08:48:16Z</time></trkpt><trkpt lat="60.257077" lon="24.926898"><ele>22.4</ele><time>2026-01-08T08:48:17Z</time></trkpt><trkpt lat="60.257075" lon="24.926833"><ele>21.8</ele><time>2026-01-08T08:48:19Z</time></trkpt><trkpt lat="60.257093" lon="24.926813"><ele>20.3</ele><time>2026-01-08T08:48:20Z</time><extensions><gpxtpx:TrackPointExtension><gpxtpx:hr>150</gpxtpx:hr></gpxtpx:TrackPointExtension></extensions></trkpt><trkpt lat="60.257097" lon="24.92674"><ele>18.5</ele><time>2026-01-08T08:48:21Z</time></trkpt><trkpt lat="60.257108" lon="24.926682"><ele>15.6</ele><time>2026-01-08T08:48:22Z</time></trkpt><trkpt lat="60.257103" lon="24.926605"><ele>14.4</ele><time>2026-01-08T08:48:23Z</time></trkpt><trkpt lat="60.257117" lon="24.926568"><ele>11.9</ele><time>2026-01-08T08:48:24Z</time><extensions><gpxtpx:TrackPointExtension><gpxtpx:hr>151</gpxtpx:hr></gpxtpx:TrackPointExtension></extensions></trkpt><trkpt lat="60.257123" lon="24.926513"><ele>10.4</ele><time>2026-01-08T08:48:25Z</time></trkpt><trkpt lat="60.257127" lon="24.926463"><ele>9.4</ele><time>2026-01-08T08:48:26Z</time></trkpt><trkpt lat="60.257133" lon="24.926402"><ele>12.4</ele><time>2026-01-08T08:48:27Z</time><extensions><gpxtpx:TrackPointExtension><gpxtpx:hr>152</gpxtpx:hr></gpxtpx:TrackPointExtension></extensions></trkpt><trkpt lat="60.257127" lon="24.926353"><ele>10.4</ele><time>2026-01-08T08:48:28Z</time></trkpt><trkpt lat="60.257137" lon="24.926292"><ele>12.8</ele><time>2026-01-08T08:48:29Z</time></trkpt><trkpt lat="60.257132" lon="24.92622"><ele>14.1</ele><time>2026-01-08T08:48:30Z</time></trkpt><trkpt lat="60.257125" lon="24.92612"><ele>13.9</ele><time>2026-01-08T08:48:31Z</time></trkpt><trkpt lat="60.257107" lon="24.926033"><ele>11.8</ele><time>2026-01-08T08:48:32Z</time></trkpt><trkpt lat="60.257108" lon="24.92596"><ele>15.5</ele><time>2026-01-08T08:48:33Z</time></trkpt><trkpt lat="60.257102" lon="24.9259"><ele>15.2</ele><time>2026-01-08T08:48:34Z</time></trkpt><trkpt lat="60.257105" lon="24.925783"><ele>15.7</ele><time>2026-01-08T08:48:35Z</time><extensions><gpxtpx:TrackPointExtension><gpxtpx:hr>152</gpxtpx:hr></gpxtpx:TrackPointExtension></extensions></trkpt><trkpt lat="60.257113" lon="24.925722"><ele>15.6</ele><time>2026-01-08T08:48:36Z</time></trkpt><trkpt lat="60.257117" lon="24.925645"><ele>14.3</ele><time>2026-01-08T08:48:37Z</time></trkpt><trkpt lat="60.257123" lon="24.925563"><ele>16.2</ele><time>2026-01-08T08:48:38Z</time><extensions><gpxtpx:TrackPointExtension><gpxtpx:hr>152</gpxtpx:hr></gpxtpx:TrackPointExtension></extensions></trkpt><trkpt lat="60.25712" lon="24.925485"><ele>16.3</ele><time>2026-01-08T08:48:38Z</time></trkpt><trkpt lat="60.257135" lon="24.925408"><ele>17.8</ele><time>2026-01-08T08:48:39Z</time></trkpt><trkpt lat="60.257142" lon="24.925352"><ele>16.7</ele><time>2026-01-08T08:48:40Z</time></trkpt><trkpt lat="60.257157" lon="24.925302"><ele>16.8</ele><time>2026-01-08T08:48:41Z</time><extensions><gpxtpx:TrackPointExtension><gpxtpx:hr>151</gpxtpx:hr></gpxtpx:TrackPointExtension></extensions></trkpt><trkpt lat="60.257163" lon="24.925227"><ele>18.9</ele><time>2026-01-08T08:48:42Z</time></trkpt><trkpt lat="60.257172" lon="24.92515"><ele>16.8</ele><time>2026-01-08T08:48:43Z</time></trkpt><trkpt lat="60.25719" lon="24.925052"><ele>18.8</ele><time>2026-01-08T08:48:44Z</time></trkpt><trkpt lat="60.25721" lon="24.925048"><ele>18.3</ele><time>2026-01-08T08:48:45Z</time></trkpt><trkpt lat="60.25724" lon="24.925038"><ele>19.1</ele><time>2026-01-08T08:48:46Z</time></trkpt><trkpt lat="60.257248" lon="24.924947"><ele>20.0</ele><time>2026-01-08T08:48:47Z</time></trkpt><trkpt lat="60.257257" lon="24.92489"><ele>19.0</ele><time>2026-01-08T08:48:48Z</time></trkpt><trkpt lat="60.257257" lon="24.924832"><ele>18.8</ele><time>2026-01-08T08:48:49Z</time><extensions><gpxtpx:TrackPointExtension><gpxtpx:hr>152</gpxtpx:hr></gpxtpx:TrackPointExtension></extensions></trkpt><trkpt lat="60.257257" lon="24.92477"><ele>18.7</ele><time>2026-01-08T08:48:50Z</time></trkpt><trkpt lat="60.257257" lon="24.924683"><ele>19.2</ele><time>2026-01-08T08:48:51Z</time></trkpt><trkpt lat="60.257258" lon="24.924608"><ele>19.5</ele><time>2026-01-08T08:48:52Z</time><extensions><gpxtpx:TrackPointExtension><gpxtpx:hr>152</gpxtpx:hr></gpxtpx:TrackPointExtension></extensions></trkpt><trkpt lat="60.257252" lon="24.924495"><ele>20.7</ele><time>2026-01-08T08:48:53Z</time></trkpt><trkpt lat="60.257232" lon="24.924408"><ele>19.7</ele><time>2026-01-08T08:48:54Z</time></trkpt><trkpt lat="60.25721" lon="24.92432"><ele>20.2</ele><time>2026-01-08T08:48:55Z</time></trkpt><trkpt lat="60.257182" lon="24.924238"><ele>18.5</ele><time>2026-01-08T08:48:56Z</time><extensions><gpxtpx:TrackPointExtension><gpxtpx:hr>153</gpxtpx:hr></gpxtpx:TrackPointExtension></extensions></trkpt><trkpt lat="60.257155" lon="24.924185"><ele>19.3</ele><time>2026-01-08T08:48:57Z</time></trkpt><trkpt lat="60.257133" lon="24.924112"><ele>17.7</ele><time>2026-01-08T08:48:58Z</time></trkpt><trkpt lat="60.25711" lon="24.92401"><ele>16.0</ele><time>2026-01-08T08:48:59Z</time></trkpt><trkpt lat="60.257085" lon="24.923938"><ele>14.4</ele><time>2026-01-08T08:49:00Z</time></trkpt><trkpt lat="60.257065" lon="24.923872"><ele>13.7</ele><time>2026-01-08T08:49:01Z</time></trkpt><trkpt lat="60.257038" lon="24.923815"><ele>10.7</ele><time>2026-01-08T08:49:02Z</time></trkpt><trkpt lat="60.25696" lon="24.92359"><ele>18.5</ele><time>2026-01-08T08:49:06Z</time><extensions><gpxtpx:TrackPointExtension><gpxtpx:hr>153</gpxtpx:hr></gpxtpx:TrackPointExtension></extensions></trkpt><trkpt lat="60.256945" lon="24.923535"><ele>18.3</ele><time>2026-01-08T08:49:07Z</time></trkpt><trkpt lat="60.25693" lon="24.923468"><ele>17.2</ele><time>2026-01-08T08:49:08Z</time><extensions><gpxtpx:TrackPointExtension><gpxtpx:hr>154</gpxtpx:hr></gpxtpx:TrackPointExtension></extensions></trkpt><trkpt lat="60.256913" lon="24.92339"><ele>17.1</ele><time>2026-01-08T08:49:09Z</time></trkpt><trkpt lat="60.256902" lon="24.923308"><ele>17.1</ele><time>2026-01-08T08:49:10Z</time></trkpt><trkpt lat="60.256897" lon="24.92322"><ele>16.8</ele><time>2026-01-08T08:49:11Z</time></trkpt><trkpt lat="60.256897" lon="24.92314"><ele>16.8</ele><time>2026-01-08T08:49:12Z</time></trkpt><trkpt lat="60.256898" lon="24.923053"><ele>18.1</ele><time>2026-01-08T08:49:13Z</time></trkpt><trkpt lat="60.256903" lon="24.922957"><ele>17.9</ele><time>2026-01-08T08:49:14Z</time></trkpt><trkpt lat="60.256907" lon="24.92287"><ele>17.3</ele><time>2026-01-08T08:49:15Z</time><extensions><gpxtpx:TrackPointExtension><gpxtpx:hr>153</gpxtpx:hr></gpxtpx:TrackPointExtension></extensions></trkpt><trkpt lat="60.256913" lon="24.922792"><ele>17.0</ele><time>2026-01-08T08:49:16Z</time></trkpt><trkpt lat="60.25692" lon="24.922718"><ele>17.7</ele><time>2026-01-08T08:49:17Z</time></trkpt><trkpt lat="60.256932" lon="24.92264"><ele>17.7</ele><time>2026-01-08T08:49:18Z</time></trkpt><trkpt lat="60.256942" lon="24.922565"><ele>18.1</ele><time>2026-01-08T08:49:19Z</time></trkpt><trkpt lat="60.256953" lon="24.922488"><ele>18.6</ele><time>2026-01-08T08:49:20Z</time><extensions><gpxtpx:TrackPointExtension><gpxtpx:hr>155</gpxtpx:hr></gpxtpx:TrackPointExtension></extensions></trkpt><trkpt lat="60.256968" lon="24.92243"><ele>18.0</ele><time>2026-01-08T08:49:21Z</time></trkpt><trkpt lat="60.256985" lon="24.92239"><ele>17.0</ele><time>2026-01-08T08:49:22Z</time></trkpt><trkpt lat="60.257002" lon="24.922333"><ele>16.5</ele><time>2026-01-08T08:49:23Z</time></trkpt><trkpt lat="60.257018" lon="24.922258"><ele>16.9</ele><time>2026-01-08T08:49:24Z</time><extensions><gpxtpx:TrackPointExtension><gpxtpx:hr>154</gpxtpx:hr></gpxtpx:TrackPointExtension></extensions></trkpt><trkpt lat="60.25703" lon="24.922178"><ele>16.1</ele><time>2026-01-08T08:49:25Z</time></trkpt><trkpt lat="60.257037" lon="24.92211"><ele>15.8</ele><time>2026-01-08T08:49:26Z</time><extensions><gpxtpx:TrackPointExtension><gpxtpx:hr>153</gpxtpx:hr></gpxtpx:TrackPointExtension></extensions></trkpt><trkpt lat="60.25704" lon="24.922048"><ele>15.9</ele><time>2026-01-08T08:49:27Z</time></trkpt><trkpt lat="60.257037" lon="24.921988"><ele>15.3</ele><time>2026-01-08T08:49:28Z</time></trkpt><trkpt lat="60.257028" lon="24.921913"><ele>16.2</ele><time>2026-01-08T08:49:29Z</time></trkpt><trkpt lat="60.257015" lon="24.921863"><ele>17.1</ele><time>2026-01-08T08:49:30Z</time></trkpt><trkpt lat="60.257008" lon="24.921813"><ele>16.8</ele><time>2026-01-08T08:49:31Z</time><extensions><gpxtpx:TrackPointExtension><gpxtpx:hr>153</gpxtpx:hr></gpxtpx:TrackPointExtension></extensions></trkpt><trkpt lat="60.256997" lon="24.921747"><ele>16.5</ele><time>2026-01-08T08:49:32Z</time></trkpt><trkpt lat="60.25698" lon="24.921648"><ele>17.8</ele><time>2026-01-08T08:49:33Z</time></trkpt><trkpt lat="60.25696" lon="24.921565"><ele>17.4</ele><time>2026-01-08T08:49:34Z</time></trkpt><trkpt lat="60.256947" lon="24.921488"><ele>18.0</ele><time>2026-01-08T08:49:35Z</time></trkpt><trkpt lat="60.256933" lon="24.921407"><ele>18.6</ele><time>2026-01-08T08:49:36Z</time></trkpt><trkpt lat="60.256917" lon="24.921323"><ele>18.8</ele><time>2026-01-08T08:49:37Z</time></trkpt><trkpt lat="60.256905" lon="24.921253"><ele>18.9</ele><time>2026-01-08T08:49:38Z</time></trkpt><trkpt lat="60.25691" lon="24.92127"><ele>16.2</ele><time>2026-01-08T08:49:39Z</time></trkpt><trkpt lat="60.2569" lon="24.921198"><ele>17.3</ele><time>2026-01-08T08:49:40Z</time><extensions><gpxtpx:TrackPointExtension><gpxtpx:hr>152</gpxtpx:hr></gpxtpx:TrackPointExtension></extensions></trkpt><trkpt lat="60.256882" lon="24.92111"><ele>12.4</ele><time>2026-01-08T08:49:41Z</time></trkpt><trkpt lat="60.256885" lon="24.921038"><ele>9.5</ele><time>2026-01-08T08:49:42Z</time></trkpt><trkpt lat="60.256878" lon="24.920947"><ele>8.8</ele><time>2026-01-08T08:49:43Z</time><extensions><gpxtpx:TrackPointExtension><gpxtpx:hr>152</gpxtpx:hr></gpxtpx:TrackPointExtension></extensions></trkpt><trkpt lat="60.256873" lon="24.920872"><ele>8.3</ele><time>2026-01-08T08:49:44Z</time></trkpt><trkpt lat="60.256878" lon="24.920785"><ele>10.5</ele><time>2026-01-08T08:49:45Z</time></trkpt><trkpt lat="60.256882" lon="24.920733"><ele>12.3</ele><time>2026-01-08T08:49:46Z</time><extensions><gpxtpx:TrackPointExtension><gpxtpx:hr>151</gpxtpx:hr></gpxtpx:TrackPointExtension></extensions></trkpt><trkpt lat="60.256873" lon="24.920637"><ele>10.4</ele><time>2026-01-08T08:49:47Z</time></trkpt><trkpt lat="60.256858" lon="24.920545"><ele>11.6</ele><time>2026-01-08T08:49:48Z</time></trkpt><trkpt lat="60.256862" lon="24.920502"><ele>11.7</ele><time>2026-01-08T08:49:49Z</time></trkpt><trkpt lat="60.256848" lon="24.920442"><ele>12.4</ele><time>2026-01-08T08:49:50Z</time></trkpt><trkpt lat="60.256833" lon="24.92038"><ele>11.3</ele><time>2026-01-08T08:49:51Z</time><extensions><gpxtpx:TrackPointExtension><gpxtpx:hr>149</gpxtpx:hr></gpxtpx:TrackPointExtension></extensions></trkpt><trkpt lat="60.256813" lon="24.920312"><ele>12.7</ele><time>2026-01-08T08:49:52Z</time></trkpt><trkpt lat="60.25678" lon="24.920243"><ele>13.6</ele><time>2026-01-08T08:49:53Z</time></trkpt><trkpt lat="60.256757" lon="24.92019"><ele>11.3</ele><time>2026-01-08T08:49:54Z</time></trkpt><trkpt lat="60.256738" lon="24.92015"><ele>10.0</ele><time>2026-01-08T08:49:55Z</time></trkpt><trkpt lat="60.25672" lon="24.920097"><ele>9.0</ele><time>2026-01-08T08:49:56Z</time></trkpt><trkpt lat="60.25668" lon="24.920048"><ele>8.1</ele><time>2026-01-08T08:49:57Z</time><extensions><gpxtpx:TrackPointExtension><gpxtpx:hr>147</gpxtpx:hr></gpxtpx:TrackPointExtension></extensions></trkpt><trkpt lat="60.256653" lon="24.92001"><ele>12.3</ele><time>2026-01-08T08:49:58Z</time></trkpt><trkpt lat="60.256637" lon="24.919972"><ele>12.6</ele><time>2026-01-08T08:49:59Z</time></trkpt><trkpt lat="60.256612" lon="24.919953"><ele>11.0</ele><time>2026-01-08T08:50:00Z</time></trkpt><trkpt lat="60.256577" lon="24.919897"><ele>14.0</ele><time>2026-01-08T08:50:01Z</time><extensions><gpxtpx:TrackPointExtension><gpxtpx:hr>146</gpxtpx:hr></gpxtpx:TrackPointExtension></extensions></trkpt><trkpt lat="60.25656" lon="24.919855"><ele>12.5</ele><time>2026-01-08T08:50:02Z</time></trkpt><trkpt lat="60.2555" lon="24.918358"><ele>20.7</ele><time>2026-01-08T08:50:52Z</time><extensions><gpxtpx:TrackPointExtension><gpxtpx:hr>147</gpxtpx:hr></gpxtpx:TrackPointExtension></extensions></trkpt><trkpt lat="60.2555" lon="24.918358"><ele>20.7</ele><time>2026-01-08T08:50:15Z</time><extensions><gpxtpx:TrackPointExtension><gpxtpx:hr>151</gpxtpx:hr></gpxtpx:TrackPointExtension></extensions></trkpt><trkpt lat="60.2555" lon="24.918358"><ele>20.7</ele><time>2026-01-08T08:50:18Z</time><extensions><gpxtpx:TrackPointExtension><gpxtpx:hr>151</gpxtpx:hr></gpxtpx:TrackPointExtension></extensions></trkpt><trkpt lat="60.2555" lon="24.918358"><ele>20.7</ele><time>2026-01-08T08:50:24Z</time><extensions><gpxtpx:TrackPointExtension><gpxtpx:hr>150</gpxtpx:hr></gpxtpx:TrackPointExtension></extensions></trkpt><trkpt lat="60.2555" lon="24.918358"><ele>20.7</ele><time>2026-01-08T08:50:27Z</time><extensions><gpxtpx:TrackPointExtension><gpxtpx:hr>150</gpxtpx:hr></gpxtpx:TrackPointExtension></extensions></trkpt><trkpt lat="60.2555" lon="24.918358"><ele>20.7</ele><time>2026-01-08T08:50:31Z</time><extensions><gpxtpx:TrackPointExtension><gpxtpx:hr>151</gpxtpx:hr></gpxtpx:TrackPointExtension></extensions></trkpt><trkpt lat="60.2555" lon="24.918358"><ele>20.7</ele><time>2026-01-08T08:50:37Z</time><extensions><gpxtpx:TrackPointExtension><gpxtpx:hr>152</gpxtpx:hr></gpxtpx:TrackPointExtension></extensions></trkpt><trkpt lat="60.2555" lon="24.918358"><ele>20.7</ele><time>2026-01-08T08:50:45Z</time><extensions><gpxtpx:TrackPointExtension><gpxtpx:hr>153</gpxtpx:hr></gpxtpx:TrackPointExtension></extensions></trkpt><trkpt lat="60.2555" lon="24.918358"><ele>20.7</ele><time>2026-01-08T08:50:50Z</time><extensions><gpxtpx:TrackPointExtension><gpxtpx:hr>153</gpxtpx:hr></gpxtpx:TrackPointExtension></extensions></trkpt><trkpt lat="60.2555" lon="24.918358"><ele>20.7</ele><time>2026-01-08T08:50:52Z</time><extensions><gpxtpx:TrackPointExtension><gpxtpx:hr>155</gpxtpx:hr></gpxtpx:TrackPointExtension></extensions></trkpt><trkpt lat="60.255492" lon="24.918398"><ele>20.0</ele><time>2026-01-08T08:50:53Z</time></trkpt><trkpt lat="60.25549" lon="24.91844"><ele>19.5</ele><time>2026-01-08T08:50:54Z</time></trkpt><trkpt lat="60.255492" lon="24.918482"><ele>19.0</ele><time>2026-01-08T08:50:55Z</time></trkpt><trkpt lat="60.255497" lon="24.918545"><ele>19.8</ele><time>2026-01-08T08:50:56Z</time></trkpt><trkpt lat="60.255505" lon="24.918635"><ele>20.3</ele><time>2026-01-08T08:50:57Z</time></trkpt><trkpt lat="60.255503" lon="24.918668"><ele>18.2</ele><time>2026-01-08T08:50:58Z</time></trkpt><trkpt lat="60.255512" lon="24.91875"><ele>19.9</ele><time>2026-01-08T08:50:59Z</time><extensions><gpxtpx:TrackPointExtension><gpxtpx:hr>155</gpxtpx:hr></gpxtpx:TrackPointExtension></extensions></trkpt><trkpt lat="60.255517" lon="24.918795"><ele>18.8</ele><time>2026-01-08T08:51:00Z</time></trkpt><trkpt lat="60.255528" lon="24.918868"><ele>19.6</ele><time>2026-01-08T08:51:01Z</time></trkpt><trkpt lat="60.255532" lon="24.918913"><ele>18.4</ele><time>2026-01-08T08:51:02Z</time></trkpt><trkpt lat="60.25555" lon="24.918982"><ele>19.6</ele><time>2026-01-08T08:51:03Z</time></trkpt><trkpt lat="60.255557" lon="24.91905"><ele>19.2</ele><time>2026-01-08T08:51:04Z</time></trkpt><trkpt lat="60.255565" lon="24.919108"><ele>18.7</ele><time>2026-01-08T08:51:05Z</time><extensions><gpxtpx:TrackPointExtension><gpxtpx:hr>156</gpxtpx:hr></gpxtpx:TrackPointExtension></extensions></trkpt><trkpt lat="60.25557" lon="24.91917"><ele>18.2</ele><time>2026-01-08T08:51:06Z</time></trkpt><trkpt lat="60.255578" lon="24.919233"><ele>17.8</ele><time>2026-01-08T08:51:07Z</time><extensions><gpxtpx:TrackPointExtension><gpxtpx:hr>156</gpxtpx:hr></gpxtpx:TrackPointExtension></extensions></trkpt><trkpt lat="60.255598" lon="24.91932"><ele>19.7</ele><time>2026-01-08T08:51:08Z</time></trkpt><trkpt lat="60.255607" lon="24.91939"><ele>18.8</ele><time>2026-01-08T08:51:09Z</time></trkpt><trkpt lat="60.255625" lon="24.919488"><ele>20.7</ele><time>2026-01-08T08:51:10Z</time></trkpt><trkpt lat="60.255637" lon="24.919548"><ele>19.7</ele><time>2026-01-08T08:51:11Z</time></trkpt><trkpt lat="60.255648" lon="24.919615"><ele>19.6</ele><time>2026-01-08T08:51:12Z</time></trkpt><trkpt lat="60.255682" lon="24.919662"><ele>20.2</ele><time>2026-01-08T08:51:13Z</time></trkpt><trkpt lat="60.2557" lon="24.919713"><ele>19.3</ele><time>2026-01-08T08:51:14Z</time><extensions><gpxtpx:TrackPointExtension><gpxtpx:hr>156</gpxtpx:hr></gpxtpx:TrackPointExtension></extensions></trkpt><trkpt lat="60.25571" lon="24.91975"><ele>17.0</ele><time>2026-01-08T08:51:15Z</time></trkpt><trkpt lat="60.255727" lon="24.91983"><ele>15.9</ele><time>2026-01-08T08:51:16Z</time><extensions><gpxtpx:TrackPointExtension><gpxtpx:hr>156</gpxtpx:hr></gpxtpx:TrackPointExtension></extensions></trkpt><trkpt lat="60.255733" lon="24.919893"><ele>17.1</ele><time>2026-01-08T08:51:17Z</time></trkpt><trkpt lat="60.25574" lon="24.919952"><ele>15.8</ele><time>2026-01-08T08:51:18Z</time></trkpt><trkpt lat="60.255765" lon="24.91998"><ele>15.4</ele><time>2026-01-08T08:51:19Z</time></trkpt><trkpt lat="60.25579" lon="24.92"><ele>15.5</ele><time>2026-01-08T08:51:20Z</time></trkpt><trkpt lat="60.255823" lon="24.920045"><ele>16.6</ele><time>2026-01-08T08:51:21Z</time><extensions><gpxtpx:TrackPointExtension><gpxtpx:hr>155</gpxtpx:hr></gpxtpx:TrackPointExtension></extensions></trkpt><trkpt lat="60.255857" lon="24.920055"><ele>16.4</ele><time>2026-01-08T08:51:22Z</time></trkpt><trkpt lat="60.255887" lon="24.92008"><ele>15.1</ele><time>2026-01-08T08:51:23Z</time></trkpt><trkpt lat="60.255913" lon="24.920095"><ele>14.9</ele><time>2026-01-08T08:51:24Z</time></trkpt><trkpt lat="60.255952" lon="24.920133"><ele>18.6</ele><time>2026-01-08T08:51:25Z</time></trkpt><trkpt lat="60.255983" lon="24.920152"><ele>19.4</ele><time>2026-01-08T08:51:26Z</time><extensions><gpxtpx:TrackPointExtension><gpxtpx:hr>154</gpxtpx:hr></gpxtpx:TrackPointExtension></extensions></trkpt><trkpt lat="60.256033" lon="24.920168"><ele>23.2</ele><time>2026-01-08T08:51:27Z</time></trkpt><trkpt lat="60.256188" lon="24.923192"><ele>21.5</ele><time>2026-01-08T08:52:26Z</time><extensions><gpxtpx:TrackPointExtension><gpxtpx:hr>156</gpxtpx:hr></gpxtpx:TrackPointExtension></extensions></trkpt><trkpt lat="60.256188" lon="24.923192"><ele>21.5</ele><time>2026-01-08T08:51:40Z</time><extensions><gpxtpx:TrackPointExtension><gpxtpx:hr>152</gpxtpx:hr></gpxtpx:TrackPointExtension></extensions></trkpt><trkpt lat="60.256188" lon="24.923192"><ele>21.5</ele><time>2026-01-08T08:51:45Z</time><extensions><gpxtpx:TrackPointExtension><gpxtpx:hr>153</gpxtpx:hr></gpxtpx:TrackPointExtension></extensions></trkpt><trkpt lat="60.256188" lon="24.923192"><ele>21.5</ele><time>2026-01-08T08:51:46Z</time><extensions><gpxtpx:TrackPointExtension><gpxtpx:hr>154</gpxtpx:hr></gpxtpx:TrackPointExtension></extensions></trkpt><trkpt lat="60.256188" lon="24.923192"><ele>21.5</ele><time>2026-01-08T08:51:51Z</time><extensions><gpxtpx:TrackPointExtension><gpxtpx:hr>155</gpxtpx:hr></gpxtpx:TrackPointExtension></extensions></trkpt><trkpt lat="60.256188" lon="24.923192"><ele>21.5</ele><time>2026-01-08T08:51:58Z</time><extensions><gpxtpx:TrackPointExtension><gpxtpx:hr>154</gpxtpx:hr></gpxtpx:TrackPointExtension></extensions></trkpt><trkpt lat="60.256188" lon="24.923192"><ele>21.5</ele><time>2026-01-08T08:52:05Z</time><extensions><gpxtpx:TrackPointExtension><gpxtpx:hr>154</gpxtpx:hr></gpxtpx:TrackPointExtension></extensions></trkpt><trkpt lat="60.256188" lon="24.923192"><ele>21.5</ele><time>2026-01-08T08:52:09Z</time><extensions><gpxtpx:TrackPointExtension><gpxtpx:hr>154</gpxtpx:hr></gpxtpx:TrackPointExtension></extensions></trkpt><trkpt lat="60.256188" lon="24.923192"><ele>21.5</ele><time>2026-01-08T08:52:13Z</time><extensions><gpxtpx:TrackPointExtension><gpxtpx:hr>154</gpxtpx:hr></gpxtpx:TrackPointExtension></extensions></trkpt><trkpt lat="60.256188" lon="24.923192"><ele>21.5</ele><time>2026-01-08T08:52:16Z</time><extensions><gpxtpx:TrackPointExtension><gpxtpx:hr>154</gpxtpx:hr></gpxtpx:TrackPointExtension></extensions></trkpt><trkpt lat="60.256188" lon="24.923192"><ele>21.5</ele><time>2026-01-08T08:52:21Z</time><extensions><gpxtpx:TrackPointExtension><gpxtpx:hr>153</gpxtpx:hr></gpxtpx:TrackPointExtension></extensions></trkpt><trkpt lat="60.25619" lon="24.923188"><ele>21.1</ele><time>2026-01-08T08:52:27Z</time><extensions><gpxtpx:TrackPointExtension><gpxtpx:hr>152</gpxtpx:hr></gpxtpx:TrackPointExtension></extensions></trkpt><trkpt lat="60.256192" lon="24.923175"><ele>20.7</ele><time>2026-01-08T08:52:28Z</time></trkpt><trkpt lat="60.256192" lon="24.923173"><ele>20.7</ele><time>2026-01-08T08:52:29Z</time></trkpt><trkpt lat="60.256185" lon="24.923177"><ele>20.7</ele><time>2026-01-08T08:52:30Z</time></trkpt><trkpt lat="60.256177" lon="24.923185"><ele>21.3</ele><time>2026-01-08T08:52:31Z</time><extensions><gpxtpx:TrackPointExtension><gpxtpx:hr>151</gpxtpx:hr></gpxtpx:TrackPointExtension></extensions></trkpt><trkpt lat="60.256173" lon="24.923187"><ele>22.3</ele><time>2026-01-08T08:52:32Z</time></trkpt><trkpt lat="60.256173" lon="24.92319"><ele>22.2</ele><time>2026-01-08T08:52:33Z</time></trkpt><trkpt lat="60.256173" lon="24.92319"><ele>22.2</ele><time>2026-01-08T08:52:34Z</time></trkpt></trkseg></trk></gpx>