<?xml version="1.0" encoding="UTF-8" standalone="no"?><gpx xmlns="http://www.topografix.com/GPX/1/1" xmlns:gpxtpx="http://www.garmin.com/xmlschemas/TrackPointExtension/v1" xmlns:xsi="http://www.w3.org/2001/XMLSchema-instance" creator="Sports Tracker" version="1.1" xsi:schemaLocation="http://www.topografix.com/GPX/1/1 http://www.topografix.com/GPX/1/1/gpx.xsd http://www.garmin.com/xmlschemas/TrackPointExtension/v1 http://www.garmin.com/xmlschemas/TrackPointExtensionv1.xsd"><metadata><name/><desc/><author><name>anttipehkonen240</name></author></metadata><trk><name/><trkseg><trkpt lat="60.230168" lon="24.96656"><ele>24.6</ele><time>2026-03-24T07:38:59Z</time></trkpt><trkpt lat="60.230168" lon="24.96656"><ele>24.6</ele><time>2026-03-24T07:39:17Z</time><extensions><gpxtpx:TrackPointExtension><gpxtpx:hr>95</gpxtpx:hr></gpxtpx:TrackPointExtension></extensions></trkpt><trkpt lat="60.230168" lon="24.96656"><ele>24.6</ele><time>2026-03-24T07:39:22Z</time><extensions><gpxtpx:TrackPointExtension><gpxtpx:hr>94</gpxtpx:hr></gpxtpx:TrackPointExtension></extensions></trkpt><trkpt lat="60.230168" lon="24.96656"><ele>24.6</ele><time>2026-03-24T07:39:26Z</time><extensions><gpxtpx:TrackPointExtension><gpxtpx:hr>92</gpxtpx:hr></gpxtpx:TrackPointExtension></extensions></trkpt><trkpt lat="60.230168" lon="24.96656"><ele>24.6</ele><time>2026-03-24T07:39:28Z</time><extensions><gpxtpx:TrackPointExtension><gpxtpx:hr>90</gpxtpx:hr></gpxtpx:TrackPointExtension></extensions></trkpt><trkpt lat="60.230168" lon="24.96656"><ele>24.6</ele><time>2026-03-24T07:39:33Z</time><extensions><gpxtpx:TrackPointExtension><gpxtpx:hr>92</gpxtpx:hr></gpxtpx:TrackPointExtension></extensions></trkpt><trkpt lat="60.230168" lon="24.96656"><ele>24.6</ele><time>2026-03-24T07:39:38Z</time><extensions><gpxtpx:TrackPointExtension><gpxtpx:hr>95</gpxtpx:hr></gpxtpx:TrackPointExtension></extensions></trkpt><trkpt lat="60.230168" lon="24.96656"><ele>24.6</ele><time>2026-03-24T07:39:47Z</time><extensions><gpxtpx:TrackPointExtension><gpxtpx:hr>93</gpxtpx:hr></gpxtpx:TrackPointExtension></extensions></trkpt><trkpt lat="60.230168" lon="24.96656"><ele>24.6</ele><time>2026-03-24T07:39:51Z</time><extensions><gpxtpx:TrackPointExtension><gpxtpx:hr>93</gpxtpx:hr></gpxtpx:TrackPointExtension></extensions></trkpt><trkpt lat="60.230168" lon="24.96656"><ele>24.6</ele><time>2026-03-24T07:39:53Z</time><extensions><gpxtpx:TrackPointExtension><gpxtpx:hr>92</gpxtpx:hr></gpxtpx:TrackPointExtension></extensions></trkpt><trkpt lat="60.230168" lon="24.96656"><ele>24.6</ele><time>2026-03-24T07:39:58Z</time><extensions><gpxtpx:TrackPointExtension><gpxtpx:hr>91</gpxtpx:hr></gpxtpx:TrackPointExtension></extensions></trkpt><trkpt lat="60.230168" lon="24.96656"><ele>24.6</ele><time>2026-03-24T07:40:07Z</time><extensions><gpxtpx:TrackPointExtension><gpxtpx:hr>89</gpxtpx:hr></gpxtpx:TrackPointExtension></extensions></trkpt><trkpt lat="60.230168" lon="24.96656"><ele>24.6</ele><time>2026-03-24T07:40:12Z</time><extensions><gpxtpx:TrackPointExtension><gpxtpx:hr>96</gpxtpx:hr></gpxtpx:TrackPointExtension></extensions></trkpt><trkpt lat="60.230168" lon="24.96656"><ele>24.6</ele><time>2026-03-24T07:40:16Z</time><extensions><gpxtpx:TrackPointExtension><gpxtpx:hr>97</gpxtpx:hr></gpxtpx:TrackPointExtension></extensions></trkpt><trkpt lat="60.230168" lon="24.96656"><ele>24.6</ele><time>2026-03-24T07:40:20Z</time><extensions><gpxtpx:TrackPointExtension><gpxtpx:hr>98</gpxtpx:hr></gpxtpx:TrackPointExtension></extensions></trkpt><trkpt lat="60.230168" lon="24.96656"><ele>24.6</ele><time>2026-03-24T07:40:26Z</time><extensions><gpxtpx:TrackPointExtension><gpxtpx:hr>101</gpxtpx:hr></gpxtpx:TrackPointExtension></extensions></trkpt><trkpt lat="60.230168" lon="24.96656"><ele>24.6</ele><time>2026-03-24T07:40:28Z</time><extensions><gpxtpx:TrackPointExtension><gpxtpx:hr>103</gpxtpx:hr></gpxtpx:TrackPointExtension></extensions></trkpt><trkpt lat="60.230168" lon="24.96656"><ele>24.6</ele><time>2026-03-24T07:40:37Z</time><extensions><gpxtpx:TrackPointExtension><gpxtpx:hr>105</gpxtpx:hr></gpxtpx:TrackPointExtension></extensions></trkpt><trkpt lat="60.230168" lon="24.96656"><ele>24.6</ele><time>2026-03-24T07:40:40Z</time><extensions><gpxtpx:TrackPointExtension><gpxtpx:hr>105</gpxtpx:hr></gpxtpx:TrackPointExtension></extensions></trkpt><trkpt lat="60.230168" lon="24.96656"><ele>24.6</ele><time>2026-03-24T07:40:45Z</time><extensions><gpxtpx:TrackPointExtension><gpxtpx:hr>105</gpxtpx:hr></gpxtpx:TrackPointExtension></extensions></trkpt><trkpt lat="60.230168" lon="24.96656"><ele>24.6</ele><time>2026-03-24T07:40:48Z</time><extensions><gpxtpx:TrackPointExtension><gpxtpx:hr>105</gpxtpx:hr></gpxtpx:TrackPointExtension></extensions></trkpt><trkpt lat="60.230168" lon="24.96656"><ele>24.6</ele><time>2026-03-24T07:40:54Z</time><extensions><gpxtpx:TrackPointExtension><gpxtpx:hr>108</gpxtpx:hr></gpxtpx:TrackPointExtension></extensions></trkpt><trkpt lat="60.230168" lon="24.96656"><ele>24.6</ele><time>2026-03-24T07:40:58Z</time><extensions><gpxtpx:TrackPointExtension><gpxtpx:hr>113</gpxtpx:hr></gpxtpx:TrackPointExtension></extensions></trkpt><trkpt lat="60.230168" lon="24.96656"><ele>24.6</ele><time>2026-03-24T07:41:07Z</time><extensions><gpxtpx:TrackPointExtension><gpxtpx:hr>119</gpxtpx:hr></gpxtpx:TrackPointExtension></extensions></trkpt><trkpt lat="60.230168" lon="24.96656"><ele>24.6</ele><time>2026-03-24T07:41:12Z</time><extensions><gpxtpx:TrackPointExtension><gpxtpx:hr>120</gpxtpx:hr></gpxtpx:TrackPointExtension></extensions></trkpt><trkpt lat="60.230168" lon="24.96656"><ele>24.6</ele><time>2026-03-24T07:41:15Z</time><extensions><gpxtpx:TrackPointExtension><gpxtpx:hr>121</gpxtpx:hr></gpxtpx:TrackPointExtension></extensions></trkpt><trkpt lat="60.230168" lon="24.96656"><ele>24.6</ele><time>2026-03-24T07:41:22Z</time><extensions><gpxtpx:TrackPointExtension><gpxtpx:hr>124</gpxtpx:hr></gpxtpx:TrackPointExtension></extensions></trkpt><trkpt lat="60.230168" lon="24.96656"><ele>24.6</ele><time>2026-03-24T07:41:23Z</time><extensions><gpxtpx:TrackPointExtension><gpxtpx:hr>125</gpxtpx:hr></gpxtpx:TrackPointExtension></extensions></trkpt><trkpt lat="60.230168" lon="24.96656"><ele>24.6</ele><time>2026-03-24T07:41:32Z</time><extensions><gpxtpx:TrackPointExtension><gpxtpx:hr>127</gpxtpx:hr></gpxtpx:TrackPointExtension></extensions></trkpt><trkpt lat="60.230168" lon="24.96656"><ele>24.6</ele><time>2026-03-24T07:41:36Z</time><extensions><gpxtpx:TrackPointExtension><gpxtpx:hr>126</gpxtpx:hr></gpxtpx:TrackPointExtension></extensions></trkpt><trkpt lat="60.230168" lon="24.96656"><ele>24.6</ele><time>2026-03-24T07:41:40Z</time><extensions><gpxtpx:TrackPointExtension><gpxtpx:hr>127</gpxtpx:hr></gpxtpx:TrackPointExtension></extensions></trkpt><trkpt lat="60.230168" lon="24.96656"><ele>24.6</ele><time>2026-03-24T07:41:44Z</time><extensions><gpxtpx:TrackPointExtension><gpxtpx:hr>126</gpxtpx:hr></gpxtpx:TrackPointExtension></extensions></trkpt><trkpt lat="60.230168" lon="24.96656"><ele>24.6</ele><time>2026-03-24T07:41:48Z</time><extensions><gpxtpx:TrackPointExtension><gpxtpx:hr>124</gpxtpx:hr></gpxtpx:TrackPointExtension></extensions></trkpt><trkpt lat="60.230168" lon="24.96656"><ele>24.6</ele><time>2026-03-24T07:41:54Z</time><extensions><gpxtpx:TrackPointExtension><gpxtpx:hr>120</gpxtpx:hr></gpxtpx:TrackPointExtension></extensions></trkpt><trkpt lat="60.230168" lon="24.96656"><ele>24.6</ele><time>2026-03-24T07:41:59Z</time><extensions><gpxtpx:TrackPointExtension><gpxtpx:hr>119</gpxtpx:hr></gpxtpx:TrackPointExtension></extensions></trkpt><trkpt lat="60.230168" lon="24.96656"><ele>24.6</ele><time>2026-03-24T07:42:06Z</time><extensions><gpxtpx:TrackPointExtension><gpxtpx:hr>115</gpxtpx:hr></gpxtpx:TrackPointExtension></extensions></trkpt><trkpt lat="60.230168" lon="24.96656"><ele>24.6</ele><time>2026-03-24T07:42:08Z</time><extensions><gpxtpx:TrackPointExtension><gpxtpx:hr>114</gpxtpx:hr></gpxtpx:TrackPointExtension></extensions></trkpt><trkpt lat="60.230168" lon="24.96656"><ele>24.6</ele><time>2026-03-24T07:42:13Z</time><extensions><gpxtpx:TrackPointExtension><gpxtpx:hr>111</gpxtpx:hr></gpxtpx:TrackPointExtension></extensions></trkpt><trkpt lat="60.230168" lon="24.96656"><ele>24.6</ele><time>2026-03-24T07:42:19Z</time><extensions><gpxtpx:TrackPointExtension><gpxtpx:hr>114</gpxtpx:hr></gpxtpx:TrackPointExtension></extensions></trkpt><trkpt lat="60.230168" lon="24.96656"><ele>24.6</ele><time>2026-03-24T07:42:25Z</time><extensions><gpxtpx:TrackPointExtension><gpxtpx:hr>113</gpxtpx:hr></gpxtpx:TrackPointExtension></extensions></trkpt><trkpt lat="60.230168" lon="24.96656"><ele>24.6</ele><time>2026-03-24T07:42:32Z</time><extensions><gpxtpx:TrackPointExtension><gpxtpx:hr>111</gpxtpx:hr></gpxtpx:TrackPointExtension></extensions></trkpt><trkpt lat="60.230168" lon="24.96656"><ele>24.6</ele><time>2026-03-24T07:42:33Z</time><extensions><gpxtpx:TrackPointExtension><gpxtpx:hr>112</gpxtpx:hr></gpxtpx:TrackPointExtension></extensions></trkpt><trkpt lat="60.230168" lon="24.96656"><ele>24.6</ele><time>2026-03-24T07:42:41Z</time><extensions><gpxtpx:TrackPointExtension><gpxtpx:hr>107</gpxtpx:hr></gpxtpx:TrackPointExtension></extensions></trkpt><trkpt lat="60.230168" lon="24.96656"><ele>24.6</ele><time>2026-03-24T07:42:47Z</time><extensions><gpxtpx:TrackPointExtension><gpxtpx:hr>109</gpxtpx:hr></gpxtpx:TrackPointExtension></extensions></trkpt><trkpt lat="60.230168" lon="24.96656"><ele>24.6</ele><time>2026-03-24T07:42:48Z</time><extensions><gpxtpx:TrackPointExtension><gpxtpx:hr>110</gpxtpx:hr></gpxtpx:TrackPointExtension></extensions></trkpt><trkpt lat="60.230168" lon="24.96656"><ele>24.6</ele><time>2026-03-24T07:42:56Z</time><extensions><gpxtpx:TrackPointExtension><gpxtpx:hr>113</gpxtpx:hr></gpxtpx:TrackPointExtension></extensions></trkpt><trkpt lat="60.230168" lon="24.96656"><ele>24.6</ele><time>2026-03-24T07:43:02Z</time><extensions><gpxtpx:TrackPointExtension><gpxtpx:hr>110</gpxtpx:hr></gpxtpx:TrackPointExtension></extensions></trkpt><trkpt lat="60.230168" lon="24.96656"><ele>24.6</ele><time>2026-03-24T07:43:04Z</time><extensions><gpxtpx:TrackPointExtension><gpxtpx:hr>110</gpxtpx:hr></gpxtpx:TrackPointExtension></extensions></trkpt><trkpt lat="60.230168" lon="24.96656"><ele>24.6</ele><time>2026-03-24T07:43:08Z</time><extensions><gpxtpx:TrackPointExtension><gpxtpx:hr>108</gpxtpx:hr></gpxtpx:TrackPointExtension></extensions></trkpt><trkpt lat="60.230168" lon="24.96656"><ele>24.6</ele><time>2026-03-24T07:43:13Z</time><extensions><gpxtpx:TrackPointExtension><gpxtpx:hr>107</gpxtpx:hr></gpxtpx:TrackPointExtension></extensions></trkpt><trkpt lat="60.230168" lon="24.96656"><ele>24.6</ele><time>2026-03-24T07:43:20Z</time><extensions><gpxtpx:TrackPointExtension><gpxtpx:hr>104</gpxtpx:hr></gpxtpx:TrackPointExtension></extensions></trkpt><trkpt lat="60.230168" lon="24.96656"><ele>24.6</ele><time>2026-03-24T07:43:23Z</time><extensions><gpxtpx:TrackPointExtension><gpxtpx:hr>100</gpxtpx:hr></gpxtpx:TrackPointExtension></extensions></trkpt><trkpt lat="60.230168" lon="24.96656"><ele>24.6</ele><time>2026-03-24T07:43:28Z</time><extensions><gpxtpx:TrackPointExtension><gpxtpx:hr>95</gpxtpx:hr></gpxtpx:TrackPointExtension></extensions></trkpt><trkpt lat="60.230168" lon="24.96656"><ele>24.6</ele><time>2026-03-24T07:43:33Z</time><extensions><gpxtpx:TrackPointExtension><gpxtpx:hr>96</gpxtpx:hr></gpxtpx:TrackPointExtension></extensions></trkpt><trkpt lat="60.230168" lon="24.96656"><ele>24.6</ele><time>2026-03-24T07:43:41Z</time><extensions><gpxtpx:TrackPointExtension><gpxtpx:hr>94</gpxtpx:hr></gpxtpx:TrackPointExtension></extensions></trkpt><trkpt lat="60.230168" lon="24.96656"><ele>24.6</ele><time>2026-03-24T07:43:45Z</time><extensions><gpxtpx:TrackPointExtension><gpxtpx:hr>94</gpxtpx:hr></gpxtpx:TrackPointExtension></extensions></trkpt><trkpt lat="60.230168" lon="24.96656"><ele>24.6</ele><time>2026-03-24T07:43:52Z</time><extensions><gpxtpx:TrackPointExtension><gpxtpx:hr>91</gpxtpx:hr></gpxtpx:TrackPointExtension></extensions></trkpt><trkpt lat="60.230168" lon="24.96656"><ele>24.6</ele><time>2026-03-24T07:43:54Z</time><extensions><gpxtpx:TrackPointExtension><gpxtpx:hr>91</gpxtpx:hr></gpxtpx:TrackPointExtension></extensions></trkpt><trkpt lat="60.230168" lon="24.96656"><ele>24.6</ele><time>2026-03-24T07:44:02Z</time><extensions><gpxtpx:TrackPointExtension><gpxtpx:hr>86</gpxtpx:hr></gpxtpx:TrackPointExtension></extensions></trkpt><trkpt lat="60.230168" lon="24.96656"><ele>24.6</ele><time>2026-03-24T07:44:07Z</time><extensions><gpxtpx:TrackPointExtension><gpxtpx:hr>84</gpxtpx:hr></gpxtpx:TrackPointExtension></extensions></trkpt><trkpt lat="60.230168" lon="24.96656"><ele>24.6</ele><time>2026-03-24T07:44:10Z</time><extensions><gpxtpx:TrackPointExtension><gpxtpx:hr>83</gpxtpx:hr></gpxtpx:TrackPointExtension></extensions></trkpt><trkpt lat="60.230168" lon="24.96656"><ele>24.6</ele><time>2026-03-24T07:44:17Z</time><extensions><gpxtpx:TrackPointExtension><gpxtpx:hr>77</gpxtpx:hr></gpxtpx:TrackPointExtension></extensions></trkpt><trkpt lat="60.230168" lon="24.96656"><ele>24.6</ele><time>2026-03-24T07:44:19Z</time><extensions><gpxtpx:TrackPointExtension><gpxtpx:hr>77</gpxtpx:hr></gpxtpx:TrackPointExtension></extensions></trkpt><trkpt lat="60.230168" lon="24.96656"><ele>24.6</ele><time>2026-03-24T07:44:23Z</time><extensions><gpxtpx:TrackPointExtension><gpxtpx:hr>81</gpxtpx:hr></gpxtpx:TrackPointExtension></extensions></trkpt><trkpt lat="60.230168" lon="24.96656"><ele>24.6</ele><time>2026-03-24T07:44:30Z</time><extensions><gpxtpx:TrackPointExtension><gpxtpx:hr>85</gpxtpx:hr></gpxtpx:TrackPointExtension></extensions></trkpt><trkpt lat="60.230168" lon="24.96656"><ele>24.6</ele><time>2026-03-24T07:44:33Z</time><extensions><gpxtpx:TrackPointExtension><gpxtpx:hr>84</gpxtpx:hr></gpxtpx:TrackPointExtension></extensions></trkpt><trkpt lat="60.230168" lon="24.96656"><ele>24.6</ele><time>2026-03-24T07:44:38Z</time><extensions><gpxtpx:TrackPointExtension><gpxtpx:hr>85</gpxtpx:hr></gpxtpx:TrackPointExtension></extensions></trkpt><trkpt lat="60.230168" lon="24.96656"><ele>24.6</ele><time>2026-03-24T07:44:46Z</time><extensions><gpxtpx:TrackPointExtension><gpxtpx:hr>90</gpxtpx:hr></gpxtpx:TrackPointExtension></extensions></trkpt><trkpt lat="60.230168" lon="24.96656"><ele>24.6</ele><time>2026-03-24T07:44:49Z</time><extensions><gpxtpx:TrackPointExtension><gpxtpx:hr>97</gpxtpx:hr></gpxtpx:TrackPointExtension></extensions></trkpt><trkpt lat="60.230168" lon="24.96656"><ele>24.6</ele><time>2026-03-24T07:44:57Z</time><extensions><gpxtpx:TrackPointExtension><gpxtpx:hr>105</gpxtpx:hr></gpxtpx:TrackPointExtension></extensions></trkpt><trkpt lat="60.230168" lon="24.96656"><ele>24.6</ele><time>2026-03-24T07:45:00Z</time><extensions><gpxtpx:TrackPointExtension><gpxtpx:hr>107</gpxtpx:hr></gpxtpx:TrackPointExtension></extensions></trkpt><trkpt lat="60.230168" lon="24.96656"><ele>24.6</ele><time>2026-03-24T07:45:07Z</time><extensions><gpxtpx:TrackPointExtension><gpxtpx:hr>114</gpxtpx:hr></gpxtpx:TrackPointExtension></extensions></trkpt><trkpt lat="60.230168" lon="24.96656"><ele>24.6</ele><time>2026-03-24T07:45:11Z</time><extensions><gpxtpx:TrackPointExtension><gpxtpx:hr>113</gpxtpx:hr></gpxtpx:TrackPointExtension></extensions></trkpt><trkpt lat="60.230168" lon="24.96656"><ele>24.6</ele><time>2026-03-24T07:45:14Z</time><extensions><gpxtpx:TrackPointExtension><gpxtpx:hr>109</gpxtpx:hr></gpxtpx:TrackPointExtension></extensions></trkpt><trkpt lat="60.230168" lon="24.96656"><ele>24.6</ele><time>2026-03-24T07:45:22Z</time><extensions><gpxtpx:TrackPointExtension><gpxtpx:hr>96</gpxtpx:hr></gpxtpx:TrackPointExtension></extensions></trkpt><trkpt lat="60.230168" lon="24.96656"><ele>24.6</ele><time>2026-03-24T07:45:27Z</time><extensions><gpxtpx:TrackPointExtension><gpxtpx:hr>95</gpxtpx:hr></gpxtpx:TrackPointExtension></extensions></trkpt><trkpt lat="60.230168" lon="24.96656"><ele>24.6</ele><time>2026-03-24T07:45:30Z</time><extensions><gpxtpx:TrackPointExtension><gpxtpx:hr>96</gpxtpx:hr></gpxtpx:TrackPointExtension></extensions></trkpt><trkpt lat="60.230168" lon="24.96656"><ele>24.6</ele><time>2026-03-24T07:45:37Z</time><extensions><gpxtpx:TrackPointExtension><gpxtpx:hr>90</gpxtpx:hr></gpxtpx:TrackPointExtension></extensions></trkpt><trkpt lat="60.230168" lon="24.96656"><ele>24.6</ele><time>2026-03-24T07:45:41Z</time><extensions><gpxtpx:TrackPointExtension><gpxtpx:hr>87</gpxtpx:hr></gpxtpx:TrackPointExtension></extensions></trkpt><trkpt lat="60.230168" lon="24.96656"><ele>24.6</ele><time>2026-03-24T07:45:44Z</time><extensions><gpxtpx:TrackPointExtension><gpxtpx:hr>87</gpxtpx:hr></gpxtpx:TrackPointExtension></extensions></trkpt><trkpt lat="60.230168" lon="24.96656"><ele>24.6</ele><time>2026-03-24T07:45:48Z</time><extensions><gpxtpx:TrackPointExtension><gpxtpx:hr>86</gpxtpx:hr></gpxtpx:TrackPointExtension></extensions></trkpt><trkpt lat="60.230168" lon="24.96656"><ele>24.6</ele><time>2026-03-24T07:45:54Z</time><extensions><gpxtpx:TrackPointExtension><gpxtpx:hr>83</gpxtpx:hr></gpxtpx:TrackPointExtension></extensions></trkpt><trkpt lat="60.230168" lon="24.96656"><ele>24.6</ele><time>2026-03-24T07:45:58Z</time><extensions><gpxtpx:TrackPointExtension><gpxtpx:hr>86</gpxtpx:hr></gpxtpx:TrackPointExtension></extensions></trkpt><trkpt lat="60.230168" lon="24.96656"><ele>24.6</ele><time>2026-03-24T07:46:03Z</time><extensions><gpxtpx:TrackPointExtension><gpxtpx:hr>95</gpxtpx:hr></gpxtpx:TrackPointExtension></extensions></trkpt><trkpt lat="60.230168" lon="24.96656"><ele>24.6</ele><time>2026-03-24T07:46:08Z</time><extensions><gpxtpx:TrackPointExtension><gpxtpx:hr>101</gpxtpx:hr></gpxtpx:TrackPointExtension></extensions></trkpt><trkpt lat="60.230168" lon="24.96656"><ele>24.6</ele><time>2026-03-24T07:46:14Z</time><extensions><gpxtpx:TrackPointExtension><gpxtpx:hr>107</gpxtpx:hr></gpxtpx:TrackPointExtension></extensions></trkpt><trkpt lat="60.230168" lon="24.96656"><ele>24.6</ele><time>2026-03-24T07:46:21Z</time><extensions><gpxtpx:TrackPointExtension><gpxtpx:hr>109</gpxtpx:hr></gpxtpx:TrackPointExtension></extensions></trkpt><trkpt lat="60.230168" lon="24.96656"><ele>24.6</ele><time>2026-03-24T07:46:27Z</time><extensions><gpxtpx:TrackPointExtension><gpxtpx:hr>92</gpxtpx:hr></gpxtpx:TrackPointExtension></extensions></trkpt><trkpt lat="60.230168" lon="24.96656"><ele>24.6</ele><time>2026-03-24T07:46:32Z</time><extensions><gpxtpx:TrackPointExtension><gpxtpx:hr>85</gpxtpx:hr></gpxtpx:TrackPointExtension></extensions></trkpt><trkpt lat="60.230168" lon="24.96656"><ele>24.6</ele><time>2026-03-24T07:46:37Z</time><extensions><gpxtpx:TrackPointExtension><gpxtpx:hr>85</gpxtpx:hr></gpxtpx:TrackPointExtension></extensions></trkpt><trkpt lat="60.230168" lon="24.96656"><ele>24.6</ele><time>2026-03-24T07:46:40Z</time><extensions><gpxtpx:TrackPointExtension><gpxtpx:hr>84</gpxtpx:hr></gpxtpx:TrackPointExtension></extensions></trkpt><trkpt lat="60.230168" lon="24.96656"><ele>24.6</ele><time>2026-03-24T07:46:46Z</time><extensions><gpxtpx:TrackPointExtension><gpxtpx:hr>82</gpxtpx:hr></gpxtpx:TrackPointExtension></extensions></trkpt><trkpt lat="60.230168" lon="24.96656"><ele>24.6</ele><time>2026-03-24T07:46:52Z</time><extensions><gpxtpx:TrackPointExtension><gpxtpx:hr>82</gpxtpx:hr></gpxtpx:TrackPointExtension></extensions></trkpt><trkpt lat="60.230168" lon="24.96656"><ele>24.6</ele><time>2026-03-24T07:46:53Z</time><extensions><gpxtpx:TrackPointExtension><gpxtpx:hr>82</gpxtpx:hr></gpxtpx:TrackPointExtension></extensions></trkpt><trkpt lat="60.230168" lon="24.96656"><ele>24.6</ele><time>2026-03-24T07:47:01Z</time><extensions><gpxtpx:TrackPointExtension><gpxtpx:hr>84</gpxtpx:hr></gpxtpx:TrackPointExtension></extensions></trkpt><trkpt lat="60.230168" lon="24.96656"><ele>24.6</ele><time>2026-03-24T07:47:03Z</time><extensions><gpxtpx:TrackPointExtension><gpxtpx:hr>84</gpxtpx:hr></gpxtpx:TrackPointExtension></extensions></trkpt><trkpt lat="60.230168" lon="24.96656"><ele>24.6</ele><time>2026-03-24T07:47:08Z</time><extensions><gpxtpx:TrackPointExtension><gpxtpx:hr>84</gpxtpx:hr></gpxtpx:TrackPointExtension></extensions></trkpt><trkpt lat="60.230168" lon="24.96656"><ele>24.6</ele><time>2026-03-24T07:47:17Z</time><extensions><gpxtpx:TrackPointExtension><gpxtpx:hr>81</gpxtpx:hr></gpxtpx:TrackPointExtension></extensions></trkpt><trkpt lat="60.230168" lon="24.96656"><ele>24.6</ele><time>2026-03-24T07:47:22Z</time><extensions><gpxtpx:TrackPointExtension><gpxtpx:hr>79</gpxtpx:hr></gpxtpx:TrackPointExtension></extensions></trkpt><trkpt lat="60.230168" lon="24.96656"><ele>24.6</ele><time>2026-03-24T07:47:27Z</time><extensions><gpxtpx:TrackPointExtension><gpxtpx:hr>77</gpxtpx:hr></gpxtpx:TrackPointExtension></extensions></trkpt><trkpt lat="60.230168" lon="24.96656"><ele>24.6</ele><time>2026-03-24T07:47:32Z</time><extensions><gpxtpx:TrackPointExtension><gpxtpx:hr>77</gpxtpx:hr></gpxtpx:TrackPointExtension></extensions></trkpt><trkpt lat="60.230168" lon="24.96656"><ele>24.6</ele><time>2026-03-24T07:47:36Z</time><extensions><gpxtpx:TrackPointExtension><gpxtpx:hr>77</gpxtpx:hr></gpxtpx:TrackPointExtension></extensions></trkpt><trkpt lat="60.230168" lon="24.96656"><ele>24.6</ele><time>2026-03-24T07:47:38Z</time><extensions><gpxtpx:TrackPointExtension><gpxtpx:hr>77</gpxtpx:hr></gpxtpx:TrackPointExtension></extensions></trkpt><trkpt lat="60.230168" lon="24.96656"><ele>24.6</ele><time>2026-03-24T07:47:43Z</time><extensions><gpxtpx:TrackPointExtension><gpxtpx:hr>77</gpxtpx:hr></gpxtpx:TrackPointExtension></extensions></trkpt><trkpt lat="60.230168" lon="24.96656"><ele>24.6</ele><time>2026-03-24T07:47:50Z</time><extensions><gpxtpx:TrackPointExtension><gpxtpx:hr>81</gpxtpx:hr></gpxtpx:TrackPointExtension></extensions></trkpt><trkpt lat="60.230168" lon="24.96656"><ele>24.6</ele><time>2026-03-24T07:47:53Z</time><extensions><gpxtpx:TrackPointExtension><gpxtpx:hr>83</gpxtpx:hr></gpxtpx:TrackPointExtension></extensions></trkpt><trkpt lat="60.230168" lon="24.96656"><ele>24.6</ele><time>2026-03-24T07:47:59Z</time><extensions><gpxtpx:TrackPointExtension><gpxtpx:hr>83</gpxtpx:hr></gpxtpx:TrackPointExtension></extensions></trkpt><trkpt lat="60.230168" lon="24.96656"><ele>24.6</ele><time>2026-03-24T07:48:03Z</time><extensions><gpxtpx:TrackPointExtension><gpxtpx:hr>86</gpxtpx:hr></gpxtpx:TrackPointExtension></extensions></trkpt><trkpt lat="60.230168" lon="24.96656"><ele>24.6</ele><time>2026-03-24T07:48:08Z</time><extensions><gpxtpx:TrackPointExtension><gpxtpx:hr>93</gpxtpx:hr></gpxtpx:TrackPointExtension></extensions></trkpt><trkpt lat="60.230168" lon="24.96656"><ele>24.6</ele><time>2026-03-24T07:48:13Z</time><extensions><gpxtpx:TrackPointExtension><gpxtpx:hr>94</gpxtpx:hr></gpxtpx:TrackPointExtension></extensions></trkpt><trkpt lat="60.230168" lon="24.96656"><ele>24.6</ele><time>2026-03-24T07:48:27Z</time><extensions><gpxtpx:TrackPointExtension><gpxtpx:hr>103</gpxtpx:hr></gpxtpx:TrackPointExtension></extensions></trkpt><trkpt lat="60.230168" lon="24.96656"><ele>24.6</ele><time>2026-03-24T07:48:32Z</time><extensions><gpxtpx:TrackPointExtension><gpxtpx:hr>107</gpxtpx:hr></gpxtpx:TrackPointExtension></extensions></trkpt><trkpt lat="60.230168" lon="24.96656"><ele>24.6</ele><time>2026-03-24T07:48:37Z</time><extensions><gpxtpx:TrackPointExtension><gpxtpx:hr>104</gpxtpx:hr></gpxtpx:TrackPointExtension></extensions></trkpt><trkpt lat="60.230168" lon="24.96656"><ele>24.6</ele><time>2026-03-24T07:48:42Z</time><extensions><gpxtpx:TrackPointExtension><gpxtpx:hr>99</gpxtpx:hr></gpxtpx:TrackPointExtension></extensions></trkpt><trkpt lat="60.230168" lon="24.96656"><ele>24.6</ele><time>2026-03-24T07:48:44Z</time><extensions><gpxtpx:TrackPointExtension><gpxtpx:hr>98</gpxtpx:hr></gpxtpx:TrackPointExtension></extensions></trkpt><trkpt lat="60.230168" lon="24.96656"><ele>24.6</ele><time>2026-03-24T07:48:48Z</time><extensions><gpxtpx:TrackPointExtension><gpxtpx:hr>98</gpxtpx:hr></gpxtpx:TrackPointExtension></extensions></trkpt><trkpt lat="60.230168" lon="24.96656"><ele>24.6</ele><time>2026-03-24T07:48:57Z</time><extensions><gpxtpx:TrackPointExtension><gpxtpx:hr>92</gpxtpx:hr></gpxtpx:TrackPointExtension></extensions></trkpt><trkpt lat="60.230168" lon="24.96656"><ele>24.6</ele><time>2026-03-24T07:48:58Z</time><extensions><gpxtpx:TrackPointExtension><gpxtpx:hr>91</gpxtpx:hr></gpxtpx:TrackPointExtension></extensions></trkpt><trkpt lat="60.230168" lon="24.96656"><ele>24.6</ele><time>2026-03-24T07:49:05Z</time><extensions><gpxtpx:TrackPointExtension><gpxtpx:hr>84</gpxtpx:hr></gpxtpx:TrackPointExtension></extensions></trkpt><trkpt lat="60.230168" lon="24.96656"><ele>24.6</ele><time>2026-03-24T07:49:09Z</time><extensions><gpxtpx:TrackPointExtension><gpxtpx:hr>83</gpxtpx:hr></gpxtpx:TrackPointExtension></extensions></trkpt><trkpt lat="60.230168" lon="24.96656"><ele>24.6</ele><time>2026-03-24T07:49:13Z</time><extensions><gpxtpx:TrackPointExtension><gpxtpx:hr>82</gpxtpx:hr></gpxtpx:TrackPointExtension></extensions></trkpt><trkpt lat="60.230168" lon="24.96656"><ele>24.6</ele><time>2026-03-24T07:49:18Z</time><extensions><gpxtpx:TrackPointExtension><gpxtpx:hr>84</gpxtpx:hr></gpxtpx:TrackPointExtension></extensions></trkpt><trkpt lat="60.230168" lon="24.96656"><ele>24.6</ele><time>2026-03-24T07:49:23Z</time><extensions><gpxtpx:TrackPointExtension><gpxtpx:hr>91</gpxtpx:hr></gpxtpx:TrackPointExtension></extensions></trkpt><trkpt lat="60.230168" lon="24.96656"><ele>24.6</ele><time>2026-03-24T07:49:28Z</time><extensions><gpxtpx:TrackPointExtension><gpxtpx:hr>100</gpxtpx:hr></gpxtpx:TrackPointExtension></extensions></trkpt><trkpt lat="60.230168" lon="24.96656"><ele>24.6</ele><time>2026-03-24T07:49:33Z</time><extensions><gpxtpx:TrackPointExtension><gpxtpx:hr>107</gpxtpx:hr></gpxtpx:TrackPointExtension></extensions></trkpt><trkpt lat="60.230168" lon="24.96656"><ele>24.6</ele><time>2026-03-24T07:49:44Z</time><extensions><gpxtpx:TrackPointExtension><gpxtpx:hr>110</gpxtpx:hr></gpxtpx:TrackPointExtension></extensions></trkpt><trkpt lat="60.230168" lon="24.96656"><ele>24.6</ele><time>2026-03-24T07:49:52Z</time><extensions><gpxtpx:TrackPointExtension><gpxtpx:hr>91</gpxtpx:hr></gpxtpx:TrackPointExtension></extensions></trkpt><trkpt lat="60.230168" lon="24.96656"><ele>24.6</ele><time>2026-03-24T07:49:57Z</time><extensions><gpxtpx:TrackPointExtension><gpxtpx:hr>82</gpxtpx:hr></gpxtpx:TrackPointExtension></extensions></trkpt><trkpt lat="60.230168" lon="24.96656"><ele>24.6</ele><time>2026-03-24T07:49:59Z</time><extensions><gpxtpx:TrackPointExtension><gpxtpx:hr>83</gpxtpx:hr></gpxtpx:TrackPointExtension></extensions></trkpt><trkpt lat="60.230168" lon="24.96656"><ele>24.6</ele><time>2026-03-24T07:50:03Z</time><extensions><gpxtpx:TrackPointExtension><gpxtpx:hr>84</gpxtpx:hr></gpxtpx:TrackPointExtension></extensions></trkpt><trkpt lat="60.230168" lon="24.96656"><ele>24.6</ele><time>2026-03-24T07:50:12Z</time><extensions><gpxtpx:TrackPointExtension><gpxtpx:hr>84</gpxtpx:hr></gpxtpx:TrackPointExtension></extensions></trkpt><trkpt lat="60.230168" lon="24.96656"><ele>24.6</ele><time>2026-03-24T07:50:14Z</time><extensions><gpxtpx:TrackPointExtension><gpxtpx:hr>85</gpxtpx:hr></gpxtpx:TrackPointExtension></extensions></trkpt><trkpt lat="60.230168" lon="24.96656"><ele>24.6</ele><time>2026-03-24T07:50:22Z</time><extensions><gpxtpx:TrackPointExtension><gpxtpx:hr>81</gpxtpx:hr></gpxtpx:TrackPointExtension></extensions></trkpt><trkpt lat="60.230168" lon="24.96656"><ele>24.6</ele><time>2026-03-24T07:50:23Z</time><extensions><gpxtpx:TrackPointExtension><gpxtpx:hr>81</gpxtpx:hr></gpxtpx:TrackPointExtension></extensions></trkpt><trkpt lat="60.230168" lon="24.96656"><ele>24.6</ele><time>2026-03-24T07:50:28Z</time><extensions><gpxtpx:TrackPointExtension><gpxtpx:hr>83</gpxtpx:hr></gpxtpx:TrackPointExtension></extensions></trkpt><trkpt lat="60.230168" lon="24.96656"><ele>24.6</ele><time>2026-03-24T07:50:37Z</time><extensions><gpxtpx:TrackPointExtension><gpxtpx:hr>83</gpxtpx:hr></gpxtpx:TrackPointExtension></extensions></trkpt><trkpt lat="60.230168" lon="24.96656"><ele>24.6</ele><time>2026-03-24T07:50:42Z</time><extensions><gpxtpx:TrackPointExtension><gpxtpx:hr>77</gpxtpx:hr></gpxtpx:TrackPointExtension></extensions></trkpt><trkpt lat="60.230168" lon="24.96656"><ele>24.6</ele><time>2026-03-24T07:50:44Z</time><extensions><gpxtpx:TrackPointExtension><gpxtpx:hr>75</gpxtpx:hr></gpxtpx:TrackPointExtension></extensions></trkpt><trkpt lat="60.230168" lon="24.96656"><ele>24.6</ele><time>2026-03-24T07:50:50Z</time><extensions><gpxtpx:TrackPointExtension><gpxtpx:hr>73</gpxtpx:hr></gpxtpx:TrackPointExtension></extensions></trkpt><trkpt lat="60.230168" lon="24.96656"><ele>24.6</ele><time>2026-03-24T07:50:57Z</time><extensions><gpxtpx:TrackPointExtension><gpxtpx:hr>78</gpxtpx:hr></gpxtpx:TrackPointExtension></extensions></trkpt><trkpt lat="60.230168" lon="24.96656"><ele>24.6</ele><time>2026-03-24T07:51:02Z</time><extensions><gpxtpx:TrackPointExtension><gpxtpx:hr>76</gpxtpx:hr></gpxtpx:TrackPointExtension></extensions></trkpt><trkpt lat="60.230168" lon="24.96656"><ele>24.6</ele><time>2026-03-24T07:51:03Z</time><extensions><gpxtpx:TrackPointExtension><gpxtpx:hr>76</gpxtpx:hr></gpxtpx:TrackPointExtension></extensions></trkpt><trkpt lat="60.230168" lon="24.96656"><ele>24.6</ele><time>2026-03-24T07:51:12Z</time><extensions><gpxtpx:TrackPointExtension><gpxtpx:hr>78</gpxtpx:hr></gpxtpx:TrackPointExtension></extensions></trkpt><trkpt lat="60.230168" lon="24.96656"><ele>24.6</ele><time>2026-03-24T07:51:17Z</time><extensions><gpxtpx:TrackPointExtension><gpxtpx:hr>76</gpxtpx:hr></gpxtpx:TrackPointExtension></extensions></trkpt><trkpt lat="60.230168" lon="24.96656"><ele>24.6</ele><time>2026-03-24T07:51:20Z</time><extensions><gpxtpx:TrackPointExtension><gpxtpx:hr>76</gpxtpx:hr></gpxtpx:TrackPointExtension></extensions></trkpt><trkpt lat="60.230168" lon="24.96656"><ele>24.6</ele><time>2026-03-24T07:51:25Z</time><extensions><gpxtpx:TrackPointExtension><gpxtpx:hr>74</gpxtpx:hr></gpxtpx:TrackPointExtension></extensions></trkpt><trkpt lat="60.230168" lon="24.96656"><ele>24.6</ele><time>2026-03-24T07:51:30Z</time><extensions><gpxtpx:TrackPointExtension><gpxtpx:hr>77</gpxtpx:hr></gpxtpx:TrackPointExtension></extensions></trkpt><trkpt lat="60.230168" lon="24.96656"><ele>24.6</ele><time>2026-03-24T07:51:33Z</time><extensions><gpxtpx:TrackPointExtension><gpxtpx:hr>77</gpxtpx:hr></gpxtpx:TrackPointExtension></extensions></trkpt><trkpt lat="60.230168" lon="24.96656"><ele>24.6</ele><time>2026-03-24T07:51:38Z</time><extensions><gpxtpx:TrackPointExtension><gpxtpx:hr>78</gpxtpx:hr></gpxtpx:TrackPointExtension></extensions></trkpt><trkpt lat="60.230168" lon="24.96656"><ele>24.6</ele><time>2026-03-24T07:51:47Z</time><extensions><gpxtpx:TrackPointExtension><gpxtpx:hr>77</gpxtpx:hr></gpxtpx:TrackPointExtension></extensions></trkpt><trkpt lat="60.230168" lon="24.96656"><ele>24.6</ele><time>2026-03-24T07:51:52Z</time><extensions><gpxtpx:TrackPointExtension><gpxtpx:hr>76</gpxtpx:hr></gpxtpx:TrackPointExtension></extensions></trkpt><trkpt lat="60.230168" lon="24.96656"><ele>24.6</ele><time>2026-03-24T07:51:57Z</time><extensions><gpxtpx:TrackPointExtension><gpxtpx:hr>74</gpxtpx:hr></gpxtpx:TrackPointExtension></extensions></trkpt><trkpt lat="60.230168" lon="24.96656"><ele>24.6</ele><time>2026-03-24T07:52:01Z</time><extensions><gpxtpx:TrackPointExtension><gpxtpx:hr>73</gpxtpx:hr></gpxtpx:TrackPointExtension></extensions></trkpt><trkpt lat="60.230168" lon="24.96656"><ele>24.6</ele><time>2026-03-24T07:52:06Z</time><extensions><gpxtpx:TrackPointExtension><gpxtpx:hr>74</gpxtpx:hr></gpxtpx:TrackPointExtension></extensions></trkpt><trkpt lat="60.230168" lon="24.96656"><ele>24.6</ele><time>2026-03-24T07:52:10Z</time><extensions><gpxtpx:TrackPointExtension><gpxtpx:hr>75</gpxtpx:hr></gpxtpx:TrackPointExtension></extensions></trkpt><trkpt lat="60.230168" lon="24.96656"><ele>24.6</ele><time>2026-03-24T07:52:15Z</time><extensions><gpxtpx:TrackPointExtension><gpxtpx:hr>74</gpxtpx:hr></gpxtpx:TrackPointExtension></extensions></trkpt><trkpt lat="60.230168" lon="24.96656"><ele>24.6</ele><time>2026-03-24T07:52:20Z</time><extensions><gpxtpx:TrackPointExtension><gpxtpx:hr>75</gpxtpx:hr></gpxtpx:TrackPointExtension></extensions></trkpt><trkpt lat="60.230168" lon="24.96656"><ele>24.6</ele><time>2026-03-24T07:52:24Z</time><extensions><gpxtpx:TrackPointExtension><gpxtpx:hr>73</gpxtpx:hr></gpxtpx:TrackPointExtension></extensions></trkpt><trkpt lat="60.230168" lon="24.96656"><ele>24.6</ele><time>2026-03-24T07:52:32Z</time><extensions><gpxtpx:TrackPointExtension><gpxtpx:hr>69</gpxtpx:hr></gpxtpx:TrackPointExtension></extensions></trkpt><trkpt lat="60.230168" lon="24.96656"><ele>24.6</ele><time>2026-03-24T07:52:34Z</time><extensions><gpxtpx:TrackPointExtension><gpxtpx:hr>69</gpxtpx:hr></gpxtpx:TrackPointExtension></extensions></trkpt><trkpt lat="60.230168" lon="24.96656"><ele>24.6</ele><time>2026-03-24T07:52:38Z</time><extensions><gpxtpx:TrackPointExtension><gpxtpx:hr>70</gpxtpx:hr></gpxtpx:TrackPointExtension></extensions></trkpt><trkpt lat="60.230168" lon="24.96656"><ele>24.6</ele><time>2026-03-24T07:52:47Z</time><extensions><gpxtpx:TrackPointExtension><gpxtpx:hr>78</gpxtpx:hr></gpxtpx:TrackPointExtension></extensions></trkpt><trkpt lat="60.230168" lon="24.96656"><ele>24.6</ele><time>2026-03-24T07:52:52Z</time><extensions><gpxtpx:TrackPointExtension><gpxtpx:hr>74</gpxtpx:hr></gpxtpx:TrackPointExtension></extensions></trkpt><trkpt lat="60.230168" lon="24.96656"><ele>24.6</ele><time>2026-03-24T07:52:54Z</time><extensions><gpxtpx:TrackPointExtension><gpxtpx:hr>74</gpxtpx:hr></gpxtpx:TrackPointExtension></extensions></trkpt><trkpt lat="60.230168" lon="24.96656"><ele>24.6</ele><time>2026-03-24T07:52:58Z</time><extensions><gpxtpx:TrackPointExtension><gpxtpx:hr>74</gpxtpx:hr></gpxtpx:TrackPointExtension></extensions></trkpt><trkpt lat="60.230168" lon="24.96656"><ele>24.6</ele><time>2026-03-24T07:53:07Z</time><extensions><gpxtpx:TrackPointExtension><gpxtpx:hr>77</gpxtpx:hr></gpxtpx:TrackPointExtension></extensions></trkpt><trkpt lat="60.230168" lon="24.96656"><ele>24.6</ele><time>2026-03-24T07:53:12Z</time><extensions><gpxtpx:TrackPointExtension><gpxtpx:hr>79</gpxtpx:hr></gpxtpx:TrackPointExtension></extensions></trkpt><trkpt lat="60.230168" lon="24.96656"><ele>24.6</ele><time>2026-03-24T07:53:16Z</time><extensions><gpxtpx:TrackPointExtension><gpxtpx:hr>78</gpxtpx:hr></gpxtpx:TrackPointExtension></extensions></trkpt><trkpt lat="60.230168" lon="24.96656"><ele>24.6</ele><time>2026-03-24T07:53:18Z</time><extensions><gpxtpx:TrackPointExtension><gpxtpx:hr>78</gpxtpx:hr></gpxtpx:TrackPointExtension></extensions></trkpt><trkpt lat="60.230168" lon="24.96656"><ele>24.6</ele><time>2026-03-24T07:53:23Z</time><extensions><gpxtpx:TrackPointExtension><gpxtpx:hr>78</gpxtpx:hr></gpxtpx:TrackPointExtension></extensions></trkpt><trkpt lat="60.230168" lon="24.96656"><ele>24.6</ele><time>2026-03-24T07:53:28Z</time><extensions><gpxtpx:TrackPointExtension><gpxtpx:hr>81</gpxtpx:hr></gpxtpx:TrackPointExtension></extensions></trkpt><trkpt lat="60.230168" lon="24.96656"><ele>24.6</ele><time>2026-03-24T07:53:33Z</time><extensions><gpxtpx:TrackPointExtension><gpxtpx:hr>89</gpxtpx:hr></gpxtpx:TrackPointExtension></extensions></trkpt><trkpt lat="60.230168" lon="24.96656"><ele>24.6</ele><time>2026-03-24T07:53:42Z</time><extensions><gpxtpx:TrackPointExtension><gpxtpx:hr>99</gpxtpx:hr></gpxtpx:TrackPointExtension></extensions></trkpt><trkpt lat="60.230168" lon="24.96656"><ele>24.6</ele><time>2026-03-24T07:53:46Z</time><extensions><gpxtpx:TrackPointExtension><gpxtpx:hr>102</gpxtpx:hr></gpxtpx:TrackPointExtension></extensions></trkpt><trkpt lat="60.230168" lon="24.96656"><ele>24.6</ele><time>2026-03-24T07:53:51Z</time><extensions><gpxtpx:TrackPointExtension><gpxtpx:hr>107</gpxtpx:hr></gpxtpx:TrackPointExtension></extensions></trkpt><trkpt lat="60.230168" lon="24.96656"><ele>24.6</ele><time>2026-03-24T07:53:53Z</time><extensions><gpxtpx:TrackPointExtension><gpxtpx:hr>108</gpxtpx:hr></gpxtpx:TrackPointExtension></extensions></trkpt><trkpt lat="60.230168" lon="24.96656"><ele>24.6</ele><time>2026-03-24T07:54:02Z</time><extensions><gpxtpx:TrackPointExtension><gpxtpx:hr>104</gpxtpx:hr></gpxtpx:TrackPointExtension></extensions></trkpt><trkpt lat="60.230168" lon="24.96656"><ele>24.6</ele><time>2026-03-24T07:54:07Z</time><extensions><gpxtpx:TrackPointExtension><gpxtpx:hr>104</gpxtpx:hr></gpxtpx:TrackPointExtension></extensions></trkpt><trkpt lat="60.230168" lon="24.96656"><ele>24.6</ele><time>2026-03-24T07:54:12Z</time><extensions><gpxtpx:TrackPointExtension><gpxtpx:hr>101</gpxtpx:hr></gpxtpx:TrackPointExtension></extensions></trkpt><trkpt lat="60.230168" lon="24.96656"><ele>24.6</ele><time>2026-03-24T07:54:15Z</time><extensions><gpxtpx:TrackPointExtension><gpxtpx:hr>100</gpxtpx:hr></gpxtpx:TrackPointExtension></extensions></trkpt><trkpt lat="60.230168" lon="24.96656"><ele>24.6</ele><time>2026-03-24T07:54:19Z</time><extensions><gpxtpx:TrackPointExtension><gpxtpx:hr>98</gpxtpx:hr></gpxtpx:TrackPointExtension></extensions></trkpt><trkpt lat="60.230168" lon="24.96656"><ele>24.6</ele><time>2026-03-24T07:54:23Z</time><extensions><gpxtpx:TrackPointExtension><gpxtpx:hr>95</gpxtpx:hr></gpxtpx:TrackPointExtension></extensions></trkpt><trkpt lat="60.230168" lon="24.96656"><ele>24.6</ele><time>2026-03-24T07:54:32Z</time><extensions><gpxtpx:TrackPointExtension><gpxtpx:hr>80</gpxtpx:hr></gpxtpx:TrackPointExtension></extensions></trkpt><trkpt lat="60.230168" lon="24.96656"><ele>24.6</ele><time>2026-03-24T07:54:36Z</time><extensions><gpxtpx:TrackPointExtension><gpxtpx:hr>81</gpxtpx:hr></gpxtpx:TrackPointExtension></extensions></trkpt><trkpt lat="60.230168" lon="24.96656"><ele>24.6</ele><time>2026-03-24T07:54:38Z</time><extensions><gpxtpx:TrackPointExtension><gpxtpx:hr>84</gpxtpx:hr></gpxtpx:TrackPointExtension></extensions></trkpt><trkpt lat="60.230168" lon="24.96656"><ele>24.6</ele><time>2026-03-24T07:54:47Z</time><extensions><gpxtpx:TrackPointExtension><gpxtpx:hr>82</gpxtpx:hr></gpxtpx:TrackPointExtension></extensions></trkpt><trkpt lat="60.230168" lon="24.96656"><ele>24.6</ele><time>2026-03-24T07:54:48Z</time><extensions><gpxtpx:TrackPointExtension><gpxtpx:hr>82</gpxtpx:hr></gpxtpx:TrackPointExtension></extensions></trkpt><trkpt lat="60.230168" lon="24.96656"><ele>24.6</ele><time>2026-03-24T07:54:53Z</time><extensions><gpxtpx:TrackPointExtension><gpxtpx:hr>87</gpxtpx:hr></gpxtpx:TrackPointExtension></extensions></trkpt><trkpt lat="60.230168" lon="24.96656"><ele>24.6</ele><time>2026-03-24T07:54:58Z</time><extensions><gpxtpx:TrackPointExtension><gpxtpx:hr>95</gpxtpx:hr></gpxtpx:TrackPointExtension></extensions></trkpt><trkpt lat="60.230168" lon="24.96656"><ele>24.6</ele><time>2026-03-24T07:55:07Z</time><extensions><gpxtpx:TrackPointExtension><gpxtpx:hr>102</gpxtpx:hr></gpxtpx:TrackPointExtension></extensions></trkpt><trkpt lat="60.230168" lon="24.96656"><ele>24.6</ele><time>2026-03-24T07:55:12Z</time><extensions><gpxtpx:TrackPointExtension><gpxtpx:hr>92</gpxtpx:hr></gpxtpx:TrackPointExtension></extensions></trkpt><trkpt lat="60.230168" lon="24.96656"><ele>24.6</ele><time>2026-03-24T07:55:14Z</time><extensions><gpxtpx:TrackPointExtension><gpxtpx:hr>90</gpxtpx:hr></gpxtpx:TrackPointExtension></extensions></trkpt><trkpt lat="60.230168" lon="24.96656"><ele>24.6</ele><time>2026-03-24T07:55:22Z</time><extensions><gpxtpx:TrackPointExtension><gpxtpx:hr>83</gpxtpx:hr></gpxtpx:TrackPointExtension></extensions></trkpt><trkpt lat="60.230168" lon="24.96656"><ele>24.6</ele><time>2026-03-24T07:55:24Z</time><extensions><gpxtpx:TrackPointExtension><gpxtpx:hr>83</gpxtpx:hr></gpxtpx:TrackPointExtension></extensions></trkpt><trkpt lat="60.230168" lon="24.96656"><ele>24.6</ele><time>2026-03-24T07:55:28Z</time><extensions><gpxtpx:TrackPointExtension><gpxtpx:hr>83</gpxtpx:hr></gpxtpx:TrackPointExtension></extensions></trkpt><trkpt lat="60.230168" lon="24.96656"><ele>24.6</ele><time>2026-03-24T07:55:37Z</time><extensions><gpxtpx:TrackPointExtension><gpxtpx:hr>80</gpxtpx:hr></gpxtpx:TrackPointExtension></extensions></trkpt><trkpt lat="60.230168" lon="24.96656"><ele>24.6</ele><time>2026-03-24T07:55:41Z</time><extensions><gpxtpx:TrackPointExtension><gpxtpx:hr>78</gpxtpx:hr></gpxtpx:TrackPointExtension></extensions></trkpt><trkpt lat="60.230168" lon="24.96656"><ele>24.6</ele><time>2026-03-24T07:55:44Z</time><extensions><gpxtpx:TrackPointExtension><gpxtpx:hr>77</gpxtpx:hr></gpxtpx:TrackPointExtension></extensions></trkpt><trkpt lat="60.230168" lon="24.96656"><ele>24.6</ele><time>2026-03-24T07:55:52Z</time><extensions><gpxtpx:TrackPointExtension><gpxtpx:hr>75</gpxtpx:hr></gpxtpx:TrackPointExtension></extensions></trkpt><trkpt lat="60.230168" lon="24.96656"><ele>24.6</ele><time>2026-03-24T07:55:57Z</time><extensions><gpxtpx:TrackPointExtension><gpxtpx:hr>74</gpxtpx:hr></gpxtpx:TrackPointExtension></extensions></trkpt><trkpt lat="60.230168" lon="24.96656"><ele>24.6</ele><time>2026-03-24T07:55:59Z</time><extensions><gpxtpx:TrackPointExtension><gpxtpx:hr>74</gpxtpx:hr></gpxtpx:TrackPointExtension></extensions></trkpt><trkpt lat="60.230168" lon="24.96656"><ele>24.6</ele><time>2026-03-24T07:56:05Z</time><extensions><gpxtpx:TrackPointExtension><gpxtpx:hr>74</gpxtpx:hr></gpxtpx:TrackPointExtension></extensions></trkpt><trkpt lat="60.230168" lon="24.96656"><ele>24.6</ele><time>2026-03-24T07:56:08Z</time><extensions><gpxtpx:TrackPointExtension><gpxtpx:hr>74</gpxtpx:hr></gpxtpx:TrackPointExtension></extensions></trkpt><trkpt lat="60.230168" lon="24.96656"><ele>24.6</ele><time>2026-03-24T07:56:13Z</time><extensions><gpxtpx:TrackPointExtension><gpxtpx:hr>74</gpxtpx:hr></gpxtpx:TrackPointExtension></extensions></trkpt><trkpt lat="60.230168" lon="24.96656"><ele>24.6</ele><time>2026-03-24T07:56:21Z</time><extensions><gpxtpx:TrackPointExtension><gpxtpx:hr>72</gpxtpx:hr></gpxtpx:TrackPointExtension></extensions></trkpt><trkpt lat="60.230168" lon="24.96656"><ele>24.6</ele><time>2026-03-24T07:56:25Z</time><extensions><gpxtpx:TrackPointExtension><gpxtpx:hr>71</gpxtpx:hr></gpxtpx:TrackPointExtension></extensions></trkpt><trkpt lat="60.230168" lon="24.96656"><ele>24.6</ele><time>2026-03-24T07:56:28Z</time><extensions><gpxtpx:TrackPointExtension><gpxtpx:hr>71</gpxtpx:hr></gpxtpx:TrackPointExtension></extensions></trkpt><trkpt lat="60.230168" lon="24.96656"><ele>24.6</ele><time>2026-03-24T07:56:37Z</time><extensions><gpxtpx:TrackPointExtension><gpxtpx:hr>75</gpxtpx:hr></gpxtpx:TrackPointExtension></extensions></trkpt><trkpt lat="60.230168" lon="24.96656"><ele>24.6</ele><time>2026-03-24T07:56:42Z</time><extensions><gpxtpx:TrackPointExtension><gpxtpx:hr>76</gpxtpx:hr></gpxtpx:TrackPointExtension></extensions></trkpt><trkpt lat="60.230168" lon="24.96656"><ele>24.6</ele><time>2026-03-24T07:56:47Z</time><extensions><gpxtpx:TrackPointExtension><gpxtpx:hr>79</gpxtpx:hr></gpxtpx:TrackPointExtension></extensions></trkpt><trkpt lat="60.230168" lon="24.96656"><ele>24.6</ele><time>2026-03-24T07:56:52Z</time><extensions><gpxtpx:TrackPointExtension><gpxtpx:hr>78</gpxtpx:hr></gpxtpx:TrackPointExtension></extensions></trkpt><trkpt lat="60.230168" lon="24.96656"><ele>24.6</ele><time>2026-03-24T07:56:56Z</time><extensions><gpxtpx:TrackPointExtension><gpxtpx:hr>75</gpxtpx:hr></gpxtpx:TrackPointExtension></extensions></trkpt><trkpt lat="60.230168" lon="24.96656"><ele>24.6</ele><time>2026-03-24T07:56:58Z</time><extensions><gpxtpx:TrackPointExtension><gpxtpx:hr>76</gpxtpx:hr></gpxtpx:TrackPointExtension></extensions></trkpt><trkpt lat="60.230168" lon="24.96656"><ele>24.6</ele><time>2026-03-24T07:57:07Z</time><extensions><gpxtpx:TrackPointExtension><gpxtpx:hr>69</gpxtpx:hr></gpxtpx:TrackPointExtension></extensions></trkpt><trkpt lat="60.230168" lon="24.96656"><ele>24.6</ele><time>2026-03-24T07:57:08Z</time><extensions><gpxtpx:TrackPointExtension><gpxtpx:hr>68</gpxtpx:hr></gpxtpx:TrackPointExtension></extensions></trkpt><trkpt lat="60.230168" lon="24.96656"><ele>24.6</ele><time>2026-03-24T07:57:17Z</time><extensions><gpxtpx:TrackPointExtension><gpxtpx:hr>71</gpxtpx:hr></gpxtpx:TrackPointExtension></extensions></trkpt><trkpt lat="60.230168" lon="24.96656"><ele>24.6</ele><time>2026-03-24T07:57:22Z</time><extensions><gpxtpx:TrackPointExtension><gpxtpx:hr>76</gpxtpx:hr></gpxtpx:TrackPointExtension></extensions></trkpt><trkpt lat="60.230168" lon="24.96656"><ele>24.6</ele><time>2026-03-24T07:57:24Z</time><extensions><gpxtpx:TrackPointExtension><gpxtpx:hr>78</gpxtpx:hr></gpxtpx:TrackPointExtension></extensions></trkpt><trkpt lat="60.230168" lon="24.96656"><ele>24.6</ele><time>2026-03-24T07:57:28Z</time><extensions><gpxtpx:TrackPointExtension><gpxtpx:hr>81</gpxtpx:hr></gpxtpx:TrackPointExtension></extensions></trkpt><trkpt lat="60.230168" lon="24.96656"><ele>24.6</ele><time>2026-03-24T07:57:33Z</time><extensions><gpxtpx:TrackPointExtension><gpxtpx:hr>87</gpxtpx:hr></gpxtpx:TrackPointExtension></extensions></trkpt><trkpt lat="60.230168" lon="24.96656"><ele>24.6</ele><time>2026-03-24T07:57:38Z</time><extensions><gpxtpx:TrackPointExtension><gpxtpx:hr>93</gpxtpx:hr></gpxtpx:TrackPointExtension></extensions></trkpt><trkpt lat="60.230168" lon="24.96656"><ele>24.6</ele><time>2026-03-24T07:57:43Z</time><extensions><gpxtpx:TrackPointExtension><gpxtpx:hr>101</gpxtpx:hr></gpxtpx:TrackPointExtension></extensions></trkpt><trkpt lat="60.230168" lon="24.96656"><ele>24.6</ele><time>2026-03-24T07:57:48Z</time><extensions><gpxtpx:TrackPointExtension><gpxtpx:hr>105</gpxtpx:hr></gpxtpx:TrackPointExtension></extensions></trkpt><trkpt lat="60.230168" lon="24.96656"><ele>24.6</ele><time>2026-03-24T07:57:54Z</time><extensions><gpxtpx:TrackPointExtension><gpxtpx:hr>105</gpxtpx:hr></gpxtpx:TrackPointExtension></extensions></trkpt><trkpt lat="60.230168" lon="24.96656"><ele>24.6</ele><time>2026-03-24T07:57:59Z</time><extensions><gpxtpx:TrackPointExtension><gpxtpx:hr>103</gpxtpx:hr></gpxtpx:TrackPointExtension></extensions></trkpt><trkpt lat="60.230168" lon="24.96656"><ele>24.6</ele><time>2026-03-24T07:58:07Z</time><extensions><gpxtpx:TrackPointExtension><gpxtpx:hr>95</gpxtpx:hr></gpxtpx:TrackPointExtension></extensions></trkpt><trkpt lat="60.230168" lon="24.96656"><ele>24.6</ele><time>2026-03-24T07:58:12Z</time><extensions><gpxtpx:TrackPointExtension><gpxtpx:hr>90</gpxtpx:hr></gpxtpx:TrackPointExtension></extensions></trkpt><trkpt lat="60.230168" lon="24.96656"><ele>24.6</ele><time>2026-03-24T07:58:17Z</time><extensions><gpxtpx:TrackPointExtension><gpxtpx:hr>87</gpxtpx:hr></gpxtpx:TrackPointExtension></extensions></trkpt><trkpt lat="60.230168" lon="24.96656"><ele>24.6</ele><time>2026-03-24T07:58:20Z</time><extensions><gpxtpx:TrackPointExtension><gpxtpx:hr>87</gpxtpx:hr></gpxtpx:TrackPointExtension></extensions></trkpt><trkpt lat="60.230168" lon="24.96656"><ele>24.6</ele><time>2026-03-24T07:58:26Z</time><extensions><gpxtpx:TrackPointExtension><gpxtpx:hr>85</gpxtpx:hr></gpxtpx:TrackPointExtension></extensions></trkpt><trkpt lat="60.230168" lon="24.96656"><ele>24.6</ele><time>2026-03-24T07:58:28Z</time><extensions><gpxtpx:TrackPointExtension><gpxtpx:hr>85</gpxtpx:hr></gpxtpx:TrackPointExtension></extensions></trkpt><trkpt lat="60.230168" lon="24.96656"><ele>24.6</ele><time>2026-03-24T07:58:33Z</time><extensions><gpxtpx:TrackPointExtension><gpxtpx:hr>81</gpxtpx:hr></gpxtpx:TrackPointExtension></extensions></trkpt><trkpt lat="60.230168" lon="24.96656"><ele>24.6</ele><time>2026-03-24T07:58:42Z</time><extensions><gpxtpx:TrackPointExtension><gpxtpx:hr>77</gpxtpx:hr></gpxtpx:TrackPointExtension></extensions></trkpt><trkpt lat="60.230168" lon="24.96656"><ele>24.6</ele><time>2026-03-24T07:58:43Z</time><extensions><gpxtpx:TrackPointExtension><gpxtpx:hr>77</gpxtpx:hr></gpxtpx:TrackPointExtension></extensions></trkpt><trkpt lat="60.230168" lon="24.96656"><ele>24.6</ele><time>2026-03-24T07:58:48Z</time><extensions><gpxtpx:TrackPointExtension><gpxtpx:hr>80</gpxtpx:hr></gpxtpx:TrackPointExtension></extensions></trkpt><trkpt lat="60.230168" lon="24.96656"><ele>24.6</ele><time>2026-03-24T07:58:53Z</time><extensions><gpxtpx:TrackPointExtension><gpxtpx:hr>86</gpxtpx:hr></gpxtpx:TrackPointExtension></extensions></trkpt><trkpt lat="60.230168" lon="24.96656"><ele>24.6</ele><time>2026-03-24T07:58:58Z</time><extensions><gpxtpx:TrackPointExtension><gpxtpx:hr>91</gpxtpx:hr></gpxtpx:TrackPointExtension></extensions></trkpt><trkpt lat="60.230168" lon="24.96656"><ele>24.6</ele><time>2026-03-24T07:59:07Z</time><extensions><gpxtpx:TrackPointExtension><gpxtpx:hr>96</gpxtpx:hr></gpxtpx:TrackPointExtension></extensions></trkpt><trkpt lat="60.230168" lon="24.96656"><ele>24.6</ele><time>2026-03-24T07:59:12Z</time><extensions><gpxtpx:TrackPointExtension><gpxtpx:hr>97</gpxtpx:hr></gpxtpx:TrackPointExtension></extensions></trkpt><trkpt lat="60.230168" lon="24.96656"><ele>24.6</ele><time>2026-03-24T07:59:17Z</time><extensions><gpxtpx:TrackPointExtension><gpxtpx:hr>90</gpxtpx:hr></gpxtpx:TrackPointExtension></extensions></trkpt><trkpt lat="60.230168" lon="24.96656"><ele>24.6</ele><time>2026-03-24T07:59:22Z</time><extensions><gpxtpx:TrackPointExtension><gpxtpx:hr>88</gpxtpx:hr></gpxtpx:TrackPointExtension></extensions></trkpt><trkpt lat="60.230168" lon="24.96656"><ele>24.6</ele><time>2026-03-24T07:59:27Z</time><extensions><gpxtpx:TrackPointExtension><gpxtpx:hr>88</gpxtpx:hr></gpxtpx:TrackPointExtension></extensions></trkpt><trkpt lat="60.230168" lon="24.96656"><ele>24.6</ele><time>2026-03-24T07:59:32Z</time><extensions><gpxtpx:TrackPointExtension><gpxtpx:hr>88</gpxtpx:hr></gpxtpx:TrackPointExtension></extensions></trkpt><trkpt lat="60.230168" lon="24.96656"><ele>24.6</ele><time>2026-03-24T07:59:34Z</time><extensions><gpxtpx:TrackPointExtension><gpxtpx:hr>88</gpxtpx:hr></gpxtpx:TrackPointExtension></extensions></trkpt><trkpt lat="60.230168" lon="24.96656"><ele>24.6</ele><time>2026-03-24T07:59:41Z</time><extensions><gpxtpx:TrackPointExtension><gpxtpx:hr>83</gpxtpx:hr></gpxtpx:TrackPointExtension></extensions></trkpt><trkpt lat="60.230168" lon="24.96656"><ele>24.6</ele><time>2026-03-24T07:59:43Z</time><extensions><gpxtpx:TrackPointExtension><gpxtpx:hr>83</gpxtpx:hr></gpxtpx:TrackPointExtension></extensions></trkpt><trkpt lat="60.230168" lon="24.96656"><ele>24.6</ele><time>2026-03-24T07:59:52Z</time><extensions><gpxtpx:TrackPointExtension><gpxtpx:hr>79</gpxtpx:hr></gpxtpx:TrackPointExtension></extensions></trkpt><trkpt lat="60.230168" lon="24.96656"><ele>24.6</ele><time>2026-03-24T07:59:53Z</time><extensions><gpxtpx:TrackPointExtension><gpxtpx:hr>80</gpxtpx:hr></gpxtpx:TrackPointExtension></extensions></trkpt><trkpt lat="60.230168" lon="24.96656"><ele>24.6</ele><time>2026-03-24T08:00:00Z</time><extensions><gpxtpx:TrackPointExtension><gpxtpx:hr>78</gpxtpx:hr></gpxtpx:TrackPointExtension></extensions></trkpt><trkpt lat="60.230168" lon="24.96656"><ele>24.6</ele><time>2026-03-24T08:00:04Z</time><extensions><gpxtpx:TrackPointExtension><gpxtpx:hr>77</gpxtpx:hr></gpxtpx:TrackPointExtension></extensions></trkpt><trkpt lat="60.230168" lon="24.96656"><ele>24.6</ele><time>2026-03-24T08:00:11Z</time><extensions><gpxtpx:TrackPointExtension><gpxtpx:hr>74</gpxtpx:hr></gpxtpx:TrackPointExtension></extensions></trkpt><trkpt lat="60.230168" lon="24.96656"><ele>24.6</ele><time>2026-03-24T08:00:16Z</time><extensions><gpxtpx:TrackPointExtension><gpxtpx:hr>74</gpxtpx:hr></gpxtpx:TrackPointExtension></extensions></trkpt><trkpt lat="60.230168" lon="24.96656"><ele>24.6</ele><time>2026-03-24T08:00:22Z</time><extensions><gpxtpx:TrackPointExtension><gpxtpx:hr>74</gpxtpx:hr></gpxtpx:TrackPointExtension></extensions></trkpt><trkpt lat="60.230168" lon="24.96656"><ele>24.6</ele><time>2026-03-24T08:00:26Z</time><extensions><gpxtpx:TrackPointExtension><gpxtpx:hr>75</gpxtpx:hr></gpxtpx:TrackPointExtension></extensions></trkpt><trkpt lat="60.230168" lon="24.96656"><ele>24.6</ele><time>2026-03-24T08:00:31Z</time><extensions><gpxtpx:TrackPointExtension><gpxtpx:hr>74</gpxtpx:hr></gpxtpx:TrackPointExtension></extensions></trkpt><trkpt lat="60.230168" lon="24.96656"><ele>24.6</ele><time>2026-03-24T08:00:33Z</time><extensions><gpxtpx:TrackPointExtension><gpxtpx:hr>74</gpxtpx:hr></gpxtpx:TrackPointExtension></extensions></trkpt><trkpt lat="60.230168" lon="24.96656"><ele>24.6</ele><time>2026-03-24T08:00:41Z</time><extensions><gpxtpx:TrackPointExtension><gpxtpx:hr>76</gpxtpx:hr></gpxtpx:TrackPointExtension></extensions></trkpt><trkpt lat="60.230168" lon="24.96656"><ele>24.6</ele><time>2026-03-24T08:00:43Z</time><extensions><gpxtpx:TrackPointExtension><gpxtpx:hr>76</gpxtpx:hr></gpxtpx:TrackPointExtension></extensions></trkpt><trkpt lat="60.230168" lon="24.96656"><ele>24.6</ele><time>2026-03-24T08:00:51Z</time><extensions><gpxtpx:TrackPointExtension><gpxtpx:hr>73</gpxtpx:hr></gpxtpx:TrackPointExtension></extensions></trkpt><trkpt lat="60.230168" lon="24.96656"><ele>24.6</ele><time>2026-03-24T08:00:53Z</time><extensions><gpxtpx:TrackPointExtension><gpxtpx:hr>74</gpxtpx:hr></gpxtpx:TrackPointExtension></extensions></trkpt><trkpt lat="60.230168" lon="24.96656"><ele>24.6</ele><time>2026-03-24T08:00:58Z</time><extensions><gpxtpx:TrackPointExtension><gpxtpx:hr>77</gpxtpx:hr></gpxtpx:TrackPointExtension></extensions></trkpt><trkpt lat="60.230168" lon="24.96656"><ele>24.6</ele><time>2026-03-24T08:01:03Z</time><extensions><gpxtpx:TrackPointExtension><gpxtpx:hr>82</gpxtpx:hr></gpxtpx:TrackPointExtension></extensions></trkpt><trkpt lat="60.230168" lon="24.96656"><ele>24.6</ele><time>2026-03-24T08:01:10Z</time><extensions><gpxtpx:TrackPointExtension><gpxtpx:hr>96</gpxtpx:hr></gpxtpx:TrackPointExtension></extensions></trkpt><trkpt lat="60.230168" lon="24.96656"><ele>24.6</ele><time>2026-03-24T08:01:17Z</time><extensions><gpxtpx:TrackPointExtension><gpxtpx:hr>101</gpxtpx:hr></gpxtpx:TrackPointExtension></extensions></trkpt><trkpt lat="60.230168" lon="24.96656"><ele>24.6</ele><time>2026-03-24T08:01:20Z</time><extensions><gpxtpx:TrackPointExtension><gpxtpx:hr>98</gpxtpx:hr></gpxtpx:TrackPointExtension></extensions></trkpt><trkpt lat="60.230168" lon="24.96656"><ele>24.6</ele><time>2026-03-24T08:01:27Z</time><extensions><gpxtpx:TrackPointExtension><gpxtpx:hr>86</gpxtpx:hr></gpxtpx:TrackPointExtension></extensions></trkpt><trkpt lat="60.230168" lon="24.96656"><ele>24.6</ele><time>2026-03-24T08:01:32Z</time><extensions><gpxtpx:TrackPointExtension><gpxtpx:hr>82</gpxtpx:hr></gpxtpx:TrackPointExtension></extensions></trkpt><trkpt lat="60.230168" lon="24.96656"><ele>24.6</ele><time>2026-03-24T08:01:37Z</time><extensions><gpxtpx:TrackPointExtension><gpxtpx:hr>83</gpxtpx:hr></gpxtpx:TrackPointExtension></extensions></trkpt><trkpt lat="60.230168" lon="24.96656"><ele>24.6</ele><time>2026-03-24T08:01:42Z</time><extensions><gpxtpx:TrackPointExtension><gpxtpx:hr>83</gpxtpx:hr></gpxtpx:TrackPointExtension></extensions></trkpt><trkpt lat="60.230168" lon="24.96656"><ele>24.6</ele><time>2026-03-24T08:01:43Z</time><extensions><gpxtpx:TrackPointExtension><gpxtpx:hr>82</gpxtpx:hr></gpxtpx:TrackPointExtension></extensions></trkpt><trkpt lat="60.230168" lon="24.96656"><ele>24.6</ele><time>2026-03-24T08:01:48Z</time><extensions><gpxtpx:TrackPointExtension><gpxtpx:hr>80</gpxtpx:hr></gpxtpx:TrackPointExtension></extensions></trkpt><trkpt lat="60.230168" lon="24.96656"><ele>24.6</ele><time>2026-03-24T08:01:57Z</time><extensions><gpxtpx:TrackPointExtension><gpxtpx:hr>75</gpxtpx:hr></gpxtpx:TrackPointExtension></extensions></trkpt><trkpt lat="60.230168" lon="24.96656"><ele>24.6</ele><time>2026-03-24T08:01:59Z</time><extensions><gpxtpx:TrackPointExtension><gpxtpx:hr>75</gpxtpx:hr></gpxtpx:TrackPointExtension></extensions></trkpt><trkpt lat="60.230168" lon="24.96656"><ele>24.6</ele><time>2026-03-24T08:02:07Z</time><extensions><gpxtpx:TrackPointExtension><gpxtpx:hr>74</gpxtpx:hr></gpxtpx:TrackPointExtension></extensions></trkpt><trkpt lat="60.230168" lon="24.96656"><ele>24.6</ele><time>2026-03-24T08:02:11Z</time><extensions><gpxtpx:TrackPointExtension><gpxtpx:hr>74</gpxtpx:hr></gpxtpx:TrackPointExtension></extensions></trkpt><trkpt lat="60.230168" lon="24.96656"><ele>24.6</ele><time>2026-03-24T08:02:13Z</time><extensions><gpxtpx:TrackPointExtension><gpxtpx:hr>75</gpxtpx:hr></gpxtpx:TrackPointExtension></extensions></trkpt><trkpt lat="60.230168" lon="24.96656"><ele>24.6</ele><time>2026-03-24T08:02:19Z</time><extensions><gpxtpx:TrackPointExtension><gpxtpx:hr>76</gpxtpx:hr></gpxtpx:TrackPointExtension></extensions></trkpt><trkpt lat="60.230168" lon="24.96656"><ele>24.6</ele><time>2026-03-24T08:02:23Z</time><extensions><gpxtpx:TrackPointExtension><gpxtpx:hr>75</gpxtpx:hr></gpxtpx:TrackPointExtension></extensions></trkpt><trkpt lat="60.230168" lon="24.96656"><ele>24.6</ele><time>2026-03-24T08:02:29Z</time><extensions><gpxtpx:TrackPointExtension><gpxtpx:hr>74</gpxtpx:hr></gpxtpx:TrackPointExtension></extensions></trkpt><trkpt lat="60.230168" lon="24.96656"><ele>24.6</ele><time>2026-03-24T08:02:37Z</time><extensions><gpxtpx:TrackPointExtension><gpxtpx:hr>74</gpxtpx:hr></gpxtpx:TrackPointExtension></extensions></trkpt><trkpt lat="60.230168" lon="24.96656"><ele>24.6</ele><time>2026-03-24T08:02:38Z</time><extensions><gpxtpx:TrackPointExtension><gpxtpx:hr>74</gpxtpx:hr></gpxtpx:TrackPointExtension></extensions></trkpt><trkpt lat="60.230168" lon="24.96656"><ele>24.6</ele><time>2026-03-24T08:02:43Z</time><extensions><gpxtpx:TrackPointExtension><gpxtpx:hr>74</gpxtpx:hr></gpxtpx:TrackPointExtension></extensions></trkpt><trkpt lat="60.230168" lon="24.96656"><ele>24.6</ele><time>2026-03-24T08:02:48Z</time><extensions><gpxtpx:TrackPointExtension><gpxtpx:hr>72</gpxtpx:hr></gpxtpx:TrackPointExtension></extensions></trkpt><trkpt lat="60.230168" lon="24.96656"><ele>24.6</ele><time>2026-03-24T08:02:53Z</time><extensions><gpxtpx:TrackPointExtension><gpxtpx:hr>72</gpxtpx:hr></gpxtpx:TrackPointExtension></extensions></trkpt><trkpt lat="60.230168" lon="24.96656"><ele>24.6</ele><time>2026-03-24T08:03:01Z</time><extensions><gpxtpx:TrackPointExtension><gpxtpx:hr>70</gpxtpx:hr></gpxtpx:TrackPointExtension></extensions></trkpt><trkpt lat="60.230168" lon="24.96656"><ele>24.6</ele><time>2026-03-24T08:03:05Z</time><extensions><gpxtpx:TrackPointExtension><gpxtpx:hr>70</gpxtpx:hr></gpxtpx:TrackPointExtension></extensions></trkpt><trkpt lat="60.230168" lon="24.96656"><ele>24.6</ele><time>2026-03-24T08:03:08Z</time><extensions><gpxtpx:TrackPointExtension><gpxtpx:hr>70</gpxtpx:hr></gpxtpx:TrackPointExtension></extensions></trkpt><trkpt lat="60.230168" lon="24.96656"><ele>24.6</ele><time>2026-03-24T08:03:13Z</time><extensions><gpxtpx:TrackPointExtension><gpxtpx:hr>72</gpxtpx:hr></gpxtpx:TrackPointExtension></extensions></trkpt><trkpt lat="60.230168" lon="24.96656"><ele>24.6</ele><time>2026-03-24T08:03:18Z</time><extensions><gpxtpx:TrackPointExtension><gpxtpx:hr>82</gpxtpx:hr></gpxtpx:TrackPointExtension></extensions></trkpt><trkpt lat="60.230168" lon="24.96656"><ele>24.6</ele><time>2026-03-24T08:03:24Z</time><extensions><gpxtpx:TrackPointExtension><gpxtpx:hr>94</gpxtpx:hr></gpxtpx:TrackPointExtension></extensions></trkpt><trkpt lat="60.230168" lon="24.96656"><ele>24.6</ele><time>2026-03-24T08:03:32Z</time><extensions><gpxtpx:TrackPointExtension><gpxtpx:hr>95</gpxtpx:hr></gpxtpx:TrackPointExtension></extensions></trkpt><trkpt lat="60.230168" lon="24.96656"><ele>24.6</ele><time>2026-03-24T08:03:37Z</time><extensions><gpxtpx:TrackPointExtension><gpxtpx:hr>89</gpxtpx:hr></gpxtpx:TrackPointExtension></extensions></trkpt><trkpt lat="60.230168" lon="24.96656"><ele>24.6</ele><time>2026-03-24T08:03:42Z</time><extensions><gpxtpx:TrackPointExtension><gpxtpx:hr>86</gpxtpx:hr></gpxtpx:TrackPointExtension></extensions></trkpt><trkpt lat="60.230168" lon="24.96656"><ele>24.6</ele><time>2026-03-24T08:03:47Z</time><extensions><gpxtpx:TrackPointExtension><gpxtpx:hr>84</gpxtpx:hr></gpxtpx:TrackPointExtension></extensions></trkpt><trkpt lat="60.230168" lon="24.96656"><ele>24.6</ele><time>2026-03-24T08:03:51Z</time><extensions><gpxtpx:TrackPointExtension><gpxtpx:hr>84</gpxtpx:hr></gpxtpx:TrackPointExtension></extensions></trkpt><trkpt lat="60.230168" lon="24.96656"><ele>24.6</ele><time>2026-03-24T08:03:54Z</time><extensions><gpxtpx:TrackPointExtension><gpxtpx:hr>83</gpxtpx:hr></gpxtpx:TrackPointExtension></extensions></trkpt><trkpt lat="60.230168" lon="24.96656"><ele>24.6</ele><time>2026-03-24T08:03:59Z</time><extensions><gpxtpx:TrackPointExtension><gpxtpx:hr>83</gpxtpx:hr></gpxtpx:TrackPointExtension></extensions></trkpt><trkpt lat="60.230168" lon="24.96656"><ele>24.6</ele><time>2026-03-24T08:04:07Z</time><extensions><gpxtpx:TrackPointExtension><gpxtpx:hr>81</gpxtpx:hr></gpxtpx:TrackPointExtension></extensions></trkpt><trkpt lat="60.230168" lon="24.96656"><ele>24.6</ele><time>2026-03-24T08:04:08Z</time><extensions><gpxtpx:TrackPointExtension><gpxtpx:hr>82</gpxtpx:hr></gpxtpx:TrackPointExtension></extensions></trkpt><trkpt lat="60.230168" lon="24.96656"><ele>24.6</ele><time>2026-03-24T08:04:17Z</time><extensions><gpxtpx:TrackPointExtension><gpxtpx:hr>80</gpxtpx:hr></gpxtpx:TrackPointExtension></extensions></trkpt><trkpt lat="60.230168" lon="24.96656"><ele>24.6</ele><time>2026-03-24T08:04:18Z</time><extensions><gpxtpx:TrackPointExtension><gpxtpx:hr>80</gpxtpx:hr></gpxtpx:TrackPointExtension></extensions></trkpt><trkpt lat="60.230168" lon="24.96656"><ele>24.6</ele><time>2026-03-24T08:04:27Z</time><extensions><gpxtpx:TrackPointExtension><gpxtpx:hr>78</gpxtpx:hr></gpxtpx:TrackPointExtension></extensions></trkpt><trkpt lat="60.230168" lon="24.96656"><ele>24.6</ele><time>2026-03-24T08:04:31Z</time><extensions><gpxtpx:TrackPointExtension><gpxtpx:hr>80</gpxtpx:hr></gpxtpx:TrackPointExtension></extensions></trkpt><trkpt lat="60.230168" lon="24.96656"><ele>24.6</ele><time>2026-03-24T08:04:37Z</time><extensions><gpxtpx:TrackPointExtension><gpxtpx:hr>78</gpxtpx:hr></gpxtpx:TrackPointExtension></extensions></trkpt><trkpt lat="60.230168" lon="24.96656"><ele>24.6</ele><time>2026-03-24T08:04:38Z</time><extensions><gpxtpx:TrackPointExtension><gpxtpx:hr>78</gpxtpx:hr></gpxtpx:TrackPointExtension></extensions></trkpt><trkpt lat="60.230168" lon="24.96656"><ele>24.6</ele><time>2026-03-24T08:04:47Z</time><extensions><gpxtpx:TrackPointExtension><gpxtpx:hr>77</gpxtpx:hr></gpxtpx:TrackPointExtension></extensions></trkpt><trkpt lat="60.230168" lon="24.96656"><ele>24.6</ele><time>2026-03-24T08:04:49Z</time><extensions><gpxtpx:TrackPointExtension><gpxtpx:hr>78</gpxtpx:hr></gpxtpx:TrackPointExtension></extensions></trkpt><trkpt lat="60.230168" lon="24.96656"><ele>24.6</ele><time>2026-03-24T08:04:53Z</time><extensions><gpxtpx:TrackPointExtension><gpxtpx:hr>78</gpxtpx:hr></gpxtpx:TrackPointExtension></extensions></trkpt><trkpt lat="60.230168" lon="24.96656"><ele>24.6</ele><time>2026-03-24T08:04:59Z</time><extensions><gpxtpx:TrackPointExtension><gpxtpx:hr>82</gpxtpx:hr></gpxtpx:TrackPointExtension></extensions></trkpt><trkpt lat="60.230168" lon="24.96656"><ele>24.6</ele><time>2026-03-24T08:05:07Z</time><extensions><gpxtpx:TrackPointExtension><gpxtpx:hr>77</gpxtpx:hr></gpxtpx:TrackPointExtension></extensions></trkpt><trkpt lat="60.230168" lon="24.96656"><ele>24.6</ele><time>2026-03-24T08:05:11Z</time><extensions><gpxtpx:TrackPointExtension><gpxtpx:hr>78</gpxtpx:hr></gpxtpx:TrackPointExtension></extensions></trkpt><trkpt lat="60.230168" lon="24.96656"><ele>24.6</ele><time>2026-03-24T08:05:16Z</time><extensions><gpxtpx:TrackPointExtension><gpxtpx:hr>79</gpxtpx:hr></gpxtpx:TrackPointExtension></extensions></trkpt><trkpt lat="60.230168" lon="24.96656"><ele>24.6</ele><time>2026-03-24T08:05:20Z</time><extensions><gpxtpx:TrackPointExtension><gpxtpx:hr>79</gpxtpx:hr></gpxtpx:TrackPointExtension></extensions></trkpt><trkpt lat="60.230168" lon="24.96656"><ele>24.6</ele><time>2026-03-24T08:05:23Z</time><extensions><gpxtpx:TrackPointExtension><gpxtpx:hr>77</gpxtpx:hr></gpxtpx:TrackPointExtension></extensions></trkpt><trkpt lat="60.230168" lon="24.96656"><ele>24.6</ele><time>2026-03-24T08:05:31Z</time><extensions><gpxtpx:TrackPointExtension><gpxtpx:hr>74</gpxtpx:hr></gpxtpx:TrackPointExtension></extensions></trkpt><trkpt lat="60.230168" lon="24.96656"><ele>24.6</ele><time>2026-03-24T08:05:33Z</time><extensions><gpxtpx:TrackPointExtension><gpxtpx:hr>74</gpxtpx:hr></gpxtpx:TrackPointExtension></extensions></trkpt><trkpt lat="60.230168" lon="24.96656"><ele>24.6</ele><time>2026-03-24T08:05:38Z</time><extensions><gpxtpx:TrackPointExtension><gpxtpx:hr>77</gpxtpx:hr></gpxtpx:TrackPointExtension></extensions></trkpt><trkpt lat="60.230168" lon="24.96656"><ele>24.6</ele><time>2026-03-24T08:05:43Z</time><extensions><gpxtpx:TrackPointExtension><gpxtpx:hr>86</gpxtpx:hr></gpxtpx:TrackPointExtension></extensions></trkpt><trkpt lat="60.230168" lon="24.96656"><ele>24.6</ele><time>2026-03-24T08:05:50Z</time><extensions><gpxtpx:TrackPointExtension><gpxtpx:hr>98</gpxtpx:hr></gpxtpx:TrackPointExtension></extensions></trkpt><trkpt lat="60.230168" lon="24.96656"><ele>24.6</ele><time>2026-03-24T08:05:57Z</time><extensions><gpxtpx:TrackPointExtension><gpxtpx:hr>100</gpxtpx:hr></gpxtpx:TrackPointExtension></extensions></trkpt><trkpt lat="60.230168" lon="24.96656"><ele>24.6</ele><time>2026-03-24T08:06:02Z</time><extensions><gpxtpx:TrackPointExtension><gpxtpx:hr>95</gpxtpx:hr></gpxtpx:TrackPointExtension></extensions></trkpt><trkpt lat="60.230168" lon="24.96656"><ele>24.6</ele><time>2026-03-24T08:06:07Z</time><extensions><gpxtpx:TrackPointExtension><gpxtpx:hr>91</gpxtpx:hr></gpxtpx:TrackPointExtension></extensions></trkpt><trkpt lat="60.230168" lon="24.96656"><ele>24.6</ele><time>2026-03-24T08:06:12Z</time><extensions><gpxtpx:TrackPointExtension><gpxtpx:hr>87</gpxtpx:hr></gpxtpx:TrackPointExtension></extensions></trkpt><trkpt lat="60.230168" lon="24.96656"><ele>24.6</ele><time>2026-03-24T08:06:17Z</time><extensions><gpxtpx:TrackPointExtension><gpxtpx:hr>86</gpxtpx:hr></gpxtpx:TrackPointExtension></extensions></trkpt><trkpt lat="60.230168" lon="24.96656"><ele>24.6</ele><time>2026-03-24T08:06:20Z</time><extensions><gpxtpx:TrackPointExtension><gpxtpx:hr>86</gpxtpx:hr></gpxtpx:TrackPointExtension></extensions></trkpt><trkpt lat="60.230168" lon="24.96656"><ele>24.6</ele><time>2026-03-24T08:06:27Z</time><extensions><gpxtpx:TrackPointExtension><gpxtpx:hr>84</gpxtpx:hr></gpxtpx:TrackPointExtension></extensions></trkpt><trkpt lat="60.230168" lon="24.96656"><ele>24.6</ele><time>2026-03-24T08:06:28Z</time><extensions><gpxtpx:TrackPointExtension><gpxtpx:hr>83</gpxtpx:hr></gpxtpx:TrackPointExtension></extensions></trkpt><trkpt lat="60.230168" lon="24.96656"><ele>24.6</ele><time>2026-03-24T08:06:35Z</time><extensions><gpxtpx:TrackPointExtension><gpxtpx:hr>81</gpxtpx:hr></gpxtpx:TrackPointExtension></extensions></trkpt><trkpt lat="60.230168" lon="24.96656"><ele>24.6</ele><time>2026-03-24T08:06:39Z</time><extensions><gpxtpx:TrackPointExtension><gpxtpx:hr>84</gpxtpx:hr></gpxtpx:TrackPointExtension></extensions></trkpt><trkpt lat="60.230168" lon="24.96656"><ele>24.6</ele><time>2026-03-24T08:06:47Z</time><extensions><gpxtpx:TrackPointExtension><gpxtpx:hr>78</gpxtpx:hr></gpxtpx:TrackPointExtension></extensions></trkpt><trkpt lat="60.230168" lon="24.96656"><ele>24.6</ele><time>2026-03-24T08:06:48Z</time><extensions><gpxtpx:TrackPointExtension><gpxtpx:hr>79</gpxtpx:hr></gpxtpx:TrackPointExtension></extensions></trkpt><trkpt lat="60.230168" lon="24.96656"><ele>24.6</ele><time>2026-03-24T08:06:56Z</time><extensions><gpxtpx:TrackPointExtension><gpxtpx:hr>77</gpxtpx:hr></gpxtpx:TrackPointExtension></extensions></trkpt><trkpt lat="60.230168" lon="24.96656"><ele>24.6</ele><time>2026-03-24T08:06:58Z</time><extensions><gpxtpx:TrackPointExtension><gpxtpx:hr>77</gpxtpx:hr></gpxtpx:TrackPointExtension></extensions></trkpt><trkpt lat="60.230168" lon="24.96656"><ele>24.6</ele><time>2026-03-24T08:07:07Z</time><extensions><gpxtpx:TrackPointExtension><gpxtpx:hr>74</gpxtpx:hr></gpxtpx:TrackPointExtension></extensions></trkpt><trkpt lat="60.230168" lon="24.96656"><ele>24.6</ele><time>2026-03-24T08:07:10Z</time><extensions><gpxtpx:TrackPointExtension><gpxtpx:hr>74</gpxtpx:hr></gpxtpx:TrackPointExtension></extensions></trkpt><trkpt lat="60.230168" lon="24.96656"><ele>24.6</ele><time>2026-03-24T08:07:14Z</time><extensions><gpxtpx:TrackPointExtension><gpxtpx:hr>75</gpxtpx:hr></gpxtpx:TrackPointExtension></extensions></trkpt><trkpt lat="60.230168" lon="24.96656"><ele>24.6</ele><time>2026-03-24T08:07:20Z</time><extensions><gpxtpx:TrackPointExtension><gpxtpx:hr>73</gpxtpx:hr></gpxtpx:TrackPointExtension></extensions></trkpt><trkpt lat="60.230168" lon="24.96656"><ele>24.6</ele><time>2026-03-24T08:07:27Z</time><extensions><gpxtpx:TrackPointExtension><gpxtpx:hr>76</gpxtpx:hr></gpxtpx:TrackPointExtension></extensions></trkpt><trkpt lat="60.230168" lon="24.96656"><ele>24.6</ele><time>2026-03-24T08:07:32Z</time><extensions><gpxtpx:TrackPointExtension><gpxtpx:hr>76</gpxtpx:hr></gpxtpx:TrackPointExtension></extensions></trkpt><trkpt lat="60.230168" lon="24.96656"><ele>24.6</ele><time>2026-03-24T08:07:33Z</time><extensions><gpxtpx:TrackPointExtension><gpxtpx:hr>77</gpxtpx:hr></gpxtpx:TrackPointExtension></extensions></trkpt><trkpt lat="60.230168" lon="24.96656"><ele>24.6</ele><time>2026-03-24T08:07:39Z</time><extensions><gpxtpx:TrackPointExtension><gpxtpx:hr>79</gpxtpx:hr></gpxtpx:TrackPointExtension></extensions></trkpt><trkpt lat="60.230168" lon="24.96656"><ele>24.6</ele><time>2026-03-24T08:07:47Z</time><extensions><gpxtpx:TrackPointExtension><gpxtpx:hr>74</gpxtpx:hr></gpxtpx:TrackPointExtension></extensions></trkpt><trkpt lat="60.230168" lon="24.96656"><ele>24.6</ele><time>2026-03-24T08:07:50Z</time><extensions><gpxtpx:TrackPointExtension><gpxtpx:hr>73</gpxtpx:hr></gpxtpx:TrackPointExtension></extensions></trkpt><trkpt lat="60.230168" lon="24.96656"><ele>24.6</ele><time>2026-03-24T08:07:53Z</time><extensions><gpxtpx:TrackPointExtension><gpxtpx:hr>72</gpxtpx:hr></gpxtpx:TrackPointExtension></extensions></trkpt><trkpt lat="60.230168" lon="24.96656"><ele>24.6</ele><time>2026-03-24T08:08:00Z</time><extensions><gpxtpx:TrackPointExtension><gpxtpx:hr>69</gpxtpx:hr></gpxtpx:TrackPointExtension></extensions></trkpt><trkpt lat="60.230168" lon="24.96656"><ele>24.6</ele><time>2026-03-24T08:08:07Z</time><extensions><gpxtpx:TrackPointExtension><gpxtpx:hr>69</gpxtpx:hr></gpxtpx:TrackPointExtension></extensions></trkpt><trkpt lat="60.230168" lon="24.96656"><ele>24.6</ele><time>2026-03-24T08:08:09Z</time><extensions><gpxtpx:TrackPointExtension><gpxtpx:hr>69</gpxtpx:hr></gpxtpx:TrackPointExtension></extensions></trkpt><trkpt lat="60.230168" lon="24.96656"><ele>24.6</ele><time>2026-03-24T08:08:17Z</time><extensions><gpxtpx:TrackPointExtension><gpxtpx:hr>71</gpxtpx:hr></gpxtpx:TrackPointExtension></extensions></trkpt><trkpt lat="60.230168" lon="24.96656"><ele>24.6</ele><time>2026-03-24T08:08:22Z</time><extensions><gpxtpx:TrackPointExtension><gpxtpx:hr>71</gpxtpx:hr></gpxtpx:TrackPointExtension></extensions></trkpt><trkpt lat="60.230168" lon="24.96656"><ele>24.6</ele><time>2026-03-24T08:08:23Z</time><extensions><gpxtpx:TrackPointExtension><gpxtpx:hr>70</gpxtpx:hr></gpxtpx:TrackPointExtension></extensions></trkpt><trkpt lat="60.230168" lon="24.96656"><ele>24.6</ele><time>2026-03-24T08:08:32Z</time><extensions><gpxtpx:TrackPointExtension><gpxtpx:hr>72</gpxtpx:hr></gpxtpx:TrackPointExtension></extensions></trkpt><trkpt lat="60.230168" lon="24.96656"><ele>24.6</ele><time>2026-03-24T08:08:33Z</time><extensions><gpxtpx:TrackPointExtension><gpxtpx:hr>72</gpxtpx:hr></gpxtpx:TrackPointExtension></extensions></trkpt><trkpt lat="60.230168" lon="24.96656"><ele>24.6</ele><time>2026-03-24T08:08:39Z</time><extensions><gpxtpx:TrackPointExtension><gpxtpx:hr>70</gpxtpx:hr></gpxtpx:TrackPointExtension></extensions></trkpt><trkpt lat="60.230168" lon="24.96656"><ele>24.6</ele><time>2026-03-24T08:08:43Z</time><extensions><gpxtpx:TrackPointExtension><gpxtpx:hr>73</gpxtpx:hr></gpxtpx:TrackPointExtension></extensions></trkpt><trkpt lat="60.230168" lon="24.96656"><ele>24.6</ele><time>2026-03-24T08:08:48Z</time><extensions><gpxtpx:TrackPointExtension><gpxtpx:hr>81</gpxtpx:hr></gpxtpx:TrackPointExtension></extensions></trkpt><trkpt lat="60.230168" lon="24.96656"><ele>24.6</ele><time>2026-03-24T08:08:53Z</time><extensions><gpxtpx:TrackPointExtension><gpxtpx:hr>91</gpxtpx:hr></gpxtpx:TrackPointExtension></extensions></trkpt><trkpt lat="60.230168" lon="24.96656"><ele>24.6</ele><time>2026-03-24T08:09:02Z</time><extensions><gpxtpx:TrackPointExtension><gpxtpx:hr>98</gpxtpx:hr></gpxtpx:TrackPointExtension></extensions></trkpt><trkpt lat="60.230168" lon="24.96656"><ele>24.6</ele><time>2026-03-24T08:09:07Z</time><extensions><gpxtpx:TrackPointExtension><gpxtpx:hr>91</gpxtpx:hr></gpxtpx:TrackPointExtension></extensions></trkpt><trkpt lat="60.230168" lon="24.96656"><ele>24.6</ele><time>2026-03-24T08:09:09Z</time><extensions><gpxtpx:TrackPointExtension><gpxtpx:hr>90</gpxtpx:hr></gpxtpx:TrackPointExtension></extensions></trkpt><trkpt lat="60.230168" lon="24.96656"><ele>24.6</ele><time>2026-03-24T08:09:13Z</time><extensions><gpxtpx:TrackPointExtension><gpxtpx:hr>90</gpxtpx:hr></gpxtpx:TrackPointExtension></extensions></trkpt><trkpt lat="60.230168" lon="24.96656"><ele>24.6</ele><time>2026-03-24T08:09:22Z</time><extensions><gpxtpx:TrackPointExtension><gpxtpx:hr>88</gpxtpx:hr></gpxtpx:TrackPointExtension></extensions></trkpt><trkpt lat="60.230168" lon="24.96656"><ele>24.6</ele><time>2026-03-24T08:09:27Z</time><extensions><gpxtpx:TrackPointExtension><gpxtpx:hr>86</gpxtpx:hr></gpxtpx:TrackPointExtension></extensions></trkpt><trkpt lat="60.230168" lon="24.96656"><ele>24.6</ele><time>2026-03-24T08:09:29Z</time><extensions><gpxtpx:TrackPointExtension><gpxtpx:hr>84</gpxtpx:hr></gpxtpx:TrackPointExtension></extensions></trkpt><trkpt lat="60.230168" lon="24.96656"><ele>24.6</ele><time>2026-03-24T08:09:33Z</time><extensions><gpxtpx:TrackPointExtension><gpxtpx:hr>83</gpxtpx:hr></gpxtpx:TrackPointExtension></extensions></trkpt><trkpt lat="60.230168" lon="24.96656"><ele>24.6</ele><time>2026-03-24T08:09:41Z</time><extensions><gpxtpx:TrackPointExtension><gpxtpx:hr>79</gpxtpx:hr></gpxtpx:TrackPointExtension></extensions></trkpt><trkpt lat="60.230168" lon="24.96656"><ele>24.6</ele><time>2026-03-24T08:09:43Z</time><extensions><gpxtpx:TrackPointExtension><gpxtpx:hr>79</gpxtpx:hr></gpxtpx:TrackPointExtension></extensions></trkpt><trkpt lat="60.230168" lon="24.96656"><ele>24.6</ele><time>2026-03-24T08:09:48Z</time><extensions><gpxtpx:TrackPointExtension><gpxtpx:hr>80</gpxtpx:hr></gpxtpx:TrackPointExtension></extensions></trkpt><trkpt lat="60.230168" lon="24.96656"><ele>24.6</ele><time>2026-03-24T08:09:53Z</time><extensions><gpxtpx:TrackPointExtension><gpxtpx:hr>85</gpxtpx:hr></gpxtpx:TrackPointExtension></extensions></trkpt><trkpt lat="60.230168" lon="24.96656"><ele>24.6</ele><time>2026-03-24T08:09:58Z</time><extensions><gpxtpx:TrackPointExtension><gpxtpx:hr>92</gpxtpx:hr></gpxtpx:TrackPointExtension></extensions></trkpt><trkpt lat="60.230168" lon="24.96656"><ele>24.6</ele><time>2026-03-24T08:10:07Z</time><extensions><gpxtpx:TrackPointExtension><gpxtpx:hr>95</gpxtpx:hr></gpxtpx:TrackPointExtension></extensions></trkpt><trkpt lat="60.230168" lon="24.96656"><ele>24.6</ele><time>2026-03-24T08:10:11Z</time><extensions><gpxtpx:TrackPointExtension><gpxtpx:hr>94</gpxtpx:hr></gpxtpx:TrackPointExtension></extensions></trkpt><trkpt lat="60.230168" lon="24.96656"><ele>24.6</ele><time>2026-03-24T08:10:16Z</time><extensions><gpxtpx:TrackPointExtension><gpxtpx:hr>91</gpxtpx:hr></gpxtpx:TrackPointExtension></extensions></trkpt><trkpt lat="60.230168" lon="24.96656"><ele>24.6</ele><time>2026-03-24T08:10:22Z</time><extensions><gpxtpx:TrackPointExtension><gpxtpx:hr>85</gpxtpx:hr></gpxtpx:TrackPointExtension></extensions></trkpt><trkpt lat="60.230168" lon="24.96656"><ele>24.6</ele><time>2026-03-24T08:10:27Z</time><extensions><gpxtpx:TrackPointExtension><gpxtpx:hr>84</gpxtpx:hr></gpxtpx:TrackPointExtension></extensions></trkpt><trkpt lat="60.230168" lon="24.96656"><ele>24.6</ele><time>2026-03-24T08:10:30Z</time><extensions><gpxtpx:TrackPointExtension><gpxtpx:hr>82</gpxtpx:hr></gpxtpx:TrackPointExtension></extensions></trkpt><trkpt lat="60.230168" lon="24.96656"><ele>24.6</ele><time>2026-03-24T08:10:37Z</time><extensions><gpxtpx:TrackPointExtension><gpxtpx:hr>82</gpxtpx:hr></gpxtpx:TrackPointExtension></extensions></trkpt><trkpt lat="60.230168" lon="24.96656"><ele>24.6</ele><time>2026-03-24T08:10:39Z</time><extensions><gpxtpx:TrackPointExtension><gpxtpx:hr>82</gpxtpx:hr></gpxtpx:TrackPointExtension></extensions></trkpt><trkpt lat="60.230168" lon="24.96656"><ele>24.6</ele><time>2026-03-24T08:10:47Z</time><extensions><gpxtpx:TrackPointExtension><gpxtpx:hr>80</gpxtpx:hr></gpxtpx:TrackPointExtension></extensions></trkpt><trkpt lat="60.230168" lon="24.96656"><ele>24.6</ele><time>2026-03-24T08:10:50Z</time><extensions><gpxtpx:TrackPointExtension><gpxtpx:hr>81</gpxtpx:hr></gpxtpx:TrackPointExtension></extensions></trkpt><trkpt lat="60.230168" lon="24.96656"><ele>24.6</ele><time>2026-03-24T08:10:54Z</time><extensions><gpxtpx:TrackPointExtension><gpxtpx:hr>81</gpxtpx:hr></gpxtpx:TrackPointExtension></extensions></trkpt><trkpt lat="60.230168" lon="24.96656"><ele>24.6</ele><time>2026-03-24T08:10:59Z</time><extensions><gpxtpx:TrackPointExtension><gpxtpx:hr>81</gpxtpx:hr></gpxtpx:TrackPointExtension></extensions></trkpt><trkpt lat="60.230168" lon="24.96656"><ele>24.6</ele><time>2026-03-24T08:11:07Z</time><extensions><gpxtpx:TrackPointExtension><gpxtpx:hr>76</gpxtpx:hr></gpxtpx:TrackPointExtension></extensions></trkpt><trkpt lat="60.230168" lon="24.96656"><ele>24.6</ele><time>2026-03-24T08:11:09Z</time><extensions><gpxtpx:TrackPointExtension><gpxtpx:hr>75</gpxtpx:hr></gpxtpx:TrackPointExtension></extensions></trkpt><trkpt lat="60.230168" lon="24.96656"><ele>24.6</ele><time>2026-03-24T08:11:17Z</time><extensions><gpxtpx:TrackPointExtension><gpxtpx:hr>74</gpxtpx:hr></gpxtpx:TrackPointExtension></extensions></trkpt><trkpt lat="60.230168" lon="24.96656"><ele>24.6</ele><time>2026-03-24T08:11:21Z</time><extensions><gpxtpx:TrackPointExtension><gpxtpx:hr>74</gpxtpx:hr></gpxtpx:TrackPointExtension></extensions></trkpt><trkpt lat="60.230168" lon="24.96656"><ele>24.6</ele><time>2026-03-24T08:11:25Z</time><extensions><gpxtpx:TrackPointExtension><gpxtpx:hr>74</gpxtpx:hr></gpxtpx:TrackPointExtension></extensions></trkpt><trkpt lat="60.230168" lon="24.96656"><ele>24.6</ele><time>2026-03-24T08:11:28Z</time><extensions><gpxtpx:TrackPointExtension><gpxtpx:hr>74</gpxtpx:hr></gpxtpx:TrackPointExtension></extensions></trkpt><trkpt lat="60.230168" lon="24.96656"><ele>24.6</ele><time>2026-03-24T08:11:37Z</time><extensions><gpxtpx:TrackPointExtension><gpxtpx:hr>81</gpxtpx:hr></gpxtpx:TrackPointExtension></extensions></trkpt><trkpt lat="60.230168" lon="24.96656"><ele>24.6</ele><time>2026-03-24T08:11:39Z</time><extensions><gpxtpx:TrackPointExtension><gpxtpx:hr>82</gpxtpx:hr></gpxtpx:TrackPointExtension></extensions></trkpt><trkpt lat="60.230168" lon="24.96656"><ele>24.6</ele><time>2026-03-24T08:11:43Z</time><extensions><gpxtpx:TrackPointExtension><gpxtpx:hr>83</gpxtpx:hr></gpxtpx:TrackPointExtension></extensions></trkpt><trkpt lat="60.230168" lon="24.96656"><ele>24.6</ele><time>2026-03-24T08:11:48Z</time><extensions><gpxtpx:TrackPointExtension><gpxtpx:hr>86</gpxtpx:hr></gpxtpx:TrackPointExtension></extensions></trkpt><trkpt lat="60.230168" lon="24.96656"><ele>24.6</ele><time>2026-03-24T08:11:53Z</time><extensions><gpxtpx:TrackPointExtension><gpxtpx:hr>93</gpxtpx:hr></gpxtpx:TrackPointExtension></extensions></trkpt><trkpt lat="60.230168" lon="24.96656"><ele>24.6</ele><time>2026-03-24T08:12:02Z</time><extensions><gpxtpx:TrackPointExtension><gpxtpx:hr>95</gpxtpx:hr></gpxtpx:TrackPointExtension></extensions></trkpt><trkpt lat="60.230168" lon="24.96656"><ele>24.6</ele><time>2026-03-24T08:12:07Z</time><extensions><gpxtpx:TrackPointExtension><gpxtpx:hr>91</gpxtpx:hr></gpxtpx:TrackPointExtension></extensions></trkpt><trkpt lat="60.230168" lon="24.96656"><ele>24.6</ele><time>2026-03-24T08:12:12Z</time><extensions><gpxtpx:TrackPointExtension><gpxtpx:hr>88</gpxtpx:hr></gpxtpx:TrackPointExtension></extensions></trkpt><trkpt lat="60.230168" lon="24.96656"><ele>24.6</ele><time>2026-03-24T08:12:17Z</time><extensions><gpxtpx:TrackPointExtension><gpxtpx:hr>87</gpxtpx:hr></gpxtpx:TrackPointExtension></extensions></trkpt><trkpt lat="60.230168" lon="24.96656"><ele>24.6</ele><time>2026-03-24T08:12:18Z</time><extensions><gpxtpx:TrackPointExtension><gpxtpx:hr>86</gpxtpx:hr></gpxtpx:TrackPointExtension></extensions></trkpt><trkpt lat="60.230168" lon="24.96656"><ele>24.6</ele><time>2026-03-24T08:12:23Z</time><extensions><gpxtpx:TrackPointExtension><gpxtpx:hr>87</gpxtpx:hr></gpxtpx:TrackPointExtension></extensions></trkpt><trkpt lat="60.230168" lon="24.96656"><ele>24.6</ele><time>2026-03-24T08:12:32Z</time><extensions><gpxtpx:TrackPointExtension><gpxtpx:hr>87</gpxtpx:hr></gpxtpx:TrackPointExtension></extensions></trkpt><trkpt lat="60.230168" lon="24.96656"><ele>24.6</ele><time>2026-03-24T08:12:33Z</time><extensions><gpxtpx:TrackPointExtension><gpxtpx:hr>87</gpxtpx:hr></gpxtpx:TrackPointExtension></extensions></trkpt><trkpt lat="60.230168" lon="24.96656"><ele>24.6</ele><time>2026-03-24T08:12:38Z</time><extensions><gpxtpx:TrackPointExtension><gpxtpx:hr>87</gpxtpx:hr></gpxtpx:TrackPointExtension></extensions></trkpt><trkpt lat="60.230168" lon="24.96656"><ele>24.6</ele><time>2026-03-24T08:12:47Z</time><extensions><gpxtpx:TrackPointExtension><gpxtpx:hr>82</gpxtpx:hr></gpxtpx:TrackPointExtension></extensions></trkpt><trkpt lat="60.230168" lon="24.96656"><ele>24.6</ele><time>2026-03-24T08:12:52Z</time><extensions><gpxtpx:TrackPointExtension><gpxtpx:hr>82</gpxtpx:hr></gpxtpx:TrackPointExtension></extensions></trkpt><trkpt lat="60.230168" lon="24.96656"><ele>24.6</ele><time>2026-03-24T08:12:53Z</time><extensions><gpxtpx:TrackPointExtension><gpxtpx:hr>82</gpxtpx:hr></gpxtpx:TrackPointExtension></extensions></trkpt><trkpt lat="60.230168" lon="24.96656"><ele>24.6</ele><time>2026-03-24T08:12:58Z</time><extensions><gpxtpx:TrackPointExtension><gpxtpx:hr>83</gpxtpx:hr></gpxtpx:TrackPointExtension></extensions></trkpt><trkpt lat="60.230168" lon="24.96656"><ele>24.6</ele><time>2026-03-24T08:13:03Z</time><extensions><gpxtpx:TrackPointExtension><gpxtpx:hr>83</gpxtpx:hr></gpxtpx:TrackPointExtension></extensions></trkpt><trkpt lat="60.230168" lon="24.96656"><ele>24.6</ele><time>2026-03-24T08:13:10Z</time><extensions><gpxtpx:TrackPointExtension><gpxtpx:hr>83</gpxtpx:hr></gpxtpx:TrackPointExtension></extensions></trkpt><trkpt lat="60.230168" lon="24.96656"><ele>24.6</ele><time>2026-03-24T08:13:13Z</time><extensions><gpxtpx:TrackPointExtension><gpxtpx:hr>81</gpxtpx:hr></gpxtpx:TrackPointExtension></extensions></trkpt><trkpt lat="60.230168" lon="24.96656"><ele>24.6</ele><time>2026-03-24T08:13:22Z</time><extensions><gpxtpx:TrackPointExtension><gpxtpx:hr>74</gpxtpx:hr></gpxtpx:TrackPointExtension></extensions></trkpt><trkpt lat="60.230168" lon="24.96656"><ele>24.6</ele><time>2026-03-24T08:13:27Z</time><extensions><gpxtpx:TrackPointExtension><gpxtpx:hr>72</gpxtpx:hr></gpxtpx:TrackPointExtension></extensions></trkpt><trkpt lat="60.230168" lon="24.96656"><ele>24.6</ele><time>2026-03-24T08:13:32Z</time><extensions><gpxtpx:TrackPointExtension><gpxtpx:hr>70</gpxtpx:hr></gpxtpx:TrackPointExtension></extensions></trkpt><trkpt lat="60.230168" lon="24.96656"><ele>24.6</ele><time>2026-03-24T08:13:35Z</time><extensions><gpxtpx:TrackPointExtension><gpxtpx:hr>69</gpxtpx:hr></gpxtpx:TrackPointExtension></extensions></trkpt><trkpt lat="60.230168" lon="24.96656"><ele>24.6</ele><time>2026-03-24T08:13:41Z</time><extensions><gpxtpx:TrackPointExtension><gpxtpx:hr>68</gpxtpx:hr></gpxtpx:TrackPointExtension></extensions></trkpt><trkpt lat="60.230168" lon="24.96656"><ele>24.6</ele><time>2026-03-24T08:13:45Z</time><extensions><gpxtpx:TrackPointExtension><gpxtpx:hr>67</gpxtpx:hr></gpxtpx:TrackPointExtension></extensions></trkpt><trkpt lat="60.230168" lon="24.96656"><ele>24.6</ele><time>2026-03-24T08:13:50Z</time><extensions><gpxtpx:TrackPointExtension><gpxtpx:hr>66</gpxtpx:hr></gpxtpx:TrackPointExtension></extensions></trkpt><trkpt lat="60.230168" lon="24.96656"><ele>24.6</ele><time>2026-03-24T08:13:56Z</time><extensions><gpxtpx:TrackPointExtension><gpxtpx:hr>67</gpxtpx:hr></gpxtpx:TrackPointExtension></extensions></trkpt><trkpt lat="60.230168" lon="24.96656"><ele>24.6</ele><time>2026-03-24T08:14:01Z</time><extensions><gpxtpx:TrackPointExtension><gpxtpx:hr>66</gpxtpx:hr></gpxtpx:TrackPointExtension></extensions></trkpt><trkpt lat="60.230168" lon="24.96656"><ele>24.6</ele><time>2026-03-24T08:14:03Z</time><extensions><gpxtpx:TrackPointExtension><gpxtpx:hr>66</gpxtpx:hr></gpxtpx:TrackPointExtension></extensions></trkpt><trkpt lat="60.230168" lon="24.96656"><ele>24.6</ele><time>2026-03-24T08:14:10Z</time><extensions><gpxtpx:TrackPointExtension><gpxtpx:hr>66</gpxtpx:hr></gpxtpx:TrackPointExtension></extensions></trkpt><trkpt lat="60.230168" lon="24.96656"><ele>24.6</ele><time>2026-03-24T08:14:13Z</time><extensions><gpxtpx:TrackPointExtension><gpxtpx:hr>66</gpxtpx:hr></gpxtpx:TrackPointExtension></extensions></trkpt><trkpt lat="60.230168" lon="24.96656"><ele>24.6</ele><time>2026-03-24T08:14:18Z</time><extensions><gpxtpx:TrackPointExtension><gpxtpx:hr>65</gpxtpx:hr></gpxtpx:TrackPointExtension></extensions></trkpt><trkpt lat="60.230168" lon="24.96656"><ele>24.6</ele><time>2026-03-24T08:14:27Z</time><extensions><gpxtpx:TrackPointExtension><gpxtpx:hr>63</gpxtpx:hr></gpxtpx:TrackPointExtension></extensions></trkpt><trkpt lat="60.230168" lon="24.96656"><ele>24.6</ele><time>2026-03-24T08:14:28Z</time><extensions><gpxtpx:TrackPointExtension><gpxtpx:hr>63</gpxtpx:hr></gpxtpx:TrackPointExtension></extensions></trkpt><trkpt lat="60.230168" lon="24.96656"><ele>24.6</ele><time>2026-03-24T08:14:36Z</time><extensions><gpxtpx:TrackPointExtension><gpxtpx:hr>63</gpxtpx:hr></gpxtpx:TrackPointExtension></extensions></trkpt><trkpt lat="60.230168" lon="24.96656"><ele>24.6</ele><time>2026-03-24T08:14:41Z</time><extensions><gpxtpx:TrackPointExtension><gpxtpx:hr>63</gpxtpx:hr></gpxtpx:TrackPointExtension></extensions></trkpt><trkpt lat="60.230168" lon="24.96656"><ele>24.6</ele><time>2026-03-24T08:14:46Z</time><extensions><gpxtpx:TrackPointExtension><gpxtpx:hr>62</gpxtpx:hr></gpxtpx:TrackPointExtension></extensions></trkpt><trkpt lat="60.230168" lon="24.96656"><ele>24.6</ele><time>2026-03-24T08:14:52Z</time><extensions><gpxtpx:TrackPointExtension><gpxtpx:hr>62</gpxtpx:hr></gpxtpx:TrackPointExtension></extensions></trkpt><trkpt lat="60.230168" lon="24.96656"><ele>24.6</ele><time>2026-03-24T08:14:56Z</time><extensions><gpxtpx:TrackPointExtension><gpxtpx:hr>63</gpxtpx:hr></gpxtpx:TrackPointExtension></extensions></trkpt><trkpt lat="60.230168" lon="24.96656"><ele>24.6</ele><time>2026-03-24T08:14:59Z</time><extensions><gpxtpx:TrackPointExtension><gpxtpx:hr>64</gpxtpx:hr></gpxtpx:TrackPointExtension></extensions></trkpt><trkpt lat="60.230168" lon="24.96656"><ele>24.6</ele><time>2026-03-24T08:15:03Z</time><extensions><gpxtpx:TrackPointExtension><gpxtpx:hr>68</gpxtpx:hr></gpxtpx:TrackPointExtension></extensions></trkpt><trkpt lat="60.230168" lon="24.96656"><ele>24.6</ele><time>2026-03-24T08:15:08Z</time><extensions><gpxtpx:TrackPointExtension><gpxtpx:hr>76</gpxtpx:hr></gpxtpx:TrackPointExtension></extensions></trkpt><trkpt lat="60.230168" lon="24.96656"><ele>24.6</ele><time>2026-03-24T08:15:13Z</time><extensions><gpxtpx:TrackPointExtension><gpxtpx:hr>83</gpxtpx:hr></gpxtpx:TrackPointExtension></extensions></trkpt><trkpt lat="60.230168" lon="24.96656"><ele>24.6</ele><time>2026-03-24T08:15:18Z</time><extensions><gpxtpx:TrackPointExtension><gpxtpx:hr>89</gpxtpx:hr></gpxtpx:TrackPointExtension></extensions></trkpt><trkpt lat="60.230168" lon="24.96656"><ele>24.6</ele><time>2026-03-24T08:15:27Z</time><extensions><gpxtpx:TrackPointExtension><gpxtpx:hr>92</gpxtpx:hr></gpxtpx:TrackPointExtension></extensions></trkpt><trkpt lat="60.230168" lon="24.96656"><ele>24.6</ele><time>2026-03-24T08:15:30Z</time><extensions><gpxtpx:TrackPointExtension><gpxtpx:hr>91</gpxtpx:hr></gpxtpx:TrackPointExtension></extensions></trkpt><trkpt lat="60.230168" lon="24.96656"><ele>24.6</ele><time>2026-03-24T08:15:33Z</time><extensions><gpxtpx:TrackPointExtension><gpxtpx:hr>90</gpxtpx:hr></gpxtpx:TrackPointExtension></extensions></trkpt><trkpt lat="60.230168" lon="24.96656"><ele>24.6</ele><time>2026-03-24T08:15:41Z</time><extensions><gpxtpx:TrackPointExtension><gpxtpx:hr>91</gpxtpx:hr></gpxtpx:TrackPointExtension></extensions></trkpt><trkpt lat="60.230168" lon="24.96656"><ele>24.6</ele><time>2026-03-24T08:15:43Z</time><extensions><gpxtpx:TrackPointExtension><gpxtpx:hr>92</gpxtpx:hr></gpxtpx:TrackPointExtension></extensions></trkpt><trkpt lat="60.230168" lon="24.96656"><ele>24.6</ele><time>2026-03-24T08:15:52Z</time><extensions><gpxtpx:TrackPointExtension><gpxtpx:hr>95</gpxtpx:hr></gpxtpx:TrackPointExtension></extensions></trkpt><trkpt lat="60.230168" lon="24.96656"><ele>24.6</ele><time>2026-03-24T08:15:56Z</time><extensions><gpxtpx:TrackPointExtension><gpxtpx:hr>98</gpxtpx:hr></gpxtpx:TrackPointExtension></extensions></trkpt><trkpt lat="60.230168" lon="24.96656"><ele>24.6</ele><time>2026-03-24T08:16:01Z</time><extensions><gpxtpx:TrackPointExtension><gpxtpx:hr>97</gpxtpx:hr></gpxtpx:TrackPointExtension></extensions></trkpt><trkpt lat="60.230168" lon="24.96656"><ele>24.6</ele><time>2026-03-24T08:16:06Z</time><extensions><gpxtpx:TrackPointExtension><gpxtpx:hr>96</gpxtpx:hr></gpxtpx:TrackPointExtension></extensions></trkpt><trkpt lat="60.230168" lon="24.96656"><ele>24.6</ele><time>2026-03-24T08:16:08Z</time><extensions><gpxtpx:TrackPointExtension><gpxtpx:hr>98</gpxtpx:hr></gpxtpx:TrackPointExtension></extensions></trkpt><trkpt lat="60.230168" lon="24.96656"><ele>24.6</ele><time>2026-03-24T08:16:16Z</time><extensions><gpxtpx:TrackPointExtension><gpxtpx:hr>96</gpxtpx:hr></gpxtpx:TrackPointExtension></extensions></trkpt><trkpt lat="60.230168" lon="24.96656"><ele>24.6</ele><time>2026-03-24T08:16:18Z</time><extensions><gpxtpx:TrackPointExtension><gpxtpx:hr>96</gpxtpx:hr></gpxtpx:TrackPointExtension></extensions></trkpt><trkpt lat="60.230168" lon="24.96656"><ele>24.6</ele><time>2026-03-24T08:16:26Z</time><extensions><gpxtpx:TrackPointExtension><gpxtpx:hr>92</gpxtpx:hr></gpxtpx:TrackPointExtension></extensions></trkpt><trkpt lat="60.230168" lon="24.96656"><ele>24.6</ele><time>2026-03-24T08:16:28Z</time><extensions><gpxtpx:TrackPointExtension><gpxtpx:hr>92</gpxtpx:hr></gpxtpx:TrackPointExtension></extensions></trkpt><trkpt lat="60.230168" lon="24.96656"><ele>24.6</ele><time>2026-03-24T08:16:33Z</time><extensions><gpxtpx:TrackPointExtension><gpxtpx:hr>90</gpxtpx:hr></gpxtpx:TrackPointExtension></extensions></trkpt><trkpt lat="60.230168" lon="24.96656"><ele>24.6</ele><time>2026-03-24T08:16:40Z</time><extensions><gpxtpx:TrackPointExtension><gpxtpx:hr>91</gpxtpx:hr></gpxtpx:TrackPointExtension></extensions></trkpt><trkpt lat="60.230168" lon="24.96656"><ele>24.6</ele><time>2026-03-24T08:16:43Z</time><extensions><gpxtpx:TrackPointExtension><gpxtpx:hr>91</gpxtpx:hr></gpxtpx:TrackPointExtension></extensions></trkpt><trkpt lat="60.230168" lon="24.96656"><ele>24.6</ele><time>2026-03-24T08:16:52Z</time><extensions><gpxtpx:TrackPointExtension><gpxtpx:hr>91</gpxtpx:hr></gpxtpx:TrackPointExtension></extensions></trkpt><trkpt lat="60.230168" lon="24.96656"><ele>24.6</ele><time>2026-03-24T08:16:57Z</time><extensions><gpxtpx:TrackPointExtension><gpxtpx:hr>95</gpxtpx:hr></gpxtpx:TrackPointExtension></extensions></trkpt><trkpt lat="60.230168" lon="24.96656"><ele>24.6</ele><time>2026-03-24T08:17:02Z</time><extensions><gpxtpx:TrackPointExtension><gpxtpx:hr>94</gpxtpx:hr></gpxtpx:TrackPointExtension></extensions></trkpt><trkpt lat="60.230168" lon="24.96656"><ele>24.6</ele><time>2026-03-24T08:17:03Z</time><extensions><gpxtpx:TrackPointExtension><gpxtpx:hr>94</gpxtpx:hr></gpxtpx:TrackPointExtension></extensions></trkpt><trkpt lat="60.230168" lon="24.96656"><ele>24.6</ele><time>2026-03-24T08:17:12Z</time><extensions><gpxtpx:TrackPointExtension><gpxtpx:hr>89</gpxtpx:hr></gpxtpx:TrackPointExtension></extensions></trkpt><trkpt lat="60.230168" lon="24.96656"><ele>24.6</ele><time>2026-03-24T08:17:14Z</time><extensions><gpxtpx:TrackPointExtension><gpxtpx:hr>90</gpxtpx:hr></gpxtpx:TrackPointExtension></extensions></trkpt><trkpt lat="60.230168" lon="24.96656"><ele>24.6</ele><time>2026-03-24T08:17:19Z</time><extensions><gpxtpx:TrackPointExtension><gpxtpx:hr>90</gpxtpx:hr></gpxtpx:TrackPointExtension></extensions></trkpt><trkpt lat="60.230168" lon="24.96656"><ele>24.6</ele><time>2026-03-24T08:17:26Z</time><extensions><gpxtpx:TrackPointExtension><gpxtpx:hr>90</gpxtpx:hr></gpxtpx:TrackPointExtension></extensions></trkpt><trkpt lat="60.230168" lon="24.96656"><ele>24.6</ele><time>2026-03-24T08:17:32Z</time><extensions><gpxtpx:TrackPointExtension><gpxtpx:hr>84</gpxtpx:hr></gpxtpx:TrackPointExtension></extensions></trkpt><trkpt lat="60.230168" lon="24.96656"><ele>24.6</ele><time>2026-03-24T08:17:35Z</time><extensions><gpxtpx:TrackPointExtension><gpxtpx:hr>85</gpxtpx:hr></gpxtpx:TrackPointExtension></extensions></trkpt><trkpt lat="60.230168" lon="24.96656"><ele>24.6</ele><time>2026-03-24T08:17:38Z</time><extensions><gpxtpx:TrackPointExtension><gpxtpx:hr>85</gpxtpx:hr></gpxtpx:TrackPointExtension></extensions></trkpt><trkpt lat="60.230168" lon="24.96656"><ele>24.6</ele><time>2026-03-24T08:17:44Z</time><extensions><gpxtpx:TrackPointExtension><gpxtpx:hr>82</gpxtpx:hr></gpxtpx:TrackPointExtension></extensions></trkpt><trkpt lat="60.230168" lon="24.96656"><ele>24.6</ele><time>2026-03-24T08:17:48Z</time><extensions><gpxtpx:TrackPointExtension><gpxtpx:hr>80</gpxtpx:hr></gpxtpx:TrackPointExtension></extensions></trkpt><trkpt lat="60.230168" lon="24.96656"><ele>24.6</ele><time>2026-03-24T08:17:56Z</time><extensions><gpxtpx:TrackPointExtension><gpxtpx:hr>76</gpxtpx:hr></gpxtpx:TrackPointExtension></extensions></trkpt><trkpt lat="60.230168" lon="24.96656"><ele>24.6</ele><time>2026-03-24T08:17:58Z</time><extensions><gpxtpx:TrackPointExtension><gpxtpx:hr>76</gpxtpx:hr></gpxtpx:TrackPointExtension></extensions></trkpt><trkpt lat="60.230168" lon="24.96656"><ele>24.6</ele><time>2026-03-24T08:18:07Z</time><extensions><gpxtpx:TrackPointExtension><gpxtpx:hr>75</gpxtpx:hr></gpxtpx:TrackPointExtension></extensions></trkpt><trkpt lat="60.230168" lon="24.96656"><ele>24.6</ele><time>2026-03-24T08:18:12Z</time><extensions><gpxtpx:TrackPointExtension><gpxtpx:hr>73</gpxtpx:hr></gpxtpx:TrackPointExtension></extensions></trkpt><trkpt lat="60.230168" lon="24.96656"><ele>24.6</ele><time>2026-03-24T08:18:13Z</time><extensions><gpxtpx:TrackPointExtension><gpxtpx:hr>73</gpxtpx:hr></gpxtpx:TrackPointExtension></extensions></trkpt><trkpt lat="60.230168" lon="24.96656"><ele>24.6</ele><time>2026-03-24T08:18:22Z</time><extensions><gpxtpx:TrackPointExtension><gpxtpx:hr>73</gpxtpx:hr></gpxtpx:TrackPointExtension></extensions></trkpt><trkpt lat="60.230168" lon="24.96656"><ele>24.6</ele><time>2026-03-24T08:18:23Z</time><extensions><gpxtpx:TrackPointExtension><gpxtpx:hr>72</gpxtpx:hr></gpxtpx:TrackPointExtension></extensions></trkpt><trkpt lat="60.230168" lon="24.96656"><ele>24.6</ele><time>2026-03-24T08:18:32Z</time><extensions><gpxtpx:TrackPointExtension><gpxtpx:hr>71</gpxtpx:hr></gpxtpx:TrackPointExtension></extensions></trkpt><trkpt lat="60.230168" lon="24.96656"><ele>24.6</ele><time>2026-03-24T08:18:34Z</time><extensions><gpxtpx:TrackPointExtension><gpxtpx:hr>71</gpxtpx:hr></gpxtpx:TrackPointExtension></extensions></trkpt><trkpt lat="60.230168" lon="24.96656"><ele>24.6</ele><time>2026-03-24T08:18:39Z</time><extensions><gpxtpx:TrackPointExtension><gpxtpx:hr>75</gpxtpx:hr></gpxtpx:TrackPointExtension></extensions></trkpt><trkpt lat="60.230168" lon="24.96656"><ele>24.6</ele><time>2026-03-24T08:18:47Z</time><extensions><gpxtpx:TrackPointExtension><gpxtpx:hr>83</gpxtpx:hr></gpxtpx:TrackPointExtension></extensions></trkpt><trkpt lat="60.230168" lon="24.96656"><ele>24.6</ele><time>2026-03-24T08:18:48Z</time><extensions><gpxtpx:TrackPointExtension><gpxtpx:hr>85</gpxtpx:hr></gpxtpx:TrackPointExtension></extensions></trkpt><trkpt lat="60.230168" lon="24.96656"><ele>24.6</ele><time>2026-03-24T08:18:57Z</time><extensions><gpxtpx:TrackPointExtension><gpxtpx:hr>95</gpxtpx:hr></gpxtpx:TrackPointExtension></extensions></trkpt><trkpt lat="60.230168" lon="24.96656"><ele>24.6</ele><time>2026-03-24T08:19:00Z</time><extensions><gpxtpx:TrackPointExtension><gpxtpx:hr>96</gpxtpx:hr></gpxtpx:TrackPointExtension></extensions></trkpt><trkpt lat="60.230168" lon="24.96656"><ele>24.6</ele><time>2026-03-24T08:19:03Z</time><extensions><gpxtpx:TrackPointExtension><gpxtpx:hr>97</gpxtpx:hr></gpxtpx:TrackPointExtension></extensions></trkpt><trkpt lat="60.230168" lon="24.96656"><ele>24.6</ele><time>2026-03-24T08:19:09Z</time><extensions><gpxtpx:TrackPointExtension><gpxtpx:hr>103</gpxtpx:hr></gpxtpx:TrackPointExtension></extensions></trkpt><trkpt lat="60.230168" lon="24.96656"><ele>24.6</ele><time>2026-03-24T08:19:13Z</time><extensions><gpxtpx:TrackPointExtension><gpxtpx:hr>104</gpxtpx:hr></gpxtpx:TrackPointExtension></extensions></trkpt><trkpt lat="60.230168" lon="24.96656"><ele>24.6</ele><time>2026-03-24T08:19:20Z</time><extensions><gpxtpx:TrackPointExtension><gpxtpx:hr>107</gpxtpx:hr></gpxtpx:TrackPointExtension></extensions></trkpt><trkpt lat="60.230168" lon="24.96656"><ele>24.6</ele><time>2026-03-24T08:19:27Z</time><extensions><gpxtpx:TrackPointExtension><gpxtpx:hr>109</gpxtpx:hr></gpxtpx:TrackPointExtension></extensions></trkpt><trkpt lat="60.230168" lon="24.96656"><ele>24.6</ele><time>2026-03-24T08:19:31Z</time><extensions><gpxtpx:TrackPointExtension><gpxtpx:hr>111</gpxtpx:hr></gpxtpx:TrackPointExtension></extensions></trkpt><trkpt lat="60.230168" lon="24.96656"><ele>24.6</ele><time>2026-03-24T08:19:33Z</time><extensions><gpxtpx:TrackPointExtension><gpxtpx:hr>111</gpxtpx:hr></gpxtpx:TrackPointExtension></extensions></trkpt><trkpt lat="60.230168" lon="24.96656"><ele>24.6</ele><time>2026-03-24T08:19:41Z</time><extensions><gpxtpx:TrackPointExtension><gpxtpx:hr>114</gpxtpx:hr></gpxtpx:TrackPointExtension></extensions></trkpt><trkpt lat="60.230168" lon="24.96656"><ele>24.6</ele><time>2026-03-24T08:19:43Z</time><extensions><gpxtpx:TrackPointExtension><gpxtpx:hr>115</gpxtpx:hr></gpxtpx:TrackPointExtension></extensions></trkpt><trkpt lat="60.230168" lon="24.96656"><ele>24.6</ele><time>2026-03-24T08:19:48Z</time><extensions><gpxtpx:TrackPointExtension><gpxtpx:hr>114</gpxtpx:hr></gpxtpx:TrackPointExtension></extensions></trkpt><trkpt lat="60.230168" lon="24.96656"><ele>24.6</ele><time>2026-03-24T08:19:56Z</time><extensions><gpxtpx:TrackPointExtension><gpxtpx:hr>118</gpxtpx:hr></gpxtpx:TrackPointExtension></extensions></trkpt><trkpt lat="60.230168" lon="24.96656"><ele>24.6</ele><time>2026-03-24T08:20:02Z</time><extensions><gpxtpx:TrackPointExtension><gpxtpx:hr>124</gpxtpx:hr></gpxtpx:TrackPointExtension></extensions></trkpt><trkpt lat="60.230168" lon="24.96656"><ele>24.6</ele><time>2026-03-24T08:20:05Z</time><extensions><gpxtpx:TrackPointExtension><gpxtpx:hr>126</gpxtpx:hr></gpxtpx:TrackPointExtension></extensions></trkpt><trkpt lat="60.230168" lon="24.96656"><ele>24.6</ele><time>2026-03-24T08:20:11Z</time><extensions><gpxtpx:TrackPointExtension><gpxtpx:hr>131</gpxtpx:hr></gpxtpx:TrackPointExtension></extensions></trkpt><trkpt lat="60.230168" lon="24.96656"><ele>24.6</ele><time>2026-03-24T08:20:17Z</time><extensions><gpxtpx:TrackPointExtension><gpxtpx:hr>132</gpxtpx:hr></gpxtpx:TrackPointExtension></extensions></trkpt><trkpt lat="60.230168" lon="24.96656"><ele>24.6</ele><time>2026-03-24T08:20:20Z</time><extensions><gpxtpx:TrackPointExtension><gpxtpx:hr>131</gpxtpx:hr></gpxtpx:TrackPointExtension></extensions></trkpt><trkpt lat="60.230168" lon="24.96656"><ele>24.6</ele><time>2026-03-24T08:20:27Z</time><extensions><gpxtpx:TrackPointExtension><gpxtpx:hr>123</gpxtpx:hr></gpxtpx:TrackPointExtension></extensions></trkpt><trkpt lat="60.230168" lon="24.96656"><ele>24.6</ele><time>2026-03-24T08:20:30Z</time><extensions><gpxtpx:TrackPointExtension><gpxtpx:hr>122</gpxtpx:hr></gpxtpx:TrackPointExtension></extensions></trkpt><trkpt lat="60.230168" lon="24.96656"><ele>24.6</ele><time>2026-03-24T08:20:36Z</time><extensions><gpxtpx:TrackPointExtension><gpxtpx:hr>121</gpxtpx:hr></gpxtpx:TrackPointExtension></extensions></trkpt><trkpt lat="60.230168" lon="24.96656"><ele>24.6</ele><time>2026-03-24T08:20:38Z</time><extensions><gpxtpx:TrackPointExtension><gpxtpx:hr>120</gpxtpx:hr></gpxtpx:TrackPointExtension></extensions></trkpt><trkpt lat="60.230168" lon="24.96656"><ele>24.6</ele><time>2026-03-24T08:20:47Z</time><extensions><gpxtpx:TrackPointExtension><gpxtpx:hr>111</gpxtpx:hr></gpxtpx:TrackPointExtension></extensions></trkpt><trkpt lat="60.230168" lon="24.96656"><ele>24.6</ele><time>2026-03-24T08:20:49Z</time><extensions><gpxtpx:TrackPointExtension><gpxtpx:hr>111</gpxtpx:hr></gpxtpx:TrackPointExtension></extensions></trkpt><trkpt lat="60.230168" lon="24.96656"><ele>24.6</ele><time>2026-03-24T08:20:57Z</time><extensions><gpxtpx:TrackPointExtension><gpxtpx:hr>109</gpxtpx:hr></gpxtpx:TrackPointExtension></extensions></trkpt><trkpt lat="60.230168" lon="24.96656"><ele>24.6</ele><time>2026-03-24T08:20:58Z</time><extensions><gpxtpx:TrackPointExtension><gpxtpx:hr>108</gpxtpx:hr></gpxtpx:TrackPointExtension></extensions></trkpt><trkpt lat="60.230168" lon="24.96656"><ele>24.6</ele><time>2026-03-24T08:21:03Z</time><extensions><gpxtpx:TrackPointExtension><gpxtpx:hr>107</gpxtpx:hr></gpxtpx:TrackPointExtension></extensions></trkpt><trkpt lat="60.230168" lon="24.96656"><ele>24.6</ele><time>2026-03-24T08:21:12Z</time><extensions><gpxtpx:TrackPointExtension><gpxtpx:hr>106</gpxtpx:hr></gpxtpx:TrackPointExtension></extensions></trkpt><trkpt lat="60.230168" lon="24.96656"><ele>24.6</ele><time>2026-03-24T08:21:15Z</time><extensions><gpxtpx:TrackPointExtension><gpxtpx:hr>106</gpxtpx:hr></gpxtpx:TrackPointExtension></extensions></trkpt><trkpt lat="60.230168" lon="24.96656"><ele>24.6</ele><time>2026-03-24T08:21:21Z</time><extensions><gpxtpx:TrackPointExtension><gpxtpx:hr>106</gpxtpx:hr></gpxtpx:TrackPointExtension></extensions></trkpt><trkpt lat="60.230168" lon="24.96656"><ele>24.6</ele><time>2026-03-24T08:21:24Z</time><extensions><gpxtpx:TrackPointExtension><gpxtpx:hr>107</gpxtpx:hr></gpxtpx:TrackPointExtension></extensions></trkpt><trkpt lat="60.230168" lon="24.96656"><ele>24.6</ele><time>2026-03-24T08:21:28Z</time><extensions><gpxtpx:TrackPointExtension><gpxtpx:hr>108</gpxtpx:hr></gpxtpx:TrackPointExtension></extensions></trkpt><trkpt lat="60.230168" lon="24.96656"><ele>24.6</ele><time>2026-03-24T08:21:37Z</time><extensions><gpxtpx:TrackPointExtension><gpxtpx:hr>112</gpxtpx:hr></gpxtpx:TrackPointExtension></extensions></trkpt><trkpt lat="60.230168" lon="24.96656"><ele>24.6</ele><time>2026-03-24T08:21:39Z</time><extensions><gpxtpx:TrackPointExtension><gpxtpx:hr>111</gpxtpx:hr></gpxtpx:TrackPointExtension></extensions></trkpt><trkpt lat="60.230168" lon="24.96656"><ele>24.6</ele><time>2026-03-24T08:21:46Z</time><extensions><gpxtpx:TrackPointExtension><gpxtpx:hr>113</gpxtpx:hr></gpxtpx:TrackPointExtension></extensions></trkpt><trkpt lat="60.230168" lon="24.96656"><ele>24.6</ele><time>2026-03-24T08:21:48Z</time><extensions><gpxtpx:TrackPointExtension><gpxtpx:hr>113</gpxtpx:hr></gpxtpx:TrackPointExtension></extensions></trkpt><trkpt lat="60.230168" lon="24.96656"><ele>24.6</ele><time>2026-03-24T08:21:53Z</time><extensions><gpxtpx:TrackPointExtension><gpxtpx:hr>114</gpxtpx:hr></gpxtpx:TrackPointExtension></extensions></trkpt><trkpt lat="60.230168" lon="24.96656"><ele>24.6</ele><time>2026-03-24T08:22:00Z</time><extensions><gpxtpx:TrackPointExtension><gpxtpx:hr>118</gpxtpx:hr></gpxtpx:TrackPointExtension></extensions></trkpt><trkpt lat="60.230168" lon="24.96656"><ele>24.6</ele><time>2026-03-24T08:22:03Z</time><extensions><gpxtpx:TrackPointExtension><gpxtpx:hr>118</gpxtpx:hr></gpxtpx:TrackPointExtension></extensions></trkpt></trkseg></trk></gpx>