<?xml version="1.0" encoding="UTF-8" standalone="no"?><gpx xmlns="http://www.topografix.com/GPX/1/1" xmlns:gpxtpx="http://www.garmin.com/xmlschemas/TrackPointExtension/v1" xmlns:xsi="http://www.w3.org/2001/XMLSchema-instance" creator="Sports Tracker" version="1.1" xsi:schemaLocation="http://www.topografix.com/GPX/1/1 http://www.topografix.com/GPX/1/1/gpx.xsd http://www.garmin.com/xmlschemas/TrackPointExtension/v1 http://www.garmin.com/xmlschemas/TrackPointExtensionv1.xsd"><metadata><name/><desc/><author><name>anttipehkonen240</name></author></metadata><trk><name/><trkseg><trkpt lat="60.23016" lon="24.966235"><ele>25.2</ele><time>2026-01-19T07:01:26Z</time></trkpt><trkpt lat="60.230158" lon="24.966168"><ele>25.4</ele><time>2026-01-19T07:01:27Z</time></trkpt><trkpt lat="60.23013" lon="24.966277"><ele>29.2</ele><time>2026-01-19T07:01:28Z</time></trkpt><trkpt lat="60.230093" lon="24.96622"><ele>32.9</ele><time>2026-01-19T07:01:29Z</time></trkpt><trkpt lat="60.230082" lon="24.966133"><ele>24.5</ele><time>2026-01-19T07:01:30Z</time></trkpt><trkpt lat="60.230045" lon="24.966208"><ele>26.7</ele><time>2026-01-19T07:01:31Z</time></trkpt><trkpt lat="60.229907" lon="24.965725"><ele>29.6</ele><time>2026-01-19T07:01:45Z</time></trkpt><trkpt lat="60.22989" lon="24.965687"><ele>29.2</ele><time>2026-01-19T07:01:46Z</time></trkpt><trkpt lat="60.229888" lon="24.965675"><ele>28.6</ele><time>2026-01-19T07:01:47Z</time></trkpt><trkpt lat="60.229887" lon="24.965668"><ele>28.6</ele><time>2026-01-19T07:01:48Z</time></trkpt><trkpt lat="60.22989" lon="24.965638"><ele>28.4</ele><time>2026-01-19T07:01:49Z</time></trkpt><trkpt lat="60.229893" lon="24.96561"><ele>28.1</ele><time>2026-01-19T07:01:50Z</time></trkpt><trkpt lat="60.229897" lon="24.965582"><ele>27.5</ele><time>2026-01-19T07:01:51Z</time></trkpt><trkpt lat="60.229897" lon="24.965562"><ele>27.5</ele><time>2026-01-19T07:01:52Z</time></trkpt><trkpt lat="60.229908" lon="24.965543"><ele>27.2</ele><time>2026-01-19T07:01:53Z</time></trkpt><trkpt lat="60.22992" lon="24.965532"><ele>27.1</ele><time>2026-01-19T07:01:54Z</time></trkpt><trkpt lat="60.22993" lon="24.965518"><ele>27.5</ele><time>2026-01-19T07:01:55Z</time></trkpt><trkpt lat="60.229937" lon="24.965502"><ele>27.6</ele><time>2026-01-19T07:01:56Z</time></trkpt><trkpt lat="60.229943" lon="24.96548"><ele>27.7</ele><time>2026-01-19T07:01:57Z</time></trkpt><trkpt lat="60.229943" lon="24.965453"><ele>27.9</ele><time>2026-01-19T07:01:58Z</time></trkpt><trkpt lat="60.229943" lon="24.965428"><ele>27.9</ele><time>2026-01-19T07:01:59Z</time></trkpt><trkpt lat="60.229943" lon="24.965422"><ele>28.6</ele><time>2026-01-19T07:02:00Z</time></trkpt><trkpt lat="60.22993" lon="24.965393"><ele>28.2</ele><time>2026-01-19T07:02:01Z</time></trkpt><trkpt lat="60.22992" lon="24.965372"><ele>27.7</ele><time>2026-01-19T07:02:02Z</time></trkpt><trkpt lat="60.229915" lon="24.96534"><ele>28.3</ele><time>2026-01-19T07:02:03Z</time></trkpt><trkpt lat="60.22991" lon="24.965323"><ele>28.0</ele><time>2026-01-19T07:02:04Z</time></trkpt><trkpt lat="60.229902" lon="24.965298"><ele>28.3</ele><time>2026-01-19T07:02:05Z</time></trkpt><trkpt lat="60.229892" lon="24.965278"><ele>28.0</ele><time>2026-01-19T07:02:06Z</time></trkpt><trkpt lat="60.229885" lon="24.96526"><ele>28.0</ele><time>2026-01-19T07:02:07Z</time></trkpt><trkpt lat="60.229873" lon="24.965243"><ele>28.0</ele><time>2026-01-19T07:02:08Z</time></trkpt><trkpt lat="60.229863" lon="24.96523"><ele>27.8</ele><time>2026-01-19T07:02:09Z</time></trkpt><trkpt lat="60.229855" lon="24.965212"><ele>27.7</ele><time>2026-01-19T07:02:10Z</time></trkpt><trkpt lat="60.229847" lon="24.965183"><ele>27.9</ele><time>2026-01-19T07:02:11Z</time></trkpt><trkpt lat="60.229837" lon="24.965163"><ele>27.9</ele><time>2026-01-19T07:02:12Z</time></trkpt><trkpt lat="60.229827" lon="24.965142"><ele>27.6</ele><time>2026-01-19T07:02:13Z</time></trkpt><trkpt lat="60.229817" lon="24.965117"><ele>27.6</ele><time>2026-01-19T07:02:14Z</time></trkpt><trkpt lat="60.229807" lon="24.965092"><ele>27.2</ele><time>2026-01-19T07:02:15Z</time><extensions><gpxtpx:TrackPointExtension><gpxtpx:hr>99</gpxtpx:hr></gpxtpx:TrackPointExtension></extensions></trkpt><trkpt lat="60.229795" lon="24.96507"><ele>27.7</ele><time>2026-01-19T07:02:16Z</time></trkpt><trkpt lat="60.229783" lon="24.965052"><ele>27.3</ele><time>2026-01-19T07:02:17Z</time></trkpt><trkpt lat="60.229772" lon="24.96503"><ele>26.9</ele><time>2026-01-19T07:02:18Z</time></trkpt><trkpt lat="60.22976" lon="24.96501"><ele>26.7</ele><time>2026-01-19T07:02:19Z</time></trkpt><trkpt lat="60.229748" lon="24.964988"><ele>26.8</ele><time>2026-01-19T07:02:20Z</time></trkpt><trkpt lat="60.229735" lon="24.964973"><ele>26.4</ele><time>2026-01-19T07:02:21Z</time></trkpt><trkpt lat="60.229718" lon="24.96496"><ele>26.2</ele><time>2026-01-19T07:02:22Z</time></trkpt><trkpt lat="60.229708" lon="24.964935"><ele>26.0</ele><time>2026-01-19T07:02:23Z</time></trkpt><trkpt lat="60.229702" lon="24.964907"><ele>25.0</ele><time>2026-01-19T07:02:24Z</time></trkpt><trkpt lat="60.229687" lon="24.964895"><ele>24.6</ele><time>2026-01-19T07:02:25Z</time></trkpt><trkpt lat="60.229675" lon="24.964873"><ele>24.0</ele><time>2026-01-19T07:02:26Z</time></trkpt><trkpt lat="60.229665" lon="24.964848"><ele>24.0</ele><time>2026-01-19T07:02:27Z</time></trkpt><trkpt lat="60.229657" lon="24.964822"><ele>23.8</ele><time>2026-01-19T07:02:27Z</time></trkpt><trkpt lat="60.229647" lon="24.964803"><ele>23.1</ele><time>2026-01-19T07:02:28Z</time></trkpt><trkpt lat="60.229637" lon="24.964773"><ele>23.2</ele><time>2026-01-19T07:02:29Z</time></trkpt><trkpt lat="60.22962" lon="24.964757"><ele>23.1</ele><time>2026-01-19T07:02:30Z</time></trkpt><trkpt lat="60.229607" lon="24.964743"><ele>22.7</ele><time>2026-01-19T07:02:31Z</time></trkpt><trkpt lat="60.229593" lon="24.964728"><ele>22.3</ele><time>2026-01-19T07:02:32Z</time></trkpt><trkpt lat="60.229583" lon="24.964707"><ele>22.5</ele><time>2026-01-19T07:02:33Z</time></trkpt><trkpt lat="60.229568" lon="24.964695"><ele>22.0</ele><time>2026-01-19T07:02:34Z</time></trkpt><trkpt lat="60.229553" lon="24.964683"><ele>21.5</ele><time>2026-01-19T07:02:35Z</time></trkpt><trkpt lat="60.22954" lon="24.96466"><ele>21.4</ele><time>2026-01-19T07:02:36Z</time></trkpt><trkpt lat="60.22953" lon="24.96464"><ele>21.6</ele><time>2026-01-19T07:02:37Z</time></trkpt><trkpt lat="60.22952" lon="24.964622"><ele>21.2</ele><time>2026-01-19T07:02:38Z</time></trkpt><trkpt lat="60.229508" lon="24.964602"><ele>21.5</ele><time>2026-01-19T07:02:39Z</time></trkpt><trkpt lat="60.229497" lon="24.964582"><ele>21.3</ele><time>2026-01-19T07:02:40Z</time></trkpt><trkpt lat="60.229487" lon="24.964558"><ele>21.7</ele><time>2026-01-19T07:02:41Z</time></trkpt><trkpt lat="60.229477" lon="24.96454"><ele>22.2</ele><time>2026-01-19T07:02:42Z</time></trkpt><trkpt lat="60.229467" lon="24.964517"><ele>21.9</ele><time>2026-01-19T07:02:43Z</time></trkpt><trkpt lat="60.229455" lon="24.964497"><ele>22.4</ele><time>2026-01-19T07:02:44Z</time><extensions><gpxtpx:TrackPointExtension><gpxtpx:hr>100</gpxtpx:hr></gpxtpx:TrackPointExtension></extensions></trkpt><trkpt lat="60.229445" lon="24.964475"><ele>22.7</ele><time>2026-01-19T07:02:45Z</time></trkpt><trkpt lat="60.22943" lon="24.964462"><ele>22.8</ele><time>2026-01-19T07:02:46Z</time></trkpt><trkpt lat="60.229415" lon="24.964448"><ele>23.2</ele><time>2026-01-19T07:02:47Z</time><extensions><gpxtpx:TrackPointExtension><gpxtpx:hr>97</gpxtpx:hr></gpxtpx:TrackPointExtension></extensions></trkpt><trkpt lat="60.229403" lon="24.964433"><ele>23.3</ele><time>2026-01-19T07:02:48Z</time></trkpt><trkpt lat="60.229393" lon="24.964415"><ele>23.4</ele><time>2026-01-19T07:02:49Z</time></trkpt><trkpt lat="60.229385" lon="24.964392"><ele>23.1</ele><time>2026-01-19T07:02:50Z</time><extensions><gpxtpx:TrackPointExtension><gpxtpx:hr>97</gpxtpx:hr></gpxtpx:TrackPointExtension></extensions></trkpt><trkpt lat="60.229377" lon="24.964365"><ele>22.7</ele><time>2026-01-19T07:02:51Z</time></trkpt><trkpt lat="60.229367" lon="24.964342"><ele>22.4</ele><time>2026-01-19T07:02:52Z</time></trkpt><trkpt lat="60.229363" lon="24.964317"><ele>22.0</ele><time>2026-01-19T07:02:53Z</time></trkpt><trkpt lat="60.229357" lon="24.96429"><ele>23.6</ele><time>2026-01-19T07:02:54Z</time></trkpt><trkpt lat="60.229343" lon="24.964277"><ele>24.0</ele><time>2026-01-19T07:02:55Z</time></trkpt><trkpt lat="60.229335" lon="24.964255"><ele>24.0</ele><time>2026-01-19T07:02:56Z</time></trkpt><trkpt lat="60.229327" lon="24.964233"><ele>23.9</ele><time>2026-01-19T07:02:57Z</time></trkpt><trkpt lat="60.229318" lon="24.964212"><ele>24.5</ele><time>2026-01-19T07:02:58Z</time></trkpt><trkpt lat="60.22931" lon="24.964195"><ele>24.4</ele><time>2026-01-19T07:02:59Z</time><extensions><gpxtpx:TrackPointExtension><gpxtpx:hr>96</gpxtpx:hr></gpxtpx:TrackPointExtension></extensions></trkpt><trkpt lat="60.229298" lon="24.964183"><ele>24.7</ele><time>2026-01-19T07:03:00Z</time></trkpt><trkpt lat="60.229285" lon="24.964172"><ele>24.5</ele><time>2026-01-19T07:03:01Z</time></trkpt><trkpt lat="60.229277" lon="24.964153"><ele>24.2</ele><time>2026-01-19T07:03:02Z</time></trkpt><trkpt lat="60.229267" lon="24.964132"><ele>23.5</ele><time>2026-01-19T07:03:03Z</time></trkpt><trkpt lat="60.229252" lon="24.964118"><ele>23.2</ele><time>2026-01-19T07:03:04Z</time><extensions><gpxtpx:TrackPointExtension><gpxtpx:hr>96</gpxtpx:hr></gpxtpx:TrackPointExtension></extensions></trkpt><trkpt lat="60.229237" lon="24.964103"><ele>23.6</ele><time>2026-01-19T07:03:05Z</time><extensions><gpxtpx:TrackPointExtension><gpxtpx:hr>95</gpxtpx:hr></gpxtpx:TrackPointExtension></extensions></trkpt><trkpt lat="60.229223" lon="24.96409"><ele>23.8</ele><time>2026-01-19T07:03:06Z</time></trkpt><trkpt lat="60.22921" lon="24.96408"><ele>24.0</ele><time>2026-01-19T07:03:07Z</time></trkpt><trkpt lat="60.229193" lon="24.964078"><ele>23.8</ele><time>2026-01-19T07:03:08Z</time></trkpt><trkpt lat="60.229177" lon="24.964077"><ele>23.3</ele><time>2026-01-19T07:03:09Z</time></trkpt><trkpt lat="60.229162" lon="24.964073"><ele>23.5</ele><time>2026-01-19T07:03:10Z</time><extensions><gpxtpx:TrackPointExtension><gpxtpx:hr>95</gpxtpx:hr></gpxtpx:TrackPointExtension></extensions></trkpt><trkpt lat="60.229147" lon="24.964065"><ele>23.3</ele><time>2026-01-19T07:03:11Z</time></trkpt><trkpt lat="60.22913" lon="24.964062"><ele>23.4</ele><time>2026-01-19T07:03:12Z</time></trkpt><trkpt lat="60.229117" lon="24.964063"><ele>22.7</ele><time>2026-01-19T07:03:13Z</time></trkpt><trkpt lat="60.229103" lon="24.964065"><ele>22.5</ele><time>2026-01-19T07:03:14Z</time></trkpt><trkpt lat="60.229088" lon="24.964067"><ele>22.3</ele><time>2026-01-19T07:03:15Z</time><extensions><gpxtpx:TrackPointExtension><gpxtpx:hr>96</gpxtpx:hr></gpxtpx:TrackPointExtension></extensions></trkpt><trkpt lat="60.229073" lon="24.96407"><ele>22.0</ele><time>2026-01-19T07:03:16Z</time></trkpt><trkpt lat="60.229058" lon="24.96406"><ele>21.9</ele><time>2026-01-19T07:03:17Z</time></trkpt><trkpt lat="60.229045" lon="24.964043"><ele>21.4</ele><time>2026-01-19T07:03:18Z</time></trkpt><trkpt lat="60.229032" lon="24.96403"><ele>21.1</ele><time>2026-01-19T07:03:19Z</time></trkpt><trkpt lat="60.229018" lon="24.964018"><ele>20.7</ele><time>2026-01-19T07:03:20Z</time></trkpt><trkpt lat="60.22901" lon="24.964002"><ele>20.3</ele><time>2026-01-19T07:03:21Z</time><extensions><gpxtpx:TrackPointExtension><gpxtpx:hr>95</gpxtpx:hr></gpxtpx:TrackPointExtension></extensions></trkpt><trkpt lat="60.229" lon="24.963982"><ele>20.2</ele><time>2026-01-19T07:03:22Z</time></trkpt><trkpt lat="60.228985" lon="24.963967"><ele>20.6</ele><time>2026-01-19T07:03:23Z</time></trkpt><trkpt lat="60.228972" lon="24.963953"><ele>20.9</ele><time>2026-01-19T07:03:24Z</time></trkpt><trkpt lat="60.22896" lon="24.963937"><ele>20.4</ele><time>2026-01-19T07:03:25Z</time></trkpt><trkpt lat="60.22895" lon="24.963915"><ele>21.6</ele><time>2026-01-19T07:03:26Z</time><extensions><gpxtpx:TrackPointExtension><gpxtpx:hr>96</gpxtpx:hr></gpxtpx:TrackPointExtension></extensions></trkpt><trkpt lat="60.22894" lon="24.963892"><ele>21.1</ele><time>2026-01-19T07:03:27Z</time></trkpt><trkpt lat="60.228927" lon="24.96387"><ele>21.5</ele><time>2026-01-19T07:03:28Z</time></trkpt><trkpt lat="60.228913" lon="24.963852"><ele>21.4</ele><time>2026-01-19T07:03:29Z</time></trkpt><trkpt lat="60.228898" lon="24.963838"><ele>21.6</ele><time>2026-01-19T07:03:30Z</time></trkpt><trkpt lat="60.228888" lon="24.963813"><ele>22.0</ele><time>2026-01-19T07:03:31Z</time></trkpt><trkpt lat="60.22888" lon="24.963787"><ele>21.9</ele><time>2026-01-19T07:03:32Z</time></trkpt><trkpt lat="60.228873" lon="24.963758"><ele>22.1</ele><time>2026-01-19T07:03:33Z</time></trkpt><trkpt lat="60.228868" lon="24.96373"><ele>22.4</ele><time>2026-01-19T07:03:34Z</time><extensions><gpxtpx:TrackPointExtension><gpxtpx:hr>96</gpxtpx:hr></gpxtpx:TrackPointExtension></extensions></trkpt><trkpt lat="60.228858" lon="24.963703"><ele>22.8</ele><time>2026-01-19T07:03:35Z</time><extensions><gpxtpx:TrackPointExtension><gpxtpx:hr>95</gpxtpx:hr></gpxtpx:TrackPointExtension></extensions></trkpt><trkpt lat="60.228847" lon="24.963685"><ele>22.6</ele><time>2026-01-19T07:03:36Z</time></trkpt><trkpt lat="60.228837" lon="24.963668"><ele>22.3</ele><time>2026-01-19T07:03:37Z</time></trkpt><trkpt lat="60.22883" lon="24.963643"><ele>22.5</ele><time>2026-01-19T07:03:38Z</time></trkpt><trkpt lat="60.228825" lon="24.963617"><ele>22.1</ele><time>2026-01-19T07:03:39Z</time></trkpt><trkpt lat="60.228825" lon="24.963583"><ele>22.8</ele><time>2026-01-19T07:03:40Z</time></trkpt><trkpt lat="60.22883" lon="24.96355"><ele>23.3</ele><time>2026-01-19T07:03:41Z</time></trkpt><trkpt lat="60.228835" lon="24.963518"><ele>23.6</ele><time>2026-01-19T07:03:42Z</time><extensions><gpxtpx:TrackPointExtension><gpxtpx:hr>95</gpxtpx:hr></gpxtpx:TrackPointExtension></extensions></trkpt><trkpt lat="60.228835" lon="24.96349"><ele>23.7</ele><time>2026-01-19T07:03:43Z</time></trkpt><trkpt lat="60.22884" lon="24.963457"><ele>24.0</ele><time>2026-01-19T07:03:44Z</time></trkpt><trkpt lat="60.228835" lon="24.963425"><ele>23.9</ele><time>2026-01-19T07:03:45Z</time></trkpt><trkpt lat="60.228832" lon="24.963395"><ele>23.3</ele><time>2026-01-19T07:03:46Z</time></trkpt><trkpt lat="60.228833" lon="24.96336"><ele>24.3</ele><time>2026-01-19T07:03:47Z</time></trkpt><trkpt lat="60.228833" lon="24.963333"><ele>24.6</ele><time>2026-01-19T07:03:48Z</time></trkpt><trkpt lat="60.228833" lon="24.963302"><ele>24.1</ele><time>2026-01-19T07:03:49Z</time><extensions><gpxtpx:TrackPointExtension><gpxtpx:hr>96</gpxtpx:hr></gpxtpx:TrackPointExtension></extensions></trkpt><trkpt lat="60.228837" lon="24.963275"><ele>24.3</ele><time>2026-01-19T07:03:50Z</time></trkpt><trkpt lat="60.228838" lon="24.963248"><ele>24.6</ele><time>2026-01-19T07:03:51Z</time></trkpt><trkpt lat="60.228832" lon="24.96322"><ele>25.2</ele><time>2026-01-19T07:03:52Z</time></trkpt><trkpt lat="60.228832" lon="24.963193"><ele>24.9</ele><time>2026-01-19T07:03:53Z</time></trkpt><trkpt lat="60.228828" lon="24.963168"><ele>24.8</ele><time>2026-01-19T07:03:54Z</time><extensions><gpxtpx:TrackPointExtension><gpxtpx:hr>95</gpxtpx:hr></gpxtpx:TrackPointExtension></extensions></trkpt><trkpt lat="60.228823" lon="24.963143"><ele>25.2</ele><time>2026-01-19T07:03:55Z</time></trkpt><trkpt lat="60.228822" lon="24.963118"><ele>24.7</ele><time>2026-01-19T07:03:56Z</time></trkpt><trkpt lat="60.228818" lon="24.963095"><ele>24.5</ele><time>2026-01-19T07:03:57Z</time></trkpt><trkpt lat="60.228812" lon="24.963067"><ele>23.8</ele><time>2026-01-19T07:03:58Z</time><extensions><gpxtpx:TrackPointExtension><gpxtpx:hr>94</gpxtpx:hr></gpxtpx:TrackPointExtension></extensions></trkpt><trkpt lat="60.22881" lon="24.963038"><ele>23.8</ele><time>2026-01-19T07:03:59Z</time></trkpt><trkpt lat="60.228808" lon="24.96301"><ele>24.4</ele><time>2026-01-19T07:04:00Z</time></trkpt><trkpt lat="60.228798" lon="24.962985"><ele>24.2</ele><time>2026-01-19T07:04:01Z</time></trkpt><trkpt lat="60.228792" lon="24.962957"><ele>24.1</ele><time>2026-01-19T07:04:02Z</time></trkpt><trkpt lat="60.228787" lon="24.962925"><ele>24.5</ele><time>2026-01-19T07:04:04Z</time><extensions><gpxtpx:TrackPointExtension><gpxtpx:hr>93</gpxtpx:hr></gpxtpx:TrackPointExtension></extensions></trkpt><trkpt lat="60.228782" lon="24.962897"><ele>25.0</ele><time>2026-01-19T07:04:04Z</time></trkpt><trkpt lat="60.228773" lon="24.962872"><ele>24.5</ele><time>2026-01-19T07:04:05Z</time></trkpt><trkpt lat="60.228767" lon="24.962847"><ele>24.3</ele><time>2026-01-19T07:04:06Z</time></trkpt><trkpt lat="60.228758" lon="24.962817"><ele>24.5</ele><time>2026-01-19T07:04:07Z</time><extensions><gpxtpx:TrackPointExtension><gpxtpx:hr>94</gpxtpx:hr></gpxtpx:TrackPointExtension></extensions></trkpt><trkpt lat="60.228757" lon="24.962783"><ele>24.3</ele><time>2026-01-19T07:04:09Z</time></trkpt><trkpt lat="60.228748" lon="24.962753"><ele>24.1</ele><time>2026-01-19T07:04:10Z</time><extensions><gpxtpx:TrackPointExtension><gpxtpx:hr>94</gpxtpx:hr></gpxtpx:TrackPointExtension></extensions></trkpt><trkpt lat="60.22874" lon="24.962728"><ele>23.4</ele><time>2026-01-19T07:04:11Z</time></trkpt><trkpt lat="60.228738" lon="24.9627"><ele>23.4</ele><time>2026-01-19T07:04:12Z</time></trkpt><trkpt lat="60.228735" lon="24.96267"><ele>23.3</ele><time>2026-01-19T07:04:13Z</time></trkpt><trkpt lat="60.228733" lon="24.96264"><ele>22.9</ele><time>2026-01-19T07:04:14Z</time></trkpt><trkpt lat="60.228732" lon="24.962612"><ele>22.5</ele><time>2026-01-19T07:04:15Z</time></trkpt><trkpt lat="60.228733" lon="24.96258"><ele>23.0</ele><time>2026-01-19T07:04:16Z</time></trkpt><trkpt lat="60.228732" lon="24.96255"><ele>22.5</ele><time>2026-01-19T07:04:17Z</time></trkpt><trkpt lat="60.22873" lon="24.962527"><ele>21.8</ele><time>2026-01-19T07:04:18Z</time><extensions><gpxtpx:TrackPointExtension><gpxtpx:hr>93</gpxtpx:hr></gpxtpx:TrackPointExtension></extensions></trkpt><trkpt lat="60.22873" lon="24.962502"><ele>21.6</ele><time>2026-01-19T07:04:19Z</time></trkpt><trkpt lat="60.228772" lon="24.9625"><ele>20.0</ele><time>2026-01-19T07:04:19Z</time></trkpt><trkpt lat="60.228762" lon="24.962473"><ele>19.4</ele><time>2026-01-19T07:04:20Z</time></trkpt><trkpt lat="60.228758" lon="24.962445"><ele>19.5</ele><time>2026-01-19T07:04:21Z</time><extensions><gpxtpx:TrackPointExtension><gpxtpx:hr>93</gpxtpx:hr></gpxtpx:TrackPointExtension></extensions></trkpt><trkpt lat="60.228753" lon="24.96242"><ele>18.6</ele><time>2026-01-19T07:04:22Z</time></trkpt><trkpt lat="60.228747" lon="24.962393"><ele>19.1</ele><time>2026-01-19T07:04:23Z</time></trkpt><trkpt lat="60.22874" lon="24.962363"><ele>19.3</ele><time>2026-01-19T07:04:24Z</time></trkpt><trkpt lat="60.228738" lon="24.962347"><ele>19.9</ele><time>2026-01-19T07:04:25Z</time></trkpt><trkpt lat="60.228735" lon="24.962323"><ele>20.5</ele><time>2026-01-19T07:04:26Z</time></trkpt><trkpt lat="60.228732" lon="24.962288"><ele>20.8</ele><time>2026-01-19T07:04:27Z</time></trkpt><trkpt lat="60.228727" lon="24.962257"><ele>21.4</ele><time>2026-01-19T07:04:28Z</time></trkpt><trkpt lat="60.228718" lon="24.962228"><ele>21.1</ele><time>2026-01-19T07:04:29Z</time><extensions><gpxtpx:TrackPointExtension><gpxtpx:hr>92</gpxtpx:hr></gpxtpx:TrackPointExtension></extensions></trkpt><trkpt lat="60.228708" lon="24.962205"><ele>21.4</ele><time>2026-01-19T07:04:30Z</time></trkpt><trkpt lat="60.228705" lon="24.962178"><ele>20.5</ele><time>2026-01-19T07:04:31Z</time><extensions><gpxtpx:TrackPointExtension><gpxtpx:hr>92</gpxtpx:hr></gpxtpx:TrackPointExtension></extensions></trkpt><trkpt lat="60.228702" lon="24.962152"><ele>21.7</ele><time>2026-01-19T07:04:32Z</time></trkpt><trkpt lat="60.228702" lon="24.962125"><ele>22.2</ele><time>2026-01-19T07:04:33Z</time></trkpt><trkpt lat="60.228697" lon="24.962092"><ele>21.9</ele><time>2026-01-19T07:04:34Z</time></trkpt><trkpt lat="60.228695" lon="24.962052"><ele>21.7</ele><time>2026-01-19T07:04:35Z</time></trkpt><trkpt lat="60.228695" lon="24.96203"><ele>22.4</ele><time>2026-01-19T07:04:36Z</time></trkpt><trkpt lat="60.228685" lon="24.961995"><ele>21.5</ele><time>2026-01-19T07:04:37Z</time></trkpt><trkpt lat="60.228682" lon="24.961972"><ele>21.5</ele><time>2026-01-19T07:04:38Z</time></trkpt><trkpt lat="60.228687" lon="24.96194"><ele>22.1</ele><time>2026-01-19T07:04:39Z</time><extensions><gpxtpx:TrackPointExtension><gpxtpx:hr>92</gpxtpx:hr></gpxtpx:TrackPointExtension></extensions></trkpt><trkpt lat="60.22869" lon="24.961915"><ele>22.2</ele><time>2026-01-19T07:04:40Z</time></trkpt><trkpt lat="60.22869" lon="24.961885"><ele>22.6</ele><time>2026-01-19T07:04:41Z</time><extensions><gpxtpx:TrackPointExtension><gpxtpx:hr>92</gpxtpx:hr></gpxtpx:TrackPointExtension></extensions></trkpt><trkpt lat="60.228683" lon="24.961858"><ele>21.2</ele><time>2026-01-19T07:04:42Z</time></trkpt><trkpt lat="60.228682" lon="24.961835"><ele>20.6</ele><time>2026-01-19T07:04:43Z</time></trkpt><trkpt lat="60.228685" lon="24.961805"><ele>19.4</ele><time>2026-01-19T07:04:44Z</time></trkpt><trkpt lat="60.228695" lon="24.961792"><ele>19.7</ele><time>2026-01-19T07:04:45Z</time><extensions><gpxtpx:TrackPointExtension><gpxtpx:hr>92</gpxtpx:hr></gpxtpx:TrackPointExtension></extensions></trkpt><trkpt lat="60.228702" lon="24.961778"><ele>18.9</ele><time>2026-01-19T07:04:46Z</time></trkpt><trkpt lat="60.228712" lon="24.961762"><ele>18.8</ele><time>2026-01-19T07:04:47Z</time></trkpt><trkpt lat="60.228718" lon="24.961768"><ele>18.4</ele><time>2026-01-19T07:04:48Z</time></trkpt><trkpt lat="60.22873" lon="24.96176"><ele>18.8</ele><time>2026-01-19T07:04:49Z</time></trkpt><trkpt lat="60.228733" lon="24.961725"><ele>19.1</ele><time>2026-01-19T07:04:50Z</time><extensions><gpxtpx:TrackPointExtension><gpxtpx:hr>94</gpxtpx:hr></gpxtpx:TrackPointExtension></extensions></trkpt><trkpt lat="60.228747" lon="24.96171"><ele>18.9</ele><time>2026-01-19T07:04:51Z</time></trkpt><trkpt lat="60.228753" lon="24.961692"><ele>19.1</ele><time>2026-01-19T07:04:52Z</time></trkpt><trkpt lat="60.228757" lon="24.961657"><ele>19.8</ele><time>2026-01-19T07:04:53Z</time></trkpt><trkpt lat="60.22876" lon="24.961625"><ele>20.3</ele><time>2026-01-19T07:04:54Z</time></trkpt><trkpt lat="60.22876" lon="24.96159"><ele>19.6</ele><time>2026-01-19T07:04:55Z</time></trkpt><trkpt lat="60.22876" lon="24.961545"><ele>20.3</ele><time>2026-01-19T07:04:56Z</time></trkpt><trkpt lat="60.228765" lon="24.961517"><ele>20.9</ele><time>2026-01-19T07:04:57Z</time><extensions><gpxtpx:TrackPointExtension><gpxtpx:hr>94</gpxtpx:hr></gpxtpx:TrackPointExtension></extensions></trkpt><trkpt lat="60.228763" lon="24.961482"><ele>19.1</ele><time>2026-01-19T07:04:58Z</time></trkpt><trkpt lat="60.228762" lon="24.961458"><ele>19.2</ele><time>2026-01-19T07:04:59Z</time></trkpt><trkpt lat="60.228757" lon="24.961423"><ele>20.1</ele><time>2026-01-19T07:05:00Z</time></trkpt><trkpt lat="60.228753" lon="24.961382"><ele>19.6</ele><time>2026-01-19T07:05:01Z</time></trkpt><trkpt lat="60.228745" lon="24.96135"><ele>19.8</ele><time>2026-01-19T07:05:02Z</time></trkpt><trkpt lat="60.228738" lon="24.961318"><ele>19.5</ele><time>2026-01-19T07:05:03Z</time><extensions><gpxtpx:TrackPointExtension><gpxtpx:hr>94</gpxtpx:hr></gpxtpx:TrackPointExtension></extensions></trkpt><trkpt lat="60.228732" lon="24.961282"><ele>18.8</ele><time>2026-01-19T07:05:04Z</time></trkpt><trkpt lat="60.228728" lon="24.961255"><ele>18.0</ele><time>2026-01-19T07:05:05Z</time></trkpt><trkpt lat="60.228722" lon="24.961227"><ele>18.3</ele><time>2026-01-19T07:05:06Z</time><extensions><gpxtpx:TrackPointExtension><gpxtpx:hr>94</gpxtpx:hr></gpxtpx:TrackPointExtension></extensions></trkpt><trkpt lat="60.228713" lon="24.961203"><ele>18.9</ele><time>2026-01-19T07:05:07Z</time></trkpt><trkpt lat="60.228705" lon="24.961182"><ele>19.6</ele><time>2026-01-19T07:05:08Z</time></trkpt><trkpt lat="60.228697" lon="24.961152"><ele>18.5</ele><time>2026-01-19T07:05:09Z</time></trkpt><trkpt lat="60.228697" lon="24.961122"><ele>18.0</ele><time>2026-01-19T07:05:10Z</time></trkpt><trkpt lat="60.22869" lon="24.961095"><ele>18.2</ele><time>2026-01-19T07:05:11Z</time></trkpt><trkpt lat="60.228687" lon="24.961067"><ele>18.5</ele><time>2026-01-19T07:05:12Z</time></trkpt><trkpt lat="60.228687" lon="24.961037"><ele>18.4</ele><time>2026-01-19T07:05:13Z</time></trkpt><trkpt lat="60.22869" lon="24.961005"><ele>18.5</ele><time>2026-01-19T07:05:14Z</time><extensions><gpxtpx:TrackPointExtension><gpxtpx:hr>95</gpxtpx:hr></gpxtpx:TrackPointExtension></extensions></trkpt><trkpt lat="60.228688" lon="24.960977"><ele>18.6</ele><time>2026-01-19T07:05:15Z</time></trkpt><trkpt lat="60.228682" lon="24.960948"><ele>18.4</ele><time>2026-01-19T07:05:16Z</time><extensions><gpxtpx:TrackPointExtension><gpxtpx:hr>96</gpxtpx:hr></gpxtpx:TrackPointExtension></extensions></trkpt><trkpt lat="60.228682" lon="24.960913"><ele>19.4</ele><time>2026-01-19T07:05:17Z</time></trkpt><trkpt lat="60.228682" lon="24.960887"><ele>19.4</ele><time>2026-01-19T07:05:18Z</time></trkpt><trkpt lat="60.228682" lon="24.960855"><ele>19.7</ele><time>2026-01-19T07:05:19Z</time></trkpt><trkpt lat="60.228688" lon="24.960822"><ele>20.4</ele><time>2026-01-19T07:05:20Z</time></trkpt><trkpt lat="60.228687" lon="24.960792"><ele>19.7</ele><time>2026-01-19T07:05:21Z</time></trkpt><trkpt lat="60.228677" lon="24.960765"><ele>18.5</ele><time>2026-01-19T07:05:22Z</time></trkpt><trkpt lat="60.228673" lon="24.960735"><ele>19.0</ele><time>2026-01-19T07:05:23Z</time></trkpt><trkpt lat="60.228665" lon="24.96071"><ele>19.0</ele><time>2026-01-19T07:05:24Z</time><extensions><gpxtpx:TrackPointExtension><gpxtpx:hr>95</gpxtpx:hr></gpxtpx:TrackPointExtension></extensions></trkpt><trkpt lat="60.228652" lon="24.960685"><ele>19.1</ele><time>2026-01-19T07:05:25Z</time></trkpt><trkpt lat="60.228653" lon="24.960653"><ele>20.2</ele><time>2026-01-19T07:05:26Z</time></trkpt><trkpt lat="60.228652" lon="24.96062"><ele>20.2</ele><time>2026-01-19T07:05:27Z</time></trkpt><trkpt lat="60.228647" lon="24.960592"><ele>19.2</ele><time>2026-01-19T07:05:28Z</time></trkpt><trkpt lat="60.228638" lon="24.960563"><ele>20.0</ele><time>2026-01-19T07:05:29Z</time><extensions><gpxtpx:TrackPointExtension><gpxtpx:hr>93</gpxtpx:hr></gpxtpx:TrackPointExtension></extensions></trkpt><trkpt lat="60.228632" lon="24.960537"><ele>19.8</ele><time>2026-01-19T07:05:30Z</time></trkpt><trkpt lat="60.228625" lon="24.96051"><ele>20.2</ele><time>2026-01-19T07:05:31Z</time></trkpt><trkpt lat="60.228618" lon="24.960485"><ele>19.3</ele><time>2026-01-19T07:05:32Z</time></trkpt><trkpt lat="60.22862" lon="24.96045"><ele>19.8</ele><time>2026-01-19T07:05:33Z</time></trkpt><trkpt lat="60.228613" lon="24.960422"><ele>19.3</ele><time>2026-01-19T07:05:34Z</time><extensions><gpxtpx:TrackPointExtension><gpxtpx:hr>91</gpxtpx:hr></gpxtpx:TrackPointExtension></extensions></trkpt><trkpt lat="60.228608" lon="24.960393"><ele>19.1</ele><time>2026-01-19T07:05:35Z</time><extensions><gpxtpx:TrackPointExtension><gpxtpx:hr>91</gpxtpx:hr></gpxtpx:TrackPointExtension></extensions></trkpt><trkpt lat="60.228605" lon="24.960362"><ele>19.9</ele><time>2026-01-19T07:05:36Z</time></trkpt><trkpt lat="60.228598" lon="24.960332"><ele>20.1</ele><time>2026-01-19T07:05:37Z</time></trkpt><trkpt lat="60.228593" lon="24.960298"><ele>20.3</ele><time>2026-01-19T07:05:38Z</time></trkpt><trkpt lat="60.228585" lon="24.960268"><ele>19.8</ele><time>2026-01-19T07:05:39Z</time></trkpt><trkpt lat="60.228583" lon="24.960232"><ele>20.2</ele><time>2026-01-19T07:05:40Z</time></trkpt><trkpt lat="60.228582" lon="24.960205"><ele>20.9</ele><time>2026-01-19T07:05:42Z</time><extensions><gpxtpx:TrackPointExtension><gpxtpx:hr>91</gpxtpx:hr></gpxtpx:TrackPointExtension></extensions></trkpt><trkpt lat="60.22858" lon="24.960177"><ele>21.8</ele><time>2026-01-19T07:05:43Z</time></trkpt><trkpt lat="60.228577" lon="24.960145"><ele>21.5</ele><time>2026-01-19T07:05:44Z</time></trkpt><trkpt lat="60.228575" lon="24.960113"><ele>21.1</ele><time>2026-01-19T07:05:45Z</time><extensions><gpxtpx:TrackPointExtension><gpxtpx:hr>90</gpxtpx:hr></gpxtpx:TrackPointExtension></extensions></trkpt><trkpt lat="60.228573" lon="24.96008"><ele>21.5</ele><time>2026-01-19T07:05:46Z</time></trkpt><trkpt lat="60.228568" lon="24.960053"><ele>21.5</ele><time>2026-01-19T07:05:47Z</time></trkpt><trkpt lat="60.228565" lon="24.960023"><ele>21.6</ele><time>2026-01-19T07:05:48Z</time></trkpt><trkpt lat="60.228553" lon="24.959995"><ele>20.7</ele><time>2026-01-19T07:05:49Z</time></trkpt><trkpt lat="60.228545" lon="24.959967"><ele>19.4</ele><time>2026-01-19T07:05:50Z</time></trkpt><trkpt lat="60.228543" lon="24.95993"><ele>20.5</ele><time>2026-01-19T07:05:51Z</time></trkpt><trkpt lat="60.22854" lon="24.959898"><ele>21.0</ele><time>2026-01-19T07:05:52Z</time><extensions><gpxtpx:TrackPointExtension><gpxtpx:hr>90</gpxtpx:hr></gpxtpx:TrackPointExtension></extensions></trkpt><trkpt lat="60.228532" lon="24.959872"><ele>20.6</ele><time>2026-01-19T07:05:53Z</time></trkpt><trkpt lat="60.228522" lon="24.959843"><ele>20.4</ele><time>2026-01-19T07:05:54Z</time></trkpt><trkpt lat="60.228517" lon="24.959813"><ele>21.0</ele><time>2026-01-19T07:05:55Z</time></trkpt><trkpt lat="60.228512" lon="24.959783"><ele>21.7</ele><time>2026-01-19T07:05:56Z</time></trkpt><trkpt lat="60.228508" lon="24.959755"><ele>22.2</ele><time>2026-01-19T07:05:56Z</time></trkpt><trkpt lat="60.228503" lon="24.959723"><ele>21.5</ele><time>2026-01-19T07:05:57Z</time></trkpt><trkpt lat="60.228497" lon="24.959692"><ele>20.5</ele><time>2026-01-19T07:05:58Z</time><extensions><gpxtpx:TrackPointExtension><gpxtpx:hr>90</gpxtpx:hr></gpxtpx:TrackPointExtension></extensions></trkpt><trkpt lat="60.228498" lon="24.95966"><ele>21.0</ele><time>2026-01-19T07:05:59Z</time></trkpt><trkpt lat="60.228493" lon="24.959635"><ele>21.1</ele><time>2026-01-19T07:06:00Z</time><extensions><gpxtpx:TrackPointExtension><gpxtpx:hr>90</gpxtpx:hr></gpxtpx:TrackPointExtension></extensions></trkpt><trkpt lat="60.228488" lon="24.959607"><ele>20.9</ele><time>2026-01-19T07:06:01Z</time></trkpt><trkpt lat="60.228487" lon="24.959578"><ele>20.8</ele><time>2026-01-19T07:06:02Z</time></trkpt><trkpt lat="60.228485" lon="24.959547"><ele>20.2</ele><time>2026-01-19T07:06:03Z</time></trkpt><trkpt lat="60.22848" lon="24.959518"><ele>20.1</ele><time>2026-01-19T07:06:04Z</time></trkpt><trkpt lat="60.228478" lon="24.959488"><ele>20.6</ele><time>2026-01-19T07:06:05Z</time></trkpt><trkpt lat="60.228482" lon="24.959458"><ele>21.3</ele><time>2026-01-19T07:06:06Z</time></trkpt><trkpt lat="60.228477" lon="24.959428"><ele>21.1</ele><time>2026-01-19T07:06:07Z</time></trkpt><trkpt lat="60.228473" lon="24.959403"><ele>22.1</ele><time>2026-01-19T07:06:08Z</time></trkpt><trkpt lat="60.228462" lon="24.959372"><ele>20.3</ele><time>2026-01-19T07:06:09Z</time></trkpt><trkpt lat="60.22845" lon="24.959348"><ele>19.8</ele><time>2026-01-19T07:06:10Z</time><extensions><gpxtpx:TrackPointExtension><gpxtpx:hr>89</gpxtpx:hr></gpxtpx:TrackPointExtension></extensions></trkpt><trkpt lat="60.228437" lon="24.959325"><ele>20.1</ele><time>2026-01-19T07:06:11Z</time><extensions><gpxtpx:TrackPointExtension><gpxtpx:hr>89</gpxtpx:hr></gpxtpx:TrackPointExtension></extensions></trkpt><trkpt lat="60.22842" lon="24.9593"><ele>20.2</ele><time>2026-01-19T07:06:12Z</time></trkpt><trkpt lat="60.228412" lon="24.959268"><ele>20.9</ele><time>2026-01-19T07:06:13Z</time></trkpt><trkpt lat="60.228402" lon="24.959243"><ele>20.6</ele><time>2026-01-19T07:06:14Z</time></trkpt><trkpt lat="60.228397" lon="24.959212"><ele>19.7</ele><time>2026-01-19T07:06:15Z</time></trkpt><trkpt lat="60.228395" lon="24.95918"><ele>19.6</ele><time>2026-01-19T07:06:16Z</time></trkpt><trkpt lat="60.228383" lon="24.959153"><ele>19.7</ele><time>2026-01-19T07:06:17Z</time></trkpt><trkpt lat="60.22838" lon="24.959123"><ele>20.0</ele><time>2026-01-19T07:06:18Z</time></trkpt><trkpt lat="60.228373" lon="24.959095"><ele>20.2</ele><time>2026-01-19T07:06:19Z</time></trkpt><trkpt lat="60.228363" lon="24.95907"><ele>20.7</ele><time>2026-01-19T07:06:20Z</time><extensions><gpxtpx:TrackPointExtension><gpxtpx:hr>90</gpxtpx:hr></gpxtpx:TrackPointExtension></extensions></trkpt><trkpt lat="60.228355" lon="24.95904"><ele>19.6</ele><time>2026-01-19T07:06:21Z</time><extensions><gpxtpx:TrackPointExtension><gpxtpx:hr>90</gpxtpx:hr></gpxtpx:TrackPointExtension></extensions></trkpt><trkpt lat="60.228348" lon="24.959012"><ele>19.5</ele><time>2026-01-19T07:06:22Z</time></trkpt><trkpt lat="60.228343" lon="24.958978"><ele>19.9</ele><time>2026-01-19T07:06:23Z</time></trkpt><trkpt lat="60.228338" lon="24.958952"><ele>20.1</ele><time>2026-01-19T07:06:24Z</time></trkpt><trkpt lat="60.228335" lon="24.958923"><ele>20.3</ele><time>2026-01-19T07:06:25Z</time></trkpt><trkpt lat="60.228332" lon="24.958895"><ele>20.3</ele><time>2026-01-19T07:06:26Z</time></trkpt><trkpt lat="60.228333" lon="24.958865"><ele>19.7</ele><time>2026-01-19T07:06:27Z</time></trkpt><trkpt lat="60.22833" lon="24.95884"><ele>19.5</ele><time>2026-01-19T07:06:28Z</time></trkpt><trkpt lat="60.228327" lon="24.958812"><ele>19.2</ele><time>2026-01-19T07:06:29Z</time></trkpt><trkpt lat="60.228327" lon="24.958782"><ele>20.6</ele><time>2026-01-19T07:06:30Z</time><extensions><gpxtpx:TrackPointExtension><gpxtpx:hr>90</gpxtpx:hr></gpxtpx:TrackPointExtension></extensions></trkpt><trkpt lat="60.228325" lon="24.958753"><ele>21.8</ele><time>2026-01-19T07:06:31Z</time></trkpt><trkpt lat="60.228315" lon="24.958725"><ele>21.0</ele><time>2026-01-19T07:06:32Z</time></trkpt><trkpt lat="60.228312" lon="24.958698"><ele>20.6</ele><time>2026-01-19T07:06:33Z</time></trkpt><trkpt lat="60.22831" lon="24.95867"><ele>20.7</ele><time>2026-01-19T07:06:34Z</time></trkpt><trkpt lat="60.228305" lon="24.958642"><ele>21.3</ele><time>2026-01-19T07:06:35Z</time><extensions><gpxtpx:TrackPointExtension><gpxtpx:hr>91</gpxtpx:hr></gpxtpx:TrackPointExtension></extensions></trkpt><trkpt lat="60.228305" lon="24.958608"><ele>21.6</ele><time>2026-01-19T07:06:36Z</time></trkpt><trkpt lat="60.2283" lon="24.958583"><ele>21.6</ele><time>2026-01-19T07:06:37Z</time></trkpt><trkpt lat="60.228298" lon="24.958553"><ele>21.2</ele><time>2026-01-19T07:06:38Z</time></trkpt><trkpt lat="60.228295" lon="24.958525"><ele>21.2</ele><time>2026-01-19T07:06:39Z</time><extensions><gpxtpx:TrackPointExtension><gpxtpx:hr>91</gpxtpx:hr></gpxtpx:TrackPointExtension></extensions></trkpt><trkpt lat="60.22829" lon="24.958495"><ele>22.0</ele><time>2026-01-19T07:06:40Z</time></trkpt><trkpt lat="60.228288" lon="24.958465"><ele>22.9</ele><time>2026-01-19T07:06:41Z</time><extensions><gpxtpx:TrackPointExtension><gpxtpx:hr>91</gpxtpx:hr></gpxtpx:TrackPointExtension></extensions></trkpt><trkpt lat="60.22828" lon="24.958442"><ele>22.9</ele><time>2026-01-19T07:06:42Z</time></trkpt><trkpt lat="60.228267" lon="24.958422"><ele>22.3</ele><time>2026-01-19T07:06:43Z</time></trkpt><trkpt lat="60.228253" lon="24.958402"><ele>21.9</ele><time>2026-01-19T07:06:44Z</time></trkpt><trkpt lat="60.228243" lon="24.95838"><ele>22.8</ele><time>2026-01-19T07:06:45Z</time></trkpt><trkpt lat="60.228237" lon="24.958353"><ele>23.4</ele><time>2026-01-19T07:06:46Z</time></trkpt><trkpt lat="60.228228" lon="24.958328"><ele>23.7</ele><time>2026-01-19T07:06:47Z</time></trkpt><trkpt lat="60.228218" lon="24.958307"><ele>24.0</ele><time>2026-01-19T07:06:48Z</time></trkpt><trkpt lat="60.228205" lon="24.958287"><ele>23.7</ele><time>2026-01-19T07:06:49Z</time><extensions><gpxtpx:TrackPointExtension><gpxtpx:hr>92</gpxtpx:hr></gpxtpx:TrackPointExtension></extensions></trkpt><trkpt lat="60.228195" lon="24.958265"><ele>23.8</ele><time>2026-01-19T07:06:50Z</time></trkpt><trkpt lat="60.22819" lon="24.958238"><ele>23.9</ele><time>2026-01-19T07:06:51Z</time></trkpt><trkpt lat="60.228182" lon="24.958213"><ele>24.5</ele><time>2026-01-19T07:06:52Z</time><extensions><gpxtpx:TrackPointExtension><gpxtpx:hr>91</gpxtpx:hr></gpxtpx:TrackPointExtension></extensions></trkpt><trkpt lat="60.228175" lon="24.95819"><ele>25.7</ele><time>2026-01-19T07:06:53Z</time></trkpt><trkpt lat="60.228167" lon="24.958163"><ele>25.4</ele><time>2026-01-19T07:06:54Z</time></trkpt><trkpt lat="60.228155" lon="24.958138"><ele>24.5</ele><time>2026-01-19T07:06:55Z</time></trkpt><trkpt lat="60.228148" lon="24.958112"><ele>25.5</ele><time>2026-01-19T07:06:56Z</time><extensions><gpxtpx:TrackPointExtension><gpxtpx:hr>91</gpxtpx:hr></gpxtpx:TrackPointExtension></extensions></trkpt><trkpt lat="60.228143" lon="24.958085"><ele>25.7</ele><time>2026-01-19T07:06:57Z</time></trkpt><trkpt lat="60.228137" lon="24.95806"><ele>26.6</ele><time>2026-01-19T07:06:58Z</time></trkpt><trkpt lat="60.228123" lon="24.95804"><ele>26.3</ele><time>2026-01-19T07:06:59Z</time></trkpt><trkpt lat="60.228113" lon="24.958015"><ele>25.8</ele><time>2026-01-19T07:07:00Z</time></trkpt><trkpt lat="60.228105" lon="24.957995"><ele>25.5</ele><time>2026-01-19T07:07:01Z</time><extensions><gpxtpx:TrackPointExtension><gpxtpx:hr>91</gpxtpx:hr></gpxtpx:TrackPointExtension></extensions></trkpt><trkpt lat="60.228097" lon="24.957973"><ele>25.8</ele><time>2026-01-19T07:07:02Z</time></trkpt><trkpt lat="60.22809" lon="24.957948"><ele>25.8</ele><time>2026-01-19T07:07:03Z</time></trkpt><trkpt lat="60.228085" lon="24.957915"><ele>25.6</ele><time>2026-01-19T07:07:04Z</time></trkpt><trkpt lat="60.22808" lon="24.957887"><ele>26.0</ele><time>2026-01-19T07:07:05Z</time></trkpt><trkpt lat="60.228073" lon="24.957857"><ele>25.7</ele><time>2026-01-19T07:07:06Z</time><extensions><gpxtpx:TrackPointExtension><gpxtpx:hr>92</gpxtpx:hr></gpxtpx:TrackPointExtension></extensions></trkpt><trkpt lat="60.228067" lon="24.957828"><ele>24.6</ele><time>2026-01-19T07:07:07Z</time></trkpt><trkpt lat="60.228058" lon="24.957805"><ele>25.2</ele><time>2026-01-19T07:07:08Z</time></trkpt><trkpt lat="60.228045" lon="24.957787"><ele>25.3</ele><time>2026-01-19T07:07:09Z</time></trkpt><trkpt lat="60.22803" lon="24.957772"><ele>25.8</ele><time>2026-01-19T07:07:10Z</time></trkpt><trkpt lat="60.22802" lon="24.957747"><ele>25.8</ele><time>2026-01-19T07:07:11Z</time></trkpt><trkpt lat="60.228007" lon="24.957723"><ele>24.9</ele><time>2026-01-19T07:07:12Z</time></trkpt><trkpt lat="60.227993" lon="24.9577"><ele>24.8</ele><time>2026-01-19T07:07:13Z</time></trkpt><trkpt lat="60.22798" lon="24.95768"><ele>24.6</ele><time>2026-01-19T07:07:14Z</time></trkpt><trkpt lat="60.227968" lon="24.957657"><ele>24.3</ele><time>2026-01-19T07:07:15Z</time><extensions><gpxtpx:TrackPointExtension><gpxtpx:hr>91</gpxtpx:hr></gpxtpx:TrackPointExtension></extensions></trkpt><trkpt lat="60.227957" lon="24.957637"><ele>24.8</ele><time>2026-01-19T07:07:16Z</time></trkpt><trkpt lat="60.227947" lon="24.957612"><ele>24.7</ele><time>2026-01-19T07:07:17Z</time></trkpt><trkpt lat="60.227937" lon="24.95759"><ele>23.8</ele><time>2026-01-19T07:07:18Z</time><extensions><gpxtpx:TrackPointExtension><gpxtpx:hr>91</gpxtpx:hr></gpxtpx:TrackPointExtension></extensions></trkpt><trkpt lat="60.227925" lon="24.957572"><ele>23.3</ele><time>2026-01-19T07:07:19Z</time></trkpt><trkpt lat="60.22791" lon="24.957552"><ele>23.2</ele><time>2026-01-19T07:07:20Z</time></trkpt><trkpt lat="60.227898" lon="24.957538"><ele>22.2</ele><time>2026-01-19T07:07:21Z</time></trkpt><trkpt lat="60.227882" lon="24.957523"><ele>22.1</ele><time>2026-01-19T07:07:22Z</time></trkpt><trkpt lat="60.22787" lon="24.957505"><ele>21.3</ele><time>2026-01-19T07:07:23Z</time></trkpt><trkpt lat="60.22786" lon="24.957483"><ele>21.7</ele><time>2026-01-19T07:07:24Z</time></trkpt><trkpt lat="60.227853" lon="24.957468"><ele>21.3</ele><time>2026-01-19T07:07:25Z</time><extensions><gpxtpx:TrackPointExtension><gpxtpx:hr>92</gpxtpx:hr></gpxtpx:TrackPointExtension></extensions></trkpt><trkpt lat="60.22784" lon="24.957442"><ele>21.4</ele><time>2026-01-19T07:07:26Z</time><extensions><gpxtpx:TrackPointExtension><gpxtpx:hr>92</gpxtpx:hr></gpxtpx:TrackPointExtension></extensions></trkpt><trkpt lat="60.22783" lon="24.957437"><ele>21.1</ele><time>2026-01-19T07:07:27Z</time></trkpt><trkpt lat="60.227815" lon="24.9574"><ele>22.3</ele><time>2026-01-19T07:07:28Z</time></trkpt><trkpt lat="60.22781" lon="24.957393"><ele>22.5</ele><time>2026-01-19T07:07:29Z</time></trkpt><trkpt lat="60.227803" lon="24.957387"><ele>23.0</ele><time>2026-01-19T07:07:30Z</time></trkpt><trkpt lat="60.22779" lon="24.957367"><ele>23.1</ele><time>2026-01-19T07:07:31Z</time></trkpt><trkpt lat="60.227778" lon="24.957335"><ele>23.5</ele><time>2026-01-19T07:07:32Z</time><extensions><gpxtpx:TrackPointExtension><gpxtpx:hr>93</gpxtpx:hr></gpxtpx:TrackPointExtension></extensions></trkpt><trkpt lat="60.22777" lon="24.957315"><ele>22.8</ele><time>2026-01-19T07:07:33Z</time></trkpt><trkpt lat="60.227752" lon="24.957295"><ele>23.3</ele><time>2026-01-19T07:07:34Z</time></trkpt><trkpt lat="60.227743" lon="24.957285"><ele>23.1</ele><time>2026-01-19T07:07:35Z</time></trkpt><trkpt lat="60.22773" lon="24.957268"><ele>23.8</ele><time>2026-01-19T07:07:36Z</time><extensions><gpxtpx:TrackPointExtension><gpxtpx:hr>93</gpxtpx:hr></gpxtpx:TrackPointExtension></extensions></trkpt><trkpt lat="60.227723" lon="24.957247"><ele>23.9</ele><time>2026-01-19T07:07:37Z</time></trkpt><trkpt lat="60.227713" lon="24.95722"><ele>24.5</ele><time>2026-01-19T07:07:38Z</time></trkpt><trkpt lat="60.227707" lon="24.95719"><ele>24.5</ele><time>2026-01-19T07:07:39Z</time></trkpt><trkpt lat="60.227698" lon="24.95717"><ele>25.0</ele><time>2026-01-19T07:07:40Z</time></trkpt><trkpt lat="60.227692" lon="24.957137"><ele>24.8</ele><time>2026-01-19T07:07:41Z</time></trkpt><trkpt lat="60.227687" lon="24.957107"><ele>25.4</ele><time>2026-01-19T07:07:42Z</time></trkpt><trkpt lat="60.22768" lon="24.957085"><ele>25.7</ele><time>2026-01-19T07:07:43Z</time></trkpt><trkpt lat="60.227672" lon="24.957058"><ele>24.9</ele><time>2026-01-19T07:07:44Z</time></trkpt><trkpt lat="60.22766" lon="24.957038"><ele>25.9</ele><time>2026-01-19T07:07:45Z</time><extensions><gpxtpx:TrackPointExtension><gpxtpx:hr>94</gpxtpx:hr></gpxtpx:TrackPointExtension></extensions></trkpt><trkpt lat="60.22765" lon="24.957022"><ele>25.9</ele><time>2026-01-19T07:07:46Z</time></trkpt><trkpt lat="60.227635" lon="24.957003"><ele>26.4</ele><time>2026-01-19T07:07:48Z</time><extensions><gpxtpx:TrackPointExtension><gpxtpx:hr>96</gpxtpx:hr></gpxtpx:TrackPointExtension></extensions></trkpt><trkpt lat="60.22763" lon="24.956988"><ele>26.2</ele><time>2026-01-19T07:07:49Z</time></trkpt><trkpt lat="60.22762" lon="24.956968"><ele>26.7</ele><time>2026-01-19T07:07:50Z</time></trkpt><trkpt lat="60.227608" lon="24.956945"><ele>26.2</ele><time>2026-01-19T07:07:51Z</time><extensions><gpxtpx:TrackPointExtension><gpxtpx:hr>96</gpxtpx:hr></gpxtpx:TrackPointExtension></extensions></trkpt><trkpt lat="60.227595" lon="24.956928"><ele>25.8</ele><time>2026-01-19T07:07:52Z</time></trkpt><trkpt lat="60.227583" lon="24.956915"><ele>26.1</ele><time>2026-01-19T07:07:53Z</time></trkpt><trkpt lat="60.227578" lon="24.956892"><ele>26.6</ele><time>2026-01-19T07:07:54Z</time></trkpt><trkpt lat="60.227565" lon="24.956873"><ele>26.5</ele><time>2026-01-19T07:07:55Z</time></trkpt><trkpt lat="60.227555" lon="24.956855"><ele>26.7</ele><time>2026-01-19T07:07:56Z</time></trkpt><trkpt lat="60.227545" lon="24.95683"><ele>26.3</ele><time>2026-01-19T07:07:57Z</time></trkpt><trkpt lat="60.227528" lon="24.956818"><ele>25.9</ele><time>2026-01-19T07:07:58Z</time></trkpt><trkpt lat="60.227515" lon="24.956808"><ele>26.7</ele><time>2026-01-19T07:07:59Z</time></trkpt><trkpt lat="60.227502" lon="24.956788"><ele>26.5</ele><time>2026-01-19T07:08:00Z</time><extensions><gpxtpx:TrackPointExtension><gpxtpx:hr>95</gpxtpx:hr></gpxtpx:TrackPointExtension></extensions></trkpt><trkpt lat="60.227493" lon="24.956775"><ele>27.0</ele><time>2026-01-19T07:08:01Z</time></trkpt><trkpt lat="60.227488" lon="24.956753"><ele>27.2</ele><time>2026-01-19T07:08:02Z</time></trkpt><trkpt lat="60.227478" lon="24.956742"><ele>26.8</ele><time>2026-01-19T07:08:03Z</time></trkpt><trkpt lat="60.227475" lon="24.95673"><ele>26.4</ele><time>2026-01-19T07:08:04Z</time></trkpt><trkpt lat="60.227463" lon="24.956707"><ele>26.4</ele><time>2026-01-19T07:08:05Z</time><extensions><gpxtpx:TrackPointExtension><gpxtpx:hr>94</gpxtpx:hr></gpxtpx:TrackPointExtension></extensions></trkpt><trkpt lat="60.22745" lon="24.956678"><ele>26.4</ele><time>2026-01-19T07:08:06Z</time></trkpt><trkpt lat="60.227437" lon="24.95667"><ele>26.2</ele><time>2026-01-19T07:08:06Z</time></trkpt><trkpt lat="60.227422" lon="24.956653"><ele>26.7</ele><time>2026-01-19T07:08:07Z</time><extensions><gpxtpx:TrackPointExtension><gpxtpx:hr>94</gpxtpx:hr></gpxtpx:TrackPointExtension></extensions></trkpt><trkpt lat="60.22741" lon="24.956637"><ele>26.5</ele><time>2026-01-19T07:08:08Z</time></trkpt><trkpt lat="60.227402" lon="24.956623"><ele>26.3</ele><time>2026-01-19T07:08:09Z</time></trkpt><trkpt lat="60.22739" lon="24.956593"><ele>26.6</ele><time>2026-01-19T07:08:10Z</time></trkpt><trkpt lat="60.227383" lon="24.956577"><ele>27.0</ele><time>2026-01-19T07:08:11Z</time></trkpt><trkpt lat="60.227375" lon="24.95654"><ele>27.4</ele><time>2026-01-19T07:08:12Z</time></trkpt><trkpt lat="60.227372" lon="24.95653"><ele>27.8</ele><time>2026-01-19T07:08:13Z</time></trkpt><trkpt lat="60.227367" lon="24.95651"><ele>28.2</ele><time>2026-01-19T07:08:14Z</time></trkpt><trkpt lat="60.227353" lon="24.956478"><ele>28.2</ele><time>2026-01-19T07:08:15Z</time><extensions><gpxtpx:TrackPointExtension><gpxtpx:hr>94</gpxtpx:hr></gpxtpx:TrackPointExtension></extensions></trkpt><trkpt lat="60.227358" lon="24.956447"><ele>29.2</ele><time>2026-01-19T07:08:16Z</time><extensions><gpxtpx:TrackPointExtension><gpxtpx:hr>94</gpxtpx:hr></gpxtpx:TrackPointExtension></extensions></trkpt><trkpt lat="60.227342" lon="24.956423"><ele>29.7</ele><time>2026-01-19T07:08:17Z</time></trkpt><trkpt lat="60.227338" lon="24.956407"><ele>29.7</ele><time>2026-01-19T07:08:18Z</time></trkpt><trkpt lat="60.227332" lon="24.956385"><ele>28.9</ele><time>2026-01-19T07:08:19Z</time></trkpt><trkpt lat="60.227323" lon="24.956373"><ele>28.2</ele><time>2026-01-19T07:08:20Z</time></trkpt><trkpt lat="60.227313" lon="24.95634"><ele>27.7</ele><time>2026-01-19T07:08:21Z</time></trkpt><trkpt lat="60.227302" lon="24.956322"><ele>28.3</ele><time>2026-01-19T07:08:22Z</time></trkpt><trkpt lat="60.22729" lon="24.956312"><ele>28.6</ele><time>2026-01-19T07:08:23Z</time></trkpt><trkpt lat="60.227282" lon="24.95629"><ele>28.3</ele><time>2026-01-19T07:08:24Z</time><extensions><gpxtpx:TrackPointExtension><gpxtpx:hr>93</gpxtpx:hr></gpxtpx:TrackPointExtension></extensions></trkpt><trkpt lat="60.227265" lon="24.95629"><ele>28.8</ele><time>2026-01-19T07:08:25Z</time></trkpt><trkpt lat="60.227255" lon="24.956277"><ele>28.7</ele><time>2026-01-19T07:08:26Z</time></trkpt><trkpt lat="60.227245" lon="24.956257"><ele>29.0</ele><time>2026-01-19T07:08:27Z</time></trkpt><trkpt lat="60.227232" lon="24.956235"><ele>29.5</ele><time>2026-01-19T07:08:28Z</time></trkpt><trkpt lat="60.227217" lon="24.956222"><ele>28.2</ele><time>2026-01-19T07:08:29Z</time></trkpt><trkpt lat="60.227212" lon="24.956208"><ele>28.4</ele><time>2026-01-19T07:08:30Z</time><extensions><gpxtpx:TrackPointExtension><gpxtpx:hr>93</gpxtpx:hr></gpxtpx:TrackPointExtension></extensions></trkpt><trkpt lat="60.227193" lon="24.956187"><ele>28.5</ele><time>2026-01-19T07:08:31Z</time></trkpt><trkpt lat="60.22718" lon="24.95618"><ele>28.9</ele><time>2026-01-19T07:08:32Z</time><extensions><gpxtpx:TrackPointExtension><gpxtpx:hr>93</gpxtpx:hr></gpxtpx:TrackPointExtension></extensions></trkpt><trkpt lat="60.227172" lon="24.956143"><ele>28.3</ele><time>2026-01-19T07:08:33Z</time></trkpt><trkpt lat="60.227163" lon="24.956128"><ele>28.7</ele><time>2026-01-19T07:08:34Z</time></trkpt><trkpt lat="60.227157" lon="24.95612"><ele>28.5</ele><time>2026-01-19T07:08:35Z</time></trkpt><trkpt lat="60.227148" lon="24.956105"><ele>28.5</ele><time>2026-01-19T07:08:36Z</time></trkpt><trkpt lat="60.227143" lon="24.956093"><ele>29.4</ele><time>2026-01-19T07:08:37Z</time></trkpt><trkpt lat="60.227137" lon="24.956075"><ele>29.7</ele><time>2026-01-19T07:08:38Z</time></trkpt><trkpt lat="60.22712" lon="24.95605"><ele>28.8</ele><time>2026-01-19T07:08:39Z</time><extensions><gpxtpx:TrackPointExtension><gpxtpx:hr>90</gpxtpx:hr></gpxtpx:TrackPointExtension></extensions></trkpt><trkpt lat="60.227112" lon="24.95606"><ele>27.8</ele><time>2026-01-19T07:08:40Z</time></trkpt><trkpt lat="60.227112" lon="24.956043"><ele>27.6</ele><time>2026-01-19T07:08:41Z</time></trkpt><trkpt lat="60.227097" lon="24.956008"><ele>28.1</ele><time>2026-01-19T07:08:42Z</time><extensions><gpxtpx:TrackPointExtension><gpxtpx:hr>91</gpxtpx:hr></gpxtpx:TrackPointExtension></extensions></trkpt><trkpt lat="60.227077" lon="24.95597"><ele>26.5</ele><time>2026-01-19T07:08:43Z</time></trkpt><trkpt lat="60.227062" lon="24.95595"><ele>24.5</ele><time>2026-01-19T07:08:44Z</time></trkpt><trkpt lat="60.227048" lon="24.95593"><ele>24.6</ele><time>2026-01-19T07:08:45Z</time></trkpt><trkpt lat="60.227033" lon="24.9559"><ele>24.1</ele><time>2026-01-19T07:08:46Z</time><extensions><gpxtpx:TrackPointExtension><gpxtpx:hr>92</gpxtpx:hr></gpxtpx:TrackPointExtension></extensions></trkpt><trkpt lat="60.22702" lon="24.955878"><ele>23.9</ele><time>2026-01-19T07:08:47Z</time></trkpt><trkpt lat="60.227007" lon="24.955855"><ele>22.3</ele><time>2026-01-19T07:08:48Z</time></trkpt><trkpt lat="60.226993" lon="24.955837"><ele>22.7</ele><time>2026-01-19T07:08:49Z</time></trkpt><trkpt lat="60.226983" lon="24.955813"><ele>22.1</ele><time>2026-01-19T07:08:50Z</time></trkpt><trkpt lat="60.226977" lon="24.955788"><ele>21.4</ele><time>2026-01-19T07:08:51Z</time><extensions><gpxtpx:TrackPointExtension><gpxtpx:hr>91</gpxtpx:hr></gpxtpx:TrackPointExtension></extensions></trkpt><trkpt lat="60.226968" lon="24.955765"><ele>21.1</ele><time>2026-01-19T07:08:52Z</time></trkpt><trkpt lat="60.226962" lon="24.955737"><ele>21.3</ele><time>2026-01-19T07:08:53Z</time></trkpt><trkpt lat="60.226953" lon="24.955707"><ele>21.0</ele><time>2026-01-19T07:08:54Z</time></trkpt><trkpt lat="60.226945" lon="24.955687"><ele>20.9</ele><time>2026-01-19T07:08:55Z</time></trkpt><trkpt lat="60.22693" lon="24.95567"><ele>20.9</ele><time>2026-01-19T07:08:56Z</time></trkpt><trkpt lat="60.226918" lon="24.955653"><ele>20.5</ele><time>2026-01-19T07:08:57Z</time></trkpt><trkpt lat="60.226903" lon="24.95564"><ele>20.4</ele><time>2026-01-19T07:08:58Z</time></trkpt><trkpt lat="60.226895" lon="24.955627"><ele>20.4</ele><time>2026-01-19T07:08:59Z</time></trkpt><trkpt lat="60.226885" lon="24.955607"><ele>20.0</ele><time>2026-01-19T07:09:00Z</time><extensions><gpxtpx:TrackPointExtension><gpxtpx:hr>89</gpxtpx:hr></gpxtpx:TrackPointExtension></extensions></trkpt><trkpt lat="60.226875" lon="24.955598"><ele>19.8</ele><time>2026-01-19T07:09:01Z</time></trkpt><trkpt lat="60.226858" lon="24.955577"><ele>19.7</ele><time>2026-01-19T07:09:02Z</time></trkpt><trkpt lat="60.226842" lon="24.955548"><ele>20.1</ele><time>2026-01-19T07:09:03Z</time></trkpt><trkpt lat="60.226833" lon="24.955532"><ele>20.4</ele><time>2026-01-19T07:09:04Z</time></trkpt><trkpt lat="60.226825" lon="24.955513"><ele>20.7</ele><time>2026-01-19T07:09:05Z</time><extensions><gpxtpx:TrackPointExtension><gpxtpx:hr>91</gpxtpx:hr></gpxtpx:TrackPointExtension></extensions></trkpt><trkpt lat="60.226817" lon="24.955497"><ele>20.7</ele><time>2026-01-19T07:09:06Z</time></trkpt><trkpt lat="60.226803" lon="24.955482"><ele>20.0</ele><time>2026-01-19T07:09:07Z</time></trkpt><trkpt lat="60.226792" lon="24.955467"><ele>19.5</ele><time>2026-01-19T07:09:08Z</time></trkpt><trkpt lat="60.226788" lon="24.95546"><ele>20.3</ele><time>2026-01-19T07:09:09Z</time></trkpt><trkpt lat="60.226778" lon="24.955438"><ele>19.8</ele><time>2026-01-19T07:09:10Z</time><extensions><gpxtpx:TrackPointExtension><gpxtpx:hr>93</gpxtpx:hr></gpxtpx:TrackPointExtension></extensions></trkpt><trkpt lat="60.226763" lon="24.955417"><ele>19.6</ele><time>2026-01-19T07:09:11Z</time><extensions><gpxtpx:TrackPointExtension><gpxtpx:hr>93</gpxtpx:hr></gpxtpx:TrackPointExtension></extensions></trkpt><trkpt lat="60.226753" lon="24.955393"><ele>20.0</ele><time>2026-01-19T07:09:12Z</time></trkpt><trkpt lat="60.226742" lon="24.95538"><ele>19.8</ele><time>2026-01-19T07:09:13Z</time></trkpt><trkpt lat="60.226728" lon="24.955362"><ele>20.1</ele><time>2026-01-19T07:09:14Z</time></trkpt><trkpt lat="60.226717" lon="24.955343"><ele>19.8</ele><time>2026-01-19T07:09:15Z</time></trkpt><trkpt lat="60.226708" lon="24.955323"><ele>19.8</ele><time>2026-01-19T07:09:16Z</time></trkpt><trkpt lat="60.226697" lon="24.955302"><ele>20.0</ele><time>2026-01-19T07:09:17Z</time></trkpt><trkpt lat="60.226685" lon="24.955285"><ele>20.8</ele><time>2026-01-19T07:09:18Z</time></trkpt><trkpt lat="60.226673" lon="24.955268"><ele>20.5</ele><time>2026-01-19T07:09:19Z</time></trkpt><trkpt lat="60.226662" lon="24.95525"><ele>20.1</ele><time>2026-01-19T07:09:20Z</time><extensions><gpxtpx:TrackPointExtension><gpxtpx:hr>91</gpxtpx:hr></gpxtpx:TrackPointExtension></extensions></trkpt><trkpt lat="60.226647" lon="24.955218"><ele>19.6</ele><time>2026-01-19T07:09:21Z</time></trkpt><trkpt lat="60.226642" lon="24.955207"><ele>19.9</ele><time>2026-01-19T07:09:22Z</time></trkpt><trkpt lat="60.226633" lon="24.95518"><ele>21.0</ele><time>2026-01-19T07:09:23Z</time></trkpt><trkpt lat="60.226625" lon="24.955158"><ele>20.6</ele><time>2026-01-19T07:09:24Z</time><extensions><gpxtpx:TrackPointExtension><gpxtpx:hr>93</gpxtpx:hr></gpxtpx:TrackPointExtension></extensions></trkpt><trkpt lat="60.226617" lon="24.955133"><ele>20.8</ele><time>2026-01-19T07:09:25Z</time></trkpt><trkpt lat="60.22661" lon="24.955103"><ele>21.1</ele><time>2026-01-19T07:09:26Z</time><extensions><gpxtpx:TrackPointExtension><gpxtpx:hr>92</gpxtpx:hr></gpxtpx:TrackPointExtension></extensions></trkpt><trkpt lat="60.226603" lon="24.95508"><ele>20.3</ele><time>2026-01-19T07:09:27Z</time></trkpt><trkpt lat="60.2266" lon="24.955052"><ele>21.0</ele><time>2026-01-19T07:09:28Z</time></trkpt><trkpt lat="60.226595" lon="24.955025"><ele>21.3</ele><time>2026-01-19T07:09:29Z</time></trkpt><trkpt lat="60.226587" lon="24.954998"><ele>21.4</ele><time>2026-01-19T07:09:30Z</time></trkpt><trkpt lat="60.22658" lon="24.954972"><ele>21.5</ele><time>2026-01-19T07:09:31Z</time><extensions><gpxtpx:TrackPointExtension><gpxtpx:hr>91</gpxtpx:hr></gpxtpx:TrackPointExtension></extensions></trkpt><trkpt lat="60.226572" lon="24.954942"><ele>21.1</ele><time>2026-01-19T07:09:32Z</time></trkpt><trkpt lat="60.226568" lon="24.954915"><ele>20.3</ele><time>2026-01-19T07:09:33Z</time></trkpt><trkpt lat="60.22656" lon="24.95489"><ele>20.2</ele><time>2026-01-19T07:09:34Z</time></trkpt><trkpt lat="60.22655" lon="24.95487"><ele>20.6</ele><time>2026-01-19T07:09:35Z</time></trkpt><trkpt lat="60.22654" lon="24.954838"><ele>21.2</ele><time>2026-01-19T07:09:36Z</time><extensions><gpxtpx:TrackPointExtension><gpxtpx:hr>91</gpxtpx:hr></gpxtpx:TrackPointExtension></extensions></trkpt><trkpt lat="60.22653" lon="24.95482"><ele>21.1</ele><time>2026-01-19T07:09:37Z</time></trkpt><trkpt lat="60.226517" lon="24.954795"><ele>20.7</ele><time>2026-01-19T07:09:38Z</time></trkpt><trkpt lat="60.2265" lon="24.954785"><ele>20.1</ele><time>2026-01-19T07:09:39Z</time></trkpt><trkpt lat="60.226487" lon="24.954767"><ele>20.2</ele><time>2026-01-19T07:09:40Z</time></trkpt><trkpt lat="60.226468" lon="24.954755"><ele>20.6</ele><time>2026-01-19T07:09:41Z</time></trkpt><trkpt lat="60.226452" lon="24.954745"><ele>21.1</ele><time>2026-01-19T07:09:42Z</time><extensions><gpxtpx:TrackPointExtension><gpxtpx:hr>91</gpxtpx:hr></gpxtpx:TrackPointExtension></extensions></trkpt><trkpt lat="60.226435" lon="24.95473"><ele>21.2</ele><time>2026-01-19T07:09:43Z</time></trkpt><trkpt lat="60.22642" lon="24.954717"><ele>21.1</ele><time>2026-01-19T07:09:44Z</time></trkpt><trkpt lat="60.226405" lon="24.954708"><ele>20.5</ele><time>2026-01-19T07:09:45Z</time></trkpt><trkpt lat="60.226398" lon="24.954687"><ele>20.7</ele><time>2026-01-19T07:09:46Z</time></trkpt><trkpt lat="60.226385" lon="24.954675"><ele>20.3</ele><time>2026-01-19T07:09:47Z</time><extensions><gpxtpx:TrackPointExtension><gpxtpx:hr>91</gpxtpx:hr></gpxtpx:TrackPointExtension></extensions></trkpt><trkpt lat="60.226372" lon="24.95466"><ele>20.5</ele><time>2026-01-19T07:09:48Z</time></trkpt><trkpt lat="60.226358" lon="24.954647"><ele>20.8</ele><time>2026-01-19T07:09:49Z</time></trkpt><trkpt lat="60.226348" lon="24.954632"><ele>20.3</ele><time>2026-01-19T07:09:50Z</time></trkpt><trkpt lat="60.226342" lon="24.954617"><ele>20.2</ele><time>2026-01-19T07:09:51Z</time><extensions><gpxtpx:TrackPointExtension><gpxtpx:hr>91</gpxtpx:hr></gpxtpx:TrackPointExtension></extensions></trkpt><trkpt lat="60.226342" lon="24.954618"><ele>21.2</ele><time>2026-01-19T07:09:52Z</time></trkpt><trkpt lat="60.226353" lon="24.954672"><ele>21.7</ele><time>2026-01-19T07:09:54Z</time></trkpt><trkpt lat="60.22636" lon="24.95471"><ele>22.2</ele><time>2026-01-19T07:09:55Z</time></trkpt><trkpt lat="60.226353" lon="24.95475"><ele>23.0</ele><time>2026-01-19T07:09:56Z</time></trkpt><trkpt lat="60.226348" lon="24.954783"><ele>22.8</ele><time>2026-01-19T07:09:57Z</time></trkpt><trkpt lat="60.22634" lon="24.954812"><ele>22.7</ele><time>2026-01-19T07:09:58Z</time></trkpt><trkpt lat="60.226332" lon="24.95484"><ele>23.3</ele><time>2026-01-19T07:09:59Z</time></trkpt><trkpt lat="60.226327" lon="24.954865"><ele>23.4</ele><time>2026-01-19T07:10:00Z</time><extensions><gpxtpx:TrackPointExtension><gpxtpx:hr>91</gpxtpx:hr></gpxtpx:TrackPointExtension></extensions></trkpt><trkpt lat="60.226315" lon="24.954887"><ele>23.8</ele><time>2026-01-19T07:10:01Z</time></trkpt><trkpt lat="60.226313" lon="24.95491"><ele>23.9</ele><time>2026-01-19T07:10:02Z</time></trkpt><trkpt lat="60.226295" lon="24.954908"><ele>23.0</ele><time>2026-01-19T07:10:03Z</time><extensions><gpxtpx:TrackPointExtension><gpxtpx:hr>92</gpxtpx:hr></gpxtpx:TrackPointExtension></extensions></trkpt><trkpt lat="60.226278" lon="24.954922"><ele>23.1</ele><time>2026-01-19T07:10:04Z</time></trkpt><trkpt lat="60.226268" lon="24.954943"><ele>22.8</ele><time>2026-01-19T07:10:05Z</time></trkpt><trkpt lat="60.226258" lon="24.954957"><ele>22.3</ele><time>2026-01-19T07:10:06Z</time><extensions><gpxtpx:TrackPointExtension><gpxtpx:hr>93</gpxtpx:hr></gpxtpx:TrackPointExtension></extensions></trkpt><trkpt lat="60.226247" lon="24.95497"><ele>22.2</ele><time>2026-01-19T07:10:07Z</time></trkpt><trkpt lat="60.226237" lon="24.954988"><ele>21.4</ele><time>2026-01-19T07:10:08Z</time></trkpt><trkpt lat="60.226228" lon="24.955013"><ele>21.7</ele><time>2026-01-19T07:10:09Z</time></trkpt><trkpt lat="60.226213" lon="24.955022"><ele>20.6</ele><time>2026-01-19T07:10:10Z</time></trkpt><trkpt lat="60.226202" lon="24.955043"><ele>20.6</ele><time>2026-01-19T07:10:11Z</time></trkpt><trkpt lat="60.226192" lon="24.955055"><ele>20.7</ele><time>2026-01-19T07:10:12Z</time></trkpt><trkpt lat="60.22618" lon="24.95507"><ele>21.1</ele><time>2026-01-19T07:10:13Z</time></trkpt><trkpt lat="60.22617" lon="24.955095"><ele>20.7</ele><time>2026-01-19T07:10:14Z</time></trkpt><trkpt lat="60.226158" lon="24.955113"><ele>19.4</ele><time>2026-01-19T07:10:15Z</time><extensions><gpxtpx:TrackPointExtension><gpxtpx:hr>93</gpxtpx:hr></gpxtpx:TrackPointExtension></extensions></trkpt><trkpt lat="60.22615" lon="24.95514"><ele>20.6</ele><time>2026-01-19T07:10:15Z</time></trkpt><trkpt lat="60.226142" lon="24.95517"><ele>20.7</ele><time>2026-01-19T07:10:16Z</time></trkpt><trkpt lat="60.226135" lon="24.955202"><ele>21.2</ele><time>2026-01-19T07:10:17Z</time></trkpt><trkpt lat="60.22613" lon="24.955238"><ele>21.0</ele><time>2026-01-19T07:10:18Z</time></trkpt><trkpt lat="60.226118" lon="24.95526"><ele>21.2</ele><time>2026-01-19T07:10:19Z</time></trkpt><trkpt lat="60.226102" lon="24.955273"><ele>20.9</ele><time>2026-01-19T07:10:20Z</time><extensions><gpxtpx:TrackPointExtension><gpxtpx:hr>92</gpxtpx:hr></gpxtpx:TrackPointExtension></extensions></trkpt><trkpt lat="60.226092" lon="24.955298"><ele>20.5</ele><time>2026-01-19T07:10:21Z</time></trkpt><trkpt lat="60.226078" lon="24.955318"><ele>21.2</ele><time>2026-01-19T07:10:22Z</time></trkpt><trkpt lat="60.226067" lon="24.95533"><ele>21.2</ele><time>2026-01-19T07:10:23Z</time><extensions><gpxtpx:TrackPointExtension><gpxtpx:hr>91</gpxtpx:hr></gpxtpx:TrackPointExtension></extensions></trkpt><trkpt lat="60.226052" lon="24.955343"><ele>21.7</ele><time>2026-01-19T07:10:24Z</time></trkpt><trkpt lat="60.226037" lon="24.955358"><ele>21.7</ele><time>2026-01-19T07:10:25Z</time></trkpt><trkpt lat="60.226028" lon="24.955378"><ele>21.4</ele><time>2026-01-19T07:10:26Z</time><extensions><gpxtpx:TrackPointExtension><gpxtpx:hr>91</gpxtpx:hr></gpxtpx:TrackPointExtension></extensions></trkpt><trkpt lat="60.226017" lon="24.955395"><ele>21.1</ele><time>2026-01-19T07:10:27Z</time></trkpt><trkpt lat="60.226003" lon="24.955412"><ele>21.3</ele><time>2026-01-19T07:10:28Z</time></trkpt><trkpt lat="60.225992" lon="24.955425"><ele>22.0</ele><time>2026-01-19T07:10:29Z</time></trkpt><trkpt lat="60.225978" lon="24.955443"><ele>22.2</ele><time>2026-01-19T07:10:30Z</time></trkpt><trkpt lat="60.225968" lon="24.955463"><ele>22.7</ele><time>2026-01-19T07:10:31Z</time><extensions><gpxtpx:TrackPointExtension><gpxtpx:hr>90</gpxtpx:hr></gpxtpx:TrackPointExtension></extensions></trkpt><trkpt lat="60.225957" lon="24.95549"><ele>22.6</ele><time>2026-01-19T07:10:32Z</time></trkpt><trkpt lat="60.225948" lon="24.955513"><ele>21.7</ele><time>2026-01-19T07:10:33Z</time></trkpt><trkpt lat="60.225937" lon="24.955532"><ele>21.4</ele><time>2026-01-19T07:10:34Z</time></trkpt><trkpt lat="60.225928" lon="24.955555"><ele>21.7</ele><time>2026-01-19T07:10:35Z</time></trkpt><trkpt lat="60.22592" lon="24.955575"><ele>21.7</ele><time>2026-01-19T07:10:36Z</time></trkpt><trkpt lat="60.225912" lon="24.955603"><ele>21.6</ele><time>2026-01-19T07:10:37Z</time></trkpt><trkpt lat="60.2259" lon="24.955612"><ele>22.0</ele><time>2026-01-19T07:10:38Z</time><extensions><gpxtpx:TrackPointExtension><gpxtpx:hr>89</gpxtpx:hr></gpxtpx:TrackPointExtension></extensions></trkpt><trkpt lat="60.225882" lon="24.95561"><ele>21.1</ele><time>2026-01-19T07:10:39Z</time></trkpt><trkpt lat="60.225877" lon="24.955632"><ele>21.4</ele><time>2026-01-19T07:10:40Z</time></trkpt><trkpt lat="60.225872" lon="24.955647"><ele>20.6</ele><time>2026-01-19T07:10:41Z</time></trkpt><trkpt lat="60.225857" lon="24.955648"><ele>20.6</ele><time>2026-01-19T07:10:42Z</time><extensions><gpxtpx:TrackPointExtension><gpxtpx:hr>89</gpxtpx:hr></gpxtpx:TrackPointExtension></extensions></trkpt><trkpt lat="60.225845" lon="24.955662"><ele>21.3</ele><time>2026-01-19T07:10:43Z</time></trkpt><trkpt lat="60.225838" lon="24.95569"><ele>21.7</ele><time>2026-01-19T07:10:44Z</time></trkpt><trkpt lat="60.225833" lon="24.955708"><ele>22.1</ele><time>2026-01-19T07:10:45Z</time></trkpt><trkpt lat="60.225822" lon="24.955725"><ele>22.1</ele><time>2026-01-19T07:10:46Z</time></trkpt><trkpt lat="60.22581" lon="24.95574"><ele>22.6</ele><time>2026-01-19T07:10:47Z</time></trkpt><trkpt lat="60.225802" lon="24.955762"><ele>22.6</ele><time>2026-01-19T07:10:48Z</time></trkpt><trkpt lat="60.22579" lon="24.955778"><ele>23.8</ele><time>2026-01-19T07:10:49Z</time></trkpt><trkpt lat="60.225783" lon="24.955805"><ele>23.8</ele><time>2026-01-19T07:10:50Z</time><extensions><gpxtpx:TrackPointExtension><gpxtpx:hr>90</gpxtpx:hr></gpxtpx:TrackPointExtension></extensions></trkpt><trkpt lat="60.225772" lon="24.955832"><ele>22.8</ele><time>2026-01-19T07:10:51Z</time></trkpt><trkpt lat="60.22576" lon="24.955855"><ele>22.3</ele><time>2026-01-19T07:10:52Z</time></trkpt><trkpt lat="60.225748" lon="24.95588"><ele>21.7</ele><time>2026-01-19T07:10:53Z</time></trkpt><trkpt lat="60.225735" lon="24.955907"><ele>22.1</ele><time>2026-01-19T07:10:54Z</time><extensions><gpxtpx:TrackPointExtension><gpxtpx:hr>90</gpxtpx:hr></gpxtpx:TrackPointExtension></extensions></trkpt><trkpt lat="60.225723" lon="24.955927"><ele>21.7</ele><time>2026-01-19T07:10:55Z</time></trkpt><trkpt lat="60.225712" lon="24.955945"><ele>21.4</ele><time>2026-01-19T07:10:56Z</time></trkpt><trkpt lat="60.2257" lon="24.955965"><ele>21.9</ele><time>2026-01-19T07:10:57Z</time></trkpt><trkpt lat="60.225688" lon="24.955982"><ele>21.8</ele><time>2026-01-19T07:10:58Z</time><extensions><gpxtpx:TrackPointExtension><gpxtpx:hr>92</gpxtpx:hr></gpxtpx:TrackPointExtension></extensions></trkpt><trkpt lat="60.225678" lon="24.956003"><ele>21.2</ele><time>2026-01-19T07:10:59Z</time></trkpt><trkpt lat="60.225665" lon="24.956022"><ele>21.6</ele><time>2026-01-19T07:11:00Z</time></trkpt><trkpt lat="60.225655" lon="24.956043"><ele>21.2</ele><time>2026-01-19T07:11:01Z</time></trkpt><trkpt lat="60.225643" lon="24.95606"><ele>22.1</ele><time>2026-01-19T07:11:02Z</time></trkpt><trkpt lat="60.22563" lon="24.956073"><ele>22.2</ele><time>2026-01-19T07:11:03Z</time><extensions><gpxtpx:TrackPointExtension><gpxtpx:hr>92</gpxtpx:hr></gpxtpx:TrackPointExtension></extensions></trkpt><trkpt lat="60.22562" lon="24.956093"><ele>22.3</ele><time>2026-01-19T07:11:04Z</time></trkpt><trkpt lat="60.225605" lon="24.956108"><ele>21.8</ele><time>2026-01-19T07:11:05Z</time></trkpt><trkpt lat="60.225593" lon="24.95613"><ele>22.0</ele><time>2026-01-19T07:11:06Z</time><extensions><gpxtpx:TrackPointExtension><gpxtpx:hr>91</gpxtpx:hr></gpxtpx:TrackPointExtension></extensions></trkpt><trkpt lat="60.225582" lon="24.956152"><ele>21.3</ele><time>2026-01-19T07:11:07Z</time></trkpt><trkpt lat="60.22557" lon="24.956167"><ele>22.0</ele><time>2026-01-19T07:11:08Z</time></trkpt><trkpt lat="60.225557" lon="24.956182"><ele>21.8</ele><time>2026-01-19T07:11:09Z</time></trkpt><trkpt lat="60.225545" lon="24.956202"><ele>22.2</ele><time>2026-01-19T07:11:10Z</time></trkpt><trkpt lat="60.225533" lon="24.956217"><ele>21.6</ele><time>2026-01-19T07:11:11Z</time></trkpt><trkpt lat="60.225522" lon="24.956233"><ele>21.4</ele><time>2026-01-19T07:11:12Z</time></trkpt><trkpt lat="60.225508" lon="24.956248"><ele>21.7</ele><time>2026-01-19T07:11:13Z</time><extensions><gpxtpx:TrackPointExtension><gpxtpx:hr>90</gpxtpx:hr></gpxtpx:TrackPointExtension></extensions></trkpt><trkpt lat="60.225498" lon="24.956267"><ele>21.9</ele><time>2026-01-19T07:11:14Z</time></trkpt><trkpt lat="60.225487" lon="24.956282"><ele>21.8</ele><time>2026-01-19T07:11:15Z</time></trkpt><trkpt lat="60.225473" lon="24.956293"><ele>22.0</ele><time>2026-01-19T07:11:16Z</time><extensions><gpxtpx:TrackPointExtension><gpxtpx:hr>90</gpxtpx:hr></gpxtpx:TrackPointExtension></extensions></trkpt><trkpt lat="60.225462" lon="24.956315"><ele>21.5</ele><time>2026-01-19T07:11:17Z</time></trkpt><trkpt lat="60.225448" lon="24.956328"><ele>21.3</ele><time>2026-01-19T07:11:18Z</time></trkpt><trkpt lat="60.225437" lon="24.956345"><ele>21.1</ele><time>2026-01-19T07:11:19Z</time></trkpt><trkpt lat="60.225427" lon="24.956368"><ele>21.1</ele><time>2026-01-19T07:11:20Z</time></trkpt><trkpt lat="60.225415" lon="24.956382"><ele>21.3</ele><time>2026-01-19T07:11:21Z</time></trkpt><trkpt lat="60.2254" lon="24.95639"><ele>21.4</ele><time>2026-01-19T07:11:22Z</time></trkpt><trkpt lat="60.225388" lon="24.956407"><ele>21.3</ele><time>2026-01-19T07:11:23Z</time></trkpt><trkpt lat="60.225377" lon="24.95642"><ele>20.8</ele><time>2026-01-19T07:11:24Z</time><extensions><gpxtpx:TrackPointExtension><gpxtpx:hr>92</gpxtpx:hr></gpxtpx:TrackPointExtension></extensions></trkpt><trkpt lat="60.225367" lon="24.956435"><ele>20.4</ele><time>2026-01-19T07:11:25Z</time></trkpt><trkpt lat="60.225355" lon="24.956452"><ele>20.8</ele><time>2026-01-19T07:11:26Z</time></trkpt><trkpt lat="60.225342" lon="24.956467"><ele>21.4</ele><time>2026-01-19T07:11:27Z</time><extensions><gpxtpx:TrackPointExtension><gpxtpx:hr>91</gpxtpx:hr></gpxtpx:TrackPointExtension></extensions></trkpt><trkpt lat="60.225335" lon="24.956492"><ele>22.0</ele><time>2026-01-19T07:11:28Z</time></trkpt><trkpt lat="60.225325" lon="24.956503"><ele>22.5</ele><time>2026-01-19T07:11:29Z</time></trkpt><trkpt lat="60.225312" lon="24.956517"><ele>21.6</ele><time>2026-01-19T07:11:30Z</time></trkpt><trkpt lat="60.2253" lon="24.956527"><ele>21.1</ele><time>2026-01-19T07:11:31Z</time><extensions><gpxtpx:TrackPointExtension><gpxtpx:hr>91</gpxtpx:hr></gpxtpx:TrackPointExtension></extensions></trkpt><trkpt lat="60.225297" lon="24.956553"><ele>20.9</ele><time>2026-01-19T07:11:32Z</time></trkpt><trkpt lat="60.225285" lon="24.956563"><ele>20.6</ele><time>2026-01-19T07:11:33Z</time></trkpt><trkpt lat="60.225272" lon="24.956597"><ele>21.1</ele><time>2026-01-19T07:11:34Z</time></trkpt><trkpt lat="60.225267" lon="24.956615"><ele>21.4</ele><time>2026-01-19T07:11:35Z</time></trkpt><trkpt lat="60.225258" lon="24.956632"><ele>22.5</ele><time>2026-01-19T07:11:36Z</time></trkpt><trkpt lat="60.22524" lon="24.95665"><ele>22.1</ele><time>2026-01-19T07:11:37Z</time></trkpt><trkpt lat="60.225227" lon="24.956667"><ele>21.9</ele><time>2026-01-19T07:11:38Z</time></trkpt><trkpt lat="60.225213" lon="24.956682"><ele>22.3</ele><time>2026-01-19T07:11:39Z</time></trkpt><trkpt lat="60.225205" lon="24.9567"><ele>22.3</ele><time>2026-01-19T07:11:40Z</time><extensions><gpxtpx:TrackPointExtension><gpxtpx:hr>91</gpxtpx:hr></gpxtpx:TrackPointExtension></extensions></trkpt><trkpt lat="60.22519" lon="24.956708"><ele>22.0</ele><time>2026-01-19T07:11:41Z</time><extensions><gpxtpx:TrackPointExtension><gpxtpx:hr>91</gpxtpx:hr></gpxtpx:TrackPointExtension></extensions></trkpt><trkpt lat="60.225175" lon="24.956715"><ele>22.2</ele><time>2026-01-19T07:11:42Z</time></trkpt><trkpt lat="60.225162" lon="24.956727"><ele>21.7</ele><time>2026-01-19T07:11:43Z</time></trkpt><trkpt lat="60.225147" lon="24.956738"><ele>21.4</ele><time>2026-01-19T07:11:44Z</time></trkpt><trkpt lat="60.225137" lon="24.956765"><ele>21.6</ele><time>2026-01-19T07:11:45Z</time></trkpt><trkpt lat="60.225118" lon="24.95678"><ele>21.6</ele><time>2026-01-19T07:11:46Z</time><extensions><gpxtpx:TrackPointExtension><gpxtpx:hr>91</gpxtpx:hr></gpxtpx:TrackPointExtension></extensions></trkpt><trkpt lat="60.225103" lon="24.956782"><ele>21.8</ele><time>2026-01-19T07:11:47Z</time></trkpt><trkpt lat="60.225092" lon="24.956798"><ele>21.9</ele><time>2026-01-19T07:11:48Z</time></trkpt><trkpt lat="60.22508" lon="24.956817"><ele>21.4</ele><time>2026-01-19T07:11:49Z</time></trkpt><trkpt lat="60.225072" lon="24.956848"><ele>20.9</ele><time>2026-01-19T07:11:50Z</time></trkpt><trkpt lat="60.225055" lon="24.95684"><ele>20.5</ele><time>2026-01-19T07:11:51Z</time></trkpt><trkpt lat="60.225047" lon="24.95688"><ele>21.2</ele><time>2026-01-19T07:11:52Z</time></trkpt><trkpt lat="60.225038" lon="24.956895"><ele>21.0</ele><time>2026-01-19T07:11:53Z</time></trkpt><trkpt lat="60.225027" lon="24.956908"><ele>21.4</ele><time>2026-01-19T07:11:54Z</time><extensions><gpxtpx:TrackPointExtension><gpxtpx:hr>92</gpxtpx:hr></gpxtpx:TrackPointExtension></extensions></trkpt><trkpt lat="60.225013" lon="24.956913"><ele>21.7</ele><time>2026-01-19T07:11:55Z</time></trkpt><trkpt lat="60.225002" lon="24.956932"><ele>21.8</ele><time>2026-01-19T07:11:56Z</time></trkpt><trkpt lat="60.224993" lon="24.956958"><ele>21.3</ele><time>2026-01-19T07:11:57Z</time></trkpt><trkpt lat="60.224978" lon="24.956967"><ele>21.6</ele><time>2026-01-19T07:11:58Z</time><extensions><gpxtpx:TrackPointExtension><gpxtpx:hr>92</gpxtpx:hr></gpxtpx:TrackPointExtension></extensions></trkpt><trkpt lat="60.224968" lon="24.956987"><ele>21.1</ele><time>2026-01-19T07:12:00Z</time></trkpt><trkpt lat="60.224955" lon="24.957003"><ele>21.8</ele><time>2026-01-19T07:12:01Z</time></trkpt><trkpt lat="60.224943" lon="24.957022"><ele>22.3</ele><time>2026-01-19T07:12:02Z</time></trkpt><trkpt lat="60.224925" lon="24.957037"><ele>21.8</ele><time>2026-01-19T07:12:03Z</time></trkpt><trkpt lat="60.224915" lon="24.957065"><ele>20.5</ele><time>2026-01-19T07:12:04Z</time></trkpt><trkpt lat="60.224905" lon="24.957097"><ele>19.3</ele><time>2026-01-19T07:12:05Z</time><extensions><gpxtpx:TrackPointExtension><gpxtpx:hr>92</gpxtpx:hr></gpxtpx:TrackPointExtension></extensions></trkpt><trkpt lat="60.224897" lon="24.957118"><ele>19.4</ele><time>2026-01-19T07:12:06Z</time></trkpt><trkpt lat="60.224887" lon="24.957138"><ele>19.5</ele><time>2026-01-19T07:12:07Z</time></trkpt><trkpt lat="60.224872" lon="24.957153"><ele>20.0</ele><time>2026-01-19T07:12:08Z</time><extensions><gpxtpx:TrackPointExtension><gpxtpx:hr>91</gpxtpx:hr></gpxtpx:TrackPointExtension></extensions></trkpt><trkpt lat="60.22486" lon="24.957165"><ele>20.8</ele><time>2026-01-19T07:12:09Z</time></trkpt><trkpt lat="60.224848" lon="24.957178"><ele>20.1</ele><time>2026-01-19T07:12:10Z</time></trkpt><trkpt lat="60.224837" lon="24.957198"><ele>19.7</ele><time>2026-01-19T07:12:11Z</time></trkpt><trkpt lat="60.224825" lon="24.957215"><ele>19.5</ele><time>2026-01-19T07:12:12Z</time></trkpt><trkpt lat="60.224813" lon="24.957235"><ele>19.5</ele><time>2026-01-19T07:12:13Z</time></trkpt><trkpt lat="60.2248" lon="24.957248"><ele>19.7</ele><time>2026-01-19T07:12:14Z</time></trkpt><trkpt lat="60.224792" lon="24.957265"><ele>20.1</ele><time>2026-01-19T07:12:15Z</time><extensions><gpxtpx:TrackPointExtension><gpxtpx:hr>91</gpxtpx:hr></gpxtpx:TrackPointExtension></extensions></trkpt><trkpt lat="60.224778" lon="24.957273"><ele>20.4</ele><time>2026-01-19T07:12:16Z</time></trkpt><trkpt lat="60.224765" lon="24.957283"><ele>19.5</ele><time>2026-01-19T07:12:17Z</time></trkpt><trkpt lat="60.224753" lon="24.9573"><ele>19.4</ele><time>2026-01-19T07:12:18Z</time></trkpt><trkpt lat="60.224747" lon="24.957322"><ele>18.8</ele><time>2026-01-19T07:12:19Z</time></trkpt><trkpt lat="60.224735" lon="24.957335"><ele>19.0</ele><time>2026-01-19T07:12:20Z</time><extensions><gpxtpx:TrackPointExtension><gpxtpx:hr>90</gpxtpx:hr></gpxtpx:TrackPointExtension></extensions></trkpt><trkpt lat="60.224722" lon="24.957348"><ele>19.5</ele><time>2026-01-19T07:12:21Z</time><extensions><gpxtpx:TrackPointExtension><gpxtpx:hr>91</gpxtpx:hr></gpxtpx:TrackPointExtension></extensions></trkpt><trkpt lat="60.224713" lon="24.957375"><ele>19.9</ele><time>2026-01-19T07:12:22Z</time></trkpt><trkpt lat="60.224703" lon="24.957395"><ele>20.3</ele><time>2026-01-19T07:12:22Z</time></trkpt><trkpt lat="60.224695" lon="24.957415"><ele>20.3</ele><time>2026-01-19T07:12:23Z</time></trkpt><trkpt lat="60.224685" lon="24.957433"><ele>20.4</ele><time>2026-01-19T07:12:24Z</time></trkpt><trkpt lat="60.22467" lon="24.957438"><ele>20.7</ele><time>2026-01-19T07:12:25Z</time></trkpt><trkpt lat="60.22466" lon="24.957458"><ele>20.5</ele><time>2026-01-19T07:12:26Z</time></trkpt><trkpt lat="60.224652" lon="24.957482"><ele>20.4</ele><time>2026-01-19T07:12:27Z</time></trkpt><trkpt lat="60.22464" lon="24.957503"><ele>19.9</ele><time>2026-01-19T07:12:28Z</time></trkpt><trkpt lat="60.224625" lon="24.95751"><ele>19.7</ele><time>2026-01-19T07:12:29Z</time></trkpt><trkpt lat="60.224613" lon="24.957523"><ele>19.8</ele><time>2026-01-19T07:12:30Z</time><extensions><gpxtpx:TrackPointExtension><gpxtpx:hr>91</gpxtpx:hr></gpxtpx:TrackPointExtension></extensions></trkpt><trkpt lat="60.224603" lon="24.957547"><ele>20.3</ele><time>2026-01-19T07:12:31Z</time><extensions><gpxtpx:TrackPointExtension><gpxtpx:hr>90</gpxtpx:hr></gpxtpx:TrackPointExtension></extensions></trkpt><trkpt lat="60.224595" lon="24.957565"><ele>20.7</ele><time>2026-01-19T07:12:32Z</time></trkpt><trkpt lat="60.224587" lon="24.957585"><ele>20.3</ele><time>2026-01-19T07:12:33Z</time></trkpt><trkpt lat="60.224573" lon="24.957598"><ele>19.7</ele><time>2026-01-19T07:12:34Z</time></trkpt><trkpt lat="60.224562" lon="24.957612"><ele>19.2</ele><time>2026-01-19T07:12:35Z</time></trkpt><trkpt lat="60.224553" lon="24.95763"><ele>18.6</ele><time>2026-01-19T07:12:36Z</time></trkpt><trkpt lat="60.224543" lon="24.95765"><ele>18.7</ele><time>2026-01-19T07:12:37Z</time></trkpt><trkpt lat="60.224532" lon="24.95767"><ele>18.9</ele><time>2026-01-19T07:12:38Z</time></trkpt><trkpt lat="60.224522" lon="24.957692"><ele>19.4</ele><time>2026-01-19T07:12:39Z</time></trkpt><trkpt lat="60.224517" lon="24.957713"><ele>19.5</ele><time>2026-01-19T07:12:40Z</time><extensions><gpxtpx:TrackPointExtension><gpxtpx:hr>91</gpxtpx:hr></gpxtpx:TrackPointExtension></extensions></trkpt><trkpt lat="60.224507" lon="24.957733"><ele>19.2</ele><time>2026-01-19T07:12:41Z</time></trkpt><trkpt lat="60.224497" lon="24.957757"><ele>19.4</ele><time>2026-01-19T07:12:42Z</time></trkpt><trkpt lat="60.224485" lon="24.957775"><ele>19.6</ele><time>2026-01-19T07:12:43Z</time><extensions><gpxtpx:TrackPointExtension><gpxtpx:hr>90</gpxtpx:hr></gpxtpx:TrackPointExtension></extensions></trkpt><trkpt lat="60.224477" lon="24.957797"><ele>19.9</ele><time>2026-01-19T07:12:44Z</time></trkpt><trkpt lat="60.224463" lon="24.95781"><ele>19.7</ele><time>2026-01-19T07:12:45Z</time></trkpt><trkpt lat="60.224452" lon="24.957827"><ele>19.2</ele><time>2026-01-19T07:12:46Z</time></trkpt><trkpt lat="60.22444" lon="24.95784"><ele>19.6</ele><time>2026-01-19T07:12:47Z</time><extensions><gpxtpx:TrackPointExtension><gpxtpx:hr>90</gpxtpx:hr></gpxtpx:TrackPointExtension></extensions></trkpt><trkpt lat="60.224425" lon="24.957843"><ele>19.8</ele><time>2026-01-19T07:12:48Z</time></trkpt><trkpt lat="60.224417" lon="24.957857"><ele>20.5</ele><time>2026-01-19T07:12:49Z</time></trkpt><trkpt lat="60.224408" lon="24.957857"><ele>20.4</ele><time>2026-01-19T07:12:50Z</time></trkpt><trkpt lat="60.224398" lon="24.957862"><ele>20.6</ele><time>2026-01-19T07:12:51Z</time></trkpt><trkpt lat="60.224392" lon="24.95787"><ele>20.8</ele><time>2026-01-19T07:12:52Z</time><extensions><gpxtpx:TrackPointExtension><gpxtpx:hr>90</gpxtpx:hr></gpxtpx:TrackPointExtension></extensions></trkpt><trkpt lat="60.224377" lon="24.957855"><ele>20.7</ele><time>2026-01-19T07:12:53Z</time></trkpt><trkpt lat="60.224365" lon="24.957848"><ele>20.8</ele><time>2026-01-19T07:12:54Z</time></trkpt><trkpt lat="60.224352" lon="24.957835"><ele>21.9</ele><time>2026-01-19T07:12:55Z</time></trkpt><trkpt lat="60.224342" lon="24.957807"><ele>20.2</ele><time>2026-01-19T07:12:56Z</time></trkpt><trkpt lat="60.224333" lon="24.957787"><ele>20.0</ele><time>2026-01-19T07:12:57Z</time></trkpt><trkpt lat="60.224325" lon="24.957763"><ele>20.5</ele><time>2026-01-19T07:12:58Z</time></trkpt><trkpt lat="60.224315" lon="24.957742"><ele>20.3</ele><time>2026-01-19T07:12:59Z</time></trkpt><trkpt lat="60.224313" lon="24.957712"><ele>21.1</ele><time>2026-01-19T07:13:00Z</time><extensions><gpxtpx:TrackPointExtension><gpxtpx:hr>93</gpxtpx:hr></gpxtpx:TrackPointExtension></extensions></trkpt><trkpt lat="60.224305" lon="24.957692"><ele>20.9</ele><time>2026-01-19T07:13:01Z</time></trkpt><trkpt lat="60.224298" lon="24.957672"><ele>20.9</ele><time>2026-01-19T07:13:02Z</time><extensions><gpxtpx:TrackPointExtension><gpxtpx:hr>93</gpxtpx:hr></gpxtpx:TrackPointExtension></extensions></trkpt><trkpt lat="60.224288" lon="24.95764"><ele>20.5</ele><time>2026-01-19T07:13:03Z</time></trkpt><trkpt lat="60.224282" lon="24.957617"><ele>20.0</ele><time>2026-01-19T07:13:04Z</time></trkpt><trkpt lat="60.224272" lon="24.957598"><ele>19.8</ele><time>2026-01-19T07:13:05Z</time></trkpt><trkpt lat="60.224263" lon="24.95758"><ele>19.9</ele><time>2026-01-19T07:13:06Z</time><extensions><gpxtpx:TrackPointExtension><gpxtpx:hr>94</gpxtpx:hr></gpxtpx:TrackPointExtension></extensions></trkpt><trkpt lat="60.224258" lon="24.95756"><ele>20.3</ele><time>2026-01-19T07:13:07Z</time></trkpt><trkpt lat="60.224252" lon="24.957537"><ele>20.2</ele><time>2026-01-19T07:13:08Z</time></trkpt><trkpt lat="60.224243" lon="24.957503"><ele>20.6</ele><time>2026-01-19T07:13:09Z</time></trkpt><trkpt lat="60.224237" lon="24.957492"><ele>21.2</ele><time>2026-01-19T07:13:10Z</time></trkpt><trkpt lat="60.224228" lon="24.957468"><ele>21.0</ele><time>2026-01-19T07:13:11Z</time><extensions><gpxtpx:TrackPointExtension><gpxtpx:hr>94</gpxtpx:hr></gpxtpx:TrackPointExtension></extensions></trkpt><trkpt lat="60.224218" lon="24.957445"><ele>20.4</ele><time>2026-01-19T07:13:12Z</time></trkpt><trkpt lat="60.22421" lon="24.957423"><ele>20.0</ele><time>2026-01-19T07:13:13Z</time></trkpt><trkpt lat="60.224198" lon="24.957405"><ele>20.5</ele><time>2026-01-19T07:13:14Z</time></trkpt><trkpt lat="60.224188" lon="24.957387"><ele>20.5</ele><time>2026-01-19T07:13:15Z</time></trkpt><trkpt lat="60.224182" lon="24.957368"><ele>20.9</ele><time>2026-01-19T07:13:16Z</time></trkpt><trkpt lat="60.224175" lon="24.95734"><ele>20.6</ele><time>2026-01-19T07:13:17Z</time><extensions><gpxtpx:TrackPointExtension><gpxtpx:hr>94</gpxtpx:hr></gpxtpx:TrackPointExtension></extensions></trkpt><trkpt lat="60.224165" lon="24.95732"><ele>21.0</ele><time>2026-01-19T07:13:18Z</time></trkpt><trkpt lat="60.224163" lon="24.95729"><ele>21.1</ele><time>2026-01-19T07:13:19Z</time></trkpt><trkpt lat="60.22416" lon="24.957257"><ele>21.3</ele><time>2026-01-19T07:13:20Z</time></trkpt><trkpt lat="60.22415" lon="24.957242"><ele>20.6</ele><time>2026-01-19T07:13:21Z</time></trkpt><trkpt lat="60.224142" lon="24.957213"><ele>20.6</ele><time>2026-01-19T07:13:22Z</time></trkpt><trkpt lat="60.224128" lon="24.957195"><ele>20.6</ele><time>2026-01-19T07:13:23Z</time><extensions><gpxtpx:TrackPointExtension><gpxtpx:hr>93</gpxtpx:hr></gpxtpx:TrackPointExtension></extensions></trkpt><trkpt lat="60.22412" lon="24.957173"><ele>21.0</ele><time>2026-01-19T07:13:24Z</time></trkpt><trkpt lat="60.224115" lon="24.957147"><ele>21.3</ele><time>2026-01-19T07:13:25Z</time></trkpt><trkpt lat="60.22411" lon="24.957123"><ele>21.2</ele><time>2026-01-19T07:13:26Z</time></trkpt><trkpt lat="60.224105" lon="24.957105"><ele>22.3</ele><time>2026-01-19T07:13:27Z</time></trkpt><trkpt lat="60.2241" lon="24.957087"><ele>22.0</ele><time>2026-01-19T07:13:28Z</time></trkpt><trkpt lat="60.224097" lon="24.957058"><ele>22.0</ele><time>2026-01-19T07:13:29Z</time></trkpt><trkpt lat="60.224083" lon="24.957042"><ele>20.9</ele><time>2026-01-19T07:13:30Z</time><extensions><gpxtpx:TrackPointExtension><gpxtpx:hr>93</gpxtpx:hr></gpxtpx:TrackPointExtension></extensions></trkpt><trkpt lat="60.224073" lon="24.957018"><ele>21.0</ele><time>2026-01-19T07:13:31Z</time></trkpt><trkpt lat="60.224065" lon="24.956988"><ele>21.1</ele><time>2026-01-19T07:13:32Z</time><extensions><gpxtpx:TrackPointExtension><gpxtpx:hr>92</gpxtpx:hr></gpxtpx:TrackPointExtension></extensions></trkpt><trkpt lat="60.224055" lon="24.956968"><ele>21.5</ele><time>2026-01-19T07:13:33Z</time></trkpt><trkpt lat="60.224045" lon="24.956955"><ele>22.4</ele><time>2026-01-19T07:13:34Z</time></trkpt><trkpt lat="60.224035" lon="24.956933"><ele>22.5</ele><time>2026-01-19T07:13:35Z</time></trkpt><trkpt lat="60.224022" lon="24.956917"><ele>21.9</ele><time>2026-01-19T07:13:36Z</time></trkpt><trkpt lat="60.224008" lon="24.956887"><ele>22.0</ele><time>2026-01-19T07:13:37Z</time></trkpt><trkpt lat="60.224003" lon="24.956867"><ele>21.8</ele><time>2026-01-19T07:13:38Z</time></trkpt><trkpt lat="60.223998" lon="24.956843"><ele>21.9</ele><time>2026-01-19T07:13:39Z</time></trkpt><trkpt lat="60.223988" lon="24.956825"><ele>22.0</ele><time>2026-01-19T07:13:40Z</time><extensions><gpxtpx:TrackPointExtension><gpxtpx:hr>92</gpxtpx:hr></gpxtpx:TrackPointExtension></extensions></trkpt><trkpt lat="60.223985" lon="24.956802"><ele>22.5</ele><time>2026-01-19T07:13:41Z</time><extensions><gpxtpx:TrackPointExtension><gpxtpx:hr>93</gpxtpx:hr></gpxtpx:TrackPointExtension></extensions></trkpt><trkpt lat="60.223977" lon="24.95678"><ele>22.7</ele><time>2026-01-19T07:13:42Z</time></trkpt><trkpt lat="60.22397" lon="24.956743"><ele>22.7</ele><time>2026-01-19T07:13:43Z</time></trkpt><trkpt lat="60.223973" lon="24.956727"><ele>23.1</ele><time>2026-01-19T07:13:44Z</time></trkpt><trkpt lat="60.223968" lon="24.956703"><ele>22.8</ele><time>2026-01-19T07:13:45Z</time></trkpt><trkpt lat="60.223953" lon="24.956673"><ele>22.4</ele><time>2026-01-19T07:13:46Z</time></trkpt><trkpt lat="60.223947" lon="24.956648"><ele>22.4</ele><time>2026-01-19T07:13:47Z</time></trkpt><trkpt lat="60.223938" lon="24.956617"><ele>22.2</ele><time>2026-01-19T07:13:48Z</time><extensions><gpxtpx:TrackPointExtension><gpxtpx:hr>91</gpxtpx:hr></gpxtpx:TrackPointExtension></extensions></trkpt><trkpt lat="60.223927" lon="24.956598"><ele>22.6</ele><time>2026-01-19T07:13:49Z</time></trkpt><trkpt lat="60.223918" lon="24.956572"><ele>22.6</ele><time>2026-01-19T07:13:50Z</time></trkpt><trkpt lat="60.223913" lon="24.95655"><ele>22.4</ele><time>2026-01-19T07:13:51Z</time><extensions><gpxtpx:TrackPointExtension><gpxtpx:hr>92</gpxtpx:hr></gpxtpx:TrackPointExtension></extensions></trkpt><trkpt lat="60.223907" lon="24.956525"><ele>22.2</ele><time>2026-01-19T07:13:52Z</time></trkpt><trkpt lat="60.223905" lon="24.956498"><ele>22.4</ele><time>2026-01-19T07:13:53Z</time></trkpt><trkpt lat="60.223898" lon="24.956468"><ele>21.8</ele><time>2026-01-19T07:13:54Z</time></trkpt><trkpt lat="60.22389" lon="24.95645"><ele>22.3</ele><time>2026-01-19T07:13:55Z</time></trkpt><trkpt lat="60.223885" lon="24.956428"><ele>22.8</ele><time>2026-01-19T07:13:56Z</time></trkpt><trkpt lat="60.223887" lon="24.956403"><ele>23.0</ele><time>2026-01-19T07:13:57Z</time></trkpt><trkpt lat="60.223887" lon="24.956392"><ele>24.2</ele><time>2026-01-19T07:13:58Z</time></trkpt><trkpt lat="60.223877" lon="24.956378"><ele>24.7</ele><time>2026-01-19T07:13:59Z</time></trkpt><trkpt lat="60.223873" lon="24.956358"><ele>25.3</ele><time>2026-01-19T07:14:00Z</time><extensions><gpxtpx:TrackPointExtension><gpxtpx:hr>93</gpxtpx:hr></gpxtpx:TrackPointExtension></extensions></trkpt><trkpt lat="60.22387" lon="24.956337"><ele>25.5</ele><time>2026-01-19T07:14:01Z</time></trkpt><trkpt lat="60.223863" lon="24.956322"><ele>24.6</ele><time>2026-01-19T07:14:02Z</time><extensions><gpxtpx:TrackPointExtension><gpxtpx:hr>94</gpxtpx:hr></gpxtpx:TrackPointExtension></extensions></trkpt><trkpt lat="60.22386" lon="24.956302"><ele>24.3</ele><time>2026-01-19T07:14:03Z</time></trkpt><trkpt lat="60.223855" lon="24.956272"><ele>24.9</ele><time>2026-01-19T07:14:04Z</time></trkpt><trkpt lat="60.223845" lon="24.956243"><ele>25.4</ele><time>2026-01-19T07:14:06Z</time><extensions><gpxtpx:TrackPointExtension><gpxtpx:hr>95</gpxtpx:hr></gpxtpx:TrackPointExtension></extensions></trkpt><trkpt lat="60.22383" lon="24.956233"><ele>26.2</ele><time>2026-01-19T07:14:07Z</time></trkpt><trkpt lat="60.22382" lon="24.956217"><ele>26.0</ele><time>2026-01-19T07:14:08Z</time></trkpt><trkpt lat="60.223812" lon="24.956185"><ele>26.4</ele><time>2026-01-19T07:14:09Z</time></trkpt><trkpt lat="60.223805" lon="24.956158"><ele>26.9</ele><time>2026-01-19T07:14:10Z</time></trkpt><trkpt lat="60.223802" lon="24.956132"><ele>27.1</ele><time>2026-01-19T07:14:11Z</time><extensions><gpxtpx:TrackPointExtension><gpxtpx:hr>99</gpxtpx:hr></gpxtpx:TrackPointExtension></extensions></trkpt><trkpt lat="60.223798" lon="24.956102"><ele>27.4</ele><time>2026-01-19T07:14:12Z</time></trkpt><trkpt lat="60.22379" lon="24.956068"><ele>26.9</ele><time>2026-01-19T07:14:13Z</time></trkpt><trkpt lat="60.223768" lon="24.956068"><ele>26.3</ele><time>2026-01-19T07:14:14Z</time></trkpt><trkpt lat="60.223748" lon="24.95602"><ele>26.0</ele><time>2026-01-19T07:14:15Z</time></trkpt><trkpt lat="60.223752" lon="24.956008"><ele>25.5</ele><time>2026-01-19T07:14:16Z</time></trkpt><trkpt lat="60.223745" lon="24.955985"><ele>25.7</ele><time>2026-01-19T07:14:17Z</time></trkpt><trkpt lat="60.223755" lon="24.955942"><ele>25.8</ele><time>2026-01-19T07:14:18Z</time></trkpt><trkpt lat="60.223742" lon="24.955943"><ele>26.1</ele><time>2026-01-19T07:14:19Z</time></trkpt><trkpt lat="60.223733" lon="24.955908"><ele>26.4</ele><time>2026-01-19T07:14:20Z</time><extensions><gpxtpx:TrackPointExtension><gpxtpx:hr>102</gpxtpx:hr></gpxtpx:TrackPointExtension></extensions></trkpt><trkpt lat="60.223725" lon="24.955878"><ele>26.0</ele><time>2026-01-19T07:14:21Z</time></trkpt><trkpt lat="60.223715" lon="24.955853"><ele>25.4</ele><time>2026-01-19T07:14:22Z</time></trkpt><trkpt lat="60.223708" lon="24.955823"><ele>25.2</ele><time>2026-01-19T07:14:23Z</time></trkpt><trkpt lat="60.223702" lon="24.9558"><ele>25.5</ele><time>2026-01-19T07:14:24Z</time><extensions><gpxtpx:TrackPointExtension><gpxtpx:hr>103</gpxtpx:hr></gpxtpx:TrackPointExtension></extensions></trkpt><trkpt lat="60.223698" lon="24.955778"><ele>25.7</ele><time>2026-01-19T07:14:25Z</time></trkpt><trkpt lat="60.223693" lon="24.955755"><ele>26.5</ele><time>2026-01-19T07:14:26Z</time><extensions><gpxtpx:TrackPointExtension><gpxtpx:hr>102</gpxtpx:hr></gpxtpx:TrackPointExtension></extensions></trkpt><trkpt lat="60.223697" lon="24.955722"><ele>27.0</ele><time>2026-01-19T07:14:27Z</time></trkpt><trkpt lat="60.223692" lon="24.955702"><ele>27.7</ele><time>2026-01-19T07:14:28Z</time></trkpt><trkpt lat="60.223687" lon="24.955677"><ele>27.9</ele><time>2026-01-19T07:14:29Z</time></trkpt><trkpt lat="60.223683" lon="24.955652"><ele>26.6</ele><time>2026-01-19T07:14:29Z</time></trkpt><trkpt lat="60.22367" lon="24.95563"><ele>26.6</ele><time>2026-01-19T07:14:30Z</time></trkpt><trkpt lat="60.223663" lon="24.955593"><ele>26.3</ele><time>2026-01-19T07:14:31Z</time><extensions><gpxtpx:TrackPointExtension><gpxtpx:hr>101</gpxtpx:hr></gpxtpx:TrackPointExtension></extensions></trkpt><trkpt lat="60.223658" lon="24.955567"><ele>26.4</ele><time>2026-01-19T07:14:32Z</time></trkpt><trkpt lat="60.223648" lon="24.955545"><ele>26.4</ele><time>2026-01-19T07:14:33Z</time></trkpt><trkpt lat="60.223645" lon="24.95552"><ele>27.1</ele><time>2026-01-19T07:14:34Z</time></trkpt><trkpt lat="60.223637" lon="24.955495"><ele>26.1</ele><time>2026-01-19T07:14:35Z</time></trkpt><trkpt lat="60.223633" lon="24.955465"><ele>25.9</ele><time>2026-01-19T07:14:36Z</time></trkpt><trkpt lat="60.223623" lon="24.955442"><ele>24.9</ele><time>2026-01-19T07:14:37Z</time><extensions><gpxtpx:TrackPointExtension><gpxtpx:hr>100</gpxtpx:hr></gpxtpx:TrackPointExtension></extensions></trkpt><trkpt lat="60.22362" lon="24.955417"><ele>24.5</ele><time>2026-01-19T07:14:38Z</time></trkpt><trkpt lat="60.223617" lon="24.955387"><ele>25.2</ele><time>2026-01-19T07:14:39Z</time></trkpt><trkpt lat="60.223612" lon="24.95536"><ele>25.0</ele><time>2026-01-19T07:14:40Z</time></trkpt><trkpt lat="60.223607" lon="24.955333"><ele>25.7</ele><time>2026-01-19T07:14:41Z</time><extensions><gpxtpx:TrackPointExtension><gpxtpx:hr>99</gpxtpx:hr></gpxtpx:TrackPointExtension></extensions></trkpt><trkpt lat="60.2236" lon="24.95531"><ele>25.6</ele><time>2026-01-19T07:14:42Z</time></trkpt><trkpt lat="60.223598" lon="24.955283"><ele>24.9</ele><time>2026-01-19T07:14:43Z</time></trkpt><trkpt lat="60.223592" lon="24.955258"><ele>24.5</ele><time>2026-01-19T07:14:44Z</time></trkpt><trkpt lat="60.22359" lon="24.955225"><ele>24.8</ele><time>2026-01-19T07:14:45Z</time></trkpt><trkpt lat="60.223588" lon="24.955202"><ele>24.5</ele><time>2026-01-19T07:14:46Z</time><extensions><gpxtpx:TrackPointExtension><gpxtpx:hr>103</gpxtpx:hr></gpxtpx:TrackPointExtension></extensions></trkpt><trkpt lat="60.223588" lon="24.955173"><ele>25.8</ele><time>2026-01-19T07:14:47Z</time></trkpt><trkpt lat="60.223582" lon="24.955145"><ele>25.5</ele><time>2026-01-19T07:14:48Z</time></trkpt><trkpt lat="60.223578" lon="24.955118"><ele>26.5</ele><time>2026-01-19T07:14:49Z</time></trkpt><trkpt lat="60.223573" lon="24.9551"><ele>26.2</ele><time>2026-01-19T07:14:50Z</time></trkpt><trkpt lat="60.223568" lon="24.955075"><ele>25.5</ele><time>2026-01-19T07:14:51Z</time></trkpt><trkpt lat="60.223558" lon="24.955043"><ele>24.9</ele><time>2026-01-19T07:14:52Z</time></trkpt><trkpt lat="60.223552" lon="24.955017"><ele>24.4</ele><time>2026-01-19T07:14:53Z</time></trkpt><trkpt lat="60.223552" lon="24.954988"><ele>25.6</ele><time>2026-01-19T07:14:54Z</time></trkpt><trkpt lat="60.223548" lon="24.95496"><ele>25.6</ele><time>2026-01-19T07:14:55Z</time><extensions><gpxtpx:TrackPointExtension><gpxtpx:hr>101</gpxtpx:hr></gpxtpx:TrackPointExtension></extensions></trkpt><trkpt lat="60.223547" lon="24.954932"><ele>26.0</ele><time>2026-01-19T07:14:56Z</time></trkpt><trkpt lat="60.223543" lon="24.954905"><ele>24.2</ele><time>2026-01-19T07:14:57Z</time></trkpt><trkpt lat="60.223535" lon="24.954878"><ele>24.1</ele><time>2026-01-19T07:14:58Z</time></trkpt><trkpt lat="60.223527" lon="24.954853"><ele>24.1</ele><time>2026-01-19T07:14:59Z</time><extensions><gpxtpx:TrackPointExtension><gpxtpx:hr>102</gpxtpx:hr></gpxtpx:TrackPointExtension></extensions></trkpt><trkpt lat="60.22352" lon="24.954828"><ele>24.1</ele><time>2026-01-19T07:15:00Z</time></trkpt><trkpt lat="60.223517" lon="24.9548"><ele>24.6</ele><time>2026-01-19T07:15:01Z</time></trkpt><trkpt lat="60.223515" lon="24.954763"><ele>24.6</ele><time>2026-01-19T07:15:02Z</time></trkpt><trkpt lat="60.22351" lon="24.954742"><ele>23.8</ele><time>2026-01-19T07:15:03Z</time></trkpt><trkpt lat="60.22351" lon="24.954712"><ele>24.1</ele><time>2026-01-19T07:15:04Z</time></trkpt><trkpt lat="60.223505" lon="24.954688"><ele>24.5</ele><time>2026-01-19T07:15:05Z</time><extensions><gpxtpx:TrackPointExtension><gpxtpx:hr>100</gpxtpx:hr></gpxtpx:TrackPointExtension></extensions></trkpt><trkpt lat="60.223497" lon="24.954658"><ele>24.6</ele><time>2026-01-19T07:15:06Z</time></trkpt><trkpt lat="60.223493" lon="24.954632"><ele>24.5</ele><time>2026-01-19T07:15:07Z</time></trkpt><trkpt lat="60.223487" lon="24.954602"><ele>24.1</ele><time>2026-01-19T07:15:08Z</time></trkpt><trkpt lat="60.223485" lon="24.954583"><ele>24.1</ele><time>2026-01-19T07:15:09Z</time></trkpt><trkpt lat="60.22349" lon="24.954557"><ele>24.2</ele><time>2026-01-19T07:15:10Z</time><extensions><gpxtpx:TrackPointExtension><gpxtpx:hr>99</gpxtpx:hr></gpxtpx:TrackPointExtension></extensions></trkpt><trkpt lat="60.223485" lon="24.954528"><ele>24.7</ele><time>2026-01-19T07:15:11Z</time><extensions><gpxtpx:TrackPointExtension><gpxtpx:hr>99</gpxtpx:hr></gpxtpx:TrackPointExtension></extensions></trkpt><trkpt lat="60.223483" lon="24.954503"><ele>24.4</ele><time>2026-01-19T07:15:12Z</time></trkpt><trkpt lat="60.22348" lon="24.954478"><ele>24.7</ele><time>2026-01-19T07:15:13Z</time></trkpt><trkpt lat="60.223478" lon="24.954455"><ele>24.3</ele><time>2026-01-19T07:15:14Z</time></trkpt><trkpt lat="60.22348" lon="24.954425"><ele>24.4</ele><time>2026-01-19T07:15:15Z</time></trkpt><trkpt lat="60.223475" lon="24.954402"><ele>24.1</ele><time>2026-01-19T07:15:16Z</time></trkpt><trkpt lat="60.223468" lon="24.954388"><ele>23.8</ele><time>2026-01-19T07:15:17Z</time><extensions><gpxtpx:TrackPointExtension><gpxtpx:hr>97</gpxtpx:hr></gpxtpx:TrackPointExtension></extensions></trkpt><trkpt lat="60.223462" lon="24.954372"><ele>24.1</ele><time>2026-01-19T07:15:18Z</time></trkpt><trkpt lat="60.223467" lon="24.954347"><ele>24.7</ele><time>2026-01-19T07:15:19Z</time></trkpt><trkpt lat="60.223467" lon="24.954308"><ele>25.6</ele><time>2026-01-19T07:15:20Z</time></trkpt><trkpt lat="60.223465" lon="24.954278"><ele>25.8</ele><time>2026-01-19T07:15:21Z</time></trkpt><trkpt lat="60.223463" lon="24.954263"><ele>25.9</ele><time>2026-01-19T07:15:22Z</time></trkpt><trkpt lat="60.223458" lon="24.954228"><ele>25.7</ele><time>2026-01-19T07:15:23Z</time></trkpt><trkpt lat="60.223438" lon="24.954198"><ele>26.5</ele><time>2026-01-19T07:15:24Z</time><extensions><gpxtpx:TrackPointExtension><gpxtpx:hr>94</gpxtpx:hr></gpxtpx:TrackPointExtension></extensions></trkpt><trkpt lat="60.223432" lon="24.954177"><ele>25.8</ele><time>2026-01-19T07:15:25Z</time></trkpt><trkpt lat="60.223427" lon="24.954148"><ele>25.5</ele><time>2026-01-19T07:15:26Z</time><extensions><gpxtpx:TrackPointExtension><gpxtpx:hr>94</gpxtpx:hr></gpxtpx:TrackPointExtension></extensions></trkpt><trkpt lat="60.223425" lon="24.954127"><ele>25.1</ele><time>2026-01-19T07:15:27Z</time></trkpt><trkpt lat="60.223413" lon="24.954102"><ele>24.9</ele><time>2026-01-19T07:15:28Z</time></trkpt><trkpt lat="60.223413" lon="24.954082"><ele>24.7</ele><time>2026-01-19T07:15:29Z</time></trkpt><trkpt lat="60.223415" lon="24.954053"><ele>24.8</ele><time>2026-01-19T07:15:30Z</time></trkpt><trkpt lat="60.223415" lon="24.954027"><ele>25.8</ele><time>2026-01-19T07:15:31Z</time><extensions><gpxtpx:TrackPointExtension><gpxtpx:hr>93</gpxtpx:hr></gpxtpx:TrackPointExtension></extensions></trkpt><trkpt lat="60.223408" lon="24.954003"><ele>25.9</ele><time>2026-01-19T07:15:32Z</time></trkpt><trkpt lat="60.223397" lon="24.953972"><ele>25.7</ele><time>2026-01-19T07:15:33Z</time></trkpt><trkpt lat="60.223393" lon="24.953945"><ele>26.4</ele><time>2026-01-19T07:15:34Z</time></trkpt><trkpt lat="60.223397" lon="24.953915"><ele>26.3</ele><time>2026-01-19T07:15:35Z</time></trkpt><trkpt lat="60.223395" lon="24.953902"><ele>25.7</ele><time>2026-01-19T07:15:36Z</time><extensions><gpxtpx:TrackPointExtension><gpxtpx:hr>94</gpxtpx:hr></gpxtpx:TrackPointExtension></extensions></trkpt><trkpt lat="60.223382" lon="24.953855"><ele>25.6</ele><time>2026-01-19T07:15:37Z</time></trkpt><trkpt lat="60.223377" lon="24.953835"><ele>25.8</ele><time>2026-01-19T07:15:38Z</time></trkpt><trkpt lat="60.223367" lon="24.953803"><ele>26.2</ele><time>2026-01-19T07:15:39Z</time></trkpt><trkpt lat="60.223367" lon="24.953777"><ele>26.3</ele><time>2026-01-19T07:15:40Z</time></trkpt><trkpt lat="60.223357" lon="24.953767"><ele>26.1</ele><time>2026-01-19T07:15:41Z</time></trkpt><trkpt lat="60.223365" lon="24.953733"><ele>27.1</ele><time>2026-01-19T07:15:42Z</time></trkpt><trkpt lat="60.223363" lon="24.953703"><ele>27.3</ele><time>2026-01-19T07:15:43Z</time></trkpt><trkpt lat="60.223372" lon="24.95368"><ele>28.0</ele><time>2026-01-19T07:15:44Z</time></trkpt><trkpt lat="60.223372" lon="24.953657"><ele>28.9</ele><time>2026-01-19T07:15:45Z</time><extensions><gpxtpx:TrackPointExtension><gpxtpx:hr>90</gpxtpx:hr></gpxtpx:TrackPointExtension></extensions></trkpt><trkpt lat="60.223363" lon="24.953638"><ele>28.4</ele><time>2026-01-19T07:15:46Z</time></trkpt><trkpt lat="60.22335" lon="24.953603"><ele>28.0</ele><time>2026-01-19T07:15:47Z</time></trkpt><trkpt lat="60.223345" lon="24.953568"><ele>27.7</ele><time>2026-01-19T07:15:48Z</time></trkpt><trkpt lat="60.223343" lon="24.95353"><ele>27.5</ele><time>2026-01-19T07:15:49Z</time></trkpt><trkpt lat="60.223345" lon="24.953503"><ele>28.8</ele><time>2026-01-19T07:15:50Z</time><extensions><gpxtpx:TrackPointExtension><gpxtpx:hr>90</gpxtpx:hr></gpxtpx:TrackPointExtension></extensions></trkpt><trkpt lat="60.223325" lon="24.953457"><ele>29.5</ele><time>2026-01-19T07:15:51Z</time></trkpt><trkpt lat="60.22333" lon="24.953442"><ele>29.2</ele><time>2026-01-19T07:15:52Z</time></trkpt><trkpt lat="60.223337" lon="24.953413"><ele>28.9</ele><time>2026-01-19T07:15:53Z</time><extensions><gpxtpx:TrackPointExtension><gpxtpx:hr>89</gpxtpx:hr></gpxtpx:TrackPointExtension></extensions></trkpt><trkpt lat="60.223325" lon="24.953407"><ele>28.4</ele><time>2026-01-19T07:15:54Z</time></trkpt><trkpt lat="60.223315" lon="24.953387"><ele>27.9</ele><time>2026-01-19T07:15:55Z</time></trkpt><trkpt lat="60.223312" lon="24.953345"><ele>28.7</ele><time>2026-01-19T07:15:56Z</time><extensions><gpxtpx:TrackPointExtension><gpxtpx:hr>91</gpxtpx:hr></gpxtpx:TrackPointExtension></extensions></trkpt><trkpt lat="60.223302" lon="24.95332"><ele>28.9</ele><time>2026-01-19T07:15:57Z</time></trkpt><trkpt lat="60.223292" lon="24.953293"><ele>29.2</ele><time>2026-01-19T07:15:58Z</time></trkpt><trkpt lat="60.223287" lon="24.953262"><ele>29.4</ele><time>2026-01-19T07:15:59Z</time></trkpt><trkpt lat="60.223278" lon="24.953242"><ele>29.0</ele><time>2026-01-19T07:16:00Z</time></trkpt><trkpt lat="60.223275" lon="24.953227"><ele>29.1</ele><time>2026-01-19T07:16:01Z</time></trkpt><trkpt lat="60.223272" lon="24.953197"><ele>29.1</ele><time>2026-01-19T07:16:02Z</time></trkpt><trkpt lat="60.223267" lon="24.953168"><ele>29.0</ele><time>2026-01-19T07:16:03Z</time></trkpt><trkpt lat="60.22326" lon="24.953147"><ele>28.2</ele><time>2026-01-19T07:16:04Z</time></trkpt><trkpt lat="60.223253" lon="24.953118"><ele>28.1</ele><time>2026-01-19T07:16:05Z</time><extensions><gpxtpx:TrackPointExtension><gpxtpx:hr>92</gpxtpx:hr></gpxtpx:TrackPointExtension></extensions></trkpt><trkpt lat="60.22325" lon="24.9531"><ele>27.4</ele><time>2026-01-19T07:16:06Z</time></trkpt><trkpt lat="60.223243" lon="24.953083"><ele>27.1</ele><time>2026-01-19T07:16:07Z</time></trkpt><trkpt lat="60.223242" lon="24.95306"><ele>27.6</ele><time>2026-01-19T07:16:08Z</time></trkpt><trkpt lat="60.223233" lon="24.953033"><ele>27.6</ele><time>2026-01-19T07:16:09Z</time><extensions><gpxtpx:TrackPointExtension><gpxtpx:hr>92</gpxtpx:hr></gpxtpx:TrackPointExtension></extensions></trkpt><trkpt lat="60.223228" lon="24.953015"><ele>27.3</ele><time>2026-01-19T07:16:10Z</time></trkpt><trkpt lat="60.223222" lon="24.952983"><ele>27.3</ele><time>2026-01-19T07:16:12Z</time><extensions><gpxtpx:TrackPointExtension><gpxtpx:hr>92</gpxtpx:hr></gpxtpx:TrackPointExtension></extensions></trkpt><trkpt lat="60.223213" lon="24.952967"><ele>27.7</ele><time>2026-01-19T07:16:13Z</time></trkpt><trkpt lat="60.223207" lon="24.952938"><ele>28.1</ele><time>2026-01-19T07:16:14Z</time></trkpt><trkpt lat="60.2232" lon="24.952923"><ele>27.3</ele><time>2026-01-19T07:16:15Z</time></trkpt><trkpt lat="60.223188" lon="24.952887"><ele>26.9</ele><time>2026-01-19T07:16:16Z</time></trkpt><trkpt lat="60.223183" lon="24.952858"><ele>26.9</ele><time>2026-01-19T07:16:17Z</time></trkpt><trkpt lat="60.223183" lon="24.952833"><ele>27.8</ele><time>2026-01-19T07:16:18Z</time></trkpt><trkpt lat="60.22318" lon="24.952805"><ele>27.7</ele><time>2026-01-19T07:16:19Z</time></trkpt><trkpt lat="60.22317" lon="24.952775"><ele>28.0</ele><time>2026-01-19T07:16:20Z</time><extensions><gpxtpx:TrackPointExtension><gpxtpx:hr>93</gpxtpx:hr></gpxtpx:TrackPointExtension></extensions></trkpt><trkpt lat="60.223162" lon="24.952742"><ele>27.9</ele><time>2026-01-19T07:16:21Z</time></trkpt><trkpt lat="60.223158" lon="24.952715"><ele>28.2</ele><time>2026-01-19T07:16:22Z</time></trkpt><trkpt lat="60.223153" lon="24.952693"><ele>28.3</ele><time>2026-01-19T07:16:23Z</time></trkpt><trkpt lat="60.223152" lon="24.952673"><ele>28.8</ele><time>2026-01-19T07:16:24Z</time><extensions><gpxtpx:TrackPointExtension><gpxtpx:hr>92</gpxtpx:hr></gpxtpx:TrackPointExtension></extensions></trkpt><trkpt lat="60.223142" lon="24.952648"><ele>28.2</ele><time>2026-01-19T07:16:25Z</time></trkpt><trkpt lat="60.223133" lon="24.952628"><ele>27.9</ele><time>2026-01-19T07:16:26Z</time><extensions><gpxtpx:TrackPointExtension><gpxtpx:hr>91</gpxtpx:hr></gpxtpx:TrackPointExtension></extensions></trkpt><trkpt lat="60.223118" lon="24.9526"><ele>28.3</ele><time>2026-01-19T07:16:27Z</time></trkpt><trkpt lat="60.223112" lon="24.952582"><ele>28.1</ele><time>2026-01-19T07:16:28Z</time></trkpt><trkpt lat="60.2231" lon="24.952552"><ele>28.8</ele><time>2026-01-19T07:16:29Z</time></trkpt><trkpt lat="60.223092" lon="24.952528"><ele>29.1</ele><time>2026-01-19T07:16:30Z</time></trkpt><trkpt lat="60.223085" lon="24.952505"><ele>29.6</ele><time>2026-01-19T07:16:31Z</time></trkpt><trkpt lat="60.223077" lon="24.952492"><ele>29.2</ele><time>2026-01-19T07:16:32Z</time></trkpt><trkpt lat="60.223072" lon="24.952462"><ele>28.7</ele><time>2026-01-19T07:16:32Z</time></trkpt><trkpt lat="60.223062" lon="24.952432"><ele>28.6</ele><time>2026-01-19T07:16:33Z</time></trkpt><trkpt lat="60.223055" lon="24.952422"><ele>28.4</ele><time>2026-01-19T07:16:34Z</time></trkpt><trkpt lat="60.223048" lon="24.952412"><ele>28.4</ele><time>2026-01-19T07:16:35Z</time><extensions><gpxtpx:TrackPointExtension><gpxtpx:hr>90</gpxtpx:hr></gpxtpx:TrackPointExtension></extensions></trkpt><trkpt lat="60.223042" lon="24.952393"><ele>28.6</ele><time>2026-01-19T07:16:36Z</time></trkpt><trkpt lat="60.223035" lon="24.952368"><ele>28.8</ele><time>2026-01-19T07:16:37Z</time></trkpt><trkpt lat="60.223033" lon="24.95235"><ele>29.7</ele><time>2026-01-19T07:16:38Z</time></trkpt><trkpt lat="60.223028" lon="24.952333"><ele>29.9</ele><time>2026-01-19T07:16:39Z</time><extensions><gpxtpx:TrackPointExtension><gpxtpx:hr>90</gpxtpx:hr></gpxtpx:TrackPointExtension></extensions></trkpt><trkpt lat="60.223013" lon="24.952298"><ele>29.1</ele><time>2026-01-19T07:16:40Z</time></trkpt><trkpt lat="60.223003" lon="24.952272"><ele>29.6</ele><time>2026-01-19T07:16:41Z</time></trkpt><trkpt lat="60.222993" lon="24.952257"><ele>29.1</ele><time>2026-01-19T07:16:42Z</time></trkpt><trkpt lat="60.222987" lon="24.952238"><ele>28.8</ele><time>2026-01-19T07:16:43Z</time></trkpt><trkpt lat="60.222977" lon="24.952223"><ele>29.0</ele><time>2026-01-19T07:16:44Z</time></trkpt><trkpt lat="60.222962" lon="24.952198"><ele>29.3</ele><time>2026-01-19T07:16:45Z</time><extensions><gpxtpx:TrackPointExtension><gpxtpx:hr>90</gpxtpx:hr></gpxtpx:TrackPointExtension></extensions></trkpt><trkpt lat="60.222952" lon="24.952172"><ele>29.4</ele><time>2026-01-19T07:16:46Z</time></trkpt><trkpt lat="60.222947" lon="24.95214"><ele>28.8</ele><time>2026-01-19T07:16:47Z</time></trkpt><trkpt lat="60.222947" lon="24.952112"><ele>30.3</ele><time>2026-01-19T07:16:48Z</time></trkpt><trkpt lat="60.222928" lon="24.952097"><ele>29.4</ele><time>2026-01-19T07:16:49Z</time><extensions><gpxtpx:TrackPointExtension><gpxtpx:hr>88</gpxtpx:hr></gpxtpx:TrackPointExtension></extensions></trkpt><trkpt lat="60.222918" lon="24.952072"><ele>28.6</ele><time>2026-01-19T07:16:50Z</time></trkpt><trkpt lat="60.222912" lon="24.95205"><ele>28.0</ele><time>2026-01-19T07:16:51Z</time><extensions><gpxtpx:TrackPointExtension><gpxtpx:hr>87</gpxtpx:hr></gpxtpx:TrackPointExtension></extensions></trkpt><trkpt lat="60.222903" lon="24.952028"><ele>27.6</ele><time>2026-01-19T07:16:52Z</time></trkpt><trkpt lat="60.222892" lon="24.952008"><ele>27.7</ele><time>2026-01-19T07:16:53Z</time></trkpt><trkpt lat="60.222883" lon="24.95199"><ele>27.7</ele><time>2026-01-19T07:16:54Z</time></trkpt><trkpt lat="60.222875" lon="24.951967"><ele>28.0</ele><time>2026-01-19T07:16:55Z</time></trkpt><trkpt lat="60.22287" lon="24.951948"><ele>28.1</ele><time>2026-01-19T07:16:56Z</time></trkpt><trkpt lat="60.222858" lon="24.951942"><ele>28.0</ele><time>2026-01-19T07:16:57Z</time></trkpt><trkpt lat="60.222853" lon="24.951932"><ele>28.8</ele><time>2026-01-19T07:16:58Z</time></trkpt><trkpt lat="60.222848" lon="24.951907"><ele>28.7</ele><time>2026-01-19T07:16:59Z</time></trkpt><trkpt lat="60.222833" lon="24.951883"><ele>28.4</ele><time>2026-01-19T07:17:00Z</time><extensions><gpxtpx:TrackPointExtension><gpxtpx:hr>85</gpxtpx:hr></gpxtpx:TrackPointExtension></extensions></trkpt><trkpt lat="60.222828" lon="24.951872"><ele>27.2</ele><time>2026-01-19T07:17:01Z</time></trkpt><trkpt lat="60.22282" lon="24.951838"><ele>27.5</ele><time>2026-01-19T07:17:02Z</time></trkpt><trkpt lat="60.222807" lon="24.951817"><ele>27.8</ele><time>2026-01-19T07:17:03Z</time></trkpt><trkpt lat="60.222795" lon="24.951793"><ele>27.8</ele><time>2026-01-19T07:17:04Z</time></trkpt><trkpt lat="60.222783" lon="24.951782"><ele>28.2</ele><time>2026-01-19T07:17:05Z</time><extensions><gpxtpx:TrackPointExtension><gpxtpx:hr>85</gpxtpx:hr></gpxtpx:TrackPointExtension></extensions></trkpt><trkpt lat="60.222772" lon="24.95176"><ele>28.2</ele><time>2026-01-19T07:17:06Z</time></trkpt><trkpt lat="60.222768" lon="24.951747"><ele>27.8</ele><time>2026-01-19T07:17:07Z</time><extensions><gpxtpx:TrackPointExtension><gpxtpx:hr>86</gpxtpx:hr></gpxtpx:TrackPointExtension></extensions></trkpt><trkpt lat="60.222762" lon="24.951718"><ele>27.5</ele><time>2026-01-19T07:17:08Z</time></trkpt><trkpt lat="60.222745" lon="24.951692"><ele>27.7</ele><time>2026-01-19T07:17:09Z</time></trkpt><trkpt lat="60.22274" lon="24.951673"><ele>27.8</ele><time>2026-01-19T07:17:10Z</time></trkpt><trkpt lat="60.222735" lon="24.951652"><ele>28.3</ele><time>2026-01-19T07:17:11Z</time></trkpt><trkpt lat="60.222722" lon="24.951633"><ele>28.0</ele><time>2026-01-19T07:17:12Z</time></trkpt><trkpt lat="60.22271" lon="24.95161"><ele>27.1</ele><time>2026-01-19T07:17:13Z</time></trkpt><trkpt lat="60.222695" lon="24.951577"><ele>26.9</ele><time>2026-01-19T07:17:14Z</time></trkpt><trkpt lat="60.22268" lon="24.951557"><ele>27.0</ele><time>2026-01-19T07:17:15Z</time><extensions><gpxtpx:TrackPointExtension><gpxtpx:hr>87</gpxtpx:hr></gpxtpx:TrackPointExtension></extensions></trkpt><trkpt lat="60.222668" lon="24.951538"><ele>26.9</ele><time>2026-01-19T07:17:16Z</time></trkpt><trkpt lat="60.222658" lon="24.951518"><ele>27.2</ele><time>2026-01-19T07:17:17Z</time><extensions><gpxtpx:TrackPointExtension><gpxtpx:hr>87</gpxtpx:hr></gpxtpx:TrackPointExtension></extensions></trkpt><trkpt lat="60.222643" lon="24.951508"><ele>26.9</ele><time>2026-01-19T07:17:18Z</time></trkpt><trkpt lat="60.22263" lon="24.951515"><ele>27.4</ele><time>2026-01-19T07:17:19Z</time></trkpt><trkpt lat="60.222632" lon="24.951508"><ele>27.7</ele><time>2026-01-19T07:17:20Z</time></trkpt><trkpt lat="60.222618" lon="24.951493"><ele>27.8</ele><time>2026-01-19T07:17:21Z</time><extensions><gpxtpx:TrackPointExtension><gpxtpx:hr>88</gpxtpx:hr></gpxtpx:TrackPointExtension></extensions></trkpt><trkpt lat="60.222605" lon="24.951495"><ele>28.4</ele><time>2026-01-19T07:17:22Z</time></trkpt><trkpt lat="60.222588" lon="24.951472"><ele>28.1</ele><time>2026-01-19T07:17:23Z</time></trkpt><trkpt lat="60.222575" lon="24.951455"><ele>27.9</ele><time>2026-01-19T07:17:24Z</time></trkpt><trkpt lat="60.222562" lon="24.951437"><ele>28.0</ele><time>2026-01-19T07:17:25Z</time></trkpt><trkpt lat="60.222552" lon="24.95142"><ele>27.3</ele><time>2026-01-19T07:17:26Z</time><extensions><gpxtpx:TrackPointExtension><gpxtpx:hr>88</gpxtpx:hr></gpxtpx:TrackPointExtension></extensions></trkpt><trkpt lat="60.222545" lon="24.951403"><ele>27.3</ele><time>2026-01-19T07:17:27Z</time></trkpt><trkpt lat="60.222533" lon="24.951385"><ele>27.4</ele><time>2026-01-19T07:17:28Z</time></trkpt><trkpt lat="60.22252" lon="24.951372"><ele>27.7</ele><time>2026-01-19T07:17:29Z</time></trkpt><trkpt lat="60.22251" lon="24.95136"><ele>28.1</ele><time>2026-01-19T07:17:30Z</time></trkpt><trkpt lat="60.222502" lon="24.951347"><ele>28.6</ele><time>2026-01-19T07:17:31Z</time></trkpt><trkpt lat="60.222497" lon="24.951332"><ele>29.2</ele><time>2026-01-19T07:17:32Z</time><extensions><gpxtpx:TrackPointExtension><gpxtpx:hr>89</gpxtpx:hr></gpxtpx:TrackPointExtension></extensions></trkpt><trkpt lat="60.222488" lon="24.951308"><ele>29.6</ele><time>2026-01-19T07:17:33Z</time></trkpt><trkpt lat="60.222475" lon="24.951287"><ele>29.7</ele><time>2026-01-19T07:17:34Z</time></trkpt><trkpt lat="60.222468" lon="24.951263"><ele>29.5</ele><time>2026-01-19T07:17:35Z</time></trkpt><trkpt lat="60.222448" lon="24.951253"><ele>29.1</ele><time>2026-01-19T07:17:36Z</time></trkpt><trkpt lat="60.222437" lon="24.951235"><ele>29.1</ele><time>2026-01-19T07:17:37Z</time></trkpt><trkpt lat="60.222422" lon="24.951212"><ele>29.0</ele><time>2026-01-19T07:17:38Z</time></trkpt><trkpt lat="60.22241" lon="24.951193"><ele>28.7</ele><time>2026-01-19T07:17:39Z</time></trkpt><trkpt lat="60.222393" lon="24.951177"><ele>28.1</ele><time>2026-01-19T07:17:40Z</time><extensions><gpxtpx:TrackPointExtension><gpxtpx:hr>91</gpxtpx:hr></gpxtpx:TrackPointExtension></extensions></trkpt><trkpt lat="60.222387" lon="24.95116"><ele>28.8</ele><time>2026-01-19T07:17:41Z</time></trkpt><trkpt lat="60.222372" lon="24.951147"><ele>29.6</ele><time>2026-01-19T07:17:42Z</time></trkpt><trkpt lat="60.222358" lon="24.951138"><ele>29.6</ele><time>2026-01-19T07:17:43Z</time></trkpt><trkpt lat="60.222345" lon="24.951128"><ele>29.6</ele><time>2026-01-19T07:17:44Z</time></trkpt><trkpt lat="60.222338" lon="24.9511"><ele>29.1</ele><time>2026-01-19T07:17:45Z</time><extensions><gpxtpx:TrackPointExtension><gpxtpx:hr>93</gpxtpx:hr></gpxtpx:TrackPointExtension></extensions></trkpt><trkpt lat="60.222327" lon="24.951093"><ele>29.8</ele><time>2026-01-19T07:17:46Z</time><extensions><gpxtpx:TrackPointExtension><gpxtpx:hr>93</gpxtpx:hr></gpxtpx:TrackPointExtension></extensions></trkpt><trkpt lat="60.222313" lon="24.951072"><ele>28.9</ele><time>2026-01-19T07:17:47Z</time></trkpt><trkpt lat="60.222303" lon="24.951058"><ele>28.9</ele><time>2026-01-19T07:17:48Z</time></trkpt><trkpt lat="60.222292" lon="24.951043"><ele>29.0</ele><time>2026-01-19T07:17:49Z</time></trkpt><trkpt lat="60.22228" lon="24.951042"><ele>28.5</ele><time>2026-01-19T07:17:50Z</time></trkpt><trkpt lat="60.22227" lon="24.95103"><ele>28.3</ele><time>2026-01-19T07:17:51Z</time><extensions><gpxtpx:TrackPointExtension><gpxtpx:hr>91</gpxtpx:hr></gpxtpx:TrackPointExtension></extensions></trkpt><trkpt lat="60.222262" lon="24.951025"><ele>28.5</ele><time>2026-01-19T07:17:52Z</time></trkpt><trkpt lat="60.222252" lon="24.951007"><ele>28.8</ele><time>2026-01-19T07:17:53Z</time></trkpt><trkpt lat="60.222242" lon="24.950993"><ele>29.1</ele><time>2026-01-19T07:17:54Z</time></trkpt><trkpt lat="60.222225" lon="24.950968"><ele>29.0</ele><time>2026-01-19T07:17:55Z</time></trkpt><trkpt lat="60.222217" lon="24.950947"><ele>29.0</ele><time>2026-01-19T07:17:56Z</time><extensions><gpxtpx:TrackPointExtension><gpxtpx:hr>91</gpxtpx:hr></gpxtpx:TrackPointExtension></extensions></trkpt><trkpt lat="60.222212" lon="24.950935"><ele>29.0</ele><time>2026-01-19T07:17:57Z</time></trkpt><trkpt lat="60.222203" lon="24.950922"><ele>28.7</ele><time>2026-01-19T07:17:58Z</time></trkpt><trkpt lat="60.222193" lon="24.950915"><ele>27.8</ele><time>2026-01-19T07:17:59Z</time></trkpt><trkpt lat="60.22218" lon="24.950882"><ele>27.7</ele><time>2026-01-19T07:18:00Z</time></trkpt><trkpt lat="60.222173" lon="24.950853"><ele>27.9</ele><time>2026-01-19T07:18:01Z</time></trkpt><trkpt lat="60.222168" lon="24.950822"><ele>28.4</ele><time>2026-01-19T07:18:02Z</time><extensions><gpxtpx:TrackPointExtension><gpxtpx:hr>92</gpxtpx:hr></gpxtpx:TrackPointExtension></extensions></trkpt><trkpt lat="60.222158" lon="24.950798"><ele>28.7</ele><time>2026-01-19T07:18:03Z</time></trkpt><trkpt lat="60.222148" lon="24.950778"><ele>28.7</ele><time>2026-01-19T07:18:04Z</time></trkpt><trkpt lat="60.222142" lon="24.95076"><ele>29.0</ele><time>2026-01-19T07:18:05Z</time></trkpt><trkpt lat="60.222137" lon="24.950738"><ele>28.6</ele><time>2026-01-19T07:18:06Z</time></trkpt><trkpt lat="60.222133" lon="24.950707"><ele>28.4</ele><time>2026-01-19T07:18:07Z</time></trkpt><trkpt lat="60.222128" lon="24.950675"><ele>29.5</ele><time>2026-01-19T07:18:08Z</time></trkpt><trkpt lat="60.222118" lon="24.950655"><ele>28.4</ele><time>2026-01-19T07:18:09Z</time></trkpt><trkpt lat="60.222112" lon="24.950628"><ele>28.5</ele><time>2026-01-19T07:18:10Z</time><extensions><gpxtpx:TrackPointExtension><gpxtpx:hr>90</gpxtpx:hr></gpxtpx:TrackPointExtension></extensions></trkpt><trkpt lat="60.222103" lon="24.950607"><ele>28.5</ele><time>2026-01-19T07:18:11Z</time></trkpt><trkpt lat="60.2221" lon="24.950578"><ele>29.0</ele><time>2026-01-19T07:18:12Z</time></trkpt><trkpt lat="60.222092" lon="24.950555"><ele>28.6</ele><time>2026-01-19T07:18:13Z</time></trkpt><trkpt lat="60.222087" lon="24.950525"><ele>28.8</ele><time>2026-01-19T07:18:14Z</time><extensions><gpxtpx:TrackPointExtension><gpxtpx:hr>91</gpxtpx:hr></gpxtpx:TrackPointExtension></extensions></trkpt><trkpt lat="60.222083" lon="24.950503"><ele>29.5</ele><time>2026-01-19T07:18:15Z</time></trkpt><trkpt lat="60.222073" lon="24.950483"><ele>28.5</ele><time>2026-01-19T07:18:16Z</time><extensions><gpxtpx:TrackPointExtension><gpxtpx:hr>90</gpxtpx:hr></gpxtpx:TrackPointExtension></extensions></trkpt><trkpt lat="60.222067" lon="24.95046"><ele>28.8</ele><time>2026-01-19T07:18:18Z</time></trkpt><trkpt lat="60.222062" lon="24.950428"><ele>28.4</ele><time>2026-01-19T07:18:19Z</time></trkpt><trkpt lat="60.222053" lon="24.950405"><ele>27.9</ele><time>2026-01-19T07:18:20Z</time></trkpt><trkpt lat="60.222043" lon="24.950385"><ele>27.3</ele><time>2026-01-19T07:18:21Z</time></trkpt><trkpt lat="60.222038" lon="24.950358"><ele>28.1</ele><time>2026-01-19T07:18:22Z</time></trkpt><trkpt lat="60.222028" lon="24.950338"><ele>28.6</ele><time>2026-01-19T07:18:23Z</time></trkpt><trkpt lat="60.222018" lon="24.950322"><ele>28.3</ele><time>2026-01-19T07:18:24Z</time></trkpt><trkpt lat="60.222007" lon="24.95031"><ele>27.6</ele><time>2026-01-19T07:18:25Z</time><extensions><gpxtpx:TrackPointExtension><gpxtpx:hr>89</gpxtpx:hr></gpxtpx:TrackPointExtension></extensions></trkpt><trkpt lat="60.221993" lon="24.950293"><ele>27.5</ele><time>2026-01-19T07:18:26Z</time><extensions><gpxtpx:TrackPointExtension><gpxtpx:hr>89</gpxtpx:hr></gpxtpx:TrackPointExtension></extensions></trkpt><trkpt lat="60.221987" lon="24.950272"><ele>28.4</ele><time>2026-01-19T07:18:27Z</time></trkpt><trkpt lat="60.221978" lon="24.950247"><ele>28.3</ele><time>2026-01-19T07:18:28Z</time></trkpt><trkpt lat="60.221972" lon="24.950213"><ele>28.1</ele><time>2026-01-19T07:18:29Z</time></trkpt><trkpt lat="60.221962" lon="24.95019"><ele>28.0</ele><time>2026-01-19T07:18:30Z</time></trkpt><trkpt lat="60.221953" lon="24.950172"><ele>27.6</ele><time>2026-01-19T07:18:31Z</time></trkpt><trkpt lat="60.221943" lon="24.950153"><ele>27.9</ele><time>2026-01-19T07:18:32Z</time></trkpt><trkpt lat="60.221932" lon="24.950133"><ele>28.2</ele><time>2026-01-19T07:18:33Z</time></trkpt><trkpt lat="60.221928" lon="24.950105"><ele>28.4</ele><time>2026-01-19T07:18:34Z</time><extensions><gpxtpx:TrackPointExtension><gpxtpx:hr>87</gpxtpx:hr></gpxtpx:TrackPointExtension></extensions></trkpt><trkpt lat="60.221922" lon="24.950088"><ele>28.7</ele><time>2026-01-19T07:18:35Z</time></trkpt><trkpt lat="60.22191" lon="24.950067"><ele>29.1</ele><time>2026-01-19T07:18:35Z</time></trkpt><trkpt lat="60.221902" lon="24.950043"><ele>29.1</ele><time>2026-01-19T07:18:36Z</time></trkpt><trkpt lat="60.221888" lon="24.950023"><ele>27.2</ele><time>2026-01-19T07:18:37Z</time></trkpt><trkpt lat="60.22188" lon="24.950002"><ele>28.1</ele><time>2026-01-19T07:18:38Z</time></trkpt><trkpt lat="60.221872" lon="24.949982"><ele>28.6</ele><time>2026-01-19T07:18:39Z</time></trkpt><trkpt lat="60.221865" lon="24.949958"><ele>27.7</ele><time>2026-01-19T07:18:40Z</time><extensions><gpxtpx:TrackPointExtension><gpxtpx:hr>87</gpxtpx:hr></gpxtpx:TrackPointExtension></extensions></trkpt><trkpt lat="60.221858" lon="24.949945"><ele>27.5</ele><time>2026-01-19T07:18:41Z</time></trkpt><trkpt lat="60.221848" lon="24.949912"><ele>27.9</ele><time>2026-01-19T07:18:42Z</time></trkpt><trkpt lat="60.221838" lon="24.949898"><ele>28.5</ele><time>2026-01-19T07:18:43Z</time><extensions><gpxtpx:TrackPointExtension><gpxtpx:hr>87</gpxtpx:hr></gpxtpx:TrackPointExtension></extensions></trkpt><trkpt lat="60.221833" lon="24.949862"><ele>28.6</ele><time>2026-01-19T07:18:44Z</time></trkpt><trkpt lat="60.221823" lon="24.949837"><ele>28.4</ele><time>2026-01-19T07:18:45Z</time></trkpt><trkpt lat="60.221813" lon="24.949818"><ele>28.3</ele><time>2026-01-19T07:18:46Z</time></trkpt><trkpt lat="60.2218" lon="24.9498"><ele>28.6</ele><time>2026-01-19T07:18:47Z</time></trkpt><trkpt lat="60.221793" lon="24.94978"><ele>29.5</ele><time>2026-01-19T07:18:48Z</time></trkpt><trkpt lat="60.221787" lon="24.94975"><ele>28.8</ele><time>2026-01-19T07:18:49Z</time></trkpt><trkpt lat="60.221783" lon="24.949733"><ele>29.4</ele><time>2026-01-19T07:18:50Z</time><extensions><gpxtpx:TrackPointExtension><gpxtpx:hr>86</gpxtpx:hr></gpxtpx:TrackPointExtension></extensions></trkpt><trkpt lat="60.221782" lon="24.949695"><ele>29.3</ele><time>2026-01-19T07:18:51Z</time></trkpt><trkpt lat="60.221777" lon="24.949673"><ele>29.3</ele><time>2026-01-19T07:18:52Z</time></trkpt><trkpt lat="60.221763" lon="24.949658"><ele>28.6</ele><time>2026-01-19T07:18:53Z</time></trkpt><trkpt lat="60.221758" lon="24.949635"><ele>29.0</ele><time>2026-01-19T07:18:54Z</time></trkpt><trkpt lat="60.221753" lon="24.949617"><ele>29.4</ele><time>2026-01-19T07:18:55Z</time><extensions><gpxtpx:TrackPointExtension><gpxtpx:hr>85</gpxtpx:hr></gpxtpx:TrackPointExtension></extensions></trkpt><trkpt lat="60.22175" lon="24.949602"><ele>30.6</ele><time>2026-01-19T07:18:56Z</time><extensions><gpxtpx:TrackPointExtension><gpxtpx:hr>85</gpxtpx:hr></gpxtpx:TrackPointExtension></extensions></trkpt><trkpt lat="60.22175" lon="24.94956"><ele>30.5</ele><time>2026-01-19T07:18:57Z</time></trkpt><trkpt lat="60.22174" lon="24.949527"><ele>30.0</ele><time>2026-01-19T07:18:58Z</time></trkpt><trkpt lat="60.22173" lon="24.949505"><ele>30.8</ele><time>2026-01-19T07:18:59Z</time></trkpt><trkpt lat="60.221735" lon="24.949475"><ele>31.7</ele><time>2026-01-19T07:19:00Z</time></trkpt><trkpt lat="60.221732" lon="24.949457"><ele>31.8</ele><time>2026-01-19T07:19:01Z</time></trkpt><trkpt lat="60.221727" lon="24.949435"><ele>31.8</ele><time>2026-01-19T07:19:02Z</time></trkpt><trkpt lat="60.221718" lon="24.949405"><ele>32.2</ele><time>2026-01-19T07:19:03Z</time></trkpt><trkpt lat="60.221713" lon="24.949382"><ele>32.3</ele><time>2026-01-19T07:19:04Z</time><extensions><gpxtpx:TrackPointExtension><gpxtpx:hr>87</gpxtpx:hr></gpxtpx:TrackPointExtension></extensions></trkpt><trkpt lat="60.221713" lon="24.949353"><ele>32.5</ele><time>2026-01-19T07:19:05Z</time></trkpt><trkpt lat="60.221718" lon="24.949325"><ele>32.6</ele><time>2026-01-19T07:19:06Z</time><extensions><gpxtpx:TrackPointExtension><gpxtpx:hr>87</gpxtpx:hr></gpxtpx:TrackPointExtension></extensions></trkpt><trkpt lat="60.221707" lon="24.949312"><ele>33.1</ele><time>2026-01-19T07:19:07Z</time></trkpt><trkpt lat="60.221712" lon="24.949292"><ele>34.1</ele><time>2026-01-19T07:19:08Z</time></trkpt><trkpt lat="60.22171" lon="24.949267"><ele>34.0</ele><time>2026-01-19T07:19:09Z</time></trkpt><trkpt lat="60.22171" lon="24.949212"><ele>33.9</ele><time>2026-01-19T07:19:10Z</time></trkpt><trkpt lat="60.221708" lon="24.949188"><ele>32.9</ele><time>2026-01-19T07:19:11Z</time></trkpt><trkpt lat="60.22169" lon="24.949177"><ele>33.4</ele><time>2026-01-19T07:19:12Z</time></trkpt><trkpt lat="60.221682" lon="24.949163"><ele>32.9</ele><time>2026-01-19T07:19:13Z</time><extensions><gpxtpx:TrackPointExtension><gpxtpx:hr>89</gpxtpx:hr></gpxtpx:TrackPointExtension></extensions></trkpt><trkpt lat="60.221682" lon="24.949132"><ele>33.0</ele><time>2026-01-19T07:19:14Z</time></trkpt><trkpt lat="60.221663" lon="24.94913"><ele>32.5</ele><time>2026-01-19T07:19:15Z</time></trkpt><trkpt lat="60.221655" lon="24.949088"><ele>33.3</ele><time>2026-01-19T07:19:16Z</time></trkpt><trkpt lat="60.221645" lon="24.94907"><ele>32.7</ele><time>2026-01-19T07:19:17Z</time></trkpt><trkpt lat="60.22164" lon="24.949098"><ele>34.0</ele><time>2026-01-19T07:19:18Z</time></trkpt><trkpt lat="60.221628" lon="24.949083"><ele>34.0</ele><time>2026-01-19T07:19:19Z</time></trkpt><trkpt lat="60.221622" lon="24.949077"><ele>33.1</ele><time>2026-01-19T07:19:20Z</time><extensions><gpxtpx:TrackPointExtension><gpxtpx:hr>91</gpxtpx:hr></gpxtpx:TrackPointExtension></extensions></trkpt><trkpt lat="60.221605" lon="24.949063"><ele>33.0</ele><time>2026-01-19T07:19:21Z</time></trkpt><trkpt lat="60.221598" lon="24.949018"><ele>32.9</ele><time>2026-01-19T07:19:22Z</time><extensions><gpxtpx:TrackPointExtension><gpxtpx:hr>89</gpxtpx:hr></gpxtpx:TrackPointExtension></extensions></trkpt><trkpt lat="60.221587" lon="24.948977"><ele>33.2</ele><time>2026-01-19T07:19:23Z</time></trkpt><trkpt lat="60.22158" lon="24.948942"><ele>33.0</ele><time>2026-01-19T07:19:24Z</time></trkpt><trkpt lat="60.221572" lon="24.948915"><ele>33.8</ele><time>2026-01-19T07:19:25Z</time></trkpt><trkpt lat="60.221557" lon="24.948897"><ele>33.0</ele><time>2026-01-19T07:19:26Z</time><extensions><gpxtpx:TrackPointExtension><gpxtpx:hr>89</gpxtpx:hr></gpxtpx:TrackPointExtension></extensions></trkpt><trkpt lat="60.221558" lon="24.948863"><ele>33.6</ele><time>2026-01-19T07:19:27Z</time></trkpt><trkpt lat="60.221558" lon="24.948842"><ele>33.1</ele><time>2026-01-19T07:19:28Z</time></trkpt><trkpt lat="60.221558" lon="24.948822"><ele>32.4</ele><time>2026-01-19T07:19:29Z</time></trkpt><trkpt lat="60.22156" lon="24.94877"><ele>31.3</ele><time>2026-01-19T07:19:30Z</time></trkpt><trkpt lat="60.221558" lon="24.948753"><ele>31.6</ele><time>2026-01-19T07:19:31Z</time></trkpt><trkpt lat="60.221542" lon="24.94872"><ele>31.3</ele><time>2026-01-19T07:19:32Z</time></trkpt><trkpt lat="60.221527" lon="24.948698"><ele>31.3</ele><time>2026-01-19T07:19:33Z</time></trkpt><trkpt lat="60.221518" lon="24.948667"><ele>29.6</ele><time>2026-01-19T07:19:34Z</time><extensions><gpxtpx:TrackPointExtension><gpxtpx:hr>89</gpxtpx:hr></gpxtpx:TrackPointExtension></extensions></trkpt><trkpt lat="60.221522" lon="24.948628"><ele>29.0</ele><time>2026-01-19T07:19:35Z</time></trkpt><trkpt lat="60.221512" lon="24.948618"><ele>29.6</ele><time>2026-01-19T07:19:36Z</time></trkpt><trkpt lat="60.221513" lon="24.948593"><ele>29.3</ele><time>2026-01-19T07:19:37Z</time></trkpt><trkpt lat="60.221502" lon="24.948557"><ele>27.8</ele><time>2026-01-19T07:19:38Z</time><extensions><gpxtpx:TrackPointExtension><gpxtpx:hr>88</gpxtpx:hr></gpxtpx:TrackPointExtension></extensions></trkpt><trkpt lat="60.22149" lon="24.94853"><ele>27.9</ele><time>2026-01-19T07:19:39Z</time></trkpt><trkpt lat="60.221483" lon="24.948518"><ele>27.8</ele><time>2026-01-19T07:19:40Z</time></trkpt><trkpt lat="60.221478" lon="24.948505"><ele>28.4</ele><time>2026-01-19T07:19:41Z</time></trkpt><trkpt lat="60.221465" lon="24.9485"><ele>28.5</ele><time>2026-01-19T07:19:42Z</time><extensions><gpxtpx:TrackPointExtension><gpxtpx:hr>89</gpxtpx:hr></gpxtpx:TrackPointExtension></extensions></trkpt><trkpt lat="60.221457" lon="24.948485"><ele>28.6</ele><time>2026-01-19T07:19:43Z</time></trkpt><trkpt lat="60.221448" lon="24.948467"><ele>29.2</ele><time>2026-01-19T07:19:44Z</time></trkpt><trkpt lat="60.221445" lon="24.948458"><ele>29.4</ele><time>2026-01-19T07:19:45Z</time></trkpt><trkpt lat="60.221442" lon="24.948438"><ele>29.2</ele><time>2026-01-19T07:19:46Z</time></trkpt><trkpt lat="60.221437" lon="24.948413"><ele>28.4</ele><time>2026-01-19T07:19:47Z</time></trkpt><trkpt lat="60.221433" lon="24.948382"><ele>28.3</ele><time>2026-01-19T07:19:48Z</time></trkpt><trkpt lat="60.221435" lon="24.948373"><ele>28.3</ele><time>2026-01-19T07:19:49Z</time></trkpt><trkpt lat="60.221437" lon="24.94836"><ele>28.0</ele><time>2026-01-19T07:19:50Z</time><extensions><gpxtpx:TrackPointExtension><gpxtpx:hr>88</gpxtpx:hr></gpxtpx:TrackPointExtension></extensions></trkpt><trkpt lat="60.221427" lon="24.94836"><ele>28.3</ele><time>2026-01-19T07:19:51Z</time></trkpt><trkpt lat="60.221427" lon="24.948303"><ele>28.4</ele><time>2026-01-19T07:19:52Z</time></trkpt><trkpt lat="60.221422" lon="24.94826"><ele>29.0</ele><time>2026-01-19T07:19:53Z</time><extensions><gpxtpx:TrackPointExtension><gpxtpx:hr>87</gpxtpx:hr></gpxtpx:TrackPointExtension></extensions></trkpt><trkpt lat="60.221413" lon="24.948235"><ele>29.9</ele><time>2026-01-19T07:19:54Z</time></trkpt><trkpt lat="60.221408" lon="24.948205"><ele>29.7</ele><time>2026-01-19T07:19:55Z</time></trkpt><trkpt lat="60.221402" lon="24.94818"><ele>29.4</ele><time>2026-01-19T07:19:56Z</time></trkpt><trkpt lat="60.221388" lon="24.948162"><ele>28.8</ele><time>2026-01-19T07:19:57Z</time><extensions><gpxtpx:TrackPointExtension><gpxtpx:hr>88</gpxtpx:hr></gpxtpx:TrackPointExtension></extensions></trkpt><trkpt lat="60.22138" lon="24.948163"><ele>29.4</ele><time>2026-01-19T07:19:58Z</time></trkpt><trkpt lat="60.221358" lon="24.948152"><ele>29.7</ele><time>2026-01-19T07:19:59Z</time></trkpt><trkpt lat="60.221347" lon="24.948135"><ele>29.8</ele><time>2026-01-19T07:20:00Z</time></trkpt><trkpt lat="60.221332" lon="24.948095"><ele>30.0</ele><time>2026-01-19T07:20:01Z</time></trkpt><trkpt lat="60.221323" lon="24.948078"><ele>30.0</ele><time>2026-01-19T07:20:02Z</time></trkpt><trkpt lat="60.2213" lon="24.948098"><ele>29.4</ele><time>2026-01-19T07:20:03Z</time></trkpt><trkpt lat="60.221288" lon="24.948077"><ele>29.6</ele><time>2026-01-19T07:20:04Z</time><extensions><gpxtpx:TrackPointExtension><gpxtpx:hr>88</gpxtpx:hr></gpxtpx:TrackPointExtension></extensions></trkpt><trkpt lat="60.221282" lon="24.948068"><ele>29.9</ele><time>2026-01-19T07:20:05Z</time></trkpt><trkpt lat="60.221265" lon="24.948072"><ele>30.3</ele><time>2026-01-19T07:20:06Z</time><extensions><gpxtpx:TrackPointExtension><gpxtpx:hr>88</gpxtpx:hr></gpxtpx:TrackPointExtension></extensions></trkpt><trkpt lat="60.221263" lon="24.948055"><ele>30.1</ele><time>2026-01-19T07:20:07Z</time></trkpt><trkpt lat="60.221255" lon="24.948038"><ele>29.8</ele><time>2026-01-19T07:20:08Z</time></trkpt><trkpt lat="60.22125" lon="24.948042"><ele>30.7</ele><time>2026-01-19T07:20:09Z</time></trkpt><trkpt lat="60.221268" lon="24.947988"><ele>31.4</ele><time>2026-01-19T07:20:12Z</time><extensions><gpxtpx:TrackPointExtension><gpxtpx:hr>88</gpxtpx:hr></gpxtpx:TrackPointExtension></extensions></trkpt><trkpt lat="60.221275" lon="24.947948"><ele>31.5</ele><time>2026-01-19T07:20:13Z</time></trkpt><trkpt lat="60.221268" lon="24.947913"><ele>31.2</ele><time>2026-01-19T07:20:14Z</time></trkpt><trkpt lat="60.221268" lon="24.947907"><ele>32.1</ele><time>2026-01-19T07:20:15Z</time></trkpt><trkpt lat="60.221285" lon="24.94789"><ele>31.9</ele><time>2026-01-19T07:20:16Z</time><extensions><gpxtpx:TrackPointExtension><gpxtpx:hr>89</gpxtpx:hr></gpxtpx:TrackPointExtension></extensions></trkpt><trkpt lat="60.22128" lon="24.94789"><ele>32.4</ele><time>2026-01-19T07:20:17Z</time></trkpt><trkpt lat="60.22127" lon="24.947887"><ele>32.6</ele><time>2026-01-19T07:20:18Z</time></trkpt><trkpt lat="60.221252" lon="24.947855"><ele>33.6</ele><time>2026-01-19T07:20:19Z</time></trkpt><trkpt lat="60.221253" lon="24.947837"><ele>34.4</ele><time>2026-01-19T07:20:20Z</time></trkpt><trkpt lat="60.22125" lon="24.947827"><ele>34.8</ele><time>2026-01-19T07:20:21Z</time><extensions><gpxtpx:TrackPointExtension><gpxtpx:hr>92</gpxtpx:hr></gpxtpx:TrackPointExtension></extensions></trkpt><trkpt lat="60.221243" lon="24.947797"><ele>34.4</ele><time>2026-01-19T07:20:22Z</time></trkpt><trkpt lat="60.22122" lon="24.947777"><ele>35.2</ele><time>2026-01-19T07:20:24Z</time></trkpt><trkpt lat="60.221202" lon="24.947762"><ele>37.3</ele><time>2026-01-19T07:20:25Z</time></trkpt><trkpt lat="60.221188" lon="24.947758"><ele>38.4</ele><time>2026-01-19T07:20:26Z</time></trkpt><trkpt lat="60.221167" lon="24.94775"><ele>39.5</ele><time>2026-01-19T07:20:27Z</time></trkpt><trkpt lat="60.221145" lon="24.947747"><ele>40.1</ele><time>2026-01-19T07:20:28Z</time></trkpt><trkpt lat="60.221132" lon="24.947757"><ele>40.6</ele><time>2026-01-19T07:20:29Z</time></trkpt><trkpt lat="60.221122" lon="24.94776"><ele>42.1</ele><time>2026-01-19T07:20:30Z</time><extensions><gpxtpx:TrackPointExtension><gpxtpx:hr>94</gpxtpx:hr></gpxtpx:TrackPointExtension></extensions></trkpt><trkpt lat="60.221117" lon="24.94779"><ele>44.2</ele><time>2026-01-19T07:20:31Z</time><extensions><gpxtpx:TrackPointExtension><gpxtpx:hr>92</gpxtpx:hr></gpxtpx:TrackPointExtension></extensions></trkpt><trkpt lat="60.221107" lon="24.947808"><ele>44.9</ele><time>2026-01-19T07:20:32Z</time></trkpt><trkpt lat="60.221105" lon="24.94786"><ele>44.8</ele><time>2026-01-19T07:20:33Z</time></trkpt><trkpt lat="60.221093" lon="24.947873"><ele>45.2</ele><time>2026-01-19T07:20:34Z</time></trkpt><trkpt lat="60.22108" lon="24.947883"><ele>45.7</ele><time>2026-01-19T07:20:35Z</time></trkpt><trkpt lat="60.221065" lon="24.947885"><ele>46.3</ele><time>2026-01-19T07:20:36Z</time><extensions><gpxtpx:TrackPointExtension><gpxtpx:hr>92</gpxtpx:hr></gpxtpx:TrackPointExtension></extensions></trkpt><trkpt lat="60.221045" lon="24.947873"><ele>46.5</ele><time>2026-01-19T07:20:37Z</time></trkpt><trkpt lat="60.22103" lon="24.947897"><ele>45.9</ele><time>2026-01-19T07:20:38Z</time></trkpt><trkpt lat="60.221013" lon="24.947895"><ele>47.1</ele><time>2026-01-19T07:20:38Z</time></trkpt><trkpt lat="60.221003" lon="24.947932"><ele>45.8</ele><time>2026-01-19T07:20:39Z</time></trkpt><trkpt lat="60.220992" lon="24.947957"><ele>45.8</ele><time>2026-01-19T07:20:40Z</time></trkpt><trkpt lat="60.220968" lon="24.947938"><ele>46.2</ele><time>2026-01-19T07:20:41Z</time></trkpt><trkpt lat="60.220955" lon="24.947942"><ele>45.9</ele><time>2026-01-19T07:20:42Z</time><extensions><gpxtpx:TrackPointExtension><gpxtpx:hr>92</gpxtpx:hr></gpxtpx:TrackPointExtension></extensions></trkpt><trkpt lat="60.220945" lon="24.947973"><ele>46.2</ele><time>2026-01-19T07:20:43Z</time></trkpt><trkpt lat="60.220933" lon="24.948002"><ele>46.3</ele><time>2026-01-19T07:20:44Z</time></trkpt><trkpt lat="60.220923" lon="24.94803"><ele>46.1</ele><time>2026-01-19T07:20:45Z</time></trkpt><trkpt lat="60.220915" lon="24.948055"><ele>45.7</ele><time>2026-01-19T07:20:46Z</time><extensions><gpxtpx:TrackPointExtension><gpxtpx:hr>94</gpxtpx:hr></gpxtpx:TrackPointExtension></extensions></trkpt><trkpt lat="60.220902" lon="24.948062"><ele>45.8</ele><time>2026-01-19T07:20:47Z</time></trkpt><trkpt lat="60.22089" lon="24.948075"><ele>46.4</ele><time>2026-01-19T07:20:48Z</time></trkpt><trkpt lat="60.220883" lon="24.9481"><ele>45.9</ele><time>2026-01-19T07:20:49Z</time></trkpt><trkpt lat="60.220877" lon="24.948123"><ele>45.8</ele><time>2026-01-19T07:20:50Z</time></trkpt><trkpt lat="60.220862" lon="24.948137"><ele>45.5</ele><time>2026-01-19T07:20:51Z</time></trkpt><trkpt lat="60.220853" lon="24.94816"><ele>45.3</ele><time>2026-01-19T07:20:52Z</time></trkpt><trkpt lat="60.220848" lon="24.948183"><ele>44.6</ele><time>2026-01-19T07:20:53Z</time></trkpt><trkpt lat="60.220835" lon="24.948193"><ele>44.0</ele><time>2026-01-19T07:20:54Z</time></trkpt><trkpt lat="60.220822" lon="24.948217"><ele>43.2</ele><time>2026-01-19T07:20:55Z</time><extensions><gpxtpx:TrackPointExtension><gpxtpx:hr>91</gpxtpx:hr></gpxtpx:TrackPointExtension></extensions></trkpt><trkpt lat="60.220812" lon="24.94822"><ele>42.9</ele><time>2026-01-19T07:20:56Z</time></trkpt><trkpt lat="60.220802" lon="24.948248"><ele>42.5</ele><time>2026-01-19T07:20:57Z</time><extensions><gpxtpx:TrackPointExtension><gpxtpx:hr>90</gpxtpx:hr></gpxtpx:TrackPointExtension></extensions></trkpt><trkpt lat="60.220802" lon="24.948217"><ele>42.0</ele><time>2026-01-19T07:20:58Z</time></trkpt><trkpt lat="60.220793" lon="24.948232"><ele>41.1</ele><time>2026-01-19T07:20:59Z</time></trkpt><trkpt lat="60.220777" lon="24.94825"><ele>41.3</ele><time>2026-01-19T07:21:00Z</time></trkpt><trkpt lat="60.220748" lon="24.948262"><ele>41.6</ele><time>2026-01-19T07:21:01Z</time></trkpt><trkpt lat="60.22074" lon="24.948272"><ele>41.1</ele><time>2026-01-19T07:21:02Z</time></trkpt><trkpt lat="60.220723" lon="24.948272"><ele>40.7</ele><time>2026-01-19T07:21:03Z</time></trkpt><trkpt lat="60.220705" lon="24.948272"><ele>39.9</ele><time>2026-01-19T07:21:04Z</time></trkpt><trkpt lat="60.220693" lon="24.948268"><ele>40.2</ele><time>2026-01-19T07:21:05Z</time><extensions><gpxtpx:TrackPointExtension><gpxtpx:hr>88</gpxtpx:hr></gpxtpx:TrackPointExtension></extensions></trkpt><trkpt lat="60.220673" lon="24.948232"><ele>40.4</ele><time>2026-01-19T07:21:06Z</time><extensions><gpxtpx:TrackPointExtension><gpxtpx:hr>88</gpxtpx:hr></gpxtpx:TrackPointExtension></extensions></trkpt><trkpt lat="60.220655" lon="24.948245"><ele>40.5</ele><time>2026-01-19T07:21:07Z</time></trkpt><trkpt lat="60.22064" lon="24.948255"><ele>40.6</ele><time>2026-01-19T07:21:08Z</time></trkpt><trkpt lat="60.220622" lon="24.948275"><ele>41.1</ele><time>2026-01-19T07:21:09Z</time></trkpt><trkpt lat="60.220615" lon="24.948325"><ele>40.4</ele><time>2026-01-19T07:21:10Z</time></trkpt><trkpt lat="60.220612" lon="24.948375"><ele>39.8</ele><time>2026-01-19T07:21:11Z</time><extensions><gpxtpx:TrackPointExtension><gpxtpx:hr>88</gpxtpx:hr></gpxtpx:TrackPointExtension></extensions></trkpt><trkpt lat="60.220602" lon="24.948407"><ele>39.3</ele><time>2026-01-19T07:21:12Z</time></trkpt><trkpt lat="60.220592" lon="24.948428"><ele>39.4</ele><time>2026-01-19T07:21:13Z</time></trkpt><trkpt lat="60.220578" lon="24.948438"><ele>39.6</ele><time>2026-01-19T07:21:14Z</time></trkpt><trkpt lat="60.220568" lon="24.948462"><ele>38.7</ele><time>2026-01-19T07:21:15Z</time></trkpt><trkpt lat="60.220558" lon="24.948487"><ele>38.5</ele><time>2026-01-19T07:21:16Z</time></trkpt><trkpt lat="60.220547" lon="24.948503"><ele>37.7</ele><time>2026-01-19T07:21:17Z</time></trkpt><trkpt lat="60.220535" lon="24.948512"><ele>37.1</ele><time>2026-01-19T07:21:18Z</time></trkpt><trkpt lat="60.220522" lon="24.948518"><ele>36.3</ele><time>2026-01-19T07:21:19Z</time></trkpt><trkpt lat="60.220507" lon="24.948535"><ele>36.5</ele><time>2026-01-19T07:21:20Z</time><extensions><gpxtpx:TrackPointExtension><gpxtpx:hr>87</gpxtpx:hr></gpxtpx:TrackPointExtension></extensions></trkpt><trkpt lat="60.220498" lon="24.948557"><ele>36.5</ele><time>2026-01-19T07:21:21Z</time></trkpt><trkpt lat="60.22049" lon="24.948577"><ele>36.4</ele><time>2026-01-19T07:21:22Z</time></trkpt><trkpt lat="60.220478" lon="24.948592"><ele>35.7</ele><time>2026-01-19T07:21:23Z</time></trkpt><trkpt lat="60.220467" lon="24.948605"><ele>35.7</ele><time>2026-01-19T07:21:24Z</time></trkpt><trkpt lat="60.220457" lon="24.948618"><ele>35.6</ele><time>2026-01-19T07:21:25Z</time><extensions><gpxtpx:TrackPointExtension><gpxtpx:hr>88</gpxtpx:hr></gpxtpx:TrackPointExtension></extensions></trkpt><trkpt lat="60.220443" lon="24.948627"><ele>35.2</ele><time>2026-01-19T07:21:26Z</time></trkpt><trkpt lat="60.220428" lon="24.948635"><ele>35.1</ele><time>2026-01-19T07:21:27Z</time><extensions><gpxtpx:TrackPointExtension><gpxtpx:hr>89</gpxtpx:hr></gpxtpx:TrackPointExtension></extensions></trkpt><trkpt lat="60.220417" lon="24.948638"><ele>34.5</ele><time>2026-01-19T07:21:28Z</time></trkpt><trkpt lat="60.220403" lon="24.948638"><ele>34.9</ele><time>2026-01-19T07:21:29Z</time></trkpt><trkpt lat="60.220393" lon="24.948638"><ele>34.7</ele><time>2026-01-19T07:21:30Z</time></trkpt><trkpt lat="60.220385" lon="24.948652"><ele>35.0</ele><time>2026-01-19T07:21:31Z</time></trkpt><trkpt lat="60.220372" lon="24.94866"><ele>35.4</ele><time>2026-01-19T07:21:32Z</time></trkpt><trkpt lat="60.220363" lon="24.94868"><ele>35.7</ele><time>2026-01-19T07:21:33Z</time></trkpt><trkpt lat="60.220353" lon="24.94869"><ele>35.8</ele><time>2026-01-19T07:21:34Z</time></trkpt><trkpt lat="60.220342" lon="24.948697"><ele>36.1</ele><time>2026-01-19T07:21:35Z</time><extensions><gpxtpx:TrackPointExtension><gpxtpx:hr>88</gpxtpx:hr></gpxtpx:TrackPointExtension></extensions></trkpt><trkpt lat="60.220327" lon="24.948712"><ele>35.8</ele><time>2026-01-19T07:21:36Z</time></trkpt><trkpt lat="60.220312" lon="24.94872"><ele>35.1</ele><time>2026-01-19T07:21:37Z</time></trkpt><trkpt lat="60.220298" lon="24.948732"><ele>34.9</ele><time>2026-01-19T07:21:38Z</time><extensions><gpxtpx:TrackPointExtension><gpxtpx:hr>87</gpxtpx:hr></gpxtpx:TrackPointExtension></extensions></trkpt><trkpt lat="60.220287" lon="24.948742"><ele>34.4</ele><time>2026-01-19T07:21:39Z</time></trkpt><trkpt lat="60.220272" lon="24.948747"><ele>34.6</ele><time>2026-01-19T07:21:40Z</time></trkpt><trkpt lat="60.220262" lon="24.948765"><ele>34.6</ele><time>2026-01-19T07:21:41Z</time></trkpt><trkpt lat="60.220248" lon="24.948777"><ele>34.3</ele><time>2026-01-19T07:21:42Z</time></trkpt><trkpt lat="60.220233" lon="24.948773"><ele>34.6</ele><time>2026-01-19T07:21:43Z</time></trkpt><trkpt lat="60.22022" lon="24.94878"><ele>35.1</ele><time>2026-01-19T07:21:44Z</time></trkpt><trkpt lat="60.220207" lon="24.948785"><ele>34.7</ele><time>2026-01-19T07:21:45Z</time><extensions><gpxtpx:TrackPointExtension><gpxtpx:hr>87</gpxtpx:hr></gpxtpx:TrackPointExtension></extensions></trkpt><trkpt lat="60.220193" lon="24.94879"><ele>34.5</ele><time>2026-01-19T07:21:46Z</time></trkpt><trkpt lat="60.22018" lon="24.948795"><ele>34.7</ele><time>2026-01-19T07:21:47Z</time></trkpt><trkpt lat="60.220165" lon="24.948802"><ele>34.3</ele><time>2026-01-19T07:21:48Z</time></trkpt><trkpt lat="60.220153" lon="24.948798"><ele>34.6</ele><time>2026-01-19T07:21:49Z</time><extensions><gpxtpx:TrackPointExtension><gpxtpx:hr>88</gpxtpx:hr></gpxtpx:TrackPointExtension></extensions></trkpt><trkpt lat="60.22014" lon="24.948775"><ele>34.6</ele><time>2026-01-19T07:21:50Z</time></trkpt><trkpt lat="60.22013" lon="24.94877"><ele>35.1</ele><time>2026-01-19T07:21:51Z</time><extensions><gpxtpx:TrackPointExtension><gpxtpx:hr>89</gpxtpx:hr></gpxtpx:TrackPointExtension></extensions></trkpt><trkpt lat="60.220115" lon="24.948787"><ele>35.6</ele><time>2026-01-19T07:21:52Z</time></trkpt><trkpt lat="60.220103" lon="24.9488"><ele>36.2</ele><time>2026-01-19T07:21:53Z</time></trkpt><trkpt lat="60.220095" lon="24.94881"><ele>36.9</ele><time>2026-01-19T07:21:54Z</time></trkpt><trkpt lat="60.220087" lon="24.948823"><ele>37.6</ele><time>2026-01-19T07:21:55Z</time></trkpt><trkpt lat="60.22008" lon="24.948833"><ele>37.6</ele><time>2026-01-19T07:21:56Z</time></trkpt><trkpt lat="60.220062" lon="24.948843"><ele>37.2</ele><time>2026-01-19T07:21:57Z</time></trkpt><trkpt lat="60.220052" lon="24.948855"><ele>37.3</ele><time>2026-01-19T07:21:58Z</time></trkpt><trkpt lat="60.22004" lon="24.948877"><ele>36.7</ele><time>2026-01-19T07:21:59Z</time></trkpt><trkpt lat="60.220027" lon="24.948877"><ele>36.4</ele><time>2026-01-19T07:22:00Z</time><extensions><gpxtpx:TrackPointExtension><gpxtpx:hr>90</gpxtpx:hr></gpxtpx:TrackPointExtension></extensions></trkpt><trkpt lat="60.220013" lon="24.94888"><ele>36.6</ele><time>2026-01-19T07:22:01Z</time></trkpt><trkpt lat="60.219998" lon="24.948877"><ele>36.9</ele><time>2026-01-19T07:22:02Z</time></trkpt><trkpt lat="60.219983" lon="24.9489"><ele>36.3</ele><time>2026-01-19T07:22:03Z</time><extensions><gpxtpx:TrackPointExtension><gpxtpx:hr>90</gpxtpx:hr></gpxtpx:TrackPointExtension></extensions></trkpt><trkpt lat="60.219975" lon="24.948922"><ele>36.5</ele><time>2026-01-19T07:22:04Z</time></trkpt><trkpt lat="60.219972" lon="24.948945"><ele>35.3</ele><time>2026-01-19T07:22:05Z</time></trkpt><trkpt lat="60.219967" lon="24.948953"><ele>35.3</ele><time>2026-01-19T07:22:06Z</time><extensions><gpxtpx:TrackPointExtension><gpxtpx:hr>90</gpxtpx:hr></gpxtpx:TrackPointExtension></extensions></trkpt><trkpt lat="60.219958" lon="24.948975"><ele>36.1</ele><time>2026-01-19T07:22:07Z</time></trkpt><trkpt lat="60.219952" lon="24.948995"><ele>36.2</ele><time>2026-01-19T07:22:08Z</time></trkpt><trkpt lat="60.219948" lon="24.94902"><ele>36.4</ele><time>2026-01-19T07:22:09Z</time></trkpt><trkpt lat="60.219947" lon="24.949047"><ele>36.7</ele><time>2026-01-19T07:22:10Z</time></trkpt><trkpt lat="60.21995" lon="24.949077"><ele>36.6</ele><time>2026-01-19T07:22:11Z</time></trkpt><trkpt lat="60.219952" lon="24.949103"><ele>36.8</ele><time>2026-01-19T07:22:12Z</time><extensions><gpxtpx:TrackPointExtension><gpxtpx:hr>94</gpxtpx:hr></gpxtpx:TrackPointExtension></extensions></trkpt><trkpt lat="60.219953" lon="24.949127"><ele>36.8</ele><time>2026-01-19T07:22:13Z</time></trkpt><trkpt lat="60.219955" lon="24.949153"><ele>37.2</ele><time>2026-01-19T07:22:14Z</time></trkpt><trkpt lat="60.219957" lon="24.949183"><ele>37.1</ele><time>2026-01-19T07:22:15Z</time></trkpt><trkpt lat="60.219957" lon="24.949208"><ele>37.5</ele><time>2026-01-19T07:22:16Z</time></trkpt><trkpt lat="60.219953" lon="24.94924"><ele>37.5</ele><time>2026-01-19T07:22:17Z</time><extensions><gpxtpx:TrackPointExtension><gpxtpx:hr>92</gpxtpx:hr></gpxtpx:TrackPointExtension></extensions></trkpt><trkpt lat="60.219953" lon="24.949268"><ele>37.9</ele><time>2026-01-19T07:22:18Z</time></trkpt><trkpt lat="60.219952" lon="24.949298"><ele>37.7</ele><time>2026-01-19T07:22:19Z</time></trkpt><trkpt lat="60.219948" lon="24.949318"><ele>38.3</ele><time>2026-01-19T07:22:20Z</time></trkpt><trkpt lat="60.219953" lon="24.949347"><ele>38.7</ele><time>2026-01-19T07:22:21Z</time></trkpt><trkpt lat="60.219955" lon="24.949363"><ele>38.7</ele><time>2026-01-19T07:22:22Z</time></trkpt><trkpt lat="60.219958" lon="24.949392"><ele>38.6</ele><time>2026-01-19T07:22:23Z</time></trkpt><trkpt lat="60.219962" lon="24.949423"><ele>38.0</ele><time>2026-01-19T07:22:24Z</time></trkpt><trkpt lat="60.219967" lon="24.949443"><ele>38.3</ele><time>2026-01-19T07:22:25Z</time><extensions><gpxtpx:TrackPointExtension><gpxtpx:hr>93</gpxtpx:hr></gpxtpx:TrackPointExtension></extensions></trkpt><trkpt lat="60.219967" lon="24.94947"><ele>38.0</ele><time>2026-01-19T07:22:26Z</time><extensions><gpxtpx:TrackPointExtension><gpxtpx:hr>93</gpxtpx:hr></gpxtpx:TrackPointExtension></extensions></trkpt><trkpt lat="60.219975" lon="24.949498"><ele>38.4</ele><time>2026-01-19T07:22:27Z</time></trkpt><trkpt lat="60.219967" lon="24.949525"><ele>38.7</ele><time>2026-01-19T07:22:28Z</time></trkpt><trkpt lat="60.219963" lon="24.949555"><ele>38.6</ele><time>2026-01-19T07:22:30Z</time></trkpt><trkpt lat="60.219957" lon="24.949597"><ele>38.4</ele><time>2026-01-19T07:22:31Z</time></trkpt><trkpt lat="60.219957" lon="24.94963"><ele>37.9</ele><time>2026-01-19T07:22:32Z</time></trkpt><trkpt lat="60.219957" lon="24.949657"><ele>38.4</ele><time>2026-01-19T07:22:33Z</time></trkpt><trkpt lat="60.219953" lon="24.949673"><ele>38.6</ele><time>2026-01-19T07:22:34Z</time><extensions><gpxtpx:TrackPointExtension><gpxtpx:hr>92</gpxtpx:hr></gpxtpx:TrackPointExtension></extensions></trkpt><trkpt lat="60.219953" lon="24.949693"><ele>38.7</ele><time>2026-01-19T07:22:35Z</time></trkpt><trkpt lat="60.219957" lon="24.949717"><ele>38.6</ele><time>2026-01-19T07:22:36Z</time><extensions><gpxtpx:TrackPointExtension><gpxtpx:hr>93</gpxtpx:hr></gpxtpx:TrackPointExtension></extensions></trkpt><trkpt lat="60.219953" lon="24.949733"><ele>38.6</ele><time>2026-01-19T07:22:37Z</time></trkpt><trkpt lat="60.21995" lon="24.949755"><ele>39.1</ele><time>2026-01-19T07:22:38Z</time></trkpt><trkpt lat="60.219948" lon="24.949783"><ele>39.5</ele><time>2026-01-19T07:22:39Z</time></trkpt><trkpt lat="60.21995" lon="24.949815"><ele>39.0</ele><time>2026-01-19T07:22:40Z</time></trkpt><trkpt lat="60.219957" lon="24.94982"><ele>38.9</ele><time>2026-01-19T07:22:41Z</time></trkpt><trkpt lat="60.219963" lon="24.949857"><ele>38.3</ele><time>2026-01-19T07:22:42Z</time></trkpt><trkpt lat="60.219963" lon="24.94989"><ele>38.0</ele><time>2026-01-19T07:22:43Z</time></trkpt><trkpt lat="60.219967" lon="24.94992"><ele>37.9</ele><time>2026-01-19T07:22:44Z</time><extensions><gpxtpx:TrackPointExtension><gpxtpx:hr>98</gpxtpx:hr></gpxtpx:TrackPointExtension></extensions></trkpt><trkpt lat="60.219973" lon="24.949943"><ele>38.2</ele><time>2026-01-19T07:22:44Z</time></trkpt><trkpt lat="60.219963" lon="24.949967"><ele>38.2</ele><time>2026-01-19T07:22:45Z</time></trkpt><trkpt lat="60.219965" lon="24.949998"><ele>38.0</ele><time>2026-01-19T07:22:46Z</time></trkpt><trkpt lat="60.219968" lon="24.950028"><ele>37.6</ele><time>2026-01-19T07:22:47Z</time></trkpt><trkpt lat="60.219963" lon="24.950055"><ele>37.7</ele><time>2026-01-19T07:22:48Z</time></trkpt><trkpt lat="60.219958" lon="24.950082"><ele>37.9</ele><time>2026-01-19T07:22:49Z</time></trkpt><trkpt lat="60.219957" lon="24.950105"><ele>37.4</ele><time>2026-01-19T07:22:50Z</time></trkpt><trkpt lat="60.219962" lon="24.950128"><ele>37.5</ele><time>2026-01-19T07:22:51Z</time></trkpt><trkpt lat="60.219962" lon="24.950155"><ele>37.5</ele><time>2026-01-19T07:22:52Z</time></trkpt><trkpt lat="60.219957" lon="24.950178"><ele>37.6</ele><time>2026-01-19T07:22:53Z</time></trkpt><trkpt lat="60.219955" lon="24.950192"><ele>37.6</ele><time>2026-01-19T07:22:54Z</time></trkpt><trkpt lat="60.219952" lon="24.950213"><ele>37.3</ele><time>2026-01-19T07:22:55Z</time><extensions><gpxtpx:TrackPointExtension><gpxtpx:hr>91</gpxtpx:hr></gpxtpx:TrackPointExtension></extensions></trkpt><trkpt lat="60.219958" lon="24.950248"><ele>37.0</ele><time>2026-01-19T07:22:56Z</time></trkpt><trkpt lat="60.219955" lon="24.95027"><ele>37.6</ele><time>2026-01-19T07:22:57Z</time></trkpt><trkpt lat="60.219952" lon="24.950288"><ele>37.8</ele><time>2026-01-19T07:22:58Z</time></trkpt><trkpt lat="60.21995" lon="24.950307"><ele>37.5</ele><time>2026-01-19T07:22:59Z</time></trkpt><trkpt lat="60.219947" lon="24.950333"><ele>37.3</ele><time>2026-01-19T07:23:00Z</time><extensions><gpxtpx:TrackPointExtension><gpxtpx:hr>91</gpxtpx:hr></gpxtpx:TrackPointExtension></extensions></trkpt><trkpt lat="60.21994" lon="24.950342"><ele>37.4</ele><time>2026-01-19T07:23:01Z</time></trkpt><trkpt lat="60.219932" lon="24.950372"><ele>37.4</ele><time>2026-01-19T07:23:02Z</time></trkpt><trkpt lat="60.219933" lon="24.950362"><ele>38.1</ele><time>2026-01-19T07:23:03Z</time></trkpt><trkpt lat="60.219923" lon="24.950403"><ele>38.7</ele><time>2026-01-19T07:23:04Z</time></trkpt><trkpt lat="60.219915" lon="24.950425"><ele>39.4</ele><time>2026-01-19T07:23:05Z</time><extensions><gpxtpx:TrackPointExtension><gpxtpx:hr>91</gpxtpx:hr></gpxtpx:TrackPointExtension></extensions></trkpt><trkpt lat="60.219922" lon="24.950467"><ele>40.0</ele><time>2026-01-19T07:23:06Z</time><extensions><gpxtpx:TrackPointExtension><gpxtpx:hr>91</gpxtpx:hr></gpxtpx:TrackPointExtension></extensions></trkpt><trkpt lat="60.219927" lon="24.950512"><ele>40.8</ele><time>2026-01-19T07:23:07Z</time></trkpt><trkpt lat="60.21993" lon="24.950523"><ele>40.1</ele><time>2026-01-19T07:23:08Z</time></trkpt><trkpt lat="60.219912" lon="24.950552"><ele>39.9</ele><time>2026-01-19T07:23:09Z</time></trkpt><trkpt lat="60.21991" lon="24.950582"><ele>40.2</ele><time>2026-01-19T07:23:10Z</time></trkpt><trkpt lat="60.219912" lon="24.950613"><ele>40.1</ele><time>2026-01-19T07:23:11Z</time><extensions><gpxtpx:TrackPointExtension><gpxtpx:hr>91</gpxtpx:hr></gpxtpx:TrackPointExtension></extensions></trkpt><trkpt lat="60.219907" lon="24.950645"><ele>40.1</ele><time>2026-01-19T07:23:12Z</time></trkpt><trkpt lat="60.21989" lon="24.950673"><ele>40.6</ele><time>2026-01-19T07:23:13Z</time></trkpt><trkpt lat="60.219887" lon="24.95069"><ele>40.4</ele><time>2026-01-19T07:23:14Z</time></trkpt><trkpt lat="60.219883" lon="24.950702"><ele>40.0</ele><time>2026-01-19T07:23:15Z</time></trkpt><trkpt lat="60.21987" lon="24.950708"><ele>40.0</ele><time>2026-01-19T07:23:16Z</time></trkpt><trkpt lat="60.219858" lon="24.950702"><ele>39.8</ele><time>2026-01-19T07:23:17Z</time></trkpt><trkpt lat="60.219852" lon="24.950715"><ele>39.1</ele><time>2026-01-19T07:23:18Z</time></trkpt><trkpt lat="60.219838" lon="24.950702"><ele>39.0</ele><time>2026-01-19T07:23:19Z</time></trkpt><trkpt lat="60.21982" lon="24.950682"><ele>39.3</ele><time>2026-01-19T07:23:20Z</time><extensions><gpxtpx:TrackPointExtension><gpxtpx:hr>93</gpxtpx:hr></gpxtpx:TrackPointExtension></extensions></trkpt><trkpt lat="60.21982" lon="24.950657"><ele>39.9</ele><time>2026-01-19T07:23:21Z</time></trkpt><trkpt lat="60.219812" lon="24.950627"><ele>40.6</ele><time>2026-01-19T07:23:22Z</time><extensions><gpxtpx:TrackPointExtension><gpxtpx:hr>93</gpxtpx:hr></gpxtpx:TrackPointExtension></extensions></trkpt><trkpt lat="60.219797" lon="24.95062"><ele>40.5</ele><time>2026-01-19T07:23:23Z</time></trkpt><trkpt lat="60.219772" lon="24.950587"><ele>41.0</ele><time>2026-01-19T07:23:24Z</time></trkpt><trkpt lat="60.219763" lon="24.950593"><ele>40.9</ele><time>2026-01-19T07:23:25Z</time></trkpt><trkpt lat="60.219753" lon="24.950592"><ele>41.5</ele><time>2026-01-19T07:23:26Z</time><extensions><gpxtpx:TrackPointExtension><gpxtpx:hr>93</gpxtpx:hr></gpxtpx:TrackPointExtension></extensions></trkpt><trkpt lat="60.219742" lon="24.950573"><ele>42.5</ele><time>2026-01-19T07:23:27Z</time></trkpt><trkpt lat="60.219737" lon="24.950568"><ele>42.7</ele><time>2026-01-19T07:23:28Z</time></trkpt><trkpt lat="60.219728" lon="24.950575"><ele>42.6</ele><time>2026-01-19T07:23:29Z</time></trkpt><trkpt lat="60.219718" lon="24.950585"><ele>42.6</ele><time>2026-01-19T07:23:30Z</time></trkpt><trkpt lat="60.219708" lon="24.950603"><ele>42.7</ele><time>2026-01-19T07:23:31Z</time><extensions><gpxtpx:TrackPointExtension><gpxtpx:hr>96</gpxtpx:hr></gpxtpx:TrackPointExtension></extensions></trkpt><trkpt lat="60.219697" lon="24.950617"><ele>43.2</ele><time>2026-01-19T07:23:32Z</time></trkpt><trkpt lat="60.219688" lon="24.950633"><ele>42.2</ele><time>2026-01-19T07:23:33Z</time></trkpt><trkpt lat="60.219685" lon="24.950662"><ele>42.9</ele><time>2026-01-19T07:23:34Z</time></trkpt><trkpt lat="60.219672" lon="24.950675"><ele>42.0</ele><time>2026-01-19T07:23:35Z</time></trkpt><trkpt lat="60.219662" lon="24.950665"><ele>42.2</ele><time>2026-01-19T07:23:36Z</time></trkpt><trkpt lat="60.21965" lon="24.950683"><ele>43.1</ele><time>2026-01-19T07:23:37Z</time></trkpt><trkpt lat="60.219643" lon="24.950705"><ele>43.6</ele><time>2026-01-19T07:23:38Z</time><extensions><gpxtpx:TrackPointExtension><gpxtpx:hr>97</gpxtpx:hr></gpxtpx:TrackPointExtension></extensions></trkpt><trkpt lat="60.219637" lon="24.950717"><ele>43.0</ele><time>2026-01-19T07:23:39Z</time></trkpt><trkpt lat="60.21963" lon="24.95073"><ele>42.4</ele><time>2026-01-19T07:23:40Z</time></trkpt><trkpt lat="60.219625" lon="24.950735"><ele>42.8</ele><time>2026-01-19T07:23:41Z</time><extensions><gpxtpx:TrackPointExtension><gpxtpx:hr>97</gpxtpx:hr></gpxtpx:TrackPointExtension></extensions></trkpt><trkpt lat="60.219615" lon="24.950743"><ele>42.9</ele><time>2026-01-19T07:23:42Z</time></trkpt><trkpt lat="60.219602" lon="24.95076"><ele>43.1</ele><time>2026-01-19T07:23:43Z</time></trkpt><trkpt lat="60.219593" lon="24.950772"><ele>43.5</ele><time>2026-01-19T07:23:44Z</time></trkpt><trkpt lat="60.219588" lon="24.950752"><ele>43.5</ele><time>2026-01-19T07:23:45Z</time></trkpt><trkpt lat="60.219577" lon="24.95074"><ele>44.2</ele><time>2026-01-19T07:23:46Z</time><extensions><gpxtpx:TrackPointExtension><gpxtpx:hr>99</gpxtpx:hr></gpxtpx:TrackPointExtension></extensions></trkpt><trkpt lat="60.219557" lon="24.950742"><ele>44.5</ele><time>2026-01-19T07:23:47Z</time></trkpt><trkpt lat="60.219548" lon="24.950742"><ele>45.1</ele><time>2026-01-19T07:23:48Z</time></trkpt><trkpt lat="60.219555" lon="24.950735"><ele>44.9</ele><time>2026-01-19T07:23:49Z</time></trkpt><trkpt lat="60.219557" lon="24.950738"><ele>44.9</ele><time>2026-01-19T07:23:50Z</time></trkpt><trkpt lat="60.219545" lon="24.950707"><ele>44.8</ele><time>2026-01-19T07:23:51Z</time><extensions><gpxtpx:TrackPointExtension><gpxtpx:hr>101</gpxtpx:hr></gpxtpx:TrackPointExtension></extensions></trkpt><trkpt lat="60.219527" lon="24.950737"><ele>45.6</ele><time>2026-01-19T07:23:52Z</time></trkpt><trkpt lat="60.21952" lon="24.950748"><ele>45.8</ele><time>2026-01-19T07:23:53Z</time></trkpt><trkpt lat="60.219512" lon="24.950763"><ele>46.4</ele><time>2026-01-19T07:23:54Z</time></trkpt><trkpt lat="60.219497" lon="24.950762"><ele>46.3</ele><time>2026-01-19T07:23:55Z</time></trkpt><trkpt lat="60.21949" lon="24.950798"><ele>46.2</ele><time>2026-01-19T07:23:56Z</time></trkpt><trkpt lat="60.219478" lon="24.950802"><ele>46.6</ele><time>2026-01-19T07:23:57Z</time><extensions><gpxtpx:TrackPointExtension><gpxtpx:hr>103</gpxtpx:hr></gpxtpx:TrackPointExtension></extensions></trkpt><trkpt lat="60.219477" lon="24.950817"><ele>47.7</ele><time>2026-01-19T07:23:58Z</time></trkpt><trkpt lat="60.219465" lon="24.950808"><ele>48.7</ele><time>2026-01-19T07:23:59Z</time></trkpt><trkpt lat="60.219467" lon="24.950817"><ele>48.2</ele><time>2026-01-19T07:24:00Z</time></trkpt><trkpt lat="60.219473" lon="24.95082"><ele>48.7</ele><time>2026-01-19T07:24:01Z</time></trkpt><trkpt lat="60.219477" lon="24.950853"><ele>49.6</ele><time>2026-01-19T07:24:02Z</time></trkpt><trkpt lat="60.219473" lon="24.950858"><ele>49.3</ele><time>2026-01-19T07:24:03Z</time><extensions><gpxtpx:TrackPointExtension><gpxtpx:hr>105</gpxtpx:hr></gpxtpx:TrackPointExtension></extensions></trkpt><trkpt lat="60.219467" lon="24.950873"><ele>49.4</ele><time>2026-01-19T07:24:04Z</time></trkpt><trkpt lat="60.219457" lon="24.950902"><ele>49.6</ele><time>2026-01-19T07:24:05Z</time></trkpt><trkpt lat="60.219453" lon="24.950927"><ele>49.1</ele><time>2026-01-19T07:24:06Z</time></trkpt><trkpt lat="60.219448" lon="24.950947"><ele>49.0</ele><time>2026-01-19T07:24:07Z</time></trkpt><trkpt lat="60.219437" lon="24.950978"><ele>48.7</ele><time>2026-01-19T07:24:08Z</time><extensions><gpxtpx:TrackPointExtension><gpxtpx:hr>107</gpxtpx:hr></gpxtpx:TrackPointExtension></extensions></trkpt><trkpt lat="60.219442" lon="24.951022"><ele>48.8</ele><time>2026-01-19T07:24:09Z</time></trkpt><trkpt lat="60.219438" lon="24.95106"><ele>48.4</ele><time>2026-01-19T07:24:10Z</time></trkpt><trkpt lat="60.219438" lon="24.951082"><ele>48.1</ele><time>2026-01-19T07:24:11Z</time></trkpt><trkpt lat="60.219435" lon="24.951107"><ele>48.2</ele><time>2026-01-19T07:24:12Z</time></trkpt><trkpt lat="60.219432" lon="24.95113"><ele>47.9</ele><time>2026-01-19T07:24:13Z</time><extensions><gpxtpx:TrackPointExtension><gpxtpx:hr>110</gpxtpx:hr></gpxtpx:TrackPointExtension></extensions></trkpt><trkpt lat="60.219425" lon="24.951153"><ele>48.3</ele><time>2026-01-19T07:24:14Z</time></trkpt><trkpt lat="60.219417" lon="24.951183"><ele>48.4</ele><time>2026-01-19T07:24:15Z</time></trkpt><trkpt lat="60.219413" lon="24.951202"><ele>48.3</ele><time>2026-01-19T07:24:16Z</time></trkpt><trkpt lat="60.219413" lon="24.95124"><ele>47.8</ele><time>2026-01-19T07:24:17Z</time></trkpt><trkpt lat="60.219413" lon="24.951265"><ele>47.4</ele><time>2026-01-19T07:24:18Z</time><extensions><gpxtpx:TrackPointExtension><gpxtpx:hr>111</gpxtpx:hr></gpxtpx:TrackPointExtension></extensions></trkpt><trkpt lat="60.219413" lon="24.95129"><ele>47.6</ele><time>2026-01-19T07:24:19Z</time></trkpt><trkpt lat="60.219405" lon="24.95131"><ele>48.1</ele><time>2026-01-19T07:24:20Z</time></trkpt><trkpt lat="60.219402" lon="24.951333"><ele>48.1</ele><time>2026-01-19T07:24:21Z</time><extensions><gpxtpx:TrackPointExtension><gpxtpx:hr>112</gpxtpx:hr></gpxtpx:TrackPointExtension></extensions></trkpt><trkpt lat="60.2194" lon="24.951358"><ele>48.0</ele><time>2026-01-19T07:24:22Z</time></trkpt><trkpt lat="60.219397" lon="24.95139"><ele>47.8</ele><time>2026-01-19T07:24:23Z</time></trkpt><trkpt lat="60.219395" lon="24.951412"><ele>48.0</ele><time>2026-01-19T07:24:24Z</time></trkpt><trkpt lat="60.219387" lon="24.951442"><ele>48.2</ele><time>2026-01-19T07:24:25Z</time></trkpt><trkpt lat="60.219385" lon="24.951468"><ele>48.3</ele><time>2026-01-19T07:24:26Z</time></trkpt><trkpt lat="60.219378" lon="24.951485"><ele>48.2</ele><time>2026-01-19T07:24:27Z</time></trkpt><trkpt lat="60.219372" lon="24.951508"><ele>48.2</ele><time>2026-01-19T07:24:28Z</time></trkpt><trkpt lat="60.21936" lon="24.95153"><ele>48.9</ele><time>2026-01-19T07:24:29Z</time><extensions><gpxtpx:TrackPointExtension><gpxtpx:hr>108</gpxtpx:hr></gpxtpx:TrackPointExtension></extensions></trkpt><trkpt lat="60.219355" lon="24.951547"><ele>49.1</ele><time>2026-01-19T07:24:30Z</time></trkpt><trkpt lat="60.21935" lon="24.951563"><ele>48.8</ele><time>2026-01-19T07:24:31Z</time><extensions><gpxtpx:TrackPointExtension><gpxtpx:hr>107</gpxtpx:hr></gpxtpx:TrackPointExtension></extensions></trkpt><trkpt lat="60.21934" lon="24.951582"><ele>49.6</ele><time>2026-01-19T07:24:32Z</time></trkpt><trkpt lat="60.219335" lon="24.951595"><ele>50.0</ele><time>2026-01-19T07:24:33Z</time></trkpt><trkpt lat="60.219327" lon="24.951613"><ele>50.2</ele><time>2026-01-19T07:24:34Z</time></trkpt><trkpt lat="60.21932" lon="24.951628"><ele>50.1</ele><time>2026-01-19T07:24:36Z</time></trkpt><trkpt lat="60.219313" lon="24.951642"><ele>50.6</ele><time>2026-01-19T07:24:37Z</time></trkpt><trkpt lat="60.219303" lon="24.951663"><ele>50.8</ele><time>2026-01-19T07:24:38Z</time></trkpt><trkpt lat="60.219302" lon="24.951682"><ele>50.6</ele><time>2026-01-19T07:24:39Z</time><extensions><gpxtpx:TrackPointExtension><gpxtpx:hr>108</gpxtpx:hr></gpxtpx:TrackPointExtension></extensions></trkpt><trkpt lat="60.2193" lon="24.9517"><ele>50.5</ele><time>2026-01-19T07:24:40Z</time></trkpt><trkpt lat="60.219297" lon="24.951722"><ele>51.3</ele><time>2026-01-19T07:24:41Z</time></trkpt><trkpt lat="60.219293" lon="24.951748"><ele>51.5</ele><time>2026-01-19T07:24:42Z</time></trkpt><trkpt lat="60.219295" lon="24.951772"><ele>50.8</ele><time>2026-01-19T07:24:43Z</time></trkpt><trkpt lat="60.219292" lon="24.951805"><ele>51.0</ele><time>2026-01-19T07:24:44Z</time></trkpt><trkpt lat="60.219293" lon="24.951827"><ele>51.0</ele><time>2026-01-19T07:24:45Z</time><extensions><gpxtpx:TrackPointExtension><gpxtpx:hr>107</gpxtpx:hr></gpxtpx:TrackPointExtension></extensions></trkpt><trkpt lat="60.219293" lon="24.95185"><ele>51.2</ele><time>2026-01-19T07:24:46Z</time></trkpt><trkpt lat="60.219292" lon="24.951877"><ele>51.1</ele><time>2026-01-19T07:24:47Z</time></trkpt><trkpt lat="60.219293" lon="24.951905"><ele>51.1</ele><time>2026-01-19T07:24:48Z</time></trkpt><trkpt lat="60.219293" lon="24.951928"><ele>51.2</ele><time>2026-01-19T07:24:49Z</time></trkpt><trkpt lat="60.219292" lon="24.951947"><ele>51.6</ele><time>2026-01-19T07:24:50Z</time><extensions><gpxtpx:TrackPointExtension><gpxtpx:hr>105</gpxtpx:hr></gpxtpx:TrackPointExtension></extensions></trkpt><trkpt lat="60.219292" lon="24.95197"><ele>51.5</ele><time>2026-01-19T07:24:50Z</time></trkpt><trkpt lat="60.21929" lon="24.951995"><ele>51.9</ele><time>2026-01-19T07:24:51Z</time><extensions><gpxtpx:TrackPointExtension><gpxtpx:hr>105</gpxtpx:hr></gpxtpx:TrackPointExtension></extensions></trkpt><trkpt lat="60.219292" lon="24.952017"><ele>52.1</ele><time>2026-01-19T07:24:52Z</time></trkpt><trkpt lat="60.21929" lon="24.952037"><ele>52.7</ele><time>2026-01-19T07:24:53Z</time></trkpt><trkpt lat="60.219292" lon="24.952062"><ele>52.6</ele><time>2026-01-19T07:24:54Z</time></trkpt><trkpt lat="60.219295" lon="24.952092"><ele>52.5</ele><time>2026-01-19T07:24:55Z</time></trkpt><trkpt lat="60.219298" lon="24.952112"><ele>52.1</ele><time>2026-01-19T07:24:56Z</time><extensions><gpxtpx:TrackPointExtension><gpxtpx:hr>103</gpxtpx:hr></gpxtpx:TrackPointExtension></extensions></trkpt><trkpt lat="60.219305" lon="24.952125"><ele>52.2</ele><time>2026-01-19T07:24:57Z</time></trkpt><trkpt lat="60.219308" lon="24.952152"><ele>52.1</ele><time>2026-01-19T07:24:58Z</time></trkpt><trkpt lat="60.219313" lon="24.95218"><ele>51.6</ele><time>2026-01-19T07:24:59Z</time></trkpt><trkpt lat="60.219312" lon="24.952203"><ele>51.4</ele><time>2026-01-19T07:25:00Z</time></trkpt><trkpt lat="60.219315" lon="24.952223"><ele>51.4</ele><time>2026-01-19T07:25:01Z</time></trkpt><trkpt lat="60.219323" lon="24.952242"><ele>50.8</ele><time>2026-01-19T07:25:02Z</time></trkpt><trkpt lat="60.219327" lon="24.952262"><ele>50.8</ele><time>2026-01-19T07:25:03Z</time></trkpt><trkpt lat="60.21933" lon="24.952293"><ele>50.7</ele><time>2026-01-19T07:25:04Z</time><extensions><gpxtpx:TrackPointExtension><gpxtpx:hr>103</gpxtpx:hr></gpxtpx:TrackPointExtension></extensions></trkpt><trkpt lat="60.219335" lon="24.952317"><ele>50.6</ele><time>2026-01-19T07:25:05Z</time></trkpt><trkpt lat="60.219338" lon="24.952335"><ele>51.1</ele><time>2026-01-19T07:25:06Z</time><extensions><gpxtpx:TrackPointExtension><gpxtpx:hr>102</gpxtpx:hr></gpxtpx:TrackPointExtension></extensions></trkpt><trkpt lat="60.219343" lon="24.952363"><ele>51.3</ele><time>2026-01-19T07:25:07Z</time></trkpt><trkpt lat="60.219347" lon="24.952382"><ele>51.4</ele><time>2026-01-19T07:25:08Z</time></trkpt><trkpt lat="60.21935" lon="24.95241"><ele>51.5</ele><time>2026-01-19T07:25:09Z</time></trkpt><trkpt lat="60.219355" lon="24.952427"><ele>51.4</ele><time>2026-01-19T07:25:10Z</time></trkpt><trkpt lat="60.219362" lon="24.952435"><ele>51.2</ele><time>2026-01-19T07:25:11Z</time></trkpt><trkpt lat="60.219365" lon="24.952458"><ele>51.3</ele><time>2026-01-19T07:25:12Z</time></trkpt><trkpt lat="60.219365" lon="24.952478"><ele>51.5</ele><time>2026-01-19T07:25:13Z</time><extensions><gpxtpx:TrackPointExtension><gpxtpx:hr>101</gpxtpx:hr></gpxtpx:TrackPointExtension></extensions></trkpt><trkpt lat="60.219367" lon="24.952497"><ele>51.4</ele><time>2026-01-19T07:25:14Z</time></trkpt><trkpt lat="60.219368" lon="24.952525"><ele>51.9</ele><time>2026-01-19T07:25:15Z</time></trkpt><trkpt lat="60.219373" lon="24.952547"><ele>51.9</ele><time>2026-01-19T07:25:16Z</time></trkpt><trkpt lat="60.21938" lon="24.952577"><ele>51.8</ele><time>2026-01-19T07:25:17Z</time></trkpt><trkpt lat="60.21939" lon="24.952605"><ele>51.4</ele><time>2026-01-19T07:25:18Z</time></trkpt><trkpt lat="60.219393" lon="24.952628"><ele>50.9</ele><time>2026-01-19T07:25:19Z</time></trkpt><trkpt lat="60.219395" lon="24.95265"><ele>50.4</ele><time>2026-01-19T07:25:20Z</time><extensions><gpxtpx:TrackPointExtension><gpxtpx:hr>97</gpxtpx:hr></gpxtpx:TrackPointExtension></extensions></trkpt><trkpt lat="60.219403" lon="24.952677"><ele>50.7</ele><time>2026-01-19T07:25:21Z</time></trkpt><trkpt lat="60.219398" lon="24.952685"><ele>51.3</ele><time>2026-01-19T07:25:22Z</time><extensions><gpxtpx:TrackPointExtension><gpxtpx:hr>96</gpxtpx:hr></gpxtpx:TrackPointExtension></extensions></trkpt><trkpt lat="60.2194" lon="24.952713"><ele>51.8</ele><time>2026-01-19T07:25:23Z</time></trkpt><trkpt lat="60.219408" lon="24.952737"><ele>51.3</ele><time>2026-01-19T07:25:24Z</time></trkpt><trkpt lat="60.219407" lon="24.952773"><ele>50.7</ele><time>2026-01-19T07:25:25Z</time></trkpt><trkpt lat="60.219415" lon="24.952785"><ele>51.1</ele><time>2026-01-19T07:25:26Z</time><extensions><gpxtpx:TrackPointExtension><gpxtpx:hr>95</gpxtpx:hr></gpxtpx:TrackPointExtension></extensions></trkpt><trkpt lat="60.21942" lon="24.9528"><ele>51.2</ele><time>2026-01-19T07:25:27Z</time></trkpt><trkpt lat="60.219427" lon="24.952823"><ele>51.3</ele><time>2026-01-19T07:25:28Z</time></trkpt><trkpt lat="60.219432" lon="24.952845"><ele>51.2</ele><time>2026-01-19T07:25:29Z</time></trkpt><trkpt lat="60.219433" lon="24.952855"><ele>50.9</ele><time>2026-01-19T07:25:30Z</time></trkpt><trkpt lat="60.219442" lon="24.95288"><ele>50.7</ele><time>2026-01-19T07:25:31Z</time></trkpt><trkpt lat="60.219453" lon="24.952892"><ele>50.6</ele><time>2026-01-19T07:25:32Z</time></trkpt><trkpt lat="60.219457" lon="24.952918"><ele>50.7</ele><time>2026-01-19T07:25:33Z</time></trkpt><trkpt lat="60.219462" lon="24.95294"><ele>50.5</ele><time>2026-01-19T07:25:34Z</time></trkpt><trkpt lat="60.219467" lon="24.952967"><ele>50.3</ele><time>2026-01-19T07:25:35Z</time><extensions><gpxtpx:TrackPointExtension><gpxtpx:hr>93</gpxtpx:hr></gpxtpx:TrackPointExtension></extensions></trkpt><trkpt lat="60.21947" lon="24.952992"><ele>50.5</ele><time>2026-01-19T07:25:36Z</time><extensions><gpxtpx:TrackPointExtension><gpxtpx:hr>93</gpxtpx:hr></gpxtpx:TrackPointExtension></extensions></trkpt><trkpt lat="60.21949" lon="24.953003"><ele>49.5</ele><time>2026-01-19T07:25:37Z</time></trkpt><trkpt lat="60.2195" lon="24.953022"><ele>49.8</ele><time>2026-01-19T07:25:38Z</time></trkpt><trkpt lat="60.219508" lon="24.953052"><ele>49.6</ele><time>2026-01-19T07:25:39Z</time></trkpt><trkpt lat="60.219517" lon="24.953063"><ele>49.7</ele><time>2026-01-19T07:25:40Z</time></trkpt><trkpt lat="60.219528" lon="24.953073"><ele>49.5</ele><time>2026-01-19T07:25:41Z</time></trkpt><trkpt lat="60.219538" lon="24.953088"><ele>49.1</ele><time>2026-01-19T07:25:42Z</time></trkpt><trkpt lat="60.219557" lon="24.953103"><ele>49.4</ele><time>2026-01-19T07:25:43Z</time></trkpt><trkpt lat="60.219568" lon="24.953127"><ele>49.7</ele><time>2026-01-19T07:25:44Z</time></trkpt><trkpt lat="60.219583" lon="24.953137"><ele>49.7</ele><time>2026-01-19T07:25:45Z</time><extensions><gpxtpx:TrackPointExtension><gpxtpx:hr>94</gpxtpx:hr></gpxtpx:TrackPointExtension></extensions></trkpt><trkpt lat="60.2196" lon="24.953138"><ele>49.0</ele><time>2026-01-19T07:25:46Z</time><extensions><gpxtpx:TrackPointExtension><gpxtpx:hr>94</gpxtpx:hr></gpxtpx:TrackPointExtension></extensions></trkpt><trkpt lat="60.219612" lon="24.953148"><ele>49.0</ele><time>2026-01-19T07:25:47Z</time></trkpt><trkpt lat="60.219623" lon="24.95316"><ele>48.6</ele><time>2026-01-19T07:25:48Z</time></trkpt><trkpt lat="60.219635" lon="24.953175"><ele>48.9</ele><time>2026-01-19T07:25:49Z</time></trkpt><trkpt lat="60.219647" lon="24.953185"><ele>48.9</ele><time>2026-01-19T07:25:50Z</time></trkpt><trkpt lat="60.219658" lon="24.953197"><ele>49.0</ele><time>2026-01-19T07:25:51Z</time><extensions><gpxtpx:TrackPointExtension><gpxtpx:hr>94</gpxtpx:hr></gpxtpx:TrackPointExtension></extensions></trkpt><trkpt lat="60.219673" lon="24.95321"><ele>48.9</ele><time>2026-01-19T07:25:52Z</time></trkpt><trkpt lat="60.219688" lon="24.953202"><ele>48.9</ele><time>2026-01-19T07:25:53Z</time></trkpt><trkpt lat="60.2197" lon="24.953213"><ele>48.6</ele><time>2026-01-19T07:25:54Z</time></trkpt><trkpt lat="60.219713" lon="24.953225"><ele>48.8</ele><time>2026-01-19T07:25:55Z</time></trkpt><trkpt lat="60.219727" lon="24.953228"><ele>48.4</ele><time>2026-01-19T07:25:56Z</time></trkpt><trkpt lat="60.219738" lon="24.953227"><ele>48.2</ele><time>2026-01-19T07:25:57Z</time></trkpt><trkpt lat="60.21975" lon="24.953228"><ele>48.0</ele><time>2026-01-19T07:25:58Z</time></trkpt><trkpt lat="60.219762" lon="24.953233"><ele>48.1</ele><time>2026-01-19T07:25:59Z</time></trkpt><trkpt lat="60.219772" lon="24.953242"><ele>48.2</ele><time>2026-01-19T07:26:00Z</time><extensions><gpxtpx:TrackPointExtension><gpxtpx:hr>93</gpxtpx:hr></gpxtpx:TrackPointExtension></extensions></trkpt><trkpt lat="60.219782" lon="24.953257"><ele>48.3</ele><time>2026-01-19T07:26:01Z</time><extensions><gpxtpx:TrackPointExtension><gpxtpx:hr>94</gpxtpx:hr></gpxtpx:TrackPointExtension></extensions></trkpt><trkpt lat="60.219792" lon="24.953263"><ele>48.3</ele><time>2026-01-19T07:26:02Z</time></trkpt><trkpt lat="60.219805" lon="24.953272"><ele>48.3</ele><time>2026-01-19T07:26:03Z</time></trkpt><trkpt lat="60.219818" lon="24.953278"><ele>48.5</ele><time>2026-01-19T07:26:04Z</time></trkpt><trkpt lat="60.219828" lon="24.953288"><ele>48.6</ele><time>2026-01-19T07:26:05Z</time></trkpt><trkpt lat="60.219832" lon="24.953308"><ele>49.1</ele><time>2026-01-19T07:26:06Z</time></trkpt><trkpt lat="60.219833" lon="24.953327"><ele>48.8</ele><time>2026-01-19T07:26:07Z</time><extensions><gpxtpx:TrackPointExtension><gpxtpx:hr>94</gpxtpx:hr></gpxtpx:TrackPointExtension></extensions></trkpt><trkpt lat="60.219843" lon="24.953347"><ele>48.8</ele><time>2026-01-19T07:26:08Z</time></trkpt><trkpt lat="60.219858" lon="24.953345"><ele>49.9</ele><time>2026-01-19T07:26:09Z</time></trkpt><trkpt lat="60.21987" lon="24.953327"><ele>49.8</ele><time>2026-01-19T07:26:10Z</time></trkpt><trkpt lat="60.21988" lon="24.95335"><ele>49.8</ele><time>2026-01-19T07:26:11Z</time></trkpt><trkpt lat="60.219885" lon="24.95338"><ele>50.2</ele><time>2026-01-19T07:26:12Z</time></trkpt><trkpt lat="60.219883" lon="24.953427"><ele>49.7</ele><time>2026-01-19T07:26:13Z</time></trkpt><trkpt lat="60.21989" lon="24.95344"><ele>49.5</ele><time>2026-01-19T07:26:14Z</time></trkpt><trkpt lat="60.219905" lon="24.953453"><ele>50.0</ele><time>2026-01-19T07:26:15Z</time><extensions><gpxtpx:TrackPointExtension><gpxtpx:hr>93</gpxtpx:hr></gpxtpx:TrackPointExtension></extensions></trkpt><trkpt lat="60.219918" lon="24.953463"><ele>49.4</ele><time>2026-01-19T07:26:16Z</time><extensions><gpxtpx:TrackPointExtension><gpxtpx:hr>92</gpxtpx:hr></gpxtpx:TrackPointExtension></extensions></trkpt><trkpt lat="60.219928" lon="24.953457"><ele>49.3</ele><time>2026-01-19T07:26:17Z</time></trkpt><trkpt lat="60.219937" lon="24.95347"><ele>49.7</ele><time>2026-01-19T07:26:18Z</time></trkpt><trkpt lat="60.219947" lon="24.953487"><ele>49.9</ele><time>2026-01-19T07:26:19Z</time></trkpt><trkpt lat="60.219953" lon="24.953505"><ele>50.2</ele><time>2026-01-19T07:26:20Z</time></trkpt><trkpt lat="60.219967" lon="24.953518"><ele>50.0</ele><time>2026-01-19T07:26:21Z</time></trkpt><trkpt lat="60.219978" lon="24.95356"><ele>50.2</ele><time>2026-01-19T07:26:22Z</time></trkpt><trkpt lat="60.219995" lon="24.953563"><ele>48.8</ele><time>2026-01-19T07:26:23Z</time></trkpt><trkpt lat="60.22001" lon="24.95357"><ele>49.0</ele><time>2026-01-19T07:26:24Z</time></trkpt><trkpt lat="60.220023" lon="24.95358"><ele>49.3</ele><time>2026-01-19T07:26:25Z</time><extensions><gpxtpx:TrackPointExtension><gpxtpx:hr>93</gpxtpx:hr></gpxtpx:TrackPointExtension></extensions></trkpt><trkpt lat="60.220038" lon="24.953598"><ele>50.0</ele><time>2026-01-19T07:26:26Z</time><extensions><gpxtpx:TrackPointExtension><gpxtpx:hr>92</gpxtpx:hr></gpxtpx:TrackPointExtension></extensions></trkpt><trkpt lat="60.220043" lon="24.953617"><ele>50.7</ele><time>2026-01-19T07:26:27Z</time></trkpt><trkpt lat="60.22006" lon="24.95361"><ele>49.9</ele><time>2026-01-19T07:26:28Z</time></trkpt><trkpt lat="60.220068" lon="24.953635"><ele>50.6</ele><time>2026-01-19T07:26:29Z</time></trkpt><trkpt lat="60.22008" lon="24.95364"><ele>50.0</ele><time>2026-01-19T07:26:30Z</time></trkpt><trkpt lat="60.220092" lon="24.953648"><ele>49.9</ele><time>2026-01-19T07:26:31Z</time></trkpt><trkpt lat="60.220103" lon="24.953658"><ele>50.2</ele><time>2026-01-19T07:26:32Z</time><extensions><gpxtpx:TrackPointExtension><gpxtpx:hr>91</gpxtpx:hr></gpxtpx:TrackPointExtension></extensions></trkpt><trkpt lat="60.220117" lon="24.953653"><ele>50.0</ele><time>2026-01-19T07:26:33Z</time></trkpt><trkpt lat="60.220128" lon="24.953655"><ele>49.7</ele><time>2026-01-19T07:26:34Z</time></trkpt><trkpt lat="60.220137" lon="24.953667"><ele>50.1</ele><time>2026-01-19T07:26:35Z</time></trkpt><trkpt lat="60.220148" lon="24.95369"><ele>50.7</ele><time>2026-01-19T07:26:36Z</time></trkpt><trkpt lat="60.220165" lon="24.95369"><ele>50.6</ele><time>2026-01-19T07:26:37Z</time></trkpt><trkpt lat="60.220175" lon="24.953693"><ele>50.4</ele><time>2026-01-19T07:26:38Z</time><extensions><gpxtpx:TrackPointExtension><gpxtpx:hr>90</gpxtpx:hr></gpxtpx:TrackPointExtension></extensions></trkpt><trkpt lat="60.220187" lon="24.953687"><ele>50.0</ele><time>2026-01-19T07:26:39Z</time></trkpt><trkpt lat="60.220193" lon="24.953687"><ele>49.6</ele><time>2026-01-19T07:26:40Z</time></trkpt><trkpt lat="60.220195" lon="24.953682"><ele>49.2</ele><time>2026-01-19T07:26:41Z</time></trkpt><trkpt lat="60.220208" lon="24.953668"><ele>48.8</ele><time>2026-01-19T07:26:42Z</time><extensions><gpxtpx:TrackPointExtension><gpxtpx:hr>89</gpxtpx:hr></gpxtpx:TrackPointExtension></extensions></trkpt><trkpt lat="60.220223" lon="24.953663"><ele>49.0</ele><time>2026-01-19T07:26:43Z</time></trkpt><trkpt lat="60.220237" lon="24.953667"><ele>48.7</ele><time>2026-01-19T07:26:44Z</time></trkpt><trkpt lat="60.220243" lon="24.953673"><ele>48.7</ele><time>2026-01-19T07:26:45Z</time></trkpt><trkpt lat="60.220248" lon="24.95369"><ele>49.0</ele><time>2026-01-19T07:26:46Z</time></trkpt><trkpt lat="60.22026" lon="24.953692"><ele>49.1</ele><time>2026-01-19T07:26:47Z</time></trkpt><trkpt lat="60.220273" lon="24.953695"><ele>48.5</ele><time>2026-01-19T07:26:48Z</time></trkpt><trkpt lat="60.220282" lon="24.953688"><ele>48.3</ele><time>2026-01-19T07:26:49Z</time></trkpt><trkpt lat="60.220287" lon="24.953697"><ele>48.5</ele><time>2026-01-19T07:26:50Z</time><extensions><gpxtpx:TrackPointExtension><gpxtpx:hr>88</gpxtpx:hr></gpxtpx:TrackPointExtension></extensions></trkpt><trkpt lat="60.2203" lon="24.953683"><ele>47.8</ele><time>2026-01-19T07:26:52Z</time></trkpt><trkpt lat="60.220313" lon="24.95369"><ele>48.0</ele><time>2026-01-19T07:26:52Z</time></trkpt><trkpt lat="60.220325" lon="24.9537"><ele>48.5</ele><time>2026-01-19T07:26:53Z</time></trkpt><trkpt lat="60.220337" lon="24.953705"><ele>48.3</ele><time>2026-01-19T07:26:55Z</time><extensions><gpxtpx:TrackPointExtension><gpxtpx:hr>89</gpxtpx:hr></gpxtpx:TrackPointExtension></extensions></trkpt><trkpt lat="60.220343" lon="24.953695"><ele>48.2</ele><time>2026-01-19T07:26:55Z</time></trkpt><trkpt lat="60.220357" lon="24.953685"><ele>48.1</ele><time>2026-01-19T07:26:56Z</time></trkpt><trkpt lat="60.220368" lon="24.953683"><ele>48.4</ele><time>2026-01-19T07:26:57Z</time></trkpt><trkpt lat="60.220365" lon="24.953677"><ele>48.6</ele><time>2026-01-19T07:26:58Z</time></trkpt><trkpt lat="60.220382" lon="24.95367"><ele>48.9</ele><time>2026-01-19T07:26:59Z</time><extensions><gpxtpx:TrackPointExtension><gpxtpx:hr>90</gpxtpx:hr></gpxtpx:TrackPointExtension></extensions></trkpt><trkpt lat="60.220393" lon="24.95365"><ele>47.7</ele><time>2026-01-19T07:27:00Z</time></trkpt><trkpt lat="60.220402" lon="24.953637"><ele>47.9</ele><time>2026-01-19T07:27:01Z</time><extensions><gpxtpx:TrackPointExtension><gpxtpx:hr>91</gpxtpx:hr></gpxtpx:TrackPointExtension></extensions></trkpt><trkpt lat="60.22041" lon="24.953628"><ele>48.3</ele><time>2026-01-19T07:27:02Z</time></trkpt><trkpt lat="60.220425" lon="24.953615"><ele>48.0</ele><time>2026-01-19T07:27:03Z</time></trkpt><trkpt lat="60.220433" lon="24.953603"><ele>48.5</ele><time>2026-01-19T07:27:04Z</time></trkpt><trkpt lat="60.22044" lon="24.953593"><ele>48.8</ele><time>2026-01-19T07:27:05Z</time></trkpt><trkpt lat="60.220452" lon="24.95358"><ele>49.1</ele><time>2026-01-19T07:27:06Z</time><extensions><gpxtpx:TrackPointExtension><gpxtpx:hr>91</gpxtpx:hr></gpxtpx:TrackPointExtension></extensions></trkpt><trkpt lat="60.220453" lon="24.953572"><ele>49.7</ele><time>2026-01-19T07:27:07Z</time></trkpt><trkpt lat="60.220465" lon="24.95356"><ele>49.7</ele><time>2026-01-19T07:27:08Z</time></trkpt><trkpt lat="60.22047" lon="24.953545"><ele>49.6</ele><time>2026-01-19T07:27:09Z</time></trkpt><trkpt lat="60.220475" lon="24.95353"><ele>49.8</ele><time>2026-01-19T07:27:10Z</time></trkpt><trkpt lat="60.22048" lon="24.953515"><ele>50.1</ele><time>2026-01-19T07:27:11Z</time></trkpt><trkpt lat="60.220492" lon="24.953485"><ele>49.6</ele><time>2026-01-19T07:27:12Z</time></trkpt><trkpt lat="60.220488" lon="24.953475"><ele>50.0</ele><time>2026-01-19T07:27:13Z</time></trkpt><trkpt lat="60.220497" lon="24.95345"><ele>49.3</ele><time>2026-01-19T07:27:14Z</time></trkpt><trkpt lat="60.220508" lon="24.953425"><ele>49.8</ele><time>2026-01-19T07:27:15Z</time><extensions><gpxtpx:TrackPointExtension><gpxtpx:hr>92</gpxtpx:hr></gpxtpx:TrackPointExtension></extensions></trkpt><trkpt lat="60.220508" lon="24.9534"><ele>49.2</ele><time>2026-01-19T07:27:16Z</time></trkpt><trkpt lat="60.220513" lon="24.953363"><ele>48.8</ele><time>2026-01-19T07:27:17Z</time></trkpt><trkpt lat="60.220515" lon="24.953347"><ele>48.0</ele><time>2026-01-19T07:27:18Z</time></trkpt><trkpt lat="60.220523" lon="24.95333"><ele>48.1</ele><time>2026-01-19T07:27:19Z</time></trkpt><trkpt lat="60.220535" lon="24.953315"><ele>48.2</ele><time>2026-01-19T07:27:20Z</time><extensions><gpxtpx:TrackPointExtension><gpxtpx:hr>90</gpxtpx:hr></gpxtpx:TrackPointExtension></extensions></trkpt><trkpt lat="60.22054" lon="24.95329"><ele>48.7</ele><time>2026-01-19T07:27:21Z</time></trkpt><trkpt lat="60.220547" lon="24.953272"><ele>48.1</ele><time>2026-01-19T07:27:22Z</time></trkpt><trkpt lat="60.220545" lon="24.953242"><ele>47.9</ele><time>2026-01-19T07:27:23Z</time><extensions><gpxtpx:TrackPointExtension><gpxtpx:hr>90</gpxtpx:hr></gpxtpx:TrackPointExtension></extensions></trkpt><trkpt lat="60.22055" lon="24.95321"><ele>48.4</ele><time>2026-01-19T07:27:24Z</time></trkpt><trkpt lat="60.220552" lon="24.9532"><ele>48.4</ele><time>2026-01-19T07:27:25Z</time></trkpt><trkpt lat="60.220557" lon="24.953182"><ele>47.2</ele><time>2026-01-19T07:27:26Z</time><extensions><gpxtpx:TrackPointExtension><gpxtpx:hr>90</gpxtpx:hr></gpxtpx:TrackPointExtension></extensions></trkpt><trkpt lat="60.220558" lon="24.953163"><ele>48.5</ele><time>2026-01-19T07:27:27Z</time></trkpt><trkpt lat="60.22057" lon="24.953132"><ele>47.8</ele><time>2026-01-19T07:27:28Z</time></trkpt><trkpt lat="60.220587" lon="24.95311"><ele>47.4</ele><time>2026-01-19T07:27:29Z</time></trkpt><trkpt lat="60.220605" lon="24.953117"><ele>47.5</ele><time>2026-01-19T07:27:30Z</time></trkpt><trkpt lat="60.220617" lon="24.953108"><ele>48.0</ele><time>2026-01-19T07:27:31Z</time></trkpt><trkpt lat="60.220632" lon="24.953138"><ele>47.7</ele><time>2026-01-19T07:27:32Z</time></trkpt><trkpt lat="60.220645" lon="24.953152"><ele>47.7</ele><time>2026-01-19T07:27:33Z</time><extensions><gpxtpx:TrackPointExtension><gpxtpx:hr>90</gpxtpx:hr></gpxtpx:TrackPointExtension></extensions></trkpt><trkpt lat="60.220658" lon="24.953178"><ele>48.2</ele><time>2026-01-19T07:27:34Z</time></trkpt><trkpt lat="60.220668" lon="24.953185"><ele>47.6</ele><time>2026-01-19T07:27:35Z</time></trkpt><trkpt lat="60.220678" lon="24.953198"><ele>47.3</ele><time>2026-01-19T07:27:36Z</time></trkpt><trkpt lat="60.22069" lon="24.953207"><ele>47.3</ele><time>2026-01-19T07:27:37Z</time><extensions><gpxtpx:TrackPointExtension><gpxtpx:hr>91</gpxtpx:hr></gpxtpx:TrackPointExtension></extensions></trkpt><trkpt lat="60.2207" lon="24.953218"><ele>46.9</ele><time>2026-01-19T07:27:38Z</time></trkpt><trkpt lat="60.220708" lon="24.953228"><ele>47.1</ele><time>2026-01-19T07:27:39Z</time></trkpt><trkpt lat="60.220717" lon="24.953243"><ele>46.8</ele><time>2026-01-19T07:27:40Z</time></trkpt><trkpt lat="60.22073" lon="24.953245"><ele>46.5</ele><time>2026-01-19T07:27:41Z</time><extensions><gpxtpx:TrackPointExtension><gpxtpx:hr>92</gpxtpx:hr></gpxtpx:TrackPointExtension></extensions></trkpt><trkpt lat="60.220743" lon="24.953268"><ele>46.9</ele><time>2026-01-19T07:27:42Z</time></trkpt><trkpt lat="60.220753" lon="24.953278"><ele>47.0</ele><time>2026-01-19T07:27:43Z</time></trkpt><trkpt lat="60.220765" lon="24.953285"><ele>46.9</ele><time>2026-01-19T07:27:44Z</time></trkpt><trkpt lat="60.220777" lon="24.95329"><ele>47.1</ele><time>2026-01-19T07:27:45Z</time></trkpt><trkpt lat="60.220792" lon="24.953283"><ele>46.0</ele><time>2026-01-19T07:27:46Z</time></trkpt><trkpt lat="60.2208" lon="24.953322"><ele>46.6</ele><time>2026-01-19T07:27:47Z</time><extensions><gpxtpx:TrackPointExtension><gpxtpx:hr>90</gpxtpx:hr></gpxtpx:TrackPointExtension></extensions></trkpt><trkpt lat="60.220808" lon="24.953323"><ele>45.9</ele><time>2026-01-19T07:27:48Z</time></trkpt><trkpt lat="60.220822" lon="24.953327"><ele>45.2</ele><time>2026-01-19T07:27:49Z</time></trkpt><trkpt lat="60.220833" lon="24.953328"><ele>45.4</ele><time>2026-01-19T07:27:50Z</time></trkpt><trkpt lat="60.220837" lon="24.953342"><ele>45.5</ele><time>2026-01-19T07:27:51Z</time></trkpt><trkpt lat="60.220853" lon="24.953338"><ele>45.4</ele><time>2026-01-19T07:27:52Z</time></trkpt><trkpt lat="60.220868" lon="24.95333"><ele>45.0</ele><time>2026-01-19T07:27:53Z</time></trkpt><trkpt lat="60.220878" lon="24.953338"><ele>45.0</ele><time>2026-01-19T07:27:54Z</time></trkpt><trkpt lat="60.220877" lon="24.95334"><ele>45.7</ele><time>2026-01-19T07:27:55Z</time><extensions><gpxtpx:TrackPointExtension><gpxtpx:hr>87</gpxtpx:hr></gpxtpx:TrackPointExtension></extensions></trkpt><trkpt lat="60.220892" lon="24.953322"><ele>46.0</ele><time>2026-01-19T07:27:56Z</time><extensions><gpxtpx:TrackPointExtension><gpxtpx:hr>87</gpxtpx:hr></gpxtpx:TrackPointExtension></extensions></trkpt><trkpt lat="60.220903" lon="24.953332"><ele>45.9</ele><time>2026-01-19T07:27:57Z</time></trkpt><trkpt lat="60.220918" lon="24.953332"><ele>46.3</ele><time>2026-01-19T07:27:58Z</time></trkpt><trkpt lat="60.22092" lon="24.953338"><ele>46.4</ele><time>2026-01-19T07:27:59Z</time></trkpt><trkpt lat="60.220938" lon="24.953337"><ele>46.2</ele><time>2026-01-19T07:28:00Z</time></trkpt><trkpt lat="60.22095" lon="24.953337"><ele>46.6</ele><time>2026-01-19T07:28:01Z</time><extensions><gpxtpx:TrackPointExtension><gpxtpx:hr>87</gpxtpx:hr></gpxtpx:TrackPointExtension></extensions></trkpt><trkpt lat="60.220983" lon="24.953333"><ele>46.6</ele><time>2026-01-19T07:28:02Z</time></trkpt><trkpt lat="60.220995" lon="24.953352"><ele>46.3</ele><time>2026-01-19T07:28:03Z</time></trkpt><trkpt lat="60.220997" lon="24.95338"><ele>46.6</ele><time>2026-01-19T07:28:04Z</time></trkpt><trkpt lat="60.221008" lon="24.953382"><ele>46.7</ele><time>2026-01-19T07:28:05Z</time></trkpt><trkpt lat="60.221022" lon="24.953397"><ele>46.5</ele><time>2026-01-19T07:28:06Z</time><extensions><gpxtpx:TrackPointExtension><gpxtpx:hr>87</gpxtpx:hr></gpxtpx:TrackPointExtension></extensions></trkpt><trkpt lat="60.221035" lon="24.95341"><ele>46.4</ele><time>2026-01-19T07:28:07Z</time></trkpt><trkpt lat="60.221045" lon="24.953423"><ele>46.3</ele><time>2026-01-19T07:28:08Z</time></trkpt><trkpt lat="60.221055" lon="24.953438"><ele>46.2</ele><time>2026-01-19T07:28:09Z</time></trkpt><trkpt lat="60.221067" lon="24.95346"><ele>46.3</ele><time>2026-01-19T07:28:10Z</time></trkpt><trkpt lat="60.22108" lon="24.953477"><ele>45.7</ele><time>2026-01-19T07:28:11Z</time></trkpt><trkpt lat="60.221093" lon="24.953487"><ele>45.8</ele><time>2026-01-19T07:28:12Z</time></trkpt><trkpt lat="60.221102" lon="24.953517"><ele>46.7</ele><time>2026-01-19T07:28:13Z</time></trkpt><trkpt lat="60.221113" lon="24.953533"><ele>46.4</ele><time>2026-01-19T07:28:14Z</time></trkpt><trkpt lat="60.221122" lon="24.953555"><ele>46.4</ele><time>2026-01-19T07:28:15Z</time><extensions><gpxtpx:TrackPointExtension><gpxtpx:hr>87</gpxtpx:hr></gpxtpx:TrackPointExtension></extensions></trkpt><trkpt lat="60.221142" lon="24.953562"><ele>47.3</ele><time>2026-01-19T07:28:16Z</time></trkpt><trkpt lat="60.221153" lon="24.95357"><ele>46.6</ele><time>2026-01-19T07:28:17Z</time></trkpt><trkpt lat="60.221163" lon="24.95359"><ele>45.8</ele><time>2026-01-19T07:28:18Z</time></trkpt><trkpt lat="60.221172" lon="24.953583"><ele>46.1</ele><time>2026-01-19T07:28:19Z</time></trkpt><trkpt lat="60.221178" lon="24.953595"><ele>45.6</ele><time>2026-01-19T07:28:20Z</time><extensions><gpxtpx:TrackPointExtension><gpxtpx:hr>86</gpxtpx:hr></gpxtpx:TrackPointExtension></extensions></trkpt><trkpt lat="60.221188" lon="24.953597"><ele>45.8</ele><time>2026-01-19T07:28:21Z</time><extensions><gpxtpx:TrackPointExtension><gpxtpx:hr>86</gpxtpx:hr></gpxtpx:TrackPointExtension></extensions></trkpt><trkpt lat="60.221193" lon="24.953628"><ele>46.1</ele><time>2026-01-19T07:28:22Z</time></trkpt><trkpt lat="60.22119" lon="24.953655"><ele>46.1</ele><time>2026-01-19T07:28:23Z</time></trkpt><trkpt lat="60.221197" lon="24.953665"><ele>46.2</ele><time>2026-01-19T07:28:24Z</time></trkpt><trkpt lat="60.221212" lon="24.953682"><ele>46.2</ele><time>2026-01-19T07:28:25Z</time></trkpt><trkpt lat="60.221222" lon="24.95376"><ele>47.0</ele><time>2026-01-19T07:28:26Z</time><extensions><gpxtpx:TrackPointExtension><gpxtpx:hr>87</gpxtpx:hr></gpxtpx:TrackPointExtension></extensions></trkpt><trkpt lat="60.22122" lon="24.953768"><ele>46.6</ele><time>2026-01-19T07:28:27Z</time></trkpt><trkpt lat="60.221223" lon="24.953797"><ele>47.0</ele><time>2026-01-19T07:28:28Z</time></trkpt><trkpt lat="60.22123" lon="24.953822"><ele>46.9</ele><time>2026-01-19T07:28:29Z</time></trkpt><trkpt lat="60.221245" lon="24.953828"><ele>46.9</ele><time>2026-01-19T07:28:30Z</time></trkpt><trkpt lat="60.221258" lon="24.953838"><ele>46.4</ele><time>2026-01-19T07:28:31Z</time></trkpt><trkpt lat="60.221265" lon="24.953857"><ele>46.4</ele><time>2026-01-19T07:28:32Z</time></trkpt><trkpt lat="60.221282" lon="24.953868"><ele>46.3</ele><time>2026-01-19T07:28:33Z</time><extensions><gpxtpx:TrackPointExtension><gpxtpx:hr>87</gpxtpx:hr></gpxtpx:TrackPointExtension></extensions></trkpt><trkpt lat="60.221295" lon="24.953862"><ele>46.2</ele><time>2026-01-19T07:28:34Z</time></trkpt><trkpt lat="60.221305" lon="24.95387"><ele>46.5</ele><time>2026-01-19T07:28:35Z</time></trkpt><trkpt lat="60.221312" lon="24.953897"><ele>46.5</ele><time>2026-01-19T07:28:36Z</time><extensions><gpxtpx:TrackPointExtension><gpxtpx:hr>87</gpxtpx:hr></gpxtpx:TrackPointExtension></extensions></trkpt><trkpt lat="60.221313" lon="24.953935"><ele>47.1</ele><time>2026-01-19T07:28:37Z</time></trkpt><trkpt lat="60.221318" lon="24.953957"><ele>45.8</ele><time>2026-01-19T07:28:38Z</time></trkpt><trkpt lat="60.22132" lon="24.95398"><ele>45.9</ele><time>2026-01-19T07:28:39Z</time></trkpt><trkpt lat="60.221322" lon="24.954018"><ele>47.5</ele><time>2026-01-19T07:28:40Z</time></trkpt><trkpt lat="60.221328" lon="24.954043"><ele>47.1</ele><time>2026-01-19T07:28:41Z</time></trkpt><trkpt lat="60.221347" lon="24.954047"><ele>47.2</ele><time>2026-01-19T07:28:42Z</time></trkpt><trkpt lat="60.22135" lon="24.954068"><ele>46.8</ele><time>2026-01-19T07:28:43Z</time></trkpt><trkpt lat="60.221353" lon="24.954082"><ele>46.5</ele><time>2026-01-19T07:28:44Z</time></trkpt><trkpt lat="60.221355" lon="24.954092"><ele>46.9</ele><time>2026-01-19T07:28:45Z</time><extensions><gpxtpx:TrackPointExtension><gpxtpx:hr>86</gpxtpx:hr></gpxtpx:TrackPointExtension></extensions></trkpt><trkpt lat="60.221363" lon="24.954102"><ele>46.3</ele><time>2026-01-19T07:28:46Z</time></trkpt><trkpt lat="60.221378" lon="24.954128"><ele>46.4</ele><time>2026-01-19T07:28:47Z</time><extensions><gpxtpx:TrackPointExtension><gpxtpx:hr>86</gpxtpx:hr></gpxtpx:TrackPointExtension></extensions></trkpt><trkpt lat="60.221392" lon="24.954128"><ele>47.5</ele><time>2026-01-19T07:28:48Z</time></trkpt><trkpt lat="60.2214" lon="24.954145"><ele>47.5</ele><time>2026-01-19T07:28:49Z</time></trkpt><trkpt lat="60.22141" lon="24.95417"><ele>47.1</ele><time>2026-01-19T07:28:50Z</time></trkpt><trkpt lat="60.221418" lon="24.954197"><ele>47.2</ele><time>2026-01-19T07:28:51Z</time></trkpt><trkpt lat="60.221427" lon="24.954222"><ele>46.4</ele><time>2026-01-19T07:28:52Z</time></trkpt><trkpt lat="60.221437" lon="24.954243"><ele>45.6</ele><time>2026-01-19T07:28:53Z</time></trkpt><trkpt lat="60.22145" lon="24.954252"><ele>45.0</ele><time>2026-01-19T07:28:54Z</time><extensions><gpxtpx:TrackPointExtension><gpxtpx:hr>88</gpxtpx:hr></gpxtpx:TrackPointExtension></extensions></trkpt><trkpt lat="60.221457" lon="24.954278"><ele>45.1</ele><time>2026-01-19T07:28:55Z</time></trkpt><trkpt lat="60.221463" lon="24.95429"><ele>44.5</ele><time>2026-01-19T07:28:56Z</time></trkpt><trkpt lat="60.22147" lon="24.954308"><ele>44.6</ele><time>2026-01-19T07:28:57Z</time></trkpt><trkpt lat="60.22147" lon="24.954335"><ele>44.9</ele><time>2026-01-19T07:28:58Z</time></trkpt><trkpt lat="60.221477" lon="24.954342"><ele>44.9</ele><time>2026-01-19T07:28:59Z</time></trkpt><trkpt lat="60.22148" lon="24.954365"><ele>45.1</ele><time>2026-01-19T07:29:00Z</time><extensions><gpxtpx:TrackPointExtension><gpxtpx:hr>88</gpxtpx:hr></gpxtpx:TrackPointExtension></extensions></trkpt><trkpt lat="60.221478" lon="24.95436"><ele>44.8</ele><time>2026-01-19T07:29:01Z</time><extensions><gpxtpx:TrackPointExtension><gpxtpx:hr>88</gpxtpx:hr></gpxtpx:TrackPointExtension></extensions></trkpt><trkpt lat="60.221478" lon="24.954385"><ele>45.9</ele><time>2026-01-19T07:29:02Z</time></trkpt><trkpt lat="60.221488" lon="24.954405"><ele>44.9</ele><time>2026-01-19T07:29:03Z</time></trkpt><trkpt lat="60.221488" lon="24.95443"><ele>45.7</ele><time>2026-01-19T07:29:04Z</time></trkpt><trkpt lat="60.221495" lon="24.95445"><ele>45.3</ele><time>2026-01-19T07:29:05Z</time></trkpt><trkpt lat="60.221497" lon="24.954477"><ele>45.7</ele><time>2026-01-19T07:29:06Z</time><extensions><gpxtpx:TrackPointExtension><gpxtpx:hr>88</gpxtpx:hr></gpxtpx:TrackPointExtension></extensions></trkpt><trkpt lat="60.221508" lon="24.954505"><ele>45.4</ele><time>2026-01-19T07:29:07Z</time></trkpt><trkpt lat="60.221505" lon="24.954538"><ele>46.4</ele><time>2026-01-19T07:29:08Z</time></trkpt><trkpt lat="60.221518" lon="24.954562"><ele>45.5</ele><time>2026-01-19T07:29:09Z</time></trkpt><trkpt lat="60.221523" lon="24.954593"><ele>45.5</ele><time>2026-01-19T07:29:10Z</time></trkpt><trkpt lat="60.221535" lon="24.954613"><ele>44.7</ele><time>2026-01-19T07:29:11Z</time><extensions><gpxtpx:TrackPointExtension><gpxtpx:hr>87</gpxtpx:hr></gpxtpx:TrackPointExtension></extensions></trkpt><trkpt lat="60.221542" lon="24.954638"><ele>43.8</ele><time>2026-01-19T07:29:12Z</time></trkpt><trkpt lat="60.221548" lon="24.954662"><ele>42.5</ele><time>2026-01-19T07:29:13Z</time></trkpt><trkpt lat="60.221555" lon="24.954673"><ele>42.0</ele><time>2026-01-19T07:29:14Z</time></trkpt><trkpt lat="60.221558" lon="24.954697"><ele>42.5</ele><time>2026-01-19T07:29:15Z</time></trkpt><trkpt lat="60.22156" lon="24.954737"><ele>43.0</ele><time>2026-01-19T07:29:16Z</time></trkpt><trkpt lat="60.221573" lon="24.954767"><ele>42.0</ele><time>2026-01-19T07:29:17Z</time></trkpt><trkpt lat="60.22158" lon="24.954788"><ele>41.7</ele><time>2026-01-19T07:29:18Z</time></trkpt><trkpt lat="60.221585" lon="24.954818"><ele>42.4</ele><time>2026-01-19T07:29:19Z</time></trkpt><trkpt lat="60.22159" lon="24.954847"><ele>42.3</ele><time>2026-01-19T07:29:20Z</time><extensions><gpxtpx:TrackPointExtension><gpxtpx:hr>89</gpxtpx:hr></gpxtpx:TrackPointExtension></extensions></trkpt><trkpt lat="60.221593" lon="24.954873"><ele>42.6</ele><time>2026-01-19T07:29:21Z</time></trkpt><trkpt lat="60.221593" lon="24.954902"><ele>43.0</ele><time>2026-01-19T07:29:22Z</time></trkpt><trkpt lat="60.221598" lon="24.954927"><ele>43.1</ele><time>2026-01-19T07:29:23Z</time></trkpt><trkpt lat="60.22161" lon="24.95495"><ele>43.0</ele><time>2026-01-19T07:29:24Z</time><extensions><gpxtpx:TrackPointExtension><gpxtpx:hr>89</gpxtpx:hr></gpxtpx:TrackPointExtension></extensions></trkpt><trkpt lat="60.221612" lon="24.95498"><ele>43.7</ele><time>2026-01-19T07:29:25Z</time></trkpt><trkpt lat="60.221612" lon="24.955012"><ele>43.8</ele><time>2026-01-19T07:29:26Z</time><extensions><gpxtpx:TrackPointExtension><gpxtpx:hr>89</gpxtpx:hr></gpxtpx:TrackPointExtension></extensions></trkpt><trkpt lat="60.221618" lon="24.955035"><ele>43.1</ele><time>2026-01-19T07:29:27Z</time></trkpt><trkpt lat="60.221628" lon="24.955058"><ele>42.8</ele><time>2026-01-19T07:29:28Z</time></trkpt><trkpt lat="60.221628" lon="24.955087"><ele>43.0</ele><time>2026-01-19T07:29:29Z</time></trkpt><trkpt lat="60.221638" lon="24.955107"><ele>42.8</ele><time>2026-01-19T07:29:30Z</time></trkpt><trkpt lat="60.221642" lon="24.955135"><ele>42.7</ele><time>2026-01-19T07:29:31Z</time></trkpt><trkpt lat="60.221652" lon="24.955155"><ele>42.5</ele><time>2026-01-19T07:29:32Z</time></trkpt><trkpt lat="60.221653" lon="24.955182"><ele>42.4</ele><time>2026-01-19T07:29:33Z</time></trkpt><trkpt lat="60.221663" lon="24.955203"><ele>42.3</ele><time>2026-01-19T07:29:34Z</time><extensions><gpxtpx:TrackPointExtension><gpxtpx:hr>89</gpxtpx:hr></gpxtpx:TrackPointExtension></extensions></trkpt><trkpt lat="60.22166" lon="24.955232"><ele>42.5</ele><time>2026-01-19T07:29:35Z</time></trkpt><trkpt lat="60.221667" lon="24.95526"><ele>42.9</ele><time>2026-01-19T07:29:36Z</time></trkpt><trkpt lat="60.221673" lon="24.955288"><ele>42.7</ele><time>2026-01-19T07:29:37Z</time></trkpt><trkpt lat="60.221682" lon="24.955313"><ele>43.0</ele><time>2026-01-19T07:29:38Z</time></trkpt><trkpt lat="60.221688" lon="24.955337"><ele>42.5</ele><time>2026-01-19T07:29:39Z</time><extensions><gpxtpx:TrackPointExtension><gpxtpx:hr>88</gpxtpx:hr></gpxtpx:TrackPointExtension></extensions></trkpt><trkpt lat="60.221698" lon="24.95536"><ele>42.0</ele><time>2026-01-19T07:29:40Z</time></trkpt><trkpt lat="60.221703" lon="24.955385"><ele>41.8</ele><time>2026-01-19T07:29:41Z</time></trkpt><trkpt lat="60.221712" lon="24.955405"><ele>41.7</ele><time>2026-01-19T07:29:42Z</time></trkpt><trkpt lat="60.221715" lon="24.955428"><ele>42.5</ele><time>2026-01-19T07:29:43Z</time></trkpt><trkpt lat="60.221723" lon="24.95545"><ele>42.6</ele><time>2026-01-19T07:29:44Z</time></trkpt><trkpt lat="60.221733" lon="24.955468"><ele>42.7</ele><time>2026-01-19T07:29:45Z</time><extensions><gpxtpx:TrackPointExtension><gpxtpx:hr>84</gpxtpx:hr></gpxtpx:TrackPointExtension></extensions></trkpt><trkpt lat="60.221742" lon="24.955493"><ele>42.7</ele><time>2026-01-19T07:29:46Z</time></trkpt><trkpt lat="60.221753" lon="24.95551"><ele>42.9</ele><time>2026-01-19T07:29:47Z</time></trkpt><trkpt lat="60.221758" lon="24.955532"><ele>43.3</ele><time>2026-01-19T07:29:48Z</time></trkpt><trkpt lat="60.221768" lon="24.955553"><ele>42.9</ele><time>2026-01-19T07:29:49Z</time></trkpt><trkpt lat="60.221775" lon="24.955575"><ele>42.9</ele><time>2026-01-19T07:29:50Z</time><extensions><gpxtpx:TrackPointExtension><gpxtpx:hr>83</gpxtpx:hr></gpxtpx:TrackPointExtension></extensions></trkpt><trkpt lat="60.221778" lon="24.955603"><ele>42.5</ele><time>2026-01-19T07:29:51Z</time><extensions><gpxtpx:TrackPointExtension><gpxtpx:hr>83</gpxtpx:hr></gpxtpx:TrackPointExtension></extensions></trkpt><trkpt lat="60.221782" lon="24.955625"><ele>41.8</ele><time>2026-01-19T07:29:52Z</time></trkpt><trkpt lat="60.221783" lon="24.95565"><ele>40.8</ele><time>2026-01-19T07:29:53Z</time></trkpt><trkpt lat="60.221792" lon="24.955667"><ele>40.8</ele><time>2026-01-19T07:29:54Z</time></trkpt><trkpt lat="60.221795" lon="24.955697"><ele>41.2</ele><time>2026-01-19T07:29:55Z</time></trkpt><trkpt lat="60.221792" lon="24.95573"><ele>41.7</ele><time>2026-01-19T07:29:56Z</time><extensions><gpxtpx:TrackPointExtension><gpxtpx:hr>84</gpxtpx:hr></gpxtpx:TrackPointExtension></extensions></trkpt><trkpt lat="60.221793" lon="24.955753"><ele>41.8</ele><time>2026-01-19T07:29:57Z</time></trkpt><trkpt lat="60.221793" lon="24.955783"><ele>41.7</ele><time>2026-01-19T07:29:58Z</time></trkpt><trkpt lat="60.221792" lon="24.955812"><ele>41.0</ele><time>2026-01-19T07:29:59Z</time></trkpt><trkpt lat="60.221792" lon="24.95584"><ele>40.7</ele><time>2026-01-19T07:30:00Z</time></trkpt><trkpt lat="60.221795" lon="24.955867"><ele>40.8</ele><time>2026-01-19T07:30:01Z</time></trkpt><trkpt lat="60.221795" lon="24.955898"><ele>41.2</ele><time>2026-01-19T07:30:02Z</time></trkpt><trkpt lat="60.221798" lon="24.955922"><ele>40.7</ele><time>2026-01-19T07:30:03Z</time><extensions><gpxtpx:TrackPointExtension><gpxtpx:hr>85</gpxtpx:hr></gpxtpx:TrackPointExtension></extensions></trkpt><trkpt lat="60.2218" lon="24.955952"><ele>40.4</ele><time>2026-01-19T07:30:04Z</time></trkpt><trkpt lat="60.221803" lon="24.955982"><ele>40.9</ele><time>2026-01-19T07:30:05Z</time></trkpt><trkpt lat="60.221805" lon="24.956005"><ele>40.7</ele><time>2026-01-19T07:30:06Z</time></trkpt><trkpt lat="60.221803" lon="24.956033"><ele>40.7</ele><time>2026-01-19T07:30:07Z</time></trkpt><trkpt lat="60.2218" lon="24.95606"><ele>40.6</ele><time>2026-01-19T07:30:08Z</time></trkpt><trkpt lat="60.2218" lon="24.956087"><ele>40.6</ele><time>2026-01-19T07:30:09Z</time><extensions><gpxtpx:TrackPointExtension><gpxtpx:hr>84</gpxtpx:hr></gpxtpx:TrackPointExtension></extensions></trkpt><trkpt lat="60.221793" lon="24.956115"><ele>41.4</ele><time>2026-01-19T07:30:10Z</time></trkpt><trkpt lat="60.221792" lon="24.956142"><ele>41.4</ele><time>2026-01-19T07:30:11Z</time></trkpt><trkpt lat="60.221788" lon="24.956168"><ele>40.8</ele><time>2026-01-19T07:30:12Z</time></trkpt><trkpt lat="60.221783" lon="24.956195"><ele>40.6</ele><time>2026-01-19T07:30:13Z</time></trkpt><trkpt lat="60.221783" lon="24.956222"><ele>40.0</ele><time>2026-01-19T07:30:14Z</time></trkpt><trkpt lat="60.221782" lon="24.95625"><ele>39.6</ele><time>2026-01-19T07:30:15Z</time><extensions><gpxtpx:TrackPointExtension><gpxtpx:hr>83</gpxtpx:hr></gpxtpx:TrackPointExtension></extensions></trkpt><trkpt lat="60.221777" lon="24.95628"><ele>39.9</ele><time>2026-01-19T07:30:16Z</time></trkpt><trkpt lat="60.221775" lon="24.956307"><ele>39.4</ele><time>2026-01-19T07:30:17Z</time></trkpt><trkpt lat="60.221773" lon="24.956333"><ele>38.9</ele><time>2026-01-19T07:30:18Z</time></trkpt><trkpt lat="60.221772" lon="24.956362"><ele>39.4</ele><time>2026-01-19T07:30:19Z</time><extensions><gpxtpx:TrackPointExtension><gpxtpx:hr>82</gpxtpx:hr></gpxtpx:TrackPointExtension></extensions></trkpt><trkpt lat="60.221768" lon="24.956387"><ele>39.1</ele><time>2026-01-19T07:30:20Z</time></trkpt><trkpt lat="60.221768" lon="24.956413"><ele>38.6</ele><time>2026-01-19T07:30:21Z</time><extensions><gpxtpx:TrackPointExtension><gpxtpx:hr>82</gpxtpx:hr></gpxtpx:TrackPointExtension></extensions></trkpt><trkpt lat="60.221772" lon="24.95644"><ele>38.2</ele><time>2026-01-19T07:30:22Z</time></trkpt><trkpt lat="60.221772" lon="24.956467"><ele>38.6</ele><time>2026-01-19T07:30:23Z</time></trkpt><trkpt lat="60.22177" lon="24.956497"><ele>38.9</ele><time>2026-01-19T07:30:24Z</time></trkpt><trkpt lat="60.221767" lon="24.956527"><ele>38.5</ele><time>2026-01-19T07:30:25Z</time></trkpt><trkpt lat="60.221763" lon="24.956553"><ele>38.8</ele><time>2026-01-19T07:30:26Z</time></trkpt><trkpt lat="60.221758" lon="24.956578"><ele>39.0</ele><time>2026-01-19T07:30:27Z</time></trkpt><trkpt lat="60.221763" lon="24.956608"><ele>38.6</ele><time>2026-01-19T07:30:28Z</time></trkpt><trkpt lat="60.221768" lon="24.956635"><ele>37.9</ele><time>2026-01-19T07:30:29Z</time><extensions><gpxtpx:TrackPointExtension><gpxtpx:hr>83</gpxtpx:hr></gpxtpx:TrackPointExtension></extensions></trkpt><trkpt lat="60.221768" lon="24.956663"><ele>37.7</ele><time>2026-01-19T07:30:30Z</time></trkpt><trkpt lat="60.221772" lon="24.956693"><ele>37.7</ele><time>2026-01-19T07:30:31Z</time></trkpt><trkpt lat="60.221772" lon="24.956723"><ele>37.8</ele><time>2026-01-19T07:30:32Z</time></trkpt><trkpt lat="60.221772" lon="24.95675"><ele>37.3</ele><time>2026-01-19T07:30:33Z</time></trkpt><trkpt lat="60.221772" lon="24.956773"><ele>36.8</ele><time>2026-01-19T07:30:34Z</time></trkpt><trkpt lat="60.221778" lon="24.956803"><ele>36.4</ele><time>2026-01-19T07:30:35Z</time><extensions><gpxtpx:TrackPointExtension><gpxtpx:hr>81</gpxtpx:hr></gpxtpx:TrackPointExtension></extensions></trkpt><trkpt lat="60.22178" lon="24.956828"><ele>35.8</ele><time>2026-01-19T07:30:36Z</time></trkpt><trkpt lat="60.221778" lon="24.956857"><ele>36.4</ele><time>2026-01-19T07:30:37Z</time></trkpt><trkpt lat="60.221768" lon="24.956882"><ele>36.3</ele><time>2026-01-19T07:30:38Z</time></trkpt><trkpt lat="60.22177" lon="24.956907"><ele>37.1</ele><time>2026-01-19T07:30:39Z</time></trkpt><trkpt lat="60.221767" lon="24.956937"><ele>36.4</ele><time>2026-01-19T07:30:40Z</time><extensions><gpxtpx:TrackPointExtension><gpxtpx:hr>81</gpxtpx:hr></gpxtpx:TrackPointExtension></extensions></trkpt><trkpt lat="60.22176" lon="24.95696"><ele>36.1</ele><time>2026-01-19T07:30:41Z</time></trkpt><trkpt lat="60.221765" lon="24.956988"><ele>36.5</ele><time>2026-01-19T07:30:42Z</time><extensions><gpxtpx:TrackPointExtension><gpxtpx:hr>81</gpxtpx:hr></gpxtpx:TrackPointExtension></extensions></trkpt><trkpt lat="60.221755" lon="24.957015"><ele>36.4</ele><time>2026-01-19T07:30:43Z</time></trkpt><trkpt lat="60.221758" lon="24.957045"><ele>36.1</ele><time>2026-01-19T07:30:44Z</time></trkpt><trkpt lat="60.221753" lon="24.957042"><ele>36.1</ele><time>2026-01-19T07:30:45Z</time></trkpt><trkpt lat="60.221747" lon="24.957075"><ele>35.9</ele><time>2026-01-19T07:30:45Z</time></trkpt><trkpt lat="60.221745" lon="24.957097"><ele>35.7</ele><time>2026-01-19T07:30:46Z</time><extensions><gpxtpx:TrackPointExtension><gpxtpx:hr>80</gpxtpx:hr></gpxtpx:TrackPointExtension></extensions></trkpt><trkpt lat="60.221743" lon="24.95712"><ele>35.6</ele><time>2026-01-19T07:30:47Z</time></trkpt><trkpt lat="60.221747" lon="24.957152"><ele>34.8</ele><time>2026-01-19T07:30:48Z</time></trkpt><trkpt lat="60.22174" lon="24.95718"><ele>34.6</ele><time>2026-01-19T07:30:49Z</time></trkpt><trkpt lat="60.221748" lon="24.957188"><ele>33.6</ele><time>2026-01-19T07:30:50Z</time></trkpt><trkpt lat="60.221757" lon="24.957222"><ele>33.7</ele><time>2026-01-19T07:30:51Z</time><extensions><gpxtpx:TrackPointExtension><gpxtpx:hr>81</gpxtpx:hr></gpxtpx:TrackPointExtension></extensions></trkpt><trkpt lat="60.221755" lon="24.957257"><ele>34.5</ele><time>2026-01-19T07:30:52Z</time></trkpt><trkpt lat="60.221752" lon="24.957285"><ele>33.8</ele><time>2026-01-19T07:30:53Z</time></trkpt><trkpt lat="60.22175" lon="24.957312"><ele>33.8</ele><time>2026-01-19T07:30:54Z</time></trkpt><trkpt lat="60.221745" lon="24.957338"><ele>32.9</ele><time>2026-01-19T07:30:55Z</time></trkpt><trkpt lat="60.221738" lon="24.95737"><ele>33.1</ele><time>2026-01-19T07:30:56Z</time></trkpt><trkpt lat="60.221732" lon="24.9574"><ele>33.8</ele><time>2026-01-19T07:30:57Z</time></trkpt><trkpt lat="60.221732" lon="24.957427"><ele>33.1</ele><time>2026-01-19T07:30:58Z</time></trkpt><trkpt lat="60.221727" lon="24.957455"><ele>32.6</ele><time>2026-01-19T07:30:59Z</time></trkpt><trkpt lat="60.221727" lon="24.957483"><ele>32.8</ele><time>2026-01-19T07:31:00Z</time><extensions><gpxtpx:TrackPointExtension><gpxtpx:hr>80</gpxtpx:hr></gpxtpx:TrackPointExtension></extensions></trkpt><trkpt lat="60.221725" lon="24.95751"><ele>32.9</ele><time>2026-01-19T07:31:01Z</time><extensions><gpxtpx:TrackPointExtension><gpxtpx:hr>80</gpxtpx:hr></gpxtpx:TrackPointExtension></extensions></trkpt><trkpt lat="60.221723" lon="24.957538"><ele>32.9</ele><time>2026-01-19T07:31:02Z</time></trkpt><trkpt lat="60.22172" lon="24.957568"><ele>33.6</ele><time>2026-01-19T07:31:03Z</time></trkpt><trkpt lat="60.221708" lon="24.957593"><ele>34.1</ele><time>2026-01-19T07:31:04Z</time></trkpt><trkpt lat="60.221705" lon="24.95762"><ele>33.5</ele><time>2026-01-19T07:31:05Z</time></trkpt><trkpt lat="60.221698" lon="24.957645"><ele>33.0</ele><time>2026-01-19T07:31:06Z</time><extensions><gpxtpx:TrackPointExtension><gpxtpx:hr>81</gpxtpx:hr></gpxtpx:TrackPointExtension></extensions></trkpt><trkpt lat="60.221695" lon="24.957672"><ele>32.8</ele><time>2026-01-19T07:31:07Z</time></trkpt><trkpt lat="60.221692" lon="24.957698"><ele>33.2</ele><time>2026-01-19T07:31:08Z</time></trkpt><trkpt lat="60.22169" lon="24.957728"><ele>33.3</ele><time>2026-01-19T07:31:09Z</time></trkpt><trkpt lat="60.221688" lon="24.957755"><ele>33.5</ele><time>2026-01-19T07:31:10Z</time></trkpt><trkpt lat="60.221695" lon="24.957787"><ele>33.8</ele><time>2026-01-19T07:31:11Z</time></trkpt><trkpt lat="60.2217" lon="24.957813"><ele>34.3</ele><time>2026-01-19T07:31:12Z</time><extensions><gpxtpx:TrackPointExtension><gpxtpx:hr>82</gpxtpx:hr></gpxtpx:TrackPointExtension></extensions></trkpt><trkpt lat="60.221688" lon="24.957833"><ele>34.5</ele><time>2026-01-19T07:31:13Z</time></trkpt><trkpt lat="60.221685" lon="24.957857"><ele>34.2</ele><time>2026-01-19T07:31:14Z</time></trkpt><trkpt lat="60.221678" lon="24.957883"><ele>33.9</ele><time>2026-01-19T07:31:15Z</time></trkpt><trkpt lat="60.221673" lon="24.95791"><ele>33.3</ele><time>2026-01-19T07:31:16Z</time></trkpt><trkpt lat="60.221667" lon="24.957935"><ele>32.7</ele><time>2026-01-19T07:31:17Z</time></trkpt><trkpt lat="60.221668" lon="24.957962"><ele>33.2</ele><time>2026-01-19T07:31:18Z</time></trkpt><trkpt lat="60.221668" lon="24.957992"><ele>33.5</ele><time>2026-01-19T07:31:19Z</time></trkpt><trkpt lat="60.221672" lon="24.958018"><ele>33.6</ele><time>2026-01-19T07:31:20Z</time><extensions><gpxtpx:TrackPointExtension><gpxtpx:hr>84</gpxtpx:hr></gpxtpx:TrackPointExtension></extensions></trkpt><trkpt lat="60.221673" lon="24.958045"><ele>33.3</ele><time>2026-01-19T07:31:21Z</time><extensions><gpxtpx:TrackPointExtension><gpxtpx:hr>85</gpxtpx:hr></gpxtpx:TrackPointExtension></extensions></trkpt><trkpt lat="60.221672" lon="24.958075"><ele>33.8</ele><time>2026-01-19T07:31:22Z</time></trkpt><trkpt lat="60.221675" lon="24.9581"><ele>34.3</ele><time>2026-01-19T07:31:23Z</time></trkpt><trkpt lat="60.22167" lon="24.958127"><ele>34.2</ele><time>2026-01-19T07:31:24Z</time></trkpt><trkpt lat="60.221677" lon="24.958147"><ele>34.0</ele><time>2026-01-19T07:31:25Z</time></trkpt><trkpt lat="60.221675" lon="24.958142"><ele>34.3</ele><time>2026-01-19T07:31:26Z</time></trkpt><trkpt lat="60.221668" lon="24.958173"><ele>34.5</ele><time>2026-01-19T07:31:27Z</time></trkpt><trkpt lat="60.221653" lon="24.958195"><ele>35.0</ele><time>2026-01-19T07:31:28Z</time></trkpt><trkpt lat="60.22165" lon="24.958225"><ele>35.3</ele><time>2026-01-19T07:31:29Z</time></trkpt><trkpt lat="60.221652" lon="24.958248"><ele>35.8</ele><time>2026-01-19T07:31:30Z</time><extensions><gpxtpx:TrackPointExtension><gpxtpx:hr>87</gpxtpx:hr></gpxtpx:TrackPointExtension></extensions></trkpt><trkpt lat="60.221648" lon="24.95827"><ele>35.7</ele><time>2026-01-19T07:31:31Z</time><extensions><gpxtpx:TrackPointExtension><gpxtpx:hr>87</gpxtpx:hr></gpxtpx:TrackPointExtension></extensions></trkpt><trkpt lat="60.221648" lon="24.9583"><ele>35.7</ele><time>2026-01-19T07:31:32Z</time></trkpt><trkpt lat="60.221642" lon="24.958328"><ele>35.6</ele><time>2026-01-19T07:31:33Z</time></trkpt><trkpt lat="60.221647" lon="24.95836"><ele>36.5</ele><time>2026-01-19T07:31:34Z</time></trkpt><trkpt lat="60.221645" lon="24.958378"><ele>36.1</ele><time>2026-01-19T07:31:35Z</time></trkpt><trkpt lat="60.221647" lon="24.9584"><ele>35.5</ele><time>2026-01-19T07:31:36Z</time></trkpt><trkpt lat="60.221637" lon="24.958428"><ele>35.2</ele><time>2026-01-19T07:31:37Z</time></trkpt><trkpt lat="60.221625" lon="24.958467"><ele>35.1</ele><time>2026-01-19T07:31:38Z</time></trkpt><trkpt lat="60.221633" lon="24.958483"><ele>35.2</ele><time>2026-01-19T07:31:39Z</time></trkpt><trkpt lat="60.221627" lon="24.958508"><ele>36.0</ele><time>2026-01-19T07:31:40Z</time><extensions><gpxtpx:TrackPointExtension><gpxtpx:hr>89</gpxtpx:hr></gpxtpx:TrackPointExtension></extensions></trkpt><trkpt lat="60.221625" lon="24.958532"><ele>36.1</ele><time>2026-01-19T07:31:41Z</time></trkpt><trkpt lat="60.221627" lon="24.95856"><ele>36.4</ele><time>2026-01-19T07:31:42Z</time><extensions><gpxtpx:TrackPointExtension><gpxtpx:hr>89</gpxtpx:hr></gpxtpx:TrackPointExtension></extensions></trkpt><trkpt lat="60.221628" lon="24.95857"><ele>36.7</ele><time>2026-01-19T07:31:43Z</time></trkpt><trkpt lat="60.221613" lon="24.95862"><ele>35.7</ele><time>2026-01-19T07:31:44Z</time></trkpt><trkpt lat="60.22161" lon="24.958647"><ele>35.3</ele><time>2026-01-19T07:31:45Z</time></trkpt><trkpt lat="60.221603" lon="24.958667"><ele>35.7</ele><time>2026-01-19T07:31:46Z</time><extensions><gpxtpx:TrackPointExtension><gpxtpx:hr>89</gpxtpx:hr></gpxtpx:TrackPointExtension></extensions></trkpt><trkpt lat="60.221595" lon="24.958683"><ele>35.5</ele><time>2026-01-19T07:31:47Z</time></trkpt><trkpt lat="60.2216" lon="24.958712"><ele>34.9</ele><time>2026-01-19T07:31:48Z</time></trkpt><trkpt lat="60.221593" lon="24.958745"><ele>34.9</ele><time>2026-01-19T07:31:49Z</time></trkpt><trkpt lat="60.221585" lon="24.95877"><ele>34.9</ele><time>2026-01-19T07:31:50Z</time></trkpt><trkpt lat="60.22158" lon="24.958797"><ele>35.0</ele><time>2026-01-19T07:31:51Z</time></trkpt><trkpt lat="60.221573" lon="24.958815"><ele>35.8</ele><time>2026-01-19T07:31:52Z</time></trkpt><trkpt lat="60.22157" lon="24.958842"><ele>36.3</ele><time>2026-01-19T07:31:53Z</time></trkpt><trkpt lat="60.221563" lon="24.958867"><ele>35.6</ele><time>2026-01-19T07:31:54Z</time></trkpt><trkpt lat="60.221563" lon="24.958895"><ele>35.3</ele><time>2026-01-19T07:31:55Z</time><extensions><gpxtpx:TrackPointExtension><gpxtpx:hr>89</gpxtpx:hr></gpxtpx:TrackPointExtension></extensions></trkpt><trkpt lat="60.221555" lon="24.95892"><ele>35.0</ele><time>2026-01-19T07:31:56Z</time><extensions><gpxtpx:TrackPointExtension><gpxtpx:hr>89</gpxtpx:hr></gpxtpx:TrackPointExtension></extensions></trkpt><trkpt lat="60.221542" lon="24.958948"><ele>35.6</ele><time>2026-01-19T07:31:57Z</time></trkpt><trkpt lat="60.221533" lon="24.958972"><ele>36.1</ele><time>2026-01-19T07:31:58Z</time></trkpt><trkpt lat="60.221523" lon="24.958995"><ele>36.2</ele><time>2026-01-19T07:31:59Z</time></trkpt><trkpt lat="60.221512" lon="24.959015"><ele>36.7</ele><time>2026-01-19T07:32:00Z</time></trkpt><trkpt lat="60.22151" lon="24.959047"><ele>36.8</ele><time>2026-01-19T07:32:01Z</time><extensions><gpxtpx:TrackPointExtension><gpxtpx:hr>89</gpxtpx:hr></gpxtpx:TrackPointExtension></extensions></trkpt><trkpt lat="60.221503" lon="24.959077"><ele>36.9</ele><time>2026-01-19T07:32:02Z</time></trkpt><trkpt lat="60.221498" lon="24.9591"><ele>37.5</ele><time>2026-01-19T07:32:03Z</time></trkpt><trkpt lat="60.221495" lon="24.959122"><ele>37.1</ele><time>2026-01-19T07:32:04Z</time></trkpt><trkpt lat="60.221485" lon="24.959145"><ele>36.4</ele><time>2026-01-19T07:32:05Z</time></trkpt><trkpt lat="60.221478" lon="24.959175"><ele>35.9</ele><time>2026-01-19T07:32:06Z</time></trkpt><trkpt lat="60.221472" lon="24.959192"><ele>36.2</ele><time>2026-01-19T07:32:07Z</time></trkpt><trkpt lat="60.221465" lon="24.959218"><ele>36.5</ele><time>2026-01-19T07:32:08Z</time></trkpt><trkpt lat="60.221457" lon="24.959233"><ele>36.3</ele><time>2026-01-19T07:32:09Z</time></trkpt><trkpt lat="60.221447" lon="24.959247"><ele>36.8</ele><time>2026-01-19T07:32:10Z</time><extensions><gpxtpx:TrackPointExtension><gpxtpx:hr>86</gpxtpx:hr></gpxtpx:TrackPointExtension></extensions></trkpt><trkpt lat="60.221443" lon="24.959267"><ele>36.5</ele><time>2026-01-19T07:32:11Z</time></trkpt><trkpt lat="60.221438" lon="24.959277"><ele>36.0</ele><time>2026-01-19T07:32:12Z</time></trkpt><trkpt lat="60.221427" lon="24.959315"><ele>36.3</ele><time>2026-01-19T07:32:13Z</time></trkpt><trkpt lat="60.221425" lon="24.959337"><ele>36.3</ele><time>2026-01-19T07:32:14Z</time><extensions><gpxtpx:TrackPointExtension><gpxtpx:hr>83</gpxtpx:hr></gpxtpx:TrackPointExtension></extensions></trkpt><trkpt lat="60.221418" lon="24.959362"><ele>35.8</ele><time>2026-01-19T07:32:15Z</time></trkpt><trkpt lat="60.221412" lon="24.959382"><ele>36.3</ele><time>2026-01-19T07:32:16Z</time></trkpt><trkpt lat="60.221402" lon="24.959398"><ele>35.5</ele><time>2026-01-19T07:32:17Z</time></trkpt><trkpt lat="60.221397" lon="24.95943"><ele>34.8</ele><time>2026-01-19T07:32:18Z</time></trkpt><trkpt lat="60.221397" lon="24.959465"><ele>34.7</ele><time>2026-01-19T07:32:19Z</time></trkpt><trkpt lat="60.221393" lon="24.959493"><ele>34.6</ele><time>2026-01-19T07:32:20Z</time><extensions><gpxtpx:TrackPointExtension><gpxtpx:hr>84</gpxtpx:hr></gpxtpx:TrackPointExtension></extensions></trkpt><trkpt lat="60.221382" lon="24.959515"><ele>34.1</ele><time>2026-01-19T07:32:21Z</time></trkpt><trkpt lat="60.221377" lon="24.95954"><ele>34.1</ele><time>2026-01-19T07:32:22Z</time></trkpt><trkpt lat="60.221357" lon="24.959545"><ele>34.1</ele><time>2026-01-19T07:32:23Z</time></trkpt><trkpt lat="60.22135" lon="24.959555"><ele>33.4</ele><time>2026-01-19T07:32:24Z</time></trkpt><trkpt lat="60.221348" lon="24.959597"><ele>33.1</ele><time>2026-01-19T07:32:25Z</time><extensions><gpxtpx:TrackPointExtension><gpxtpx:hr>84</gpxtpx:hr></gpxtpx:TrackPointExtension></extensions></trkpt><trkpt lat="60.221342" lon="24.959613"><ele>32.1</ele><time>2026-01-19T07:32:26Z</time></trkpt><trkpt lat="60.221333" lon="24.959628"><ele>31.9</ele><time>2026-01-19T07:32:27Z</time></trkpt><trkpt lat="60.221327" lon="24.95964"><ele>32.4</ele><time>2026-01-19T07:32:28Z</time></trkpt><trkpt lat="60.221322" lon="24.959663"><ele>32.9</ele><time>2026-01-19T07:32:29Z</time></trkpt><trkpt lat="60.221315" lon="24.959678"><ele>31.2</ele><time>2026-01-19T07:32:30Z</time><extensions><gpxtpx:TrackPointExtension><gpxtpx:hr>83</gpxtpx:hr></gpxtpx:TrackPointExtension></extensions></trkpt><trkpt lat="60.221307" lon="24.959705"><ele>30.9</ele><time>2026-01-19T07:32:31Z</time><extensions><gpxtpx:TrackPointExtension><gpxtpx:hr>83</gpxtpx:hr></gpxtpx:TrackPointExtension></extensions></trkpt><trkpt lat="60.221307" lon="24.95971"><ele>31.1</ele><time>2026-01-19T07:32:32Z</time></trkpt><trkpt lat="60.221298" lon="24.959718"><ele>31.7</ele><time>2026-01-19T07:32:33Z</time></trkpt><trkpt lat="60.22129" lon="24.959732"><ele>31.5</ele><time>2026-01-19T07:32:34Z</time></trkpt><trkpt lat="60.221277" lon="24.959748"><ele>31.6</ele><time>2026-01-19T07:32:35Z</time></trkpt><trkpt lat="60.221268" lon="24.959767"><ele>31.9</ele><time>2026-01-19T07:32:36Z</time></trkpt><trkpt lat="60.221262" lon="24.959803"><ele>31.1</ele><time>2026-01-19T07:32:37Z</time><extensions><gpxtpx:TrackPointExtension><gpxtpx:hr>82</gpxtpx:hr></gpxtpx:TrackPointExtension></extensions></trkpt><trkpt lat="60.221257" lon="24.959832"><ele>30.9</ele><time>2026-01-19T07:32:38Z</time></trkpt><trkpt lat="60.221248" lon="24.959852"><ele>30.9</ele><time>2026-01-19T07:32:39Z</time></trkpt><trkpt lat="60.221238" lon="24.959868"><ele>30.3</ele><time>2026-01-19T07:32:40Z</time></trkpt><trkpt lat="60.221227" lon="24.959885"><ele>30.6</ele><time>2026-01-19T07:32:41Z</time></trkpt><trkpt lat="60.22122" lon="24.959915"><ele>30.4</ele><time>2026-01-19T07:32:42Z</time></trkpt><trkpt lat="60.221205" lon="24.95991"><ele>29.7</ele><time>2026-01-19T07:32:43Z</time></trkpt><trkpt lat="60.221197" lon="24.95992"><ele>28.7</ele><time>2026-01-19T07:32:44Z</time></trkpt><trkpt lat="60.221183" lon="24.959933"><ele>29.1</ele><time>2026-01-19T07:32:45Z</time><extensions><gpxtpx:TrackPointExtension><gpxtpx:hr>82</gpxtpx:hr></gpxtpx:TrackPointExtension></extensions></trkpt><trkpt lat="60.221177" lon="24.95995"><ele>29.4</ele><time>2026-01-19T07:32:46Z</time><extensions><gpxtpx:TrackPointExtension><gpxtpx:hr>82</gpxtpx:hr></gpxtpx:TrackPointExtension></extensions></trkpt><trkpt lat="60.221167" lon="24.959973"><ele>28.8</ele><time>2026-01-19T07:32:47Z</time></trkpt><trkpt lat="60.221158" lon="24.95999"><ele>29.0</ele><time>2026-01-19T07:32:48Z</time></trkpt><trkpt lat="60.221153" lon="24.960013"><ele>28.9</ele><time>2026-01-19T07:32:49Z</time></trkpt><trkpt lat="60.221147" lon="24.96003"><ele>29.0</ele><time>2026-01-19T07:32:50Z</time></trkpt><trkpt lat="60.22114" lon="24.960063"><ele>28.5</ele><time>2026-01-19T07:32:51Z</time><extensions><gpxtpx:TrackPointExtension><gpxtpx:hr>81</gpxtpx:hr></gpxtpx:TrackPointExtension></extensions></trkpt><trkpt lat="60.221128" lon="24.960083"><ele>28.5</ele><time>2026-01-19T07:32:52Z</time></trkpt><trkpt lat="60.221123" lon="24.960105"><ele>28.2</ele><time>2026-01-19T07:32:53Z</time></trkpt><trkpt lat="60.221115" lon="24.960117"><ele>28.8</ele><time>2026-01-19T07:32:54Z</time></trkpt><trkpt lat="60.22111" lon="24.960138"><ele>28.7</ele><time>2026-01-19T07:32:55Z</time></trkpt><trkpt lat="60.22111" lon="24.960155"><ele>28.8</ele><time>2026-01-19T07:32:56Z</time></trkpt><trkpt lat="60.221097" lon="24.960187"><ele>28.7</ele><time>2026-01-19T07:32:57Z</time></trkpt><trkpt lat="60.221093" lon="24.96021"><ele>27.5</ele><time>2026-01-19T07:32:58Z</time><extensions><gpxtpx:TrackPointExtension><gpxtpx:hr>83</gpxtpx:hr></gpxtpx:TrackPointExtension></extensions></trkpt><trkpt lat="60.221092" lon="24.960238"><ele>28.2</ele><time>2026-01-19T07:33:00Z</time></trkpt><trkpt lat="60.221095" lon="24.960278"><ele>28.4</ele><time>2026-01-19T07:33:01Z</time></trkpt><trkpt lat="60.221083" lon="24.960295"><ele>28.3</ele><time>2026-01-19T07:33:02Z</time><extensions><gpxtpx:TrackPointExtension><gpxtpx:hr>83</gpxtpx:hr></gpxtpx:TrackPointExtension></extensions></trkpt><trkpt lat="60.221077" lon="24.960313"><ele>27.5</ele><time>2026-01-19T07:33:03Z</time></trkpt><trkpt lat="60.221068" lon="24.960328"><ele>28.3</ele><time>2026-01-19T07:33:04Z</time></trkpt><trkpt lat="60.221063" lon="24.960335"><ele>29.1</ele><time>2026-01-19T07:33:05Z</time></trkpt><trkpt lat="60.221058" lon="24.960363"><ele>28.8</ele><time>2026-01-19T07:33:06Z</time></trkpt><trkpt lat="60.221052" lon="24.960377"><ele>29.0</ele><time>2026-01-19T07:33:07Z</time><extensions><gpxtpx:TrackPointExtension><gpxtpx:hr>83</gpxtpx:hr></gpxtpx:TrackPointExtension></extensions></trkpt><trkpt lat="60.221043" lon="24.960387"><ele>29.1</ele><time>2026-01-19T07:33:08Z</time></trkpt><trkpt lat="60.221038" lon="24.960403"><ele>30.0</ele><time>2026-01-19T07:33:09Z</time></trkpt><trkpt lat="60.221025" lon="24.960425"><ele>29.4</ele><time>2026-01-19T07:33:10Z</time></trkpt><trkpt lat="60.221013" lon="24.960443"><ele>29.2</ele><time>2026-01-19T07:33:11Z</time></trkpt><trkpt lat="60.221003" lon="24.960455"><ele>29.7</ele><time>2026-01-19T07:33:12Z</time></trkpt><trkpt lat="60.220992" lon="24.960472"><ele>29.1</ele><time>2026-01-19T07:33:13Z</time></trkpt><trkpt lat="60.220983" lon="24.960483"><ele>28.8</ele><time>2026-01-19T07:33:13Z</time></trkpt><trkpt lat="60.220982" lon="24.960502"><ele>29.1</ele><time>2026-01-19T07:33:14Z</time></trkpt><trkpt lat="60.220977" lon="24.96053"><ele>28.6</ele><time>2026-01-19T07:33:15Z</time><extensions><gpxtpx:TrackPointExtension><gpxtpx:hr>83</gpxtpx:hr></gpxtpx:TrackPointExtension></extensions></trkpt><trkpt lat="60.220963" lon="24.960547"><ele>28.6</ele><time>2026-01-19T07:33:16Z</time></trkpt><trkpt lat="60.220955" lon="24.960575"><ele>28.2</ele><time>2026-01-19T07:33:17Z</time></trkpt><trkpt lat="60.220948" lon="24.960607"><ele>28.3</ele><time>2026-01-19T07:33:18Z</time></trkpt><trkpt lat="60.220947" lon="24.960638"><ele>28.3</ele><time>2026-01-19T07:33:19Z</time></trkpt><trkpt lat="60.220932" lon="24.960638"><ele>27.4</ele><time>2026-01-19T07:33:20Z</time><extensions><gpxtpx:TrackPointExtension><gpxtpx:hr>81</gpxtpx:hr></gpxtpx:TrackPointExtension></extensions></trkpt><trkpt lat="60.22093" lon="24.960662"><ele>27.1</ele><time>2026-01-19T07:33:21Z</time></trkpt><trkpt lat="60.220925" lon="24.960692"><ele>27.2</ele><time>2026-01-19T07:33:22Z</time></trkpt><trkpt lat="60.220925" lon="24.960712"><ele>26.8</ele><time>2026-01-19T07:33:23Z</time></trkpt><trkpt lat="60.220932" lon="24.960735"><ele>27.1</ele><time>2026-01-19T07:33:24Z</time></trkpt><trkpt lat="60.220933" lon="24.960782"><ele>26.5</ele><time>2026-01-19T07:33:25Z</time><extensions><gpxtpx:TrackPointExtension><gpxtpx:hr>81</gpxtpx:hr></gpxtpx:TrackPointExtension></extensions></trkpt><trkpt lat="60.220935" lon="24.960785"><ele>25.9</ele><time>2026-01-19T07:33:26Z</time></trkpt><trkpt lat="60.220937" lon="24.960833"><ele>25.3</ele><time>2026-01-19T07:33:27Z</time></trkpt><trkpt lat="60.22094" lon="24.96087"><ele>25.7</ele><time>2026-01-19T07:33:28Z</time></trkpt><trkpt lat="60.220935" lon="24.960895"><ele>26.1</ele><time>2026-01-19T07:33:29Z</time></trkpt><trkpt lat="60.22093" lon="24.960922"><ele>25.7</ele><time>2026-01-19T07:33:30Z</time><extensions><gpxtpx:TrackPointExtension><gpxtpx:hr>79</gpxtpx:hr></gpxtpx:TrackPointExtension></extensions></trkpt><trkpt lat="60.220923" lon="24.96095"><ele>24.7</ele><time>2026-01-19T07:33:31Z</time></trkpt><trkpt lat="60.220913" lon="24.960965"><ele>24.7</ele><time>2026-01-19T07:33:32Z</time><extensions><gpxtpx:TrackPointExtension><gpxtpx:hr>79</gpxtpx:hr></gpxtpx:TrackPointExtension></extensions></trkpt><trkpt lat="60.220913" lon="24.96099"><ele>24.4</ele><time>2026-01-19T07:33:33Z</time></trkpt><trkpt lat="60.220913" lon="24.961022"><ele>23.4</ele><time>2026-01-19T07:33:34Z</time></trkpt><trkpt lat="60.220913" lon="24.961043"><ele>23.6</ele><time>2026-01-19T07:33:35Z</time></trkpt><trkpt lat="60.220908" lon="24.961072"><ele>23.3</ele><time>2026-01-19T07:33:36Z</time><extensions><gpxtpx:TrackPointExtension><gpxtpx:hr>79</gpxtpx:hr></gpxtpx:TrackPointExtension></extensions></trkpt><trkpt lat="60.220905" lon="24.961102"><ele>23.7</ele><time>2026-01-19T07:33:37Z</time></trkpt><trkpt lat="60.2209" lon="24.961132"><ele>23.5</ele><time>2026-01-19T07:33:38Z</time></trkpt><trkpt lat="60.220897" lon="24.961148"><ele>24.4</ele><time>2026-01-19T07:33:39Z</time></trkpt><trkpt lat="60.220892" lon="24.961177"><ele>23.7</ele><time>2026-01-19T07:33:40Z</time></trkpt><trkpt lat="60.220893" lon="24.96121"><ele>23.0</ele><time>2026-01-19T07:33:41Z</time></trkpt><trkpt lat="60.22089" lon="24.961247"><ele>22.8</ele><time>2026-01-19T07:33:42Z</time><extensions><gpxtpx:TrackPointExtension><gpxtpx:hr>82</gpxtpx:hr></gpxtpx:TrackPointExtension></extensions></trkpt><trkpt lat="60.220885" lon="24.961267"><ele>23.0</ele><time>2026-01-19T07:33:43Z</time></trkpt><trkpt lat="60.220882" lon="24.9613"><ele>22.7</ele><time>2026-01-19T07:33:44Z</time></trkpt><trkpt lat="60.220877" lon="24.961328"><ele>22.8</ele><time>2026-01-19T07:33:45Z</time></trkpt><trkpt lat="60.220875" lon="24.961363"><ele>22.0</ele><time>2026-01-19T07:33:46Z</time><extensions><gpxtpx:TrackPointExtension><gpxtpx:hr>82</gpxtpx:hr></gpxtpx:TrackPointExtension></extensions></trkpt><trkpt lat="60.220875" lon="24.961393"><ele>22.1</ele><time>2026-01-19T07:33:47Z</time></trkpt><trkpt lat="60.220875" lon="24.961423"><ele>23.2</ele><time>2026-01-19T07:33:48Z</time></trkpt><trkpt lat="60.220867" lon="24.96145"><ele>22.8</ele><time>2026-01-19T07:33:49Z</time></trkpt><trkpt lat="60.220863" lon="24.961478"><ele>22.8</ele><time>2026-01-19T07:33:50Z</time></trkpt><trkpt lat="60.22086" lon="24.961505"><ele>22.5</ele><time>2026-01-19T07:33:51Z</time></trkpt><trkpt lat="60.22085" lon="24.961523"><ele>22.4</ele><time>2026-01-19T07:33:52Z</time></trkpt><trkpt lat="60.22084" lon="24.961542"><ele>22.6</ele><time>2026-01-19T07:33:53Z</time></trkpt><trkpt lat="60.22083" lon="24.961562"><ele>22.4</ele><time>2026-01-19T07:33:54Z</time><extensions><gpxtpx:TrackPointExtension><gpxtpx:hr>81</gpxtpx:hr></gpxtpx:TrackPointExtension></extensions></trkpt><trkpt lat="60.220827" lon="24.961588"><ele>22.4</ele><time>2026-01-19T07:33:55Z</time></trkpt><trkpt lat="60.220817" lon="24.96161"><ele>23.1</ele><time>2026-01-19T07:33:56Z</time></trkpt><trkpt lat="60.220808" lon="24.961628"><ele>23.0</ele><time>2026-01-19T07:33:57Z</time><extensions><gpxtpx:TrackPointExtension><gpxtpx:hr>80</gpxtpx:hr></gpxtpx:TrackPointExtension></extensions></trkpt><trkpt lat="60.2208" lon="24.961645"><ele>23.4</ele><time>2026-01-19T07:33:58Z</time></trkpt><trkpt lat="60.220795" lon="24.961668"><ele>23.9</ele><time>2026-01-19T07:33:59Z</time></trkpt><trkpt lat="60.220797" lon="24.961703"><ele>24.0</ele><time>2026-01-19T07:34:00Z</time></trkpt><trkpt lat="60.2208" lon="24.961732"><ele>24.1</ele><time>2026-01-19T07:34:01Z</time><extensions><gpxtpx:TrackPointExtension><gpxtpx:hr>81</gpxtpx:hr></gpxtpx:TrackPointExtension></extensions></trkpt><trkpt lat="60.2208" lon="24.961752"><ele>24.1</ele><time>2026-01-19T07:34:02Z</time></trkpt><trkpt lat="60.220798" lon="24.961778"><ele>23.8</ele><time>2026-01-19T07:34:03Z</time></trkpt><trkpt lat="60.220793" lon="24.961803"><ele>24.0</ele><time>2026-01-19T07:34:04Z</time></trkpt><trkpt lat="60.220788" lon="24.961827"><ele>23.3</ele><time>2026-01-19T07:34:05Z</time></trkpt><trkpt lat="60.22078" lon="24.961845"><ele>22.6</ele><time>2026-01-19T07:34:06Z</time></trkpt><trkpt lat="60.220768" lon="24.961857"><ele>22.8</ele><time>2026-01-19T07:34:07Z</time></trkpt><trkpt lat="60.220757" lon="24.961862"><ele>22.7</ele><time>2026-01-19T07:34:08Z</time></trkpt><trkpt lat="60.220747" lon="24.96186"><ele>22.5</ele><time>2026-01-19T07:34:09Z</time><extensions><gpxtpx:TrackPointExtension><gpxtpx:hr>78</gpxtpx:hr></gpxtpx:TrackPointExtension></extensions></trkpt><trkpt lat="60.220735" lon="24.961852"><ele>22.6</ele><time>2026-01-19T07:34:10Z</time></trkpt><trkpt lat="60.220727" lon="24.96185"><ele>22.8</ele><time>2026-01-19T07:34:11Z</time><extensions><gpxtpx:TrackPointExtension><gpxtpx:hr>78</gpxtpx:hr></gpxtpx:TrackPointExtension></extensions></trkpt><trkpt lat="60.220715" lon="24.961845"><ele>22.8</ele><time>2026-01-19T07:34:12Z</time></trkpt><trkpt lat="60.220702" lon="24.961838"><ele>22.5</ele><time>2026-01-19T07:34:13Z</time></trkpt><trkpt lat="60.220692" lon="24.961828"><ele>22.4</ele><time>2026-01-19T07:34:14Z</time></trkpt><trkpt lat="60.220678" lon="24.961828"><ele>22.5</ele><time>2026-01-19T07:34:15Z</time></trkpt><trkpt lat="60.220665" lon="24.961815"><ele>22.2</ele><time>2026-01-19T07:34:16Z</time></trkpt><trkpt lat="60.220653" lon="24.96181"><ele>22.6</ele><time>2026-01-19T07:34:17Z</time></trkpt><trkpt lat="60.220642" lon="24.9618"><ele>22.6</ele><time>2026-01-19T07:34:18Z</time><extensions><gpxtpx:TrackPointExtension><gpxtpx:hr>80</gpxtpx:hr></gpxtpx:TrackPointExtension></extensions></trkpt><trkpt lat="60.220628" lon="24.961792"><ele>22.6</ele><time>2026-01-19T07:34:19Z</time></trkpt><trkpt lat="60.220615" lon="24.961787"><ele>22.6</ele><time>2026-01-19T07:34:20Z</time></trkpt><trkpt lat="60.220607" lon="24.96182"><ele>22.8</ele><time>2026-01-19T07:34:21Z</time></trkpt><trkpt lat="60.220607" lon="24.961825"><ele>22.5</ele><time>2026-01-19T07:34:22Z</time></trkpt><trkpt lat="60.2206" lon="24.961833"><ele>23.1</ele><time>2026-01-19T07:34:23Z</time></trkpt><trkpt lat="60.22059" lon="24.961857"><ele>22.5</ele><time>2026-01-19T07:34:24Z</time></trkpt><trkpt lat="60.220582" lon="24.961883"><ele>22.7</ele><time>2026-01-19T07:34:25Z</time><extensions><gpxtpx:TrackPointExtension><gpxtpx:hr>80</gpxtpx:hr></gpxtpx:TrackPointExtension></extensions></trkpt><trkpt lat="60.220572" lon="24.96193"><ele>22.5</ele><time>2026-01-19T07:34:26Z</time></trkpt><trkpt lat="60.220563" lon="24.961953"><ele>22.8</ele><time>2026-01-19T07:34:27Z</time></trkpt><trkpt lat="60.220552" lon="24.961982"><ele>23.3</ele><time>2026-01-19T07:34:28Z</time><extensions><gpxtpx:TrackPointExtension><gpxtpx:hr>78</gpxtpx:hr></gpxtpx:TrackPointExtension></extensions></trkpt><trkpt lat="60.220543" lon="24.962008"><ele>21.8</ele><time>2026-01-19T07:34:29Z</time></trkpt><trkpt lat="60.220537" lon="24.962018"><ele>21.6</ele><time>2026-01-19T07:34:30Z</time></trkpt><trkpt lat="60.220537" lon="24.962048"><ele>21.6</ele><time>2026-01-19T07:34:31Z</time><extensions><gpxtpx:TrackPointExtension><gpxtpx:hr>79</gpxtpx:hr></gpxtpx:TrackPointExtension></extensions></trkpt><trkpt lat="60.220527" lon="24.962068"><ele>21.3</ele><time>2026-01-19T07:34:32Z</time></trkpt><trkpt lat="60.220523" lon="24.962077"><ele>21.7</ele><time>2026-01-19T07:34:33Z</time></trkpt><trkpt lat="60.220517" lon="24.962082"><ele>22.3</ele><time>2026-01-19T07:34:34Z</time></trkpt><trkpt lat="60.22051" lon="24.962115"><ele>22.3</ele><time>2026-01-19T07:34:35Z</time></trkpt><trkpt lat="60.220512" lon="24.962152"><ele>22.1</ele><time>2026-01-19T07:34:36Z</time></trkpt><trkpt lat="60.220495" lon="24.962158"><ele>22.7</ele><time>2026-01-19T07:34:37Z</time></trkpt><trkpt lat="60.220485" lon="24.962168"><ele>22.6</ele><time>2026-01-19T07:34:38Z</time></trkpt><trkpt lat="60.220483" lon="24.962192"><ele>22.7</ele><time>2026-01-19T07:34:39Z</time><extensions><gpxtpx:TrackPointExtension><gpxtpx:hr>79</gpxtpx:hr></gpxtpx:TrackPointExtension></extensions></trkpt><trkpt lat="60.220465" lon="24.962198"><ele>21.8</ele><time>2026-01-19T07:34:40Z</time></trkpt><trkpt lat="60.220462" lon="24.962232"><ele>22.1</ele><time>2026-01-19T07:34:41Z</time><extensions><gpxtpx:TrackPointExtension><gpxtpx:hr>80</gpxtpx:hr></gpxtpx:TrackPointExtension></extensions></trkpt><trkpt lat="60.220458" lon="24.962245"><ele>21.9</ele><time>2026-01-19T07:34:42Z</time></trkpt><trkpt lat="60.220457" lon="24.962283"><ele>22.3</ele><time>2026-01-19T07:34:43Z</time></trkpt><trkpt lat="60.22044" lon="24.962298"><ele>22.7</ele><time>2026-01-19T07:34:44Z</time></trkpt><trkpt lat="60.220437" lon="24.962313"><ele>22.1</ele><time>2026-01-19T07:34:45Z</time></trkpt><trkpt lat="60.220442" lon="24.962348"><ele>22.7</ele><time>2026-01-19T07:34:46Z</time><extensions><gpxtpx:TrackPointExtension><gpxtpx:hr>80</gpxtpx:hr></gpxtpx:TrackPointExtension></extensions></trkpt><trkpt lat="60.220452" lon="24.962377"><ele>23.1</ele><time>2026-01-19T07:34:47Z</time></trkpt><trkpt lat="60.220467" lon="24.962407"><ele>22.4</ele><time>2026-01-19T07:34:48Z</time></trkpt><trkpt lat="60.220477" lon="24.962435"><ele>22.6</ele><time>2026-01-19T07:34:49Z</time></trkpt><trkpt lat="60.22048" lon="24.96246"><ele>21.8</ele><time>2026-01-19T07:34:50Z</time></trkpt><trkpt lat="60.220488" lon="24.96248"><ele>21.1</ele><time>2026-01-19T07:34:51Z</time></trkpt><trkpt lat="60.220485" lon="24.962505"><ele>20.9</ele><time>2026-01-19T07:34:52Z</time></trkpt><trkpt lat="60.220483" lon="24.96252"><ele>21.4</ele><time>2026-01-19T07:34:53Z</time></trkpt><trkpt lat="60.22048" lon="24.962543"><ele>21.0</ele><time>2026-01-19T07:34:54Z</time><extensions><gpxtpx:TrackPointExtension><gpxtpx:hr>80</gpxtpx:hr></gpxtpx:TrackPointExtension></extensions></trkpt><trkpt lat="60.220475" lon="24.96256"><ele>22.2</ele><time>2026-01-19T07:34:55Z</time></trkpt><trkpt lat="60.220473" lon="24.96259"><ele>22.6</ele><time>2026-01-19T07:34:56Z</time><extensions><gpxtpx:TrackPointExtension><gpxtpx:hr>80</gpxtpx:hr></gpxtpx:TrackPointExtension></extensions></trkpt><trkpt lat="60.220472" lon="24.962605"><ele>22.6</ele><time>2026-01-19T07:34:57Z</time></trkpt><trkpt lat="60.220465" lon="24.962623"><ele>22.8</ele><time>2026-01-19T07:34:58Z</time></trkpt><trkpt lat="60.22045" lon="24.962643"><ele>22.4</ele><time>2026-01-19T07:34:59Z</time></trkpt><trkpt lat="60.22044" lon="24.962658"><ele>22.9</ele><time>2026-01-19T07:35:00Z</time></trkpt><trkpt lat="60.22043" lon="24.962668"><ele>23.6</ele><time>2026-01-19T07:35:01Z</time></trkpt><trkpt lat="60.220422" lon="24.96268"><ele>24.4</ele><time>2026-01-19T07:35:02Z</time></trkpt><trkpt lat="60.220417" lon="24.962713"><ele>24.7</ele><time>2026-01-19T07:35:03Z</time></trkpt><trkpt lat="60.220422" lon="24.962742"><ele>25.3</ele><time>2026-01-19T07:35:04Z</time><extensions><gpxtpx:TrackPointExtension><gpxtpx:hr>81</gpxtpx:hr></gpxtpx:TrackPointExtension></extensions></trkpt><trkpt lat="60.220437" lon="24.962778"><ele>24.8</ele><time>2026-01-19T07:35:05Z</time></trkpt><trkpt lat="60.22044" lon="24.962823"><ele>25.5</ele><time>2026-01-19T07:35:06Z</time><extensions><gpxtpx:TrackPointExtension><gpxtpx:hr>80</gpxtpx:hr></gpxtpx:TrackPointExtension></extensions></trkpt><trkpt lat="60.220462" lon="24.962853"><ele>24.0</ele><time>2026-01-19T07:35:07Z</time></trkpt><trkpt lat="60.220473" lon="24.962888"><ele>23.5</ele><time>2026-01-19T07:35:08Z</time></trkpt><trkpt lat="60.220478" lon="24.962917"><ele>23.4</ele><time>2026-01-19T07:35:09Z</time></trkpt><trkpt lat="60.220483" lon="24.96295"><ele>22.8</ele><time>2026-01-19T07:35:10Z</time></trkpt><trkpt lat="60.220492" lon="24.962963"><ele>22.6</ele><time>2026-01-19T07:35:11Z</time><extensions><gpxtpx:TrackPointExtension><gpxtpx:hr>79</gpxtpx:hr></gpxtpx:TrackPointExtension></extensions></trkpt><trkpt lat="60.220503" lon="24.962982"><ele>22.7</ele><time>2026-01-19T07:35:12Z</time></trkpt><trkpt lat="60.220517" lon="24.963003"><ele>22.7</ele><time>2026-01-19T07:35:13Z</time></trkpt><trkpt lat="60.220533" lon="24.963015"><ele>22.8</ele><time>2026-01-19T07:35:14Z</time></trkpt><trkpt lat="60.220545" lon="24.963027"><ele>22.9</ele><time>2026-01-19T07:35:15Z</time></trkpt><trkpt lat="60.22055" lon="24.963032"><ele>22.9</ele><time>2026-01-19T07:35:16Z</time></trkpt><trkpt lat="60.220555" lon="24.963022"><ele>23.0</ele><time>2026-01-19T07:35:17Z</time></trkpt><trkpt lat="60.220567" lon="24.963022"><ele>22.9</ele><time>2026-01-19T07:35:18Z</time><extensions><gpxtpx:TrackPointExtension><gpxtpx:hr>79</gpxtpx:hr></gpxtpx:TrackPointExtension></extensions></trkpt><trkpt lat="60.22059" lon="24.963022"><ele>23.0</ele><time>2026-01-19T07:35:19Z</time></trkpt><trkpt lat="60.220613" lon="24.963027"><ele>23.7</ele><time>2026-01-19T07:35:20Z</time></trkpt><trkpt lat="60.220623" lon="24.963052"><ele>22.3</ele><time>2026-01-19T07:35:21Z</time><extensions><gpxtpx:TrackPointExtension><gpxtpx:hr>78</gpxtpx:hr></gpxtpx:TrackPointExtension></extensions></trkpt><trkpt lat="60.22064" lon="24.963068"><ele>21.7</ele><time>2026-01-19T07:35:22Z</time></trkpt><trkpt lat="60.220655" lon="24.963075"><ele>22.0</ele><time>2026-01-19T07:35:23Z</time></trkpt><trkpt lat="60.220665" lon="24.963092"><ele>22.6</ele><time>2026-01-19T07:35:24Z</time></trkpt><trkpt lat="60.220672" lon="24.96312"><ele>23.0</ele><time>2026-01-19T07:35:25Z</time></trkpt><trkpt lat="60.220683" lon="24.96314"><ele>23.1</ele><time>2026-01-19T07:35:26Z</time></trkpt><trkpt lat="60.220697" lon="24.963155"><ele>23.4</ele><time>2026-01-19T07:35:27Z</time></trkpt><trkpt lat="60.220705" lon="24.963168"><ele>23.0</ele><time>2026-01-19T07:35:28Z</time></trkpt><trkpt lat="60.220728" lon="24.963155"><ele>22.4</ele><time>2026-01-19T07:35:29Z</time></trkpt><trkpt lat="60.220738" lon="24.963175"><ele>22.6</ele><time>2026-01-19T07:35:30Z</time><extensions><gpxtpx:TrackPointExtension><gpxtpx:hr>81</gpxtpx:hr></gpxtpx:TrackPointExtension></extensions></trkpt><trkpt lat="60.220753" lon="24.9632"><ele>22.7</ele><time>2026-01-19T07:35:31Z</time><extensions><gpxtpx:TrackPointExtension><gpxtpx:hr>81</gpxtpx:hr></gpxtpx:TrackPointExtension></extensions></trkpt><trkpt lat="60.220765" lon="24.963213"><ele>22.7</ele><time>2026-01-19T07:35:32Z</time></trkpt><trkpt lat="60.220782" lon="24.963212"><ele>22.9</ele><time>2026-01-19T07:35:33Z</time></trkpt><trkpt lat="60.220787" lon="24.96324"><ele>23.3</ele><time>2026-01-19T07:35:34Z</time></trkpt><trkpt lat="60.220797" lon="24.963253"><ele>22.9</ele><time>2026-01-19T07:35:35Z</time></trkpt><trkpt lat="60.220812" lon="24.963255"><ele>22.8</ele><time>2026-01-19T07:35:36Z</time></trkpt><trkpt lat="60.220825" lon="24.96326"><ele>22.9</ele><time>2026-01-19T07:35:37Z</time></trkpt><trkpt lat="60.22084" lon="24.963272"><ele>22.9</ele><time>2026-01-19T07:35:38Z</time><extensions><gpxtpx:TrackPointExtension><gpxtpx:hr>81</gpxtpx:hr></gpxtpx:TrackPointExtension></extensions></trkpt><trkpt lat="60.220852" lon="24.963277"><ele>22.5</ele><time>2026-01-19T07:35:39Z</time></trkpt><trkpt lat="60.220857" lon="24.963298"><ele>23.1</ele><time>2026-01-19T07:35:40Z</time></trkpt><trkpt lat="60.220868" lon="24.963312"><ele>23.3</ele><time>2026-01-19T07:35:41Z</time></trkpt><trkpt lat="60.220882" lon="24.963325"><ele>23.2</ele><time>2026-01-19T07:35:42Z</time><extensions><gpxtpx:TrackPointExtension><gpxtpx:hr>81</gpxtpx:hr></gpxtpx:TrackPointExtension></extensions></trkpt><trkpt lat="60.220897" lon="24.963342"><ele>23.1</ele><time>2026-01-19T07:35:43Z</time></trkpt><trkpt lat="60.220902" lon="24.963363"><ele>23.2</ele><time>2026-01-19T07:35:44Z</time></trkpt><trkpt lat="60.220917" lon="24.963363"><ele>22.8</ele><time>2026-01-19T07:35:45Z</time></trkpt><trkpt lat="60.220928" lon="24.963385"><ele>22.8</ele><time>2026-01-19T07:35:46Z</time></trkpt><trkpt lat="60.22094" lon="24.963395"><ele>22.7</ele><time>2026-01-19T07:35:47Z</time></trkpt><trkpt lat="60.220948" lon="24.96342"><ele>23.4</ele><time>2026-01-19T07:35:48Z</time><extensions><gpxtpx:TrackPointExtension><gpxtpx:hr>82</gpxtpx:hr></gpxtpx:TrackPointExtension></extensions></trkpt><trkpt lat="60.220955" lon="24.963438"><ele>24.0</ele><time>2026-01-19T07:35:49Z</time></trkpt><trkpt lat="60.220967" lon="24.963445"><ele>24.0</ele><time>2026-01-19T07:35:50Z</time></trkpt><trkpt lat="60.220973" lon="24.963465"><ele>25.3</ele><time>2026-01-19T07:35:51Z</time></trkpt><trkpt lat="60.220987" lon="24.963475"><ele>25.6</ele><time>2026-01-19T07:35:52Z</time><extensions><gpxtpx:TrackPointExtension><gpxtpx:hr>82</gpxtpx:hr></gpxtpx:TrackPointExtension></extensions></trkpt><trkpt lat="60.221002" lon="24.963492"><ele>25.0</ele><time>2026-01-19T07:35:53Z</time></trkpt><trkpt lat="60.221008" lon="24.963513"><ele>25.2</ele><time>2026-01-19T07:35:54Z</time></trkpt><trkpt lat="60.221017" lon="24.96352"><ele>25.7</ele><time>2026-01-19T07:35:55Z</time></trkpt><trkpt lat="60.221027" lon="24.963533"><ele>25.7</ele><time>2026-01-19T07:35:56Z</time></trkpt><trkpt lat="60.221037" lon="24.963555"><ele>25.0</ele><time>2026-01-19T07:35:57Z</time></trkpt><trkpt lat="60.221043" lon="24.96357"><ele>25.4</ele><time>2026-01-19T07:35:58Z</time></trkpt><trkpt lat="60.221055" lon="24.963587"><ele>25.7</ele><time>2026-01-19T07:35:59Z</time></trkpt><trkpt lat="60.22106" lon="24.96359"><ele>25.5</ele><time>2026-01-19T07:36:00Z</time><extensions><gpxtpx:TrackPointExtension><gpxtpx:hr>81</gpxtpx:hr></gpxtpx:TrackPointExtension></extensions></trkpt><trkpt lat="60.221088" lon="24.96359"><ele>25.1</ele><time>2026-01-19T07:36:01Z</time></trkpt><trkpt lat="60.221102" lon="24.963607"><ele>25.8</ele><time>2026-01-19T07:36:02Z</time></trkpt><trkpt lat="60.221118" lon="24.963627"><ele>26.0</ele><time>2026-01-19T07:36:03Z</time></trkpt><trkpt lat="60.221127" lon="24.963643"><ele>25.9</ele><time>2026-01-19T07:36:04Z</time></trkpt><trkpt lat="60.221133" lon="24.963662"><ele>25.5</ele><time>2026-01-19T07:36:05Z</time><extensions><gpxtpx:TrackPointExtension><gpxtpx:hr>80</gpxtpx:hr></gpxtpx:TrackPointExtension></extensions></trkpt><trkpt lat="60.221147" lon="24.963675"><ele>25.4</ele><time>2026-01-19T07:36:06Z</time><extensions><gpxtpx:TrackPointExtension><gpxtpx:hr>80</gpxtpx:hr></gpxtpx:TrackPointExtension></extensions></trkpt><trkpt lat="60.221163" lon="24.963675"><ele>24.9</ele><time>2026-01-19T07:36:07Z</time></trkpt><trkpt lat="60.22118" lon="24.963677"><ele>24.8</ele><time>2026-01-19T07:36:08Z</time></trkpt><trkpt lat="60.221197" lon="24.963677"><ele>24.4</ele><time>2026-01-19T07:36:09Z</time></trkpt><trkpt lat="60.221207" lon="24.963697"><ele>23.8</ele><time>2026-01-19T07:36:10Z</time></trkpt><trkpt lat="60.22122" lon="24.963705"><ele>23.0</ele><time>2026-01-19T07:36:11Z</time></trkpt><trkpt lat="60.221235" lon="24.96372"><ele>23.4</ele><time>2026-01-19T07:36:12Z</time></trkpt><trkpt lat="60.22125" lon="24.963737"><ele>22.8</ele><time>2026-01-19T07:36:13Z</time></trkpt><trkpt lat="60.22126" lon="24.963752"><ele>22.7</ele><time>2026-01-19T07:36:14Z</time></trkpt><trkpt lat="60.221273" lon="24.96376"><ele>21.9</ele><time>2026-01-19T07:36:15Z</time><extensions><gpxtpx:TrackPointExtension><gpxtpx:hr>83</gpxtpx:hr></gpxtpx:TrackPointExtension></extensions></trkpt><trkpt lat="60.221285" lon="24.963773"><ele>21.5</ele><time>2026-01-19T07:36:16Z</time><extensions><gpxtpx:TrackPointExtension><gpxtpx:hr>82</gpxtpx:hr></gpxtpx:TrackPointExtension></extensions></trkpt><trkpt lat="60.221298" lon="24.963793"><ele>21.8</ele><time>2026-01-19T07:36:17Z</time></trkpt><trkpt lat="60.221313" lon="24.963812"><ele>22.0</ele><time>2026-01-19T07:36:18Z</time></trkpt><trkpt lat="60.221327" lon="24.963825"><ele>22.1</ele><time>2026-01-19T07:36:19Z</time></trkpt><trkpt lat="60.221335" lon="24.963842"><ele>22.2</ele><time>2026-01-19T07:36:20Z</time></trkpt><trkpt lat="60.221348" lon="24.96386"><ele>22.3</ele><time>2026-01-19T07:36:21Z</time><extensions><gpxtpx:TrackPointExtension><gpxtpx:hr>84</gpxtpx:hr></gpxtpx:TrackPointExtension></extensions></trkpt><trkpt lat="60.221358" lon="24.963875"><ele>22.0</ele><time>2026-01-19T07:36:22Z</time></trkpt><trkpt lat="60.22137" lon="24.96389"><ele>22.0</ele><time>2026-01-19T07:36:23Z</time></trkpt><trkpt lat="60.22138" lon="24.963912"><ele>21.4</ele><time>2026-01-19T07:36:24Z</time></trkpt><trkpt lat="60.22139" lon="24.96393"><ele>21.5</ele><time>2026-01-19T07:36:25Z</time></trkpt><trkpt lat="60.221408" lon="24.963933"><ele>20.6</ele><time>2026-01-19T07:36:26Z</time></trkpt><trkpt lat="60.221423" lon="24.963942"><ele>20.6</ele><time>2026-01-19T07:36:27Z</time></trkpt><trkpt lat="60.221437" lon="24.963947"><ele>20.2</ele><time>2026-01-19T07:36:28Z</time><extensions><gpxtpx:TrackPointExtension><gpxtpx:hr>85</gpxtpx:hr></gpxtpx:TrackPointExtension></extensions></trkpt><trkpt lat="60.221452" lon="24.963957"><ele>20.5</ele><time>2026-01-19T07:36:29Z</time></trkpt><trkpt lat="60.221465" lon="24.963967"><ele>20.2</ele><time>2026-01-19T07:36:30Z</time></trkpt><trkpt lat="60.221477" lon="24.963977"><ele>20.0</ele><time>2026-01-19T07:36:31Z</time></trkpt><trkpt lat="60.22149" lon="24.96399"><ele>20.1</ele><time>2026-01-19T07:36:32Z</time></trkpt><trkpt lat="60.221502" lon="24.96401"><ele>21.0</ele><time>2026-01-19T07:36:33Z</time></trkpt><trkpt lat="60.22151" lon="24.964027"><ele>20.8</ele><time>2026-01-19T07:36:34Z</time></trkpt><trkpt lat="60.221523" lon="24.964038"><ele>20.7</ele><time>2026-01-19T07:36:35Z</time><extensions><gpxtpx:TrackPointExtension><gpxtpx:hr>86</gpxtpx:hr></gpxtpx:TrackPointExtension></extensions></trkpt><trkpt lat="60.221533" lon="24.96406"><ele>20.6</ele><time>2026-01-19T07:36:36Z</time></trkpt><trkpt lat="60.221547" lon="24.964072"><ele>20.7</ele><time>2026-01-19T07:36:37Z</time></trkpt><trkpt lat="60.221558" lon="24.964085"><ele>21.0</ele><time>2026-01-19T07:36:38Z</time></trkpt><trkpt lat="60.22157" lon="24.9641"><ele>20.9</ele><time>2026-01-19T07:36:39Z</time></trkpt><trkpt lat="60.22158" lon="24.96412"><ele>21.1</ele><time>2026-01-19T07:36:40Z</time><extensions><gpxtpx:TrackPointExtension><gpxtpx:hr>86</gpxtpx:hr></gpxtpx:TrackPointExtension></extensions></trkpt><trkpt lat="60.221593" lon="24.964137"><ele>21.0</ele><time>2026-01-19T07:36:41Z</time></trkpt><trkpt lat="60.221607" lon="24.964147"><ele>21.1</ele><time>2026-01-19T07:36:42Z</time><extensions><gpxtpx:TrackPointExtension><gpxtpx:hr>86</gpxtpx:hr></gpxtpx:TrackPointExtension></extensions></trkpt><trkpt lat="60.221618" lon="24.964153"><ele>21.6</ele><time>2026-01-19T07:36:43Z</time></trkpt><trkpt lat="60.221628" lon="24.964172"><ele>21.5</ele><time>2026-01-19T07:36:44Z</time></trkpt><trkpt lat="60.22164" lon="24.964187"><ele>21.0</ele><time>2026-01-19T07:36:45Z</time></trkpt><trkpt lat="60.221655" lon="24.964197"><ele>20.8</ele><time>2026-01-19T07:36:46Z</time><extensions><gpxtpx:TrackPointExtension><gpxtpx:hr>85</gpxtpx:hr></gpxtpx:TrackPointExtension></extensions></trkpt><trkpt lat="60.221668" lon="24.964208"><ele>21.4</ele><time>2026-01-19T07:36:47Z</time></trkpt><trkpt lat="60.221682" lon="24.964215"><ele>21.2</ele><time>2026-01-19T07:36:48Z</time></trkpt><trkpt lat="60.221692" lon="24.964237"><ele>21.1</ele><time>2026-01-19T07:36:49Z</time></trkpt><trkpt lat="60.221705" lon="24.964248"><ele>21.3</ele><time>2026-01-19T07:36:50Z</time></trkpt><trkpt lat="60.221715" lon="24.964268"><ele>21.7</ele><time>2026-01-19T07:36:51Z</time></trkpt><trkpt lat="60.221727" lon="24.964283"><ele>21.0</ele><time>2026-01-19T07:36:52Z</time></trkpt><trkpt lat="60.221735" lon="24.964305"><ele>20.9</ele><time>2026-01-19T07:36:53Z</time></trkpt><trkpt lat="60.221748" lon="24.964325"><ele>21.2</ele><time>2026-01-19T07:36:54Z</time><extensions><gpxtpx:TrackPointExtension><gpxtpx:hr>84</gpxtpx:hr></gpxtpx:TrackPointExtension></extensions></trkpt><trkpt lat="60.221763" lon="24.964327"><ele>20.9</ele><time>2026-01-19T07:36:55Z</time></trkpt><trkpt lat="60.221775" lon="24.964333"><ele>20.7</ele><time>2026-01-19T07:36:56Z</time><extensions><gpxtpx:TrackPointExtension><gpxtpx:hr>84</gpxtpx:hr></gpxtpx:TrackPointExtension></extensions></trkpt><trkpt lat="60.221788" lon="24.964343"><ele>20.8</ele><time>2026-01-19T07:36:57Z</time></trkpt><trkpt lat="60.2218" lon="24.96435"><ele>21.6</ele><time>2026-01-19T07:36:58Z</time></trkpt><trkpt lat="60.221813" lon="24.96436"><ele>21.9</ele><time>2026-01-19T07:36:59Z</time></trkpt><trkpt lat="60.221825" lon="24.964373"><ele>21.6</ele><time>2026-01-19T07:37:00Z</time></trkpt><trkpt lat="60.221837" lon="24.96439"><ele>21.5</ele><time>2026-01-19T07:37:01Z</time></trkpt><trkpt lat="60.221848" lon="24.964405"><ele>21.5</ele><time>2026-01-19T07:37:02Z</time><extensions><gpxtpx:TrackPointExtension><gpxtpx:hr>84</gpxtpx:hr></gpxtpx:TrackPointExtension></extensions></trkpt><trkpt lat="60.221858" lon="24.964427"><ele>21.4</ele><time>2026-01-19T07:37:03Z</time></trkpt><trkpt lat="60.221872" lon="24.96444"><ele>21.3</ele><time>2026-01-19T07:37:04Z</time></trkpt><trkpt lat="60.221885" lon="24.964447"><ele>21.4</ele><time>2026-01-19T07:37:05Z</time></trkpt><trkpt lat="60.221897" lon="24.964458"><ele>22.1</ele><time>2026-01-19T07:37:06Z</time><extensions><gpxtpx:TrackPointExtension><gpxtpx:hr>84</gpxtpx:hr></gpxtpx:TrackPointExtension></extensions></trkpt><trkpt lat="60.221908" lon="24.964477"><ele>21.8</ele><time>2026-01-19T07:37:07Z</time></trkpt><trkpt lat="60.22192" lon="24.96449"><ele>21.4</ele><time>2026-01-19T07:37:08Z</time></trkpt><trkpt lat="60.221932" lon="24.964497"><ele>21.1</ele><time>2026-01-19T07:37:09Z</time></trkpt><trkpt lat="60.22195" lon="24.964505"><ele>20.7</ele><time>2026-01-19T07:37:10Z</time></trkpt><trkpt lat="60.22196" lon="24.964515"><ele>20.7</ele><time>2026-01-19T07:37:12Z</time><extensions><gpxtpx:TrackPointExtension><gpxtpx:hr>85</gpxtpx:hr></gpxtpx:TrackPointExtension></extensions></trkpt><trkpt lat="60.22197" lon="24.964532"><ele>21.1</ele><time>2026-01-19T07:37:13Z</time></trkpt><trkpt lat="60.221982" lon="24.964548"><ele>21.0</ele><time>2026-01-19T07:37:14Z</time></trkpt><trkpt lat="60.221993" lon="24.964563"><ele>21.3</ele><time>2026-01-19T07:37:15Z</time></trkpt><trkpt lat="60.222005" lon="24.964582"><ele>21.6</ele><time>2026-01-19T07:37:16Z</time></trkpt><trkpt lat="60.22202" lon="24.964588"><ele>21.8</ele><time>2026-01-19T07:37:17Z</time></trkpt><trkpt lat="60.222032" lon="24.964605"><ele>21.7</ele><time>2026-01-19T07:37:18Z</time></trkpt><trkpt lat="60.222043" lon="24.964618"><ele>21.6</ele><time>2026-01-19T07:37:19Z</time></trkpt><trkpt lat="60.222055" lon="24.96463"><ele>21.7</ele><time>2026-01-19T07:37:20Z</time><extensions><gpxtpx:TrackPointExtension><gpxtpx:hr>86</gpxtpx:hr></gpxtpx:TrackPointExtension></extensions></trkpt><trkpt lat="60.222067" lon="24.964642"><ele>21.5</ele><time>2026-01-19T07:37:21Z</time></trkpt><trkpt lat="60.222075" lon="24.964665"><ele>21.7</ele><time>2026-01-19T07:37:22Z</time></trkpt><trkpt lat="60.222088" lon="24.964677"><ele>20.9</ele><time>2026-01-19T07:37:22Z</time></trkpt><trkpt lat="60.222098" lon="24.964693"><ele>21.3</ele><time>2026-01-19T07:37:24Z</time></trkpt><trkpt lat="60.222107" lon="24.964707"><ele>22.0</ele><time>2026-01-19T07:37:25Z</time><extensions><gpxtpx:TrackPointExtension><gpxtpx:hr>84</gpxtpx:hr></gpxtpx:TrackPointExtension></extensions></trkpt><trkpt lat="60.222117" lon="24.964727"><ele>21.3</ele><time>2026-01-19T07:37:25Z</time></trkpt><trkpt lat="60.22213" lon="24.964737"><ele>21.0</ele><time>2026-01-19T07:37:26Z</time></trkpt><trkpt lat="60.222142" lon="24.964747"><ele>20.8</ele><time>2026-01-19T07:37:27Z</time><extensions><gpxtpx:TrackPointExtension><gpxtpx:hr>84</gpxtpx:hr></gpxtpx:TrackPointExtension></extensions></trkpt><trkpt lat="60.222153" lon="24.964765"><ele>20.8</ele><time>2026-01-19T07:37:28Z</time></trkpt><trkpt lat="60.222167" lon="24.964775"><ele>20.7</ele><time>2026-01-19T07:37:29Z</time></trkpt><trkpt lat="60.22218" lon="24.964782"><ele>21.3</ele><time>2026-01-19T07:37:30Z</time></trkpt><trkpt lat="60.222192" lon="24.964795"><ele>21.5</ele><time>2026-01-19T07:37:31Z</time><extensions><gpxtpx:TrackPointExtension><gpxtpx:hr>84</gpxtpx:hr></gpxtpx:TrackPointExtension></extensions></trkpt><trkpt lat="60.222202" lon="24.964807"><ele>20.9</ele><time>2026-01-19T07:37:32Z</time></trkpt><trkpt lat="60.222215" lon="24.964818"><ele>21.6</ele><time>2026-01-19T07:37:33Z</time></trkpt><trkpt lat="60.222227" lon="24.964825"><ele>21.6</ele><time>2026-01-19T07:37:34Z</time></trkpt><trkpt lat="60.222235" lon="24.964848"><ele>21.3</ele><time>2026-01-19T07:37:35Z</time></trkpt><trkpt lat="60.222243" lon="24.964868"><ele>21.2</ele><time>2026-01-19T07:37:36Z</time></trkpt><trkpt lat="60.222253" lon="24.964885"><ele>20.6</ele><time>2026-01-19T07:37:37Z</time></trkpt><trkpt lat="60.222263" lon="24.964902"><ele>20.8</ele><time>2026-01-19T07:37:38Z</time></trkpt><trkpt lat="60.222275" lon="24.964912"><ele>20.9</ele><time>2026-01-19T07:37:39Z</time></trkpt><trkpt lat="60.222285" lon="24.964923"><ele>20.9</ele><time>2026-01-19T07:37:40Z</time><extensions><gpxtpx:TrackPointExtension><gpxtpx:hr>84</gpxtpx:hr></gpxtpx:TrackPointExtension></extensions></trkpt><trkpt lat="60.222297" lon="24.964932"><ele>21.1</ele><time>2026-01-19T07:37:41Z</time></trkpt><trkpt lat="60.222308" lon="24.964938"><ele>21.1</ele><time>2026-01-19T07:37:42Z</time></trkpt><trkpt lat="60.222315" lon="24.964957"><ele>21.6</ele><time>2026-01-19T07:37:43Z</time></trkpt><trkpt lat="60.222325" lon="24.964975"><ele>21.3</ele><time>2026-01-19T07:37:44Z</time></trkpt><trkpt lat="60.222345" lon="24.964982"><ele>21.1</ele><time>2026-01-19T07:37:45Z</time><extensions><gpxtpx:TrackPointExtension><gpxtpx:hr>83</gpxtpx:hr></gpxtpx:TrackPointExtension></extensions></trkpt><trkpt lat="60.22236" lon="24.964992"><ele>20.6</ele><time>2026-01-19T07:37:46Z</time><extensions><gpxtpx:TrackPointExtension><gpxtpx:hr>83</gpxtpx:hr></gpxtpx:TrackPointExtension></extensions></trkpt><trkpt lat="60.222373" lon="24.96501"><ele>20.6</ele><time>2026-01-19T07:37:47Z</time></trkpt><trkpt lat="60.222387" lon="24.965022"><ele>20.7</ele><time>2026-01-19T07:37:48Z</time></trkpt><trkpt lat="60.222398" lon="24.965032"><ele>20.8</ele><time>2026-01-19T07:37:49Z</time></trkpt><trkpt lat="60.222407" lon="24.965038"><ele>21.3</ele><time>2026-01-19T07:37:50Z</time></trkpt><trkpt lat="60.222417" lon="24.965062"><ele>22.1</ele><time>2026-01-19T07:37:51Z</time></trkpt><trkpt lat="60.222428" lon="24.965085"><ele>22.5</ele><time>2026-01-19T07:37:52Z</time><extensions><gpxtpx:TrackPointExtension><gpxtpx:hr>84</gpxtpx:hr></gpxtpx:TrackPointExtension></extensions></trkpt><trkpt lat="60.222435" lon="24.965083"><ele>20.4</ele><time>2026-01-19T07:37:53Z</time></trkpt><trkpt lat="60.222447" lon="24.965095"><ele>20.4</ele><time>2026-01-19T07:37:54Z</time></trkpt><trkpt lat="60.22246" lon="24.965127"><ele>20.8</ele><time>2026-01-19T07:37:55Z</time></trkpt><trkpt lat="60.222473" lon="24.96514"><ele>21.1</ele><time>2026-01-19T07:37:56Z</time><extensions><gpxtpx:TrackPointExtension><gpxtpx:hr>84</gpxtpx:hr></gpxtpx:TrackPointExtension></extensions></trkpt><trkpt lat="60.222487" lon="24.965147"><ele>21.0</ele><time>2026-01-19T07:37:57Z</time></trkpt><trkpt lat="60.222497" lon="24.965155"><ele>21.1</ele><time>2026-01-19T07:37:58Z</time></trkpt><trkpt lat="60.222508" lon="24.96517"><ele>21.1</ele><time>2026-01-19T07:37:59Z</time></trkpt><trkpt lat="60.222525" lon="24.96518"><ele>20.8</ele><time>2026-01-19T07:38:00Z</time></trkpt><trkpt lat="60.222537" lon="24.965188"><ele>20.3</ele><time>2026-01-19T07:38:01Z</time><extensions><gpxtpx:TrackPointExtension><gpxtpx:hr>85</gpxtpx:hr></gpxtpx:TrackPointExtension></extensions></trkpt><trkpt lat="60.222552" lon="24.9652"><ele>20.1</ele><time>2026-01-19T07:38:02Z</time></trkpt><trkpt lat="60.222563" lon="24.965213"><ele>20.4</ele><time>2026-01-19T07:38:03Z</time></trkpt><trkpt lat="60.222575" lon="24.965227"><ele>20.4</ele><time>2026-01-19T07:38:04Z</time></trkpt><trkpt lat="60.222583" lon="24.965245"><ele>20.4</ele><time>2026-01-19T07:38:05Z</time></trkpt><trkpt lat="60.222598" lon="24.965263"><ele>20.6</ele><time>2026-01-19T07:38:06Z</time></trkpt><trkpt lat="60.222612" lon="24.965272"><ele>21.2</ele><time>2026-01-19T07:38:07Z</time></trkpt><trkpt lat="60.222628" lon="24.965287"><ele>20.6</ele><time>2026-01-19T07:38:08Z</time></trkpt><trkpt lat="60.222642" lon="24.965295"><ele>20.5</ele><time>2026-01-19T07:38:09Z</time></trkpt><trkpt lat="60.222653" lon="24.965305"><ele>21.1</ele><time>2026-01-19T07:38:10Z</time><extensions><gpxtpx:TrackPointExtension><gpxtpx:hr>86</gpxtpx:hr></gpxtpx:TrackPointExtension></extensions></trkpt><trkpt lat="60.222663" lon="24.965327"><ele>20.7</ele><time>2026-01-19T07:38:11Z</time></trkpt><trkpt lat="60.222677" lon="24.965337"><ele>20.3</ele><time>2026-01-19T07:38:12Z</time></trkpt><trkpt lat="60.222687" lon="24.965363"><ele>21.2</ele><time>2026-01-19T07:38:13Z</time></trkpt><trkpt lat="60.222695" lon="24.965383"><ele>22.0</ele><time>2026-01-19T07:38:14Z</time><extensions><gpxtpx:TrackPointExtension><gpxtpx:hr>84</gpxtpx:hr></gpxtpx:TrackPointExtension></extensions></trkpt><trkpt lat="60.222707" lon="24.965403"><ele>22.1</ele><time>2026-01-19T07:38:15Z</time></trkpt><trkpt lat="60.222718" lon="24.965412"><ele>22.0</ele><time>2026-01-19T07:38:16Z</time></trkpt><trkpt lat="60.22273" lon="24.965427"><ele>21.7</ele><time>2026-01-19T07:38:17Z</time></trkpt><trkpt lat="60.222745" lon="24.965438"><ele>21.3</ele><time>2026-01-19T07:38:18Z</time></trkpt><trkpt lat="60.222757" lon="24.965453"><ele>21.4</ele><time>2026-01-19T07:38:19Z</time></trkpt><trkpt lat="60.222753" lon="24.965448"><ele>21.1</ele><time>2026-01-19T07:38:20Z</time><extensions><gpxtpx:TrackPointExtension><gpxtpx:hr>84</gpxtpx:hr></gpxtpx:TrackPointExtension></extensions></trkpt><trkpt lat="60.22276" lon="24.965465"><ele>21.7</ele><time>2026-01-19T07:38:21Z</time></trkpt><trkpt lat="60.222783" lon="24.96548"><ele>22.0</ele><time>2026-01-19T07:38:22Z</time></trkpt><trkpt lat="60.222795" lon="24.965507"><ele>21.8</ele><time>2026-01-19T07:38:23Z</time><extensions><gpxtpx:TrackPointExtension><gpxtpx:hr>84</gpxtpx:hr></gpxtpx:TrackPointExtension></extensions></trkpt><trkpt lat="60.222807" lon="24.96553"><ele>21.5</ele><time>2026-01-19T07:38:24Z</time></trkpt><trkpt lat="60.222813" lon="24.96556"><ele>21.4</ele><time>2026-01-19T07:38:25Z</time></trkpt><trkpt lat="60.22283" lon="24.965565"><ele>21.7</ele><time>2026-01-19T07:38:26Z</time></trkpt><trkpt lat="60.222837" lon="24.965575"><ele>21.9</ele><time>2026-01-19T07:38:27Z</time></trkpt><trkpt lat="60.222847" lon="24.9656"><ele>22.3</ele><time>2026-01-19T07:38:28Z</time><extensions><gpxtpx:TrackPointExtension><gpxtpx:hr>85</gpxtpx:hr></gpxtpx:TrackPointExtension></extensions></trkpt><trkpt lat="60.222862" lon="24.965603"><ele>22.6</ele><time>2026-01-19T07:38:29Z</time></trkpt><trkpt lat="60.22287" lon="24.965612"><ele>22.1</ele><time>2026-01-19T07:38:30Z</time></trkpt><trkpt lat="60.222868" lon="24.965622"><ele>21.7</ele><time>2026-01-19T07:38:31Z</time><extensions><gpxtpx:TrackPointExtension><gpxtpx:hr>85</gpxtpx:hr></gpxtpx:TrackPointExtension></extensions></trkpt><trkpt lat="60.222888" lon="24.96562"><ele>21.5</ele><time>2026-01-19T07:38:32Z</time></trkpt><trkpt lat="60.222908" lon="24.96564"><ele>22.3</ele><time>2026-01-19T07:38:33Z</time></trkpt><trkpt lat="60.222922" lon="24.965662"><ele>22.6</ele><time>2026-01-19T07:38:34Z</time></trkpt><trkpt lat="60.22294" lon="24.965677"><ele>21.9</ele><time>2026-01-19T07:38:35Z</time></trkpt><trkpt lat="60.222967" lon="24.965675"><ele>20.4</ele><time>2026-01-19T07:38:36Z</time><extensions><gpxtpx:TrackPointExtension><gpxtpx:hr>87</gpxtpx:hr></gpxtpx:TrackPointExtension></extensions></trkpt><trkpt lat="60.222985" lon="24.965695"><ele>20.6</ele><time>2026-01-19T07:38:37Z</time></trkpt><trkpt lat="60.222992" lon="24.965713"><ele>20.2</ele><time>2026-01-19T07:38:38Z</time></trkpt><trkpt lat="60.223003" lon="24.965737"><ele>20.2</ele><time>2026-01-19T07:38:39Z</time></trkpt><trkpt lat="60.223013" lon="24.965765"><ele>20.6</ele><time>2026-01-19T07:38:40Z</time></trkpt><trkpt lat="60.223022" lon="24.965777"><ele>20.5</ele><time>2026-01-19T07:38:41Z</time></trkpt><trkpt lat="60.223035" lon="24.965785"><ele>20.5</ele><time>2026-01-19T07:38:42Z</time></trkpt><trkpt lat="60.223053" lon="24.965795"><ele>19.9</ele><time>2026-01-19T07:38:43Z</time></trkpt><trkpt lat="60.22307" lon="24.9658"><ele>20.0</ele><time>2026-01-19T07:38:44Z</time></trkpt><trkpt lat="60.22308" lon="24.965808"><ele>20.8</ele><time>2026-01-19T07:38:45Z</time><extensions><gpxtpx:TrackPointExtension><gpxtpx:hr>88</gpxtpx:hr></gpxtpx:TrackPointExtension></extensions></trkpt><trkpt lat="60.223097" lon="24.965817"><ele>19.5</ele><time>2026-01-19T07:38:46Z</time></trkpt><trkpt lat="60.22311" lon="24.965832"><ele>19.1</ele><time>2026-01-19T07:38:47Z</time></trkpt><trkpt lat="60.22312" lon="24.965852"><ele>19.5</ele><time>2026-01-19T07:38:48Z</time><extensions><gpxtpx:TrackPointExtension><gpxtpx:hr>87</gpxtpx:hr></gpxtpx:TrackPointExtension></extensions></trkpt><trkpt lat="60.223135" lon="24.965858"><ele>19.5</ele><time>2026-01-19T07:38:49Z</time></trkpt><trkpt lat="60.223147" lon="24.965872"><ele>19.4</ele><time>2026-01-19T07:38:50Z</time></trkpt><trkpt lat="60.223157" lon="24.965892"><ele>19.7</ele><time>2026-01-19T07:38:51Z</time><extensions><gpxtpx:TrackPointExtension><gpxtpx:hr>86</gpxtpx:hr></gpxtpx:TrackPointExtension></extensions></trkpt><trkpt lat="60.223165" lon="24.965913"><ele>19.9</ele><time>2026-01-19T07:38:52Z</time></trkpt><trkpt lat="60.223182" lon="24.965925"><ele>19.6</ele><time>2026-01-19T07:38:53Z</time></trkpt><trkpt lat="60.223192" lon="24.965942"><ele>20.0</ele><time>2026-01-19T07:38:54Z</time></trkpt><trkpt lat="60.223207" lon="24.965958"><ele>19.5</ele><time>2026-01-19T07:38:55Z</time></trkpt><trkpt lat="60.22322" lon="24.96598"><ele>20.0</ele><time>2026-01-19T07:38:56Z</time></trkpt><trkpt lat="60.223233" lon="24.965995"><ele>20.2</ele><time>2026-01-19T07:38:57Z</time></trkpt><trkpt lat="60.223248" lon="24.966008"><ele>20.1</ele><time>2026-01-19T07:38:58Z</time><extensions><gpxtpx:TrackPointExtension><gpxtpx:hr>85</gpxtpx:hr></gpxtpx:TrackPointExtension></extensions></trkpt><trkpt lat="60.223262" lon="24.966028"><ele>19.9</ele><time>2026-01-19T07:38:59Z</time></trkpt><trkpt lat="60.22327" lon="24.966055"><ele>19.5</ele><time>2026-01-19T07:39:00Z</time></trkpt><trkpt lat="60.22328" lon="24.966073"><ele>20.2</ele><time>2026-01-19T07:39:01Z</time></trkpt><trkpt lat="60.223297" lon="24.966087"><ele>19.3</ele><time>2026-01-19T07:39:02Z</time></trkpt><trkpt lat="60.22331" lon="24.9661"><ele>18.6</ele><time>2026-01-19T07:39:03Z</time></trkpt><trkpt lat="60.223325" lon="24.966107"><ele>19.1</ele><time>2026-01-19T07:39:04Z</time></trkpt><trkpt lat="60.223338" lon="24.966118"><ele>19.1</ele><time>2026-01-19T07:39:05Z</time><extensions><gpxtpx:TrackPointExtension><gpxtpx:hr>85</gpxtpx:hr></gpxtpx:TrackPointExtension></extensions></trkpt><trkpt lat="60.223352" lon="24.966125"><ele>19.2</ele><time>2026-01-19T07:39:06Z</time></trkpt><trkpt lat="60.223363" lon="24.966138"><ele>19.3</ele><time>2026-01-19T07:39:07Z</time></trkpt><trkpt lat="60.223375" lon="24.966153"><ele>19.1</ele><time>2026-01-19T07:39:08Z</time><extensions><gpxtpx:TrackPointExtension><gpxtpx:hr>84</gpxtpx:hr></gpxtpx:TrackPointExtension></extensions></trkpt><trkpt lat="60.223388" lon="24.966158"><ele>19.5</ele><time>2026-01-19T07:39:09Z</time></trkpt><trkpt lat="60.2234" lon="24.966168"><ele>20.0</ele><time>2026-01-19T07:39:10Z</time></trkpt><trkpt lat="60.223412" lon="24.966185"><ele>20.1</ele><time>2026-01-19T07:39:11Z</time></trkpt><trkpt lat="60.223423" lon="24.966188"><ele>19.9</ele><time>2026-01-19T07:39:12Z</time></trkpt><trkpt lat="60.223437" lon="24.9662"><ele>19.6</ele><time>2026-01-19T07:39:13Z</time></trkpt><trkpt lat="60.223448" lon="24.966213"><ele>20.0</ele><time>2026-01-19T07:39:14Z</time></trkpt><trkpt lat="60.22346" lon="24.966225"><ele>20.0</ele><time>2026-01-19T07:39:15Z</time><extensions><gpxtpx:TrackPointExtension><gpxtpx:hr>84</gpxtpx:hr></gpxtpx:TrackPointExtension></extensions></trkpt><trkpt lat="60.223472" lon="24.966247"><ele>20.2</ele><time>2026-01-19T07:39:16Z</time></trkpt><trkpt lat="60.223482" lon="24.966258"><ele>19.9</ele><time>2026-01-19T07:39:17Z</time></trkpt><trkpt lat="60.223493" lon="24.966275"><ele>20.7</ele><time>2026-01-19T07:39:19Z</time><extensions><gpxtpx:TrackPointExtension><gpxtpx:hr>83</gpxtpx:hr></gpxtpx:TrackPointExtension></extensions></trkpt><trkpt lat="60.223503" lon="24.966292"><ele>20.8</ele><time>2026-01-19T07:39:19Z</time></trkpt><trkpt lat="60.223518" lon="24.966297"><ele>19.9</ele><time>2026-01-19T07:39:20Z</time></trkpt><trkpt lat="60.22353" lon="24.96631"><ele>19.8</ele><time>2026-01-19T07:39:22Z</time></trkpt><trkpt lat="60.22354" lon="24.966323"><ele>19.1</ele><time>2026-01-19T07:39:22Z</time></trkpt><trkpt lat="60.22355" lon="24.966345"><ele>19.9</ele><time>2026-01-19T07:39:23Z</time><extensions><gpxtpx:TrackPointExtension><gpxtpx:hr>84</gpxtpx:hr></gpxtpx:TrackPointExtension></extensions></trkpt><trkpt lat="60.22356" lon="24.966362"><ele>20.4</ele><time>2026-01-19T07:39:24Z</time></trkpt><trkpt lat="60.223572" lon="24.966377"><ele>20.2</ele><time>2026-01-19T07:39:25Z</time></trkpt><trkpt lat="60.223585" lon="24.966392"><ele>20.6</ele><time>2026-01-19T07:39:26Z</time><extensions><gpxtpx:TrackPointExtension><gpxtpx:hr>85</gpxtpx:hr></gpxtpx:TrackPointExtension></extensions></trkpt><trkpt lat="60.223597" lon="24.966403"><ele>20.1</ele><time>2026-01-19T07:39:27Z</time></trkpt><trkpt lat="60.223612" lon="24.966408"><ele>20.0</ele><time>2026-01-19T07:39:28Z</time></trkpt><trkpt lat="60.223623" lon="24.966423"><ele>19.8</ele><time>2026-01-19T07:39:29Z</time></trkpt><trkpt lat="60.223637" lon="24.966438"><ele>19.6</ele><time>2026-01-19T07:39:30Z</time></trkpt><trkpt lat="60.223647" lon="24.966452"><ele>19.5</ele><time>2026-01-19T07:39:31Z</time></trkpt><trkpt lat="60.22366" lon="24.966475"><ele>19.7</ele><time>2026-01-19T07:39:32Z</time></trkpt><trkpt lat="60.223668" lon="24.966495"><ele>20.1</ele><time>2026-01-19T07:39:33Z</time></trkpt><trkpt lat="60.22368" lon="24.966507"><ele>19.6</ele><time>2026-01-19T07:39:34Z</time></trkpt><trkpt lat="60.223692" lon="24.966508"><ele>18.5</ele><time>2026-01-19T07:39:35Z</time><extensions><gpxtpx:TrackPointExtension><gpxtpx:hr>84</gpxtpx:hr></gpxtpx:TrackPointExtension></extensions></trkpt><trkpt lat="60.223703" lon="24.966522"><ele>18.8</ele><time>2026-01-19T07:39:36Z</time></trkpt><trkpt lat="60.223708" lon="24.966552"><ele>18.7</ele><time>2026-01-19T07:39:37Z</time></trkpt><trkpt lat="60.223703" lon="24.966575"><ele>18.4</ele><time>2026-01-19T07:39:38Z</time></trkpt><trkpt lat="60.223697" lon="24.966598"><ele>18.3</ele><time>2026-01-19T07:39:39Z</time></trkpt><trkpt lat="60.223695" lon="24.96662"><ele>18.7</ele><time>2026-01-19T07:39:40Z</time><extensions><gpxtpx:TrackPointExtension><gpxtpx:hr>82</gpxtpx:hr></gpxtpx:TrackPointExtension></extensions></trkpt><trkpt lat="60.223707" lon="24.966653"><ele>18.9</ele><time>2026-01-19T07:39:41Z</time><extensions><gpxtpx:TrackPointExtension><gpxtpx:hr>81</gpxtpx:hr></gpxtpx:TrackPointExtension></extensions></trkpt><trkpt lat="60.223715" lon="24.966673"><ele>19.3</ele><time>2026-01-19T07:39:42Z</time></trkpt><trkpt lat="60.223722" lon="24.966693"><ele>19.2</ele><time>2026-01-19T07:39:43Z</time></trkpt><trkpt lat="60.223728" lon="24.966715"><ele>19.6</ele><time>2026-01-19T07:39:44Z</time></trkpt><trkpt lat="60.223733" lon="24.966735"><ele>20.0</ele><time>2026-01-19T07:39:45Z</time></trkpt><trkpt lat="60.223742" lon="24.966773"><ele>20.4</ele><time>2026-01-19T07:39:46Z</time><extensions><gpxtpx:TrackPointExtension><gpxtpx:hr>82</gpxtpx:hr></gpxtpx:TrackPointExtension></extensions></trkpt><trkpt lat="60.223752" lon="24.966788"><ele>21.0</ele><time>2026-01-19T07:39:47Z</time></trkpt><trkpt lat="60.22376" lon="24.966822"><ele>21.3</ele><time>2026-01-19T07:39:48Z</time></trkpt><trkpt lat="60.223773" lon="24.966828"><ele>20.4</ele><time>2026-01-19T07:39:49Z</time></trkpt><trkpt lat="60.223783" lon="24.966838"><ele>20.7</ele><time>2026-01-19T07:39:50Z</time></trkpt><trkpt lat="60.223792" lon="24.96686"><ele>20.8</ele><time>2026-01-19T07:39:51Z</time></trkpt><trkpt lat="60.223805" lon="24.966872"><ele>20.5</ele><time>2026-01-19T07:39:52Z</time></trkpt><trkpt lat="60.223823" lon="24.966903"><ele>20.9</ele><time>2026-01-19T07:39:53Z</time></trkpt><trkpt lat="60.223828" lon="24.966923"><ele>20.7</ele><time>2026-01-19T07:39:54Z</time><extensions><gpxtpx:TrackPointExtension><gpxtpx:hr>83</gpxtpx:hr></gpxtpx:TrackPointExtension></extensions></trkpt><trkpt lat="60.223838" lon="24.966935"><ele>20.9</ele><time>2026-01-19T07:39:55Z</time></trkpt><trkpt lat="60.22385" lon="24.966953"><ele>20.8</ele><time>2026-01-19T07:39:56Z</time></trkpt><trkpt lat="60.223863" lon="24.966957"><ele>21.1</ele><time>2026-01-19T07:39:57Z</time></trkpt><trkpt lat="60.223878" lon="24.966973"><ele>21.4</ele><time>2026-01-19T07:39:58Z</time><extensions><gpxtpx:TrackPointExtension><gpxtpx:hr>83</gpxtpx:hr></gpxtpx:TrackPointExtension></extensions></trkpt><trkpt lat="60.223888" lon="24.966983"><ele>21.8</ele><time>2026-01-19T07:39:59Z</time></trkpt><trkpt lat="60.223895" lon="24.966995"><ele>21.7</ele><time>2026-01-19T07:40:00Z</time></trkpt><trkpt lat="60.22391" lon="24.96701"><ele>21.9</ele><time>2026-01-19T07:40:01Z</time><extensions><gpxtpx:TrackPointExtension><gpxtpx:hr>83</gpxtpx:hr></gpxtpx:TrackPointExtension></extensions></trkpt><trkpt lat="60.223923" lon="24.967012"><ele>21.3</ele><time>2026-01-19T07:40:02Z</time></trkpt><trkpt lat="60.22394" lon="24.967033"><ele>21.8</ele><time>2026-01-19T07:40:03Z</time></trkpt><trkpt lat="60.223947" lon="24.96705"><ele>21.8</ele><time>2026-01-19T07:40:04Z</time></trkpt><trkpt lat="60.22396" lon="24.967063"><ele>22.0</ele><time>2026-01-19T07:40:05Z</time></trkpt><trkpt lat="60.22397" lon="24.967077"><ele>22.3</ele><time>2026-01-19T07:40:06Z</time></trkpt><trkpt lat="60.223982" lon="24.967075"><ele>23.1</ele><time>2026-01-19T07:40:07Z</time></trkpt><trkpt lat="60.223993" lon="24.96709"><ele>23.4</ele><time>2026-01-19T07:40:08Z</time></trkpt><trkpt lat="60.224" lon="24.967097"><ele>23.9</ele><time>2026-01-19T07:40:09Z</time></trkpt><trkpt lat="60.22401" lon="24.967125"><ele>22.9</ele><time>2026-01-19T07:40:10Z</time><extensions><gpxtpx:TrackPointExtension><gpxtpx:hr>83</gpxtpx:hr></gpxtpx:TrackPointExtension></extensions></trkpt><trkpt lat="60.224023" lon="24.96714"><ele>22.7</ele><time>2026-01-19T07:40:11Z</time><extensions><gpxtpx:TrackPointExtension><gpxtpx:hr>84</gpxtpx:hr></gpxtpx:TrackPointExtension></extensions></trkpt><trkpt lat="60.224035" lon="24.967152"><ele>23.6</ele><time>2026-01-19T07:40:12Z</time></trkpt><trkpt lat="60.224037" lon="24.967183"><ele>24.2</ele><time>2026-01-19T07:40:13Z</time></trkpt><trkpt lat="60.22405" lon="24.967202"><ele>23.5</ele><time>2026-01-19T07:40:14Z</time></trkpt><trkpt lat="60.224062" lon="24.967213"><ele>23.8</ele><time>2026-01-19T07:40:15Z</time></trkpt><trkpt lat="60.224072" lon="24.96722"><ele>23.5</ele><time>2026-01-19T07:40:16Z</time></trkpt><trkpt lat="60.22408" lon="24.967243"><ele>23.5</ele><time>2026-01-19T07:40:17Z</time><extensions><gpxtpx:TrackPointExtension><gpxtpx:hr>84</gpxtpx:hr></gpxtpx:TrackPointExtension></extensions></trkpt><trkpt lat="60.224087" lon="24.967272"><ele>23.9</ele><time>2026-01-19T07:40:18Z</time></trkpt><trkpt lat="60.224092" lon="24.967295"><ele>23.7</ele><time>2026-01-19T07:40:19Z</time></trkpt><trkpt lat="60.224095" lon="24.967325"><ele>23.7</ele><time>2026-01-19T07:40:20Z</time></trkpt><trkpt lat="60.224098" lon="24.967345"><ele>24.4</ele><time>2026-01-19T07:40:21Z</time><extensions><gpxtpx:TrackPointExtension><gpxtpx:hr>84</gpxtpx:hr></gpxtpx:TrackPointExtension></extensions></trkpt><trkpt lat="60.224108" lon="24.967368"><ele>24.8</ele><time>2026-01-19T07:40:22Z</time></trkpt><trkpt lat="60.224117" lon="24.96739"><ele>25.0</ele><time>2026-01-19T07:40:23Z</time></trkpt><trkpt lat="60.22412" lon="24.967415"><ele>25.7</ele><time>2026-01-19T07:40:24Z</time></trkpt><trkpt lat="60.224128" lon="24.967435"><ele>25.2</ele><time>2026-01-19T07:40:25Z</time></trkpt><trkpt lat="60.22413" lon="24.967465"><ele>25.6</ele><time>2026-01-19T07:40:26Z</time></trkpt><trkpt lat="60.224133" lon="24.96751"><ele>25.5</ele><time>2026-01-19T07:40:27Z</time></trkpt><trkpt lat="60.224137" lon="24.967525"><ele>25.2</ele><time>2026-01-19T07:40:28Z</time></trkpt><trkpt lat="60.224127" lon="24.967545"><ele>24.9</ele><time>2026-01-19T07:40:29Z</time></trkpt><trkpt lat="60.224123" lon="24.967558"><ele>25.4</ele><time>2026-01-19T07:40:30Z</time><extensions><gpxtpx:TrackPointExtension><gpxtpx:hr>84</gpxtpx:hr></gpxtpx:TrackPointExtension></extensions></trkpt><trkpt lat="60.22412" lon="24.967612"><ele>25.8</ele><time>2026-01-19T07:40:31Z</time></trkpt><trkpt lat="60.22412" lon="24.967632"><ele>25.8</ele><time>2026-01-19T07:40:32Z</time></trkpt><trkpt lat="60.224122" lon="24.967653"><ele>25.8</ele><time>2026-01-19T07:40:33Z</time></trkpt><trkpt lat="60.224132" lon="24.967672"><ele>25.9</ele><time>2026-01-19T07:40:34Z</time><extensions><gpxtpx:TrackPointExtension><gpxtpx:hr>84</gpxtpx:hr></gpxtpx:TrackPointExtension></extensions></trkpt><trkpt lat="60.224142" lon="24.967727"><ele>25.9</ele><time>2026-01-19T07:40:35Z</time></trkpt><trkpt lat="60.22414" lon="24.967733"><ele>26.1</ele><time>2026-01-19T07:40:36Z</time><extensions><gpxtpx:TrackPointExtension><gpxtpx:hr>88</gpxtpx:hr></gpxtpx:TrackPointExtension></extensions></trkpt><trkpt lat="60.224137" lon="24.967748"><ele>25.9</ele><time>2026-01-19T07:40:37Z</time></trkpt><trkpt lat="60.22412" lon="24.967767"><ele>25.5</ele><time>2026-01-19T07:40:38Z</time></trkpt><trkpt lat="60.22411" lon="24.967768"><ele>25.4</ele><time>2026-01-19T07:40:39Z</time></trkpt><trkpt lat="60.224115" lon="24.967795"><ele>26.2</ele><time>2026-01-19T07:40:40Z</time></trkpt><trkpt lat="60.22413" lon="24.967815"><ele>26.3</ele><time>2026-01-19T07:40:41Z</time></trkpt><trkpt lat="60.22412" lon="24.96783"><ele>25.3</ele><time>2026-01-19T07:40:42Z</time></trkpt><trkpt lat="60.224102" lon="24.967862"><ele>26.5</ele><time>2026-01-19T07:40:43Z</time></trkpt><trkpt lat="60.224105" lon="24.967878"><ele>26.7</ele><time>2026-01-19T07:40:44Z</time></trkpt><trkpt lat="60.224103" lon="24.967893"><ele>27.3</ele><time>2026-01-19T07:40:45Z</time><extensions><gpxtpx:TrackPointExtension><gpxtpx:hr>88</gpxtpx:hr></gpxtpx:TrackPointExtension></extensions></trkpt><trkpt lat="60.224093" lon="24.967922"><ele>27.9</ele><time>2026-01-19T07:40:46Z</time></trkpt><trkpt lat="60.2241" lon="24.967935"><ele>27.0</ele><time>2026-01-19T07:40:47Z</time></trkpt><trkpt lat="60.224103" lon="24.967952"><ele>26.8</ele><time>2026-01-19T07:40:48Z</time><extensions><gpxtpx:TrackPointExtension><gpxtpx:hr>88</gpxtpx:hr></gpxtpx:TrackPointExtension></extensions></trkpt><trkpt lat="60.224122" lon="24.967985"><ele>26.1</ele><time>2026-01-19T07:40:49Z</time></trkpt><trkpt lat="60.224095" lon="24.967997"><ele>26.0</ele><time>2026-01-19T07:40:50Z</time></trkpt><trkpt lat="60.224078" lon="24.968027"><ele>26.1</ele><time>2026-01-19T07:40:51Z</time></trkpt><trkpt lat="60.224063" lon="24.968062"><ele>26.0</ele><time>2026-01-19T07:40:52Z</time></trkpt><trkpt lat="60.224052" lon="24.968077"><ele>26.0</ele><time>2026-01-19T07:40:53Z</time><extensions><gpxtpx:TrackPointExtension><gpxtpx:hr>88</gpxtpx:hr></gpxtpx:TrackPointExtension></extensions></trkpt><trkpt lat="60.22404" lon="24.968103"><ele>25.9</ele><time>2026-01-19T07:40:54Z</time></trkpt><trkpt lat="60.224033" lon="24.968117"><ele>25.8</ele><time>2026-01-19T07:40:55Z</time></trkpt><trkpt lat="60.224023" lon="24.96815"><ele>25.6</ele><time>2026-01-19T07:40:56Z</time><extensions><gpxtpx:TrackPointExtension><gpxtpx:hr>90</gpxtpx:hr></gpxtpx:TrackPointExtension></extensions></trkpt><trkpt lat="60.224017" lon="24.968167"><ele>25.3</ele><time>2026-01-19T07:40:57Z</time></trkpt><trkpt lat="60.224005" lon="24.968188"><ele>25.3</ele><time>2026-01-19T07:40:58Z</time></trkpt><trkpt lat="60.223985" lon="24.968195"><ele>25.6</ele><time>2026-01-19T07:40:59Z</time></trkpt><trkpt lat="60.223978" lon="24.968193"><ele>25.5</ele><time>2026-01-19T07:41:00Z</time></trkpt><trkpt lat="60.223967" lon="24.968183"><ele>25.4</ele><time>2026-01-19T07:41:01Z</time></trkpt><trkpt lat="60.22396" lon="24.968177"><ele>25.0</ele><time>2026-01-19T07:41:02Z</time></trkpt><trkpt lat="60.223953" lon="24.968177"><ele>24.9</ele><time>2026-01-19T07:41:03Z</time></trkpt><trkpt lat="60.223947" lon="24.968175"><ele>24.6</ele><time>2026-01-19T07:41:04Z</time><extensions><gpxtpx:TrackPointExtension><gpxtpx:hr>91</gpxtpx:hr></gpxtpx:TrackPointExtension></extensions></trkpt><trkpt lat="60.223943" lon="24.968163"><ele>24.7</ele><time>2026-01-19T07:41:05Z</time></trkpt><trkpt lat="60.223923" lon="24.968123"><ele>25.0</ele><time>2026-01-19T07:41:06Z</time></trkpt><trkpt lat="60.223927" lon="24.96812"><ele>26.0</ele><time>2026-01-19T07:41:07Z</time><extensions><gpxtpx:TrackPointExtension><gpxtpx:hr>91</gpxtpx:hr></gpxtpx:TrackPointExtension></extensions></trkpt><trkpt lat="60.22392" lon="24.96812"><ele>25.6</ele><time>2026-01-19T07:41:08Z</time></trkpt><trkpt lat="60.223898" lon="24.968075"><ele>25.2</ele><time>2026-01-19T07:41:09Z</time></trkpt><trkpt lat="60.22389" lon="24.968055"><ele>26.0</ele><time>2026-01-19T07:41:10Z</time></trkpt><trkpt lat="60.22388" lon="24.968062"><ele>25.6</ele><time>2026-01-19T07:41:11Z</time></trkpt><trkpt lat="60.223873" lon="24.968043"><ele>25.7</ele><time>2026-01-19T07:41:12Z</time></trkpt><trkpt lat="60.223862" lon="24.968007"><ele>26.1</ele><time>2026-01-19T07:41:13Z</time><extensions><gpxtpx:TrackPointExtension><gpxtpx:hr>90</gpxtpx:hr></gpxtpx:TrackPointExtension></extensions></trkpt><trkpt lat="60.223855" lon="24.967998"><ele>26.5</ele><time>2026-01-19T07:41:14Z</time></trkpt><trkpt lat="60.223833" lon="24.967982"><ele>26.8</ele><time>2026-01-19T07:41:15Z</time></trkpt><trkpt lat="60.223818" lon="24.967978"><ele>26.9</ele><time>2026-01-19T07:41:16Z</time><extensions><gpxtpx:TrackPointExtension><gpxtpx:hr>90</gpxtpx:hr></gpxtpx:TrackPointExtension></extensions></trkpt><trkpt lat="60.223802" lon="24.96798"><ele>26.9</ele><time>2026-01-19T07:41:17Z</time></trkpt><trkpt lat="60.22379" lon="24.967965"><ele>27.4</ele><time>2026-01-19T07:41:18Z</time></trkpt><trkpt lat="60.223782" lon="24.967962"><ele>28.0</ele><time>2026-01-19T07:41:19Z</time></trkpt><trkpt lat="60.223765" lon="24.96795"><ele>28.3</ele><time>2026-01-19T07:41:20Z</time></trkpt><trkpt lat="60.223752" lon="24.96796"><ele>28.1</ele><time>2026-01-19T07:41:21Z</time></trkpt><trkpt lat="60.223728" lon="24.96795"><ele>28.4</ele><time>2026-01-19T07:41:22Z</time><extensions><gpxtpx:TrackPointExtension><gpxtpx:hr>90</gpxtpx:hr></gpxtpx:TrackPointExtension></extensions></trkpt><trkpt lat="60.223723" lon="24.967962"><ele>28.9</ele><time>2026-01-19T07:41:23Z</time></trkpt><trkpt lat="60.22371" lon="24.967955"><ele>29.1</ele><time>2026-01-19T07:41:24Z</time></trkpt><trkpt lat="60.223695" lon="24.967958"><ele>29.0</ele><time>2026-01-19T07:41:25Z</time></trkpt><trkpt lat="60.223678" lon="24.967955"><ele>29.0</ele><time>2026-01-19T07:41:26Z</time><extensions><gpxtpx:TrackPointExtension><gpxtpx:hr>92</gpxtpx:hr></gpxtpx:TrackPointExtension></extensions></trkpt><trkpt lat="60.223668" lon="24.96794"><ele>29.1</ele><time>2026-01-19T07:41:27Z</time></trkpt><trkpt lat="60.223653" lon="24.96794"><ele>29.6</ele><time>2026-01-19T07:41:28Z</time></trkpt><trkpt lat="60.22364" lon="24.967933"><ele>29.7</ele><time>2026-01-19T07:41:29Z</time></trkpt><trkpt lat="60.223628" lon="24.967923"><ele>29.3</ele><time>2026-01-19T07:41:30Z</time></trkpt><trkpt lat="60.223622" lon="24.967917"><ele>28.9</ele><time>2026-01-19T07:41:31Z</time></trkpt><trkpt lat="60.223607" lon="24.967917"><ele>28.4</ele><time>2026-01-19T07:41:32Z</time></trkpt><trkpt lat="60.2236" lon="24.967912"><ele>28.9</ele><time>2026-01-19T07:41:33Z</time></trkpt><trkpt lat="60.22358" lon="24.967897"><ele>29.5</ele><time>2026-01-19T07:41:34Z</time></trkpt><trkpt lat="60.223575" lon="24.967895"><ele>29.5</ele><time>2026-01-19T07:41:35Z</time><extensions><gpxtpx:TrackPointExtension><gpxtpx:hr>92</gpxtpx:hr></gpxtpx:TrackPointExtension></extensions></trkpt><trkpt lat="60.22356" lon="24.967893"><ele>30.0</ele><time>2026-01-19T07:41:36Z</time><extensions><gpxtpx:TrackPointExtension><gpxtpx:hr>92</gpxtpx:hr></gpxtpx:TrackPointExtension></extensions></trkpt><trkpt lat="60.22355" lon="24.967898"><ele>29.4</ele><time>2026-01-19T07:41:37Z</time></trkpt><trkpt lat="60.223535" lon="24.967893"><ele>28.8</ele><time>2026-01-19T07:41:38Z</time></trkpt><trkpt lat="60.223513" lon="24.967885"><ele>28.1</ele><time>2026-01-19T07:41:39Z</time></trkpt><trkpt lat="60.223505" lon="24.967903"><ele>29.2</ele><time>2026-01-19T07:41:40Z</time></trkpt><trkpt lat="60.223493" lon="24.967913"><ele>28.9</ele><time>2026-01-19T07:41:41Z</time></trkpt><trkpt lat="60.223477" lon="24.967917"><ele>29.0</ele><time>2026-01-19T07:41:42Z</time><extensions><gpxtpx:TrackPointExtension><gpxtpx:hr>91</gpxtpx:hr></gpxtpx:TrackPointExtension></extensions></trkpt><trkpt lat="60.223468" lon="24.967928"><ele>29.3</ele><time>2026-01-19T07:41:43Z</time></trkpt><trkpt lat="60.223457" lon="24.967957"><ele>29.3</ele><time>2026-01-19T07:41:44Z</time></trkpt><trkpt lat="60.22345" lon="24.967975"><ele>29.1</ele><time>2026-01-19T07:41:45Z</time></trkpt><trkpt lat="60.223445" lon="24.967998"><ele>29.4</ele><time>2026-01-19T07:41:46Z</time></trkpt><trkpt lat="60.22344" lon="24.968025"><ele>28.7</ele><time>2026-01-19T07:41:47Z</time><extensions><gpxtpx:TrackPointExtension><gpxtpx:hr>90</gpxtpx:hr></gpxtpx:TrackPointExtension></extensions></trkpt><trkpt lat="60.223432" lon="24.968052"><ele>28.8</ele><time>2026-01-19T07:41:48Z</time></trkpt><trkpt lat="60.223423" lon="24.968073"><ele>28.5</ele><time>2026-01-19T07:41:49Z</time></trkpt><trkpt lat="60.223417" lon="24.968095"><ele>28.4</ele><time>2026-01-19T07:41:50Z</time></trkpt><trkpt lat="60.223408" lon="24.968115"><ele>27.9</ele><time>2026-01-19T07:41:51Z</time></trkpt><trkpt lat="60.223405" lon="24.968142"><ele>27.5</ele><time>2026-01-19T07:41:52Z</time></trkpt><trkpt lat="60.223395" lon="24.968165"><ele>27.7</ele><time>2026-01-19T07:41:53Z</time></trkpt><trkpt lat="60.223392" lon="24.96819"><ele>27.7</ele><time>2026-01-19T07:41:54Z</time></trkpt><trkpt lat="60.223385" lon="24.968215"><ele>27.0</ele><time>2026-01-19T07:41:55Z</time><extensions><gpxtpx:TrackPointExtension><gpxtpx:hr>87</gpxtpx:hr></gpxtpx:TrackPointExtension></extensions></trkpt><trkpt lat="60.223375" lon="24.968243"><ele>27.8</ele><time>2026-01-19T07:41:56Z</time><extensions><gpxtpx:TrackPointExtension><gpxtpx:hr>88</gpxtpx:hr></gpxtpx:TrackPointExtension></extensions></trkpt><trkpt lat="60.223367" lon="24.968265"><ele>27.9</ele><time>2026-01-19T07:41:57Z</time></trkpt><trkpt lat="60.223353" lon="24.968288"><ele>27.6</ele><time>2026-01-19T07:41:58Z</time></trkpt><trkpt lat="60.223347" lon="24.968312"><ele>27.5</ele><time>2026-01-19T07:41:59Z</time></trkpt><trkpt lat="60.223342" lon="24.968335"><ele>27.5</ele><time>2026-01-19T07:42:00Z</time></trkpt><trkpt lat="60.223335" lon="24.968355"><ele>27.6</ele><time>2026-01-19T07:42:01Z</time></trkpt><trkpt lat="60.223325" lon="24.968363"><ele>27.9</ele><time>2026-01-19T07:42:02Z</time></trkpt><trkpt lat="60.22331" lon="24.96839"><ele>27.8</ele><time>2026-01-19T07:42:03Z</time></trkpt><trkpt lat="60.223305" lon="24.96841"><ele>28.2</ele><time>2026-01-19T07:42:04Z</time></trkpt><trkpt lat="60.223298" lon="24.968422"><ele>28.2</ele><time>2026-01-19T07:42:05Z</time><extensions><gpxtpx:TrackPointExtension><gpxtpx:hr>86</gpxtpx:hr></gpxtpx:TrackPointExtension></extensions></trkpt><trkpt lat="60.223293" lon="24.968442"><ele>28.2</ele><time>2026-01-19T07:42:06Z</time></trkpt><trkpt lat="60.223282" lon="24.968465"><ele>28.2</ele><time>2026-01-19T07:42:07Z</time></trkpt><trkpt lat="60.22328" lon="24.96848"><ele>28.5</ele><time>2026-01-19T07:42:08Z</time><extensions><gpxtpx:TrackPointExtension><gpxtpx:hr>85</gpxtpx:hr></gpxtpx:TrackPointExtension></extensions></trkpt><trkpt lat="60.22327" lon="24.968503"><ele>28.8</ele><time>2026-01-19T07:42:09Z</time></trkpt><trkpt lat="60.22326" lon="24.968508"><ele>29.3</ele><time>2026-01-19T07:42:10Z</time></trkpt><trkpt lat="60.223248" lon="24.968525"><ele>29.0</ele><time>2026-01-19T07:42:11Z</time></trkpt><trkpt lat="60.223237" lon="24.968543"><ele>28.7</ele><time>2026-01-19T07:42:12Z</time></trkpt><trkpt lat="60.223227" lon="24.968563"><ele>29.1</ele><time>2026-01-19T07:42:13Z</time></trkpt><trkpt lat="60.223215" lon="24.96858"><ele>28.8</ele><time>2026-01-19T07:42:14Z</time></trkpt><trkpt lat="60.223205" lon="24.968597"><ele>29.0</ele><time>2026-01-19T07:42:15Z</time><extensions><gpxtpx:TrackPointExtension><gpxtpx:hr>86</gpxtpx:hr></gpxtpx:TrackPointExtension></extensions></trkpt><trkpt lat="60.223195" lon="24.968608"><ele>29.4</ele><time>2026-01-19T07:42:16Z</time><extensions><gpxtpx:TrackPointExtension><gpxtpx:hr>87</gpxtpx:hr></gpxtpx:TrackPointExtension></extensions></trkpt><trkpt lat="60.223183" lon="24.968617"><ele>29.0</ele><time>2026-01-19T07:42:17Z</time></trkpt><trkpt lat="60.223178" lon="24.968625"><ele>28.9</ele><time>2026-01-19T07:42:18Z</time></trkpt><trkpt lat="60.223168" lon="24.968645"><ele>29.1</ele><time>2026-01-19T07:42:19Z</time></trkpt><trkpt lat="60.223158" lon="24.968663"><ele>29.2</ele><time>2026-01-19T07:42:20Z</time></trkpt><trkpt lat="60.223145" lon="24.968683"><ele>29.4</ele><time>2026-01-19T07:42:21Z</time></trkpt><trkpt lat="60.223135" lon="24.968702"><ele>29.2</ele><time>2026-01-19T07:42:22Z</time></trkpt><trkpt lat="60.223125" lon="24.968722"><ele>29.3</ele><time>2026-01-19T07:42:23Z</time><extensions><gpxtpx:TrackPointExtension><gpxtpx:hr>89</gpxtpx:hr></gpxtpx:TrackPointExtension></extensions></trkpt><trkpt lat="60.223112" lon="24.968737"><ele>29.4</ele><time>2026-01-19T07:42:24Z</time></trkpt><trkpt lat="60.223105" lon="24.968757"><ele>29.5</ele><time>2026-01-19T07:42:25Z</time></trkpt><trkpt lat="60.223098" lon="24.968778"><ele>29.6</ele><time>2026-01-19T07:42:26Z</time></trkpt><trkpt lat="60.223097" lon="24.968808"><ele>29.5</ele><time>2026-01-19T07:42:27Z</time></trkpt><trkpt lat="60.223087" lon="24.968833"><ele>29.8</ele><time>2026-01-19T07:42:28Z</time></trkpt><trkpt lat="60.223082" lon="24.968853"><ele>30.6</ele><time>2026-01-19T07:42:29Z</time></trkpt><trkpt lat="60.223078" lon="24.968882"><ele>30.1</ele><time>2026-01-19T07:42:30Z</time><extensions><gpxtpx:TrackPointExtension><gpxtpx:hr>90</gpxtpx:hr></gpxtpx:TrackPointExtension></extensions></trkpt><trkpt lat="60.223075" lon="24.968907"><ele>30.9</ele><time>2026-01-19T07:42:31Z</time></trkpt><trkpt lat="60.223073" lon="24.96894"><ele>29.6</ele><time>2026-01-19T07:42:32Z</time></trkpt><trkpt lat="60.22306" lon="24.968962"><ele>30.2</ele><time>2026-01-19T07:42:33Z</time></trkpt><trkpt lat="60.223057" lon="24.968977"><ele>30.2</ele><time>2026-01-19T07:42:34Z</time></trkpt><trkpt lat="60.223047" lon="24.968998"><ele>30.3</ele><time>2026-01-19T07:42:35Z</time><extensions><gpxtpx:TrackPointExtension><gpxtpx:hr>88</gpxtpx:hr></gpxtpx:TrackPointExtension></extensions></trkpt><trkpt lat="60.223045" lon="24.969005"><ele>30.3</ele><time>2026-01-19T07:42:36Z</time></trkpt><trkpt lat="60.223038" lon="24.969025"><ele>31.0</ele><time>2026-01-19T07:42:37Z</time></trkpt><trkpt lat="60.223025" lon="24.969048"><ele>31.0</ele><time>2026-01-19T07:42:38Z</time></trkpt><trkpt lat="60.223013" lon="24.969077"><ele>30.8</ele><time>2026-01-19T07:42:39Z</time><extensions><gpxtpx:TrackPointExtension><gpxtpx:hr>88</gpxtpx:hr></gpxtpx:TrackPointExtension></extensions></trkpt><trkpt lat="60.223008" lon="24.969085"><ele>31.5</ele><time>2026-01-19T07:42:40Z</time></trkpt><trkpt lat="60.223002" lon="24.969095"><ele>31.4</ele><time>2026-01-19T07:42:41Z</time><extensions><gpxtpx:TrackPointExtension><gpxtpx:hr>89</gpxtpx:hr></gpxtpx:TrackPointExtension></extensions></trkpt><trkpt lat="60.22298" lon="24.969088"><ele>31.3</ele><time>2026-01-19T07:42:42Z</time></trkpt><trkpt lat="60.222972" lon="24.969073"><ele>32.0</ele><time>2026-01-19T07:42:43Z</time></trkpt><trkpt lat="60.222957" lon="24.969073"><ele>31.2</ele><time>2026-01-19T07:42:44Z</time></trkpt><trkpt lat="60.222943" lon="24.969093"><ele>31.1</ele><time>2026-01-19T07:42:45Z</time></trkpt><trkpt lat="60.222935" lon="24.969123"><ele>31.2</ele><time>2026-01-19T07:42:46Z</time></trkpt><trkpt lat="60.22293" lon="24.969127"><ele>31.5</ele><time>2026-01-19T07:42:47Z</time></trkpt><trkpt lat="60.222933" lon="24.969152"><ele>31.0</ele><time>2026-01-19T07:42:48Z</time></trkpt><trkpt lat="60.222933" lon="24.969182"><ele>30.9</ele><time>2026-01-19T07:42:49Z</time><extensions><gpxtpx:TrackPointExtension><gpxtpx:hr>90</gpxtpx:hr></gpxtpx:TrackPointExtension></extensions></trkpt><trkpt lat="60.222932" lon="24.96921"><ele>31.1</ele><time>2026-01-19T07:42:50Z</time></trkpt><trkpt lat="60.222928" lon="24.969212"><ele>31.4</ele><time>2026-01-19T07:42:51Z</time><extensions><gpxtpx:TrackPointExtension><gpxtpx:hr>90</gpxtpx:hr></gpxtpx:TrackPointExtension></extensions></trkpt><trkpt lat="60.222928" lon="24.969223"><ele>31.7</ele><time>2026-01-19T07:42:52Z</time></trkpt><trkpt lat="60.222927" lon="24.969238"><ele>31.8</ele><time>2026-01-19T07:42:53Z</time></trkpt><trkpt lat="60.22293" lon="24.969272"><ele>32.0</ele><time>2026-01-19T07:42:54Z</time></trkpt><trkpt lat="60.222933" lon="24.969328"><ele>31.5</ele><time>2026-01-19T07:42:55Z</time></trkpt><trkpt lat="60.222937" lon="24.969342"><ele>31.2</ele><time>2026-01-19T07:42:56Z</time><extensions><gpxtpx:TrackPointExtension><gpxtpx:hr>94</gpxtpx:hr></gpxtpx:TrackPointExtension></extensions></trkpt><trkpt lat="60.222942" lon="24.969363"><ele>31.2</ele><time>2026-01-19T07:42:57Z</time></trkpt><trkpt lat="60.22295" lon="24.96939"><ele>31.8</ele><time>2026-01-19T07:42:58Z</time></trkpt><trkpt lat="60.222958" lon="24.96941"><ele>31.7</ele><time>2026-01-19T07:42:59Z</time></trkpt><trkpt lat="60.222962" lon="24.96943"><ele>31.3</ele><time>2026-01-19T07:43:00Z</time></trkpt><trkpt lat="60.22297" lon="24.969465"><ele>31.6</ele><time>2026-01-19T07:43:01Z</time></trkpt><trkpt lat="60.222973" lon="24.969487"><ele>30.9</ele><time>2026-01-19T07:43:02Z</time></trkpt><trkpt lat="60.222978" lon="24.969515"><ele>31.2</ele><time>2026-01-19T07:43:03Z</time></trkpt><trkpt lat="60.222988" lon="24.969538"><ele>31.1</ele><time>2026-01-19T07:43:04Z</time></trkpt><trkpt lat="60.222993" lon="24.969565"><ele>31.4</ele><time>2026-01-19T07:43:05Z</time><extensions><gpxtpx:TrackPointExtension><gpxtpx:hr>93</gpxtpx:hr></gpxtpx:TrackPointExtension></extensions></trkpt><trkpt lat="60.222998" lon="24.969595"><ele>31.2</ele><time>2026-01-19T07:43:06Z</time></trkpt><trkpt lat="60.223002" lon="24.969623"><ele>31.2</ele><time>2026-01-19T07:43:07Z</time></trkpt><trkpt lat="60.223007" lon="24.96965"><ele>31.7</ele><time>2026-01-19T07:43:08Z</time><extensions><gpxtpx:TrackPointExtension><gpxtpx:hr>91</gpxtpx:hr></gpxtpx:TrackPointExtension></extensions></trkpt><trkpt lat="60.223013" lon="24.969667"><ele>31.9</ele><time>2026-01-19T07:43:09Z</time></trkpt><trkpt lat="60.22302" lon="24.969692"><ele>32.2</ele><time>2026-01-19T07:43:10Z</time></trkpt><trkpt lat="60.223027" lon="24.969717"><ele>32.3</ele><time>2026-01-19T07:43:11Z</time><extensions><gpxtpx:TrackPointExtension><gpxtpx:hr>91</gpxtpx:hr></gpxtpx:TrackPointExtension></extensions></trkpt><trkpt lat="60.223032" lon="24.96974"><ele>32.1</ele><time>2026-01-19T07:43:12Z</time></trkpt><trkpt lat="60.223035" lon="24.969757"><ele>32.3</ele><time>2026-01-19T07:43:13Z</time></trkpt><trkpt lat="60.223037" lon="24.96979"><ele>32.0</ele><time>2026-01-19T07:43:14Z</time></trkpt><trkpt lat="60.22304" lon="24.969817"><ele>32.3</ele><time>2026-01-19T07:43:15Z</time></trkpt><trkpt lat="60.223038" lon="24.969842"><ele>32.5</ele><time>2026-01-19T07:43:16Z</time></trkpt><trkpt lat="60.223043" lon="24.96987"><ele>32.4</ele><time>2026-01-19T07:43:17Z</time><extensions><gpxtpx:TrackPointExtension><gpxtpx:hr>89</gpxtpx:hr></gpxtpx:TrackPointExtension></extensions></trkpt><trkpt lat="60.223047" lon="24.969893"><ele>32.4</ele><time>2026-01-19T07:43:18Z</time></trkpt><trkpt lat="60.223047" lon="24.969917"><ele>32.5</ele><time>2026-01-19T07:43:19Z</time></trkpt><trkpt lat="60.22305" lon="24.969933"><ele>32.7</ele><time>2026-01-19T07:43:20Z</time></trkpt><trkpt lat="60.22305" lon="24.969957"><ele>32.7</ele><time>2026-01-19T07:43:21Z</time></trkpt><trkpt lat="60.223055" lon="24.969988"><ele>33.4</ele><time>2026-01-19T07:43:22Z</time></trkpt><trkpt lat="60.223057" lon="24.970008"><ele>33.4</ele><time>2026-01-19T07:43:23Z</time></trkpt><trkpt lat="60.22306" lon="24.970032"><ele>33.6</ele><time>2026-01-19T07:43:24Z</time></trkpt><trkpt lat="60.223065" lon="24.970057"><ele>33.7</ele><time>2026-01-19T07:43:25Z</time><extensions><gpxtpx:TrackPointExtension><gpxtpx:hr>90</gpxtpx:hr></gpxtpx:TrackPointExtension></extensions></trkpt><trkpt lat="60.223072" lon="24.970073"><ele>33.5</ele><time>2026-01-19T07:43:26Z</time><extensions><gpxtpx:TrackPointExtension><gpxtpx:hr>90</gpxtpx:hr></gpxtpx:TrackPointExtension></extensions></trkpt><trkpt lat="60.223068" lon="24.970097"><ele>34.1</ele><time>2026-01-19T07:43:27Z</time></trkpt><trkpt lat="60.223072" lon="24.970118"><ele>34.3</ele><time>2026-01-19T07:43:28Z</time></trkpt><trkpt lat="60.223075" lon="24.970143"><ele>34.0</ele><time>2026-01-19T07:43:30Z</time></trkpt><trkpt lat="60.223075" lon="24.970167"><ele>34.7</ele><time>2026-01-19T07:43:31Z</time></trkpt><trkpt lat="60.223078" lon="24.970193"><ele>34.8</ele><time>2026-01-19T07:43:32Z</time></trkpt><trkpt lat="60.223078" lon="24.970215"><ele>35.2</ele><time>2026-01-19T07:43:33Z</time></trkpt><trkpt lat="60.223082" lon="24.970242"><ele>35.2</ele><time>2026-01-19T07:43:34Z</time><extensions><gpxtpx:TrackPointExtension><gpxtpx:hr>92</gpxtpx:hr></gpxtpx:TrackPointExtension></extensions></trkpt><trkpt lat="60.223083" lon="24.970268"><ele>35.0</ele><time>2026-01-19T07:43:34Z</time></trkpt><trkpt lat="60.223082" lon="24.970292"><ele>35.2</ele><time>2026-01-19T07:43:35Z</time></trkpt><trkpt lat="60.223078" lon="24.970315"><ele>35.4</ele><time>2026-01-19T07:43:37Z</time><extensions><gpxtpx:TrackPointExtension><gpxtpx:hr>92</gpxtpx:hr></gpxtpx:TrackPointExtension></extensions></trkpt><trkpt lat="60.223073" lon="24.97034"><ele>35.9</ele><time>2026-01-19T07:43:37Z</time></trkpt><trkpt lat="60.22307" lon="24.970358"><ele>36.3</ele><time>2026-01-19T07:43:38Z</time></trkpt><trkpt lat="60.223065" lon="24.97038"><ele>36.5</ele><time>2026-01-19T07:43:40Z</time></trkpt><trkpt lat="60.223057" lon="24.9704"><ele>36.8</ele><time>2026-01-19T07:43:40Z</time></trkpt><trkpt lat="60.223055" lon="24.970417"><ele>36.7</ele><time>2026-01-19T07:43:42Z</time><extensions><gpxtpx:TrackPointExtension><gpxtpx:hr>94</gpxtpx:hr></gpxtpx:TrackPointExtension></extensions></trkpt><trkpt lat="60.223047" lon="24.970438"><ele>36.7</ele><time>2026-01-19T07:43:43Z</time></trkpt><trkpt lat="60.22304" lon="24.970457"><ele>36.9</ele><time>2026-01-19T07:43:43Z</time></trkpt><trkpt lat="60.223032" lon="24.970473"><ele>37.1</ele><time>2026-01-19T07:43:44Z</time></trkpt><trkpt lat="60.223025" lon="24.970483"><ele>36.8</ele><time>2026-01-19T07:43:45Z</time></trkpt><trkpt lat="60.223013" lon="24.970498"><ele>37.3</ele><time>2026-01-19T07:43:46Z</time><extensions><gpxtpx:TrackPointExtension><gpxtpx:hr>95</gpxtpx:hr></gpxtpx:TrackPointExtension></extensions></trkpt><trkpt lat="60.223002" lon="24.970515"><ele>37.4</ele><time>2026-01-19T07:43:47Z</time></trkpt><trkpt lat="60.222992" lon="24.97053"><ele>37.4</ele><time>2026-01-19T07:43:48Z</time></trkpt><trkpt lat="60.222983" lon="24.970543"><ele>37.7</ele><time>2026-01-19T07:43:49Z</time></trkpt><trkpt lat="60.222972" lon="24.97056"><ele>38.2</ele><time>2026-01-19T07:43:50Z</time></trkpt><trkpt lat="60.222963" lon="24.970568"><ele>38.5</ele><time>2026-01-19T07:43:51Z</time><extensions><gpxtpx:TrackPointExtension><gpxtpx:hr>95</gpxtpx:hr></gpxtpx:TrackPointExtension></extensions></trkpt><trkpt lat="60.222953" lon="24.97058"><ele>38.6</ele><time>2026-01-19T07:43:52Z</time></trkpt><trkpt lat="60.222947" lon="24.970592"><ele>38.5</ele><time>2026-01-19T07:43:53Z</time></trkpt><trkpt lat="60.222937" lon="24.970605"><ele>38.6</ele><time>2026-01-19T07:43:54Z</time></trkpt><trkpt lat="60.222925" lon="24.97063"><ele>38.6</ele><time>2026-01-19T07:43:55Z</time></trkpt><trkpt lat="60.222915" lon="24.970643"><ele>39.4</ele><time>2026-01-19T07:43:56Z</time><extensions><gpxtpx:TrackPointExtension><gpxtpx:hr>95</gpxtpx:hr></gpxtpx:TrackPointExtension></extensions></trkpt><trkpt lat="60.222905" lon="24.970652"><ele>39.5</ele><time>2026-01-19T07:43:57Z</time></trkpt><trkpt lat="60.222892" lon="24.970682"><ele>39.8</ele><time>2026-01-19T07:43:58Z</time></trkpt><trkpt lat="60.222883" lon="24.970687"><ele>38.8</ele><time>2026-01-19T07:43:59Z</time></trkpt><trkpt lat="60.222872" lon="24.970718"><ele>39.8</ele><time>2026-01-19T07:44:00Z</time></trkpt><trkpt lat="60.222867" lon="24.970737"><ele>38.6</ele><time>2026-01-19T07:44:01Z</time></trkpt><trkpt lat="60.222853" lon="24.970752"><ele>38.5</ele><time>2026-01-19T07:44:02Z</time></trkpt><trkpt lat="60.222843" lon="24.970775"><ele>38.4</ele><time>2026-01-19T07:44:03Z</time></trkpt><trkpt lat="60.222835" lon="24.970792"><ele>38.8</ele><time>2026-01-19T07:44:04Z</time></trkpt><trkpt lat="60.222818" lon="24.970795"><ele>39.1</ele><time>2026-01-19T07:44:05Z</time><extensions><gpxtpx:TrackPointExtension><gpxtpx:hr>96</gpxtpx:hr></gpxtpx:TrackPointExtension></extensions></trkpt><trkpt lat="60.22281" lon="24.970815"><ele>39.2</ele><time>2026-01-19T07:44:06Z</time></trkpt><trkpt lat="60.222795" lon="24.970823"><ele>39.8</ele><time>2026-01-19T07:44:07Z</time></trkpt><trkpt lat="60.222787" lon="24.970837"><ele>39.8</ele><time>2026-01-19T07:44:08Z</time></trkpt><trkpt lat="60.222778" lon="24.970842"><ele>39.7</ele><time>2026-01-19T07:44:09Z</time><extensions><gpxtpx:TrackPointExtension><gpxtpx:hr>95</gpxtpx:hr></gpxtpx:TrackPointExtension></extensions></trkpt><trkpt lat="60.222777" lon="24.970868"><ele>39.4</ele><time>2026-01-19T07:44:10Z</time></trkpt><trkpt lat="60.222765" lon="24.970895"><ele>39.2</ele><time>2026-01-19T07:44:11Z</time></trkpt><trkpt lat="60.222762" lon="24.970927"><ele>38.9</ele><time>2026-01-19T07:44:12Z</time><extensions><gpxtpx:TrackPointExtension><gpxtpx:hr>95</gpxtpx:hr></gpxtpx:TrackPointExtension></extensions></trkpt><trkpt lat="60.22276" lon="24.970955"><ele>39.0</ele><time>2026-01-19T07:44:13Z</time></trkpt><trkpt lat="60.222762" lon="24.97098"><ele>38.8</ele><time>2026-01-19T07:44:14Z</time></trkpt><trkpt lat="60.222763" lon="24.971008"><ele>38.1</ele><time>2026-01-19T07:44:15Z</time></trkpt><trkpt lat="60.222763" lon="24.971038"><ele>37.9</ele><time>2026-01-19T07:44:16Z</time></trkpt><trkpt lat="60.222765" lon="24.971057"><ele>37.4</ele><time>2026-01-19T07:44:17Z</time><extensions><gpxtpx:TrackPointExtension><gpxtpx:hr>94</gpxtpx:hr></gpxtpx:TrackPointExtension></extensions></trkpt><trkpt lat="60.222767" lon="24.971088"><ele>38.0</ele><time>2026-01-19T07:44:18Z</time></trkpt><trkpt lat="60.222772" lon="24.971115"><ele>38.2</ele><time>2026-01-19T07:44:19Z</time></trkpt><trkpt lat="60.222782" lon="24.971132"><ele>37.4</ele><time>2026-01-19T07:44:20Z</time></trkpt><trkpt lat="60.22279" lon="24.971167"><ele>36.9</ele><time>2026-01-19T07:44:21Z</time><extensions><gpxtpx:TrackPointExtension><gpxtpx:hr>95</gpxtpx:hr></gpxtpx:TrackPointExtension></extensions></trkpt><trkpt lat="60.222795" lon="24.971192"><ele>37.2</ele><time>2026-01-19T07:44:22Z</time></trkpt><trkpt lat="60.2228" lon="24.97122"><ele>37.3</ele><time>2026-01-19T07:44:23Z</time></trkpt><trkpt lat="60.222805" lon="24.971247"><ele>37.3</ele><time>2026-01-19T07:44:24Z</time></trkpt><trkpt lat="60.222812" lon="24.971275"><ele>37.0</ele><time>2026-01-19T07:44:25Z</time></trkpt><trkpt lat="60.22282" lon="24.971297"><ele>37.1</ele><time>2026-01-19T07:44:26Z</time></trkpt><trkpt lat="60.22283" lon="24.971322"><ele>36.4</ele><time>2026-01-19T07:44:27Z</time></trkpt><trkpt lat="60.222838" lon="24.971347"><ele>35.5</ele><time>2026-01-19T07:44:28Z</time></trkpt><trkpt lat="60.222845" lon="24.971373"><ele>36.2</ele><time>2026-01-19T07:44:29Z</time></trkpt><trkpt lat="60.222855" lon="24.971397"><ele>36.1</ele><time>2026-01-19T07:44:30Z</time><extensions><gpxtpx:TrackPointExtension><gpxtpx:hr>93</gpxtpx:hr></gpxtpx:TrackPointExtension></extensions></trkpt><trkpt lat="60.222863" lon="24.97142"><ele>35.9</ele><time>2026-01-19T07:44:31Z</time></trkpt><trkpt lat="60.222872" lon="24.971438"><ele>36.0</ele><time>2026-01-19T07:44:32Z</time></trkpt><trkpt lat="60.222885" lon="24.971457"><ele>35.9</ele><time>2026-01-19T07:44:33Z</time></trkpt><trkpt lat="60.222893" lon="24.971478"><ele>36.2</ele><time>2026-01-19T07:44:34Z</time></trkpt><trkpt lat="60.22291" lon="24.97149"><ele>36.4</ele><time>2026-01-19T07:44:35Z</time><extensions><gpxtpx:TrackPointExtension><gpxtpx:hr>92</gpxtpx:hr></gpxtpx:TrackPointExtension></extensions></trkpt><trkpt lat="60.22292" lon="24.971512"><ele>36.0</ele><time>2026-01-19T07:44:36Z</time><extensions><gpxtpx:TrackPointExtension><gpxtpx:hr>92</gpxtpx:hr></gpxtpx:TrackPointExtension></extensions></trkpt><trkpt lat="60.222932" lon="24.97153"><ele>35.7</ele><time>2026-01-19T07:44:37Z</time></trkpt><trkpt lat="60.22294" lon="24.971558"><ele>36.0</ele><time>2026-01-19T07:44:38Z</time></trkpt><trkpt lat="60.222948" lon="24.971582"><ele>35.8</ele><time>2026-01-19T07:44:39Z</time></trkpt><trkpt lat="60.222953" lon="24.971617"><ele>35.3</ele><time>2026-01-19T07:44:40Z</time></trkpt><trkpt lat="60.22297" lon="24.971625"><ele>35.3</ele><time>2026-01-19T07:44:41Z</time></trkpt><trkpt lat="60.222978" lon="24.971647"><ele>35.7</ele><time>2026-01-19T07:44:42Z</time></trkpt><trkpt lat="60.222985" lon="24.971663"><ele>35.2</ele><time>2026-01-19T07:44:43Z</time></trkpt><trkpt lat="60.222987" lon="24.971682"><ele>34.0</ele><time>2026-01-19T07:44:44Z</time><extensions><gpxtpx:TrackPointExtension><gpxtpx:hr>92</gpxtpx:hr></gpxtpx:TrackPointExtension></extensions></trkpt><trkpt lat="60.222988" lon="24.9717"><ele>33.1</ele><time>2026-01-19T07:44:45Z</time></trkpt><trkpt lat="60.222988" lon="24.971722"><ele>34.0</ele><time>2026-01-19T07:44:46Z</time></trkpt><trkpt lat="60.222987" lon="24.97175"><ele>33.8</ele><time>2026-01-19T07:44:47Z</time><extensions><gpxtpx:TrackPointExtension><gpxtpx:hr>92</gpxtpx:hr></gpxtpx:TrackPointExtension></extensions></trkpt><trkpt lat="60.22298" lon="24.971777"><ele>35.0</ele><time>2026-01-19T07:44:48Z</time></trkpt><trkpt lat="60.222963" lon="24.971803"><ele>36.6</ele><time>2026-01-19T07:44:49Z</time></trkpt><trkpt lat="60.222957" lon="24.971832"><ele>37.4</ele><time>2026-01-19T07:44:50Z</time></trkpt><trkpt lat="60.22296" lon="24.971865"><ele>36.6</ele><time>2026-01-19T07:44:51Z</time></trkpt><trkpt lat="60.222958" lon="24.971895"><ele>36.7</ele><time>2026-01-19T07:44:52Z</time></trkpt><trkpt lat="60.222958" lon="24.971922"><ele>36.4</ele><time>2026-01-19T07:44:53Z</time></trkpt><trkpt lat="60.222962" lon="24.971947"><ele>36.7</ele><time>2026-01-19T07:44:54Z</time><extensions><gpxtpx:TrackPointExtension><gpxtpx:hr>93</gpxtpx:hr></gpxtpx:TrackPointExtension></extensions></trkpt><trkpt lat="60.222962" lon="24.971973"><ele>37.1</ele><time>2026-01-19T07:44:55Z</time></trkpt><trkpt lat="60.222968" lon="24.971997"><ele>37.2</ele><time>2026-01-19T07:44:56Z</time></trkpt><trkpt lat="60.22296" lon="24.972028"><ele>36.7</ele><time>2026-01-19T07:44:57Z</time></trkpt><trkpt lat="60.222962" lon="24.97206"><ele>35.8</ele><time>2026-01-19T07:44:58Z</time></trkpt><trkpt lat="60.222958" lon="24.97209"><ele>36.2</ele><time>2026-01-19T07:44:59Z</time><extensions><gpxtpx:TrackPointExtension><gpxtpx:hr>93</gpxtpx:hr></gpxtpx:TrackPointExtension></extensions></trkpt><trkpt lat="60.222963" lon="24.97212"><ele>35.7</ele><time>2026-01-19T07:45:00Z</time></trkpt><trkpt lat="60.222963" lon="24.97215"><ele>35.9</ele><time>2026-01-19T07:45:01Z</time></trkpt><trkpt lat="60.22296" lon="24.97218"><ele>36.1</ele><time>2026-01-19T07:45:02Z</time></trkpt><trkpt lat="60.222955" lon="24.97221"><ele>36.4</ele><time>2026-01-19T07:45:03Z</time></trkpt><trkpt lat="60.222958" lon="24.972242"><ele>36.8</ele><time>2026-01-19T07:45:04Z</time></trkpt><trkpt lat="60.22296" lon="24.972267"><ele>36.3</ele><time>2026-01-19T07:45:05Z</time><extensions><gpxtpx:TrackPointExtension><gpxtpx:hr>93</gpxtpx:hr></gpxtpx:TrackPointExtension></extensions></trkpt><trkpt lat="60.222963" lon="24.972293"><ele>36.6</ele><time>2026-01-19T07:45:06Z</time></trkpt><trkpt lat="60.222965" lon="24.972323"><ele>36.4</ele><time>2026-01-19T07:45:07Z</time></trkpt><trkpt lat="60.222963" lon="24.972352"><ele>35.9</ele><time>2026-01-19T07:45:08Z</time></trkpt><trkpt lat="60.222967" lon="24.97238"><ele>36.2</ele><time>2026-01-19T07:45:09Z</time></trkpt><trkpt lat="60.22297" lon="24.972407"><ele>36.2</ele><time>2026-01-19T07:45:10Z</time><extensions><gpxtpx:TrackPointExtension><gpxtpx:hr>94</gpxtpx:hr></gpxtpx:TrackPointExtension></extensions></trkpt><trkpt lat="60.222977" lon="24.972432"><ele>36.6</ele><time>2026-01-19T07:45:11Z</time></trkpt><trkpt lat="60.222982" lon="24.972458"><ele>36.4</ele><time>2026-01-19T07:45:12Z</time></trkpt><trkpt lat="60.222987" lon="24.972482"><ele>36.1</ele><time>2026-01-19T07:45:13Z</time></trkpt><trkpt lat="60.222987" lon="24.972508"><ele>36.2</ele><time>2026-01-19T07:45:14Z</time><extensions><gpxtpx:TrackPointExtension><gpxtpx:hr>94</gpxtpx:hr></gpxtpx:TrackPointExtension></extensions></trkpt><trkpt lat="60.22298" lon="24.972543"><ele>36.4</ele><time>2026-01-19T07:45:15Z</time></trkpt><trkpt lat="60.222985" lon="24.972568"><ele>35.6</ele><time>2026-01-19T07:45:16Z</time></trkpt><trkpt lat="60.222983" lon="24.972598"><ele>35.4</ele><time>2026-01-19T07:45:17Z</time></trkpt><trkpt lat="60.222978" lon="24.972628"><ele>34.9</ele><time>2026-01-19T07:45:18Z</time><extensions><gpxtpx:TrackPointExtension><gpxtpx:hr>93</gpxtpx:hr></gpxtpx:TrackPointExtension></extensions></trkpt><trkpt lat="60.222987" lon="24.972655"><ele>34.5</ele><time>2026-01-19T07:45:19Z</time></trkpt><trkpt lat="60.222988" lon="24.972682"><ele>34.5</ele><time>2026-01-19T07:45:20Z</time></trkpt><trkpt lat="60.222988" lon="24.972708"><ele>34.6</ele><time>2026-01-19T07:45:21Z</time></trkpt><trkpt lat="60.222995" lon="24.972733"><ele>33.6</ele><time>2026-01-19T07:45:22Z</time></trkpt><trkpt lat="60.222998" lon="24.972758"><ele>33.3</ele><time>2026-01-19T07:45:23Z</time><extensions><gpxtpx:TrackPointExtension><gpxtpx:hr>94</gpxtpx:hr></gpxtpx:TrackPointExtension></extensions></trkpt><trkpt lat="60.222998" lon="24.972785"><ele>33.9</ele><time>2026-01-19T07:45:24Z</time></trkpt><trkpt lat="60.222992" lon="24.97281"><ele>34.0</ele><time>2026-01-19T07:45:25Z</time></trkpt><trkpt lat="60.222988" lon="24.972842"><ele>33.7</ele><time>2026-01-19T07:45:26Z</time></trkpt><trkpt lat="60.222992" lon="24.97286"><ele>32.7</ele><time>2026-01-19T07:45:27Z</time><extensions><gpxtpx:TrackPointExtension><gpxtpx:hr>93</gpxtpx:hr></gpxtpx:TrackPointExtension></extensions></trkpt><trkpt lat="60.222997" lon="24.972885"><ele>33.0</ele><time>2026-01-19T07:45:28Z</time></trkpt><trkpt lat="60.22301" lon="24.972902"><ele>32.4</ele><time>2026-01-19T07:45:29Z</time></trkpt><trkpt lat="60.22302" lon="24.972923"><ele>32.9</ele><time>2026-01-19T07:45:30Z</time></trkpt><trkpt lat="60.223025" lon="24.97295"><ele>32.2</ele><time>2026-01-19T07:45:31Z</time></trkpt><trkpt lat="60.223027" lon="24.97298"><ele>32.9</ele><time>2026-01-19T07:45:32Z</time></trkpt><trkpt lat="60.223037" lon="24.972998"><ele>32.8</ele><time>2026-01-19T07:45:33Z</time></trkpt><trkpt lat="60.223047" lon="24.973002"><ele>32.8</ele><time>2026-01-19T07:45:34Z</time></trkpt><trkpt lat="60.223063" lon="24.973017"><ele>31.8</ele><time>2026-01-19T07:45:35Z</time><extensions><gpxtpx:TrackPointExtension><gpxtpx:hr>92</gpxtpx:hr></gpxtpx:TrackPointExtension></extensions></trkpt><trkpt lat="60.223068" lon="24.973028"><ele>31.4</ele><time>2026-01-19T07:45:36Z</time><extensions><gpxtpx:TrackPointExtension><gpxtpx:hr>92</gpxtpx:hr></gpxtpx:TrackPointExtension></extensions></trkpt><trkpt lat="60.223077" lon="24.973043"><ele>32.1</ele><time>2026-01-19T07:45:37Z</time></trkpt><trkpt lat="60.223082" lon="24.973043"><ele>32.0</ele><time>2026-01-19T07:45:38Z</time></trkpt><trkpt lat="60.223092" lon="24.973072"><ele>32.1</ele><time>2026-01-19T07:45:39Z</time></trkpt><trkpt lat="60.223095" lon="24.973083"><ele>32.4</ele><time>2026-01-19T07:45:40Z</time></trkpt><trkpt lat="60.223102" lon="24.973098"><ele>32.5</ele><time>2026-01-19T07:45:41Z</time><extensions><gpxtpx:TrackPointExtension><gpxtpx:hr>93</gpxtpx:hr></gpxtpx:TrackPointExtension></extensions></trkpt><trkpt lat="60.223105" lon="24.973078"><ele>32.1</ele><time>2026-01-19T07:45:42Z</time></trkpt><trkpt lat="60.223115" lon="24.973107"><ele>32.3</ele><time>2026-01-19T07:45:43Z</time></trkpt><trkpt lat="60.223137" lon="24.973132"><ele>31.9</ele><time>2026-01-19T07:45:44Z</time></trkpt><trkpt lat="60.223142" lon="24.973148"><ele>32.5</ele><time>2026-01-19T07:45:45Z</time></trkpt><trkpt lat="60.223153" lon="24.973163"><ele>31.6</ele><time>2026-01-19T07:45:46Z</time><extensions><gpxtpx:TrackPointExtension><gpxtpx:hr>92</gpxtpx:hr></gpxtpx:TrackPointExtension></extensions></trkpt><trkpt lat="60.223168" lon="24.973178"><ele>31.3</ele><time>2026-01-19T07:45:47Z</time></trkpt><trkpt lat="60.223162" lon="24.973225"><ele>32.3</ele><time>2026-01-19T07:45:49Z</time></trkpt><trkpt lat="60.223172" lon="24.97325"><ele>31.7</ele><time>2026-01-19T07:45:49Z</time></trkpt><trkpt lat="60.223182" lon="24.973267"><ele>31.5</ele><time>2026-01-19T07:45:50Z</time></trkpt><trkpt lat="60.223188" lon="24.973297"><ele>31.1</ele><time>2026-01-19T07:45:51Z</time></trkpt><trkpt lat="60.2232" lon="24.973312"><ele>31.4</ele><time>2026-01-19T07:45:52Z</time></trkpt><trkpt lat="60.22321" lon="24.973337"><ele>30.8</ele><time>2026-01-19T07:45:53Z</time></trkpt><trkpt lat="60.22322" lon="24.973358"><ele>31.4</ele><time>2026-01-19T07:45:54Z</time><extensions><gpxtpx:TrackPointExtension><gpxtpx:hr>92</gpxtpx:hr></gpxtpx:TrackPointExtension></extensions></trkpt><trkpt lat="60.223228" lon="24.973383"><ele>30.2</ele><time>2026-01-19T07:45:55Z</time></trkpt><trkpt lat="60.223237" lon="24.973408"><ele>30.0</ele><time>2026-01-19T07:45:56Z</time></trkpt><trkpt lat="60.22325" lon="24.973423"><ele>30.1</ele><time>2026-01-19T07:45:57Z</time></trkpt><trkpt lat="60.223262" lon="24.973437"><ele>29.8</ele><time>2026-01-19T07:45:58Z</time></trkpt><trkpt lat="60.223263" lon="24.973472"><ele>30.0</ele><time>2026-01-19T07:45:59Z</time><extensions><gpxtpx:TrackPointExtension><gpxtpx:hr>91</gpxtpx:hr></gpxtpx:TrackPointExtension></extensions></trkpt><trkpt lat="60.22327" lon="24.973493"><ele>29.7</ele><time>2026-01-19T07:46:00Z</time></trkpt><trkpt lat="60.22328" lon="24.973513"><ele>29.3</ele><time>2026-01-19T07:46:01Z</time></trkpt><trkpt lat="60.223285" lon="24.973542"><ele>29.6</ele><time>2026-01-19T07:46:02Z</time></trkpt><trkpt lat="60.223298" lon="24.97356"><ele>29.0</ele><time>2026-01-19T07:46:03Z</time></trkpt><trkpt lat="60.223308" lon="24.97358"><ele>29.4</ele><time>2026-01-19T07:46:04Z</time></trkpt><trkpt lat="60.223317" lon="24.973598"><ele>28.4</ele><time>2026-01-19T07:46:05Z</time><extensions><gpxtpx:TrackPointExtension><gpxtpx:hr>91</gpxtpx:hr></gpxtpx:TrackPointExtension></extensions></trkpt><trkpt lat="60.223327" lon="24.973622"><ele>28.0</ele><time>2026-01-19T07:46:06Z</time><extensions><gpxtpx:TrackPointExtension><gpxtpx:hr>91</gpxtpx:hr></gpxtpx:TrackPointExtension></extensions></trkpt><trkpt lat="60.22334" lon="24.973642"><ele>28.9</ele><time>2026-01-19T07:46:07Z</time></trkpt><trkpt lat="60.223343" lon="24.973673"><ele>29.3</ele><time>2026-01-19T07:46:08Z</time></trkpt><trkpt lat="60.223357" lon="24.97369"><ele>29.6</ele><time>2026-01-19T07:46:09Z</time></trkpt><trkpt lat="60.223363" lon="24.973717"><ele>29.9</ele><time>2026-01-19T07:46:10Z</time></trkpt><trkpt lat="60.223378" lon="24.973727"><ele>30.1</ele><time>2026-01-19T07:46:11Z</time></trkpt><trkpt lat="60.223388" lon="24.97374"><ele>30.1</ele><time>2026-01-19T07:46:12Z</time></trkpt><trkpt lat="60.223395" lon="24.973767"><ele>29.7</ele><time>2026-01-19T07:46:13Z</time></trkpt><trkpt lat="60.223408" lon="24.973773"><ele>28.6</ele><time>2026-01-19T07:46:14Z</time><extensions><gpxtpx:TrackPointExtension><gpxtpx:hr>89</gpxtpx:hr></gpxtpx:TrackPointExtension></extensions></trkpt><trkpt lat="60.22342" lon="24.973765"><ele>28.8</ele><time>2026-01-19T07:46:15Z</time></trkpt><trkpt lat="60.22343" lon="24.973758"><ele>29.2</ele><time>2026-01-19T07:46:16Z</time></trkpt><trkpt lat="60.223442" lon="24.973775"><ele>29.5</ele><time>2026-01-19T07:46:17Z</time></trkpt><trkpt lat="60.22345" lon="24.973783"><ele>29.8</ele><time>2026-01-19T07:46:18Z</time></trkpt><trkpt lat="60.223465" lon="24.973797"><ele>29.6</ele><time>2026-01-19T07:46:19Z</time></trkpt><trkpt lat="60.22348" lon="24.9738"><ele>29.5</ele><time>2026-01-19T07:46:20Z</time><extensions><gpxtpx:TrackPointExtension><gpxtpx:hr>89</gpxtpx:hr></gpxtpx:TrackPointExtension></extensions></trkpt><trkpt lat="60.223495" lon="24.973812"><ele>27.9</ele><time>2026-01-19T07:46:21Z</time></trkpt><trkpt lat="60.223508" lon="24.97382"><ele>28.2</ele><time>2026-01-19T07:46:22Z</time></trkpt><trkpt lat="60.223523" lon="24.973828"><ele>28.9</ele><time>2026-01-19T07:46:23Z</time></trkpt><trkpt lat="60.22353" lon="24.973842"><ele>28.3</ele><time>2026-01-19T07:46:24Z</time><extensions><gpxtpx:TrackPointExtension><gpxtpx:hr>90</gpxtpx:hr></gpxtpx:TrackPointExtension></extensions></trkpt><trkpt lat="60.223538" lon="24.973863"><ele>28.8</ele><time>2026-01-19T07:46:25Z</time></trkpt><trkpt lat="60.223543" lon="24.97388"><ele>28.2</ele><time>2026-01-19T07:46:26Z</time><extensions><gpxtpx:TrackPointExtension><gpxtpx:hr>90</gpxtpx:hr></gpxtpx:TrackPointExtension></extensions></trkpt><trkpt lat="60.223558" lon="24.973905"><ele>27.7</ele><time>2026-01-19T07:46:27Z</time></trkpt><trkpt lat="60.223558" lon="24.973935"><ele>28.2</ele><time>2026-01-19T07:46:28Z</time></trkpt><trkpt lat="60.22356" lon="24.973963"><ele>28.8</ele><time>2026-01-19T07:46:29Z</time></trkpt><trkpt lat="60.22357" lon="24.973982"><ele>29.1</ele><time>2026-01-19T07:46:30Z</time></trkpt><trkpt lat="60.223573" lon="24.973998"><ele>29.4</ele><time>2026-01-19T07:46:31Z</time></trkpt><trkpt lat="60.223573" lon="24.974013"><ele>29.3</ele><time>2026-01-19T07:46:32Z</time><extensions><gpxtpx:TrackPointExtension><gpxtpx:hr>90</gpxtpx:hr></gpxtpx:TrackPointExtension></extensions></trkpt><trkpt lat="60.223575" lon="24.974047"><ele>29.8</ele><time>2026-01-19T07:46:33Z</time></trkpt><trkpt lat="60.223572" lon="24.974075"><ele>30.6</ele><time>2026-01-19T07:46:34Z</time></trkpt><trkpt lat="60.223568" lon="24.974098"><ele>29.5</ele><time>2026-01-19T07:46:35Z</time></trkpt><trkpt lat="60.223563" lon="24.97412"><ele>29.2</ele><time>2026-01-19T07:46:36Z</time></trkpt><trkpt lat="60.223555" lon="24.974132"><ele>29.0</ele><time>2026-01-19T07:46:37Z</time></trkpt><trkpt lat="60.22355" lon="24.974163"><ele>29.1</ele><time>2026-01-19T07:46:38Z</time></trkpt><trkpt lat="60.223543" lon="24.974187"><ele>29.3</ele><time>2026-01-19T07:46:39Z</time><extensions><gpxtpx:TrackPointExtension><gpxtpx:hr>91</gpxtpx:hr></gpxtpx:TrackPointExtension></extensions></trkpt><trkpt lat="60.223545" lon="24.974203"><ele>29.2</ele><time>2026-01-19T07:46:40Z</time></trkpt><trkpt lat="60.223535" lon="24.974223"><ele>29.2</ele><time>2026-01-19T07:46:41Z</time></trkpt><trkpt lat="60.223528" lon="24.974243"><ele>29.3</ele><time>2026-01-19T07:46:42Z</time><extensions><gpxtpx:TrackPointExtension><gpxtpx:hr>90</gpxtpx:hr></gpxtpx:TrackPointExtension></extensions></trkpt><trkpt lat="60.223522" lon="24.974262"><ele>29.3</ele><time>2026-01-19T07:46:43Z</time></trkpt><trkpt lat="60.223515" lon="24.974282"><ele>29.2</ele><time>2026-01-19T07:46:44Z</time></trkpt><trkpt lat="60.223513" lon="24.9743"><ele>29.8</ele><time>2026-01-19T07:46:45Z</time></trkpt><trkpt lat="60.223505" lon="24.974327"><ele>29.7</ele><time>2026-01-19T07:46:46Z</time></trkpt><trkpt lat="60.223502" lon="24.97435"><ele>29.6</ele><time>2026-01-19T07:46:47Z</time></trkpt><trkpt lat="60.223493" lon="24.974378"><ele>29.4</ele><time>2026-01-19T07:46:48Z</time></trkpt><trkpt lat="60.223487" lon="24.974398"><ele>29.1</ele><time>2026-01-19T07:46:49Z</time></trkpt><trkpt lat="60.223478" lon="24.974412"><ele>29.0</ele><time>2026-01-19T07:46:50Z</time><extensions><gpxtpx:TrackPointExtension><gpxtpx:hr>89</gpxtpx:hr></gpxtpx:TrackPointExtension></extensions></trkpt><trkpt lat="60.223472" lon="24.974428"><ele>29.5</ele><time>2026-01-19T07:46:51Z</time><extensions><gpxtpx:TrackPointExtension><gpxtpx:hr>89</gpxtpx:hr></gpxtpx:TrackPointExtension></extensions></trkpt><trkpt lat="60.223462" lon="24.974452"><ele>29.0</ele><time>2026-01-19T07:46:52Z</time></trkpt><trkpt lat="60.223452" lon="24.974467"><ele>29.0</ele><time>2026-01-19T07:46:53Z</time></trkpt><trkpt lat="60.223447" lon="24.974488"><ele>29.2</ele><time>2026-01-19T07:46:54Z</time></trkpt><trkpt lat="60.22344" lon="24.974507"><ele>29.9</ele><time>2026-01-19T07:46:55Z</time></trkpt><trkpt lat="60.223427" lon="24.974522"><ele>30.2</ele><time>2026-01-19T07:46:56Z</time></trkpt><trkpt lat="60.22342" lon="24.974547"><ele>30.4</ele><time>2026-01-19T07:46:57Z</time></trkpt><trkpt lat="60.223413" lon="24.974577"><ele>29.6</ele><time>2026-01-19T07:46:58Z</time></trkpt><trkpt lat="60.223405" lon="24.974597"><ele>29.9</ele><time>2026-01-19T07:46:59Z</time></trkpt><trkpt lat="60.223398" lon="24.974622"><ele>29.3</ele><time>2026-01-19T07:47:00Z</time><extensions><gpxtpx:TrackPointExtension><gpxtpx:hr>87</gpxtpx:hr></gpxtpx:TrackPointExtension></extensions></trkpt><trkpt lat="60.223393" lon="24.974647"><ele>29.8</ele><time>2026-01-19T07:47:01Z</time></trkpt><trkpt lat="60.223383" lon="24.974665"><ele>30.0</ele><time>2026-01-19T07:47:02Z</time></trkpt><trkpt lat="60.223377" lon="24.974683"><ele>30.2</ele><time>2026-01-19T07:47:03Z</time><extensions><gpxtpx:TrackPointExtension><gpxtpx:hr>87</gpxtpx:hr></gpxtpx:TrackPointExtension></extensions></trkpt><trkpt lat="60.223367" lon="24.97471"><ele>30.2</ele><time>2026-01-19T07:47:04Z</time></trkpt><trkpt lat="60.22336" lon="24.974733"><ele>30.0</ele><time>2026-01-19T07:47:05Z</time></trkpt><trkpt lat="60.223358" lon="24.974758"><ele>29.2</ele><time>2026-01-19T07:47:06Z</time><extensions><gpxtpx:TrackPointExtension><gpxtpx:hr>87</gpxtpx:hr></gpxtpx:TrackPointExtension></extensions></trkpt><trkpt lat="60.223352" lon="24.97478"><ele>28.5</ele><time>2026-01-19T07:47:07Z</time></trkpt><trkpt lat="60.223343" lon="24.974803"><ele>28.4</ele><time>2026-01-19T07:47:08Z</time></trkpt><trkpt lat="60.223335" lon="24.974815"><ele>27.8</ele><time>2026-01-19T07:47:09Z</time></trkpt><trkpt lat="60.223328" lon="24.974843"><ele>27.3</ele><time>2026-01-19T07:47:10Z</time></trkpt><trkpt lat="60.223322" lon="24.974875"><ele>26.9</ele><time>2026-01-19T07:47:11Z</time><extensions><gpxtpx:TrackPointExtension><gpxtpx:hr>87</gpxtpx:hr></gpxtpx:TrackPointExtension></extensions></trkpt><trkpt lat="60.223307" lon="24.974887"><ele>26.5</ele><time>2026-01-19T07:47:12Z</time></trkpt><trkpt lat="60.223302" lon="24.974918"><ele>26.2</ele><time>2026-01-19T07:47:13Z</time></trkpt><trkpt lat="60.223295" lon="24.974943"><ele>26.4</ele><time>2026-01-19T07:47:14Z</time></trkpt><trkpt lat="60.223287" lon="24.974963"><ele>26.2</ele><time>2026-01-19T07:47:15Z</time></trkpt><trkpt lat="60.22328" lon="24.974987"><ele>26.1</ele><time>2026-01-19T07:47:16Z</time></trkpt><trkpt lat="60.223277" lon="24.97501"><ele>25.6</ele><time>2026-01-19T07:47:17Z</time></trkpt><trkpt lat="60.223265" lon="24.975027"><ele>24.4</ele><time>2026-01-19T07:47:18Z</time></trkpt><trkpt lat="60.223248" lon="24.975035"><ele>24.7</ele><time>2026-01-19T07:47:19Z</time></trkpt><trkpt lat="60.223237" lon="24.97505"><ele>25.2</ele><time>2026-01-19T07:47:20Z</time><extensions><gpxtpx:TrackPointExtension><gpxtpx:hr>88</gpxtpx:hr></gpxtpx:TrackPointExtension></extensions></trkpt><trkpt lat="60.223225" lon="24.975063"><ele>25.3</ele><time>2026-01-19T07:47:21Z</time></trkpt><trkpt lat="60.223217" lon="24.975085"><ele>24.9</ele><time>2026-01-19T07:47:22Z</time><extensions><gpxtpx:TrackPointExtension><gpxtpx:hr>87</gpxtpx:hr></gpxtpx:TrackPointExtension></extensions></trkpt><trkpt lat="60.223212" lon="24.975112"><ele>24.9</ele><time>2026-01-19T07:47:23Z</time></trkpt><trkpt lat="60.223213" lon="24.975138"><ele>25.4</ele><time>2026-01-19T07:47:24Z</time></trkpt><trkpt lat="60.223212" lon="24.97515"><ele>25.2</ele><time>2026-01-19T07:47:25Z</time></trkpt><trkpt lat="60.223205" lon="24.975163"><ele>25.6</ele><time>2026-01-19T07:47:26Z</time></trkpt><trkpt lat="60.223203" lon="24.975175"><ele>26.1</ele><time>2026-01-19T07:47:27Z</time></trkpt><trkpt lat="60.223202" lon="24.975202"><ele>25.9</ele><time>2026-01-19T07:47:28Z</time></trkpt><trkpt lat="60.2232" lon="24.975237"><ele>25.5</ele><time>2026-01-19T07:47:29Z</time></trkpt><trkpt lat="60.223198" lon="24.975263"><ele>25.9</ele><time>2026-01-19T07:47:30Z</time><extensions><gpxtpx:TrackPointExtension><gpxtpx:hr>87</gpxtpx:hr></gpxtpx:TrackPointExtension></extensions></trkpt><trkpt lat="60.223202" lon="24.97529"><ele>26.1</ele><time>2026-01-19T07:47:31Z</time><extensions><gpxtpx:TrackPointExtension><gpxtpx:hr>87</gpxtpx:hr></gpxtpx:TrackPointExtension></extensions></trkpt><trkpt lat="60.223202" lon="24.975317"><ele>25.6</ele><time>2026-01-19T07:47:32Z</time></trkpt><trkpt lat="60.223203" lon="24.975343"><ele>26.0</ele><time>2026-01-19T07:47:33Z</time></trkpt><trkpt lat="60.223195" lon="24.975368"><ele>27.0</ele><time>2026-01-19T07:47:34Z</time></trkpt><trkpt lat="60.223195" lon="24.975392"><ele>26.8</ele><time>2026-01-19T07:47:35Z</time></trkpt><trkpt lat="60.223197" lon="24.975422"><ele>26.7</ele><time>2026-01-19T07:47:36Z</time></trkpt><trkpt lat="60.223193" lon="24.975447"><ele>26.9</ele><time>2026-01-19T07:47:37Z</time></trkpt><trkpt lat="60.2232" lon="24.975475"><ele>27.0</ele><time>2026-01-19T07:47:38Z</time></trkpt><trkpt lat="60.223197" lon="24.975502"><ele>27.2</ele><time>2026-01-19T07:47:39Z</time></trkpt><trkpt lat="60.223187" lon="24.97553"><ele>27.5</ele><time>2026-01-19T07:47:40Z</time><extensions><gpxtpx:TrackPointExtension><gpxtpx:hr>86</gpxtpx:hr></gpxtpx:TrackPointExtension></extensions></trkpt><trkpt lat="60.223175" lon="24.975552"><ele>27.3</ele><time>2026-01-19T07:47:42Z</time></trkpt><trkpt lat="60.22317" lon="24.975577"><ele>27.1</ele><time>2026-01-19T07:47:43Z</time></trkpt><trkpt lat="60.22316" lon="24.975595"><ele>26.9</ele><time>2026-01-19T07:47:44Z</time></trkpt><trkpt lat="60.22315" lon="24.975608"><ele>26.6</ele><time>2026-01-19T07:47:45Z</time><extensions><gpxtpx:TrackPointExtension><gpxtpx:hr>85</gpxtpx:hr></gpxtpx:TrackPointExtension></extensions></trkpt><trkpt lat="60.223137" lon="24.97562"><ele>25.8</ele><time>2026-01-19T07:47:46Z</time><extensions><gpxtpx:TrackPointExtension><gpxtpx:hr>85</gpxtpx:hr></gpxtpx:TrackPointExtension></extensions></trkpt><trkpt lat="60.223117" lon="24.975623"><ele>25.5</ele><time>2026-01-19T07:47:47Z</time></trkpt><trkpt lat="60.223107" lon="24.975635"><ele>25.7</ele><time>2026-01-19T07:47:48Z</time></trkpt><trkpt lat="60.223093" lon="24.975653"><ele>25.5</ele><time>2026-01-19T07:47:49Z</time></trkpt><trkpt lat="60.22308" lon="24.975667"><ele>25.5</ele><time>2026-01-19T07:47:50Z</time></trkpt><trkpt lat="60.223063" lon="24.975672"><ele>25.6</ele><time>2026-01-19T07:47:51Z</time></trkpt><trkpt lat="60.223057" lon="24.975693"><ele>25.3</ele><time>2026-01-19T07:47:52Z</time></trkpt><trkpt lat="60.22304" lon="24.975708"><ele>25.5</ele><time>2026-01-19T07:47:53Z</time></trkpt><trkpt lat="60.223037" lon="24.975713"><ele>25.3</ele><time>2026-01-19T07:47:54Z</time><extensions><gpxtpx:TrackPointExtension><gpxtpx:hr>85</gpxtpx:hr></gpxtpx:TrackPointExtension></extensions></trkpt><trkpt lat="60.223025" lon="24.975708"><ele>24.9</ele><time>2026-01-19T07:47:55Z</time></trkpt><trkpt lat="60.223012" lon="24.975717"><ele>24.5</ele><time>2026-01-19T07:47:56Z</time><extensions><gpxtpx:TrackPointExtension><gpxtpx:hr>86</gpxtpx:hr></gpxtpx:TrackPointExtension></extensions></trkpt><trkpt lat="60.223003" lon="24.97575"><ele>24.0</ele><time>2026-01-19T07:47:56Z</time></trkpt><trkpt lat="60.223002" lon="24.975775"><ele>23.7</ele><time>2026-01-19T07:47:57Z</time></trkpt><trkpt lat="60.223003" lon="24.975787"><ele>23.5</ele><time>2026-01-19T07:47:58Z</time></trkpt><trkpt lat="60.222993" lon="24.975778"><ele>24.2</ele><time>2026-01-19T07:47:59Z</time></trkpt><trkpt lat="60.222987" lon="24.975793"><ele>25.2</ele><time>2026-01-19T07:48:00Z</time></trkpt><trkpt lat="60.222977" lon="24.975812"><ele>25.2</ele><time>2026-01-19T07:48:01Z</time></trkpt><trkpt lat="60.222965" lon="24.975828"><ele>25.1</ele><time>2026-01-19T07:48:02Z</time></trkpt><trkpt lat="60.222955" lon="24.975843"><ele>25.7</ele><time>2026-01-19T07:48:03Z</time></trkpt><trkpt lat="60.222938" lon="24.975872"><ele>25.8</ele><time>2026-01-19T07:48:04Z</time></trkpt><trkpt lat="60.222932" lon="24.975888"><ele>26.1</ele><time>2026-01-19T07:48:05Z</time><extensions><gpxtpx:TrackPointExtension><gpxtpx:hr>86</gpxtpx:hr></gpxtpx:TrackPointExtension></extensions></trkpt><trkpt lat="60.22293" lon="24.975908"><ele>26.8</ele><time>2026-01-19T07:48:06Z</time></trkpt><trkpt lat="60.222922" lon="24.97593"><ele>26.0</ele><time>2026-01-19T07:48:07Z</time><extensions><gpxtpx:TrackPointExtension><gpxtpx:hr>86</gpxtpx:hr></gpxtpx:TrackPointExtension></extensions></trkpt><trkpt lat="60.22291" lon="24.97596"><ele>25.9</ele><time>2026-01-19T07:48:08Z</time></trkpt><trkpt lat="60.222905" lon="24.97597"><ele>25.4</ele><time>2026-01-19T07:48:09Z</time></trkpt><trkpt lat="60.222898" lon="24.975988"><ele>24.3</ele><time>2026-01-19T07:48:10Z</time></trkpt><trkpt lat="60.222902" lon="24.976027"><ele>25.0</ele><time>2026-01-19T07:48:11Z</time></trkpt><trkpt lat="60.2229" lon="24.97605"><ele>24.8</ele><time>2026-01-19T07:48:12Z</time></trkpt><trkpt lat="60.222883" lon="24.976088"><ele>23.9</ele><time>2026-01-19T07:48:13Z</time></trkpt><trkpt lat="60.22288" lon="24.976112"><ele>23.8</ele><time>2026-01-19T07:48:14Z</time><extensions><gpxtpx:TrackPointExtension><gpxtpx:hr>87</gpxtpx:hr></gpxtpx:TrackPointExtension></extensions></trkpt><trkpt lat="60.222872" lon="24.976137"><ele>24.8</ele><time>2026-01-19T07:48:15Z</time></trkpt><trkpt lat="60.222868" lon="24.976158"><ele>24.5</ele><time>2026-01-19T07:48:16Z</time><extensions><gpxtpx:TrackPointExtension><gpxtpx:hr>87</gpxtpx:hr></gpxtpx:TrackPointExtension></extensions></trkpt><trkpt lat="60.222863" lon="24.97618"><ele>25.2</ele><time>2026-01-19T07:48:17Z</time></trkpt><trkpt lat="60.222855" lon="24.976198"><ele>24.3</ele><time>2026-01-19T07:48:18Z</time></trkpt><trkpt lat="60.222848" lon="24.976227"><ele>24.7</ele><time>2026-01-19T07:48:19Z</time></trkpt><trkpt lat="60.22284" lon="24.976248"><ele>25.1</ele><time>2026-01-19T07:48:20Z</time></trkpt><trkpt lat="60.222833" lon="24.976267"><ele>25.3</ele><time>2026-01-19T07:48:21Z</time></trkpt><trkpt lat="60.22283" lon="24.976287"><ele>25.0</ele><time>2026-01-19T07:48:22Z</time></trkpt><trkpt lat="60.222827" lon="24.976317"><ele>25.9</ele><time>2026-01-19T07:48:23Z</time><extensions><gpxtpx:TrackPointExtension><gpxtpx:hr>88</gpxtpx:hr></gpxtpx:TrackPointExtension></extensions></trkpt><trkpt lat="60.222823" lon="24.976337"><ele>25.6</ele><time>2026-01-19T07:48:24Z</time></trkpt><trkpt lat="60.222817" lon="24.976363"><ele>25.3</ele><time>2026-01-19T07:48:25Z</time></trkpt><trkpt lat="60.222808" lon="24.97639"><ele>25.3</ele><time>2026-01-19T07:48:26Z</time><extensions><gpxtpx:TrackPointExtension><gpxtpx:hr>88</gpxtpx:hr></gpxtpx:TrackPointExtension></extensions></trkpt><trkpt lat="60.2228" lon="24.976415"><ele>24.9</ele><time>2026-01-19T07:48:27Z</time></trkpt><trkpt lat="60.222795" lon="24.976432"><ele>25.0</ele><time>2026-01-19T07:48:28Z</time></trkpt><trkpt lat="60.222793" lon="24.976457"><ele>25.6</ele><time>2026-01-19T07:48:29Z</time></trkpt><trkpt lat="60.222783" lon="24.976487"><ele>25.7</ele><time>2026-01-19T07:48:30Z</time></trkpt><trkpt lat="60.22278" lon="24.976517"><ele>25.8</ele><time>2026-01-19T07:48:31Z</time></trkpt><trkpt lat="60.222773" lon="24.976542"><ele>26.4</ele><time>2026-01-19T07:48:32Z</time></trkpt><trkpt lat="60.222767" lon="24.97657"><ele>26.2</ele><time>2026-01-19T07:48:33Z</time></trkpt><trkpt lat="60.22276" lon="24.976598"><ele>25.3</ele><time>2026-01-19T07:48:34Z</time></trkpt><trkpt lat="60.222752" lon="24.97662"><ele>25.1</ele><time>2026-01-19T07:48:35Z</time><extensions><gpxtpx:TrackPointExtension><gpxtpx:hr>87</gpxtpx:hr></gpxtpx:TrackPointExtension></extensions></trkpt><trkpt lat="60.222747" lon="24.976638"><ele>25.0</ele><time>2026-01-19T07:48:36Z</time></trkpt><trkpt lat="60.22274" lon="24.976662"><ele>25.1</ele><time>2026-01-19T07:48:37Z</time></trkpt><trkpt lat="60.222735" lon="24.976693"><ele>24.9</ele><time>2026-01-19T07:48:38Z</time></trkpt><trkpt lat="60.222732" lon="24.97671"><ele>25.3</ele><time>2026-01-19T07:48:39Z</time></trkpt><trkpt lat="60.222722" lon="24.976737"><ele>25.0</ele><time>2026-01-19T07:48:40Z</time></trkpt><trkpt lat="60.222713" lon="24.976762"><ele>25.3</ele><time>2026-01-19T07:48:41Z</time></trkpt><trkpt lat="60.222702" lon="24.976768"><ele>24.9</ele><time>2026-01-19T07:48:42Z</time></trkpt><trkpt lat="60.222697" lon="24.976787"><ele>24.9</ele><time>2026-01-19T07:48:43Z</time></trkpt><trkpt lat="60.222688" lon="24.97681"><ele>24.4</ele><time>2026-01-19T07:48:44Z</time></trkpt><trkpt lat="60.222677" lon="24.976845"><ele>23.9</ele><time>2026-01-19T07:48:45Z</time></trkpt><trkpt lat="60.222673" lon="24.976863"><ele>23.7</ele><time>2026-01-19T07:48:46Z</time><extensions><gpxtpx:TrackPointExtension><gpxtpx:hr>88</gpxtpx:hr></gpxtpx:TrackPointExtension></extensions></trkpt><trkpt lat="60.222657" lon="24.976897"><ele>25.2</ele><time>2026-01-19T07:48:47Z</time></trkpt><trkpt lat="60.222642" lon="24.976908"><ele>24.1</ele><time>2026-01-19T07:48:48Z</time></trkpt><trkpt lat="60.222633" lon="24.976932"><ele>24.0</ele><time>2026-01-19T07:48:49Z</time></trkpt><trkpt lat="60.222627" lon="24.976958"><ele>24.3</ele><time>2026-01-19T07:48:50Z</time></trkpt><trkpt lat="60.222608" lon="24.976968"><ele>24.4</ele><time>2026-01-19T07:48:51Z</time></trkpt><trkpt lat="60.222597" lon="24.976988"><ele>25.3</ele><time>2026-01-19T07:48:52Z</time><extensions><gpxtpx:TrackPointExtension><gpxtpx:hr>89</gpxtpx:hr></gpxtpx:TrackPointExtension></extensions></trkpt><trkpt lat="60.222583" lon="24.977003"><ele>25.0</ele><time>2026-01-19T07:48:53Z</time></trkpt><trkpt lat="60.222573" lon="24.977022"><ele>25.3</ele><time>2026-01-19T07:48:54Z</time></trkpt><trkpt lat="60.22256" lon="24.977038"><ele>25.0</ele><time>2026-01-19T07:48:55Z</time></trkpt><trkpt lat="60.22255" lon="24.977053"><ele>25.3</ele><time>2026-01-19T07:48:56Z</time></trkpt><trkpt lat="60.222542" lon="24.977067"><ele>25.0</ele><time>2026-01-19T07:48:57Z</time></trkpt><trkpt lat="60.222537" lon="24.977088"><ele>24.4</ele><time>2026-01-19T07:48:58Z</time></trkpt><trkpt lat="60.222527" lon="24.977098"><ele>23.9</ele><time>2026-01-19T07:48:59Z</time></trkpt><trkpt lat="60.222523" lon="24.977117"><ele>23.6</ele><time>2026-01-19T07:49:00Z</time></trkpt><trkpt lat="60.222512" lon="24.977132"><ele>24.1</ele><time>2026-01-19T07:49:01Z</time></trkpt><trkpt lat="60.222502" lon="24.977145"><ele>24.4</ele><time>2026-01-19T07:49:02Z</time></trkpt><trkpt lat="60.222488" lon="24.977152"><ele>24.5</ele><time>2026-01-19T07:49:03Z</time></trkpt><trkpt lat="60.222478" lon="24.977172"><ele>24.4</ele><time>2026-01-19T07:49:04Z</time></trkpt><trkpt lat="60.222472" lon="24.9772"><ele>23.6</ele><time>2026-01-19T07:49:05Z</time></trkpt><trkpt lat="60.222468" lon="24.977232"><ele>23.0</ele><time>2026-01-19T07:49:06Z</time></trkpt><trkpt lat="60.222462" lon="24.977238"><ele>23.4</ele><time>2026-01-19T07:49:07Z</time></trkpt><trkpt lat="60.222447" lon="24.97724"><ele>24.1</ele><time>2026-01-19T07:49:08Z</time></trkpt><trkpt lat="60.222435" lon="24.977253"><ele>23.7</ele><time>2026-01-19T07:49:09Z</time><extensions><gpxtpx:TrackPointExtension><gpxtpx:hr>88</gpxtpx:hr></gpxtpx:TrackPointExtension></extensions></trkpt><trkpt lat="60.222418" lon="24.977272"><ele>23.8</ele><time>2026-01-19T07:49:10Z</time></trkpt><trkpt lat="60.222405" lon="24.977278"><ele>24.3</ele><time>2026-01-19T07:49:11Z</time></trkpt><trkpt lat="60.222398" lon="24.977305"><ele>24.2</ele><time>2026-01-19T07:49:12Z</time></trkpt><trkpt lat="60.222387" lon="24.977313"><ele>23.5</ele><time>2026-01-19T07:49:13Z</time><extensions><gpxtpx:TrackPointExtension><gpxtpx:hr>88</gpxtpx:hr></gpxtpx:TrackPointExtension></extensions></trkpt><trkpt lat="60.22238" lon="24.977338"><ele>22.9</ele><time>2026-01-19T07:49:14Z</time></trkpt><trkpt lat="60.222365" lon="24.977355"><ele>22.1</ele><time>2026-01-19T07:49:15Z</time></trkpt><trkpt lat="60.222353" lon="24.977373"><ele>21.5</ele><time>2026-01-19T07:49:16Z</time><extensions><gpxtpx:TrackPointExtension><gpxtpx:hr>88</gpxtpx:hr></gpxtpx:TrackPointExtension></extensions></trkpt><trkpt lat="60.222347" lon="24.977387"><ele>21.5</ele><time>2026-01-19T07:49:17Z</time></trkpt><trkpt lat="60.222337" lon="24.977403"><ele>21.7</ele><time>2026-01-19T07:49:18Z</time></trkpt><trkpt lat="60.222325" lon="24.97741"><ele>22.0</ele><time>2026-01-19T07:49:19Z</time></trkpt><trkpt lat="60.222313" lon="24.977412"><ele>22.5</ele><time>2026-01-19T07:49:20Z</time></trkpt><trkpt lat="60.222297" lon="24.9774"><ele>21.2</ele><time>2026-01-19T07:49:21Z</time><extensions><gpxtpx:TrackPointExtension><gpxtpx:hr>88</gpxtpx:hr></gpxtpx:TrackPointExtension></extensions></trkpt><trkpt lat="60.222285" lon="24.977418"><ele>20.6</ele><time>2026-01-19T07:49:22Z</time></trkpt><trkpt lat="60.222275" lon="24.977428"><ele>20.0</ele><time>2026-01-19T07:49:23Z</time></trkpt><trkpt lat="60.222268" lon="24.977457"><ele>20.2</ele><time>2026-01-19T07:49:24Z</time></trkpt><trkpt lat="60.222263" lon="24.977487"><ele>19.8</ele><time>2026-01-19T07:49:25Z</time></trkpt><trkpt lat="60.222263" lon="24.97751"><ele>18.3</ele><time>2026-01-19T07:49:26Z</time></trkpt><trkpt lat="60.222263" lon="24.977533"><ele>17.8</ele><time>2026-01-19T07:49:27Z</time></trkpt><trkpt lat="60.22226" lon="24.977552"><ele>17.1</ele><time>2026-01-19T07:49:28Z</time><extensions><gpxtpx:TrackPointExtension><gpxtpx:hr>88</gpxtpx:hr></gpxtpx:TrackPointExtension></extensions></trkpt><trkpt lat="60.222253" lon="24.977575"><ele>17.3</ele><time>2026-01-19T07:49:29Z</time></trkpt><trkpt lat="60.222247" lon="24.977595"><ele>16.6</ele><time>2026-01-19T07:49:30Z</time></trkpt><trkpt lat="60.222242" lon="24.977613"><ele>16.1</ele><time>2026-01-19T07:49:31Z</time></trkpt><trkpt lat="60.22224" lon="24.97764"><ele>15.7</ele><time>2026-01-19T07:49:32Z</time></trkpt><trkpt lat="60.222242" lon="24.977668"><ele>15.6</ele><time>2026-01-19T07:49:33Z</time><extensions><gpxtpx:TrackPointExtension><gpxtpx:hr>86</gpxtpx:hr></gpxtpx:TrackPointExtension></extensions></trkpt><trkpt lat="60.222237" lon="24.977687"><ele>15.1</ele><time>2026-01-19T07:49:34Z</time></trkpt><trkpt lat="60.222227" lon="24.977697"><ele>13.9</ele><time>2026-01-19T07:49:35Z</time></trkpt><trkpt lat="60.222212" lon="24.977685"><ele>12.3</ele><time>2026-01-19T07:49:36Z</time></trkpt><trkpt lat="60.222203" lon="24.977683"><ele>11.4</ele><time>2026-01-19T07:49:37Z</time></trkpt><trkpt lat="60.222203" lon="24.977712"><ele>10.4</ele><time>2026-01-19T07:49:38Z</time></trkpt><trkpt lat="60.222203" lon="24.977742"><ele>9.6</ele><time>2026-01-19T07:49:39Z</time><extensions><gpxtpx:TrackPointExtension><gpxtpx:hr>86</gpxtpx:hr></gpxtpx:TrackPointExtension></extensions></trkpt><trkpt lat="60.222203" lon="24.977762"><ele>8.9</ele><time>2026-01-19T07:49:40Z</time></trkpt><trkpt lat="60.222197" lon="24.977782"><ele>8.5</ele><time>2026-01-19T07:49:41Z</time></trkpt><trkpt lat="60.22219" lon="24.977803"><ele>8.5</ele><time>2026-01-19T07:49:42Z</time></trkpt><trkpt lat="60.222188" lon="24.977827"><ele>8.7</ele><time>2026-01-19T07:49:43Z</time></trkpt><trkpt lat="60.222177" lon="24.977842"><ele>8.6</ele><time>2026-01-19T07:49:44Z</time></trkpt><trkpt lat="60.222165" lon="24.97786"><ele>8.3</ele><time>2026-01-19T07:49:45Z</time><extensions><gpxtpx:TrackPointExtension><gpxtpx:hr>85</gpxtpx:hr></gpxtpx:TrackPointExtension></extensions></trkpt><trkpt lat="60.222162" lon="24.977878"><ele>8.1</ele><time>2026-01-19T07:49:46Z</time><extensions><gpxtpx:TrackPointExtension><gpxtpx:hr>85</gpxtpx:hr></gpxtpx:TrackPointExtension></extensions></trkpt><trkpt lat="60.222153" lon="24.977882"><ele>8.1</ele><time>2026-01-19T07:49:48Z</time></trkpt><trkpt lat="60.222148" lon="24.977907"><ele>8.4</ele><time>2026-01-19T07:49:49Z</time></trkpt><trkpt lat="60.222142" lon="24.977922"><ele>8.3</ele><time>2026-01-19T07:49:49Z</time></trkpt><trkpt lat="60.222145" lon="24.977945"><ele>8.5</ele><time>2026-01-19T07:49:51Z</time></trkpt><trkpt lat="60.22214" lon="24.97796"><ele>9.3</ele><time>2026-01-19T07:49:52Z</time></trkpt><trkpt lat="60.222128" lon="24.978008"><ele>8.7</ele><time>2026-01-19T07:49:52Z</time></trkpt><trkpt lat="60.222127" lon="24.977993"><ele>7.7</ele><time>2026-01-19T07:49:53Z</time></trkpt><trkpt lat="60.222132" lon="24.97802"><ele>7.7</ele><time>2026-01-19T07:49:55Z</time><extensions><gpxtpx:TrackPointExtension><gpxtpx:hr>85</gpxtpx:hr></gpxtpx:TrackPointExtension></extensions></trkpt><trkpt lat="60.222132" lon="24.978053"><ele>8.2</ele><time>2026-01-19T07:49:55Z</time></trkpt><trkpt lat="60.222127" lon="24.978075"><ele>8.8</ele><time>2026-01-19T07:49:57Z</time></trkpt><trkpt lat="60.22212" lon="24.978092"><ele>8.7</ele><time>2026-01-19T07:49:58Z</time></trkpt><trkpt lat="60.222118" lon="24.978118"><ele>9.2</ele><time>2026-01-19T07:49:58Z</time></trkpt><trkpt lat="60.222108" lon="24.978145"><ele>8.8</ele><time>2026-01-19T07:50:00Z</time><extensions><gpxtpx:TrackPointExtension><gpxtpx:hr>84</gpxtpx:hr></gpxtpx:TrackPointExtension></extensions></trkpt><trkpt lat="60.2221" lon="24.978162"><ele>8.1</ele><time>2026-01-19T07:50:01Z</time><extensions><gpxtpx:TrackPointExtension><gpxtpx:hr>84</gpxtpx:hr></gpxtpx:TrackPointExtension></extensions></trkpt><trkpt lat="60.222095" lon="24.97818"><ele>7.8</ele><time>2026-01-19T07:50:01Z</time></trkpt><trkpt lat="60.222098" lon="24.978198"><ele>8.3</ele><time>2026-01-19T07:50:02Z</time></trkpt><trkpt lat="60.222102" lon="24.978227"><ele>8.2</ele><time>2026-01-19T07:50:03Z</time></trkpt><trkpt lat="60.222105" lon="24.978247"><ele>8.7</ele><time>2026-01-19T07:50:04Z</time></trkpt><trkpt lat="60.222107" lon="24.978265"><ele>9.4</ele><time>2026-01-19T07:50:05Z</time></trkpt><trkpt lat="60.222108" lon="24.978293"><ele>9.3</ele><time>2026-01-19T07:50:06Z</time><extensions><gpxtpx:TrackPointExtension><gpxtpx:hr>85</gpxtpx:hr></gpxtpx:TrackPointExtension></extensions></trkpt><trkpt lat="60.22211" lon="24.978318"><ele>8.9</ele><time>2026-01-19T07:50:07Z</time></trkpt><trkpt lat="60.222112" lon="24.978332"><ele>8.9</ele><time>2026-01-19T07:50:08Z</time></trkpt><trkpt lat="60.222117" lon="24.978343"><ele>8.0</ele><time>2026-01-19T07:50:09Z</time></trkpt><trkpt lat="60.222125" lon="24.978347"><ele>8.8</ele><time>2026-01-19T07:50:10Z</time></trkpt><trkpt lat="60.22213" lon="24.978363"><ele>9.6</ele><time>2026-01-19T07:50:11Z</time></trkpt><trkpt lat="60.222143" lon="24.978402"><ele>9.3</ele><time>2026-01-19T07:50:12Z</time></trkpt><trkpt lat="60.222145" lon="24.978432"><ele>9.6</ele><time>2026-01-19T07:50:13Z</time></trkpt><trkpt lat="60.222152" lon="24.978465"><ele>9.7</ele><time>2026-01-19T07:50:14Z</time></trkpt><trkpt lat="60.222157" lon="24.978492"><ele>8.8</ele><time>2026-01-19T07:50:15Z</time><extensions><gpxtpx:TrackPointExtension><gpxtpx:hr>86</gpxtpx:hr></gpxtpx:TrackPointExtension></extensions></trkpt><trkpt lat="60.222165" lon="24.978517"><ele>8.8</ele><time>2026-01-19T07:50:16Z</time></trkpt><trkpt lat="60.222172" lon="24.978537"><ele>8.9</ele><time>2026-01-19T07:50:17Z</time><extensions><gpxtpx:TrackPointExtension><gpxtpx:hr>85</gpxtpx:hr></gpxtpx:TrackPointExtension></extensions></trkpt><trkpt lat="60.222173" lon="24.978562"><ele>9.7</ele><time>2026-01-19T07:50:18Z</time></trkpt><trkpt lat="60.222185" lon="24.978582"><ele>9.2</ele><time>2026-01-19T07:50:19Z</time></trkpt><trkpt lat="60.222198" lon="24.978598"><ele>8.8</ele><time>2026-01-19T07:50:20Z</time></trkpt><trkpt lat="60.222212" lon="24.978618"><ele>9.9</ele><time>2026-01-19T07:50:21Z</time></trkpt><trkpt lat="60.22222" lon="24.978652"><ele>9.4</ele><time>2026-01-19T07:50:22Z</time><extensions><gpxtpx:TrackPointExtension><gpxtpx:hr>85</gpxtpx:hr></gpxtpx:TrackPointExtension></extensions></trkpt><trkpt lat="60.222225" lon="24.978685"><ele>9.7</ele><time>2026-01-19T07:50:23Z</time></trkpt><trkpt lat="60.222238" lon="24.978705"><ele>9.3</ele><time>2026-01-19T07:50:24Z</time></trkpt><trkpt lat="60.222248" lon="24.978722"><ele>9.0</ele><time>2026-01-19T07:50:25Z</time></trkpt><trkpt lat="60.22225" lon="24.978753"><ele>9.5</ele><time>2026-01-19T07:50:26Z</time><extensions><gpxtpx:TrackPointExtension><gpxtpx:hr>84</gpxtpx:hr></gpxtpx:TrackPointExtension></extensions></trkpt><trkpt lat="60.222252" lon="24.978785"><ele>9.6</ele><time>2026-01-19T07:50:27Z</time></trkpt><trkpt lat="60.222278" lon="24.978777"><ele>9.7</ele><time>2026-01-19T07:50:28Z</time></trkpt><trkpt lat="60.222288" lon="24.978792"><ele>9.5</ele><time>2026-01-19T07:50:29Z</time></trkpt><trkpt lat="60.222292" lon="24.978823"><ele>9.8</ele><time>2026-01-19T07:50:30Z</time></trkpt><trkpt lat="60.222293" lon="24.978848"><ele>10.4</ele><time>2026-01-19T07:50:31Z</time><extensions><gpxtpx:TrackPointExtension><gpxtpx:hr>84</gpxtpx:hr></gpxtpx:TrackPointExtension></extensions></trkpt><trkpt lat="60.222302" lon="24.978873"><ele>10.2</ele><time>2026-01-19T07:50:32Z</time></trkpt><trkpt lat="60.222305" lon="24.978898"><ele>10.6</ele><time>2026-01-19T07:50:33Z</time></trkpt><trkpt lat="60.222315" lon="24.978903"><ele>10.1</ele><time>2026-01-19T07:50:34Z</time></trkpt><trkpt lat="60.222328" lon="24.97892"><ele>9.6</ele><time>2026-01-19T07:50:35Z</time></trkpt><trkpt lat="60.222342" lon="24.978932"><ele>10.3</ele><time>2026-01-19T07:50:36Z</time><extensions><gpxtpx:TrackPointExtension><gpxtpx:hr>84</gpxtpx:hr></gpxtpx:TrackPointExtension></extensions></trkpt><trkpt lat="60.22234" lon="24.978985"><ele>10.4</ele><time>2026-01-19T07:50:37Z</time></trkpt><trkpt lat="60.222342" lon="24.979023"><ele>9.8</ele><time>2026-01-19T07:50:38Z</time></trkpt><trkpt lat="60.222347" lon="24.979057"><ele>9.6</ele><time>2026-01-19T07:50:39Z</time></trkpt><trkpt lat="60.222358" lon="24.979072"><ele>10.9</ele><time>2026-01-19T07:50:40Z</time></trkpt><trkpt lat="60.222368" lon="24.97909"><ele>11.1</ele><time>2026-01-19T07:50:41Z</time><extensions><gpxtpx:TrackPointExtension><gpxtpx:hr>84</gpxtpx:hr></gpxtpx:TrackPointExtension></extensions></trkpt><trkpt lat="60.222377" lon="24.979112"><ele>10.8</ele><time>2026-01-19T07:50:42Z</time></trkpt><trkpt lat="60.222385" lon="24.979133"><ele>11.2</ele><time>2026-01-19T07:50:43Z</time></trkpt><trkpt lat="60.222398" lon="24.979152"><ele>10.6</ele><time>2026-01-19T07:50:44Z</time></trkpt><trkpt lat="60.222402" lon="24.97918"><ele>10.0</ele><time>2026-01-19T07:50:45Z</time></trkpt><trkpt lat="60.222407" lon="24.979212"><ele>10.0</ele><time>2026-01-19T07:50:46Z</time></trkpt><trkpt lat="60.222408" lon="24.979247"><ele>10.3</ele><time>2026-01-19T07:50:47Z</time></trkpt><trkpt lat="60.222408" lon="24.979278"><ele>10.6</ele><time>2026-01-19T07:50:48Z</time><extensions><gpxtpx:TrackPointExtension><gpxtpx:hr>86</gpxtpx:hr></gpxtpx:TrackPointExtension></extensions></trkpt><trkpt lat="60.222415" lon="24.97931"><ele>11.0</ele><time>2026-01-19T07:50:49Z</time></trkpt><trkpt lat="60.222415" lon="24.979338"><ele>11.4</ele><time>2026-01-19T07:50:50Z</time></trkpt><trkpt lat="60.222418" lon="24.979368"><ele>11.1</ele><time>2026-01-19T07:50:51Z</time><extensions><gpxtpx:TrackPointExtension><gpxtpx:hr>87</gpxtpx:hr></gpxtpx:TrackPointExtension></extensions></trkpt><trkpt lat="60.22242" lon="24.97939"><ele>10.7</ele><time>2026-01-19T07:50:52Z</time></trkpt><trkpt lat="60.222422" lon="24.979423"><ele>10.7</ele><time>2026-01-19T07:50:53Z</time></trkpt><trkpt lat="60.222428" lon="24.979445"><ele>9.8</ele><time>2026-01-19T07:50:54Z</time></trkpt><trkpt lat="60.222422" lon="24.979478"><ele>9.8</ele><time>2026-01-19T07:50:55Z</time></trkpt><trkpt lat="60.222422" lon="24.979512"><ele>10.2</ele><time>2026-01-19T07:50:56Z</time></trkpt><trkpt lat="60.222417" lon="24.979538"><ele>10.8</ele><time>2026-01-19T07:50:57Z</time></trkpt><trkpt lat="60.222418" lon="24.979565"><ele>10.6</ele><time>2026-01-19T07:50:58Z</time></trkpt><trkpt lat="60.222423" lon="24.979578"><ele>9.8</ele><time>2026-01-19T07:50:59Z</time></trkpt><trkpt lat="60.22243" lon="24.9796"><ele>9.8</ele><time>2026-01-19T07:51:00Z</time><extensions><gpxtpx:TrackPointExtension><gpxtpx:hr>88</gpxtpx:hr></gpxtpx:TrackPointExtension></extensions></trkpt><trkpt lat="60.22244" lon="24.979625"><ele>9.0</ele><time>2026-01-19T07:51:01Z</time><extensions><gpxtpx:TrackPointExtension><gpxtpx:hr>88</gpxtpx:hr></gpxtpx:TrackPointExtension></extensions></trkpt><trkpt lat="60.222453" lon="24.97965"><ele>8.8</ele><time>2026-01-19T07:51:02Z</time></trkpt><trkpt lat="60.222458" lon="24.979673"><ele>9.2</ele><time>2026-01-19T07:51:03Z</time></trkpt><trkpt lat="60.22247" lon="24.979695"><ele>9.7</ele><time>2026-01-19T07:51:04Z</time></trkpt><trkpt lat="60.222478" lon="24.979713"><ele>9.6</ele><time>2026-01-19T07:51:05Z</time></trkpt><trkpt lat="60.222488" lon="24.979735"><ele>9.4</ele><time>2026-01-19T07:51:06Z</time></trkpt><trkpt lat="60.222498" lon="24.97975"><ele>8.4</ele><time>2026-01-19T07:51:07Z</time></trkpt><trkpt lat="60.2225" lon="24.979777"><ele>9.4</ele><time>2026-01-19T07:51:08Z</time></trkpt><trkpt lat="60.222503" lon="24.979802"><ele>9.8</ele><time>2026-01-19T07:51:09Z</time><extensions><gpxtpx:TrackPointExtension><gpxtpx:hr>88</gpxtpx:hr></gpxtpx:TrackPointExtension></extensions></trkpt><trkpt lat="60.222513" lon="24.979822"><ele>9.8</ele><time>2026-01-19T07:51:10Z</time></trkpt><trkpt lat="60.22252" lon="24.979848"><ele>9.0</ele><time>2026-01-19T07:51:11Z</time></trkpt><trkpt lat="60.222532" lon="24.979862"><ele>8.3</ele><time>2026-01-19T07:51:12Z</time><extensions><gpxtpx:TrackPointExtension><gpxtpx:hr>87</gpxtpx:hr></gpxtpx:TrackPointExtension></extensions></trkpt><trkpt lat="60.222543" lon="24.979875"><ele>8.2</ele><time>2026-01-19T07:51:13Z</time></trkpt><trkpt lat="60.222547" lon="24.979892"><ele>9.3</ele><time>2026-01-19T07:51:14Z</time></trkpt><trkpt lat="60.222552" lon="24.979918"><ele>9.4</ele><time>2026-01-19T07:51:15Z</time></trkpt><trkpt lat="60.222558" lon="24.979937"><ele>9.7</ele><time>2026-01-19T07:51:16Z</time><extensions><gpxtpx:TrackPointExtension><gpxtpx:hr>88</gpxtpx:hr></gpxtpx:TrackPointExtension></extensions></trkpt><trkpt lat="60.222563" lon="24.979968"><ele>10.2</ele><time>2026-01-19T07:51:17Z</time></trkpt><trkpt lat="60.222575" lon="24.979997"><ele>9.6</ele><time>2026-01-19T07:51:18Z</time></trkpt><trkpt lat="60.22258" lon="24.98003"><ele>9.6</ele><time>2026-01-19T07:51:19Z</time></trkpt><trkpt lat="60.22259" lon="24.980053"><ele>9.3</ele><time>2026-01-19T07:51:20Z</time></trkpt><trkpt lat="60.222595" lon="24.98008"><ele>9.4</ele><time>2026-01-19T07:51:21Z</time></trkpt><trkpt lat="60.222602" lon="24.980108"><ele>9.1</ele><time>2026-01-19T07:51:22Z</time></trkpt><trkpt lat="60.222603" lon="24.980138"><ele>10.0</ele><time>2026-01-19T07:51:23Z</time></trkpt><trkpt lat="60.222612" lon="24.980163"><ele>9.8</ele><time>2026-01-19T07:51:24Z</time></trkpt><trkpt lat="60.222622" lon="24.98018"><ele>9.5</ele><time>2026-01-19T07:51:25Z</time><extensions><gpxtpx:TrackPointExtension><gpxtpx:hr>89</gpxtpx:hr></gpxtpx:TrackPointExtension></extensions></trkpt><trkpt lat="60.222632" lon="24.980203"><ele>9.1</ele><time>2026-01-19T07:51:26Z</time><extensions><gpxtpx:TrackPointExtension><gpxtpx:hr>89</gpxtpx:hr></gpxtpx:TrackPointExtension></extensions></trkpt><trkpt lat="60.222637" lon="24.980228"><ele>9.3</ele><time>2026-01-19T07:51:27Z</time></trkpt><trkpt lat="60.222648" lon="24.980248"><ele>9.6</ele><time>2026-01-19T07:51:28Z</time></trkpt><trkpt lat="60.222658" lon="24.980268"><ele>10.0</ele><time>2026-01-19T07:51:29Z</time></trkpt><trkpt lat="60.222672" lon="24.98028"><ele>9.9</ele><time>2026-01-19T07:51:30Z</time></trkpt><trkpt lat="60.222677" lon="24.980298"><ele>10.0</ele><time>2026-01-19T07:51:31Z</time><extensions><gpxtpx:TrackPointExtension><gpxtpx:hr>90</gpxtpx:hr></gpxtpx:TrackPointExtension></extensions></trkpt><trkpt lat="60.222688" lon="24.98031"><ele>10.2</ele><time>2026-01-19T07:51:32Z</time></trkpt><trkpt lat="60.2227" lon="24.980325"><ele>9.7</ele><time>2026-01-19T07:51:33Z</time></trkpt><trkpt lat="60.222707" lon="24.98035"><ele>9.3</ele><time>2026-01-19T07:51:34Z</time></trkpt><trkpt lat="60.222718" lon="24.980382"><ele>9.2</ele><time>2026-01-19T07:51:35Z</time></trkpt><trkpt lat="60.22273" lon="24.980393"><ele>9.1</ele><time>2026-01-19T07:51:36Z</time></trkpt><trkpt lat="60.222742" lon="24.98041"><ele>9.6</ele><time>2026-01-19T07:51:37Z</time></trkpt><trkpt lat="60.22275" lon="24.980423"><ele>9.4</ele><time>2026-01-19T07:51:38Z</time></trkpt><trkpt lat="60.22276" lon="24.980442"><ele>9.3</ele><time>2026-01-19T07:51:39Z</time><extensions><gpxtpx:TrackPointExtension><gpxtpx:hr>90</gpxtpx:hr></gpxtpx:TrackPointExtension></extensions></trkpt><trkpt lat="60.222773" lon="24.980452"><ele>9.2</ele><time>2026-01-19T07:51:40Z</time></trkpt><trkpt lat="60.222782" lon="24.98047"><ele>8.2</ele><time>2026-01-19T07:51:41Z</time><extensions><gpxtpx:TrackPointExtension><gpxtpx:hr>90</gpxtpx:hr></gpxtpx:TrackPointExtension></extensions></trkpt><trkpt lat="60.222788" lon="24.980503"><ele>8.3</ele><time>2026-01-19T07:51:42Z</time></trkpt><trkpt lat="60.222795" lon="24.980523"><ele>8.6</ele><time>2026-01-19T07:51:43Z</time></trkpt><trkpt lat="60.222805" lon="24.980547"><ele>8.8</ele><time>2026-01-19T07:51:44Z</time></trkpt><trkpt lat="60.222817" lon="24.98056"><ele>8.6</ele><time>2026-01-19T07:51:45Z</time></trkpt><trkpt lat="60.222827" lon="24.98058"><ele>8.1</ele><time>2026-01-19T07:51:46Z</time></trkpt><trkpt lat="60.222838" lon="24.9806"><ele>7.7</ele><time>2026-01-19T07:51:47Z</time></trkpt><trkpt lat="60.222853" lon="24.980608"><ele>6.9</ele><time>2026-01-19T07:51:48Z</time><extensions><gpxtpx:TrackPointExtension><gpxtpx:hr>90</gpxtpx:hr></gpxtpx:TrackPointExtension></extensions></trkpt><trkpt lat="60.222863" lon="24.980625"><ele>6.7</ele><time>2026-01-19T07:51:49Z</time></trkpt><trkpt lat="60.222875" lon="24.980635"><ele>6.6</ele><time>2026-01-19T07:51:50Z</time></trkpt><trkpt lat="60.22289" lon="24.980655"><ele>6.5</ele><time>2026-01-19T07:51:51Z</time></trkpt><trkpt lat="60.222897" lon="24.980675"><ele>6.5</ele><time>2026-01-19T07:51:52Z</time></trkpt><trkpt lat="60.222905" lon="24.980695"><ele>7.3</ele><time>2026-01-19T07:51:53Z</time></trkpt><trkpt lat="60.222917" lon="24.980705"><ele>6.8</ele><time>2026-01-19T07:51:54Z</time><extensions><gpxtpx:TrackPointExtension><gpxtpx:hr>89</gpxtpx:hr></gpxtpx:TrackPointExtension></extensions></trkpt><trkpt lat="60.22293" lon="24.980712"><ele>7.0</ele><time>2026-01-19T07:51:55Z</time></trkpt><trkpt lat="60.222943" lon="24.980733"><ele>7.1</ele><time>2026-01-19T07:51:56Z</time></trkpt><trkpt lat="60.222955" lon="24.980743"><ele>7.7</ele><time>2026-01-19T07:51:57Z</time></trkpt><trkpt lat="60.22297" lon="24.980752"><ele>7.8</ele><time>2026-01-19T07:51:58Z</time><extensions><gpxtpx:TrackPointExtension><gpxtpx:hr>90</gpxtpx:hr></gpxtpx:TrackPointExtension></extensions></trkpt><trkpt lat="60.22298" lon="24.980775"><ele>7.8</ele><time>2026-01-19T07:51:59Z</time></trkpt><trkpt lat="60.222995" lon="24.980778"><ele>8.1</ele><time>2026-01-19T07:52:00Z</time></trkpt><trkpt lat="60.22301" lon="24.980782"><ele>7.7</ele><time>2026-01-19T07:52:01Z</time></trkpt><trkpt lat="60.223022" lon="24.980795"><ele>7.6</ele><time>2026-01-19T07:52:02Z</time></trkpt><trkpt lat="60.223025" lon="24.980833"><ele>8.1</ele><time>2026-01-19T07:52:03Z</time></trkpt><trkpt lat="60.223037" lon="24.980847"><ele>7.8</ele><time>2026-01-19T07:52:04Z</time></trkpt><trkpt lat="60.223048" lon="24.980857"><ele>8.1</ele><time>2026-01-19T07:52:05Z</time><extensions><gpxtpx:TrackPointExtension><gpxtpx:hr>89</gpxtpx:hr></gpxtpx:TrackPointExtension></extensions></trkpt><trkpt lat="60.22306" lon="24.980863"><ele>8.5</ele><time>2026-01-19T07:52:06Z</time></trkpt><trkpt lat="60.223075" lon="24.98086"><ele>8.0</ele><time>2026-01-19T07:52:07Z</time></trkpt><trkpt lat="60.223088" lon="24.980872"><ele>8.3</ele><time>2026-01-19T07:52:08Z</time></trkpt><trkpt lat="60.223107" lon="24.980885"><ele>7.8</ele><time>2026-01-19T07:52:09Z</time></trkpt><trkpt lat="60.223113" lon="24.980912"><ele>8.9</ele><time>2026-01-19T07:52:10Z</time><extensions><gpxtpx:TrackPointExtension><gpxtpx:hr>88</gpxtpx:hr></gpxtpx:TrackPointExtension></extensions></trkpt><trkpt lat="60.223123" lon="24.980925"><ele>9.2</ele><time>2026-01-19T07:52:11Z</time><extensions><gpxtpx:TrackPointExtension><gpxtpx:hr>89</gpxtpx:hr></gpxtpx:TrackPointExtension></extensions></trkpt><trkpt lat="60.22313" lon="24.980952"><ele>9.3</ele><time>2026-01-19T07:52:12Z</time></trkpt><trkpt lat="60.223143" lon="24.980953"><ele>9.3</ele><time>2026-01-19T07:52:13Z</time></trkpt><trkpt lat="60.22316" lon="24.980965"><ele>8.7</ele><time>2026-01-19T07:52:14Z</time></trkpt><trkpt lat="60.223173" lon="24.980977"><ele>8.3</ele><time>2026-01-19T07:52:15Z</time></trkpt><trkpt lat="60.223187" lon="24.980973"><ele>8.8</ele><time>2026-01-19T07:52:16Z</time></trkpt><trkpt lat="60.223195" lon="24.980998"><ele>9.1</ele><time>2026-01-19T07:52:17Z</time></trkpt><trkpt lat="60.22321" lon="24.980995"><ele>8.8</ele><time>2026-01-19T07:52:18Z</time><extensions><gpxtpx:TrackPointExtension><gpxtpx:hr>89</gpxtpx:hr></gpxtpx:TrackPointExtension></extensions></trkpt><trkpt lat="60.223223" lon="24.981005"><ele>8.9</ele><time>2026-01-19T07:52:19Z</time></trkpt><trkpt lat="60.223237" lon="24.981005"><ele>9.2</ele><time>2026-01-19T07:52:20Z</time></trkpt><trkpt lat="60.22325" lon="24.981008"><ele>9.5</ele><time>2026-01-19T07:52:21Z</time><extensions><gpxtpx:TrackPointExtension><gpxtpx:hr>89</gpxtpx:hr></gpxtpx:TrackPointExtension></extensions></trkpt><trkpt lat="60.223255" lon="24.981028"><ele>10.0</ele><time>2026-01-19T07:52:22Z</time></trkpt><trkpt lat="60.22327" lon="24.98104"><ele>9.8</ele><time>2026-01-19T07:52:23Z</time></trkpt><trkpt lat="60.223283" lon="24.981038"><ele>9.7</ele><time>2026-01-19T07:52:24Z</time></trkpt><trkpt lat="60.223293" lon="24.981047"><ele>9.5</ele><time>2026-01-19T07:52:25Z</time></trkpt><trkpt lat="60.223297" lon="24.981067"><ele>10.1</ele><time>2026-01-19T07:52:26Z</time></trkpt><trkpt lat="60.223318" lon="24.981072"><ele>10.1</ele><time>2026-01-19T07:52:27Z</time></trkpt><trkpt lat="60.223335" lon="24.981077"><ele>9.6</ele><time>2026-01-19T07:52:28Z</time></trkpt><trkpt lat="60.22335" lon="24.981063"><ele>8.9</ele><time>2026-01-19T07:52:29Z</time></trkpt><trkpt lat="60.223362" lon="24.981082"><ele>8.9</ele><time>2026-01-19T07:52:30Z</time><extensions><gpxtpx:TrackPointExtension><gpxtpx:hr>89</gpxtpx:hr></gpxtpx:TrackPointExtension></extensions></trkpt><trkpt lat="60.223375" lon="24.981082"><ele>8.9</ele><time>2026-01-19T07:52:31Z</time></trkpt><trkpt lat="60.223385" lon="24.981088"><ele>7.6</ele><time>2026-01-19T07:52:32Z</time></trkpt><trkpt lat="60.223398" lon="24.981095"><ele>7.9</ele><time>2026-01-19T07:52:33Z</time></trkpt><trkpt lat="60.223412" lon="24.98112"><ele>8.3</ele><time>2026-01-19T07:52:34Z</time></trkpt><trkpt lat="60.223425" lon="24.981132"><ele>7.7</ele><time>2026-01-19T07:52:35Z</time><extensions><gpxtpx:TrackPointExtension><gpxtpx:hr>89</gpxtpx:hr></gpxtpx:TrackPointExtension></extensions></trkpt><trkpt lat="60.223437" lon="24.981143"><ele>8.8</ele><time>2026-01-19T07:52:36Z</time></trkpt><trkpt lat="60.223448" lon="24.981155"><ele>8.3</ele><time>2026-01-19T07:52:37Z</time></trkpt><trkpt lat="60.223458" lon="24.981165"><ele>8.6</ele><time>2026-01-19T07:52:38Z</time><extensions><gpxtpx:TrackPointExtension><gpxtpx:hr>89</gpxtpx:hr></gpxtpx:TrackPointExtension></extensions></trkpt><trkpt lat="60.223468" lon="24.981198"><ele>9.2</ele><time>2026-01-19T07:52:39Z</time></trkpt><trkpt lat="60.223478" lon="24.981213"><ele>8.9</ele><time>2026-01-19T07:52:40Z</time></trkpt><trkpt lat="60.223495" lon="24.98122"><ele>8.6</ele><time>2026-01-19T07:52:41Z</time></trkpt><trkpt lat="60.22351" lon="24.981228"><ele>8.9</ele><time>2026-01-19T07:52:42Z</time></trkpt><trkpt lat="60.223522" lon="24.981228"><ele>8.5</ele><time>2026-01-19T07:52:43Z</time></trkpt><trkpt lat="60.22354" lon="24.981242"><ele>8.4</ele><time>2026-01-19T07:52:44Z</time></trkpt><trkpt lat="60.223548" lon="24.981257"><ele>9.1</ele><time>2026-01-19T07:52:45Z</time><extensions><gpxtpx:TrackPointExtension><gpxtpx:hr>89</gpxtpx:hr></gpxtpx:TrackPointExtension></extensions></trkpt><trkpt lat="60.223562" lon="24.981263"><ele>8.2</ele><time>2026-01-19T07:52:46Z</time><extensions><gpxtpx:TrackPointExtension><gpxtpx:hr>89</gpxtpx:hr></gpxtpx:TrackPointExtension></extensions></trkpt><trkpt lat="60.223567" lon="24.98129"><ele>8.8</ele><time>2026-01-19T07:52:47Z</time></trkpt><trkpt lat="60.223575" lon="24.981298"><ele>7.8</ele><time>2026-01-19T07:52:48Z</time></trkpt><trkpt lat="60.22359" lon="24.981312"><ele>7.5</ele><time>2026-01-19T07:52:49Z</time></trkpt><trkpt lat="60.223598" lon="24.98133"><ele>7.8</ele><time>2026-01-19T07:52:50Z</time></trkpt><trkpt lat="60.22361" lon="24.981343"><ele>7.7</ele><time>2026-01-19T07:52:51Z</time></trkpt><trkpt lat="60.223617" lon="24.981363"><ele>7.7</ele><time>2026-01-19T07:52:52Z</time><extensions><gpxtpx:TrackPointExtension><gpxtpx:hr>88</gpxtpx:hr></gpxtpx:TrackPointExtension></extensions></trkpt><trkpt lat="60.223625" lon="24.981377"><ele>6.6</ele><time>2026-01-19T07:52:53Z</time></trkpt><trkpt lat="60.223635" lon="24.981403"><ele>6.6</ele><time>2026-01-19T07:52:54Z</time></trkpt><trkpt lat="60.22364" lon="24.981427"><ele>7.3</ele><time>2026-01-19T07:52:55Z</time></trkpt><trkpt lat="60.223648" lon="24.981442"><ele>7.5</ele><time>2026-01-19T07:52:56Z</time><extensions><gpxtpx:TrackPointExtension><gpxtpx:hr>89</gpxtpx:hr></gpxtpx:TrackPointExtension></extensions></trkpt><trkpt lat="60.223653" lon="24.981433"><ele>7.2</ele><time>2026-01-19T07:52:57Z</time></trkpt><trkpt lat="60.223655" lon="24.981442"><ele>7.7</ele><time>2026-01-19T07:52:58Z</time></trkpt><trkpt lat="60.223655" lon="24.98148"><ele>8.2</ele><time>2026-01-19T07:52:59Z</time></trkpt><trkpt lat="60.223662" lon="24.981518"><ele>8.9</ele><time>2026-01-19T07:53:00Z</time></trkpt><trkpt lat="60.223672" lon="24.981543"><ele>8.9</ele><time>2026-01-19T07:53:01Z</time></trkpt><trkpt lat="60.223678" lon="24.981562"><ele>8.2</ele><time>2026-01-19T07:53:02Z</time></trkpt><trkpt lat="60.223678" lon="24.981585"><ele>8.2</ele><time>2026-01-19T07:53:03Z</time></trkpt><trkpt lat="60.223683" lon="24.981612"><ele>8.5</ele><time>2026-01-19T07:53:04Z</time></trkpt><trkpt lat="60.223687" lon="24.981632"><ele>8.7</ele><time>2026-01-19T07:53:05Z</time><extensions><gpxtpx:TrackPointExtension><gpxtpx:hr>89</gpxtpx:hr></gpxtpx:TrackPointExtension></extensions></trkpt><trkpt lat="60.22369" lon="24.98166"><ele>8.9</ele><time>2026-01-19T07:53:06Z</time><extensions><gpxtpx:TrackPointExtension><gpxtpx:hr>90</gpxtpx:hr></gpxtpx:TrackPointExtension></extensions></trkpt><trkpt lat="60.223695" lon="24.981688"><ele>9.2</ele><time>2026-01-19T07:53:07Z</time></trkpt><trkpt lat="60.223698" lon="24.98171"><ele>10.0</ele><time>2026-01-19T07:53:08Z</time></trkpt><trkpt lat="60.223698" lon="24.981742"><ele>10.5</ele><time>2026-01-19T07:53:09Z</time></trkpt><trkpt lat="60.223705" lon="24.981758"><ele>10.4</ele><time>2026-01-19T07:53:10Z</time></trkpt><trkpt lat="60.22371" lon="24.981777"><ele>10.3</ele><time>2026-01-19T07:53:11Z</time><extensions><gpxtpx:TrackPointExtension><gpxtpx:hr>88</gpxtpx:hr></gpxtpx:TrackPointExtension></extensions></trkpt><trkpt lat="60.223733" lon="24.9818"><ele>8.3</ele><time>2026-01-19T07:53:12Z</time></trkpt><trkpt lat="60.22374" lon="24.98183"><ele>7.9</ele><time>2026-01-19T07:53:13Z</time></trkpt><trkpt lat="60.223738" lon="24.981852"><ele>8.0</ele><time>2026-01-19T07:53:14Z</time></trkpt><trkpt lat="60.223745" lon="24.981883"><ele>7.5</ele><time>2026-01-19T07:53:15Z</time></trkpt><trkpt lat="60.223758" lon="24.981903"><ele>6.5</ele><time>2026-01-19T07:53:16Z</time></trkpt><trkpt lat="60.223772" lon="24.981932"><ele>5.9</ele><time>2026-01-19T07:53:17Z</time></trkpt><trkpt lat="60.223778" lon="24.981952"><ele>5.9</ele><time>2026-01-19T07:53:18Z</time></trkpt><trkpt lat="60.223785" lon="24.98197"><ele>5.2</ele><time>2026-01-19T07:53:19Z</time></trkpt><trkpt lat="60.223787" lon="24.981988"><ele>5.0</ele><time>2026-01-19T07:53:20Z</time><extensions><gpxtpx:TrackPointExtension><gpxtpx:hr>89</gpxtpx:hr></gpxtpx:TrackPointExtension></extensions></trkpt><trkpt lat="60.223792" lon="24.982018"><ele>5.4</ele><time>2026-01-19T07:53:21Z</time></trkpt><trkpt lat="60.223798" lon="24.982052"><ele>5.5</ele><time>2026-01-19T07:53:22Z</time></trkpt><trkpt lat="60.223807" lon="24.982068"><ele>5.2</ele><time>2026-01-19T07:53:23Z</time><extensions><gpxtpx:TrackPointExtension><gpxtpx:hr>90</gpxtpx:hr></gpxtpx:TrackPointExtension></extensions></trkpt><trkpt lat="60.223815" lon="24.982092"><ele>4.9</ele><time>2026-01-19T07:53:24Z</time></trkpt><trkpt lat="60.223817" lon="24.982113"><ele>4.8</ele><time>2026-01-19T07:53:25Z</time></trkpt><trkpt lat="60.223822" lon="24.98214"><ele>4.4</ele><time>2026-01-19T07:53:26Z</time></trkpt><trkpt lat="60.22383" lon="24.982158"><ele>4.3</ele><time>2026-01-19T07:53:27Z</time></trkpt><trkpt lat="60.22385" lon="24.982192"><ele>4.0</ele><time>2026-01-19T07:53:28Z</time></trkpt><trkpt lat="60.223863" lon="24.982193"><ele>4.8</ele><time>2026-01-19T07:53:29Z</time><extensions><gpxtpx:TrackPointExtension><gpxtpx:hr>91</gpxtpx:hr></gpxtpx:TrackPointExtension></extensions></trkpt><trkpt lat="60.223873" lon="24.982218"><ele>4.5</ele><time>2026-01-19T07:53:30Z</time></trkpt><trkpt lat="60.22388" lon="24.982237"><ele>4.7</ele><time>2026-01-19T07:53:31Z</time><extensions><gpxtpx:TrackPointExtension><gpxtpx:hr>91</gpxtpx:hr></gpxtpx:TrackPointExtension></extensions></trkpt><trkpt lat="60.223883" lon="24.982255"><ele>4.7</ele><time>2026-01-19T07:53:32Z</time></trkpt><trkpt lat="60.22389" lon="24.982282"><ele>4.8</ele><time>2026-01-19T07:53:33Z</time></trkpt><trkpt lat="60.223898" lon="24.982295"><ele>4.4</ele><time>2026-01-19T07:53:34Z</time></trkpt><trkpt lat="60.223905" lon="24.982327"><ele>4.2</ele><time>2026-01-19T07:53:35Z</time></trkpt><trkpt lat="60.223913" lon="24.982348"><ele>4.4</ele><time>2026-01-19T07:53:36Z</time></trkpt><trkpt lat="60.223923" lon="24.982362"><ele>5.6</ele><time>2026-01-19T07:53:37Z</time><extensions><gpxtpx:TrackPointExtension><gpxtpx:hr>91</gpxtpx:hr></gpxtpx:TrackPointExtension></extensions></trkpt><trkpt lat="60.223938" lon="24.98238"><ele>5.0</ele><time>2026-01-19T07:53:38Z</time></trkpt><trkpt lat="60.223948" lon="24.982397"><ele>4.7</ele><time>2026-01-19T07:53:39Z</time></trkpt><trkpt lat="60.223957" lon="24.982427"><ele>5.1</ele><time>2026-01-19T07:53:40Z</time></trkpt><trkpt lat="60.223963" lon="24.982447"><ele>4.6</ele><time>2026-01-19T07:53:41Z</time></trkpt><trkpt lat="60.22397" lon="24.982462"><ele>4.7</ele><time>2026-01-19T07:53:42Z</time></trkpt><trkpt lat="60.22398" lon="24.982487"><ele>5.3</ele><time>2026-01-19T07:53:43Z</time></trkpt><trkpt lat="60.22399" lon="24.982518"><ele>5.9</ele><time>2026-01-19T07:53:44Z</time><extensions><gpxtpx:TrackPointExtension><gpxtpx:hr>91</gpxtpx:hr></gpxtpx:TrackPointExtension></extensions></trkpt><trkpt lat="60.224003" lon="24.982537"><ele>5.3</ele><time>2026-01-19T07:53:45Z</time></trkpt><trkpt lat="60.224018" lon="24.982552"><ele>5.3</ele><time>2026-01-19T07:53:46Z</time><extensions><gpxtpx:TrackPointExtension><gpxtpx:hr>90</gpxtpx:hr></gpxtpx:TrackPointExtension></extensions></trkpt><trkpt lat="60.224028" lon="24.982573"><ele>5.3</ele><time>2026-01-19T07:53:47Z</time></trkpt><trkpt lat="60.224038" lon="24.982585"><ele>5.5</ele><time>2026-01-19T07:53:48Z</time></trkpt><trkpt lat="60.224047" lon="24.982607"><ele>5.6</ele><time>2026-01-19T07:53:49Z</time></trkpt><trkpt lat="60.224055" lon="24.982627"><ele>4.9</ele><time>2026-01-19T07:53:50Z</time></trkpt><trkpt lat="60.224068" lon="24.982635"><ele>4.5</ele><time>2026-01-19T07:53:51Z</time></trkpt><trkpt lat="60.22408" lon="24.982642"><ele>4.5</ele><time>2026-01-19T07:53:52Z</time></trkpt><trkpt lat="60.224093" lon="24.982652"><ele>4.4</ele><time>2026-01-19T07:53:53Z</time></trkpt><trkpt lat="60.224107" lon="24.982665"><ele>4.3</ele><time>2026-01-19T07:53:54Z</time></trkpt><trkpt lat="60.224122" lon="24.982677"><ele>4.5</ele><time>2026-01-19T07:53:55Z</time><extensions><gpxtpx:TrackPointExtension><gpxtpx:hr>90</gpxtpx:hr></gpxtpx:TrackPointExtension></extensions></trkpt><trkpt lat="60.224133" lon="24.982688"><ele>4.5</ele><time>2026-01-19T07:53:56Z</time></trkpt><trkpt lat="60.224145" lon="24.982708"><ele>4.6</ele><time>2026-01-19T07:53:57Z</time></trkpt><trkpt lat="60.224153" lon="24.982723"><ele>4.4</ele><time>2026-01-19T07:53:58Z</time><extensions><gpxtpx:TrackPointExtension><gpxtpx:hr>90</gpxtpx:hr></gpxtpx:TrackPointExtension></extensions></trkpt><trkpt lat="60.224162" lon="24.982737"><ele>4.0</ele><time>2026-01-19T07:53:59Z</time></trkpt><trkpt lat="60.22417" lon="24.982742"><ele>4.9</ele><time>2026-01-19T07:54:00Z</time></trkpt><trkpt lat="60.224183" lon="24.982748"><ele>4.2</ele><time>2026-01-19T07:54:01Z</time></trkpt><trkpt lat="60.224198" lon="24.982762"><ele>4.0</ele><time>2026-01-19T07:54:02Z</time></trkpt><trkpt lat="60.224207" lon="24.98276"><ele>4.5</ele><time>2026-01-19T07:54:03Z</time><extensions><gpxtpx:TrackPointExtension><gpxtpx:hr>89</gpxtpx:hr></gpxtpx:TrackPointExtension></extensions></trkpt><trkpt lat="60.224225" lon="24.982783"><ele>4.6</ele><time>2026-01-19T07:54:04Z</time></trkpt><trkpt lat="60.224232" lon="24.982782"><ele>5.0</ele><time>2026-01-19T07:54:05Z</time></trkpt><trkpt lat="60.224243" lon="24.982797"><ele>4.7</ele><time>2026-01-19T07:54:06Z</time><extensions><gpxtpx:TrackPointExtension><gpxtpx:hr>89</gpxtpx:hr></gpxtpx:TrackPointExtension></extensions></trkpt><trkpt lat="60.22425" lon="24.982802"><ele>4.9</ele><time>2026-01-19T07:54:07Z</time></trkpt><trkpt lat="60.224257" lon="24.982813"><ele>5.4</ele><time>2026-01-19T07:54:08Z</time></trkpt><trkpt lat="60.224263" lon="24.982833"><ele>6.1</ele><time>2026-01-19T07:54:09Z</time></trkpt><trkpt lat="60.224277" lon="24.982822"><ele>7.4</ele><time>2026-01-19T07:54:10Z</time></trkpt><trkpt lat="60.224287" lon="24.982837"><ele>7.5</ele><time>2026-01-19T07:54:11Z</time></trkpt><trkpt lat="60.224293" lon="24.982847"><ele>6.7</ele><time>2026-01-19T07:54:12Z</time></trkpt><trkpt lat="60.224305" lon="24.982853"><ele>6.5</ele><time>2026-01-19T07:54:13Z</time></trkpt><trkpt lat="60.22432" lon="24.982852"><ele>6.2</ele><time>2026-01-19T07:54:14Z</time></trkpt><trkpt lat="60.224337" lon="24.982857"><ele>7.2</ele><time>2026-01-19T07:54:15Z</time><extensions><gpxtpx:TrackPointExtension><gpxtpx:hr>89</gpxtpx:hr></gpxtpx:TrackPointExtension></extensions></trkpt><trkpt lat="60.224352" lon="24.982867"><ele>7.4</ele><time>2026-01-19T07:54:16Z</time></trkpt><trkpt lat="60.224363" lon="24.982867"><ele>7.7</ele><time>2026-01-19T07:54:17Z</time></trkpt><trkpt lat="60.224372" lon="24.982887"><ele>7.9</ele><time>2026-01-19T07:54:18Z</time></trkpt><trkpt lat="60.224387" lon="24.982882"><ele>7.6</ele><time>2026-01-19T07:54:19Z</time></trkpt><trkpt lat="60.224403" lon="24.982893"><ele>7.6</ele><time>2026-01-19T07:54:20Z</time><extensions><gpxtpx:TrackPointExtension><gpxtpx:hr>89</gpxtpx:hr></gpxtpx:TrackPointExtension></extensions></trkpt><trkpt lat="60.224425" lon="24.9829"><ele>6.7</ele><time>2026-01-19T07:54:21Z</time><extensions><gpxtpx:TrackPointExtension><gpxtpx:hr>90</gpxtpx:hr></gpxtpx:TrackPointExtension></extensions></trkpt><trkpt lat="60.224437" lon="24.982905"><ele>6.5</ele><time>2026-01-19T07:54:22Z</time></trkpt><trkpt lat="60.224457" lon="24.982888"><ele>5.4</ele><time>2026-01-19T07:54:23Z</time></trkpt><trkpt lat="60.22447" lon="24.982887"><ele>4.9</ele><time>2026-01-19T07:54:24Z</time></trkpt><trkpt lat="60.224483" lon="24.982887"><ele>4.5</ele><time>2026-01-19T07:54:25Z</time></trkpt><trkpt lat="60.224502" lon="24.982887"><ele>3.6</ele><time>2026-01-19T07:54:26Z</time><extensions><gpxtpx:TrackPointExtension><gpxtpx:hr>90</gpxtpx:hr></gpxtpx:TrackPointExtension></extensions></trkpt><trkpt lat="60.224518" lon="24.982892"><ele>3.3</ele><time>2026-01-19T07:54:27Z</time></trkpt><trkpt lat="60.22453" lon="24.982892"><ele>2.9</ele><time>2026-01-19T07:54:28Z</time></trkpt><trkpt lat="60.224548" lon="24.982885"><ele>2.3</ele><time>2026-01-19T07:54:29Z</time></trkpt><trkpt lat="60.224562" lon="24.982888"><ele>2.1</ele><time>2026-01-19T07:54:30Z</time></trkpt><trkpt lat="60.224575" lon="24.982902"><ele>2.3</ele><time>2026-01-19T07:54:31Z</time></trkpt><trkpt lat="60.224587" lon="24.982907"><ele>3.2</ele><time>2026-01-19T07:54:32Z</time><extensions><gpxtpx:TrackPointExtension><gpxtpx:hr>90</gpxtpx:hr></gpxtpx:TrackPointExtension></extensions></trkpt><trkpt lat="60.2246" lon="24.982907"><ele>3.2</ele><time>2026-01-19T07:54:33Z</time></trkpt><trkpt lat="60.224612" lon="24.9829"><ele>3.5</ele><time>2026-01-19T07:54:34Z</time></trkpt><trkpt lat="60.224627" lon="24.982905"><ele>3.9</ele><time>2026-01-19T07:54:35Z</time></trkpt><trkpt lat="60.224642" lon="24.982902"><ele>3.9</ele><time>2026-01-19T07:54:36Z</time></trkpt><trkpt lat="60.224653" lon="24.982902"><ele>4.1</ele><time>2026-01-19T07:54:37Z</time></trkpt><trkpt lat="60.224668" lon="24.982902"><ele>4.2</ele><time>2026-01-19T07:54:38Z</time></trkpt><trkpt lat="60.224682" lon="24.982903"><ele>4.1</ele><time>2026-01-19T07:54:39Z</time></trkpt><trkpt lat="60.224693" lon="24.982895"><ele>3.7</ele><time>2026-01-19T07:54:40Z</time><extensions><gpxtpx:TrackPointExtension><gpxtpx:hr>90</gpxtpx:hr></gpxtpx:TrackPointExtension></extensions></trkpt><trkpt lat="60.224705" lon="24.982908"><ele>3.7</ele><time>2026-01-19T07:54:41Z</time></trkpt><trkpt lat="60.224718" lon="24.982925"><ele>3.7</ele><time>2026-01-19T07:54:42Z</time></trkpt><trkpt lat="60.22473" lon="24.982937"><ele>3.7</ele><time>2026-01-19T07:54:43Z</time></trkpt><trkpt lat="60.22474" lon="24.982945"><ele>3.6</ele><time>2026-01-19T07:54:44Z</time></trkpt><trkpt lat="60.22475" lon="24.982962"><ele>4.1</ele><time>2026-01-19T07:54:45Z</time><extensions><gpxtpx:TrackPointExtension><gpxtpx:hr>89</gpxtpx:hr></gpxtpx:TrackPointExtension></extensions></trkpt><trkpt lat="60.22476" lon="24.982978"><ele>4.2</ele><time>2026-01-19T07:54:46Z</time></trkpt><trkpt lat="60.224772" lon="24.982988"><ele>3.9</ele><time>2026-01-19T07:54:47Z</time></trkpt><trkpt lat="60.224782" lon="24.983007"><ele>4.5</ele><time>2026-01-19T07:54:48Z</time></trkpt><trkpt lat="60.224792" lon="24.983023"><ele>4.6</ele><time>2026-01-19T07:54:49Z</time><extensions><gpxtpx:TrackPointExtension><gpxtpx:hr>89</gpxtpx:hr></gpxtpx:TrackPointExtension></extensions></trkpt><trkpt lat="60.224802" lon="24.983042"><ele>4.7</ele><time>2026-01-19T07:54:50Z</time></trkpt><trkpt lat="60.224812" lon="24.98305"><ele>4.1</ele><time>2026-01-19T07:54:51Z</time><extensions><gpxtpx:TrackPointExtension><gpxtpx:hr>89</gpxtpx:hr></gpxtpx:TrackPointExtension></extensions></trkpt><trkpt lat="60.224825" lon="24.983063"><ele>3.9</ele><time>2026-01-19T07:54:52Z</time></trkpt><trkpt lat="60.224837" lon="24.983075"><ele>3.9</ele><time>2026-01-19T07:54:53Z</time></trkpt><trkpt lat="60.224848" lon="24.983087"><ele>3.9</ele><time>2026-01-19T07:54:54Z</time></trkpt><trkpt lat="60.22486" lon="24.983105"><ele>4.1</ele><time>2026-01-19T07:54:55Z</time></trkpt><trkpt lat="60.224868" lon="24.983132"><ele>4.4</ele><time>2026-01-19T07:54:56Z</time></trkpt><trkpt lat="60.22488" lon="24.983135"><ele>3.8</ele><time>2026-01-19T07:54:57Z</time></trkpt><trkpt lat="60.224895" lon="24.983145"><ele>3.9</ele><time>2026-01-19T07:54:58Z</time><extensions><gpxtpx:TrackPointExtension><gpxtpx:hr>89</gpxtpx:hr></gpxtpx:TrackPointExtension></extensions></trkpt><trkpt lat="60.224912" lon="24.983145"><ele>3.5</ele><time>2026-01-19T07:54:59Z</time></trkpt><trkpt lat="60.224927" lon="24.983152"><ele>3.9</ele><time>2026-01-19T07:55:00Z</time></trkpt><trkpt lat="60.224937" lon="24.983152"><ele>4.3</ele><time>2026-01-19T07:55:01Z</time><extensions><gpxtpx:TrackPointExtension><gpxtpx:hr>89</gpxtpx:hr></gpxtpx:TrackPointExtension></extensions></trkpt><trkpt lat="60.22495" lon="24.983165"><ele>4.5</ele><time>2026-01-19T07:55:02Z</time></trkpt><trkpt lat="60.224965" lon="24.983173"><ele>4.5</ele><time>2026-01-19T07:55:03Z</time></trkpt><trkpt lat="60.224978" lon="24.983165"><ele>3.8</ele><time>2026-01-19T07:55:04Z</time></trkpt><trkpt lat="60.224995" lon="24.98315"><ele>3.8</ele><time>2026-01-19T07:55:05Z</time></trkpt><trkpt lat="60.225007" lon="24.983172"><ele>4.5</ele><time>2026-01-19T07:55:06Z</time></trkpt><trkpt lat="60.22502" lon="24.983177"><ele>4.0</ele><time>2026-01-19T07:55:07Z</time></trkpt><trkpt lat="60.225032" lon="24.983173"><ele>4.5</ele><time>2026-01-19T07:55:08Z</time></trkpt><trkpt lat="60.225047" lon="24.983175"><ele>4.3</ele><time>2026-01-19T07:55:09Z</time></trkpt><trkpt lat="60.22506" lon="24.983177"><ele>4.8</ele><time>2026-01-19T07:55:10Z</time><extensions><gpxtpx:TrackPointExtension><gpxtpx:hr>90</gpxtpx:hr></gpxtpx:TrackPointExtension></extensions></trkpt><trkpt lat="60.225073" lon="24.983192"><ele>5.4</ele><time>2026-01-19T07:55:11Z</time></trkpt><trkpt lat="60.225087" lon="24.983203"><ele>5.7</ele><time>2026-01-19T07:55:12Z</time></trkpt><trkpt lat="60.225102" lon="24.983207"><ele>4.8</ele><time>2026-01-19T07:55:13Z</time></trkpt><trkpt lat="60.225115" lon="24.983205"><ele>4.0</ele><time>2026-01-19T07:55:14Z</time></trkpt><trkpt lat="60.225128" lon="24.983203"><ele>3.7</ele><time>2026-01-19T07:55:15Z</time><extensions><gpxtpx:TrackPointExtension><gpxtpx:hr>91</gpxtpx:hr></gpxtpx:TrackPointExtension></extensions></trkpt><trkpt lat="60.225142" lon="24.983203"><ele>3.9</ele><time>2026-01-19T07:55:16Z</time></trkpt><trkpt lat="60.225157" lon="24.983198"><ele>4.1</ele><time>2026-01-19T07:55:17Z</time></trkpt><trkpt lat="60.225172" lon="24.983193"><ele>3.9</ele><time>2026-01-19T07:55:18Z</time><extensions><gpxtpx:TrackPointExtension><gpxtpx:hr>90</gpxtpx:hr></gpxtpx:TrackPointExtension></extensions></trkpt><trkpt lat="60.225183" lon="24.9832"><ele>3.9</ele><time>2026-01-19T07:55:19Z</time></trkpt><trkpt lat="60.225197" lon="24.983188"><ele>4.3</ele><time>2026-01-19T07:55:20Z</time></trkpt><trkpt lat="60.225212" lon="24.983198"><ele>4.3</ele><time>2026-01-19T07:55:21Z</time></trkpt><trkpt lat="60.225223" lon="24.983202"><ele>4.1</ele><time>2026-01-19T07:55:22Z</time></trkpt><trkpt lat="60.225233" lon="24.983197"><ele>4.3</ele><time>2026-01-19T07:55:23Z</time></trkpt><trkpt lat="60.225242" lon="24.983187"><ele>3.9</ele><time>2026-01-19T07:55:24Z</time></trkpt><trkpt lat="60.225258" lon="24.98319"><ele>3.6</ele><time>2026-01-19T07:55:25Z</time></trkpt><trkpt lat="60.225268" lon="24.983193"><ele>3.3</ele><time>2026-01-19T07:55:26Z</time></trkpt><trkpt lat="60.22528" lon="24.983193"><ele>3.0</ele><time>2026-01-19T07:55:27Z</time></trkpt><trkpt lat="60.225292" lon="24.983183"><ele>3.7</ele><time>2026-01-19T07:55:28Z</time></trkpt><trkpt lat="60.22531" lon="24.983167"><ele>3.1</ele><time>2026-01-19T07:55:29Z</time></trkpt><trkpt lat="60.22532" lon="24.983157"><ele>2.6</ele><time>2026-01-19T07:55:30Z</time></trkpt><trkpt lat="60.225333" lon="24.983145"><ele>2.7</ele><time>2026-01-19T07:55:31Z</time></trkpt><trkpt lat="60.225343" lon="24.983143"><ele>2.9</ele><time>2026-01-19T07:55:32Z</time></trkpt><trkpt lat="60.225355" lon="24.983138"><ele>3.0</ele><time>2026-01-19T07:55:33Z</time></trkpt><trkpt lat="60.225368" lon="24.98312"><ele>3.4</ele><time>2026-01-19T07:55:34Z</time></trkpt><trkpt lat="60.225383" lon="24.983122"><ele>3.2</ele><time>2026-01-19T07:55:35Z</time><extensions><gpxtpx:TrackPointExtension><gpxtpx:hr>90</gpxtpx:hr></gpxtpx:TrackPointExtension></extensions></trkpt><trkpt lat="60.225395" lon="24.983117"><ele>2.9</ele><time>2026-01-19T07:55:36Z</time></trkpt><trkpt lat="60.225407" lon="24.983117"><ele>2.8</ele><time>2026-01-19T07:55:37Z</time><extensions><gpxtpx:TrackPointExtension><gpxtpx:hr>90</gpxtpx:hr></gpxtpx:TrackPointExtension></extensions></trkpt><trkpt lat="60.225418" lon="24.983127"><ele>2.9</ele><time>2026-01-19T07:55:38Z</time></trkpt><trkpt lat="60.225427" lon="24.983122"><ele>2.6</ele><time>2026-01-19T07:55:39Z</time></trkpt><trkpt lat="60.225438" lon="24.983112"><ele>3.4</ele><time>2026-01-19T07:55:40Z</time></trkpt><trkpt lat="60.225443" lon="24.9831"><ele>3.6</ele><time>2026-01-19T07:55:41Z</time><extensions><gpxtpx:TrackPointExtension><gpxtpx:hr>91</gpxtpx:hr></gpxtpx:TrackPointExtension></extensions></trkpt><trkpt lat="60.225465" lon="24.983092"><ele>3.7</ele><time>2026-01-19T07:55:42Z</time></trkpt><trkpt lat="60.22547" lon="24.98309"><ele>3.3</ele><time>2026-01-19T07:55:43Z</time></trkpt><trkpt lat="60.22548" lon="24.983083"><ele>4.6</ele><time>2026-01-19T07:55:44Z</time></trkpt><trkpt lat="60.225507" lon="24.983103"><ele>3.4</ele><time>2026-01-19T07:55:45Z</time></trkpt><trkpt lat="60.225518" lon="24.983055"><ele>3.9</ele><time>2026-01-19T07:55:46Z</time></trkpt><trkpt lat="60.225527" lon="24.983037"><ele>4.1</ele><time>2026-01-19T07:55:47Z</time><extensions><gpxtpx:TrackPointExtension><gpxtpx:hr>91</gpxtpx:hr></gpxtpx:TrackPointExtension></extensions></trkpt><trkpt lat="60.225542" lon="24.983025"><ele>4.4</ele><time>2026-01-19T07:55:48Z</time></trkpt><trkpt lat="60.225547" lon="24.983005"><ele>4.4</ele><time>2026-01-19T07:55:49Z</time></trkpt><trkpt lat="60.22555" lon="24.982995"><ele>4.7</ele><time>2026-01-19T07:55:50Z</time></trkpt><trkpt lat="60.225563" lon="24.982975"><ele>4.3</ele><time>2026-01-19T07:55:51Z</time></trkpt><trkpt lat="60.22558" lon="24.982962"><ele>5.1</ele><time>2026-01-19T07:55:52Z</time></trkpt><trkpt lat="60.225595" lon="24.982975"><ele>5.3</ele><time>2026-01-19T07:55:53Z</time></trkpt><trkpt lat="60.225612" lon="24.982943"><ele>6.7</ele><time>2026-01-19T07:55:54Z</time></trkpt><trkpt lat="60.225623" lon="24.982952"><ele>6.9</ele><time>2026-01-19T07:55:55Z</time><extensions><gpxtpx:TrackPointExtension><gpxtpx:hr>91</gpxtpx:hr></gpxtpx:TrackPointExtension></extensions></trkpt><trkpt lat="60.225635" lon="24.982935"><ele>6.5</ele><time>2026-01-19T07:55:56Z</time></trkpt><trkpt lat="60.225643" lon="24.982932"><ele>5.2</ele><time>2026-01-19T07:55:57Z</time><extensions><gpxtpx:TrackPointExtension><gpxtpx:hr>91</gpxtpx:hr></gpxtpx:TrackPointExtension></extensions></trkpt><trkpt lat="60.225655" lon="24.982918"><ele>5.8</ele><time>2026-01-19T07:55:58Z</time></trkpt><trkpt lat="60.225667" lon="24.982918"><ele>5.3</ele><time>2026-01-19T07:55:59Z</time></trkpt><trkpt lat="60.22568" lon="24.982908"><ele>4.9</ele><time>2026-01-19T07:56:00Z</time></trkpt><trkpt lat="60.225692" lon="24.982917"><ele>4.6</ele><time>2026-01-19T07:56:01Z</time><extensions><gpxtpx:TrackPointExtension><gpxtpx:hr>90</gpxtpx:hr></gpxtpx:TrackPointExtension></extensions></trkpt><trkpt lat="60.225703" lon="24.982927"><ele>4.5</ele><time>2026-01-19T07:56:02Z</time></trkpt><trkpt lat="60.225718" lon="24.982918"><ele>5.0</ele><time>2026-01-19T07:56:03Z</time></trkpt><trkpt lat="60.22573" lon="24.982897"><ele>5.5</ele><time>2026-01-19T07:56:04Z</time></trkpt><trkpt lat="60.225742" lon="24.982885"><ele>5.3</ele><time>2026-01-19T07:56:05Z</time></trkpt><trkpt lat="60.22575" lon="24.982878"><ele>5.6</ele><time>2026-01-19T07:56:06Z</time><extensions><gpxtpx:TrackPointExtension><gpxtpx:hr>92</gpxtpx:hr></gpxtpx:TrackPointExtension></extensions></trkpt><trkpt lat="60.225762" lon="24.982868"><ele>6.2</ele><time>2026-01-19T07:56:07Z</time></trkpt><trkpt lat="60.225777" lon="24.982858"><ele>6.0</ele><time>2026-01-19T07:56:08Z</time></trkpt><trkpt lat="60.225787" lon="24.982843"><ele>5.6</ele><time>2026-01-19T07:56:09Z</time></trkpt><trkpt lat="60.225807" lon="24.982848"><ele>5.6</ele><time>2026-01-19T07:56:10Z</time></trkpt><trkpt lat="60.225805" lon="24.98285"><ele>6.0</ele><time>2026-01-19T07:56:11Z</time></trkpt><trkpt lat="60.225823" lon="24.982842"><ele>6.7</ele><time>2026-01-19T07:56:12Z</time></trkpt><trkpt lat="60.225835" lon="24.98284"><ele>6.5</ele><time>2026-01-19T07:56:13Z</time></trkpt><trkpt lat="60.22585" lon="24.982835"><ele>6.3</ele><time>2026-01-19T07:56:14Z</time></trkpt><trkpt lat="60.225863" lon="24.982823"><ele>5.9</ele><time>2026-01-19T07:56:15Z</time><extensions><gpxtpx:TrackPointExtension><gpxtpx:hr>92</gpxtpx:hr></gpxtpx:TrackPointExtension></extensions></trkpt><trkpt lat="60.22588" lon="24.982793"><ele>5.9</ele><time>2026-01-19T07:56:16Z</time><extensions><gpxtpx:TrackPointExtension><gpxtpx:hr>92</gpxtpx:hr></gpxtpx:TrackPointExtension></extensions></trkpt><trkpt lat="60.225893" lon="24.982788"><ele>5.7</ele><time>2026-01-19T07:56:17Z</time></trkpt><trkpt lat="60.225907" lon="24.98279"><ele>6.0</ele><time>2026-01-19T07:56:18Z</time></trkpt><trkpt lat="60.225918" lon="24.982775"><ele>5.4</ele><time>2026-01-19T07:56:19Z</time></trkpt><trkpt lat="60.225937" lon="24.98275"><ele>4.8</ele><time>2026-01-19T07:56:20Z</time></trkpt><trkpt lat="60.22595" lon="24.98273"><ele>4.3</ele><time>2026-01-19T07:56:21Z</time><extensions><gpxtpx:TrackPointExtension><gpxtpx:hr>91</gpxtpx:hr></gpxtpx:TrackPointExtension></extensions></trkpt><trkpt lat="60.225962" lon="24.98272"><ele>3.8</ele><time>2026-01-19T07:56:22Z</time></trkpt><trkpt lat="60.22598" lon="24.982708"><ele>3.6</ele><time>2026-01-19T07:56:23Z</time></trkpt><trkpt lat="60.225993" lon="24.982698"><ele>2.9</ele><time>2026-01-19T07:56:24Z</time></trkpt><trkpt lat="60.226005" lon="24.982692"><ele>2.8</ele><time>2026-01-19T07:56:25Z</time></trkpt><trkpt lat="60.22602" lon="24.982683"><ele>2.5</ele><time>2026-01-19T07:56:26Z</time></trkpt><trkpt lat="60.226032" lon="24.98267"><ele>2.0</ele><time>2026-01-19T07:56:27Z</time></trkpt><trkpt lat="60.226048" lon="24.98266"><ele>2.2</ele><time>2026-01-19T07:56:28Z</time><extensions><gpxtpx:TrackPointExtension><gpxtpx:hr>90</gpxtpx:hr></gpxtpx:TrackPointExtension></extensions></trkpt><trkpt lat="60.226062" lon="24.982648"><ele>1.8</ele><time>2026-01-19T07:56:29Z</time></trkpt><trkpt lat="60.226075" lon="24.98264"><ele>2.1</ele><time>2026-01-19T07:56:30Z</time></trkpt><trkpt lat="60.226087" lon="24.982623"><ele>1.8</ele><time>2026-01-19T07:56:31Z</time></trkpt><trkpt lat="60.226098" lon="24.982602"><ele>1.0</ele><time>2026-01-19T07:56:32Z</time></trkpt><trkpt lat="60.226113" lon="24.982592"><ele>1.2</ele><time>2026-01-19T07:56:33Z</time></trkpt><trkpt lat="60.226128" lon="24.982588"><ele>1.2</ele><time>2026-01-19T07:56:34Z</time></trkpt><trkpt lat="60.22614" lon="24.982573"><ele>1.2</ele><time>2026-01-19T07:56:35Z</time><extensions><gpxtpx:TrackPointExtension><gpxtpx:hr>90</gpxtpx:hr></gpxtpx:TrackPointExtension></extensions></trkpt><trkpt lat="60.226153" lon="24.982567"><ele>1.3</ele><time>2026-01-19T07:56:36Z</time></trkpt><trkpt lat="60.226167" lon="24.982562"><ele>1.5</ele><time>2026-01-19T07:56:37Z</time><extensions><gpxtpx:TrackPointExtension><gpxtpx:hr>90</gpxtpx:hr></gpxtpx:TrackPointExtension></extensions></trkpt><trkpt lat="60.22618" lon="24.982552"><ele>1.8</ele><time>2026-01-19T07:56:38Z</time></trkpt><trkpt lat="60.226195" lon="24.98255"><ele>1.8</ele><time>2026-01-19T07:56:39Z</time></trkpt><trkpt lat="60.226207" lon="24.982542"><ele>2.2</ele><time>2026-01-19T07:56:40Z</time></trkpt><trkpt lat="60.22622" lon="24.982537"><ele>1.6</ele><time>2026-01-19T07:56:41Z</time></trkpt><trkpt lat="60.226232" lon="24.982537"><ele>2.0</ele><time>2026-01-19T07:56:42Z</time><extensions><gpxtpx:TrackPointExtension><gpxtpx:hr>90</gpxtpx:hr></gpxtpx:TrackPointExtension></extensions></trkpt><trkpt lat="60.226247" lon="24.982533"><ele>1.7</ele><time>2026-01-19T07:56:43Z</time></trkpt><trkpt lat="60.226257" lon="24.982522"><ele>2.1</ele><time>2026-01-19T07:56:44Z</time></trkpt><trkpt lat="60.22627" lon="24.982517"><ele>2.5</ele><time>2026-01-19T07:56:45Z</time></trkpt><trkpt lat="60.226285" lon="24.982517"><ele>2.4</ele><time>2026-01-19T07:56:46Z</time></trkpt><trkpt lat="60.226298" lon="24.982517"><ele>2.7</ele><time>2026-01-19T07:56:47Z</time><extensions><gpxtpx:TrackPointExtension><gpxtpx:hr>90</gpxtpx:hr></gpxtpx:TrackPointExtension></extensions></trkpt><trkpt lat="60.226313" lon="24.982512"><ele>2.5</ele><time>2026-01-19T07:56:48Z</time></trkpt><trkpt lat="60.226328" lon="24.982505"><ele>2.6</ele><time>2026-01-19T07:56:49Z</time></trkpt><trkpt lat="60.226343" lon="24.9825"><ele>2.7</ele><time>2026-01-19T07:56:50Z</time></trkpt><trkpt lat="60.226357" lon="24.982495"><ele>2.6</ele><time>2026-01-19T07:56:51Z</time></trkpt><trkpt lat="60.22637" lon="24.982488"><ele>2.9</ele><time>2026-01-19T07:56:52Z</time></trkpt><trkpt lat="60.226385" lon="24.98248"><ele>2.8</ele><time>2026-01-19T07:56:53Z</time></trkpt><trkpt lat="60.2264" lon="24.982458"><ele>3.0</ele><time>2026-01-19T07:56:54Z</time></trkpt><trkpt lat="60.22641" lon="24.982447"><ele>2.6</ele><time>2026-01-19T07:56:55Z</time><extensions><gpxtpx:TrackPointExtension><gpxtpx:hr>91</gpxtpx:hr></gpxtpx:TrackPointExtension></extensions></trkpt><trkpt lat="60.226422" lon="24.982443"><ele>2.7</ele><time>2026-01-19T07:56:56Z</time><extensions><gpxtpx:TrackPointExtension><gpxtpx:hr>91</gpxtpx:hr></gpxtpx:TrackPointExtension></extensions></trkpt><trkpt lat="60.22643" lon="24.982437"><ele>3.1</ele><time>2026-01-19T07:56:57Z</time></trkpt><trkpt lat="60.226442" lon="24.98242"><ele>2.5</ele><time>2026-01-19T07:56:58Z</time></trkpt><trkpt lat="60.226452" lon="24.982417"><ele>2.6</ele><time>2026-01-19T07:56:59Z</time></trkpt><trkpt lat="60.226468" lon="24.982413"><ele>1.8</ele><time>2026-01-19T07:57:00Z</time></trkpt><trkpt lat="60.226485" lon="24.98241"><ele>2.5</ele><time>2026-01-19T07:57:01Z</time></trkpt><trkpt lat="60.226498" lon="24.982398"><ele>2.0</ele><time>2026-01-19T07:57:02Z</time></trkpt><trkpt lat="60.226512" lon="24.982397"><ele>2.6</ele><time>2026-01-19T07:57:03Z</time></trkpt><trkpt lat="60.226527" lon="24.982393"><ele>3.0</ele><time>2026-01-19T07:57:04Z</time></trkpt><trkpt lat="60.22654" lon="24.9824"><ele>3.1</ele><time>2026-01-19T07:57:05Z</time><extensions><gpxtpx:TrackPointExtension><gpxtpx:hr>91</gpxtpx:hr></gpxtpx:TrackPointExtension></extensions></trkpt><trkpt lat="60.22655" lon="24.982393"><ele>2.9</ele><time>2026-01-19T07:57:06Z</time><extensions><gpxtpx:TrackPointExtension><gpxtpx:hr>91</gpxtpx:hr></gpxtpx:TrackPointExtension></extensions></trkpt><trkpt lat="60.226562" lon="24.982388"><ele>2.3</ele><time>2026-01-19T07:57:07Z</time></trkpt><trkpt lat="60.226573" lon="24.982387"><ele>1.8</ele><time>2026-01-19T07:57:08Z</time></trkpt><trkpt lat="60.226585" lon="24.982372"><ele>1.6</ele><time>2026-01-19T07:57:09Z</time></trkpt><trkpt lat="60.226603" lon="24.982385"><ele>1.8</ele><time>2026-01-19T07:57:10Z</time></trkpt><trkpt lat="60.226618" lon="24.98237"><ele>1.7</ele><time>2026-01-19T07:57:11Z</time><extensions><gpxtpx:TrackPointExtension><gpxtpx:hr>91</gpxtpx:hr></gpxtpx:TrackPointExtension></extensions></trkpt><trkpt lat="60.226628" lon="24.982362"><ele>1.4</ele><time>2026-01-19T07:57:12Z</time></trkpt><trkpt lat="60.226643" lon="24.982355"><ele>1.4</ele><time>2026-01-19T07:57:13Z</time></trkpt><trkpt lat="60.226662" lon="24.982347"><ele>1.7</ele><time>2026-01-19T07:57:14Z</time></trkpt><trkpt lat="60.226673" lon="24.982357"><ele>2.1</ele><time>2026-01-19T07:57:15Z</time></trkpt><trkpt lat="60.226682" lon="24.982345"><ele>2.1</ele><time>2026-01-19T07:57:16Z</time></trkpt><trkpt lat="60.226693" lon="24.98234"><ele>2.1</ele><time>2026-01-19T07:57:17Z</time><extensions><gpxtpx:TrackPointExtension><gpxtpx:hr>91</gpxtpx:hr></gpxtpx:TrackPointExtension></extensions></trkpt><trkpt lat="60.226708" lon="24.982332"><ele>2.2</ele><time>2026-01-19T07:57:18Z</time></trkpt><trkpt lat="60.226723" lon="24.982322"><ele>2.2</ele><time>2026-01-19T07:57:19Z</time></trkpt><trkpt lat="60.226738" lon="24.982317"><ele>2.3</ele><time>2026-01-19T07:57:20Z</time></trkpt><trkpt lat="60.22675" lon="24.982312"><ele>2.7</ele><time>2026-01-19T07:57:21Z</time></trkpt><trkpt lat="60.22676" lon="24.982303"><ele>2.3</ele><time>2026-01-19T07:57:22Z</time></trkpt><trkpt lat="60.226772" lon="24.982283"><ele>2.8</ele><time>2026-01-19T07:57:23Z</time></trkpt><trkpt lat="60.22679" lon="24.982282"><ele>3.4</ele><time>2026-01-19T07:57:24Z</time></trkpt><trkpt lat="60.226803" lon="24.982282"><ele>3.8</ele><time>2026-01-19T07:57:25Z</time><extensions><gpxtpx:TrackPointExtension><gpxtpx:hr>91</gpxtpx:hr></gpxtpx:TrackPointExtension></extensions></trkpt><trkpt lat="60.226812" lon="24.982273"><ele>4.1</ele><time>2026-01-19T07:57:26Z</time></trkpt><trkpt lat="60.226825" lon="24.982267"><ele>4.4</ele><time>2026-01-19T07:57:27Z</time></trkpt><trkpt lat="60.226842" lon="24.98225"><ele>3.9</ele><time>2026-01-19T07:57:28Z</time></trkpt><trkpt lat="60.226862" lon="24.982267"><ele>3.2</ele><time>2026-01-19T07:57:29Z</time></trkpt><trkpt lat="60.226868" lon="24.982245"><ele>3.1</ele><time>2026-01-19T07:57:30Z</time><extensions><gpxtpx:TrackPointExtension><gpxtpx:hr>91</gpxtpx:hr></gpxtpx:TrackPointExtension></extensions></trkpt><trkpt lat="60.226882" lon="24.982228"><ele>2.4</ele><time>2026-01-19T07:57:31Z</time></trkpt><trkpt lat="60.2269" lon="24.98222"><ele>3.3</ele><time>2026-01-19T07:57:32Z</time></trkpt><trkpt lat="60.226913" lon="24.98221"><ele>3.4</ele><time>2026-01-19T07:57:33Z</time></trkpt><trkpt lat="60.226927" lon="24.9822"><ele>3.3</ele><time>2026-01-19T07:57:34Z</time><extensions><gpxtpx:TrackPointExtension><gpxtpx:hr>91</gpxtpx:hr></gpxtpx:TrackPointExtension></extensions></trkpt><trkpt lat="60.22694" lon="24.982198"><ele>3.8</ele><time>2026-01-19T07:57:35Z</time></trkpt><trkpt lat="60.226953" lon="24.982187"><ele>3.7</ele><time>2026-01-19T07:57:36Z</time><extensions><gpxtpx:TrackPointExtension><gpxtpx:hr>92</gpxtpx:hr></gpxtpx:TrackPointExtension></extensions></trkpt><trkpt lat="60.226967" lon="24.982183"><ele>4.1</ele><time>2026-01-19T07:57:37Z</time></trkpt><trkpt lat="60.226977" lon="24.982188"><ele>4.1</ele><time>2026-01-19T07:57:38Z</time></trkpt><trkpt lat="60.226997" lon="24.982187"><ele>4.4</ele><time>2026-01-19T07:57:39Z</time></trkpt><trkpt lat="60.227007" lon="24.982193"><ele>3.8</ele><time>2026-01-19T07:57:40Z</time></trkpt><trkpt lat="60.227018" lon="24.982183"><ele>3.7</ele><time>2026-01-19T07:57:41Z</time></trkpt><trkpt lat="60.22703" lon="24.98218"><ele>3.4</ele><time>2026-01-19T07:57:42Z</time></trkpt><trkpt lat="60.227038" lon="24.982177"><ele>3.1</ele><time>2026-01-19T07:57:43Z</time></trkpt><trkpt lat="60.227053" lon="24.982172"><ele>3.4</ele><time>2026-01-19T07:57:44Z</time><extensions><gpxtpx:TrackPointExtension><gpxtpx:hr>91</gpxtpx:hr></gpxtpx:TrackPointExtension></extensions></trkpt><trkpt lat="60.227067" lon="24.982172"><ele>3.0</ele><time>2026-01-19T07:57:45Z</time></trkpt><trkpt lat="60.22708" lon="24.982183"><ele>2.9</ele><time>2026-01-19T07:57:46Z</time></trkpt><trkpt lat="60.227093" lon="24.982188"><ele>2.8</ele><time>2026-01-19T07:57:47Z</time></trkpt><trkpt lat="60.227105" lon="24.982185"><ele>3.1</ele><time>2026-01-19T07:57:48Z</time></trkpt><trkpt lat="60.227122" lon="24.982172"><ele>3.2</ele><time>2026-01-19T07:57:49Z</time></trkpt><trkpt lat="60.227133" lon="24.982162"><ele>3.1</ele><time>2026-01-19T07:57:50Z</time><extensions><gpxtpx:TrackPointExtension><gpxtpx:hr>90</gpxtpx:hr></gpxtpx:TrackPointExtension></extensions></trkpt><trkpt lat="60.22715" lon="24.982153"><ele>4.0</ele><time>2026-01-19T07:57:51Z</time></trkpt><trkpt lat="60.22716" lon="24.982142"><ele>3.4</ele><time>2026-01-19T07:57:52Z</time><extensions><gpxtpx:TrackPointExtension><gpxtpx:hr>90</gpxtpx:hr></gpxtpx:TrackPointExtension></extensions></trkpt><trkpt lat="60.227178" lon="24.982138"><ele>3.6</ele><time>2026-01-19T07:57:53Z</time></trkpt><trkpt lat="60.227198" lon="24.982127"><ele>3.3</ele><time>2026-01-19T07:57:54Z</time></trkpt><trkpt lat="60.227208" lon="24.982115"><ele>2.9</ele><time>2026-01-19T07:57:55Z</time></trkpt><trkpt lat="60.227225" lon="24.98211"><ele>3.1</ele><time>2026-01-19T07:57:56Z</time></trkpt><trkpt lat="60.22724" lon="24.982107"><ele>3.5</ele><time>2026-01-19T07:57:57Z</time><extensions><gpxtpx:TrackPointExtension><gpxtpx:hr>91</gpxtpx:hr></gpxtpx:TrackPointExtension></extensions></trkpt><trkpt lat="60.22725" lon="24.982103"><ele>3.7</ele><time>2026-01-19T07:57:58Z</time></trkpt><trkpt lat="60.227265" lon="24.982095"><ele>3.5</ele><time>2026-01-19T07:57:59Z</time></trkpt><trkpt lat="60.227275" lon="24.982092"><ele>3.3</ele><time>2026-01-19T07:58:00Z</time></trkpt><trkpt lat="60.22729" lon="24.982098"><ele>3.9</ele><time>2026-01-19T07:58:01Z</time><extensions><gpxtpx:TrackPointExtension><gpxtpx:hr>91</gpxtpx:hr></gpxtpx:TrackPointExtension></extensions></trkpt><trkpt lat="60.227305" lon="24.982097"><ele>4.0</ele><time>2026-01-19T07:58:02Z</time></trkpt><trkpt lat="60.227318" lon="24.982087"><ele>4.8</ele><time>2026-01-19T07:58:03Z</time></trkpt><trkpt lat="60.227328" lon="24.98209"><ele>4.5</ele><time>2026-01-19T07:58:04Z</time></trkpt><trkpt lat="60.227342" lon="24.982093"><ele>4.5</ele><time>2026-01-19T07:58:05Z</time></trkpt><trkpt lat="60.227355" lon="24.982088"><ele>4.4</ele><time>2026-01-19T07:58:06Z</time></trkpt><trkpt lat="60.227368" lon="24.982085"><ele>4.5</ele><time>2026-01-19T07:58:07Z</time><extensions><gpxtpx:TrackPointExtension><gpxtpx:hr>92</gpxtpx:hr></gpxtpx:TrackPointExtension></extensions></trkpt><trkpt lat="60.227375" lon="24.9821"><ele>4.6</ele><time>2026-01-19T07:58:08Z</time></trkpt><trkpt lat="60.22739" lon="24.982103"><ele>4.8</ele><time>2026-01-19T07:58:09Z</time></trkpt><trkpt lat="60.227403" lon="24.982115"><ele>5.2</ele><time>2026-01-19T07:58:10Z</time></trkpt><trkpt lat="60.227412" lon="24.982118"><ele>5.1</ele><time>2026-01-19T07:58:11Z</time></trkpt><trkpt lat="60.227425" lon="24.982125"><ele>4.8</ele><time>2026-01-19T07:58:12Z</time></trkpt><trkpt lat="60.227435" lon="24.982138"><ele>4.9</ele><time>2026-01-19T07:58:13Z</time></trkpt><trkpt lat="60.22745" lon="24.982143"><ele>4.8</ele><time>2026-01-19T07:58:14Z</time></trkpt><trkpt lat="60.227462" lon="24.982142"><ele>4.8</ele><time>2026-01-19T07:58:15Z</time><extensions><gpxtpx:TrackPointExtension><gpxtpx:hr>91</gpxtpx:hr></gpxtpx:TrackPointExtension></extensions></trkpt><trkpt lat="60.227468" lon="24.982138"><ele>4.7</ele><time>2026-01-19T07:58:16Z</time></trkpt><trkpt lat="60.227473" lon="24.982137"><ele>4.6</ele><time>2026-01-19T07:58:17Z</time></trkpt><trkpt lat="60.22748" lon="24.98215"><ele>4.7</ele><time>2026-01-19T07:58:18Z</time><extensions><gpxtpx:TrackPointExtension><gpxtpx:hr>91</gpxtpx:hr></gpxtpx:TrackPointExtension></extensions></trkpt><trkpt lat="60.227497" lon="24.982157"><ele>4.3</ele><time>2026-01-19T07:58:19Z</time></trkpt><trkpt lat="60.227507" lon="24.982172"><ele>4.9</ele><time>2026-01-19T07:58:20Z</time></trkpt><trkpt lat="60.227522" lon="24.982183"><ele>5.2</ele><time>2026-01-19T07:58:21Z</time></trkpt><trkpt lat="60.227533" lon="24.982207"><ele>5.5</ele><time>2026-01-19T07:58:22Z</time></trkpt><trkpt lat="60.227545" lon="24.982217"><ele>6.3</ele><time>2026-01-19T07:58:23Z</time></trkpt><trkpt lat="60.227562" lon="24.98223"><ele>6.0</ele><time>2026-01-19T07:58:24Z</time></trkpt><trkpt lat="60.227572" lon="24.982248"><ele>7.5</ele><time>2026-01-19T07:58:25Z</time><extensions><gpxtpx:TrackPointExtension><gpxtpx:hr>91</gpxtpx:hr></gpxtpx:TrackPointExtension></extensions></trkpt><trkpt lat="60.227588" lon="24.982247"><ele>7.5</ele><time>2026-01-19T07:58:26Z</time><extensions><gpxtpx:TrackPointExtension><gpxtpx:hr>91</gpxtpx:hr></gpxtpx:TrackPointExtension></extensions></trkpt><trkpt lat="60.227597" lon="24.98227"><ele>8.3</ele><time>2026-01-19T07:58:27Z</time></trkpt><trkpt lat="60.227612" lon="24.98228"><ele>7.6</ele><time>2026-01-19T07:58:28Z</time></trkpt><trkpt lat="60.227625" lon="24.982273"><ele>6.7</ele><time>2026-01-19T07:58:29Z</time></trkpt><trkpt lat="60.227633" lon="24.982278"><ele>6.3</ele><time>2026-01-19T07:58:30Z</time></trkpt><trkpt lat="60.22764" lon="24.982268"><ele>5.9</ele><time>2026-01-19T07:58:31Z</time></trkpt><trkpt lat="60.227643" lon="24.982278"><ele>6.3</ele><time>2026-01-19T07:58:32Z</time><extensions><gpxtpx:TrackPointExtension><gpxtpx:hr>91</gpxtpx:hr></gpxtpx:TrackPointExtension></extensions></trkpt><trkpt lat="60.227655" lon="24.982297"><ele>6.6</ele><time>2026-01-19T07:58:33Z</time></trkpt><trkpt lat="60.227678" lon="24.982305"><ele>5.4</ele><time>2026-01-19T07:58:34Z</time></trkpt><trkpt lat="60.227695" lon="24.982297"><ele>5.9</ele><time>2026-01-19T07:58:35Z</time></trkpt><trkpt lat="60.227705" lon="24.9823"><ele>5.8</ele><time>2026-01-19T07:58:36Z</time><extensions><gpxtpx:TrackPointExtension><gpxtpx:hr>90</gpxtpx:hr></gpxtpx:TrackPointExtension></extensions></trkpt><trkpt lat="60.227713" lon="24.982297"><ele>5.7</ele><time>2026-01-19T07:58:37Z</time></trkpt><trkpt lat="60.227732" lon="24.982305"><ele>5.7</ele><time>2026-01-19T07:58:38Z</time></trkpt><trkpt lat="60.227742" lon="24.982313"><ele>5.5</ele><time>2026-01-19T07:58:39Z</time></trkpt><trkpt lat="60.227752" lon="24.982327"><ele>6.1</ele><time>2026-01-19T07:58:40Z</time></trkpt><trkpt lat="60.227762" lon="24.982337"><ele>6.2</ele><time>2026-01-19T07:58:41Z</time><extensions><gpxtpx:TrackPointExtension><gpxtpx:hr>90</gpxtpx:hr></gpxtpx:TrackPointExtension></extensions></trkpt><trkpt lat="60.22778" lon="24.982328"><ele>6.1</ele><time>2026-01-19T07:58:42Z</time></trkpt><trkpt lat="60.227792" lon="24.982332"><ele>6.3</ele><time>2026-01-19T07:58:43Z</time></trkpt><trkpt lat="60.227793" lon="24.982342"><ele>6.8</ele><time>2026-01-19T07:58:44Z</time></trkpt><trkpt lat="60.227807" lon="24.982337"><ele>7.3</ele><time>2026-01-19T07:58:45Z</time></trkpt><trkpt lat="60.22782" lon="24.982342"><ele>7.3</ele><time>2026-01-19T07:58:46Z</time></trkpt><trkpt lat="60.22784" lon="24.982337"><ele>6.2</ele><time>2026-01-19T07:58:47Z</time></trkpt><trkpt lat="60.22785" lon="24.982338"><ele>6.5</ele><time>2026-01-19T07:58:48Z</time></trkpt><trkpt lat="60.227862" lon="24.982352"><ele>6.6</ele><time>2026-01-19T07:58:49Z</time></trkpt><trkpt lat="60.227872" lon="24.982353"><ele>6.4</ele><time>2026-01-19T07:58:50Z</time><extensions><gpxtpx:TrackPointExtension><gpxtpx:hr>90</gpxtpx:hr></gpxtpx:TrackPointExtension></extensions></trkpt><trkpt lat="60.227885" lon="24.982357"><ele>6.2</ele><time>2026-01-19T07:58:51Z</time></trkpt><trkpt lat="60.2279" lon="24.98236"><ele>6.1</ele><time>2026-01-19T07:58:52Z</time></trkpt><trkpt lat="60.227917" lon="24.98236"><ele>5.5</ele><time>2026-01-19T07:58:53Z</time><extensions><gpxtpx:TrackPointExtension><gpxtpx:hr>90</gpxtpx:hr></gpxtpx:TrackPointExtension></extensions></trkpt><trkpt lat="60.22793" lon="24.982362"><ele>5.4</ele><time>2026-01-19T07:58:54Z</time></trkpt><trkpt lat="60.227942" lon="24.982355"><ele>5.5</ele><time>2026-01-19T07:58:55Z</time></trkpt><trkpt lat="60.227955" lon="24.982362"><ele>5.3</ele><time>2026-01-19T07:58:56Z</time></trkpt><trkpt lat="60.227968" lon="24.982358"><ele>5.0</ele><time>2026-01-19T07:58:57Z</time><extensions><gpxtpx:TrackPointExtension><gpxtpx:hr>89</gpxtpx:hr></gpxtpx:TrackPointExtension></extensions></trkpt><trkpt lat="60.22798" lon="24.982357"><ele>5.3</ele><time>2026-01-19T07:58:58Z</time></trkpt><trkpt lat="60.227993" lon="24.982357"><ele>5.3</ele><time>2026-01-19T07:58:59Z</time></trkpt><trkpt lat="60.228008" lon="24.982355"><ele>5.2</ele><time>2026-01-19T07:59:00Z</time></trkpt><trkpt lat="60.228022" lon="24.982355"><ele>5.6</ele><time>2026-01-19T07:59:01Z</time><extensions><gpxtpx:TrackPointExtension><gpxtpx:hr>89</gpxtpx:hr></gpxtpx:TrackPointExtension></extensions></trkpt><trkpt lat="60.228033" lon="24.982353"><ele>5.7</ele><time>2026-01-19T07:59:02Z</time></trkpt><trkpt lat="60.228047" lon="24.982363"><ele>5.8</ele><time>2026-01-19T07:59:03Z</time></trkpt><trkpt lat="60.22806" lon="24.982363"><ele>5.4</ele><time>2026-01-19T07:59:04Z</time></trkpt><trkpt lat="60.228072" lon="24.982365"><ele>5.9</ele><time>2026-01-19T07:59:05Z</time></trkpt><trkpt lat="60.228085" lon="24.982367"><ele>6.1</ele><time>2026-01-19T07:59:06Z</time></trkpt><trkpt lat="60.228097" lon="24.982375"><ele>6.3</ele><time>2026-01-19T07:59:07Z</time></trkpt><trkpt lat="60.228108" lon="24.982378"><ele>6.2</ele><time>2026-01-19T07:59:08Z</time><extensions><gpxtpx:TrackPointExtension><gpxtpx:hr>89</gpxtpx:hr></gpxtpx:TrackPointExtension></extensions></trkpt><trkpt lat="60.228122" lon="24.982383"><ele>6.3</ele><time>2026-01-19T07:59:09Z</time></trkpt><trkpt lat="60.228132" lon="24.98239"><ele>6.6</ele><time>2026-01-19T07:59:10Z</time></trkpt><trkpt lat="60.228143" lon="24.982398"><ele>6.9</ele><time>2026-01-19T07:59:11Z</time></trkpt><trkpt lat="60.228155" lon="24.982403"><ele>6.7</ele><time>2026-01-19T07:59:12Z</time></trkpt><trkpt lat="60.22817" lon="24.982407"><ele>6.5</ele><time>2026-01-19T07:59:13Z</time></trkpt><trkpt lat="60.22818" lon="24.982415"><ele>6.7</ele><time>2026-01-19T07:59:14Z</time><extensions><gpxtpx:TrackPointExtension><gpxtpx:hr>90</gpxtpx:hr></gpxtpx:TrackPointExtension></extensions></trkpt><trkpt lat="60.22819" lon="24.982422"><ele>6.6</ele><time>2026-01-19T07:59:15Z</time></trkpt><trkpt lat="60.228203" lon="24.982433"><ele>6.5</ele><time>2026-01-19T07:59:16Z</time></trkpt><trkpt lat="60.228218" lon="24.98244"><ele>6.3</ele><time>2026-01-19T07:59:17Z</time></trkpt><trkpt lat="60.22823" lon="24.98245"><ele>6.6</ele><time>2026-01-19T07:59:18Z</time></trkpt><trkpt lat="60.228242" lon="24.982457"><ele>6.6</ele><time>2026-01-19T07:59:19Z</time></trkpt><trkpt lat="60.228252" lon="24.982463"><ele>6.9</ele><time>2026-01-19T07:59:20Z</time><extensions><gpxtpx:TrackPointExtension><gpxtpx:hr>90</gpxtpx:hr></gpxtpx:TrackPointExtension></extensions></trkpt><trkpt lat="60.228263" lon="24.982473"><ele>7.2</ele><time>2026-01-19T07:59:21Z</time></trkpt><trkpt lat="60.228277" lon="24.982487"><ele>7.3</ele><time>2026-01-19T07:59:22Z</time></trkpt><trkpt lat="60.228287" lon="24.9825"><ele>6.7</ele><time>2026-01-19T07:59:23Z</time></trkpt><trkpt lat="60.228297" lon="24.982505"><ele>7.1</ele><time>2026-01-19T07:59:24Z</time></trkpt><trkpt lat="60.228312" lon="24.982505"><ele>6.7</ele><time>2026-01-19T07:59:25Z</time><extensions><gpxtpx:TrackPointExtension><gpxtpx:hr>91</gpxtpx:hr></gpxtpx:TrackPointExtension></extensions></trkpt><trkpt lat="60.228323" lon="24.982508"><ele>7.0</ele><time>2026-01-19T07:59:26Z</time></trkpt><trkpt lat="60.22833" lon="24.98252"><ele>7.1</ele><time>2026-01-19T07:59:27Z</time></trkpt><trkpt lat="60.228343" lon="24.982523"><ele>6.7</ele><time>2026-01-19T07:59:28Z</time><extensions><gpxtpx:TrackPointExtension><gpxtpx:hr>92</gpxtpx:hr></gpxtpx:TrackPointExtension></extensions></trkpt><trkpt lat="60.228355" lon="24.982532"><ele>6.7</ele><time>2026-01-19T07:59:29Z</time></trkpt><trkpt lat="60.228372" lon="24.982537"><ele>6.4</ele><time>2026-01-19T07:59:30Z</time></trkpt><trkpt lat="60.228382" lon="24.982543"><ele>6.3</ele><time>2026-01-19T07:59:31Z</time></trkpt><trkpt lat="60.228393" lon="24.982545"><ele>6.3</ele><time>2026-01-19T07:59:32Z</time></trkpt><trkpt lat="60.228407" lon="24.982555"><ele>6.2</ele><time>2026-01-19T07:59:33Z</time></trkpt><trkpt lat="60.228418" lon="24.98256"><ele>6.5</ele><time>2026-01-19T07:59:34Z</time></trkpt><trkpt lat="60.22843" lon="24.982562"><ele>6.3</ele><time>2026-01-19T07:59:35Z</time><extensions><gpxtpx:TrackPointExtension><gpxtpx:hr>92</gpxtpx:hr></gpxtpx:TrackPointExtension></extensions></trkpt><trkpt lat="60.228445" lon="24.982558"><ele>6.2</ele><time>2026-01-19T07:59:36Z</time></trkpt><trkpt lat="60.228457" lon="24.982558"><ele>6.6</ele><time>2026-01-19T07:59:37Z</time></trkpt><trkpt lat="60.22847" lon="24.982563"><ele>6.3</ele><time>2026-01-19T07:59:38Z</time></trkpt><trkpt lat="60.228483" lon="24.98257"><ele>6.1</ele><time>2026-01-19T07:59:39Z</time><extensions><gpxtpx:TrackPointExtension><gpxtpx:hr>93</gpxtpx:hr></gpxtpx:TrackPointExtension></extensions></trkpt><trkpt lat="60.228495" lon="24.982573"><ele>6.1</ele><time>2026-01-19T07:59:40Z</time></trkpt><trkpt lat="60.228507" lon="24.982578"><ele>6.0</ele><time>2026-01-19T07:59:41Z</time></trkpt><trkpt lat="60.228518" lon="24.98258"><ele>5.5</ele><time>2026-01-19T07:59:42Z</time><extensions><gpxtpx:TrackPointExtension><gpxtpx:hr>93</gpxtpx:hr></gpxtpx:TrackPointExtension></extensions></trkpt><trkpt lat="60.228535" lon="24.982592"><ele>6.1</ele><time>2026-01-19T07:59:43Z</time></trkpt><trkpt lat="60.228545" lon="24.982593"><ele>6.0</ele><time>2026-01-19T07:59:44Z</time></trkpt><trkpt lat="60.228557" lon="24.982598"><ele>6.0</ele><time>2026-01-19T07:59:45Z</time></trkpt><trkpt lat="60.228567" lon="24.98261"><ele>6.3</ele><time>2026-01-19T07:59:46Z</time></trkpt><trkpt lat="60.228578" lon="24.982613"><ele>6.5</ele><time>2026-01-19T07:59:47Z</time></trkpt><trkpt lat="60.22859" lon="24.982602"><ele>5.8</ele><time>2026-01-19T07:59:48Z</time></trkpt><trkpt lat="60.228607" lon="24.982593"><ele>6.0</ele><time>2026-01-19T07:59:49Z</time></trkpt><trkpt lat="60.228622" lon="24.982578"><ele>6.3</ele><time>2026-01-19T07:59:50Z</time><extensions><gpxtpx:TrackPointExtension><gpxtpx:hr>92</gpxtpx:hr></gpxtpx:TrackPointExtension></extensions></trkpt><trkpt lat="60.228633" lon="24.982563"><ele>6.2</ele><time>2026-01-19T07:59:51Z</time></trkpt><trkpt lat="60.228645" lon="24.982555"><ele>6.2</ele><time>2026-01-19T07:59:52Z</time><extensions><gpxtpx:TrackPointExtension><gpxtpx:hr>92</gpxtpx:hr></gpxtpx:TrackPointExtension></extensions></trkpt><trkpt lat="60.228657" lon="24.982547"><ele>6.3</ele><time>2026-01-19T07:59:53Z</time></trkpt><trkpt lat="60.228668" lon="24.98254"><ele>6.5</ele><time>2026-01-19T07:59:54Z</time></trkpt><trkpt lat="60.22868" lon="24.982542"><ele>6.9</ele><time>2026-01-19T07:59:55Z</time></trkpt><trkpt lat="60.228692" lon="24.982533"><ele>7.2</ele><time>2026-01-19T07:59:56Z</time></trkpt><trkpt lat="60.228703" lon="24.982523"><ele>6.8</ele><time>2026-01-19T07:59:57Z</time><extensions><gpxtpx:TrackPointExtension><gpxtpx:hr>92</gpxtpx:hr></gpxtpx:TrackPointExtension></extensions></trkpt><trkpt lat="60.228723" lon="24.982517"><ele>7.2</ele><time>2026-01-19T07:59:58Z</time></trkpt><trkpt lat="60.228735" lon="24.982513"><ele>7.5</ele><time>2026-01-19T07:59:59Z</time></trkpt><trkpt lat="60.228747" lon="24.982503"><ele>7.4</ele><time>2026-01-19T08:00:00Z</time></trkpt><trkpt lat="60.228757" lon="24.982488"><ele>7.6</ele><time>2026-01-19T08:00:01Z</time></trkpt><trkpt lat="60.228773" lon="24.982488"><ele>8.4</ele><time>2026-01-19T08:00:02Z</time></trkpt><trkpt lat="60.228785" lon="24.98248"><ele>8.6</ele><time>2026-01-19T08:00:03Z</time></trkpt><trkpt lat="60.228795" lon="24.98247"><ele>8.5</ele><time>2026-01-19T08:00:04Z</time><extensions><gpxtpx:TrackPointExtension><gpxtpx:hr>94</gpxtpx:hr></gpxtpx:TrackPointExtension></extensions></trkpt><trkpt lat="60.228807" lon="24.982465"><ele>8.5</ele><time>2026-01-19T08:00:05Z</time></trkpt><trkpt lat="60.22882" lon="24.982455"><ele>8.3</ele><time>2026-01-19T08:00:06Z</time><extensions><gpxtpx:TrackPointExtension><gpxtpx:hr>95</gpxtpx:hr></gpxtpx:TrackPointExtension></extensions></trkpt><trkpt lat="60.228827" lon="24.982435"><ele>8.1</ele><time>2026-01-19T08:00:07Z</time></trkpt><trkpt lat="60.22884" lon="24.98242"><ele>8.2</ele><time>2026-01-19T08:00:08Z</time></trkpt><trkpt lat="60.22885" lon="24.982407"><ele>7.5</ele><time>2026-01-19T08:00:09Z</time></trkpt><trkpt lat="60.228858" lon="24.982393"><ele>7.7</ele><time>2026-01-19T08:00:10Z</time></trkpt><trkpt lat="60.228863" lon="24.982387"><ele>7.9</ele><time>2026-01-19T08:00:11Z</time></trkpt><trkpt lat="60.228875" lon="24.98237"><ele>8.1</ele><time>2026-01-19T08:00:12Z</time></trkpt><trkpt lat="60.228888" lon="24.98236"><ele>8.0</ele><time>2026-01-19T08:00:13Z</time></trkpt><trkpt lat="60.228903" lon="24.982348"><ele>7.8</ele><time>2026-01-19T08:00:14Z</time></trkpt><trkpt lat="60.22891" lon="24.982345"><ele>8.2</ele><time>2026-01-19T08:00:15Z</time><extensions><gpxtpx:TrackPointExtension><gpxtpx:hr>96</gpxtpx:hr></gpxtpx:TrackPointExtension></extensions></trkpt><trkpt lat="60.228923" lon="24.982342"><ele>8.3</ele><time>2026-01-19T08:00:17Z</time><extensions><gpxtpx:TrackPointExtension><gpxtpx:hr>96</gpxtpx:hr></gpxtpx:TrackPointExtension></extensions></trkpt><trkpt lat="60.22894" lon="24.982333"><ele>8.5</ele><time>2026-01-19T08:00:18Z</time></trkpt><trkpt lat="60.228955" lon="24.982332"><ele>8.8</ele><time>2026-01-19T08:00:18Z</time></trkpt><trkpt lat="60.228965" lon="24.98232"><ele>9.1</ele><time>2026-01-19T08:00:19Z</time></trkpt><trkpt lat="60.22898" lon="24.982312"><ele>8.4</ele><time>2026-01-19T08:00:21Z</time><extensions><gpxtpx:TrackPointExtension><gpxtpx:hr>97</gpxtpx:hr></gpxtpx:TrackPointExtension></extensions></trkpt><trkpt lat="60.228987" lon="24.982308"><ele>8.7</ele><time>2026-01-19T08:00:21Z</time></trkpt><trkpt lat="60.228997" lon="24.982298"><ele>8.3</ele><time>2026-01-19T08:00:22Z</time></trkpt><trkpt lat="60.229012" lon="24.982292"><ele>8.5</ele><time>2026-01-19T08:00:24Z</time></trkpt><trkpt lat="60.229032" lon="24.982297"><ele>8.6</ele><time>2026-01-19T08:00:24Z</time></trkpt><trkpt lat="60.229043" lon="24.982288"><ele>8.4</ele><time>2026-01-19T08:00:25Z</time></trkpt><trkpt lat="60.229058" lon="24.982272"><ele>8.7</ele><time>2026-01-19T08:00:27Z</time><extensions><gpxtpx:TrackPointExtension><gpxtpx:hr>97</gpxtpx:hr></gpxtpx:TrackPointExtension></extensions></trkpt><trkpt lat="60.229068" lon="24.98227"><ele>9.1</ele><time>2026-01-19T08:00:27Z</time></trkpt><trkpt lat="60.229083" lon="24.982253"><ele>8.6</ele><time>2026-01-19T08:00:28Z</time></trkpt><trkpt lat="60.229093" lon="24.982237"><ele>9.1</ele><time>2026-01-19T08:00:29Z</time></trkpt><trkpt lat="60.229105" lon="24.982223"><ele>9.8</ele><time>2026-01-19T08:00:30Z</time></trkpt><trkpt lat="60.229118" lon="24.98221"><ele>9.5</ele><time>2026-01-19T08:00:31Z</time></trkpt><trkpt lat="60.229128" lon="24.982195"><ele>9.2</ele><time>2026-01-19T08:00:32Z</time></trkpt><trkpt lat="60.22914" lon="24.982185"><ele>9.3</ele><time>2026-01-19T08:00:33Z</time></trkpt><trkpt lat="60.229152" lon="24.982177"><ele>9.3</ele><time>2026-01-19T08:00:34Z</time></trkpt><trkpt lat="60.229163" lon="24.982173"><ele>9.7</ele><time>2026-01-19T08:00:35Z</time><extensions><gpxtpx:TrackPointExtension><gpxtpx:hr>96</gpxtpx:hr></gpxtpx:TrackPointExtension></extensions></trkpt><trkpt lat="60.229175" lon="24.982165"><ele>9.5</ele><time>2026-01-19T08:00:36Z</time></trkpt><trkpt lat="60.229187" lon="24.982163"><ele>10.0</ele><time>2026-01-19T08:00:37Z</time></trkpt><trkpt lat="60.229198" lon="24.982153"><ele>10.4</ele><time>2026-01-19T08:00:38Z</time><extensions><gpxtpx:TrackPointExtension><gpxtpx:hr>96</gpxtpx:hr></gpxtpx:TrackPointExtension></extensions></trkpt><trkpt lat="60.22921" lon="24.98214"><ele>10.3</ele><time>2026-01-19T08:00:39Z</time></trkpt><trkpt lat="60.229223" lon="24.982133"><ele>10.4</ele><time>2026-01-19T08:00:40Z</time></trkpt><trkpt lat="60.229237" lon="24.982127"><ele>10.6</ele><time>2026-01-19T08:00:41Z</time><extensions><gpxtpx:TrackPointExtension><gpxtpx:hr>95</gpxtpx:hr></gpxtpx:TrackPointExtension></extensions></trkpt><trkpt lat="60.229242" lon="24.982117"><ele>10.4</ele><time>2026-01-19T08:00:42Z</time></trkpt><trkpt lat="60.229255" lon="24.982112"><ele>10.6</ele><time>2026-01-19T08:00:43Z</time></trkpt><trkpt lat="60.229272" lon="24.982103"><ele>9.9</ele><time>2026-01-19T08:00:44Z</time></trkpt><trkpt lat="60.229285" lon="24.982112"><ele>11.7</ele><time>2026-01-19T08:00:45Z</time></trkpt><trkpt lat="60.229298" lon="24.982113"><ele>10.6</ele><time>2026-01-19T08:00:46Z</time></trkpt><trkpt lat="60.229307" lon="24.982112"><ele>11.5</ele><time>2026-01-19T08:00:47Z</time></trkpt><trkpt lat="60.229312" lon="24.982108"><ele>11.7</ele><time>2026-01-19T08:00:48Z</time></trkpt><trkpt lat="60.229318" lon="24.9821"><ele>12.2</ele><time>2026-01-19T08:00:49Z</time></trkpt><trkpt lat="60.22933" lon="24.982082"><ele>12.6</ele><time>2026-01-19T08:00:50Z</time><extensions><gpxtpx:TrackPointExtension><gpxtpx:hr>94</gpxtpx:hr></gpxtpx:TrackPointExtension></extensions></trkpt><trkpt lat="60.229345" lon="24.982077"><ele>12.4</ele><time>2026-01-19T08:00:51Z</time></trkpt><trkpt lat="60.229358" lon="24.982048"><ele>12.9</ele><time>2026-01-19T08:00:52Z</time></trkpt><trkpt lat="60.229368" lon="24.982052"><ele>12.7</ele><time>2026-01-19T08:00:53Z</time></trkpt><trkpt lat="60.229375" lon="24.982052"><ele>13.2</ele><time>2026-01-19T08:00:54Z</time><extensions><gpxtpx:TrackPointExtension><gpxtpx:hr>94</gpxtpx:hr></gpxtpx:TrackPointExtension></extensions></trkpt><trkpt lat="60.229383" lon="24.982028"><ele>12.8</ele><time>2026-01-19T08:00:55Z</time></trkpt><trkpt lat="60.229395" lon="24.982018"><ele>12.8</ele><time>2026-01-19T08:00:56Z</time></trkpt><trkpt lat="60.22941" lon="24.982005"><ele>12.3</ele><time>2026-01-19T08:00:57Z</time><extensions><gpxtpx:TrackPointExtension><gpxtpx:hr>94</gpxtpx:hr></gpxtpx:TrackPointExtension></extensions></trkpt><trkpt lat="60.229425" lon="24.981995"><ele>12.2</ele><time>2026-01-19T08:00:58Z</time></trkpt><trkpt lat="60.229435" lon="24.981987"><ele>12.3</ele><time>2026-01-19T08:00:59Z</time></trkpt><trkpt lat="60.229445" lon="24.981993"><ele>12.3</ele><time>2026-01-19T08:01:00Z</time></trkpt><trkpt lat="60.229453" lon="24.981988"><ele>13.1</ele><time>2026-01-19T08:01:01Z</time></trkpt><trkpt lat="60.229463" lon="24.981965"><ele>13.2</ele><time>2026-01-19T08:01:02Z</time></trkpt><trkpt lat="60.229497" lon="24.981925"><ele>12.0</ele><time>2026-01-19T08:01:03Z</time><extensions><gpxtpx:TrackPointExtension><gpxtpx:hr>93</gpxtpx:hr></gpxtpx:TrackPointExtension></extensions></trkpt><trkpt lat="60.229515" lon="24.981937"><ele>11.0</ele><time>2026-01-19T08:01:04Z</time></trkpt><trkpt lat="60.22953" lon="24.981927"><ele>10.2</ele><time>2026-01-19T08:01:05Z</time></trkpt><trkpt lat="60.229547" lon="24.981918"><ele>9.6</ele><time>2026-01-19T08:01:06Z</time></trkpt><trkpt lat="60.22956" lon="24.981905"><ele>9.1</ele><time>2026-01-19T08:01:07Z</time></trkpt><trkpt lat="60.229575" lon="24.981903"><ele>9.1</ele><time>2026-01-19T08:01:08Z</time></trkpt><trkpt lat="60.22959" lon="24.981882"><ele>9.0</ele><time>2026-01-19T08:01:09Z</time><extensions><gpxtpx:TrackPointExtension><gpxtpx:hr>93</gpxtpx:hr></gpxtpx:TrackPointExtension></extensions></trkpt><trkpt lat="60.229598" lon="24.981888"><ele>9.0</ele><time>2026-01-19T08:01:10Z</time></trkpt><trkpt lat="60.22961" lon="24.981905"><ele>9.0</ele><time>2026-01-19T08:01:11Z</time></trkpt><trkpt lat="60.22962" lon="24.981912"><ele>9.3</ele><time>2026-01-19T08:01:12Z</time></trkpt><trkpt lat="60.229633" lon="24.981913"><ele>9.3</ele><time>2026-01-19T08:01:13Z</time></trkpt><trkpt lat="60.229643" lon="24.981912"><ele>8.9</ele><time>2026-01-19T08:01:14Z</time><extensions><gpxtpx:TrackPointExtension><gpxtpx:hr>93</gpxtpx:hr></gpxtpx:TrackPointExtension></extensions></trkpt><trkpt lat="60.229653" lon="24.981915"><ele>9.4</ele><time>2026-01-19T08:01:15Z</time></trkpt><trkpt lat="60.229665" lon="24.98192"><ele>9.8</ele><time>2026-01-19T08:01:16Z</time><extensions><gpxtpx:TrackPointExtension><gpxtpx:hr>93</gpxtpx:hr></gpxtpx:TrackPointExtension></extensions></trkpt><trkpt lat="60.229672" lon="24.981922"><ele>8.9</ele><time>2026-01-19T08:01:17Z</time></trkpt><trkpt lat="60.229683" lon="24.981927"><ele>9.2</ele><time>2026-01-19T08:01:18Z</time></trkpt><trkpt lat="60.22969" lon="24.981937"><ele>9.5</ele><time>2026-01-19T08:01:19Z</time></trkpt><trkpt lat="60.229708" lon="24.981932"><ele>9.8</ele><time>2026-01-19T08:01:20Z</time></trkpt><trkpt lat="60.229723" lon="24.981935"><ele>10.6</ele><time>2026-01-19T08:01:21Z</time></trkpt><trkpt lat="60.229738" lon="24.981922"><ele>10.3</ele><time>2026-01-19T08:01:22Z</time></trkpt><trkpt lat="60.229743" lon="24.981915"><ele>10.5</ele><time>2026-01-19T08:01:23Z</time></trkpt><trkpt lat="60.229758" lon="24.98191"><ele>10.9</ele><time>2026-01-19T08:01:24Z</time><extensions><gpxtpx:TrackPointExtension><gpxtpx:hr>94</gpxtpx:hr></gpxtpx:TrackPointExtension></extensions></trkpt><trkpt lat="60.229783" lon="24.9819"><ele>10.6</ele><time>2026-01-19T08:01:25Z</time></trkpt><trkpt lat="60.229792" lon="24.981903"><ele>10.3</ele><time>2026-01-19T08:01:26Z</time><extensions><gpxtpx:TrackPointExtension><gpxtpx:hr>94</gpxtpx:hr></gpxtpx:TrackPointExtension></extensions></trkpt><trkpt lat="60.229798" lon="24.981917"><ele>11.1</ele><time>2026-01-19T08:01:27Z</time></trkpt><trkpt lat="60.229807" lon="24.981918"><ele>11.9</ele><time>2026-01-19T08:01:28Z</time></trkpt><trkpt lat="60.229823" lon="24.981908"><ele>12.2</ele><time>2026-01-19T08:01:29Z</time></trkpt><trkpt lat="60.229835" lon="24.98192"><ele>11.6</ele><time>2026-01-19T08:01:30Z</time></trkpt><trkpt lat="60.229847" lon="24.981927"><ele>12.3</ele><time>2026-01-19T08:01:31Z</time><extensions><gpxtpx:TrackPointExtension><gpxtpx:hr>94</gpxtpx:hr></gpxtpx:TrackPointExtension></extensions></trkpt><trkpt lat="60.229875" lon="24.981953"><ele>12.7</ele><time>2026-01-19T08:01:32Z</time></trkpt><trkpt lat="60.229887" lon="24.981955"><ele>12.9</ele><time>2026-01-19T08:01:33Z</time></trkpt><trkpt lat="60.229895" lon="24.981943"><ele>12.5</ele><time>2026-01-19T08:01:34Z</time></trkpt><trkpt lat="60.229903" lon="24.981937"><ele>12.5</ele><time>2026-01-19T08:01:35Z</time></trkpt><trkpt lat="60.229927" lon="24.981908"><ele>13.5</ele><time>2026-01-19T08:01:36Z</time><extensions><gpxtpx:TrackPointExtension><gpxtpx:hr>94</gpxtpx:hr></gpxtpx:TrackPointExtension></extensions></trkpt><trkpt lat="60.229933" lon="24.981905"><ele>13.4</ele><time>2026-01-19T08:01:37Z</time></trkpt><trkpt lat="60.229957" lon="24.98186"><ele>11.8</ele><time>2026-01-19T08:01:38Z</time></trkpt><trkpt lat="60.229977" lon="24.981835"><ele>10.7</ele><time>2026-01-19T08:01:39Z</time></trkpt><trkpt lat="60.229992" lon="24.981825"><ele>11.0</ele><time>2026-01-19T08:01:40Z</time></trkpt><trkpt lat="60.230002" lon="24.98182"><ele>10.9</ele><time>2026-01-19T08:01:41Z</time><extensions><gpxtpx:TrackPointExtension><gpxtpx:hr>94</gpxtpx:hr></gpxtpx:TrackPointExtension></extensions></trkpt><trkpt lat="60.230017" lon="24.981813"><ele>11.6</ele><time>2026-01-19T08:01:42Z</time></trkpt><trkpt lat="60.23003" lon="24.981805"><ele>10.9</ele><time>2026-01-19T08:01:43Z</time></trkpt><trkpt lat="60.230048" lon="24.981805"><ele>9.5</ele><time>2026-01-19T08:01:44Z</time></trkpt><trkpt lat="60.230063" lon="24.981793"><ele>9.8</ele><time>2026-01-19T08:01:45Z</time></trkpt><trkpt lat="60.230073" lon="24.981778"><ele>8.9</ele><time>2026-01-19T08:01:46Z</time></trkpt><trkpt lat="60.230085" lon="24.981767"><ele>8.4</ele><time>2026-01-19T08:01:47Z</time></trkpt><trkpt lat="60.230092" lon="24.981765"><ele>8.4</ele><time>2026-01-19T08:01:48Z</time></trkpt><trkpt lat="60.230097" lon="24.981763"><ele>8.7</ele><time>2026-01-19T08:01:49Z</time></trkpt><trkpt lat="60.230105" lon="24.981758"><ele>8.6</ele><time>2026-01-19T08:01:50Z</time><extensions><gpxtpx:TrackPointExtension><gpxtpx:hr>94</gpxtpx:hr></gpxtpx:TrackPointExtension></extensions></trkpt><trkpt lat="60.23011" lon="24.981768"><ele>7.6</ele><time>2026-01-19T08:01:51Z</time></trkpt><trkpt lat="60.230127" lon="24.981768"><ele>8.1</ele><time>2026-01-19T08:01:52Z</time></trkpt><trkpt lat="60.230147" lon="24.981757"><ele>8.4</ele><time>2026-01-19T08:01:53Z</time></trkpt><trkpt lat="60.230158" lon="24.98175"><ele>9.0</ele><time>2026-01-19T08:01:54Z</time></trkpt><trkpt lat="60.23017" lon="24.981743"><ele>9.5</ele><time>2026-01-19T08:01:55Z</time><extensions><gpxtpx:TrackPointExtension><gpxtpx:hr>95</gpxtpx:hr></gpxtpx:TrackPointExtension></extensions></trkpt><trkpt lat="60.23018" lon="24.98173"><ele>10.1</ele><time>2026-01-19T08:01:56Z</time><extensions><gpxtpx:TrackPointExtension><gpxtpx:hr>95</gpxtpx:hr></gpxtpx:TrackPointExtension></extensions></trkpt><trkpt lat="60.230183" lon="24.981722"><ele>9.3</ele><time>2026-01-19T08:01:57Z</time></trkpt><trkpt lat="60.230197" lon="24.981727"><ele>9.1</ele><time>2026-01-19T08:01:58Z</time></trkpt><trkpt lat="60.230212" lon="24.981717"><ele>8.8</ele><time>2026-01-19T08:01:59Z</time></trkpt><trkpt lat="60.230225" lon="24.981722"><ele>9.1</ele><time>2026-01-19T08:02:00Z</time></trkpt><trkpt lat="60.230232" lon="24.981717"><ele>9.2</ele><time>2026-01-19T08:02:01Z</time></trkpt><trkpt lat="60.230248" lon="24.981707"><ele>8.8</ele><time>2026-01-19T08:02:02Z</time></trkpt><trkpt lat="60.23027" lon="24.98169"><ele>8.6</ele><time>2026-01-19T08:02:03Z</time></trkpt><trkpt lat="60.230278" lon="24.981685"><ele>8.6</ele><time>2026-01-19T08:02:04Z</time><extensions><gpxtpx:TrackPointExtension><gpxtpx:hr>96</gpxtpx:hr></gpxtpx:TrackPointExtension></extensions></trkpt><trkpt lat="60.23029" lon="24.98168"><ele>8.8</ele><time>2026-01-19T08:02:05Z</time></trkpt><trkpt lat="60.230298" lon="24.981675"><ele>8.9</ele><time>2026-01-19T08:02:06Z</time><extensions><gpxtpx:TrackPointExtension><gpxtpx:hr>96</gpxtpx:hr></gpxtpx:TrackPointExtension></extensions></trkpt><trkpt lat="60.230317" lon="24.981668"><ele>9.2</ele><time>2026-01-19T08:02:07Z</time></trkpt><trkpt lat="60.230332" lon="24.98167"><ele>9.4</ele><time>2026-01-19T08:02:08Z</time></trkpt><trkpt lat="60.230342" lon="24.981675"><ele>9.2</ele><time>2026-01-19T08:02:09Z</time></trkpt><trkpt lat="60.230353" lon="24.981675"><ele>7.4</ele><time>2026-01-19T08:02:10Z</time></trkpt><trkpt lat="60.230365" lon="24.981675"><ele>7.7</ele><time>2026-01-19T08:02:11Z</time></trkpt><trkpt lat="60.23038" lon="24.981672"><ele>7.1</ele><time>2026-01-19T08:02:12Z</time></trkpt><trkpt lat="60.230393" lon="24.981675"><ele>6.5</ele><time>2026-01-19T08:02:13Z</time></trkpt><trkpt lat="60.23041" lon="24.981672"><ele>6.8</ele><time>2026-01-19T08:02:14Z</time></trkpt><trkpt lat="60.23042" lon="24.981657"><ele>5.4</ele><time>2026-01-19T08:02:15Z</time><extensions><gpxtpx:TrackPointExtension><gpxtpx:hr>93</gpxtpx:hr></gpxtpx:TrackPointExtension></extensions></trkpt><trkpt lat="60.23043" lon="24.981657"><ele>5.4</ele><time>2026-01-19T08:02:16Z</time></trkpt><trkpt lat="60.230442" lon="24.981643"><ele>5.6</ele><time>2026-01-19T08:02:17Z</time></trkpt><trkpt lat="60.230452" lon="24.981637"><ele>5.3</ele><time>2026-01-19T08:02:18Z</time></trkpt><trkpt lat="60.230467" lon="24.981642"><ele>5.8</ele><time>2026-01-19T08:02:19Z</time></trkpt><trkpt lat="60.230477" lon="24.981643"><ele>5.5</ele><time>2026-01-19T08:02:20Z</time></trkpt><trkpt lat="60.230493" lon="24.981652"><ele>5.4</ele><time>2026-01-19T08:02:21Z</time></trkpt><trkpt lat="60.23051" lon="24.981645"><ele>5.1</ele><time>2026-01-19T08:02:23Z</time></trkpt><trkpt lat="60.230523" lon="24.98165"><ele>5.2</ele><time>2026-01-19T08:02:24Z</time></trkpt><trkpt lat="60.230535" lon="24.98165"><ele>4.6</ele><time>2026-01-19T08:02:25Z</time></trkpt><trkpt lat="60.23055" lon="24.981648"><ele>5.0</ele><time>2026-01-19T08:02:26Z</time></trkpt><trkpt lat="60.230565" lon="24.981642"><ele>4.9</ele><time>2026-01-19T08:02:27Z</time></trkpt><trkpt lat="60.230572" lon="24.981633"><ele>4.1</ele><time>2026-01-19T08:02:28Z</time></trkpt><trkpt lat="60.230587" lon="24.981622"><ele>4.0</ele><time>2026-01-19T08:02:29Z</time></trkpt><trkpt lat="60.230598" lon="24.981622"><ele>4.1</ele><time>2026-01-19T08:02:30Z</time></trkpt><trkpt lat="60.230615" lon="24.981623"><ele>3.9</ele><time>2026-01-19T08:02:31Z</time></trkpt><trkpt lat="60.230628" lon="24.981617"><ele>4.2</ele><time>2026-01-19T08:02:32Z</time><extensions><gpxtpx:TrackPointExtension><gpxtpx:hr>94</gpxtpx:hr></gpxtpx:TrackPointExtension></extensions></trkpt><trkpt lat="60.23064" lon="24.981625"><ele>4.7</ele><time>2026-01-19T08:02:33Z</time></trkpt><trkpt lat="60.230652" lon="24.98162"><ele>4.7</ele><time>2026-01-19T08:02:34Z</time></trkpt><trkpt lat="60.230668" lon="24.981612"><ele>4.5</ele><time>2026-01-19T08:02:35Z</time></trkpt><trkpt lat="60.230678" lon="24.981608"><ele>4.5</ele><time>2026-01-19T08:02:36Z</time><extensions><gpxtpx:TrackPointExtension><gpxtpx:hr>94</gpxtpx:hr></gpxtpx:TrackPointExtension></extensions></trkpt><trkpt lat="60.230693" lon="24.98161"><ele>3.9</ele><time>2026-01-19T08:02:37Z</time></trkpt><trkpt lat="60.230708" lon="24.981612"><ele>3.6</ele><time>2026-01-19T08:02:37Z</time></trkpt><trkpt lat="60.23072" lon="24.981598"><ele>3.5</ele><time>2026-01-19T08:02:38Z</time></trkpt><trkpt lat="60.230735" lon="24.981597"><ele>3.0</ele><time>2026-01-19T08:02:39Z</time></trkpt><trkpt lat="60.230748" lon="24.981595"><ele>3.5</ele><time>2026-01-19T08:02:40Z</time></trkpt><trkpt lat="60.23076" lon="24.981583"><ele>3.5</ele><time>2026-01-19T08:02:41Z</time></trkpt><trkpt lat="60.230773" lon="24.981562"><ele>2.9</ele><time>2026-01-19T08:02:42Z</time></trkpt><trkpt lat="60.230782" lon="24.981537"><ele>2.5</ele><time>2026-01-19T08:02:43Z</time></trkpt><trkpt lat="60.230787" lon="24.981508"><ele>2.6</ele><time>2026-01-19T08:02:44Z</time><extensions><gpxtpx:TrackPointExtension><gpxtpx:hr>94</gpxtpx:hr></gpxtpx:TrackPointExtension></extensions></trkpt><trkpt lat="60.230792" lon="24.981483"><ele>2.3</ele><time>2026-01-19T08:02:45Z</time></trkpt><trkpt lat="60.230797" lon="24.981455"><ele>2.4</ele><time>2026-01-19T08:02:46Z</time></trkpt><trkpt lat="60.2308" lon="24.98143"><ele>1.9</ele><time>2026-01-19T08:02:47Z</time></trkpt><trkpt lat="60.230805" lon="24.981407"><ele>2.5</ele><time>2026-01-19T08:02:48Z</time></trkpt><trkpt lat="60.230812" lon="24.98138"><ele>2.5</ele><time>2026-01-19T08:02:49Z</time></trkpt><trkpt lat="60.230817" lon="24.981353"><ele>2.6</ele><time>2026-01-19T08:02:50Z</time><extensions><gpxtpx:TrackPointExtension><gpxtpx:hr>94</gpxtpx:hr></gpxtpx:TrackPointExtension></extensions></trkpt><trkpt lat="60.230825" lon="24.981332"><ele>3.7</ele><time>2026-01-19T08:02:51Z</time><extensions><gpxtpx:TrackPointExtension><gpxtpx:hr>94</gpxtpx:hr></gpxtpx:TrackPointExtension></extensions></trkpt><trkpt lat="60.230828" lon="24.981305"><ele>2.7</ele><time>2026-01-19T08:02:52Z</time></trkpt><trkpt lat="60.230832" lon="24.981278"><ele>2.5</ele><time>2026-01-19T08:02:53Z</time></trkpt><trkpt lat="60.230835" lon="24.981255"><ele>2.2</ele><time>2026-01-19T08:02:54Z</time></trkpt><trkpt lat="60.230837" lon="24.98123"><ele>2.4</ele><time>2026-01-19T08:02:55Z</time></trkpt><trkpt lat="60.23084" lon="24.981207"><ele>2.6</ele><time>2026-01-19T08:02:56Z</time></trkpt><trkpt lat="60.230847" lon="24.98118"><ele>3.1</ele><time>2026-01-19T08:02:57Z</time></trkpt><trkpt lat="60.230848" lon="24.981148"><ele>3.5</ele><time>2026-01-19T08:02:58Z</time></trkpt><trkpt lat="60.230853" lon="24.981122"><ele>3.6</ele><time>2026-01-19T08:02:59Z</time><extensions><gpxtpx:TrackPointExtension><gpxtpx:hr>95</gpxtpx:hr></gpxtpx:TrackPointExtension></extensions></trkpt><trkpt lat="60.230863" lon="24.98108"><ele>4.3</ele><time>2026-01-19T08:03:00Z</time></trkpt><trkpt lat="60.230862" lon="24.98106"><ele>4.4</ele><time>2026-01-19T08:03:01Z</time><extensions><gpxtpx:TrackPointExtension><gpxtpx:hr>95</gpxtpx:hr></gpxtpx:TrackPointExtension></extensions></trkpt><trkpt lat="60.230867" lon="24.981037"><ele>5.2</ele><time>2026-01-19T08:03:02Z</time></trkpt><trkpt lat="60.230868" lon="24.981017"><ele>5.3</ele><time>2026-01-19T08:03:03Z</time></trkpt><trkpt lat="60.230873" lon="24.980993"><ele>5.2</ele><time>2026-01-19T08:03:04Z</time></trkpt><trkpt lat="60.230877" lon="24.980968"><ele>5.1</ele><time>2026-01-19T08:03:05Z</time></trkpt><trkpt lat="60.230878" lon="24.980943"><ele>5.1</ele><time>2026-01-19T08:03:06Z</time><extensions><gpxtpx:TrackPointExtension><gpxtpx:hr>96</gpxtpx:hr></gpxtpx:TrackPointExtension></extensions></trkpt><trkpt lat="60.230883" lon="24.980912"><ele>5.5</ele><time>2026-01-19T08:03:07Z</time></trkpt><trkpt lat="60.230887" lon="24.980888"><ele>5.9</ele><time>2026-01-19T08:03:08Z</time></trkpt><trkpt lat="60.230888" lon="24.980853"><ele>6.2</ele><time>2026-01-19T08:03:09Z</time></trkpt><trkpt lat="60.23089" lon="24.98083"><ele>6.6</ele><time>2026-01-19T08:03:10Z</time></trkpt><trkpt lat="60.23089" lon="24.980803"><ele>6.7</ele><time>2026-01-19T08:03:11Z</time></trkpt><trkpt lat="60.23089" lon="24.980778"><ele>6.9</ele><time>2026-01-19T08:03:12Z</time><extensions><gpxtpx:TrackPointExtension><gpxtpx:hr>96</gpxtpx:hr></gpxtpx:TrackPointExtension></extensions></trkpt><trkpt lat="60.230892" lon="24.980752"><ele>7.2</ele><time>2026-01-19T08:03:13Z</time></trkpt><trkpt lat="60.230892" lon="24.980725"><ele>7.1</ele><time>2026-01-19T08:03:14Z</time></trkpt><trkpt lat="60.230897" lon="24.980698"><ele>7.8</ele><time>2026-01-19T08:03:15Z</time></trkpt><trkpt lat="60.230907" lon="24.980667"><ele>7.8</ele><time>2026-01-19T08:03:16Z</time></trkpt><trkpt lat="60.230908" lon="24.980645"><ele>7.3</ele><time>2026-01-19T08:03:17Z</time></trkpt><trkpt lat="60.230912" lon="24.980615"><ele>7.5</ele><time>2026-01-19T08:03:18Z</time><extensions><gpxtpx:TrackPointExtension><gpxtpx:hr>96</gpxtpx:hr></gpxtpx:TrackPointExtension></extensions></trkpt><trkpt lat="60.23091" lon="24.980588"><ele>7.1</ele><time>2026-01-19T08:03:19Z</time></trkpt><trkpt lat="60.23091" lon="24.980562"><ele>7.2</ele><time>2026-01-19T08:03:20Z</time></trkpt><trkpt lat="60.230915" lon="24.98054"><ele>7.7</ele><time>2026-01-19T08:03:21Z</time></trkpt><trkpt lat="60.230917" lon="24.980523"><ele>8.1</ele><time>2026-01-19T08:03:22Z</time></trkpt><trkpt lat="60.230927" lon="24.980507"><ele>8.9</ele><time>2026-01-19T08:03:23Z</time></trkpt><trkpt lat="60.230928" lon="24.980477"><ele>8.8</ele><time>2026-01-19T08:03:24Z</time><extensions><gpxtpx:TrackPointExtension><gpxtpx:hr>96</gpxtpx:hr></gpxtpx:TrackPointExtension></extensions></trkpt><trkpt lat="60.230932" lon="24.980458"><ele>8.9</ele><time>2026-01-19T08:03:25Z</time></trkpt><trkpt lat="60.23093" lon="24.980437"><ele>8.5</ele><time>2026-01-19T08:03:26Z</time></trkpt><trkpt lat="60.230938" lon="24.980413"><ele>9.1</ele><time>2026-01-19T08:03:27Z</time></trkpt><trkpt lat="60.230937" lon="24.980387"><ele>9.1</ele><time>2026-01-19T08:03:28Z</time></trkpt><trkpt lat="60.230937" lon="24.980357"><ele>9.3</ele><time>2026-01-19T08:03:29Z</time></trkpt><trkpt lat="60.230935" lon="24.980333"><ele>9.2</ele><time>2026-01-19T08:03:30Z</time><extensions><gpxtpx:TrackPointExtension><gpxtpx:hr>96</gpxtpx:hr></gpxtpx:TrackPointExtension></extensions></trkpt><trkpt lat="60.230938" lon="24.980308"><ele>9.1</ele><time>2026-01-19T08:03:31Z</time><extensions><gpxtpx:TrackPointExtension><gpxtpx:hr>96</gpxtpx:hr></gpxtpx:TrackPointExtension></extensions></trkpt><trkpt lat="60.230943" lon="24.980285"><ele>9.1</ele><time>2026-01-19T08:03:32Z</time></trkpt><trkpt lat="60.230947" lon="24.980267"><ele>9.5</ele><time>2026-01-19T08:03:33Z</time></trkpt><trkpt lat="60.230952" lon="24.980245"><ele>9.4</ele><time>2026-01-19T08:03:34Z</time></trkpt><trkpt lat="60.230953" lon="24.980213"><ele>9.1</ele><time>2026-01-19T08:03:35Z</time></trkpt><trkpt lat="60.230953" lon="24.980197"><ele>8.5</ele><time>2026-01-19T08:03:36Z</time><extensions><gpxtpx:TrackPointExtension><gpxtpx:hr>97</gpxtpx:hr></gpxtpx:TrackPointExtension></extensions></trkpt><trkpt lat="60.230957" lon="24.980175"><ele>9.1</ele><time>2026-01-19T08:03:37Z</time></trkpt><trkpt lat="60.230957" lon="24.980142"><ele>9.1</ele><time>2026-01-19T08:03:38Z</time></trkpt><trkpt lat="60.230958" lon="24.980127"><ele>9.0</ele><time>2026-01-19T08:03:39Z</time></trkpt><trkpt lat="60.230958" lon="24.980107"><ele>9.1</ele><time>2026-01-19T08:03:40Z</time></trkpt><trkpt lat="60.23096" lon="24.980078"><ele>9.1</ele><time>2026-01-19T08:03:41Z</time><extensions><gpxtpx:TrackPointExtension><gpxtpx:hr>98</gpxtpx:hr></gpxtpx:TrackPointExtension></extensions></trkpt><trkpt lat="60.23096" lon="24.980048"><ele>8.7</ele><time>2026-01-19T08:03:42Z</time></trkpt><trkpt lat="60.230962" lon="24.980025"><ele>9.0</ele><time>2026-01-19T08:03:43Z</time></trkpt><trkpt lat="60.230963" lon="24.979997"><ele>8.8</ele><time>2026-01-19T08:03:44Z</time></trkpt><trkpt lat="60.230967" lon="24.979972"><ele>9.3</ele><time>2026-01-19T08:03:45Z</time></trkpt><trkpt lat="60.230963" lon="24.979947"><ele>9.7</ele><time>2026-01-19T08:03:46Z</time></trkpt><trkpt lat="60.230967" lon="24.97992"><ele>9.7</ele><time>2026-01-19T08:03:47Z</time></trkpt><trkpt lat="60.230968" lon="24.979897"><ele>9.4</ele><time>2026-01-19T08:03:48Z</time></trkpt><trkpt lat="60.230968" lon="24.979875"><ele>9.3</ele><time>2026-01-19T08:03:49Z</time></trkpt><trkpt lat="60.230972" lon="24.979843"><ele>9.3</ele><time>2026-01-19T08:03:50Z</time><extensions><gpxtpx:TrackPointExtension><gpxtpx:hr>98</gpxtpx:hr></gpxtpx:TrackPointExtension></extensions></trkpt><trkpt lat="60.230972" lon="24.97982"><ele>9.2</ele><time>2026-01-19T08:03:51Z</time><extensions><gpxtpx:TrackPointExtension><gpxtpx:hr>99</gpxtpx:hr></gpxtpx:TrackPointExtension></extensions></trkpt><trkpt lat="60.230973" lon="24.979793"><ele>9.3</ele><time>2026-01-19T08:03:52Z</time></trkpt><trkpt lat="60.230977" lon="24.97977"><ele>9.7</ele><time>2026-01-19T08:03:53Z</time></trkpt><trkpt lat="60.230978" lon="24.97974"><ele>9.4</ele><time>2026-01-19T08:03:54Z</time></trkpt><trkpt lat="60.23098" lon="24.979723"><ele>9.4</ele><time>2026-01-19T08:03:55Z</time></trkpt><trkpt lat="60.230978" lon="24.979702"><ele>8.9</ele><time>2026-01-19T08:03:56Z</time></trkpt><trkpt lat="60.23098" lon="24.97967"><ele>9.1</ele><time>2026-01-19T08:03:57Z</time><extensions><gpxtpx:TrackPointExtension><gpxtpx:hr>99</gpxtpx:hr></gpxtpx:TrackPointExtension></extensions></trkpt><trkpt lat="60.230982" lon="24.979638"><ele>9.3</ele><time>2026-01-19T08:03:58Z</time></trkpt><trkpt lat="60.23098" lon="24.979608"><ele>9.0</ele><time>2026-01-19T08:03:59Z</time></trkpt><trkpt lat="60.230978" lon="24.97958"><ele>8.3</ele><time>2026-01-19T08:04:00Z</time></trkpt><trkpt lat="60.230985" lon="24.979553"><ele>8.5</ele><time>2026-01-19T08:04:01Z</time></trkpt><trkpt lat="60.230985" lon="24.979527"><ele>8.5</ele><time>2026-01-19T08:04:02Z</time></trkpt><trkpt lat="60.230985" lon="24.979497"><ele>8.8</ele><time>2026-01-19T08:04:03Z</time></trkpt><trkpt lat="60.230987" lon="24.979472"><ele>8.7</ele><time>2026-01-19T08:04:04Z</time></trkpt><trkpt lat="60.23099" lon="24.979443"><ele>8.6</ele><time>2026-01-19T08:04:05Z</time><extensions><gpxtpx:TrackPointExtension><gpxtpx:hr>100</gpxtpx:hr></gpxtpx:TrackPointExtension></extensions></trkpt><trkpt lat="60.23099" lon="24.979415"><ele>9.2</ele><time>2026-01-19T08:04:06Z</time></trkpt><trkpt lat="60.230993" lon="24.979377"><ele>9.2</ele><time>2026-01-19T08:04:07Z</time></trkpt><trkpt lat="60.230992" lon="24.97936"><ele>10.2</ele><time>2026-01-19T08:04:08Z</time></trkpt><trkpt lat="60.230992" lon="24.979337"><ele>9.6</ele><time>2026-01-19T08:04:09Z</time><extensions><gpxtpx:TrackPointExtension><gpxtpx:hr>100</gpxtpx:hr></gpxtpx:TrackPointExtension></extensions></trkpt><trkpt lat="60.230992" lon="24.979308"><ele>9.8</ele><time>2026-01-19T08:04:10Z</time></trkpt><trkpt lat="60.230993" lon="24.97927"><ele>9.1</ele><time>2026-01-19T08:04:11Z</time></trkpt><trkpt lat="60.230992" lon="24.97925"><ele>9.9</ele><time>2026-01-19T08:04:12Z</time><extensions><gpxtpx:TrackPointExtension><gpxtpx:hr>100</gpxtpx:hr></gpxtpx:TrackPointExtension></extensions></trkpt><trkpt lat="60.230993" lon="24.979222"><ele>9.8</ele><time>2026-01-19T08:04:13Z</time></trkpt><trkpt lat="60.230992" lon="24.979198"><ele>9.6</ele><time>2026-01-19T08:04:14Z</time></trkpt><trkpt lat="60.231007" lon="24.979172"><ele>10.7</ele><time>2026-01-19T08:04:15Z</time></trkpt><trkpt lat="60.23101" lon="24.979147"><ele>11.9</ele><time>2026-01-19T08:04:16Z</time><extensions><gpxtpx:TrackPointExtension><gpxtpx:hr>101</gpxtpx:hr></gpxtpx:TrackPointExtension></extensions></trkpt><trkpt lat="60.23101" lon="24.979122"><ele>11.6</ele><time>2026-01-19T08:04:17Z</time></trkpt><trkpt lat="60.231012" lon="24.979093"><ele>11.2</ele><time>2026-01-19T08:04:18Z</time></trkpt><trkpt lat="60.231015" lon="24.979065"><ele>11.5</ele><time>2026-01-19T08:04:19Z</time></trkpt><trkpt lat="60.231017" lon="24.979037"><ele>11.0</ele><time>2026-01-19T08:04:20Z</time></trkpt><trkpt lat="60.231017" lon="24.979012"><ele>10.7</ele><time>2026-01-19T08:04:21Z</time></trkpt><trkpt lat="60.231022" lon="24.978987"><ele>10.4</ele><time>2026-01-19T08:04:22Z</time></trkpt><trkpt lat="60.231023" lon="24.978958"><ele>11.1</ele><time>2026-01-19T08:04:23Z</time></trkpt><trkpt lat="60.231028" lon="24.978933"><ele>11.0</ele><time>2026-01-19T08:04:24Z</time><extensions><gpxtpx:TrackPointExtension><gpxtpx:hr>100</gpxtpx:hr></gpxtpx:TrackPointExtension></extensions></trkpt><trkpt lat="60.231028" lon="24.978902"><ele>11.2</ele><time>2026-01-19T08:04:25Z</time></trkpt><trkpt lat="60.231027" lon="24.978878"><ele>11.0</ele><time>2026-01-19T08:04:26Z</time></trkpt><trkpt lat="60.231025" lon="24.97885"><ele>11.6</ele><time>2026-01-19T08:04:27Z</time></trkpt><trkpt lat="60.231028" lon="24.978827"><ele>11.7</ele><time>2026-01-19T08:04:28Z</time></trkpt><trkpt lat="60.231032" lon="24.978797"><ele>11.3</ele><time>2026-01-19T08:04:29Z</time></trkpt><trkpt lat="60.231033" lon="24.978773"><ele>11.5</ele><time>2026-01-19T08:04:30Z</time></trkpt><trkpt lat="60.231033" lon="24.978747"><ele>11.6</ele><time>2026-01-19T08:04:31Z</time></trkpt><trkpt lat="60.231033" lon="24.978715"><ele>10.6</ele><time>2026-01-19T08:04:32Z</time></trkpt><trkpt lat="60.231038" lon="24.978692"><ele>11.6</ele><time>2026-01-19T08:04:33Z</time></trkpt><trkpt lat="60.231043" lon="24.978668"><ele>12.1</ele><time>2026-01-19T08:04:34Z</time></trkpt><trkpt lat="60.231042" lon="24.978642"><ele>11.7</ele><time>2026-01-19T08:04:35Z</time></trkpt><trkpt lat="60.231045" lon="24.978615"><ele>11.4</ele><time>2026-01-19T08:04:36Z</time></trkpt><trkpt lat="60.231047" lon="24.97859"><ele>11.1</ele><time>2026-01-19T08:04:37Z</time></trkpt><trkpt lat="60.23105" lon="24.97856"><ele>11.4</ele><time>2026-01-19T08:04:38Z</time></trkpt><trkpt lat="60.23105" lon="24.978537"><ele>10.5</ele><time>2026-01-19T08:04:39Z</time></trkpt><trkpt lat="60.231048" lon="24.978512"><ele>10.4</ele><time>2026-01-19T08:04:40Z</time></trkpt><trkpt lat="60.231053" lon="24.97848"><ele>10.4</ele><time>2026-01-19T08:04:41Z</time></trkpt><trkpt lat="60.231058" lon="24.978453"><ele>10.8</ele><time>2026-01-19T08:04:42Z</time></trkpt><trkpt lat="60.231062" lon="24.978427"><ele>11.3</ele><time>2026-01-19T08:04:43Z</time></trkpt><trkpt lat="60.231063" lon="24.978402"><ele>11.3</ele><time>2026-01-19T08:04:44Z</time></trkpt><trkpt lat="60.23107" lon="24.97838"><ele>11.6</ele><time>2026-01-19T08:04:45Z</time></trkpt><trkpt lat="60.23108" lon="24.978357"><ele>12.1</ele><time>2026-01-19T08:04:46Z</time></trkpt><trkpt lat="60.231083" lon="24.978325"><ele>12.3</ele><time>2026-01-19T08:04:47Z</time></trkpt><trkpt lat="60.231083" lon="24.978298"><ele>11.9</ele><time>2026-01-19T08:04:48Z</time></trkpt><trkpt lat="60.231083" lon="24.978268"><ele>12.1</ele><time>2026-01-19T08:04:49Z</time></trkpt><trkpt lat="60.231087" lon="24.978238"><ele>12.4</ele><time>2026-01-19T08:04:50Z</time></trkpt><trkpt lat="60.231087" lon="24.97821"><ele>12.0</ele><time>2026-01-19T08:04:51Z</time></trkpt><trkpt lat="60.231088" lon="24.978183"><ele>12.0</ele><time>2026-01-19T08:04:52Z</time></trkpt><trkpt lat="60.231087" lon="24.978153"><ele>11.8</ele><time>2026-01-19T08:04:53Z</time></trkpt><trkpt lat="60.23109" lon="24.978125"><ele>11.9</ele><time>2026-01-19T08:04:54Z</time><extensions><gpxtpx:TrackPointExtension><gpxtpx:hr>97</gpxtpx:hr></gpxtpx:TrackPointExtension></extensions></trkpt><trkpt lat="60.231093" lon="24.9781"><ele>11.8</ele><time>2026-01-19T08:04:55Z</time></trkpt><trkpt lat="60.231095" lon="24.978077"><ele>11.8</ele><time>2026-01-19T08:04:56Z</time><extensions><gpxtpx:TrackPointExtension><gpxtpx:hr>96</gpxtpx:hr></gpxtpx:TrackPointExtension></extensions></trkpt><trkpt lat="60.2311" lon="24.978052"><ele>11.8</ele><time>2026-01-19T08:04:57Z</time></trkpt><trkpt lat="60.2311" lon="24.978025"><ele>12.0</ele><time>2026-01-19T08:04:58Z</time></trkpt><trkpt lat="60.231105" lon="24.977997"><ele>12.1</ele><time>2026-01-19T08:04:59Z</time></trkpt><trkpt lat="60.231108" lon="24.977972"><ele>12.8</ele><time>2026-01-19T08:05:00Z</time></trkpt><trkpt lat="60.23111" lon="24.977945"><ele>12.8</ele><time>2026-01-19T08:05:01Z</time></trkpt><trkpt lat="60.231108" lon="24.977917"><ele>12.8</ele><time>2026-01-19T08:05:02Z</time></trkpt><trkpt lat="60.2311" lon="24.977892"><ele>12.6</ele><time>2026-01-19T08:05:03Z</time></trkpt><trkpt lat="60.2311" lon="24.977863"><ele>12.3</ele><time>2026-01-19T08:05:04Z</time><extensions><gpxtpx:TrackPointExtension><gpxtpx:hr>94</gpxtpx:hr></gpxtpx:TrackPointExtension></extensions></trkpt><trkpt lat="60.231103" lon="24.977837"><ele>12.7</ele><time>2026-01-19T08:05:05Z</time></trkpt><trkpt lat="60.23111" lon="24.977812"><ele>12.3</ele><time>2026-01-19T08:05:06Z</time></trkpt><trkpt lat="60.23111" lon="24.977782"><ele>12.1</ele><time>2026-01-19T08:05:07Z</time><extensions><gpxtpx:TrackPointExtension><gpxtpx:hr>93</gpxtpx:hr></gpxtpx:TrackPointExtension></extensions></trkpt><trkpt lat="60.231112" lon="24.977758"><ele>11.5</ele><time>2026-01-19T08:05:08Z</time></trkpt><trkpt lat="60.231113" lon="24.977725"><ele>12.2</ele><time>2026-01-19T08:05:09Z</time></trkpt><trkpt lat="60.231115" lon="24.977702"><ele>11.9</ele><time>2026-01-19T08:05:10Z</time></trkpt><trkpt lat="60.23112" lon="24.977675"><ele>12.4</ele><time>2026-01-19T08:05:11Z</time><extensions><gpxtpx:TrackPointExtension><gpxtpx:hr>94</gpxtpx:hr></gpxtpx:TrackPointExtension></extensions></trkpt><trkpt lat="60.231123" lon="24.977647"><ele>13.2</ele><time>2026-01-19T08:05:12Z</time></trkpt><trkpt lat="60.231125" lon="24.97762"><ele>13.4</ele><time>2026-01-19T08:05:13Z</time></trkpt><trkpt lat="60.231123" lon="24.977592"><ele>13.0</ele><time>2026-01-19T08:05:14Z</time></trkpt><trkpt lat="60.231128" lon="24.977565"><ele>13.0</ele><time>2026-01-19T08:05:15Z</time></trkpt><trkpt lat="60.231133" lon="24.977535"><ele>12.6</ele><time>2026-01-19T08:05:16Z</time></trkpt><trkpt lat="60.231135" lon="24.97751"><ele>13.2</ele><time>2026-01-19T08:05:17Z</time></trkpt><trkpt lat="60.231138" lon="24.977482"><ele>12.7</ele><time>2026-01-19T08:05:18Z</time></trkpt><trkpt lat="60.231138" lon="24.977453"><ele>12.8</ele><time>2026-01-19T08:05:19Z</time></trkpt><trkpt lat="60.231142" lon="24.977422"><ele>13.1</ele><time>2026-01-19T08:05:20Z</time><extensions><gpxtpx:TrackPointExtension><gpxtpx:hr>94</gpxtpx:hr></gpxtpx:TrackPointExtension></extensions></trkpt><trkpt lat="60.231142" lon="24.977398"><ele>12.6</ele><time>2026-01-19T08:05:21Z</time></trkpt><trkpt lat="60.231143" lon="24.97737"><ele>12.2</ele><time>2026-01-19T08:05:22Z</time></trkpt><trkpt lat="60.231147" lon="24.977338"><ele>12.6</ele><time>2026-01-19T08:05:23Z</time></trkpt><trkpt lat="60.231145" lon="24.97731"><ele>12.3</ele><time>2026-01-19T08:05:24Z</time><extensions><gpxtpx:TrackPointExtension><gpxtpx:hr>93</gpxtpx:hr></gpxtpx:TrackPointExtension></extensions></trkpt><trkpt lat="60.231148" lon="24.977282"><ele>12.3</ele><time>2026-01-19T08:05:25Z</time></trkpt><trkpt lat="60.231152" lon="24.977252"><ele>12.4</ele><time>2026-01-19T08:05:26Z</time></trkpt><trkpt lat="60.231153" lon="24.977222"><ele>12.5</ele><time>2026-01-19T08:05:27Z</time></trkpt><trkpt lat="60.231157" lon="24.977197"><ele>12.9</ele><time>2026-01-19T08:05:28Z</time></trkpt><trkpt lat="60.23116" lon="24.977168"><ele>12.9</ele><time>2026-01-19T08:05:29Z</time></trkpt><trkpt lat="60.231163" lon="24.977142"><ele>13.1</ele><time>2026-01-19T08:05:30Z</time><extensions><gpxtpx:TrackPointExtension><gpxtpx:hr>94</gpxtpx:hr></gpxtpx:TrackPointExtension></extensions></trkpt><trkpt lat="60.231163" lon="24.977113"><ele>12.9</ele><time>2026-01-19T08:05:31Z</time></trkpt><trkpt lat="60.231165" lon="24.97709"><ele>12.7</ele><time>2026-01-19T08:05:32Z</time><extensions><gpxtpx:TrackPointExtension><gpxtpx:hr>94</gpxtpx:hr></gpxtpx:TrackPointExtension></extensions></trkpt><trkpt lat="60.231167" lon="24.977065"><ele>12.0</ele><time>2026-01-19T08:05:33Z</time></trkpt><trkpt lat="60.231172" lon="24.977033"><ele>13.0</ele><time>2026-01-19T08:05:34Z</time></trkpt><trkpt lat="60.231173" lon="24.977005"><ele>12.8</ele><time>2026-01-19T08:05:35Z</time></trkpt><trkpt lat="60.231173" lon="24.976975"><ele>12.8</ele><time>2026-01-19T08:05:36Z</time></trkpt><trkpt lat="60.231175" lon="24.976947"><ele>13.3</ele><time>2026-01-19T08:05:37Z</time><extensions><gpxtpx:TrackPointExtension><gpxtpx:hr>95</gpxtpx:hr></gpxtpx:TrackPointExtension></extensions></trkpt><trkpt lat="60.231175" lon="24.97692"><ele>13.0</ele><time>2026-01-19T08:05:38Z</time></trkpt><trkpt lat="60.231177" lon="24.976898"><ele>13.0</ele><time>2026-01-19T08:05:39Z</time></trkpt><trkpt lat="60.23118" lon="24.976867"><ele>13.1</ele><time>2026-01-19T08:05:40Z</time></trkpt><trkpt lat="60.231182" lon="24.976835"><ele>13.5</ele><time>2026-01-19T08:05:41Z</time></trkpt><trkpt lat="60.231177" lon="24.976807"><ele>13.6</ele><time>2026-01-19T08:05:42Z</time></trkpt><trkpt lat="60.231175" lon="24.97678"><ele>13.1</ele><time>2026-01-19T08:05:43Z</time></trkpt><trkpt lat="60.231183" lon="24.97675"><ele>13.2</ele><time>2026-01-19T08:05:44Z</time></trkpt><trkpt lat="60.231188" lon="24.97672"><ele>14.1</ele><time>2026-01-19T08:05:45Z</time><extensions><gpxtpx:TrackPointExtension><gpxtpx:hr>94</gpxtpx:hr></gpxtpx:TrackPointExtension></extensions></trkpt><trkpt lat="60.231192" lon="24.976693"><ele>13.8</ele><time>2026-01-19T08:05:46Z</time></trkpt><trkpt lat="60.231193" lon="24.976665"><ele>15.2</ele><time>2026-01-19T08:05:47Z</time></trkpt><trkpt lat="60.231193" lon="24.976642"><ele>15.0</ele><time>2026-01-19T08:05:48Z</time></trkpt><trkpt lat="60.231197" lon="24.97662"><ele>14.9</ele><time>2026-01-19T08:05:49Z</time></trkpt><trkpt lat="60.231198" lon="24.976575"><ele>13.5</ele><time>2026-01-19T08:05:50Z</time><extensions><gpxtpx:TrackPointExtension><gpxtpx:hr>94</gpxtpx:hr></gpxtpx:TrackPointExtension></extensions></trkpt><trkpt lat="60.231195" lon="24.976553"><ele>13.6</ele><time>2026-01-19T08:05:51Z</time><extensions><gpxtpx:TrackPointExtension><gpxtpx:hr>94</gpxtpx:hr></gpxtpx:TrackPointExtension></extensions></trkpt><trkpt lat="60.2312" lon="24.976523"><ele>13.5</ele><time>2026-01-19T08:05:52Z</time></trkpt><trkpt lat="60.231207" lon="24.976502"><ele>14.1</ele><time>2026-01-19T08:05:53Z</time></trkpt><trkpt lat="60.231207" lon="24.976473"><ele>14.4</ele><time>2026-01-19T08:05:54Z</time></trkpt><trkpt lat="60.23121" lon="24.976443"><ele>14.8</ele><time>2026-01-19T08:05:55Z</time></trkpt><trkpt lat="60.231207" lon="24.976415"><ele>14.2</ele><time>2026-01-19T08:05:56Z</time><extensions><gpxtpx:TrackPointExtension><gpxtpx:hr>94</gpxtpx:hr></gpxtpx:TrackPointExtension></extensions></trkpt><trkpt lat="60.231202" lon="24.97639"><ele>14.7</ele><time>2026-01-19T08:05:57Z</time></trkpt><trkpt lat="60.2312" lon="24.976362"><ele>14.0</ele><time>2026-01-19T08:05:58Z</time></trkpt><trkpt lat="60.2312" lon="24.976325"><ele>14.1</ele><time>2026-01-19T08:05:59Z</time></trkpt><trkpt lat="60.2312" lon="24.9763"><ele>13.5</ele><time>2026-01-19T08:06:00Z</time></trkpt><trkpt lat="60.23121" lon="24.976267"><ele>13.4</ele><time>2026-01-19T08:06:01Z</time><extensions><gpxtpx:TrackPointExtension><gpxtpx:hr>93</gpxtpx:hr></gpxtpx:TrackPointExtension></extensions></trkpt><trkpt lat="60.231213" lon="24.97624"><ele>13.7</ele><time>2026-01-19T08:06:02Z</time></trkpt><trkpt lat="60.231213" lon="24.976207"><ele>13.6</ele><time>2026-01-19T08:06:03Z</time></trkpt><trkpt lat="60.231222" lon="24.97618"><ele>15.1</ele><time>2026-01-19T08:06:04Z</time></trkpt><trkpt lat="60.231223" lon="24.97615"><ele>15.0</ele><time>2026-01-19T08:06:05Z</time></trkpt><trkpt lat="60.23122" lon="24.976115"><ele>14.0</ele><time>2026-01-19T08:06:06Z</time></trkpt><trkpt lat="60.231223" lon="24.976087"><ele>13.2</ele><time>2026-01-19T08:06:07Z</time></trkpt><trkpt lat="60.231225" lon="24.976063"><ele>12.9</ele><time>2026-01-19T08:06:08Z</time></trkpt><trkpt lat="60.23123" lon="24.97603"><ele>14.2</ele><time>2026-01-19T08:06:09Z</time><extensions><gpxtpx:TrackPointExtension><gpxtpx:hr>93</gpxtpx:hr></gpxtpx:TrackPointExtension></extensions></trkpt><trkpt lat="60.231228" lon="24.975998"><ele>13.5</ele><time>2026-01-19T08:06:10Z</time></trkpt><trkpt lat="60.23122" lon="24.975972"><ele>15.4</ele><time>2026-01-19T08:06:11Z</time></trkpt><trkpt lat="60.231222" lon="24.975943"><ele>14.2</ele><time>2026-01-19T08:06:12Z</time></trkpt><trkpt lat="60.231217" lon="24.975917"><ele>13.7</ele><time>2026-01-19T08:06:13Z</time><extensions><gpxtpx:TrackPointExtension><gpxtpx:hr>94</gpxtpx:hr></gpxtpx:TrackPointExtension></extensions></trkpt><trkpt lat="60.231213" lon="24.97589"><ele>13.0</ele><time>2026-01-19T08:06:14Z</time></trkpt><trkpt lat="60.2312" lon="24.975935"><ele>13.0</ele><time>2026-01-19T08:06:15Z</time></trkpt><trkpt lat="60.231212" lon="24.97586"><ele>12.7</ele><time>2026-01-19T08:06:15Z</time></trkpt><trkpt lat="60.231213" lon="24.975827"><ele>12.6</ele><time>2026-01-19T08:06:16Z</time></trkpt><trkpt lat="60.231208" lon="24.975795"><ele>12.7</ele><time>2026-01-19T08:06:17Z</time></trkpt><trkpt lat="60.231215" lon="24.975758"><ele>12.7</ele><time>2026-01-19T08:06:18Z</time><extensions><gpxtpx:TrackPointExtension><gpxtpx:hr>94</gpxtpx:hr></gpxtpx:TrackPointExtension></extensions></trkpt><trkpt lat="60.231215" lon="24.975728"><ele>12.8</ele><time>2026-01-19T08:06:19Z</time></trkpt><trkpt lat="60.231208" lon="24.975695"><ele>13.2</ele><time>2026-01-19T08:06:20Z</time></trkpt><trkpt lat="60.231207" lon="24.975665"><ele>12.9</ele><time>2026-01-19T08:06:21Z</time></trkpt><trkpt lat="60.231208" lon="24.975633"><ele>13.1</ele><time>2026-01-19T08:06:22Z</time></trkpt><trkpt lat="60.231213" lon="24.975605"><ele>12.7</ele><time>2026-01-19T08:06:23Z</time></trkpt><trkpt lat="60.231215" lon="24.975577"><ele>12.9</ele><time>2026-01-19T08:06:24Z</time></trkpt><trkpt lat="60.23122" lon="24.97555"><ele>13.1</ele><time>2026-01-19T08:06:25Z</time><extensions><gpxtpx:TrackPointExtension><gpxtpx:hr>94</gpxtpx:hr></gpxtpx:TrackPointExtension></extensions></trkpt><trkpt lat="60.231225" lon="24.975522"><ele>13.2</ele><time>2026-01-19T08:06:26Z</time><extensions><gpxtpx:TrackPointExtension><gpxtpx:hr>94</gpxtpx:hr></gpxtpx:TrackPointExtension></extensions></trkpt><trkpt lat="60.231228" lon="24.975493"><ele>13.4</ele><time>2026-01-19T08:06:27Z</time></trkpt><trkpt lat="60.231217" lon="24.975467"><ele>14.0</ele><time>2026-01-19T08:06:28Z</time></trkpt><trkpt lat="60.231213" lon="24.97544"><ele>14.8</ele><time>2026-01-19T08:06:29Z</time></trkpt><trkpt lat="60.231208" lon="24.975413"><ele>14.4</ele><time>2026-01-19T08:06:30Z</time></trkpt><trkpt lat="60.231203" lon="24.975385"><ele>14.7</ele><time>2026-01-19T08:06:31Z</time><extensions><gpxtpx:TrackPointExtension><gpxtpx:hr>94</gpxtpx:hr></gpxtpx:TrackPointExtension></extensions></trkpt><trkpt lat="60.231197" lon="24.975357"><ele>14.7</ele><time>2026-01-19T08:06:32Z</time></trkpt><trkpt lat="60.231212" lon="24.97533"><ele>15.2</ele><time>2026-01-19T08:06:33Z</time></trkpt><trkpt lat="60.231218" lon="24.975298"><ele>15.0</ele><time>2026-01-19T08:06:34Z</time></trkpt><trkpt lat="60.231215" lon="24.975278"><ele>14.6</ele><time>2026-01-19T08:06:35Z</time></trkpt><trkpt lat="60.231215" lon="24.975253"><ele>14.2</ele><time>2026-01-19T08:06:36Z</time></trkpt><trkpt lat="60.231215" lon="24.975228"><ele>14.9</ele><time>2026-01-19T08:06:37Z</time></trkpt><trkpt lat="60.231213" lon="24.975193"><ele>15.1</ele><time>2026-01-19T08:06:38Z</time></trkpt><trkpt lat="60.231213" lon="24.975167"><ele>15.3</ele><time>2026-01-19T08:06:39Z</time></trkpt><trkpt lat="60.23121" lon="24.975142"><ele>15.3</ele><time>2026-01-19T08:06:40Z</time><extensions><gpxtpx:TrackPointExtension><gpxtpx:hr>93</gpxtpx:hr></gpxtpx:TrackPointExtension></extensions></trkpt><trkpt lat="60.231207" lon="24.975112"><ele>15.1</ele><time>2026-01-19T08:06:41Z</time><extensions><gpxtpx:TrackPointExtension><gpxtpx:hr>93</gpxtpx:hr></gpxtpx:TrackPointExtension></extensions></trkpt><trkpt lat="60.2312" lon="24.975087"><ele>15.1</ele><time>2026-01-19T08:06:42Z</time></trkpt><trkpt lat="60.231205" lon="24.975067"><ele>15.4</ele><time>2026-01-19T08:06:43Z</time></trkpt><trkpt lat="60.231207" lon="24.975027"><ele>16.3</ele><time>2026-01-19T08:06:44Z</time></trkpt><trkpt lat="60.231198" lon="24.974998"><ele>16.4</ele><time>2026-01-19T08:06:45Z</time></trkpt><trkpt lat="60.231202" lon="24.974968"><ele>16.4</ele><time>2026-01-19T08:06:46Z</time></trkpt><trkpt lat="60.231187" lon="24.974937"><ele>17.5</ele><time>2026-01-19T08:06:47Z</time></trkpt><trkpt lat="60.231198" lon="24.974913"><ele>17.3</ele><time>2026-01-19T08:06:48Z</time></trkpt><trkpt lat="60.231195" lon="24.974883"><ele>16.0</ele><time>2026-01-19T08:06:49Z</time></trkpt><trkpt lat="60.231193" lon="24.974853"><ele>16.6</ele><time>2026-01-19T08:06:50Z</time><extensions><gpxtpx:TrackPointExtension><gpxtpx:hr>93</gpxtpx:hr></gpxtpx:TrackPointExtension></extensions></trkpt><trkpt lat="60.23119" lon="24.974828"><ele>16.0</ele><time>2026-01-19T08:06:51Z</time></trkpt><trkpt lat="60.231192" lon="24.974798"><ele>16.4</ele><time>2026-01-19T08:06:52Z</time></trkpt><trkpt lat="60.23118" lon="24.974775"><ele>16.8</ele><time>2026-01-19T08:06:53Z</time></trkpt><trkpt lat="60.23118" lon="24.974735"><ele>17.3</ele><time>2026-01-19T08:06:54Z</time></trkpt><trkpt lat="60.231172" lon="24.974713"><ele>17.8</ele><time>2026-01-19T08:06:55Z</time><extensions><gpxtpx:TrackPointExtension><gpxtpx:hr>93</gpxtpx:hr></gpxtpx:TrackPointExtension></extensions></trkpt><trkpt lat="60.231177" lon="24.97468"><ele>18.0</ele><time>2026-01-19T08:06:56Z</time></trkpt><trkpt lat="60.23118" lon="24.974653"><ele>17.6</ele><time>2026-01-19T08:06:57Z</time><extensions><gpxtpx:TrackPointExtension><gpxtpx:hr>93</gpxtpx:hr></gpxtpx:TrackPointExtension></extensions></trkpt><trkpt lat="60.231187" lon="24.974627"><ele>16.9</ele><time>2026-01-19T08:06:58Z</time></trkpt><trkpt lat="60.231175" lon="24.9746"><ele>17.4</ele><time>2026-01-19T08:06:59Z</time></trkpt><trkpt lat="60.231175" lon="24.974578"><ele>17.6</ele><time>2026-01-19T08:07:00Z</time></trkpt><trkpt lat="60.231175" lon="24.974545"><ele>17.9</ele><time>2026-01-19T08:07:01Z</time><extensions><gpxtpx:TrackPointExtension><gpxtpx:hr>94</gpxtpx:hr></gpxtpx:TrackPointExtension></extensions></trkpt><trkpt lat="60.231178" lon="24.97451"><ele>17.3</ele><time>2026-01-19T08:07:02Z</time></trkpt><trkpt lat="60.23117" lon="24.974488"><ele>17.8</ele><time>2026-01-19T08:07:03Z</time></trkpt><trkpt lat="60.231162" lon="24.974453"><ele>17.5</ele><time>2026-01-19T08:07:04Z</time></trkpt><trkpt lat="60.231155" lon="24.974433"><ele>16.9</ele><time>2026-01-19T08:07:05Z</time></trkpt><trkpt lat="60.231147" lon="24.974405"><ele>16.6</ele><time>2026-01-19T08:07:06Z</time></trkpt><trkpt lat="60.231155" lon="24.974375"><ele>15.9</ele><time>2026-01-19T08:07:07Z</time><extensions><gpxtpx:TrackPointExtension><gpxtpx:hr>94</gpxtpx:hr></gpxtpx:TrackPointExtension></extensions></trkpt><trkpt lat="60.231158" lon="24.974332"><ele>15.4</ele><time>2026-01-19T08:07:08Z</time></trkpt><trkpt lat="60.231155" lon="24.974318"><ele>15.6</ele><time>2026-01-19T08:07:09Z</time></trkpt><trkpt lat="60.231157" lon="24.97429"><ele>16.2</ele><time>2026-01-19T08:07:10Z</time></trkpt><trkpt lat="60.231158" lon="24.974263"><ele>16.5</ele><time>2026-01-19T08:07:11Z</time></trkpt><trkpt lat="60.231152" lon="24.97423"><ele>16.3</ele><time>2026-01-19T08:07:12Z</time><extensions><gpxtpx:TrackPointExtension><gpxtpx:hr>95</gpxtpx:hr></gpxtpx:TrackPointExtension></extensions></trkpt><trkpt lat="60.231145" lon="24.97421"><ele>15.5</ele><time>2026-01-19T08:07:13Z</time></trkpt><trkpt lat="60.231138" lon="24.974173"><ele>14.8</ele><time>2026-01-19T08:07:14Z</time></trkpt><trkpt lat="60.231137" lon="24.974155"><ele>15.3</ele><time>2026-01-19T08:07:15Z</time></trkpt><trkpt lat="60.231135" lon="24.974135"><ele>16.2</ele><time>2026-01-19T08:07:16Z</time></trkpt><trkpt lat="60.231137" lon="24.974122"><ele>15.7</ele><time>2026-01-19T08:07:17Z</time></trkpt><trkpt lat="60.231132" lon="24.974092"><ele>16.1</ele><time>2026-01-19T08:07:18Z</time><extensions><gpxtpx:TrackPointExtension><gpxtpx:hr>96</gpxtpx:hr></gpxtpx:TrackPointExtension></extensions></trkpt><trkpt lat="60.231127" lon="24.974072"><ele>16.1</ele><time>2026-01-19T08:07:19Z</time></trkpt><trkpt lat="60.23113" lon="24.97404"><ele>16.6</ele><time>2026-01-19T08:07:20Z</time></trkpt><trkpt lat="60.231128" lon="24.974015"><ele>16.7</ele><time>2026-01-19T08:07:21Z</time><extensions><gpxtpx:TrackPointExtension><gpxtpx:hr>96</gpxtpx:hr></gpxtpx:TrackPointExtension></extensions></trkpt><trkpt lat="60.231122" lon="24.973987"><ele>16.7</ele><time>2026-01-19T08:07:22Z</time></trkpt><trkpt lat="60.231113" lon="24.973962"><ele>16.5</ele><time>2026-01-19T08:07:23Z</time></trkpt><trkpt lat="60.23111" lon="24.973937"><ele>16.0</ele><time>2026-01-19T08:07:24Z</time></trkpt><trkpt lat="60.231105" lon="24.973917"><ele>16.3</ele><time>2026-01-19T08:07:25Z</time></trkpt><trkpt lat="60.231102" lon="24.973885"><ele>16.1</ele><time>2026-01-19T08:07:26Z</time><extensions><gpxtpx:TrackPointExtension><gpxtpx:hr>98</gpxtpx:hr></gpxtpx:TrackPointExtension></extensions></trkpt><trkpt lat="60.231095" lon="24.97386"><ele>15.7</ele><time>2026-01-19T08:07:27Z</time></trkpt><trkpt lat="60.231092" lon="24.97383"><ele>16.0</ele><time>2026-01-19T08:07:28Z</time></trkpt><trkpt lat="60.231085" lon="24.973808"><ele>16.3</ele><time>2026-01-19T08:07:29Z</time></trkpt><trkpt lat="60.231088" lon="24.973777"><ele>16.2</ele><time>2026-01-19T08:07:30Z</time></trkpt><trkpt lat="60.23108" lon="24.973753"><ele>16.9</ele><time>2026-01-19T08:07:31Z</time></trkpt><trkpt lat="60.231072" lon="24.973728"><ele>16.4</ele><time>2026-01-19T08:07:32Z</time></trkpt><trkpt lat="60.231068" lon="24.973707"><ele>17.6</ele><time>2026-01-19T08:07:33Z</time></trkpt><trkpt lat="60.231067" lon="24.973677"><ele>17.1</ele><time>2026-01-19T08:07:34Z</time></trkpt><trkpt lat="60.231062" lon="24.973658"><ele>16.7</ele><time>2026-01-19T08:07:35Z</time><extensions><gpxtpx:TrackPointExtension><gpxtpx:hr>99</gpxtpx:hr></gpxtpx:TrackPointExtension></extensions></trkpt><trkpt lat="60.23107" lon="24.97363"><ele>17.2</ele><time>2026-01-19T08:07:36Z</time></trkpt><trkpt lat="60.231063" lon="24.973605"><ele>17.8</ele><time>2026-01-19T08:07:37Z</time></trkpt><trkpt lat="60.231057" lon="24.973583"><ele>17.8</ele><time>2026-01-19T08:07:38Z</time></trkpt><trkpt lat="60.231058" lon="24.973557"><ele>18.4</ele><time>2026-01-19T08:07:39Z</time><extensions><gpxtpx:TrackPointExtension><gpxtpx:hr>99</gpxtpx:hr></gpxtpx:TrackPointExtension></extensions></trkpt><trkpt lat="60.231053" lon="24.973523"><ele>19.1</ele><time>2026-01-19T08:07:40Z</time></trkpt><trkpt lat="60.231053" lon="24.973498"><ele>18.9</ele><time>2026-01-19T08:07:41Z</time><extensions><gpxtpx:TrackPointExtension><gpxtpx:hr>98</gpxtpx:hr></gpxtpx:TrackPointExtension></extensions></trkpt><trkpt lat="60.231055" lon="24.973472"><ele>20.2</ele><time>2026-01-19T08:07:42Z</time></trkpt><trkpt lat="60.231053" lon="24.973443"><ele>20.6</ele><time>2026-01-19T08:07:43Z</time></trkpt><trkpt lat="60.231048" lon="24.973418"><ele>19.9</ele><time>2026-01-19T08:07:44Z</time></trkpt><trkpt lat="60.231047" lon="24.97339"><ele>20.5</ele><time>2026-01-19T08:07:45Z</time></trkpt><trkpt lat="60.231045" lon="24.973367"><ele>20.3</ele><time>2026-01-19T08:07:46Z</time><extensions><gpxtpx:TrackPointExtension><gpxtpx:hr>98</gpxtpx:hr></gpxtpx:TrackPointExtension></extensions></trkpt><trkpt lat="60.231023" lon="24.973377"><ele>21.4</ele><time>2026-01-19T08:07:47Z</time></trkpt><trkpt lat="60.23102" lon="24.973347"><ele>22.4</ele><time>2026-01-19T08:07:48Z</time></trkpt><trkpt lat="60.231027" lon="24.973322"><ele>23.1</ele><time>2026-01-19T08:07:49Z</time></trkpt><trkpt lat="60.231007" lon="24.973315"><ele>23.5</ele><time>2026-01-19T08:07:50Z</time></trkpt><trkpt lat="60.231013" lon="24.973278"><ele>23.7</ele><time>2026-01-19T08:07:51Z</time></trkpt><trkpt lat="60.231025" lon="24.973222"><ele>23.7</ele><time>2026-01-19T08:07:52Z</time><extensions><gpxtpx:TrackPointExtension><gpxtpx:hr>98</gpxtpx:hr></gpxtpx:TrackPointExtension></extensions></trkpt><trkpt lat="60.231022" lon="24.97321"><ele>24.1</ele><time>2026-01-19T08:07:53Z</time></trkpt><trkpt lat="60.231022" lon="24.973183"><ele>24.9</ele><time>2026-01-19T08:07:54Z</time></trkpt><trkpt lat="60.231013" lon="24.973152"><ele>24.7</ele><time>2026-01-19T08:07:55Z</time></trkpt><trkpt lat="60.230997" lon="24.973105"><ele>23.6</ele><time>2026-01-19T08:07:56Z</time></trkpt><trkpt lat="60.230983" lon="24.973085"><ele>23.0</ele><time>2026-01-19T08:07:57Z</time><extensions><gpxtpx:TrackPointExtension><gpxtpx:hr>98</gpxtpx:hr></gpxtpx:TrackPointExtension></extensions></trkpt><trkpt lat="60.230977" lon="24.973057"><ele>23.1</ele><time>2026-01-19T08:07:58Z</time></trkpt><trkpt lat="60.230977" lon="24.973023"><ele>23.3</ele><time>2026-01-19T08:07:59Z</time></trkpt><trkpt lat="60.230973" lon="24.973002"><ele>23.7</ele><time>2026-01-19T08:08:00Z</time></trkpt><trkpt lat="60.230972" lon="24.972965"><ele>23.9</ele><time>2026-01-19T08:08:01Z</time></trkpt><trkpt lat="60.23096" lon="24.97294"><ele>23.6</ele><time>2026-01-19T08:08:02Z</time></trkpt><trkpt lat="60.230947" lon="24.972915"><ele>23.2</ele><time>2026-01-19T08:08:03Z</time><extensions><gpxtpx:TrackPointExtension><gpxtpx:hr>99</gpxtpx:hr></gpxtpx:TrackPointExtension></extensions></trkpt><trkpt lat="60.230938" lon="24.972893"><ele>23.5</ele><time>2026-01-19T08:08:04Z</time></trkpt><trkpt lat="60.230943" lon="24.972882"><ele>23.4</ele><time>2026-01-19T08:08:05Z</time></trkpt><trkpt lat="60.230937" lon="24.972855"><ele>24.0</ele><time>2026-01-19T08:08:06Z</time></trkpt><trkpt lat="60.230928" lon="24.972818"><ele>24.1</ele><time>2026-01-19T08:08:07Z</time></trkpt><trkpt lat="60.230915" lon="24.972797"><ele>23.6</ele><time>2026-01-19T08:08:08Z</time></trkpt><trkpt lat="60.230903" lon="24.972778"><ele>23.6</ele><time>2026-01-19T08:08:09Z</time></trkpt><trkpt lat="60.230888" lon="24.972758"><ele>22.8</ele><time>2026-01-19T08:08:10Z</time></trkpt><trkpt lat="60.230877" lon="24.972732"><ele>23.6</ele><time>2026-01-19T08:08:11Z</time><extensions><gpxtpx:TrackPointExtension><gpxtpx:hr>99</gpxtpx:hr></gpxtpx:TrackPointExtension></extensions></trkpt><trkpt lat="60.230865" lon="24.972708"><ele>23.3</ele><time>2026-01-19T08:08:12Z</time></trkpt><trkpt lat="60.230855" lon="24.972682"><ele>23.5</ele><time>2026-01-19T08:08:13Z</time></trkpt><trkpt lat="60.230838" lon="24.972667"><ele>22.9</ele><time>2026-01-19T08:08:14Z</time></trkpt><trkpt lat="60.230828" lon="24.972648"><ele>22.0</ele><time>2026-01-19T08:08:15Z</time><extensions><gpxtpx:TrackPointExtension><gpxtpx:hr>100</gpxtpx:hr></gpxtpx:TrackPointExtension></extensions></trkpt><trkpt lat="60.230813" lon="24.972622"><ele>21.9</ele><time>2026-01-19T08:08:16Z</time></trkpt><trkpt lat="60.230807" lon="24.972603"><ele>22.5</ele><time>2026-01-19T08:08:17Z</time></trkpt><trkpt lat="60.230793" lon="24.972583"><ele>22.6</ele><time>2026-01-19T08:08:18Z</time><extensions><gpxtpx:TrackPointExtension><gpxtpx:hr>99</gpxtpx:hr></gpxtpx:TrackPointExtension></extensions></trkpt><trkpt lat="60.230782" lon="24.972563"><ele>22.3</ele><time>2026-01-19T08:08:19Z</time></trkpt><trkpt lat="60.230768" lon="24.97255"><ele>21.9</ele><time>2026-01-19T08:08:20Z</time></trkpt><trkpt lat="60.230758" lon="24.972517"><ele>21.5</ele><time>2026-01-19T08:08:21Z</time></trkpt><trkpt lat="60.230753" lon="24.972493"><ele>21.9</ele><time>2026-01-19T08:08:22Z</time></trkpt><trkpt lat="60.230742" lon="24.97248"><ele>22.1</ele><time>2026-01-19T08:08:23Z</time></trkpt><trkpt lat="60.230733" lon="24.972458"><ele>21.6</ele><time>2026-01-19T08:08:24Z</time><extensions><gpxtpx:TrackPointExtension><gpxtpx:hr>99</gpxtpx:hr></gpxtpx:TrackPointExtension></extensions></trkpt><trkpt lat="60.230722" lon="24.972427"><ele>21.0</ele><time>2026-01-19T08:08:25Z</time></trkpt><trkpt lat="60.230717" lon="24.972412"><ele>21.0</ele><time>2026-01-19T08:08:26Z</time></trkpt><trkpt lat="60.230712" lon="24.972392"><ele>20.1</ele><time>2026-01-19T08:08:27Z</time></trkpt><trkpt lat="60.230703" lon="24.972357"><ele>19.5</ele><time>2026-01-19T08:08:28Z</time></trkpt><trkpt lat="60.230702" lon="24.972335"><ele>19.8</ele><time>2026-01-19T08:08:29Z</time></trkpt><trkpt lat="60.230685" lon="24.972313"><ele>18.4</ele><time>2026-01-19T08:08:30Z</time><extensions><gpxtpx:TrackPointExtension><gpxtpx:hr>98</gpxtpx:hr></gpxtpx:TrackPointExtension></extensions></trkpt><trkpt lat="60.230672" lon="24.972293"><ele>17.7</ele><time>2026-01-19T08:08:31Z</time></trkpt><trkpt lat="60.23066" lon="24.972267"><ele>18.0</ele><time>2026-01-19T08:08:32Z</time><extensions><gpxtpx:TrackPointExtension><gpxtpx:hr>97</gpxtpx:hr></gpxtpx:TrackPointExtension></extensions></trkpt><trkpt lat="60.230648" lon="24.972247"><ele>17.9</ele><time>2026-01-19T08:08:33Z</time></trkpt><trkpt lat="60.230633" lon="24.972233"><ele>17.1</ele><time>2026-01-19T08:08:34Z</time></trkpt><trkpt lat="60.230622" lon="24.97222"><ele>16.8</ele><time>2026-01-19T08:08:35Z</time></trkpt><trkpt lat="60.230608" lon="24.9722"><ele>17.7</ele><time>2026-01-19T08:08:36Z</time></trkpt><trkpt lat="60.2306" lon="24.97218"><ele>16.5</ele><time>2026-01-19T08:08:37Z</time><extensions><gpxtpx:TrackPointExtension><gpxtpx:hr>98</gpxtpx:hr></gpxtpx:TrackPointExtension></extensions></trkpt><trkpt lat="60.230593" lon="24.972158"><ele>16.4</ele><time>2026-01-19T08:08:38Z</time></trkpt><trkpt lat="60.230587" lon="24.97214"><ele>16.4</ele><time>2026-01-19T08:08:39Z</time></trkpt><trkpt lat="60.23058" lon="24.972117"><ele>16.1</ele><time>2026-01-19T08:08:40Z</time></trkpt><trkpt lat="60.23057" lon="24.972087"><ele>15.8</ele><time>2026-01-19T08:08:41Z</time></trkpt><trkpt lat="60.230565" lon="24.972062"><ele>15.9</ele><time>2026-01-19T08:08:42Z</time><extensions><gpxtpx:TrackPointExtension><gpxtpx:hr>98</gpxtpx:hr></gpxtpx:TrackPointExtension></extensions></trkpt><trkpt lat="60.23056" lon="24.972037"><ele>15.9</ele><time>2026-01-19T08:08:43Z</time></trkpt><trkpt lat="60.23055" lon="24.972013"><ele>15.9</ele><time>2026-01-19T08:08:44Z</time></trkpt><trkpt lat="60.230545" lon="24.971992"><ele>16.4</ele><time>2026-01-19T08:08:46Z</time></trkpt><trkpt lat="60.230535" lon="24.971973"><ele>16.5</ele><time>2026-01-19T08:08:46Z</time></trkpt><trkpt lat="60.230527" lon="24.971963"><ele>15.7</ele><time>2026-01-19T08:08:47Z</time></trkpt><trkpt lat="60.230515" lon="24.971932"><ele>15.7</ele><time>2026-01-19T08:08:48Z</time></trkpt><trkpt lat="60.230505" lon="24.971908"><ele>15.6</ele><time>2026-01-19T08:08:49Z</time></trkpt><trkpt lat="60.230497" lon="24.971882"><ele>16.1</ele><time>2026-01-19T08:08:50Z</time><extensions><gpxtpx:TrackPointExtension><gpxtpx:hr>95</gpxtpx:hr></gpxtpx:TrackPointExtension></extensions></trkpt><trkpt lat="60.230485" lon="24.97186"><ele>16.1</ele><time>2026-01-19T08:08:51Z</time></trkpt><trkpt lat="60.230475" lon="24.97184"><ele>16.0</ele><time>2026-01-19T08:08:52Z</time></trkpt><trkpt lat="60.230468" lon="24.971815"><ele>16.6</ele><time>2026-01-19T08:08:53Z</time></trkpt><trkpt lat="60.230455" lon="24.971795"><ele>16.1</ele><time>2026-01-19T08:08:54Z</time></trkpt><trkpt lat="60.23044" lon="24.971778"><ele>15.4</ele><time>2026-01-19T08:08:55Z</time><extensions><gpxtpx:TrackPointExtension><gpxtpx:hr>94</gpxtpx:hr></gpxtpx:TrackPointExtension></extensions></trkpt><trkpt lat="60.230432" lon="24.971753"><ele>15.0</ele><time>2026-01-19T08:08:56Z</time></trkpt><trkpt lat="60.23042" lon="24.971737"><ele>14.6</ele><time>2026-01-19T08:08:57Z</time></trkpt><trkpt lat="60.230408" lon="24.971717"><ele>15.4</ele><time>2026-01-19T08:08:58Z</time></trkpt><trkpt lat="60.230398" lon="24.971695"><ele>15.0</ele><time>2026-01-19T08:08:59Z</time></trkpt><trkpt lat="60.230388" lon="24.971672"><ele>14.6</ele><time>2026-01-19T08:09:00Z</time></trkpt><trkpt lat="60.230382" lon="24.971652"><ele>15.0</ele><time>2026-01-19T08:09:01Z</time><extensions><gpxtpx:TrackPointExtension><gpxtpx:hr>93</gpxtpx:hr></gpxtpx:TrackPointExtension></extensions></trkpt><trkpt lat="60.230368" lon="24.971635"><ele>14.9</ele><time>2026-01-19T08:09:02Z</time></trkpt><trkpt lat="60.230357" lon="24.97162"><ele>14.9</ele><time>2026-01-19T08:09:03Z</time></trkpt><trkpt lat="60.230348" lon="24.971598"><ele>14.8</ele><time>2026-01-19T08:09:04Z</time></trkpt><trkpt lat="60.23034" lon="24.971575"><ele>15.6</ele><time>2026-01-19T08:09:05Z</time><extensions><gpxtpx:TrackPointExtension><gpxtpx:hr>90</gpxtpx:hr></gpxtpx:TrackPointExtension></extensions></trkpt><trkpt lat="60.230332" lon="24.971557"><ele>16.0</ele><time>2026-01-19T08:09:06Z</time></trkpt><trkpt lat="60.230325" lon="24.97155"><ele>15.9</ele><time>2026-01-19T08:09:07Z</time></trkpt><trkpt lat="60.230323" lon="24.971533"><ele>17.2</ele><time>2026-01-19T08:09:08Z</time><extensions><gpxtpx:TrackPointExtension><gpxtpx:hr>91</gpxtpx:hr></gpxtpx:TrackPointExtension></extensions></trkpt><trkpt lat="60.23031" lon="24.971507"><ele>16.9</ele><time>2026-01-19T08:09:09Z</time></trkpt><trkpt lat="60.230302" lon="24.971488"><ele>16.8</ele><time>2026-01-19T08:09:10Z</time></trkpt><trkpt lat="60.230293" lon="24.971467"><ele>17.4</ele><time>2026-01-19T08:09:11Z</time></trkpt><trkpt lat="60.230287" lon="24.97144"><ele>17.4</ele><time>2026-01-19T08:09:12Z</time><extensions><gpxtpx:TrackPointExtension><gpxtpx:hr>91</gpxtpx:hr></gpxtpx:TrackPointExtension></extensions></trkpt><trkpt lat="60.230273" lon="24.971422"><ele>17.8</ele><time>2026-01-19T08:09:13Z</time></trkpt><trkpt lat="60.23026" lon="24.971403"><ele>17.5</ele><time>2026-01-19T08:09:14Z</time></trkpt><trkpt lat="60.230257" lon="24.971377"><ele>17.5</ele><time>2026-01-19T08:09:15Z</time></trkpt><trkpt lat="60.230247" lon="24.971358"><ele>17.7</ele><time>2026-01-19T08:09:16Z</time></trkpt><trkpt lat="60.230237" lon="24.971335"><ele>17.9</ele><time>2026-01-19T08:09:17Z</time><extensions><gpxtpx:TrackPointExtension><gpxtpx:hr>91</gpxtpx:hr></gpxtpx:TrackPointExtension></extensions></trkpt><trkpt lat="60.23023" lon="24.971312"><ele>18.5</ele><time>2026-01-19T08:09:18Z</time></trkpt><trkpt lat="60.23022" lon="24.971293"><ele>18.3</ele><time>2026-01-19T08:09:19Z</time></trkpt><trkpt lat="60.230222" lon="24.971252"><ele>17.8</ele><time>2026-01-19T08:09:20Z</time></trkpt><trkpt lat="60.230208" lon="24.971247"><ele>17.8</ele><time>2026-01-19T08:09:21Z</time></trkpt><trkpt lat="60.230197" lon="24.971232"><ele>18.9</ele><time>2026-01-19T08:09:22Z</time><extensions><gpxtpx:TrackPointExtension><gpxtpx:hr>94</gpxtpx:hr></gpxtpx:TrackPointExtension></extensions></trkpt><trkpt lat="60.230187" lon="24.97122"><ele>18.8</ele><time>2026-01-19T08:09:23Z</time></trkpt><trkpt lat="60.230173" lon="24.971207"><ele>19.0</ele><time>2026-01-19T08:09:24Z</time></trkpt><trkpt lat="60.230162" lon="24.971192"><ele>19.0</ele><time>2026-01-19T08:09:25Z</time></trkpt><trkpt lat="60.230153" lon="24.971177"><ele>19.8</ele><time>2026-01-19T08:09:26Z</time></trkpt><trkpt lat="60.230143" lon="24.971157"><ele>19.6</ele><time>2026-01-19T08:09:27Z</time></trkpt><trkpt lat="60.230135" lon="24.971142"><ele>20.1</ele><time>2026-01-19T08:09:28Z</time></trkpt><trkpt lat="60.230123" lon="24.971117"><ele>19.9</ele><time>2026-01-19T08:09:29Z</time><extensions><gpxtpx:TrackPointExtension><gpxtpx:hr>94</gpxtpx:hr></gpxtpx:TrackPointExtension></extensions></trkpt><trkpt lat="60.230113" lon="24.9711"><ele>19.4</ele><time>2026-01-19T08:09:30Z</time></trkpt><trkpt lat="60.230103" lon="24.971075"><ele>19.6</ele><time>2026-01-19T08:09:31Z</time></trkpt><trkpt lat="60.23009" lon="24.971058"><ele>19.0</ele><time>2026-01-19T08:09:32Z</time></trkpt><trkpt lat="60.23008" lon="24.97104"><ele>19.4</ele><time>2026-01-19T08:09:33Z</time></trkpt><trkpt lat="60.230073" lon="24.971012"><ele>20.1</ele><time>2026-01-19T08:09:34Z</time></trkpt><trkpt lat="60.23006" lon="24.970995"><ele>19.6</ele><time>2026-01-19T08:09:35Z</time></trkpt><trkpt lat="60.230048" lon="24.97098"><ele>19.3</ele><time>2026-01-19T08:09:36Z</time><extensions><gpxtpx:TrackPointExtension><gpxtpx:hr>94</gpxtpx:hr></gpxtpx:TrackPointExtension></extensions></trkpt><trkpt lat="60.23004" lon="24.97096"><ele>19.2</ele><time>2026-01-19T08:09:37Z</time><extensions><gpxtpx:TrackPointExtension><gpxtpx:hr>94</gpxtpx:hr></gpxtpx:TrackPointExtension></extensions></trkpt><trkpt lat="60.23003" lon="24.970937"><ele>19.2</ele><time>2026-01-19T08:09:38Z</time></trkpt><trkpt lat="60.23002" lon="24.970918"><ele>19.1</ele><time>2026-01-19T08:09:39Z</time></trkpt><trkpt lat="60.23001" lon="24.970902"><ele>20.0</ele><time>2026-01-19T08:09:40Z</time></trkpt><trkpt lat="60.23" lon="24.970882"><ele>19.5</ele><time>2026-01-19T08:09:41Z</time></trkpt><trkpt lat="60.229988" lon="24.970863"><ele>19.4</ele><time>2026-01-19T08:09:42Z</time></trkpt><trkpt lat="60.229977" lon="24.970842"><ele>19.3</ele><time>2026-01-19T08:09:43Z</time></trkpt><trkpt lat="60.229968" lon="24.970825"><ele>19.6</ele><time>2026-01-19T08:09:44Z</time></trkpt><trkpt lat="60.229962" lon="24.970802"><ele>19.8</ele><time>2026-01-19T08:09:45Z</time></trkpt><trkpt lat="60.229952" lon="24.970785"><ele>19.9</ele><time>2026-01-19T08:09:46Z</time><extensions><gpxtpx:TrackPointExtension><gpxtpx:hr>96</gpxtpx:hr></gpxtpx:TrackPointExtension></extensions></trkpt><trkpt lat="60.229943" lon="24.970765"><ele>20.4</ele><time>2026-01-19T08:09:47Z</time></trkpt><trkpt lat="60.229935" lon="24.97075"><ele>20.3</ele><time>2026-01-19T08:09:48Z</time></trkpt><trkpt lat="60.229925" lon="24.97073"><ele>20.2</ele><time>2026-01-19T08:09:49Z</time></trkpt><trkpt lat="60.229913" lon="24.97071"><ele>20.1</ele><time>2026-01-19T08:09:50Z</time></trkpt><trkpt lat="60.229902" lon="24.970693"><ele>20.1</ele><time>2026-01-19T08:09:51Z</time><extensions><gpxtpx:TrackPointExtension><gpxtpx:hr>96</gpxtpx:hr></gpxtpx:TrackPointExtension></extensions></trkpt><trkpt lat="60.229892" lon="24.970682"><ele>20.3</ele><time>2026-01-19T08:09:52Z</time><extensions><gpxtpx:TrackPointExtension><gpxtpx:hr>96</gpxtpx:hr></gpxtpx:TrackPointExtension></extensions></trkpt><trkpt lat="60.22988" lon="24.970663"><ele>20.6</ele><time>2026-01-19T08:09:53Z</time></trkpt><trkpt lat="60.229867" lon="24.970647"><ele>20.0</ele><time>2026-01-19T08:09:54Z</time></trkpt><trkpt lat="60.229857" lon="24.970623"><ele>19.7</ele><time>2026-01-19T08:09:55Z</time></trkpt><trkpt lat="60.229843" lon="24.97061"><ele>19.4</ele><time>2026-01-19T08:09:56Z</time></trkpt><trkpt lat="60.229833" lon="24.970587"><ele>19.5</ele><time>2026-01-19T08:09:57Z</time><extensions><gpxtpx:TrackPointExtension><gpxtpx:hr>95</gpxtpx:hr></gpxtpx:TrackPointExtension></extensions></trkpt><trkpt lat="60.229827" lon="24.970562"><ele>19.8</ele><time>2026-01-19T08:09:58Z</time></trkpt><trkpt lat="60.229817" lon="24.97054"><ele>19.7</ele><time>2026-01-19T08:09:59Z</time></trkpt><trkpt lat="60.229808" lon="24.970515"><ele>20.0</ele><time>2026-01-19T08:10:00Z</time></trkpt><trkpt lat="60.2298" lon="24.970495"><ele>19.7</ele><time>2026-01-19T08:10:01Z</time></trkpt><trkpt lat="60.229787" lon="24.970475"><ele>19.3</ele><time>2026-01-19T08:10:02Z</time></trkpt><trkpt lat="60.229773" lon="24.97046"><ele>19.1</ele><time>2026-01-19T08:10:03Z</time></trkpt><trkpt lat="60.229765" lon="24.970442"><ele>19.2</ele><time>2026-01-19T08:10:04Z</time><extensions><gpxtpx:TrackPointExtension><gpxtpx:hr>94</gpxtpx:hr></gpxtpx:TrackPointExtension></extensions></trkpt><trkpt lat="60.229753" lon="24.970425"><ele>19.0</ele><time>2026-01-19T08:10:05Z</time></trkpt><trkpt lat="60.229745" lon="24.970402"><ele>19.2</ele><time>2026-01-19T08:10:06Z</time></trkpt><trkpt lat="60.229737" lon="24.970382"><ele>19.3</ele><time>2026-01-19T08:10:07Z</time></trkpt><trkpt lat="60.229725" lon="24.97037"><ele>19.4</ele><time>2026-01-19T08:10:08Z</time></trkpt><trkpt lat="60.229717" lon="24.97035"><ele>18.9</ele><time>2026-01-19T08:10:09Z</time></trkpt><trkpt lat="60.229705" lon="24.97033"><ele>18.9</ele><time>2026-01-19T08:10:10Z</time><extensions><gpxtpx:TrackPointExtension><gpxtpx:hr>94</gpxtpx:hr></gpxtpx:TrackPointExtension></extensions></trkpt><trkpt lat="60.229695" lon="24.970313"><ele>18.9</ele><time>2026-01-19T08:10:11Z</time></trkpt><trkpt lat="60.229683" lon="24.970295"><ele>18.9</ele><time>2026-01-19T08:10:12Z</time><extensions><gpxtpx:TrackPointExtension><gpxtpx:hr>94</gpxtpx:hr></gpxtpx:TrackPointExtension></extensions></trkpt><trkpt lat="60.229675" lon="24.970273"><ele>18.9</ele><time>2026-01-19T08:10:13Z</time></trkpt><trkpt lat="60.229667" lon="24.970255"><ele>18.8</ele><time>2026-01-19T08:10:14Z</time></trkpt><trkpt lat="60.229657" lon="24.970238"><ele>19.1</ele><time>2026-01-19T08:10:15Z</time></trkpt><trkpt lat="60.229652" lon="24.970218"><ele>19.3</ele><time>2026-01-19T08:10:16Z</time></trkpt><trkpt lat="60.229642" lon="24.970202"><ele>19.7</ele><time>2026-01-19T08:10:17Z</time><extensions><gpxtpx:TrackPointExtension><gpxtpx:hr>95</gpxtpx:hr></gpxtpx:TrackPointExtension></extensions></trkpt><trkpt lat="60.229632" lon="24.970185"><ele>20.0</ele><time>2026-01-19T08:10:18Z</time></trkpt><trkpt lat="60.22962" lon="24.97017"><ele>19.0</ele><time>2026-01-19T08:10:19Z</time></trkpt><trkpt lat="60.229612" lon="24.970148"><ele>19.4</ele><time>2026-01-19T08:10:20Z</time></trkpt><trkpt lat="60.229603" lon="24.970127"><ele>19.6</ele><time>2026-01-19T08:10:21Z</time></trkpt><trkpt lat="60.229593" lon="24.970108"><ele>19.7</ele><time>2026-01-19T08:10:22Z</time></trkpt><trkpt lat="60.22958" lon="24.970095"><ele>20.3</ele><time>2026-01-19T08:10:23Z</time></trkpt><trkpt lat="60.22957" lon="24.970077"><ele>19.9</ele><time>2026-01-19T08:10:24Z</time></trkpt><trkpt lat="60.229567" lon="24.970048"><ele>20.3</ele><time>2026-01-19T08:10:25Z</time></trkpt><trkpt lat="60.229553" lon="24.970032"><ele>20.4</ele><time>2026-01-19T08:10:26Z</time><extensions><gpxtpx:TrackPointExtension><gpxtpx:hr>98</gpxtpx:hr></gpxtpx:TrackPointExtension></extensions></trkpt><trkpt lat="60.22954" lon="24.970015"><ele>20.0</ele><time>2026-01-19T08:10:27Z</time><extensions><gpxtpx:TrackPointExtension><gpxtpx:hr>98</gpxtpx:hr></gpxtpx:TrackPointExtension></extensions></trkpt><trkpt lat="60.229525" lon="24.970002"><ele>19.8</ele><time>2026-01-19T08:10:28Z</time></trkpt><trkpt lat="60.229517" lon="24.969985"><ele>19.6</ele><time>2026-01-19T08:10:29Z</time></trkpt><trkpt lat="60.229503" lon="24.969972"><ele>19.5</ele><time>2026-01-19T08:10:30Z</time></trkpt><trkpt lat="60.229493" lon="24.96995"><ele>20.4</ele><time>2026-01-19T08:10:31Z</time></trkpt><trkpt lat="60.22948" lon="24.969933"><ele>19.9</ele><time>2026-01-19T08:10:32Z</time></trkpt><trkpt lat="60.22947" lon="24.969915"><ele>20.1</ele><time>2026-01-19T08:10:33Z</time></trkpt><trkpt lat="60.229462" lon="24.96989"><ele>19.8</ele><time>2026-01-19T08:10:34Z</time></trkpt><trkpt lat="60.229452" lon="24.96987"><ele>19.8</ele><time>2026-01-19T08:10:35Z</time><extensions><gpxtpx:TrackPointExtension><gpxtpx:hr>98</gpxtpx:hr></gpxtpx:TrackPointExtension></extensions></trkpt><trkpt lat="60.229442" lon="24.969848"><ele>19.4</ele><time>2026-01-19T08:10:36Z</time></trkpt><trkpt lat="60.229433" lon="24.969833"><ele>19.1</ele><time>2026-01-19T08:10:37Z</time></trkpt><trkpt lat="60.22942" lon="24.969815"><ele>18.9</ele><time>2026-01-19T08:10:38Z</time><extensions><gpxtpx:TrackPointExtension><gpxtpx:hr>97</gpxtpx:hr></gpxtpx:TrackPointExtension></extensions></trkpt><trkpt lat="60.22941" lon="24.969797"><ele>19.4</ele><time>2026-01-19T08:10:39Z</time></trkpt><trkpt lat="60.229402" lon="24.969778"><ele>19.3</ele><time>2026-01-19T08:10:40Z</time></trkpt><trkpt lat="60.229388" lon="24.96976"><ele>19.3</ele><time>2026-01-19T08:10:41Z</time></trkpt><trkpt lat="60.22938" lon="24.96975"><ele>19.3</ele><time>2026-01-19T08:10:42Z</time></trkpt><trkpt lat="60.22937" lon="24.969732"><ele>19.0</ele><time>2026-01-19T08:10:43Z</time></trkpt><trkpt lat="60.229363" lon="24.96971"><ele>19.5</ele><time>2026-01-19T08:10:44Z</time><extensions><gpxtpx:TrackPointExtension><gpxtpx:hr>96</gpxtpx:hr></gpxtpx:TrackPointExtension></extensions></trkpt><trkpt lat="60.229352" lon="24.969692"><ele>19.2</ele><time>2026-01-19T08:10:45Z</time></trkpt><trkpt lat="60.22934" lon="24.969678"><ele>19.5</ele><time>2026-01-19T08:10:46Z</time></trkpt><trkpt lat="60.229332" lon="24.969653"><ele>19.9</ele><time>2026-01-19T08:10:47Z</time><extensions><gpxtpx:TrackPointExtension><gpxtpx:hr>97</gpxtpx:hr></gpxtpx:TrackPointExtension></extensions></trkpt><trkpt lat="60.229323" lon="24.969632"><ele>20.1</ele><time>2026-01-19T08:10:48Z</time></trkpt><trkpt lat="60.229308" lon="24.969612"><ele>19.8</ele><time>2026-01-19T08:10:49Z</time></trkpt><trkpt lat="60.229303" lon="24.969588"><ele>19.9</ele><time>2026-01-19T08:10:50Z</time></trkpt><trkpt lat="60.229295" lon="24.969565"><ele>20.1</ele><time>2026-01-19T08:10:51Z</time></trkpt><trkpt lat="60.229288" lon="24.969535"><ele>20.0</ele><time>2026-01-19T08:10:52Z</time></trkpt><trkpt lat="60.22928" lon="24.969515"><ele>19.9</ele><time>2026-01-19T08:10:53Z</time></trkpt><trkpt lat="60.229275" lon="24.969493"><ele>20.9</ele><time>2026-01-19T08:10:54Z</time><extensions><gpxtpx:TrackPointExtension><gpxtpx:hr>97</gpxtpx:hr></gpxtpx:TrackPointExtension></extensions></trkpt><trkpt lat="60.229265" lon="24.969475"><ele>21.6</ele><time>2026-01-19T08:10:55Z</time></trkpt><trkpt lat="60.229252" lon="24.969457"><ele>21.2</ele><time>2026-01-19T08:10:56Z</time></trkpt><trkpt lat="60.229242" lon="24.96944"><ele>20.8</ele><time>2026-01-19T08:10:57Z</time></trkpt><trkpt lat="60.229232" lon="24.969413"><ele>21.1</ele><time>2026-01-19T08:10:58Z</time></trkpt><trkpt lat="60.229223" lon="24.969392"><ele>21.0</ele><time>2026-01-19T08:10:59Z</time></trkpt><trkpt lat="60.229212" lon="24.969375"><ele>21.2</ele><time>2026-01-19T08:11:00Z</time></trkpt><trkpt lat="60.229198" lon="24.969362"><ele>21.4</ele><time>2026-01-19T08:11:01Z</time><extensions><gpxtpx:TrackPointExtension><gpxtpx:hr>96</gpxtpx:hr></gpxtpx:TrackPointExtension></extensions></trkpt><trkpt lat="60.229187" lon="24.969345"><ele>21.3</ele><time>2026-01-19T08:11:02Z</time><extensions><gpxtpx:TrackPointExtension><gpxtpx:hr>97</gpxtpx:hr></gpxtpx:TrackPointExtension></extensions></trkpt><trkpt lat="60.229175" lon="24.96933"><ele>21.4</ele><time>2026-01-19T08:11:03Z</time></trkpt><trkpt lat="60.229162" lon="24.969315"><ele>21.3</ele><time>2026-01-19T08:11:04Z</time></trkpt><trkpt lat="60.22915" lon="24.969305"><ele>21.2</ele><time>2026-01-19T08:11:05Z</time></trkpt><trkpt lat="60.22914" lon="24.96929"><ele>20.9</ele><time>2026-01-19T08:11:06Z</time></trkpt><trkpt lat="60.22913" lon="24.969265"><ele>20.9</ele><time>2026-01-19T08:11:07Z</time><extensions><gpxtpx:TrackPointExtension><gpxtpx:hr>98</gpxtpx:hr></gpxtpx:TrackPointExtension></extensions></trkpt><trkpt lat="60.229122" lon="24.96924"><ele>20.8</ele><time>2026-01-19T08:11:08Z</time></trkpt><trkpt lat="60.229112" lon="24.96922"><ele>20.2</ele><time>2026-01-19T08:11:09Z</time></trkpt><trkpt lat="60.229103" lon="24.969198"><ele>20.7</ele><time>2026-01-19T08:11:10Z</time></trkpt><trkpt lat="60.229088" lon="24.969188"><ele>20.8</ele><time>2026-01-19T08:11:11Z</time></trkpt><trkpt lat="60.229078" lon="24.969175"><ele>20.7</ele><time>2026-01-19T08:11:12Z</time></trkpt><trkpt lat="60.229062" lon="24.969172"><ele>20.3</ele><time>2026-01-19T08:11:13Z</time></trkpt><trkpt lat="60.229047" lon="24.969167"><ele>21.3</ele><time>2026-01-19T08:11:14Z</time></trkpt><trkpt lat="60.22903" lon="24.969162"><ele>21.3</ele><time>2026-01-19T08:11:15Z</time></trkpt><trkpt lat="60.229025" lon="24.969133"><ele>21.3</ele><time>2026-01-19T08:11:16Z</time><extensions><gpxtpx:TrackPointExtension><gpxtpx:hr>100</gpxtpx:hr></gpxtpx:TrackPointExtension></extensions></trkpt><trkpt lat="60.229017" lon="24.969112"><ele>20.8</ele><time>2026-01-19T08:11:17Z</time></trkpt><trkpt lat="60.229007" lon="24.969088"><ele>21.1</ele><time>2026-01-19T08:11:18Z</time><extensions><gpxtpx:TrackPointExtension><gpxtpx:hr>100</gpxtpx:hr></gpxtpx:TrackPointExtension></extensions></trkpt><trkpt lat="60.229" lon="24.969068"><ele>20.8</ele><time>2026-01-19T08:11:19Z</time></trkpt><trkpt lat="60.228992" lon="24.969047"><ele>20.9</ele><time>2026-01-19T08:11:20Z</time></trkpt><trkpt lat="60.22898" lon="24.969033"><ele>20.4</ele><time>2026-01-19T08:11:21Z</time></trkpt><trkpt lat="60.228972" lon="24.96901"><ele>20.7</ele><time>2026-01-19T08:11:22Z</time></trkpt><trkpt lat="60.228963" lon="24.968987"><ele>20.8</ele><time>2026-01-19T08:11:23Z</time></trkpt><trkpt lat="60.228955" lon="24.968967"><ele>20.6</ele><time>2026-01-19T08:11:24Z</time></trkpt><trkpt lat="60.228943" lon="24.968948"><ele>20.3</ele><time>2026-01-19T08:11:25Z</time></trkpt><trkpt lat="60.228937" lon="24.968927"><ele>20.5</ele><time>2026-01-19T08:11:26Z</time><extensions><gpxtpx:TrackPointExtension><gpxtpx:hr>100</gpxtpx:hr></gpxtpx:TrackPointExtension></extensions></trkpt><trkpt lat="60.22893" lon="24.968907"><ele>21.5</ele><time>2026-01-19T08:11:27Z</time></trkpt><trkpt lat="60.22892" lon="24.96889"><ele>21.3</ele><time>2026-01-19T08:11:28Z</time><extensions><gpxtpx:TrackPointExtension><gpxtpx:hr>99</gpxtpx:hr></gpxtpx:TrackPointExtension></extensions></trkpt><trkpt lat="60.228912" lon="24.968872"><ele>21.5</ele><time>2026-01-19T08:11:29Z</time></trkpt><trkpt lat="60.228903" lon="24.968853"><ele>21.4</ele><time>2026-01-19T08:11:30Z</time></trkpt><trkpt lat="60.228895" lon="24.96884"><ele>21.9</ele><time>2026-01-19T08:11:31Z</time></trkpt><trkpt lat="60.22889" lon="24.968808"><ele>21.9</ele><time>2026-01-19T08:11:32Z</time></trkpt><trkpt lat="60.228885" lon="24.968778"><ele>21.7</ele><time>2026-01-19T08:11:33Z</time></trkpt><trkpt lat="60.228878" lon="24.968757"><ele>21.9</ele><time>2026-01-19T08:11:34Z</time><extensions><gpxtpx:TrackPointExtension><gpxtpx:hr>97</gpxtpx:hr></gpxtpx:TrackPointExtension></extensions></trkpt><trkpt lat="60.22887" lon="24.968737"><ele>21.6</ele><time>2026-01-19T08:11:35Z</time></trkpt><trkpt lat="60.228858" lon="24.968722"><ele>21.6</ele><time>2026-01-19T08:11:36Z</time></trkpt><trkpt lat="60.228847" lon="24.968697"><ele>21.6</ele><time>2026-01-19T08:11:37Z</time><extensions><gpxtpx:TrackPointExtension><gpxtpx:hr>98</gpxtpx:hr></gpxtpx:TrackPointExtension></extensions></trkpt><trkpt lat="60.22884" lon="24.96867"><ele>21.8</ele><time>2026-01-19T08:11:38Z</time></trkpt><trkpt lat="60.228828" lon="24.968658"><ele>21.8</ele><time>2026-01-19T08:11:39Z</time></trkpt><trkpt lat="60.228817" lon="24.968643"><ele>22.0</ele><time>2026-01-19T08:11:40Z</time></trkpt><trkpt lat="60.228807" lon="24.968628"><ele>21.9</ele><time>2026-01-19T08:11:41Z</time></trkpt><trkpt lat="60.228798" lon="24.968612"><ele>22.5</ele><time>2026-01-19T08:11:42Z</time></trkpt><trkpt lat="60.22879" lon="24.968593"><ele>23.0</ele><time>2026-01-19T08:11:43Z</time></trkpt><trkpt lat="60.228778" lon="24.968578"><ele>22.9</ele><time>2026-01-19T08:11:44Z</time></trkpt><trkpt lat="60.228768" lon="24.968557"><ele>22.5</ele><time>2026-01-19T08:11:45Z</time><extensions><gpxtpx:TrackPointExtension><gpxtpx:hr>98</gpxtpx:hr></gpxtpx:TrackPointExtension></extensions></trkpt><trkpt lat="60.22876" lon="24.968533"><ele>22.1</ele><time>2026-01-19T08:11:46Z</time></trkpt><trkpt lat="60.22875" lon="24.968505"><ele>22.8</ele><time>2026-01-19T08:11:47Z</time></trkpt><trkpt lat="60.228742" lon="24.968478"><ele>23.0</ele><time>2026-01-19T08:11:48Z</time><extensions><gpxtpx:TrackPointExtension><gpxtpx:hr>97</gpxtpx:hr></gpxtpx:TrackPointExtension></extensions></trkpt><trkpt lat="60.228735" lon="24.968457"><ele>23.4</ele><time>2026-01-19T08:11:49Z</time></trkpt><trkpt lat="60.228727" lon="24.968433"><ele>23.0</ele><time>2026-01-19T08:11:50Z</time></trkpt><trkpt lat="60.228717" lon="24.968408"><ele>22.1</ele><time>2026-01-19T08:11:51Z</time></trkpt><trkpt lat="60.228712" lon="24.968392"><ele>22.8</ele><time>2026-01-19T08:11:52Z</time></trkpt><trkpt lat="60.228698" lon="24.968372"><ele>22.8</ele><time>2026-01-19T08:11:53Z</time></trkpt><trkpt lat="60.228685" lon="24.968355"><ele>21.6</ele><time>2026-01-19T08:11:54Z</time></trkpt><trkpt lat="60.228675" lon="24.968337"><ele>21.5</ele><time>2026-01-19T08:11:55Z</time><extensions><gpxtpx:TrackPointExtension><gpxtpx:hr>95</gpxtpx:hr></gpxtpx:TrackPointExtension></extensions></trkpt><trkpt lat="60.228667" lon="24.968313"><ele>21.6</ele><time>2026-01-19T08:11:56Z</time></trkpt><trkpt lat="60.228657" lon="24.968293"><ele>22.1</ele><time>2026-01-19T08:11:57Z</time></trkpt><trkpt lat="60.228647" lon="24.968277"><ele>21.7</ele><time>2026-01-19T08:11:58Z</time></trkpt><trkpt lat="60.228637" lon="24.96826"><ele>22.0</ele><time>2026-01-19T08:11:59Z</time></trkpt><trkpt lat="60.228627" lon="24.96824"><ele>21.7</ele><time>2026-01-19T08:12:00Z</time></trkpt><trkpt lat="60.228617" lon="24.968223"><ele>21.3</ele><time>2026-01-19T08:12:01Z</time><extensions><gpxtpx:TrackPointExtension><gpxtpx:hr>95</gpxtpx:hr></gpxtpx:TrackPointExtension></extensions></trkpt><trkpt lat="60.228608" lon="24.968198"><ele>21.4</ele><time>2026-01-19T08:12:02Z</time></trkpt><trkpt lat="60.228598" lon="24.968182"><ele>21.2</ele><time>2026-01-19T08:12:03Z</time><extensions><gpxtpx:TrackPointExtension><gpxtpx:hr>95</gpxtpx:hr></gpxtpx:TrackPointExtension></extensions></trkpt><trkpt lat="60.228587" lon="24.968158"><ele>20.8</ele><time>2026-01-19T08:12:04Z</time></trkpt><trkpt lat="60.228582" lon="24.968137"><ele>21.5</ele><time>2026-01-19T08:12:05Z</time></trkpt><trkpt lat="60.22857" lon="24.96812"><ele>21.2</ele><time>2026-01-19T08:12:06Z</time></trkpt><trkpt lat="60.228563" lon="24.9681"><ele>21.2</ele><time>2026-01-19T08:12:07Z</time></trkpt><trkpt lat="60.228558" lon="24.96808"><ele>21.1</ele><time>2026-01-19T08:12:08Z</time></trkpt><trkpt lat="60.228548" lon="24.968062"><ele>21.1</ele><time>2026-01-19T08:12:09Z</time></trkpt><trkpt lat="60.228538" lon="24.968047"><ele>21.0</ele><time>2026-01-19T08:12:10Z</time><extensions><gpxtpx:TrackPointExtension><gpxtpx:hr>96</gpxtpx:hr></gpxtpx:TrackPointExtension></extensions></trkpt><trkpt lat="60.228528" lon="24.968027"><ele>20.9</ele><time>2026-01-19T08:12:11Z</time></trkpt><trkpt lat="60.22852" lon="24.968012"><ele>20.5</ele><time>2026-01-19T08:12:12Z</time></trkpt><trkpt lat="60.228512" lon="24.967997"><ele>20.1</ele><time>2026-01-19T08:12:13Z</time></trkpt><trkpt lat="60.228505" lon="24.967982"><ele>19.9</ele><time>2026-01-19T08:12:14Z</time></trkpt><trkpt lat="60.228497" lon="24.967968"><ele>20.3</ele><time>2026-01-19T08:12:15Z</time><extensions><gpxtpx:TrackPointExtension><gpxtpx:hr>95</gpxtpx:hr></gpxtpx:TrackPointExtension></extensions></trkpt><trkpt lat="60.228492" lon="24.96796"><ele>21.0</ele><time>2026-01-19T08:12:16Z</time></trkpt><trkpt lat="60.228482" lon="24.967963"><ele>20.0</ele><time>2026-01-19T08:12:17Z</time></trkpt><trkpt lat="60.228473" lon="24.967957"><ele>19.9</ele><time>2026-01-19T08:12:18Z</time></trkpt><trkpt lat="60.228468" lon="24.967948"><ele>19.6</ele><time>2026-01-19T08:12:19Z</time></trkpt><trkpt lat="60.228467" lon="24.967948"><ele>19.7</ele><time>2026-01-19T08:12:20Z</time></trkpt><trkpt lat="60.228465" lon="24.96795"><ele>19.3</ele><time>2026-01-19T08:12:21Z</time><extensions><gpxtpx:TrackPointExtension><gpxtpx:hr>95</gpxtpx:hr></gpxtpx:TrackPointExtension></extensions></trkpt><trkpt lat="60.228458" lon="24.967942"><ele>19.1</ele><time>2026-01-19T08:12:22Z</time></trkpt><trkpt lat="60.228443" lon="24.967933"><ele>18.3</ele><time>2026-01-19T08:12:23Z</time></trkpt><trkpt lat="60.228437" lon="24.967945"><ele>18.0</ele><time>2026-01-19T08:12:24Z</time></trkpt><trkpt lat="60.228417" lon="24.967945"><ele>17.6</ele><time>2026-01-19T08:12:25Z</time></trkpt><trkpt lat="60.228413" lon="24.967935"><ele>17.3</ele><time>2026-01-19T08:12:26Z</time><extensions><gpxtpx:TrackPointExtension><gpxtpx:hr>94</gpxtpx:hr></gpxtpx:TrackPointExtension></extensions></trkpt><trkpt lat="60.228417" lon="24.967918"><ele>17.6</ele><time>2026-01-19T08:12:27Z</time><extensions><gpxtpx:TrackPointExtension><gpxtpx:hr>94</gpxtpx:hr></gpxtpx:TrackPointExtension></extensions></trkpt><trkpt lat="60.22841" lon="24.96791"><ele>17.4</ele><time>2026-01-19T08:12:28Z</time></trkpt><trkpt lat="60.228403" lon="24.967883"><ele>17.2</ele><time>2026-01-19T08:12:29Z</time></trkpt><trkpt lat="60.228397" lon="24.967877"><ele>16.5</ele><time>2026-01-19T08:12:30Z</time></trkpt><trkpt lat="60.2284" lon="24.967863"><ele>16.5</ele><time>2026-01-19T08:12:31Z</time></trkpt><trkpt lat="60.228398" lon="24.967857"><ele>16.1</ele><time>2026-01-19T08:12:32Z</time></trkpt><trkpt lat="60.228395" lon="24.967853"><ele>15.6</ele><time>2026-01-19T08:12:33Z</time></trkpt><trkpt lat="60.228388" lon="24.967845"><ele>15.1</ele><time>2026-01-19T08:12:34Z</time></trkpt><trkpt lat="60.228387" lon="24.967827"><ele>14.8</ele><time>2026-01-19T08:12:35Z</time><extensions><gpxtpx:TrackPointExtension><gpxtpx:hr>93</gpxtpx:hr></gpxtpx:TrackPointExtension></extensions></trkpt><trkpt lat="60.228385" lon="24.967817"><ele>15.2</ele><time>2026-01-19T08:12:36Z</time></trkpt><trkpt lat="60.228382" lon="24.967803"><ele>15.0</ele><time>2026-01-19T08:12:37Z</time><extensions><gpxtpx:TrackPointExtension><gpxtpx:hr>94</gpxtpx:hr></gpxtpx:TrackPointExtension></extensions></trkpt><trkpt lat="60.22838" lon="24.9678"><ele>15.2</ele><time>2026-01-19T08:12:38Z</time></trkpt><trkpt lat="60.228373" lon="24.967802"><ele>15.0</ele><time>2026-01-19T08:12:39Z</time></trkpt><trkpt lat="60.22837" lon="24.967787"><ele>15.4</ele><time>2026-01-19T08:12:40Z</time></trkpt><trkpt lat="60.228363" lon="24.967772"><ele>15.2</ele><time>2026-01-19T08:12:41Z</time></trkpt><trkpt lat="60.228418" lon="24.967652"><ele>15.2</ele><time>2026-01-19T08:12:42Z</time></trkpt><trkpt lat="60.228437" lon="24.967612"><ele>15.4</ele><time>2026-01-19T08:12:43Z</time></trkpt><trkpt lat="60.228418" lon="24.967547"><ele>15.5</ele><time>2026-01-19T08:12:44Z</time></trkpt><trkpt lat="60.228415" lon="24.967612"><ele>15.7</ele><time>2026-01-19T08:12:45Z</time><extensions><gpxtpx:TrackPointExtension><gpxtpx:hr>93</gpxtpx:hr></gpxtpx:TrackPointExtension></extensions></trkpt><trkpt lat="60.228425" lon="24.967625"><ele>15.3</ele><time>2026-01-19T08:12:46Z</time></trkpt><trkpt lat="60.228447" lon="24.96762"><ele>14.7</ele><time>2026-01-19T08:12:47Z</time></trkpt><trkpt lat="60.228468" lon="24.967593"><ele>14.9</ele><time>2026-01-19T08:12:48Z</time></trkpt><trkpt lat="60.228467" lon="24.967583"><ele>15.2</ele><time>2026-01-19T08:12:49Z</time></trkpt><trkpt lat="60.228467" lon="24.967583"><ele>15.5</ele><time>2026-01-19T08:12:50Z</time><extensions><gpxtpx:TrackPointExtension><gpxtpx:hr>93</gpxtpx:hr></gpxtpx:TrackPointExtension></extensions></trkpt><trkpt lat="60.22847" lon="24.967577"><ele>16.3</ele><time>2026-01-19T08:12:51Z</time></trkpt><trkpt lat="60.228472" lon="24.967577"><ele>15.7</ele><time>2026-01-19T08:12:52Z</time></trkpt><trkpt lat="60.22847" lon="24.967573"><ele>15.5</ele><time>2026-01-19T08:12:53Z</time></trkpt><trkpt lat="60.228472" lon="24.96757"><ele>15.8</ele><time>2026-01-19T08:12:54Z</time></trkpt><trkpt lat="60.228475" lon="24.967563"><ele>15.5</ele><time>2026-01-19T08:12:55Z</time></trkpt><trkpt lat="60.228482" lon="24.967552"><ele>15.9</ele><time>2026-01-19T08:12:56Z</time><extensions><gpxtpx:TrackPointExtension><gpxtpx:hr>94</gpxtpx:hr></gpxtpx:TrackPointExtension></extensions></trkpt><trkpt lat="60.228485" lon="24.967543"><ele>16.2</ele><time>2026-01-19T08:12:57Z</time></trkpt><trkpt lat="60.22858" lon="24.967403"><ele>23.2</ele><time>2026-01-19T08:13:15Z</time><extensions><gpxtpx:TrackPointExtension><gpxtpx:hr>92</gpxtpx:hr></gpxtpx:TrackPointExtension></extensions></trkpt><trkpt lat="60.22858" lon="24.967403"><ele>23.2</ele><time>2026-01-19T08:13:06Z</time><extensions><gpxtpx:TrackPointExtension><gpxtpx:hr>92</gpxtpx:hr></gpxtpx:TrackPointExtension></extensions></trkpt><trkpt lat="60.22858" lon="24.967403"><ele>23.2</ele><time>2026-01-19T08:13:11Z</time><extensions><gpxtpx:TrackPointExtension><gpxtpx:hr>92</gpxtpx:hr></gpxtpx:TrackPointExtension></extensions></trkpt><trkpt lat="60.22858" lon="24.967403"><ele>23.2</ele><time>2026-01-19T08:13:12Z</time><extensions><gpxtpx:TrackPointExtension><gpxtpx:hr>92</gpxtpx:hr></gpxtpx:TrackPointExtension></extensions></trkpt><trkpt lat="60.228893" lon="24.966372"><ele>-3.8</ele><time>2026-01-19T08:13:23Z</time><extensions><gpxtpx:TrackPointExtension><gpxtpx:hr>91</gpxtpx:hr></gpxtpx:TrackPointExtension></extensions></trkpt><trkpt lat="60.228893" lon="24.966372"><ele>-3.8</ele><time>2026-01-19T08:13:23Z</time><extensions><gpxtpx:TrackPointExtension><gpxtpx:hr>91</gpxtpx:hr></gpxtpx:TrackPointExtension></extensions></trkpt><trkpt lat="60.22891" lon="24.96633"><ele>-3.4</ele><time>2026-01-19T08:13:24Z</time></trkpt><trkpt lat="60.228853" lon="24.966368"><ele>16.9</ele><time>2026-01-19T08:13:26Z</time></trkpt><trkpt lat="60.228872" lon="24.966728"><ele>16.2</ele><time>2026-01-19T08:13:27Z</time></trkpt><trkpt lat="60.228837" lon="24.966815"><ele>15.9</ele><time>2026-01-19T08:13:28Z</time><extensions><gpxtpx:TrackPointExtension><gpxtpx:hr>91</gpxtpx:hr></gpxtpx:TrackPointExtension></extensions></trkpt><trkpt lat="60.228832" lon="24.966793"><ele>16.3</ele><time>2026-01-19T08:13:29Z</time></trkpt><trkpt lat="60.228862" lon="24.966842"><ele>25.3</ele><time>2026-01-19T08:13:31Z</time></trkpt><trkpt lat="60.228862" lon="24.96674"><ele>25.1</ele><time>2026-01-19T08:13:32Z</time><extensions><gpxtpx:TrackPointExtension><gpxtpx:hr>92</gpxtpx:hr></gpxtpx:TrackPointExtension></extensions></trkpt><trkpt lat="60.228862" lon="24.966705"><ele>25.6</ele><time>2026-01-19T08:13:33Z</time></trkpt><trkpt lat="60.228878" lon="24.966705"><ele>26.4</ele><time>2026-01-19T08:13:34Z</time></trkpt><trkpt lat="60.228893" lon="24.966693"><ele>26.4</ele><time>2026-01-19T08:13:35Z</time></trkpt><trkpt lat="60.228907" lon="24.966677"><ele>26.7</ele><time>2026-01-19T08:13:36Z</time></trkpt><trkpt lat="60.228922" lon="24.966665"><ele>26.6</ele><time>2026-01-19T08:13:37Z</time><extensions><gpxtpx:TrackPointExtension><gpxtpx:hr>94</gpxtpx:hr></gpxtpx:TrackPointExtension></extensions></trkpt><trkpt lat="60.228937" lon="24.966642"><ele>26.6</ele><time>2026-01-19T08:13:38Z</time></trkpt><trkpt lat="60.228948" lon="24.96662"><ele>26.4</ele><time>2026-01-19T08:13:39Z</time></trkpt><trkpt lat="60.22896" lon="24.966607"><ele>26.0</ele><time>2026-01-19T08:13:40Z</time></trkpt><trkpt lat="60.228972" lon="24.966598"><ele>26.0</ele><time>2026-01-19T08:13:41Z</time></trkpt><trkpt lat="60.228978" lon="24.966595"><ele>26.3</ele><time>2026-01-19T08:13:42Z</time></trkpt><trkpt lat="60.228997" lon="24.966603"><ele>26.2</ele><time>2026-01-19T08:13:43Z</time></trkpt><trkpt lat="60.229003" lon="24.966603"><ele>26.1</ele><time>2026-01-19T08:13:44Z</time></trkpt><trkpt lat="60.229013" lon="24.966607"><ele>26.4</ele><time>2026-01-19T08:13:45Z</time><extensions><gpxtpx:TrackPointExtension><gpxtpx:hr>96</gpxtpx:hr></gpxtpx:TrackPointExtension></extensions></trkpt><trkpt lat="60.229023" lon="24.966613"><ele>26.4</ele><time>2026-01-19T08:13:46Z</time></trkpt><trkpt lat="60.229033" lon="24.966625"><ele>26.6</ele><time>2026-01-19T08:13:47Z</time><extensions><gpxtpx:TrackPointExtension><gpxtpx:hr>97</gpxtpx:hr></gpxtpx:TrackPointExtension></extensions></trkpt><trkpt lat="60.229043" lon="24.96663"><ele>26.8</ele><time>2026-01-19T08:13:48Z</time></trkpt><trkpt lat="60.229052" lon="24.966642"><ele>27.1</ele><time>2026-01-19T08:13:49Z</time></trkpt><trkpt lat="60.229062" lon="24.966653"><ele>27.4</ele><time>2026-01-19T08:13:50Z</time></trkpt><trkpt lat="60.22907" lon="24.966677"><ele>27.5</ele><time>2026-01-19T08:13:51Z</time></trkpt><trkpt lat="60.22908" lon="24.96669"><ele>27.7</ele><time>2026-01-19T08:13:52Z</time><extensions><gpxtpx:TrackPointExtension><gpxtpx:hr>97</gpxtpx:hr></gpxtpx:TrackPointExtension></extensions></trkpt><trkpt lat="60.22909" lon="24.966708"><ele>27.4</ele><time>2026-01-19T08:13:53Z</time></trkpt><trkpt lat="60.229097" lon="24.966722"><ele>27.6</ele><time>2026-01-19T08:13:54Z</time></trkpt><trkpt lat="60.229103" lon="24.966737"><ele>27.3</ele><time>2026-01-19T08:13:55Z</time></trkpt><trkpt lat="60.229112" lon="24.96675"><ele>27.4</ele><time>2026-01-19T08:13:56Z</time></trkpt><trkpt lat="60.229118" lon="24.966762"><ele>27.3</ele><time>2026-01-19T08:13:57Z</time></trkpt><trkpt lat="60.229125" lon="24.966772"><ele>27.2</ele><time>2026-01-19T08:13:58Z</time></trkpt><trkpt lat="60.229132" lon="24.966783"><ele>27.2</ele><time>2026-01-19T08:13:59Z</time><extensions><gpxtpx:TrackPointExtension><gpxtpx:hr>101</gpxtpx:hr></gpxtpx:TrackPointExtension></extensions></trkpt><trkpt lat="60.229142" lon="24.966797"><ele>27.3</ele><time>2026-01-19T08:14:00Z</time></trkpt><trkpt lat="60.229128" lon="24.966822"><ele>23.4</ele><time>2026-01-19T08:14:01Z</time></trkpt><trkpt lat="60.22914" lon="24.966827"><ele>23.1</ele><time>2026-01-19T08:14:02Z</time></trkpt><trkpt lat="60.229153" lon="24.966823"><ele>22.5</ele><time>2026-01-19T08:14:03Z</time><extensions><gpxtpx:TrackPointExtension><gpxtpx:hr>102</gpxtpx:hr></gpxtpx:TrackPointExtension></extensions></trkpt><trkpt lat="60.229165" lon="24.96683"><ele>21.9</ele><time>2026-01-19T08:14:04Z</time></trkpt><trkpt lat="60.229177" lon="24.966837"><ele>22.0</ele><time>2026-01-19T08:14:05Z</time></trkpt><trkpt lat="60.229185" lon="24.966843"><ele>22.0</ele><time>2026-01-19T08:14:06Z</time></trkpt><trkpt lat="60.229192" lon="24.966843"><ele>22.0</ele><time>2026-01-19T08:14:07Z</time></trkpt><trkpt lat="60.229202" lon="24.966845"><ele>22.7</ele><time>2026-01-19T08:14:08Z</time></trkpt><trkpt lat="60.229218" lon="24.96685"><ele>22.2</ele><time>2026-01-19T08:14:09Z</time><extensions><gpxtpx:TrackPointExtension><gpxtpx:hr>103</gpxtpx:hr></gpxtpx:TrackPointExtension></extensions></trkpt><trkpt lat="60.229232" lon="24.966837"><ele>22.2</ele><time>2026-01-19T08:14:10Z</time></trkpt><trkpt lat="60.22924" lon="24.966832"><ele>21.9</ele><time>2026-01-19T08:14:11Z</time></trkpt><trkpt lat="60.229252" lon="24.966838"><ele>21.2</ele><time>2026-01-19T08:14:12Z</time></trkpt><trkpt lat="60.229262" lon="24.96684"><ele>20.9</ele><time>2026-01-19T08:14:13Z</time></trkpt><trkpt lat="60.22927" lon="24.96684"><ele>20.0</ele><time>2026-01-19T08:14:14Z</time></trkpt><trkpt lat="60.229278" lon="24.96684"><ele>19.4</ele><time>2026-01-19T08:14:15Z</time></trkpt><trkpt lat="60.229292" lon="24.966833"><ele>19.4</ele><time>2026-01-19T08:14:16Z</time><extensions><gpxtpx:TrackPointExtension><gpxtpx:hr>102</gpxtpx:hr></gpxtpx:TrackPointExtension></extensions></trkpt><trkpt lat="60.229302" lon="24.966818"><ele>19.3</ele><time>2026-01-19T08:14:17Z</time></trkpt><trkpt lat="60.22931" lon="24.966795"><ele>19.9</ele><time>2026-01-19T08:14:18Z</time></trkpt><trkpt lat="60.229313" lon="24.966783"><ele>20.8</ele><time>2026-01-19T08:14:19Z</time></trkpt><trkpt lat="60.229315" lon="24.966775"><ele>20.4</ele><time>2026-01-19T08:14:20Z</time></trkpt><trkpt lat="60.229325" lon="24.96676"><ele>21.3</ele><time>2026-01-19T08:14:21Z</time><extensions><gpxtpx:TrackPointExtension><gpxtpx:hr>101</gpxtpx:hr></gpxtpx:TrackPointExtension></extensions></trkpt><trkpt lat="60.229338" lon="24.96674"><ele>20.6</ele><time>2026-01-19T08:14:22Z</time><extensions><gpxtpx:TrackPointExtension><gpxtpx:hr>100</gpxtpx:hr></gpxtpx:TrackPointExtension></extensions></trkpt><trkpt lat="60.229343" lon="24.966722"><ele>20.5</ele><time>2026-01-19T08:14:23Z</time></trkpt><trkpt lat="60.229348" lon="24.966705"><ele>20.9</ele><time>2026-01-19T08:14:24Z</time></trkpt><trkpt lat="60.229358" lon="24.966693"><ele>20.5</ele><time>2026-01-19T08:14:24Z</time></trkpt><trkpt lat="60.229378" lon="24.96667"><ele>20.2</ele><time>2026-01-19T08:14:25Z</time></trkpt><trkpt lat="60.229387" lon="24.966668"><ele>21.0</ele><time>2026-01-19T08:14:26Z</time></trkpt><trkpt lat="60.229392" lon="24.966665"><ele>20.7</ele><time>2026-01-19T08:14:27Z</time></trkpt><trkpt lat="60.2294" lon="24.966645"><ele>20.7</ele><time>2026-01-19T08:14:28Z</time></trkpt><trkpt lat="60.229408" lon="24.966633"><ele>21.2</ele><time>2026-01-19T08:14:29Z</time></trkpt><trkpt lat="60.229413" lon="24.966623"><ele>20.8</ele><time>2026-01-19T08:14:30Z</time><extensions><gpxtpx:TrackPointExtension><gpxtpx:hr>97</gpxtpx:hr></gpxtpx:TrackPointExtension></extensions></trkpt><trkpt lat="60.229417" lon="24.966615"><ele>20.6</ele><time>2026-01-19T08:14:31Z</time></trkpt><trkpt lat="60.229428" lon="24.966595"><ele>20.6</ele><time>2026-01-19T08:14:32Z</time></trkpt><trkpt lat="60.229438" lon="24.966575"><ele>20.5</ele><time>2026-01-19T08:14:33Z</time></trkpt><trkpt lat="60.229443" lon="24.96656"><ele>20.6</ele><time>2026-01-19T08:14:34Z</time><extensions><gpxtpx:TrackPointExtension><gpxtpx:hr>96</gpxtpx:hr></gpxtpx:TrackPointExtension></extensions></trkpt><trkpt lat="60.229453" lon="24.966542"><ele>20.8</ele><time>2026-01-19T08:14:35Z</time></trkpt><trkpt lat="60.229463" lon="24.966527"><ele>20.6</ele><time>2026-01-19T08:14:36Z</time></trkpt><trkpt lat="60.229472" lon="24.96652"><ele>19.9</ele><time>2026-01-19T08:14:37Z</time><extensions><gpxtpx:TrackPointExtension><gpxtpx:hr>96</gpxtpx:hr></gpxtpx:TrackPointExtension></extensions></trkpt><trkpt lat="60.22948" lon="24.966497"><ele>19.6</ele><time>2026-01-19T08:14:38Z</time></trkpt><trkpt lat="60.229485" lon="24.966477"><ele>19.5</ele><time>2026-01-19T08:14:39Z</time></trkpt><trkpt lat="60.22949" lon="24.966455"><ele>19.3</ele><time>2026-01-19T08:14:40Z</time></trkpt><trkpt lat="60.229505" lon="24.966443"><ele>19.0</ele><time>2026-01-19T08:14:41Z</time></trkpt><trkpt lat="60.229512" lon="24.966423"><ele>18.9</ele><time>2026-01-19T08:14:42Z</time></trkpt><trkpt lat="60.229518" lon="24.966403"><ele>19.0</ele><time>2026-01-19T08:14:43Z</time></trkpt><trkpt lat="60.22953" lon="24.966387"><ele>19.2</ele><time>2026-01-19T08:14:44Z</time></trkpt><trkpt lat="60.229533" lon="24.966368"><ele>19.0</ele><time>2026-01-19T08:14:45Z</time></trkpt><trkpt lat="60.229538" lon="24.966352"><ele>18.8</ele><time>2026-01-19T08:14:46Z</time><extensions><gpxtpx:TrackPointExtension><gpxtpx:hr>96</gpxtpx:hr></gpxtpx:TrackPointExtension></extensions></trkpt><trkpt lat="60.229547" lon="24.966343"><ele>19.0</ele><time>2026-01-19T08:14:47Z</time><extensions><gpxtpx:TrackPointExtension><gpxtpx:hr>96</gpxtpx:hr></gpxtpx:TrackPointExtension></extensions></trkpt><trkpt lat="60.229555" lon="24.966332"><ele>19.3</ele><time>2026-01-19T08:14:48Z</time></trkpt><trkpt lat="60.229562" lon="24.966317"><ele>19.1</ele><time>2026-01-19T08:14:49Z</time></trkpt><trkpt lat="60.229573" lon="24.966293"><ele>19.0</ele><time>2026-01-19T08:14:50Z</time></trkpt><trkpt lat="60.229575" lon="24.966275"><ele>19.9</ele><time>2026-01-19T08:14:51Z</time></trkpt><trkpt lat="60.229583" lon="24.966253"><ele>20.0</ele><time>2026-01-19T08:14:52Z</time></trkpt><trkpt lat="60.22959" lon="24.966243"><ele>20.4</ele><time>2026-01-19T08:14:53Z</time></trkpt><trkpt lat="60.229595" lon="24.96623"><ele>20.8</ele><time>2026-01-19T08:14:54Z</time></trkpt><trkpt lat="60.229603" lon="24.966215"><ele>20.7</ele><time>2026-01-19T08:14:55Z</time></trkpt><trkpt lat="60.229612" lon="24.966205"><ele>20.8</ele><time>2026-01-19T08:14:56Z</time><extensions><gpxtpx:TrackPointExtension><gpxtpx:hr>94</gpxtpx:hr></gpxtpx:TrackPointExtension></extensions></trkpt><trkpt lat="60.229627" lon="24.966198"><ele>20.4</ele><time>2026-01-19T08:14:57Z</time></trkpt><trkpt lat="60.229638" lon="24.966172"><ele>20.7</ele><time>2026-01-19T08:14:58Z</time><extensions><gpxtpx:TrackPointExtension><gpxtpx:hr>93</gpxtpx:hr></gpxtpx:TrackPointExtension></extensions></trkpt><trkpt lat="60.229647" lon="24.966155"><ele>20.8</ele><time>2026-01-19T08:14:59Z</time></trkpt><trkpt lat="60.229652" lon="24.966135"><ele>20.9</ele><time>2026-01-19T08:15:00Z</time></trkpt><trkpt lat="60.229655" lon="24.96612"><ele>20.9</ele><time>2026-01-19T08:15:01Z</time></trkpt><trkpt lat="60.229658" lon="24.966098"><ele>21.1</ele><time>2026-01-19T08:15:02Z</time></trkpt><trkpt lat="60.229667" lon="24.966077"><ele>21.6</ele><time>2026-01-19T08:15:03Z</time></trkpt><trkpt lat="60.229673" lon="24.966053"><ele>21.4</ele><time>2026-01-19T08:15:04Z</time></trkpt><trkpt lat="60.229682" lon="24.966043"><ele>20.8</ele><time>2026-01-19T08:15:05Z</time></trkpt><trkpt lat="60.22969" lon="24.966035"><ele>21.0</ele><time>2026-01-19T08:15:06Z</time><extensions><gpxtpx:TrackPointExtension><gpxtpx:hr>92</gpxtpx:hr></gpxtpx:TrackPointExtension></extensions></trkpt><trkpt lat="60.229702" lon="24.966018"><ele>20.5</ele><time>2026-01-19T08:15:07Z</time></trkpt><trkpt lat="60.229712" lon="24.965995"><ele>20.6</ele><time>2026-01-19T08:15:08Z</time></trkpt><trkpt lat="60.229718" lon="24.96598"><ele>21.3</ele><time>2026-01-19T08:15:09Z</time></trkpt><trkpt lat="60.229728" lon="24.965965"><ele>21.5</ele><time>2026-01-19T08:15:10Z</time></trkpt><trkpt lat="60.229743" lon="24.965955"><ele>20.9</ele><time>2026-01-19T08:15:11Z</time><extensions><gpxtpx:TrackPointExtension><gpxtpx:hr>92</gpxtpx:hr></gpxtpx:TrackPointExtension></extensions></trkpt><trkpt lat="60.229758" lon="24.965937"><ele>21.0</ele><time>2026-01-19T08:15:12Z</time><extensions><gpxtpx:TrackPointExtension><gpxtpx:hr>92</gpxtpx:hr></gpxtpx:TrackPointExtension></extensions></trkpt><trkpt lat="60.229773" lon="24.965927"><ele>21.0</ele><time>2026-01-19T08:15:13Z</time></trkpt><trkpt lat="60.22978" lon="24.965915"><ele>21.2</ele><time>2026-01-19T08:15:14Z</time></trkpt><trkpt lat="60.229783" lon="24.965915"><ele>21.5</ele><time>2026-01-19T08:15:15Z</time></trkpt><trkpt lat="60.229785" lon="24.9659"><ele>21.0</ele><time>2026-01-19T08:15:16Z</time></trkpt><trkpt lat="60.229797" lon="24.96589"><ele>21.2</ele><time>2026-01-19T08:15:17Z</time></trkpt><trkpt lat="60.229807" lon="24.96587"><ele>22.4</ele><time>2026-01-19T08:15:18Z</time><extensions><gpxtpx:TrackPointExtension><gpxtpx:hr>93</gpxtpx:hr></gpxtpx:TrackPointExtension></extensions></trkpt><trkpt lat="60.229813" lon="24.965857"><ele>22.9</ele><time>2026-01-19T08:15:19Z</time></trkpt><trkpt lat="60.22982" lon="24.965835"><ele>23.3</ele><time>2026-01-19T08:15:20Z</time></trkpt><trkpt lat="60.229823" lon="24.965835"><ele>23.7</ele><time>2026-01-19T08:15:21Z</time></trkpt><trkpt lat="60.229817" lon="24.96582"><ele>24.1</ele><time>2026-01-19T08:15:22Z</time><extensions><gpxtpx:TrackPointExtension><gpxtpx:hr>93</gpxtpx:hr></gpxtpx:TrackPointExtension></extensions></trkpt><trkpt lat="60.229813" lon="24.965822"><ele>24.5</ele><time>2026-01-19T08:15:23Z</time></trkpt><trkpt lat="60.229808" lon="24.96583"><ele>25.5</ele><time>2026-01-19T08:15:24Z</time></trkpt><trkpt lat="60.22981" lon="24.965837"><ele>26.2</ele><time>2026-01-19T08:15:25Z</time></trkpt><trkpt lat="60.229807" lon="24.965835"><ele>26.3</ele><time>2026-01-19T08:15:26Z</time></trkpt><trkpt lat="60.229803" lon="24.965835"><ele>26.5</ele><time>2026-01-19T08:15:27Z</time></trkpt><trkpt lat="60.229805" lon="24.965835"><ele>26.8</ele><time>2026-01-19T08:15:28Z</time></trkpt><trkpt lat="60.229808" lon="24.965832"><ele>27.0</ele><time>2026-01-19T08:15:29Z</time></trkpt><trkpt lat="60.22981" lon="24.965818"><ele>26.8</ele><time>2026-01-19T08:15:30Z</time></trkpt><trkpt lat="60.229847" lon="24.965823"><ele>23.7</ele><time>2026-01-19T08:15:31Z</time><extensions><gpxtpx:TrackPointExtension><gpxtpx:hr>95</gpxtpx:hr></gpxtpx:TrackPointExtension></extensions></trkpt><trkpt lat="60.229847" lon="24.965823"><ele>23.6</ele><time>2026-01-19T08:15:32Z</time></trkpt><trkpt lat="60.22982" lon="24.965805"><ele>26.7</ele><time>2026-01-19T08:15:34Z</time><extensions><gpxtpx:TrackPointExtension><gpxtpx:hr>94</gpxtpx:hr></gpxtpx:TrackPointExtension></extensions></trkpt><trkpt lat="60.229847" lon="24.965822"><ele>23.7</ele><time>2026-01-19T08:15:35Z</time></trkpt><trkpt lat="60.229797" lon="24.965855"><ele>26.6</ele><time>2026-01-19T08:15:37Z</time></trkpt><trkpt lat="60.229795" lon="24.96585"><ele>26.7</ele><time>2026-01-19T08:15:38Z</time></trkpt><trkpt lat="60.229797" lon="24.96586"><ele>26.8</ele><time>2026-01-19T08:15:39Z</time></trkpt><trkpt lat="60.2298" lon="24.965838"><ele>27.0</ele><time>2026-01-19T08:15:40Z</time></trkpt><trkpt lat="60.2298" lon="24.965838"><ele>27.0</ele><time>2026-01-19T08:15:41Z</time><extensions><gpxtpx:TrackPointExtension><gpxtpx:hr>89</gpxtpx:hr></gpxtpx:TrackPointExtension></extensions></trkpt><trkpt lat="60.229798" lon="24.965827"><ele>27.9</ele><time>2026-01-19T08:15:42Z</time></trkpt><trkpt lat="60.229798" lon="24.965827"><ele>27.9</ele><time>2026-01-19T08:15:43Z</time></trkpt><trkpt lat="60.229808" lon="24.965828"><ele>27.9</ele><time>2026-01-19T08:15:44Z</time></trkpt><trkpt lat="60.229807" lon="24.965823"><ele>27.9</ele><time>2026-01-19T08:15:45Z</time></trkpt><trkpt lat="60.22981" lon="24.965825"><ele>27.6</ele><time>2026-01-19T08:15:46Z</time><extensions><gpxtpx:TrackPointExtension><gpxtpx:hr>87</gpxtpx:hr></gpxtpx:TrackPointExtension></extensions></trkpt><trkpt lat="60.229813" lon="24.965822"><ele>27.0</ele><time>2026-01-19T08:15:47Z</time></trkpt><trkpt lat="60.229822" lon="24.965815"><ele>26.3</ele><time>2026-01-19T08:15:48Z</time></trkpt><trkpt lat="60.22983" lon="24.965802"><ele>26.2</ele><time>2026-01-19T08:15:49Z</time><extensions><gpxtpx:TrackPointExtension><gpxtpx:hr>83</gpxtpx:hr></gpxtpx:TrackPointExtension></extensions></trkpt><trkpt lat="60.229823" lon="24.965795"><ele>26.1</ele><time>2026-01-19T08:15:50Z</time></trkpt><trkpt lat="60.229823" lon="24.965795"><ele>26.1</ele><time>2026-01-19T08:15:51Z</time></trkpt><trkpt lat="60.229823" lon="24.965795"><ele>26.1</ele><time>2026-01-19T08:15:52Z</time></trkpt><trkpt lat="60.229817" lon="24.96579"><ele>25.6</ele><time>2026-01-19T08:15:53Z</time></trkpt><trkpt lat="60.229812" lon="24.965788"><ele>25.4</ele><time>2026-01-19T08:15:54Z</time></trkpt><trkpt lat="60.229812" lon="24.965788"><ele>25.4</ele><time>2026-01-19T08:15:55Z</time></trkpt><trkpt lat="60.22981" lon="24.965772"><ele>25.9</ele><time>2026-01-19T08:15:56Z</time><extensions><gpxtpx:TrackPointExtension><gpxtpx:hr>79</gpxtpx:hr></gpxtpx:TrackPointExtension></extensions></trkpt><trkpt lat="60.22981" lon="24.965763"><ele>26.2</ele><time>2026-01-19T08:15:57Z</time></trkpt><trkpt lat="60.229812" lon="24.965763"><ele>26.4</ele><time>2026-01-19T08:15:58Z</time><extensions><gpxtpx:TrackPointExtension><gpxtpx:hr>79</gpxtpx:hr></gpxtpx:TrackPointExtension></extensions></trkpt></trkseg></trk></gpx>