<?xml version="1.0" encoding="UTF-8" standalone="no"?><gpx xmlns="http://www.topografix.com/GPX/1/1" xmlns:gpxtpx="http://www.garmin.com/xmlschemas/TrackPointExtension/v1" xmlns:xsi="http://www.w3.org/2001/XMLSchema-instance" creator="Sports Tracker" version="1.1" xsi:schemaLocation="http://www.topografix.com/GPX/1/1 http://www.topografix.com/GPX/1/1/gpx.xsd http://www.garmin.com/xmlschemas/TrackPointExtension/v1 http://www.garmin.com/xmlschemas/TrackPointExtensionv1.xsd"><metadata><name/><desc/><author><name>anttipehkonen240</name></author></metadata><trk><name/><trkseg><trkpt lat="60.25603" lon="24.923802"><ele>19.5</ele><time>2026-01-10T07:51:34Z</time></trkpt><trkpt lat="60.256177" lon="24.923925"><ele>31.0</ele><time>2026-01-10T07:51:35Z</time></trkpt><trkpt lat="60.256178" lon="24.924102"><ele>23.3</ele><time>2026-01-10T07:51:36Z</time></trkpt><trkpt lat="60.2562" lon="24.924165"><ele>22.4</ele><time>2026-01-10T07:51:43Z</time></trkpt><trkpt lat="60.256195" lon="24.924165"><ele>21.7</ele><time>2026-01-10T07:51:44Z</time></trkpt><trkpt lat="60.256198" lon="24.924163"><ele>22.7</ele><time>2026-01-10T07:51:45Z</time></trkpt><trkpt lat="60.256232" lon="24.924187"><ele>20.4</ele><time>2026-01-10T07:51:58Z</time></trkpt><trkpt lat="60.256223" lon="24.924263"><ele>19.1</ele><time>2026-01-10T07:51:59Z</time></trkpt><trkpt lat="60.256235" lon="24.924307"><ele>19.8</ele><time>2026-01-10T07:52:00Z</time></trkpt><trkpt lat="60.25626" lon="24.924337"><ele>19.5</ele><time>2026-01-10T07:52:01Z</time></trkpt><trkpt lat="60.256252" lon="24.924395"><ele>19.0</ele><time>2026-01-10T07:52:02Z</time></trkpt><trkpt lat="60.25632" lon="24.924735"><ele>20.1</ele><time>2026-01-10T07:52:07Z</time></trkpt><trkpt lat="60.256313" lon="24.92473"><ele>13.7</ele><time>2026-01-10T07:52:08Z</time></trkpt><trkpt lat="60.256322" lon="24.9248"><ele>13.9</ele><time>2026-01-10T07:52:09Z</time></trkpt><trkpt lat="60.25633" lon="24.924887"><ele>14.1</ele><time>2026-01-10T07:52:10Z</time></trkpt><trkpt lat="60.256345" lon="24.924965"><ele>13.9</ele><time>2026-01-10T07:52:11Z</time></trkpt><trkpt lat="60.256358" lon="24.925047"><ele>14.8</ele><time>2026-01-10T07:52:12Z</time></trkpt><trkpt lat="60.256375" lon="24.925127"><ele>14.4</ele><time>2026-01-10T07:52:13Z</time></trkpt><trkpt lat="60.256387" lon="24.925202"><ele>14.7</ele><time>2026-01-10T07:52:14Z</time></trkpt><trkpt lat="60.256397" lon="24.92527"><ele>15.2</ele><time>2026-01-10T07:52:15Z</time></trkpt><trkpt lat="60.256405" lon="24.925333"><ele>15.0</ele><time>2026-01-10T07:52:16Z</time></trkpt><trkpt lat="60.256413" lon="24.925393"><ele>15.0</ele><time>2026-01-10T07:52:17Z</time></trkpt><trkpt lat="60.256427" lon="24.925462"><ele>15.0</ele><time>2026-01-10T07:52:18Z</time></trkpt><trkpt lat="60.256438" lon="24.925513"><ele>15.3</ele><time>2026-01-10T07:52:19Z</time></trkpt><trkpt lat="60.256457" lon="24.925597"><ele>15.7</ele><time>2026-01-10T07:52:20Z</time></trkpt><trkpt lat="60.256473" lon="24.925668"><ele>16.1</ele><time>2026-01-10T07:52:21Z</time></trkpt><trkpt lat="60.25649" lon="24.92575"><ele>16.1</ele><time>2026-01-10T07:52:22Z</time></trkpt><trkpt lat="60.2565" lon="24.925832"><ele>16.5</ele><time>2026-01-10T07:52:23Z</time></trkpt><trkpt lat="60.256512" lon="24.92591"><ele>16.7</ele><time>2026-01-10T07:52:24Z</time></trkpt><trkpt lat="60.256518" lon="24.925993"><ele>16.8</ele><time>2026-01-10T07:52:25Z</time></trkpt><trkpt lat="60.256532" lon="24.926068"><ele>16.5</ele><time>2026-01-10T07:52:26Z</time></trkpt><trkpt lat="60.25654" lon="24.926148"><ele>16.9</ele><time>2026-01-10T07:52:27Z</time></trkpt><trkpt lat="60.256548" lon="24.926227"><ele>17.3</ele><time>2026-01-10T07:52:28Z</time></trkpt><trkpt lat="60.256552" lon="24.926298"><ele>16.8</ele><time>2026-01-10T07:52:29Z</time></trkpt><trkpt lat="60.256555" lon="24.926367"><ele>16.1</ele><time>2026-01-10T07:52:30Z</time></trkpt><trkpt lat="60.256562" lon="24.926443"><ele>16.0</ele><time>2026-01-10T07:52:31Z</time></trkpt><trkpt lat="60.256568" lon="24.926547"><ele>16.0</ele><time>2026-01-10T07:52:32Z</time></trkpt><trkpt lat="60.256573" lon="24.926633"><ele>16.3</ele><time>2026-01-10T07:52:33Z</time></trkpt><trkpt lat="60.256572" lon="24.926705"><ele>16.2</ele><time>2026-01-10T07:52:34Z</time></trkpt><trkpt lat="60.256575" lon="24.926772"><ele>15.8</ele><time>2026-01-10T07:52:35Z</time></trkpt><trkpt lat="60.256577" lon="24.926843"><ele>15.7</ele><time>2026-01-10T07:52:36Z</time></trkpt><trkpt lat="60.256583" lon="24.926928"><ele>16.0</ele><time>2026-01-10T07:52:37Z</time></trkpt><trkpt lat="60.256588" lon="24.92702"><ele>16.3</ele><time>2026-01-10T07:52:38Z</time></trkpt><trkpt lat="60.256593" lon="24.927342"><ele>27.4</ele><time>2026-01-10T07:52:39Z</time></trkpt><trkpt lat="60.256598" lon="24.927407"><ele>29.1</ele><time>2026-01-10T07:52:39Z</time></trkpt><trkpt lat="60.256593" lon="24.927448"><ele>28.5</ele><time>2026-01-10T07:52:40Z</time></trkpt><trkpt lat="60.256598" lon="24.927533"><ele>28.7</ele><time>2026-01-10T07:52:41Z</time></trkpt><trkpt lat="60.256578" lon="24.927413"><ele>14.1</ele><time>2026-01-10T07:52:42Z</time></trkpt><trkpt lat="60.256588" lon="24.927498"><ele>15.4</ele><time>2026-01-10T07:52:43Z</time></trkpt><trkpt lat="60.256585" lon="24.927508"><ele>12.4</ele><time>2026-01-10T07:52:44Z</time></trkpt><trkpt lat="60.256587" lon="24.927575"><ele>12.6</ele><time>2026-01-10T07:52:45Z</time></trkpt><trkpt lat="60.256575" lon="24.927647"><ele>12.6</ele><time>2026-01-10T07:52:46Z</time></trkpt><trkpt lat="60.256575" lon="24.927748"><ele>14.5</ele><time>2026-01-10T07:52:47Z</time></trkpt><trkpt lat="60.256582" lon="24.92784"><ele>14.9</ele><time>2026-01-10T07:52:48Z</time></trkpt><trkpt lat="60.256597" lon="24.927915"><ele>14.7</ele><time>2026-01-10T07:52:49Z</time></trkpt><trkpt lat="60.256592" lon="24.927993"><ele>15.2</ele><time>2026-01-10T07:52:50Z</time></trkpt><trkpt lat="60.256602" lon="24.928072"><ele>15.4</ele><time>2026-01-10T07:52:51Z</time></trkpt><trkpt lat="60.256605" lon="24.92814"><ele>15.2</ele><time>2026-01-10T07:52:52Z</time></trkpt><trkpt lat="60.256607" lon="24.928193"><ele>12.5</ele><time>2026-01-10T07:52:53Z</time></trkpt><trkpt lat="60.256617" lon="24.92829"><ele>14.4</ele><time>2026-01-10T07:52:54Z</time></trkpt><trkpt lat="60.256627" lon="24.928353"><ele>13.4</ele><time>2026-01-10T07:52:55Z</time></trkpt><trkpt lat="60.256635" lon="24.928423"><ele>12.2</ele><time>2026-01-10T07:52:56Z</time></trkpt><trkpt lat="60.256647" lon="24.928525"><ele>12.2</ele><time>2026-01-10T07:52:57Z</time></trkpt><trkpt lat="60.256655" lon="24.928593"><ele>11.8</ele><time>2026-01-10T07:52:58Z</time></trkpt><trkpt lat="60.256673" lon="24.928652"><ele>11.4</ele><time>2026-01-10T07:52:59Z</time></trkpt><trkpt lat="60.256677" lon="24.928722"><ele>11.3</ele><time>2026-01-10T07:53:00Z</time></trkpt><trkpt lat="60.256678" lon="24.928775"><ele>6.1</ele><time>2026-01-10T07:53:01Z</time></trkpt><trkpt lat="60.256695" lon="24.928847"><ele>5.4</ele><time>2026-01-10T07:53:02Z</time></trkpt><trkpt lat="60.256717" lon="24.928947"><ele>8.0</ele><time>2026-01-10T07:53:03Z</time></trkpt><trkpt lat="60.256738" lon="24.928975"><ele>3.8</ele><time>2026-01-10T07:53:04Z</time></trkpt><trkpt lat="60.256802" lon="24.92903"><ele>9.0</ele><time>2026-01-10T07:53:05Z</time></trkpt><trkpt lat="60.256833" lon="24.92909"><ele>5.9</ele><time>2026-01-10T07:53:06Z</time></trkpt><trkpt lat="60.256865" lon="24.929093"><ele>4.4</ele><time>2026-01-10T07:53:07Z</time></trkpt><trkpt lat="60.256892" lon="24.92913"><ele>4.6</ele><time>2026-01-10T07:53:08Z</time></trkpt><trkpt lat="60.256932" lon="24.929177"><ele>6.5</ele><time>2026-01-10T07:53:09Z</time></trkpt><trkpt lat="60.256938" lon="24.929208"><ele>5.0</ele><time>2026-01-10T07:53:10Z</time></trkpt><trkpt lat="60.256957" lon="24.929278"><ele>5.3</ele><time>2026-01-10T07:53:11Z</time></trkpt><trkpt lat="60.256978" lon="24.92935"><ele>5.0</ele><time>2026-01-10T07:53:12Z</time></trkpt><trkpt lat="60.256988" lon="24.9294"><ele>2.7</ele><time>2026-01-10T07:53:13Z</time></trkpt><trkpt lat="60.256995" lon="24.92946"><ele>1.2</ele><time>2026-01-10T07:53:14Z</time></trkpt><trkpt lat="60.257023" lon="24.92952"><ele>2.0</ele><time>2026-01-10T07:53:15Z</time></trkpt><trkpt lat="60.257047" lon="24.929583"><ele>3.0</ele><time>2026-01-10T07:53:16Z</time></trkpt><trkpt lat="60.25707" lon="24.929655"><ele>2.9</ele><time>2026-01-10T07:53:17Z</time></trkpt><trkpt lat="60.25707" lon="24.929707"><ele>0.8</ele><time>2026-01-10T07:53:18Z</time></trkpt><trkpt lat="60.257097" lon="24.929757"><ele>0.1</ele><time>2026-01-10T07:53:19Z</time></trkpt><trkpt lat="60.257097" lon="24.929793"><ele>-4.2</ele><time>2026-01-10T07:53:20Z</time></trkpt><trkpt lat="60.257098" lon="24.92989"><ele>-6.4</ele><time>2026-01-10T07:53:21Z</time></trkpt><trkpt lat="60.257112" lon="24.929938"><ele>-6.8</ele><time>2026-01-10T07:53:22Z</time></trkpt><trkpt lat="60.25715" lon="24.93004"><ele>-3.1</ele><time>2026-01-10T07:53:23Z</time></trkpt><trkpt lat="60.25715" lon="24.930088"><ele>-6.9</ele><time>2026-01-10T07:53:24Z</time></trkpt><trkpt lat="60.25717" lon="24.930163"><ele>-8.3</ele><time>2026-01-10T07:53:25Z</time></trkpt><trkpt lat="60.257195" lon="24.930245"><ele>-7.3</ele><time>2026-01-10T07:53:26Z</time></trkpt><trkpt lat="60.257215" lon="24.930302"><ele>-6.8</ele><time>2026-01-10T07:53:27Z</time></trkpt><trkpt lat="60.257243" lon="24.930388"><ele>-3.3</ele><time>2026-01-10T07:53:28Z</time></trkpt><trkpt lat="60.257265" lon="24.930448"><ele>-1.9</ele><time>2026-01-10T07:53:29Z</time></trkpt><trkpt lat="60.25729" lon="24.930528"><ele>-0.7</ele><time>2026-01-10T07:53:30Z</time></trkpt><trkpt lat="60.257342" lon="24.93062"><ele>3.8</ele><time>2026-01-10T07:53:31Z</time></trkpt><trkpt lat="60.257332" lon="24.930512"><ele>3.7</ele><time>2026-01-10T07:53:34Z</time></trkpt><trkpt lat="60.257478" lon="24.930885"><ele>9.7</ele><time>2026-01-10T07:53:35Z</time></trkpt><trkpt lat="60.257502" lon="24.930958"><ele>9.9</ele><time>2026-01-10T07:53:36Z</time></trkpt><trkpt lat="60.257523" lon="24.931025"><ele>9.9</ele><time>2026-01-10T07:53:37Z</time></trkpt><trkpt lat="60.257542" lon="24.931088"><ele>11.0</ele><time>2026-01-10T07:53:38Z</time></trkpt><trkpt lat="60.257558" lon="24.931145"><ele>11.6</ele><time>2026-01-10T07:53:39Z</time></trkpt><trkpt lat="60.257575" lon="24.931202"><ele>13.4</ele><time>2026-01-10T07:53:40Z</time></trkpt><trkpt lat="60.257593" lon="24.931262"><ele>14.2</ele><time>2026-01-10T07:53:42Z</time></trkpt><trkpt lat="60.25761" lon="24.931323"><ele>13.7</ele><time>2026-01-10T07:53:43Z</time></trkpt><trkpt lat="60.257625" lon="24.931385"><ele>13.4</ele><time>2026-01-10T07:53:44Z</time></trkpt><trkpt lat="60.257647" lon="24.931458"><ele>13.8</ele><time>2026-01-10T07:53:45Z</time></trkpt><trkpt lat="60.257665" lon="24.931525"><ele>13.9</ele><time>2026-01-10T07:53:46Z</time></trkpt><trkpt lat="60.257682" lon="24.931587"><ele>14.1</ele><time>2026-01-10T07:53:47Z</time></trkpt><trkpt lat="60.2577" lon="24.93165"><ele>14.4</ele><time>2026-01-10T07:53:48Z</time></trkpt><trkpt lat="60.257718" lon="24.93171"><ele>14.3</ele><time>2026-01-10T07:53:49Z</time></trkpt><trkpt lat="60.25774" lon="24.931765"><ele>13.7</ele><time>2026-01-10T07:53:50Z</time></trkpt><trkpt lat="60.257767" lon="24.93181"><ele>13.8</ele><time>2026-01-10T07:53:51Z</time></trkpt><trkpt lat="60.257795" lon="24.931853"><ele>13.8</ele><time>2026-01-10T07:53:52Z</time></trkpt><trkpt lat="60.257825" lon="24.931893"><ele>14.0</ele><time>2026-01-10T07:53:53Z</time></trkpt><trkpt lat="60.257855" lon="24.93194"><ele>14.8</ele><time>2026-01-10T07:53:54Z</time></trkpt><trkpt lat="60.257888" lon="24.931995"><ele>15.4</ele><time>2026-01-10T07:53:55Z</time></trkpt><trkpt lat="60.25793" lon="24.932058"><ele>14.8</ele><time>2026-01-10T07:53:56Z</time></trkpt><trkpt lat="60.25798" lon="24.932135"><ele>15.2</ele><time>2026-01-10T07:53:57Z</time></trkpt><trkpt lat="60.258015" lon="24.932183"><ele>15.0</ele><time>2026-01-10T07:53:58Z</time></trkpt><trkpt lat="60.258047" lon="24.932237"><ele>13.9</ele><time>2026-01-10T07:53:59Z</time></trkpt><trkpt lat="60.258072" lon="24.932275"><ele>13.0</ele><time>2026-01-10T07:54:00Z</time></trkpt><trkpt lat="60.258098" lon="24.932328"><ele>12.7</ele><time>2026-01-10T07:54:01Z</time></trkpt><trkpt lat="60.258128" lon="24.932378"><ele>13.2</ele><time>2026-01-10T07:54:02Z</time></trkpt><trkpt lat="60.258162" lon="24.932428"><ele>12.9</ele><time>2026-01-10T07:54:03Z</time></trkpt><trkpt lat="60.258197" lon="24.932487"><ele>12.9</ele><time>2026-01-10T07:54:04Z</time></trkpt><trkpt lat="60.25823" lon="24.932535"><ele>13.2</ele><time>2026-01-10T07:54:05Z</time></trkpt><trkpt lat="60.258257" lon="24.932585"><ele>13.8</ele><time>2026-01-10T07:54:06Z</time></trkpt><trkpt lat="60.258285" lon="24.932632"><ele>14.0</ele><time>2026-01-10T07:54:06Z</time></trkpt><trkpt lat="60.258345" lon="24.932712"><ele>21.7</ele><time>2026-01-10T07:54:07Z</time></trkpt><trkpt lat="60.258375" lon="24.932735"><ele>22.2</ele><time>2026-01-10T07:54:08Z</time></trkpt><trkpt lat="60.258398" lon="24.932793"><ele>19.5</ele><time>2026-01-10T07:54:09Z</time></trkpt><trkpt lat="60.258448" lon="24.932827"><ele>19.7</ele><time>2026-01-10T07:54:10Z</time></trkpt><trkpt lat="60.258473" lon="24.932857"><ele>17.8</ele><time>2026-01-10T07:54:11Z</time></trkpt><trkpt lat="60.258553" lon="24.93292"><ele>25.6</ele><time>2026-01-10T07:54:12Z</time></trkpt><trkpt lat="60.258583" lon="24.932942"><ele>22.8</ele><time>2026-01-10T07:54:13Z</time></trkpt><trkpt lat="60.258627" lon="24.932972"><ele>23.8</ele><time>2026-01-10T07:54:14Z</time></trkpt><trkpt lat="60.25866" lon="24.933002"><ele>23.3</ele><time>2026-01-10T07:54:15Z</time></trkpt><trkpt lat="60.258695" lon="24.933028"><ele>23.2</ele><time>2026-01-10T07:54:16Z</time></trkpt><trkpt lat="60.258752" lon="24.933057"><ele>22.6</ele><time>2026-01-10T07:54:17Z</time></trkpt><trkpt lat="60.258772" lon="24.93309"><ele>21.8</ele><time>2026-01-10T07:54:18Z</time></trkpt><trkpt lat="60.258773" lon="24.933115"><ele>15.8</ele><time>2026-01-10T07:54:19Z</time></trkpt><trkpt lat="60.258798" lon="24.933147"><ele>12.6</ele><time>2026-01-10T07:54:20Z</time></trkpt><trkpt lat="60.258807" lon="24.933168"><ele>14.3</ele><time>2026-01-10T07:54:21Z</time></trkpt><trkpt lat="60.258845" lon="24.93318"><ele>14.0</ele><time>2026-01-10T07:54:22Z</time></trkpt><trkpt lat="60.25889" lon="24.933223"><ele>16.8</ele><time>2026-01-10T07:54:23Z</time></trkpt><trkpt lat="60.258923" lon="24.93325"><ele>16.6</ele><time>2026-01-10T07:54:24Z</time></trkpt><trkpt lat="60.258957" lon="24.933285"><ele>17.3</ele><time>2026-01-10T07:54:25Z</time></trkpt><trkpt lat="60.258985" lon="24.933323"><ele>16.4</ele><time>2026-01-10T07:54:26Z</time></trkpt><trkpt lat="60.259013" lon="24.933355"><ele>18.7</ele><time>2026-01-10T07:54:27Z</time></trkpt><trkpt lat="60.259027" lon="24.933382"><ele>19.9</ele><time>2026-01-10T07:54:28Z</time></trkpt><trkpt lat="60.259018" lon="24.933433"><ele>17.4</ele><time>2026-01-10T07:54:29Z</time></trkpt><trkpt lat="60.259" lon="24.933497"><ele>20.6</ele><time>2026-01-10T07:54:30Z</time></trkpt><trkpt lat="60.25897" lon="24.933545"><ele>18.8</ele><time>2026-01-10T07:54:31Z</time></trkpt><trkpt lat="60.25894" lon="24.933555"><ele>18.8</ele><time>2026-01-10T07:54:34Z</time></trkpt><trkpt lat="60.258918" lon="24.933837"><ele>13.4</ele><time>2026-01-10T07:54:34Z</time></trkpt><trkpt lat="60.258908" lon="24.933935"><ele>14.3</ele><time>2026-01-10T07:54:35Z</time></trkpt><trkpt lat="60.258893" lon="24.93401"><ele>13.9</ele><time>2026-01-10T07:54:36Z</time></trkpt><trkpt lat="60.25888" lon="24.934082"><ele>12.1</ele><time>2026-01-10T07:54:37Z</time></trkpt><trkpt lat="60.258867" lon="24.934158"><ele>13.2</ele><time>2026-01-10T07:54:38Z</time></trkpt><trkpt lat="60.258858" lon="24.934225"><ele>13.2</ele><time>2026-01-10T07:54:39Z</time></trkpt><trkpt lat="60.258852" lon="24.934287"><ele>14.0</ele><time>2026-01-10T07:54:41Z</time></trkpt><trkpt lat="60.258843" lon="24.934355"><ele>14.1</ele><time>2026-01-10T07:54:42Z</time></trkpt><trkpt lat="60.258832" lon="24.934427"><ele>13.4</ele><time>2026-01-10T07:54:43Z</time></trkpt><trkpt lat="60.258818" lon="24.934493"><ele>13.0</ele><time>2026-01-10T07:54:44Z</time></trkpt><trkpt lat="60.258805" lon="24.934565"><ele>12.6</ele><time>2026-01-10T07:54:45Z</time></trkpt><trkpt lat="60.25879" lon="24.934642"><ele>13.5</ele><time>2026-01-10T07:54:46Z</time></trkpt><trkpt lat="60.258777" lon="24.934717"><ele>13.7</ele><time>2026-01-10T07:54:47Z</time></trkpt><trkpt lat="60.258765" lon="24.934792"><ele>14.0</ele><time>2026-01-10T07:54:48Z</time></trkpt><trkpt lat="60.25875" lon="24.934873"><ele>15.0</ele><time>2026-01-10T07:54:49Z</time></trkpt><trkpt lat="60.258738" lon="24.934955"><ele>15.8</ele><time>2026-01-10T07:54:50Z</time></trkpt><trkpt lat="60.25873" lon="24.935042"><ele>15.7</ele><time>2026-01-10T07:54:51Z</time></trkpt><trkpt lat="60.258725" lon="24.93513"><ele>15.6</ele><time>2026-01-10T07:54:52Z</time></trkpt><trkpt lat="60.25873" lon="24.935217"><ele>15.4</ele><time>2026-01-10T07:54:53Z</time></trkpt><trkpt lat="60.25874" lon="24.9353"><ele>15.2</ele><time>2026-01-10T07:54:54Z</time></trkpt><trkpt lat="60.258757" lon="24.935372"><ele>15.0</ele><time>2026-01-10T07:54:55Z</time></trkpt><trkpt lat="60.258775" lon="24.935418"><ele>14.8</ele><time>2026-01-10T07:54:56Z</time></trkpt><trkpt lat="60.258798" lon="24.935475"><ele>15.8</ele><time>2026-01-10T07:54:57Z</time></trkpt><trkpt lat="60.258825" lon="24.935518"><ele>15.4</ele><time>2026-01-10T07:54:58Z</time></trkpt><trkpt lat="60.25885" lon="24.935565"><ele>15.6</ele><time>2026-01-10T07:54:59Z</time></trkpt><trkpt lat="60.25888" lon="24.935603"><ele>15.0</ele><time>2026-01-10T07:55:00Z</time></trkpt><trkpt lat="60.258907" lon="24.935643"><ele>14.5</ele><time>2026-01-10T07:55:01Z</time></trkpt><trkpt lat="60.258938" lon="24.935678"><ele>14.0</ele><time>2026-01-10T07:55:02Z</time></trkpt><trkpt lat="60.258965" lon="24.935713"><ele>13.9</ele><time>2026-01-10T07:55:03Z</time></trkpt><trkpt lat="60.259002" lon="24.935758"><ele>13.6</ele><time>2026-01-10T07:55:04Z</time></trkpt><trkpt lat="60.259113" lon="24.935925"><ele>13.5</ele><time>2026-01-10T07:55:06Z</time></trkpt><trkpt lat="60.259138" lon="24.935977"><ele>12.2</ele><time>2026-01-10T07:55:07Z</time></trkpt><trkpt lat="60.259163" lon="24.93604"><ele>12.6</ele><time>2026-01-10T07:55:08Z</time></trkpt><trkpt lat="60.259185" lon="24.936105"><ele>11.0</ele><time>2026-01-10T07:55:09Z</time></trkpt><trkpt lat="60.259203" lon="24.936168"><ele>11.9</ele><time>2026-01-10T07:55:10Z</time></trkpt><trkpt lat="60.25922" lon="24.936235"><ele>12.4</ele><time>2026-01-10T07:55:11Z</time></trkpt><trkpt lat="60.259242" lon="24.93631"><ele>12.1</ele><time>2026-01-10T07:55:13Z</time></trkpt><trkpt lat="60.259265" lon="24.936378"><ele>11.9</ele><time>2026-01-10T07:55:14Z</time></trkpt><trkpt lat="60.259342" lon="24.936528"><ele>11.9</ele><time>2026-01-10T07:55:17Z</time></trkpt><trkpt lat="60.259367" lon="24.93657"><ele>11.8</ele><time>2026-01-10T07:55:18Z</time></trkpt><trkpt lat="60.25939" lon="24.93661"><ele>10.3</ele><time>2026-01-10T07:55:19Z</time></trkpt><trkpt lat="60.259417" lon="24.936655"><ele>10.7</ele><time>2026-01-10T07:55:20Z</time></trkpt><trkpt lat="60.259445" lon="24.93669"><ele>11.7</ele><time>2026-01-10T07:55:21Z</time></trkpt><trkpt lat="60.259477" lon="24.936732"><ele>12.0</ele><time>2026-01-10T07:55:22Z</time></trkpt><trkpt lat="60.259503" lon="24.936773"><ele>11.5</ele><time>2026-01-10T07:55:23Z</time></trkpt><trkpt lat="60.259535" lon="24.936817"><ele>10.8</ele><time>2026-01-10T07:55:24Z</time></trkpt><trkpt lat="60.259562" lon="24.936868"><ele>10.6</ele><time>2026-01-10T07:55:25Z</time></trkpt><trkpt lat="60.259583" lon="24.936907"><ele>10.1</ele><time>2026-01-10T07:55:26Z</time></trkpt><trkpt lat="60.259607" lon="24.936965"><ele>9.9</ele><time>2026-01-10T07:55:27Z</time></trkpt><trkpt lat="60.25963" lon="24.937018"><ele>10.5</ele><time>2026-01-10T07:55:28Z</time></trkpt><trkpt lat="60.259643" lon="24.937083"><ele>10.3</ele><time>2026-01-10T07:55:29Z</time></trkpt><trkpt lat="60.259648" lon="24.937152"><ele>11.4</ele><time>2026-01-10T07:55:30Z</time></trkpt><trkpt lat="60.259648" lon="24.937228"><ele>11.3</ele><time>2026-01-10T07:55:31Z</time></trkpt><trkpt lat="60.259647" lon="24.937303"><ele>11.3</ele><time>2026-01-10T07:55:32Z</time></trkpt><trkpt lat="60.259653" lon="24.93738"><ele>12.1</ele><time>2026-01-10T07:55:33Z</time></trkpt><trkpt lat="60.259653" lon="24.937473"><ele>12.3</ele><time>2026-01-10T07:55:33Z</time></trkpt><trkpt lat="60.259657" lon="24.937555"><ele>12.4</ele><time>2026-01-10T07:55:34Z</time></trkpt><trkpt lat="60.259658" lon="24.937637"><ele>12.4</ele><time>2026-01-10T07:55:35Z</time></trkpt><trkpt lat="60.25966" lon="24.93772"><ele>12.4</ele><time>2026-01-10T07:55:36Z</time></trkpt><trkpt lat="60.25966" lon="24.937797"><ele>12.5</ele><time>2026-01-10T07:55:37Z</time></trkpt><trkpt lat="60.259655" lon="24.937853"><ele>12.7</ele><time>2026-01-10T07:55:38Z</time></trkpt><trkpt lat="60.259667" lon="24.937897"><ele>15.4</ele><time>2026-01-10T07:55:39Z</time></trkpt><trkpt lat="60.259655" lon="24.93797"><ele>15.2</ele><time>2026-01-10T07:55:40Z</time></trkpt><trkpt lat="60.259663" lon="24.938042"><ele>15.1</ele><time>2026-01-10T07:55:41Z</time></trkpt><trkpt lat="60.259657" lon="24.938148"><ele>20.5</ele><time>2026-01-10T07:55:42Z</time></trkpt><trkpt lat="60.25966" lon="24.938223"><ele>21.4</ele><time>2026-01-10T07:55:43Z</time></trkpt><trkpt lat="60.259663" lon="24.938322"><ele>22.2</ele><time>2026-01-10T07:55:44Z</time></trkpt><trkpt lat="60.259672" lon="24.938422"><ele>24.6</ele><time>2026-01-10T07:55:45Z</time></trkpt><trkpt lat="60.259665" lon="24.938473"><ele>22.5</ele><time>2026-01-10T07:55:46Z</time></trkpt><trkpt lat="60.25967" lon="24.938555"><ele>22.8</ele><time>2026-01-10T07:55:47Z</time></trkpt><trkpt lat="60.259667" lon="24.938583"><ele>20.6</ele><time>2026-01-10T07:55:48Z</time></trkpt><trkpt lat="60.259672" lon="24.938633"><ele>19.7</ele><time>2026-01-10T07:55:49Z</time></trkpt><trkpt lat="60.259673" lon="24.938657"><ele>16.9</ele><time>2026-01-10T07:55:50Z</time></trkpt><trkpt lat="60.259673" lon="24.938712"><ele>15.4</ele><time>2026-01-10T07:55:51Z</time></trkpt><trkpt lat="60.25967" lon="24.938812"><ele>17.4</ele><time>2026-01-10T07:55:52Z</time></trkpt><trkpt lat="60.259672" lon="24.938877"><ele>15.8</ele><time>2026-01-10T07:55:53Z</time></trkpt><trkpt lat="60.259677" lon="24.93895"><ele>14.8</ele><time>2026-01-10T07:55:54Z</time></trkpt><trkpt lat="60.259683" lon="24.939042"><ele>16.0</ele><time>2026-01-10T07:55:55Z</time></trkpt><trkpt lat="60.259692" lon="24.939087"><ele>12.8</ele><time>2026-01-10T07:55:56Z</time></trkpt><trkpt lat="60.2597" lon="24.939165"><ele>12.4</ele><time>2026-01-10T07:55:57Z</time></trkpt><trkpt lat="60.259708" lon="24.939262"><ele>15.0</ele><time>2026-01-10T07:55:58Z</time></trkpt><trkpt lat="60.259712" lon="24.939302"><ele>14.3</ele><time>2026-01-10T07:55:59Z</time></trkpt><trkpt lat="60.259728" lon="24.939355"><ele>16.4</ele><time>2026-01-10T07:56:00Z</time></trkpt><trkpt lat="60.25975" lon="24.939415"><ele>16.3</ele><time>2026-01-10T07:56:01Z</time><extensions><gpxtpx:TrackPointExtension><gpxtpx:hr>139</gpxtpx:hr></gpxtpx:TrackPointExtension></extensions></trkpt><trkpt lat="60.259775" lon="24.939477"><ele>18.0</ele><time>2026-01-10T07:56:02Z</time></trkpt><trkpt lat="60.259805" lon="24.939525"><ele>18.8</ele><time>2026-01-10T07:56:03Z</time></trkpt><trkpt lat="60.259835" lon="24.939587"><ele>21.8</ele><time>2026-01-10T07:56:04Z</time></trkpt><trkpt lat="60.259858" lon="24.93963"><ele>22.9</ele><time>2026-01-10T07:56:05Z</time></trkpt><trkpt lat="60.259897" lon="24.93965"><ele>23.1</ele><time>2026-01-10T07:56:06Z</time></trkpt><trkpt lat="60.259912" lon="24.939677"><ele>24.0</ele><time>2026-01-10T07:56:07Z</time></trkpt><trkpt lat="60.259978" lon="24.939752"><ele>37.0</ele><time>2026-01-10T07:56:08Z</time></trkpt><trkpt lat="60.260015" lon="24.939763"><ele>42.4</ele><time>2026-01-10T07:56:09Z</time></trkpt><trkpt lat="60.260073" lon="24.939802"><ele>48.3</ele><time>2026-01-10T07:56:10Z</time></trkpt><trkpt lat="60.260122" lon="24.939832"><ele>53.5</ele><time>2026-01-10T07:56:11Z</time></trkpt><trkpt lat="60.260152" lon="24.939863"><ele>53.4</ele><time>2026-01-10T07:56:12Z</time></trkpt><trkpt lat="60.260173" lon="24.939878"><ele>56.2</ele><time>2026-01-10T07:56:13Z</time></trkpt><trkpt lat="60.260213" lon="24.939913"><ele>58.6</ele><time>2026-01-10T07:56:14Z</time></trkpt><trkpt lat="60.260253" lon="24.939955"><ele>60.6</ele><time>2026-01-10T07:56:15Z</time></trkpt><trkpt lat="60.260242" lon="24.939977"><ele>52.2</ele><time>2026-01-10T07:56:16Z</time></trkpt><trkpt lat="60.260255" lon="24.939995"><ele>53.6</ele><time>2026-01-10T07:56:17Z</time></trkpt><trkpt lat="60.260272" lon="24.939985"><ele>52.7</ele><time>2026-01-10T07:56:18Z</time></trkpt><trkpt lat="60.260302" lon="24.93999"><ele>52.7</ele><time>2026-01-10T07:56:19Z</time></trkpt><trkpt lat="60.260302" lon="24.939982"><ele>48.7</ele><time>2026-01-10T07:56:20Z</time><extensions><gpxtpx:TrackPointExtension><gpxtpx:hr>132</gpxtpx:hr></gpxtpx:TrackPointExtension></extensions></trkpt><trkpt lat="60.260322" lon="24.939982"><ele>46.8</ele><time>2026-01-10T07:56:21Z</time></trkpt><trkpt lat="60.26034" lon="24.939982"><ele>44.6</ele><time>2026-01-10T07:56:22Z</time></trkpt><trkpt lat="60.260352" lon="24.93998"><ele>43.3</ele><time>2026-01-10T07:56:23Z</time></trkpt><trkpt lat="60.260378" lon="24.939945"><ele>46.2</ele><time>2026-01-10T07:56:24Z</time></trkpt><trkpt lat="60.260407" lon="24.939975"><ele>44.0</ele><time>2026-01-10T07:56:25Z</time><extensions><gpxtpx:TrackPointExtension><gpxtpx:hr>131</gpxtpx:hr></gpxtpx:TrackPointExtension></extensions></trkpt><trkpt lat="60.260448" lon="24.939985"><ele>43.0</ele><time>2026-01-10T07:56:26Z</time></trkpt><trkpt lat="60.260463" lon="24.940008"><ele>41.9</ele><time>2026-01-10T07:56:27Z</time></trkpt><trkpt lat="60.260465" lon="24.94001"><ele>35.9</ele><time>2026-01-10T07:56:28Z</time></trkpt><trkpt lat="60.260483" lon="24.940015"><ele>32.9</ele><time>2026-01-10T07:56:29Z</time></trkpt><trkpt lat="60.260472" lon="24.94009"><ele>30.4</ele><time>2026-01-10T07:56:30Z</time></trkpt><trkpt lat="60.260522" lon="24.940163"><ele>33.9</ele><time>2026-01-10T07:56:31Z</time><extensions><gpxtpx:TrackPointExtension><gpxtpx:hr>131</gpxtpx:hr></gpxtpx:TrackPointExtension></extensions></trkpt><trkpt lat="60.260527" lon="24.940325"><ele>10.0</ele><time>2026-01-10T07:56:35Z</time><extensions><gpxtpx:TrackPointExtension><gpxtpx:hr>131</gpxtpx:hr></gpxtpx:TrackPointExtension></extensions></trkpt><trkpt lat="60.260537" lon="24.940398"><ele>8.7</ele><time>2026-01-10T07:56:36Z</time></trkpt><trkpt lat="60.260548" lon="24.940477"><ele>9.7</ele><time>2026-01-10T07:56:37Z</time><extensions><gpxtpx:TrackPointExtension><gpxtpx:hr>131</gpxtpx:hr></gpxtpx:TrackPointExtension></extensions></trkpt><trkpt lat="60.260568" lon="24.940548"><ele>9.8</ele><time>2026-01-10T07:56:38Z</time></trkpt><trkpt lat="60.260588" lon="24.940613"><ele>10.6</ele><time>2026-01-10T07:56:39Z</time></trkpt><trkpt lat="60.260612" lon="24.940667"><ele>11.7</ele><time>2026-01-10T07:56:40Z</time></trkpt><trkpt lat="60.260635" lon="24.940713"><ele>11.6</ele><time>2026-01-10T07:56:42Z</time><extensions><gpxtpx:TrackPointExtension><gpxtpx:hr>132</gpxtpx:hr></gpxtpx:TrackPointExtension></extensions></trkpt><trkpt lat="60.260662" lon="24.940753"><ele>12.2</ele><time>2026-01-10T07:56:43Z</time></trkpt><trkpt lat="60.260688" lon="24.940785"><ele>12.1</ele><time>2026-01-10T07:56:44Z</time></trkpt><trkpt lat="60.260715" lon="24.940803"><ele>12.7</ele><time>2026-01-10T07:56:45Z</time></trkpt><trkpt lat="60.260738" lon="24.940807"><ele>12.0</ele><time>2026-01-10T07:56:46Z</time></trkpt><trkpt lat="60.260763" lon="24.940803"><ele>12.1</ele><time>2026-01-10T07:56:47Z</time></trkpt><trkpt lat="60.260783" lon="24.940798"><ele>11.3</ele><time>2026-01-10T07:56:48Z</time></trkpt><trkpt lat="60.260808" lon="24.9408"><ele>11.7</ele><time>2026-01-10T07:56:49Z</time></trkpt><trkpt lat="60.26083" lon="24.940792"><ele>12.5</ele><time>2026-01-10T07:56:50Z</time></trkpt><trkpt lat="60.260852" lon="24.94078"><ele>12.7</ele><time>2026-01-10T07:56:51Z</time><extensions><gpxtpx:TrackPointExtension><gpxtpx:hr>133</gpxtpx:hr></gpxtpx:TrackPointExtension></extensions></trkpt><trkpt lat="60.260865" lon="24.940767"><ele>12.4</ele><time>2026-01-10T07:56:52Z</time></trkpt><trkpt lat="60.260875" lon="24.940747"><ele>13.3</ele><time>2026-01-10T07:56:53Z</time></trkpt><trkpt lat="60.260885" lon="24.9407"><ele>13.6</ele><time>2026-01-10T07:56:54Z</time></trkpt><trkpt lat="60.260898" lon="24.940618"><ele>13.8</ele><time>2026-01-10T07:56:55Z</time><extensions><gpxtpx:TrackPointExtension><gpxtpx:hr>134</gpxtpx:hr></gpxtpx:TrackPointExtension></extensions></trkpt><trkpt lat="60.260907" lon="24.940555"><ele>14.2</ele><time>2026-01-10T07:56:56Z</time></trkpt><trkpt lat="60.260913" lon="24.940495"><ele>14.5</ele><time>2026-01-10T07:56:57Z</time><extensions><gpxtpx:TrackPointExtension><gpxtpx:hr>136</gpxtpx:hr></gpxtpx:TrackPointExtension></extensions></trkpt><trkpt lat="60.260923" lon="24.940432"><ele>14.8</ele><time>2026-01-10T07:56:58Z</time></trkpt><trkpt lat="60.260933" lon="24.940363"><ele>15.1</ele><time>2026-01-10T07:56:59Z</time></trkpt><trkpt lat="60.260948" lon="24.940285"><ele>15.2</ele><time>2026-01-10T07:57:00Z</time></trkpt><trkpt lat="60.260967" lon="24.940223"><ele>15.3</ele><time>2026-01-10T07:57:01Z</time></trkpt><trkpt lat="60.260982" lon="24.940168"><ele>15.0</ele><time>2026-01-10T07:57:02Z</time><extensions><gpxtpx:TrackPointExtension><gpxtpx:hr>136</gpxtpx:hr></gpxtpx:TrackPointExtension></extensions></trkpt><trkpt lat="60.261" lon="24.940118"><ele>15.2</ele><time>2026-01-10T07:57:03Z</time></trkpt><trkpt lat="60.261018" lon="24.940065"><ele>15.2</ele><time>2026-01-10T07:57:04Z</time></trkpt><trkpt lat="60.261037" lon="24.940015"><ele>15.2</ele><time>2026-01-10T07:57:05Z</time></trkpt><trkpt lat="60.261055" lon="24.939963"><ele>15.7</ele><time>2026-01-10T07:57:06Z</time></trkpt><trkpt lat="60.261072" lon="24.939913"><ele>15.6</ele><time>2026-01-10T07:57:06Z</time></trkpt><trkpt lat="60.26109" lon="24.939862"><ele>15.7</ele><time>2026-01-10T07:57:07Z</time></trkpt><trkpt lat="60.261102" lon="24.939743"><ele>16.7</ele><time>2026-01-10T07:57:08Z</time></trkpt><trkpt lat="60.261127" lon="24.939675"><ele>16.2</ele><time>2026-01-10T07:57:09Z</time><extensions><gpxtpx:TrackPointExtension><gpxtpx:hr>140</gpxtpx:hr></gpxtpx:TrackPointExtension></extensions></trkpt><trkpt lat="60.261137" lon="24.93962"><ele>16.0</ele><time>2026-01-10T07:57:10Z</time></trkpt><trkpt lat="60.261152" lon="24.939585"><ele>13.5</ele><time>2026-01-10T07:57:11Z</time></trkpt><trkpt lat="60.26117" lon="24.939525"><ele>15.0</ele><time>2026-01-10T07:57:12Z</time><extensions><gpxtpx:TrackPointExtension><gpxtpx:hr>141</gpxtpx:hr></gpxtpx:TrackPointExtension></extensions></trkpt><trkpt lat="60.261188" lon="24.939458"><ele>15.1</ele><time>2026-01-10T07:57:13Z</time></trkpt><trkpt lat="60.261207" lon="24.939383"><ele>16.7</ele><time>2026-01-10T07:57:14Z</time></trkpt><trkpt lat="60.261208" lon="24.939272"><ele>17.3</ele><time>2026-01-10T07:57:15Z</time></trkpt><trkpt lat="60.261223" lon="24.93922"><ele>17.0</ele><time>2026-01-10T07:57:16Z</time></trkpt><trkpt lat="60.261228" lon="24.939188"><ele>15.4</ele><time>2026-01-10T07:57:17Z</time></trkpt><trkpt lat="60.261242" lon="24.939152"><ele>15.0</ele><time>2026-01-10T07:57:18Z</time><extensions><gpxtpx:TrackPointExtension><gpxtpx:hr>141</gpxtpx:hr></gpxtpx:TrackPointExtension></extensions></trkpt><trkpt lat="60.26125" lon="24.939075"><ele>15.0</ele><time>2026-01-10T07:57:19Z</time></trkpt><trkpt lat="60.261258" lon="24.938987"><ele>15.5</ele><time>2026-01-10T07:57:20Z</time></trkpt><trkpt lat="60.261265" lon="24.938927"><ele>15.3</ele><time>2026-01-10T07:57:21Z</time></trkpt><trkpt lat="60.26127" lon="24.938855"><ele>15.9</ele><time>2026-01-10T07:57:22Z</time></trkpt><trkpt lat="60.261282" lon="24.938807"><ele>14.6</ele><time>2026-01-10T07:57:23Z</time></trkpt><trkpt lat="60.261283" lon="24.938753"><ele>14.1</ele><time>2026-01-10T07:57:24Z</time></trkpt><trkpt lat="60.261295" lon="24.93871"><ele>13.9</ele><time>2026-01-10T07:57:25Z</time></trkpt><trkpt lat="60.261293" lon="24.938632"><ele>15.6</ele><time>2026-01-10T07:57:26Z</time></trkpt><trkpt lat="60.261302" lon="24.938577"><ele>18.0</ele><time>2026-01-10T07:57:27Z</time></trkpt><trkpt lat="60.261298" lon="24.938523"><ele>16.9</ele><time>2026-01-10T07:57:28Z</time></trkpt><trkpt lat="60.261292" lon="24.938433"><ele>16.8</ele><time>2026-01-10T07:57:29Z</time></trkpt><trkpt lat="60.261288" lon="24.938355"><ele>17.1</ele><time>2026-01-10T07:57:30Z</time></trkpt><trkpt lat="60.261283" lon="24.9383"><ele>16.2</ele><time>2026-01-10T07:57:31Z</time><extensions><gpxtpx:TrackPointExtension><gpxtpx:hr>142</gpxtpx:hr></gpxtpx:TrackPointExtension></extensions></trkpt><trkpt lat="60.26128" lon="24.938275"><ele>16.2</ele><time>2026-01-10T07:57:32Z</time></trkpt><trkpt lat="60.261285" lon="24.93822"><ele>16.7</ele><time>2026-01-10T07:57:32Z</time></trkpt><trkpt lat="60.261282" lon="24.93816"><ele>16.0</ele><time>2026-01-10T07:57:33Z</time></trkpt><trkpt lat="60.261278" lon="24.938075"><ele>16.7</ele><time>2026-01-10T07:57:34Z</time><extensions><gpxtpx:TrackPointExtension><gpxtpx:hr>143</gpxtpx:hr></gpxtpx:TrackPointExtension></extensions></trkpt><trkpt lat="60.261275" lon="24.938007"><ele>16.3</ele><time>2026-01-10T07:57:35Z</time></trkpt><trkpt lat="60.261282" lon="24.937945"><ele>15.9</ele><time>2026-01-10T07:57:36Z</time></trkpt><trkpt lat="60.261288" lon="24.937875"><ele>16.4</ele><time>2026-01-10T07:57:37Z</time></trkpt><trkpt lat="60.261297" lon="24.937817"><ele>14.8</ele><time>2026-01-10T07:57:38Z</time></trkpt><trkpt lat="60.261298" lon="24.93772"><ele>16.5</ele><time>2026-01-10T07:57:39Z</time></trkpt><trkpt lat="60.261308" lon="24.937642"><ele>17.3</ele><time>2026-01-10T07:57:40Z</time></trkpt><trkpt lat="60.261308" lon="24.93757"><ele>16.9</ele><time>2026-01-10T07:57:41Z</time></trkpt><trkpt lat="60.261315" lon="24.937518"><ele>14.4</ele><time>2026-01-10T07:57:42Z</time></trkpt><trkpt lat="60.26132" lon="24.937448"><ele>13.6</ele><time>2026-01-10T07:57:43Z</time></trkpt><trkpt lat="60.261323" lon="24.93736"><ele>13.5</ele><time>2026-01-10T07:57:44Z</time></trkpt><trkpt lat="60.261335" lon="24.93729"><ele>15.6</ele><time>2026-01-10T07:57:45Z</time><extensions><gpxtpx:TrackPointExtension><gpxtpx:hr>142</gpxtpx:hr></gpxtpx:TrackPointExtension></extensions></trkpt><trkpt lat="60.261343" lon="24.937212"><ele>16.2</ele><time>2026-01-10T07:57:46Z</time></trkpt><trkpt lat="60.261357" lon="24.937157"><ele>15.4</ele><time>2026-01-10T07:57:47Z</time><extensions><gpxtpx:TrackPointExtension><gpxtpx:hr>142</gpxtpx:hr></gpxtpx:TrackPointExtension></extensions></trkpt><trkpt lat="60.261363" lon="24.937105"><ele>13.4</ele><time>2026-01-10T07:57:48Z</time></trkpt><trkpt lat="60.261383" lon="24.937048"><ele>13.2</ele><time>2026-01-10T07:57:49Z</time></trkpt><trkpt lat="60.261395" lon="24.936973"><ele>12.9</ele><time>2026-01-10T07:57:50Z</time></trkpt><trkpt lat="60.261415" lon="24.936935"><ele>11.7</ele><time>2026-01-10T07:57:51Z</time></trkpt><trkpt lat="60.261432" lon="24.936865"><ele>11.1</ele><time>2026-01-10T07:57:52Z</time></trkpt><trkpt lat="60.261452" lon="24.936798"><ele>10.7</ele><time>2026-01-10T07:57:53Z</time></trkpt><trkpt lat="60.261468" lon="24.936752"><ele>9.9</ele><time>2026-01-10T07:57:54Z</time></trkpt><trkpt lat="60.261487" lon="24.936678"><ele>10.1</ele><time>2026-01-10T07:57:55Z</time><extensions><gpxtpx:TrackPointExtension><gpxtpx:hr>141</gpxtpx:hr></gpxtpx:TrackPointExtension></extensions></trkpt><trkpt lat="60.261505" lon="24.936635"><ele>9.1</ele><time>2026-01-10T07:57:56Z</time></trkpt><trkpt lat="60.261545" lon="24.936635"><ele>10.9</ele><time>2026-01-10T07:57:57Z</time></trkpt><trkpt lat="60.261588" lon="24.936587"><ele>14.7</ele><time>2026-01-10T07:57:58Z</time><extensions><gpxtpx:TrackPointExtension><gpxtpx:hr>141</gpxtpx:hr></gpxtpx:TrackPointExtension></extensions></trkpt><trkpt lat="60.26162" lon="24.936527"><ele>16.1</ele><time>2026-01-10T07:57:59Z</time></trkpt><trkpt lat="60.261653" lon="24.93649"><ele>17.4</ele><time>2026-01-10T07:58:00Z</time></trkpt><trkpt lat="60.261673" lon="24.93644"><ele>17.3</ele><time>2026-01-10T07:58:01Z</time></trkpt><trkpt lat="60.261692" lon="24.9364"><ele>15.6</ele><time>2026-01-10T07:58:02Z</time></trkpt><trkpt lat="60.261707" lon="24.936362"><ele>14.1</ele><time>2026-01-10T07:58:03Z</time></trkpt><trkpt lat="60.261737" lon="24.936345"><ele>13.8</ele><time>2026-01-10T07:58:04Z</time></trkpt><trkpt lat="60.261777" lon="24.936348"><ele>16.5</ele><time>2026-01-10T07:58:05Z</time></trkpt><trkpt lat="60.261788" lon="24.936353"><ele>14.4</ele><time>2026-01-10T07:58:06Z</time><extensions><gpxtpx:TrackPointExtension><gpxtpx:hr>139</gpxtpx:hr></gpxtpx:TrackPointExtension></extensions></trkpt><trkpt lat="60.261805" lon="24.936313"><ele>7.7</ele><time>2026-01-10T07:58:07Z</time></trkpt><trkpt lat="60.261822" lon="24.936303"><ele>4.4</ele><time>2026-01-10T07:58:08Z</time></trkpt><trkpt lat="60.261845" lon="24.936302"><ele>3.3</ele><time>2026-01-10T07:58:09Z</time><extensions><gpxtpx:TrackPointExtension><gpxtpx:hr>139</gpxtpx:hr></gpxtpx:TrackPointExtension></extensions></trkpt><trkpt lat="60.261858" lon="24.936317"><ele>0.8</ele><time>2026-01-10T07:58:10Z</time></trkpt><trkpt lat="60.261913" lon="24.936322"><ele>4.8</ele><time>2026-01-10T07:58:11Z</time></trkpt><trkpt lat="60.261945" lon="24.93635"><ele>4.9</ele><time>2026-01-10T07:58:12Z</time></trkpt><trkpt lat="60.26197" lon="24.936372"><ele>5.1</ele><time>2026-01-10T07:58:13Z</time></trkpt><trkpt lat="60.261987" lon="24.93637"><ele>2.0</ele><time>2026-01-10T07:58:14Z</time></trkpt><trkpt lat="60.262005" lon="24.93637"><ele>-1.0</ele><time>2026-01-10T07:58:15Z</time></trkpt><trkpt lat="60.262043" lon="24.93635"><ele>0.2</ele><time>2026-01-10T07:58:16Z</time><extensions><gpxtpx:TrackPointExtension><gpxtpx:hr>140</gpxtpx:hr></gpxtpx:TrackPointExtension></extensions></trkpt><trkpt lat="60.262075" lon="24.936352"><ele>0.2</ele><time>2026-01-10T07:58:17Z</time></trkpt><trkpt lat="60.26212" lon="24.936335"><ele>1.1</ele><time>2026-01-10T07:58:18Z</time><extensions><gpxtpx:TrackPointExtension><gpxtpx:hr>141</gpxtpx:hr></gpxtpx:TrackPointExtension></extensions></trkpt><trkpt lat="60.262145" lon="24.93637"><ele>4.4</ele><time>2026-01-10T07:58:19Z</time></trkpt><trkpt lat="60.26218" lon="24.936363"><ele>5.9</ele><time>2026-01-10T07:58:20Z</time></trkpt><trkpt lat="60.262225" lon="24.936337"><ele>5.8</ele><time>2026-01-10T07:58:21Z</time></trkpt><trkpt lat="60.262262" lon="24.936322"><ele>6.7</ele><time>2026-01-10T07:58:22Z</time></trkpt><trkpt lat="60.262317" lon="24.936318"><ele>12.0</ele><time>2026-01-10T07:58:23Z</time></trkpt><trkpt lat="60.262342" lon="24.936303"><ele>14.0</ele><time>2026-01-10T07:58:24Z</time></trkpt><trkpt lat="60.26241" lon="24.936277"><ele>20.5</ele><time>2026-01-10T07:58:25Z</time></trkpt><trkpt lat="60.26244" lon="24.936245"><ele>23.2</ele><time>2026-01-10T07:58:26Z</time><extensions><gpxtpx:TrackPointExtension><gpxtpx:hr>140</gpxtpx:hr></gpxtpx:TrackPointExtension></extensions></trkpt><trkpt lat="60.262465" lon="24.936207"><ele>19.0</ele><time>2026-01-10T07:58:27Z</time><extensions><gpxtpx:TrackPointExtension><gpxtpx:hr>140</gpxtpx:hr></gpxtpx:TrackPointExtension></extensions></trkpt><trkpt lat="60.2625" lon="24.936188"><ele>19.6</ele><time>2026-01-10T07:58:28Z</time></trkpt><trkpt lat="60.262542" lon="24.93615"><ele>20.2</ele><time>2026-01-10T07:58:29Z</time></trkpt><trkpt lat="60.262568" lon="24.93614"><ele>20.5</ele><time>2026-01-10T07:58:30Z</time></trkpt><trkpt lat="60.262593" lon="24.936125"><ele>17.6</ele><time>2026-01-10T07:58:31Z</time></trkpt><trkpt lat="60.262735" lon="24.936072"><ele>17.1</ele><time>2026-01-10T07:58:35Z</time></trkpt><trkpt lat="60.262777" lon="24.93606"><ele>18.2</ele><time>2026-01-10T07:58:36Z</time><extensions><gpxtpx:TrackPointExtension><gpxtpx:hr>141</gpxtpx:hr></gpxtpx:TrackPointExtension></extensions></trkpt><trkpt lat="60.262817" lon="24.936047"><ele>18.5</ele><time>2026-01-10T07:58:37Z</time><extensions><gpxtpx:TrackPointExtension><gpxtpx:hr>141</gpxtpx:hr></gpxtpx:TrackPointExtension></extensions></trkpt><trkpt lat="60.262853" lon="24.936032"><ele>19.1</ele><time>2026-01-10T07:58:38Z</time></trkpt><trkpt lat="60.262887" lon="24.936015"><ele>18.6</ele><time>2026-01-10T07:58:39Z</time></trkpt><trkpt lat="60.262915" lon="24.936003"><ele>18.2</ele><time>2026-01-10T07:58:40Z</time></trkpt><trkpt lat="60.262945" lon="24.935988"><ele>18.7</ele><time>2026-01-10T07:58:42Z</time></trkpt><trkpt lat="60.262977" lon="24.93597"><ele>18.6</ele><time>2026-01-10T07:58:43Z</time></trkpt><trkpt lat="60.263007" lon="24.935952"><ele>18.8</ele><time>2026-01-10T07:58:44Z</time></trkpt><trkpt lat="60.263033" lon="24.935937"><ele>18.5</ele><time>2026-01-10T07:58:45Z</time><extensions><gpxtpx:TrackPointExtension><gpxtpx:hr>141</gpxtpx:hr></gpxtpx:TrackPointExtension></extensions></trkpt><trkpt lat="60.263063" lon="24.93592"><ele>18.6</ele><time>2026-01-10T07:58:46Z</time></trkpt><trkpt lat="60.263095" lon="24.935905"><ele>18.7</ele><time>2026-01-10T07:58:47Z</time></trkpt><trkpt lat="60.263125" lon="24.93589"><ele>19.1</ele><time>2026-01-10T07:58:48Z</time></trkpt><trkpt lat="60.263155" lon="24.935878"><ele>18.6</ele><time>2026-01-10T07:58:49Z</time></trkpt><trkpt lat="60.263185" lon="24.93587"><ele>18.3</ele><time>2026-01-10T07:58:50Z</time></trkpt><trkpt lat="60.263213" lon="24.935858"><ele>18.4</ele><time>2026-01-10T07:58:51Z</time><extensions><gpxtpx:TrackPointExtension><gpxtpx:hr>142</gpxtpx:hr></gpxtpx:TrackPointExtension></extensions></trkpt><trkpt lat="60.263247" lon="24.935837"><ele>18.1</ele><time>2026-01-10T07:58:52Z</time><extensions><gpxtpx:TrackPointExtension><gpxtpx:hr>142</gpxtpx:hr></gpxtpx:TrackPointExtension></extensions></trkpt><trkpt lat="60.263468" lon="24.935728"><ele>20.1</ele><time>2026-01-10T07:58:59Z</time></trkpt><trkpt lat="60.2635" lon="24.93571"><ele>20.3</ele><time>2026-01-10T07:59:00Z</time><extensions><gpxtpx:TrackPointExtension><gpxtpx:hr>141</gpxtpx:hr></gpxtpx:TrackPointExtension></extensions></trkpt><trkpt lat="60.263532" lon="24.935697"><ele>20.2</ele><time>2026-01-10T07:59:01Z</time></trkpt><trkpt lat="60.263572" lon="24.935673"><ele>20.0</ele><time>2026-01-10T07:59:02Z</time></trkpt><trkpt lat="60.2636" lon="24.935668"><ele>19.8</ele><time>2026-01-10T07:59:03Z</time></trkpt><trkpt lat="60.26363" lon="24.935653"><ele>19.6</ele><time>2026-01-10T07:59:04Z</time></trkpt><trkpt lat="60.263658" lon="24.935648"><ele>19.3</ele><time>2026-01-10T07:59:05Z</time><extensions><gpxtpx:TrackPointExtension><gpxtpx:hr>143</gpxtpx:hr></gpxtpx:TrackPointExtension></extensions></trkpt><trkpt lat="60.26368" lon="24.935633"><ele>18.8</ele><time>2026-01-10T07:59:06Z</time></trkpt><trkpt lat="60.263705" lon="24.935618"><ele>18.3</ele><time>2026-01-10T07:59:06Z</time></trkpt><trkpt lat="60.263777" lon="24.935562"><ele>34.9</ele><time>2026-01-10T07:59:07Z</time></trkpt><trkpt lat="60.263778" lon="24.93557"><ele>36.4</ele><time>2026-01-10T07:59:08Z</time></trkpt><trkpt lat="60.263727" lon="24.935527"><ele>31.6</ele><time>2026-01-10T07:59:09Z</time></trkpt><trkpt lat="60.263698" lon="24.935528"><ele>30.2</ele><time>2026-01-10T07:59:10Z</time></trkpt><trkpt lat="60.26367" lon="24.935543"><ele>27.5</ele><time>2026-01-10T07:59:11Z</time><extensions><gpxtpx:TrackPointExtension><gpxtpx:hr>143</gpxtpx:hr></gpxtpx:TrackPointExtension></extensions></trkpt><trkpt lat="60.263627" lon="24.935588"><ele>27.3</ele><time>2026-01-10T07:59:12Z</time></trkpt><trkpt lat="60.263607" lon="24.935593"><ele>25.7</ele><time>2026-01-10T07:59:13Z</time><extensions><gpxtpx:TrackPointExtension><gpxtpx:hr>143</gpxtpx:hr></gpxtpx:TrackPointExtension></extensions></trkpt><trkpt lat="60.263567" lon="24.935612"><ele>25.2</ele><time>2026-01-10T07:59:14Z</time></trkpt><trkpt lat="60.263548" lon="24.93561"><ele>23.5</ele><time>2026-01-10T07:59:15Z</time></trkpt><trkpt lat="60.263502" lon="24.935643"><ele>25.0</ele><time>2026-01-10T07:59:16Z</time></trkpt><trkpt lat="60.263468" lon="24.935667"><ele>24.7</ele><time>2026-01-10T07:59:17Z</time></trkpt><trkpt lat="60.263427" lon="24.935697"><ele>25.7</ele><time>2026-01-10T07:59:18Z</time></trkpt><trkpt lat="60.263392" lon="24.935718"><ele>25.7</ele><time>2026-01-10T07:59:19Z</time></trkpt><trkpt lat="60.263358" lon="24.935735"><ele>25.0</ele><time>2026-01-10T07:59:20Z</time></trkpt><trkpt lat="60.263338" lon="24.935735"><ele>23.8</ele><time>2026-01-10T07:59:21Z</time><extensions><gpxtpx:TrackPointExtension><gpxtpx:hr>143</gpxtpx:hr></gpxtpx:TrackPointExtension></extensions></trkpt><trkpt lat="60.263293" lon="24.935762"><ele>24.7</ele><time>2026-01-10T07:59:22Z</time><extensions><gpxtpx:TrackPointExtension><gpxtpx:hr>142</gpxtpx:hr></gpxtpx:TrackPointExtension></extensions></trkpt><trkpt lat="60.26326" lon="24.935787"><ele>24.6</ele><time>2026-01-10T07:59:23Z</time></trkpt><trkpt lat="60.26322" lon="24.93581"><ele>24.8</ele><time>2026-01-10T07:59:24Z</time></trkpt><trkpt lat="60.263195" lon="24.93583"><ele>23.4</ele><time>2026-01-10T07:59:25Z</time></trkpt><trkpt lat="60.263147" lon="24.93586"><ele>24.4</ele><time>2026-01-10T07:59:26Z</time></trkpt><trkpt lat="60.263123" lon="24.93585"><ele>22.7</ele><time>2026-01-10T07:59:27Z</time></trkpt><trkpt lat="60.263072" lon="24.935893"><ele>24.6</ele><time>2026-01-10T07:59:28Z</time></trkpt><trkpt lat="60.263047" lon="24.935907"><ele>23.8</ele><time>2026-01-10T07:59:29Z</time></trkpt><trkpt lat="60.263002" lon="24.935938"><ele>23.9</ele><time>2026-01-10T07:59:30Z</time></trkpt><trkpt lat="60.26298" lon="24.935937"><ele>22.8</ele><time>2026-01-10T07:59:31Z</time><extensions><gpxtpx:TrackPointExtension><gpxtpx:hr>141</gpxtpx:hr></gpxtpx:TrackPointExtension></extensions></trkpt><trkpt lat="60.262942" lon="24.935968"><ele>22.9</ele><time>2026-01-10T07:59:32Z</time><extensions><gpxtpx:TrackPointExtension><gpxtpx:hr>141</gpxtpx:hr></gpxtpx:TrackPointExtension></extensions></trkpt><trkpt lat="60.262907" lon="24.935985"><ele>22.6</ele><time>2026-01-10T07:59:33Z</time></trkpt><trkpt lat="60.262865" lon="24.93604"><ele>22.9</ele><time>2026-01-10T07:59:34Z</time></trkpt><trkpt lat="60.26284" lon="24.936015"><ele>21.8</ele><time>2026-01-10T07:59:35Z</time></trkpt><trkpt lat="60.262792" lon="24.936055"><ele>23.0</ele><time>2026-01-10T07:59:36Z</time></trkpt><trkpt lat="60.262767" lon="24.936037"><ele>21.0</ele><time>2026-01-10T07:59:37Z</time></trkpt><trkpt lat="60.262715" lon="24.936077"><ele>21.6</ele><time>2026-01-10T07:59:38Z</time><extensions><gpxtpx:TrackPointExtension><gpxtpx:hr>142</gpxtpx:hr></gpxtpx:TrackPointExtension></extensions></trkpt><trkpt lat="60.26269" lon="24.936077"><ele>19.9</ele><time>2026-01-10T07:59:39Z</time></trkpt><trkpt lat="60.262637" lon="24.936117"><ele>22.4</ele><time>2026-01-10T07:59:40Z</time></trkpt><trkpt lat="60.262605" lon="24.936128"><ele>22.1</ele><time>2026-01-10T07:59:41Z</time></trkpt><trkpt lat="60.262563" lon="24.936167"><ele>23.0</ele><time>2026-01-10T07:59:42Z</time><extensions><gpxtpx:TrackPointExtension><gpxtpx:hr>141</gpxtpx:hr></gpxtpx:TrackPointExtension></extensions></trkpt><trkpt lat="60.262532" lon="24.936168"><ele>22.0</ele><time>2026-01-10T07:59:43Z</time></trkpt><trkpt lat="60.262495" lon="24.936202"><ele>22.5</ele><time>2026-01-10T07:59:44Z</time></trkpt><trkpt lat="60.262468" lon="24.936227"><ele>22.5</ele><time>2026-01-10T07:59:45Z</time></trkpt><trkpt lat="60.262417" lon="24.936288"><ele>24.7</ele><time>2026-01-10T07:59:46Z</time></trkpt><trkpt lat="60.262392" lon="24.936295"><ele>22.8</ele><time>2026-01-10T07:59:47Z</time><extensions><gpxtpx:TrackPointExtension><gpxtpx:hr>140</gpxtpx:hr></gpxtpx:TrackPointExtension></extensions></trkpt><trkpt lat="60.262355" lon="24.936332"><ele>23.2</ele><time>2026-01-10T07:59:48Z</time></trkpt><trkpt lat="60.262323" lon="24.936348"><ele>22.2</ele><time>2026-01-10T07:59:49Z</time></trkpt><trkpt lat="60.262292" lon="24.936363"><ele>21.7</ele><time>2026-01-10T07:59:50Z</time></trkpt><trkpt lat="60.262255" lon="24.936393"><ele>21.9</ele><time>2026-01-10T07:59:51Z</time></trkpt><trkpt lat="60.262218" lon="24.936422"><ele>21.6</ele><time>2026-01-10T07:59:52Z</time></trkpt><trkpt lat="60.262183" lon="24.936427"><ele>21.8</ele><time>2026-01-10T07:59:53Z</time></trkpt><trkpt lat="60.262162" lon="24.93641"><ele>19.5</ele><time>2026-01-10T07:59:54Z</time></trkpt><trkpt lat="60.262118" lon="24.936415"><ele>20.3</ele><time>2026-01-10T07:59:55Z</time></trkpt><trkpt lat="60.262092" lon="24.9364"><ele>18.8</ele><time>2026-01-10T07:59:56Z</time><extensions><gpxtpx:TrackPointExtension><gpxtpx:hr>139</gpxtpx:hr></gpxtpx:TrackPointExtension></extensions></trkpt><trkpt lat="60.26204" lon="24.936417"><ele>20.8</ele><time>2026-01-10T07:59:57Z</time><extensions><gpxtpx:TrackPointExtension><gpxtpx:hr>139</gpxtpx:hr></gpxtpx:TrackPointExtension></extensions></trkpt><trkpt lat="60.262007" lon="24.936405"><ele>20.1</ele><time>2026-01-10T07:59:58Z</time></trkpt><trkpt lat="60.261975" lon="24.936383"><ele>19.6</ele><time>2026-01-10T07:59:59Z</time></trkpt><trkpt lat="60.26195" lon="24.936363"><ele>17.7</ele><time>2026-01-10T08:00:00Z</time></trkpt><trkpt lat="60.261913" lon="24.936358"><ele>17.7</ele><time>2026-01-10T08:00:01Z</time></trkpt><trkpt lat="60.261765" lon="24.93634"><ele>16.0</ele><time>2026-01-10T08:00:05Z</time><extensions><gpxtpx:TrackPointExtension><gpxtpx:hr>139</gpxtpx:hr></gpxtpx:TrackPointExtension></extensions></trkpt><trkpt lat="60.261732" lon="24.936362"><ele>16.2</ele><time>2026-01-10T08:00:06Z</time></trkpt><trkpt lat="60.261695" lon="24.936388"><ele>16.0</ele><time>2026-01-10T08:00:07Z</time></trkpt><trkpt lat="60.261662" lon="24.936423"><ele>15.6</ele><time>2026-01-10T08:00:08Z</time></trkpt><trkpt lat="60.261627" lon="24.936465"><ele>16.1</ele><time>2026-01-10T08:00:09Z</time><extensions><gpxtpx:TrackPointExtension><gpxtpx:hr>137</gpxtpx:hr></gpxtpx:TrackPointExtension></extensions></trkpt><trkpt lat="60.261595" lon="24.93651"><ele>15.3</ele><time>2026-01-10T08:00:10Z</time></trkpt><trkpt lat="60.261565" lon="24.936557"><ele>14.9</ele><time>2026-01-10T08:00:12Z</time></trkpt><trkpt lat="60.261537" lon="24.936607"><ele>14.9</ele><time>2026-01-10T08:00:13Z</time></trkpt><trkpt lat="60.261512" lon="24.936657"><ele>15.1</ele><time>2026-01-10T08:00:14Z</time><extensions><gpxtpx:TrackPointExtension><gpxtpx:hr>140</gpxtpx:hr></gpxtpx:TrackPointExtension></extensions></trkpt><trkpt lat="60.261488" lon="24.93671"><ele>15.4</ele><time>2026-01-10T08:00:15Z</time></trkpt><trkpt lat="60.261465" lon="24.93677"><ele>15.7</ele><time>2026-01-10T08:00:16Z</time></trkpt><trkpt lat="60.261443" lon="24.936847"><ele>15.9</ele><time>2026-01-10T08:00:17Z</time><extensions><gpxtpx:TrackPointExtension><gpxtpx:hr>138</gpxtpx:hr></gpxtpx:TrackPointExtension></extensions></trkpt><trkpt lat="60.26142" lon="24.93691"><ele>16.2</ele><time>2026-01-10T08:00:18Z</time></trkpt><trkpt lat="60.261402" lon="24.936997"><ele>16.9</ele><time>2026-01-10T08:00:19Z</time></trkpt><trkpt lat="60.261385" lon="24.937087"><ele>17.0</ele><time>2026-01-10T08:00:20Z</time></trkpt><trkpt lat="60.261367" lon="24.937158"><ele>16.8</ele><time>2026-01-10T08:00:21Z</time></trkpt><trkpt lat="60.26135" lon="24.937228"><ele>16.8</ele><time>2026-01-10T08:00:22Z</time></trkpt><trkpt lat="60.261333" lon="24.937288"><ele>16.8</ele><time>2026-01-10T08:00:23Z</time></trkpt><trkpt lat="60.261323" lon="24.937365"><ele>16.7</ele><time>2026-01-10T08:00:24Z</time><extensions><gpxtpx:TrackPointExtension><gpxtpx:hr>137</gpxtpx:hr></gpxtpx:TrackPointExtension></extensions></trkpt><trkpt lat="60.261315" lon="24.937438"><ele>16.3</ele><time>2026-01-10T08:00:25Z</time></trkpt><trkpt lat="60.261312" lon="24.937522"><ele>16.0</ele><time>2026-01-10T08:00:26Z</time></trkpt><trkpt lat="60.261303" lon="24.937597"><ele>15.6</ele><time>2026-01-10T08:00:27Z</time></trkpt><trkpt lat="60.261298" lon="24.937678"><ele>15.5</ele><time>2026-01-10T08:00:28Z</time></trkpt><trkpt lat="60.261288" lon="24.937747"><ele>15.2</ele><time>2026-01-10T08:00:29Z</time></trkpt><trkpt lat="60.261283" lon="24.937818"><ele>14.8</ele><time>2026-01-10T08:00:30Z</time></trkpt><trkpt lat="60.261273" lon="24.937898"><ele>14.9</ele><time>2026-01-10T08:00:31Z</time><extensions><gpxtpx:TrackPointExtension><gpxtpx:hr>136</gpxtpx:hr></gpxtpx:TrackPointExtension></extensions></trkpt><trkpt lat="60.261268" lon="24.937975"><ele>14.2</ele><time>2026-01-10T08:00:32Z</time><extensions><gpxtpx:TrackPointExtension><gpxtpx:hr>136</gpxtpx:hr></gpxtpx:TrackPointExtension></extensions></trkpt><trkpt lat="60.261265" lon="24.938057"><ele>14.3</ele><time>2026-01-10T08:00:33Z</time></trkpt><trkpt lat="60.261263" lon="24.938138"><ele>14.2</ele><time>2026-01-10T08:00:33Z</time></trkpt><trkpt lat="60.261268" lon="24.938212"><ele>13.8</ele><time>2026-01-10T08:00:34Z</time></trkpt><trkpt lat="60.26127" lon="24.938277"><ele>13.9</ele><time>2026-01-10T08:00:35Z</time></trkpt><trkpt lat="60.261277" lon="24.938348"><ele>13.9</ele><time>2026-01-10T08:00:36Z</time></trkpt><trkpt lat="60.261292" lon="24.938463"><ele>14.0</ele><time>2026-01-10T08:00:37Z</time><extensions><gpxtpx:TrackPointExtension><gpxtpx:hr>137</gpxtpx:hr></gpxtpx:TrackPointExtension></extensions></trkpt><trkpt lat="60.261303" lon="24.938542"><ele>13.7</ele><time>2026-01-10T08:00:38Z</time></trkpt><trkpt lat="60.261303" lon="24.938622"><ele>13.4</ele><time>2026-01-10T08:00:39Z</time></trkpt><trkpt lat="60.261287" lon="24.938672"><ele>8.8</ele><time>2026-01-10T08:00:40Z</time></trkpt><trkpt lat="60.261303" lon="24.938748"><ele>12.3</ele><time>2026-01-10T08:00:41Z</time></trkpt><trkpt lat="60.261292" lon="24.938797"><ele>11.3</ele><time>2026-01-10T08:00:42Z</time></trkpt><trkpt lat="60.261292" lon="24.938882"><ele>12.3</ele><time>2026-01-10T08:00:43Z</time></trkpt><trkpt lat="60.261277" lon="24.938947"><ele>11.3</ele><time>2026-01-10T08:00:44Z</time></trkpt><trkpt lat="60.261265" lon="24.938998"><ele>10.7</ele><time>2026-01-10T08:00:45Z</time><extensions><gpxtpx:TrackPointExtension><gpxtpx:hr>138</gpxtpx:hr></gpxtpx:TrackPointExtension></extensions></trkpt><trkpt lat="60.261247" lon="24.939043"><ele>8.8</ele><time>2026-01-10T08:00:46Z</time></trkpt><trkpt lat="60.261242" lon="24.939142"><ele>9.5</ele><time>2026-01-10T08:00:47Z</time></trkpt><trkpt lat="60.26123" lon="24.939203"><ele>8.8</ele><time>2026-01-10T08:00:48Z</time></trkpt><trkpt lat="60.26123" lon="24.939307"><ele>8.1</ele><time>2026-01-10T08:00:49Z</time></trkpt><trkpt lat="60.261213" lon="24.939377"><ele>8.6</ele><time>2026-01-10T08:00:50Z</time></trkpt><trkpt lat="60.2612" lon="24.939443"><ele>8.9</ele><time>2026-01-10T08:00:51Z</time><extensions><gpxtpx:TrackPointExtension><gpxtpx:hr>137</gpxtpx:hr></gpxtpx:TrackPointExtension></extensions></trkpt><trkpt lat="60.261182" lon="24.939492"><ele>10.0</ele><time>2026-01-10T08:00:52Z</time></trkpt><trkpt lat="60.261172" lon="24.939532"><ele>9.1</ele><time>2026-01-10T08:00:53Z</time></trkpt><trkpt lat="60.261167" lon="24.93966"><ele>11.5</ele><time>2026-01-10T08:00:54Z</time></trkpt><trkpt lat="60.261148" lon="24.939732"><ele>11.5</ele><time>2026-01-10T08:00:55Z</time></trkpt><trkpt lat="60.261135" lon="24.939792"><ele>11.9</ele><time>2026-01-10T08:00:56Z</time><extensions><gpxtpx:TrackPointExtension><gpxtpx:hr>136</gpxtpx:hr></gpxtpx:TrackPointExtension></extensions></trkpt><trkpt lat="60.261107" lon="24.939917"><ele>15.5</ele><time>2026-01-10T08:00:57Z</time></trkpt><trkpt lat="60.2611" lon="24.93995"><ele>13.4</ele><time>2026-01-10T08:00:58Z</time><extensions><gpxtpx:TrackPointExtension><gpxtpx:hr>136</gpxtpx:hr></gpxtpx:TrackPointExtension></extensions></trkpt><trkpt lat="60.261072" lon="24.939997"><ele>14.4</ele><time>2026-01-10T08:00:59Z</time></trkpt><trkpt lat="60.261052" lon="24.940033"><ele>13.4</ele><time>2026-01-10T08:01:00Z</time></trkpt><trkpt lat="60.261037" lon="24.94009"><ele>13.9</ele><time>2026-01-10T08:01:01Z</time></trkpt><trkpt lat="60.261025" lon="24.940157"><ele>15.3</ele><time>2026-01-10T08:01:02Z</time><extensions><gpxtpx:TrackPointExtension><gpxtpx:hr>136</gpxtpx:hr></gpxtpx:TrackPointExtension></extensions></trkpt><trkpt lat="60.261013" lon="24.940222"><ele>14.4</ele><time>2026-01-10T08:01:03Z</time></trkpt><trkpt lat="60.260993" lon="24.940273"><ele>14.3</ele><time>2026-01-10T08:01:04Z</time></trkpt><trkpt lat="60.260975" lon="24.94034"><ele>14.3</ele><time>2026-01-10T08:01:05Z</time></trkpt><trkpt lat="60.260953" lon="24.940383"><ele>13.7</ele><time>2026-01-10T08:01:06Z</time></trkpt><trkpt lat="60.260938" lon="24.940455"><ele>15.2</ele><time>2026-01-10T08:01:07Z</time></trkpt><trkpt lat="60.260925" lon="24.940515"><ele>13.8</ele><time>2026-01-10T08:01:08Z</time></trkpt><trkpt lat="60.260913" lon="24.940607"><ele>16.5</ele><time>2026-01-10T08:01:09Z</time><extensions><gpxtpx:TrackPointExtension><gpxtpx:hr>137</gpxtpx:hr></gpxtpx:TrackPointExtension></extensions></trkpt><trkpt lat="60.260902" lon="24.940658"><ele>15.6</ele><time>2026-01-10T08:01:10Z</time></trkpt><trkpt lat="60.260888" lon="24.94072"><ele>16.3</ele><time>2026-01-10T08:01:11Z</time></trkpt><trkpt lat="60.260872" lon="24.940763"><ele>17.2</ele><time>2026-01-10T08:01:12Z</time><extensions><gpxtpx:TrackPointExtension><gpxtpx:hr>136</gpxtpx:hr></gpxtpx:TrackPointExtension></extensions></trkpt><trkpt lat="60.260848" lon="24.940782"><ele>16.0</ele><time>2026-01-10T08:01:13Z</time></trkpt><trkpt lat="60.260825" lon="24.94079"><ele>15.8</ele><time>2026-01-10T08:01:14Z</time></trkpt><trkpt lat="60.260805" lon="24.940807"><ele>16.4</ele><time>2026-01-10T08:01:15Z</time></trkpt><trkpt lat="60.26079" lon="24.940803"><ele>15.9</ele><time>2026-01-10T08:01:16Z</time></trkpt><trkpt lat="60.260778" lon="24.9408"><ele>15.2</ele><time>2026-01-10T08:01:17Z</time><extensions><gpxtpx:TrackPointExtension><gpxtpx:hr>136</gpxtpx:hr></gpxtpx:TrackPointExtension></extensions></trkpt><trkpt lat="60.26076" lon="24.940823"><ele>16.6</ele><time>2026-01-10T08:01:18Z</time></trkpt><trkpt lat="60.260748" lon="24.940805"><ele>14.6</ele><time>2026-01-10T08:01:19Z</time></trkpt><trkpt lat="60.260717" lon="24.94082"><ele>16.0</ele><time>2026-01-10T08:01:20Z</time></trkpt><trkpt lat="60.260683" lon="24.940803"><ele>15.9</ele><time>2026-01-10T08:01:21Z</time></trkpt><trkpt lat="60.26065" lon="24.940787"><ele>16.5</ele><time>2026-01-10T08:01:22Z</time><extensions><gpxtpx:TrackPointExtension><gpxtpx:hr>137</gpxtpx:hr></gpxtpx:TrackPointExtension></extensions></trkpt><trkpt lat="60.26064" lon="24.940745"><ele>13.8</ele><time>2026-01-10T08:01:23Z</time></trkpt><trkpt lat="60.260595" lon="24.9407"><ele>17.2</ele><time>2026-01-10T08:01:24Z</time></trkpt><trkpt lat="60.26059" lon="24.940643"><ele>14.8</ele><time>2026-01-10T08:01:25Z</time></trkpt><trkpt lat="60.260558" lon="24.9406"><ele>16.3</ele><time>2026-01-10T08:01:26Z</time></trkpt><trkpt lat="60.260542" lon="24.940537"><ele>16.6</ele><time>2026-01-10T08:01:27Z</time></trkpt><trkpt lat="60.260522" lon="24.940497"><ele>14.4</ele><time>2026-01-10T08:01:28Z</time><extensions><gpxtpx:TrackPointExtension><gpxtpx:hr>136</gpxtpx:hr></gpxtpx:TrackPointExtension></extensions></trkpt><trkpt lat="60.260508" lon="24.940428"><ele>14.3</ele><time>2026-01-10T08:01:29Z</time></trkpt><trkpt lat="60.260502" lon="24.940373"><ele>11.5</ele><time>2026-01-10T08:01:30Z</time></trkpt><trkpt lat="60.260492" lon="24.94032"><ele>11.5</ele><time>2026-01-10T08:01:31Z</time></trkpt><trkpt lat="60.26045" lon="24.940098"><ele>15.3</ele><time>2026-01-10T08:01:35Z</time><extensions><gpxtpx:TrackPointExtension><gpxtpx:hr>137</gpxtpx:hr></gpxtpx:TrackPointExtension></extensions></trkpt><trkpt lat="60.260433" lon="24.940043"><ele>15.8</ele><time>2026-01-10T08:01:36Z</time></trkpt><trkpt lat="60.260417" lon="24.939993"><ele>16.1</ele><time>2026-01-10T08:01:37Z</time></trkpt><trkpt lat="60.260393" lon="24.939952"><ele>16.9</ele><time>2026-01-10T08:01:38Z</time></trkpt><trkpt lat="60.260358" lon="24.939915"><ele>16.8</ele><time>2026-01-10T08:01:39Z</time></trkpt><trkpt lat="60.260322" lon="24.939893"><ele>17.1</ele><time>2026-01-10T08:01:40Z</time></trkpt><trkpt lat="60.260287" lon="24.93989"><ele>16.5</ele><time>2026-01-10T08:01:42Z</time><extensions><gpxtpx:TrackPointExtension><gpxtpx:hr>137</gpxtpx:hr></gpxtpx:TrackPointExtension></extensions></trkpt><trkpt lat="60.260255" lon="24.939893"><ele>15.6</ele><time>2026-01-10T08:01:43Z</time><extensions><gpxtpx:TrackPointExtension><gpxtpx:hr>137</gpxtpx:hr></gpxtpx:TrackPointExtension></extensions></trkpt><trkpt lat="60.260225" lon="24.939898"><ele>15.9</ele><time>2026-01-10T08:01:44Z</time></trkpt><trkpt lat="60.26019" lon="24.939895"><ele>15.8</ele><time>2026-01-10T08:01:45Z</time></trkpt><trkpt lat="60.260152" lon="24.93989"><ele>15.9</ele><time>2026-01-10T08:01:46Z</time></trkpt><trkpt lat="60.260113" lon="24.939878"><ele>15.7</ele><time>2026-01-10T08:01:47Z</time></trkpt><trkpt lat="60.260072" lon="24.939863"><ele>15.8</ele><time>2026-01-10T08:01:48Z</time><extensions><gpxtpx:TrackPointExtension><gpxtpx:hr>137</gpxtpx:hr></gpxtpx:TrackPointExtension></extensions></trkpt><trkpt lat="60.260033" lon="24.93985"><ele>16.1</ele><time>2026-01-10T08:01:49Z</time></trkpt><trkpt lat="60.259992" lon="24.939822"><ele>16.2</ele><time>2026-01-10T08:01:50Z</time></trkpt><trkpt lat="60.259962" lon="24.939797"><ele>15.7</ele><time>2026-01-10T08:01:51Z</time></trkpt><trkpt lat="60.259935" lon="24.939757"><ele>15.8</ele><time>2026-01-10T08:01:52Z</time><extensions><gpxtpx:TrackPointExtension><gpxtpx:hr>137</gpxtpx:hr></gpxtpx:TrackPointExtension></extensions></trkpt><trkpt lat="60.25991" lon="24.93972"><ele>16.0</ele><time>2026-01-10T08:01:53Z</time></trkpt><trkpt lat="60.259887" lon="24.939687"><ele>16.3</ele><time>2026-01-10T08:01:54Z</time></trkpt><trkpt lat="60.25986" lon="24.939647"><ele>16.2</ele><time>2026-01-10T08:01:55Z</time></trkpt><trkpt lat="60.259832" lon="24.9396"><ele>15.9</ele><time>2026-01-10T08:01:56Z</time></trkpt><trkpt lat="60.259808" lon="24.939545"><ele>15.5</ele><time>2026-01-10T08:01:57Z</time></trkpt><trkpt lat="60.259783" lon="24.939478"><ele>16.0</ele><time>2026-01-10T08:01:58Z</time></trkpt><trkpt lat="60.25976" lon="24.939403"><ele>15.5</ele><time>2026-01-10T08:01:59Z</time></trkpt><trkpt lat="60.259743" lon="24.939338"><ele>15.8</ele><time>2026-01-10T08:02:00Z</time></trkpt><trkpt lat="60.259735" lon="24.93929"><ele>15.5</ele><time>2026-01-10T08:02:00Z</time></trkpt><trkpt lat="60.25972" lon="24.939235"><ele>16.2</ele><time>2026-01-10T08:02:01Z</time><extensions><gpxtpx:TrackPointExtension><gpxtpx:hr>137</gpxtpx:hr></gpxtpx:TrackPointExtension></extensions></trkpt><trkpt lat="60.259708" lon="24.939177"><ele>16.4</ele><time>2026-01-10T08:02:02Z</time></trkpt><trkpt lat="60.259702" lon="24.93911"><ele>16.2</ele><time>2026-01-10T08:02:03Z</time></trkpt><trkpt lat="60.259695" lon="24.939032"><ele>16.1</ele><time>2026-01-10T08:02:04Z</time></trkpt><trkpt lat="60.259687" lon="24.938943"><ele>16.3</ele><time>2026-01-10T08:02:05Z</time><extensions><gpxtpx:TrackPointExtension><gpxtpx:hr>137</gpxtpx:hr></gpxtpx:TrackPointExtension></extensions></trkpt><trkpt lat="60.259683" lon="24.938872"><ele>16.3</ele><time>2026-01-10T08:02:06Z</time></trkpt><trkpt lat="60.259682" lon="24.938805"><ele>16.8</ele><time>2026-01-10T08:02:07Z</time></trkpt><trkpt lat="60.259702" lon="24.938772"><ele>13.0</ele><time>2026-01-10T08:02:08Z</time><extensions><gpxtpx:TrackPointExtension><gpxtpx:hr>137</gpxtpx:hr></gpxtpx:TrackPointExtension></extensions></trkpt><trkpt lat="60.259692" lon="24.938712"><ele>13.2</ele><time>2026-01-10T08:02:09Z</time></trkpt><trkpt lat="60.259697" lon="24.938655"><ele>13.4</ele><time>2026-01-10T08:02:10Z</time></trkpt><trkpt lat="60.259673" lon="24.938527"><ele>18.1</ele><time>2026-01-10T08:02:11Z</time></trkpt><trkpt lat="60.259683" lon="24.938457"><ele>18.3</ele><time>2026-01-10T08:02:12Z</time></trkpt><trkpt lat="60.259673" lon="24.938387"><ele>18.3</ele><time>2026-01-10T08:02:13Z</time></trkpt><trkpt lat="60.259688" lon="24.938332"><ele>16.4</ele><time>2026-01-10T08:02:14Z</time></trkpt><trkpt lat="60.25967" lon="24.93823"><ele>16.9</ele><time>2026-01-10T08:02:15Z</time></trkpt><trkpt lat="60.259668" lon="24.938127"><ele>17.8</ele><time>2026-01-10T08:02:16Z</time><extensions><gpxtpx:TrackPointExtension><gpxtpx:hr>137</gpxtpx:hr></gpxtpx:TrackPointExtension></extensions></trkpt><trkpt lat="60.259657" lon="24.938047"><ele>17.6</ele><time>2026-01-10T08:02:17Z</time><extensions><gpxtpx:TrackPointExtension><gpxtpx:hr>137</gpxtpx:hr></gpxtpx:TrackPointExtension></extensions></trkpt><trkpt lat="60.259675" lon="24.938022"><ele>15.6</ele><time>2026-01-10T08:02:18Z</time></trkpt><trkpt lat="60.259667" lon="24.937957"><ele>14.4</ele><time>2026-01-10T08:02:19Z</time></trkpt><trkpt lat="60.259662" lon="24.937918"><ele>12.1</ele><time>2026-01-10T08:02:20Z</time></trkpt><trkpt lat="60.259648" lon="24.937835"><ele>11.2</ele><time>2026-01-10T08:02:21Z</time></trkpt><trkpt lat="60.259667" lon="24.937798"><ele>8.9</ele><time>2026-01-10T08:02:22Z</time></trkpt><trkpt lat="60.25966" lon="24.937712"><ele>8.0</ele><time>2026-01-10T08:02:23Z</time><extensions><gpxtpx:TrackPointExtension><gpxtpx:hr>137</gpxtpx:hr></gpxtpx:TrackPointExtension></extensions></trkpt><trkpt lat="60.259657" lon="24.937633"><ele>8.5</ele><time>2026-01-10T08:02:24Z</time></trkpt><trkpt lat="60.259647" lon="24.93753"><ele>10.6</ele><time>2026-01-10T08:02:25Z</time></trkpt><trkpt lat="60.259645" lon="24.937435"><ele>11.9</ele><time>2026-01-10T08:02:26Z</time></trkpt><trkpt lat="60.259638" lon="24.937362"><ele>10.7</ele><time>2026-01-10T08:02:27Z</time><extensions><gpxtpx:TrackPointExtension><gpxtpx:hr>137</gpxtpx:hr></gpxtpx:TrackPointExtension></extensions></trkpt><trkpt lat="60.259633" lon="24.937297"><ele>10.2</ele><time>2026-01-10T08:02:28Z</time></trkpt><trkpt lat="60.259645" lon="24.937218"><ele>13.9</ele><time>2026-01-10T08:02:29Z</time></trkpt><trkpt lat="60.25964" lon="24.937188"><ele>11.9</ele><time>2026-01-10T08:02:30Z</time></trkpt><trkpt lat="60.259632" lon="24.937103"><ele>14.8</ele><time>2026-01-10T08:02:31Z</time></trkpt><trkpt lat="60.25963" lon="24.93708"><ele>12.6</ele><time>2026-01-10T08:02:32Z</time></trkpt><trkpt lat="60.259625" lon="24.937028"><ele>13.9</ele><time>2026-01-10T08:02:33Z</time><extensions><gpxtpx:TrackPointExtension><gpxtpx:hr>138</gpxtpx:hr></gpxtpx:TrackPointExtension></extensions></trkpt><trkpt lat="60.259612" lon="24.936962"><ele>14.4</ele><time>2026-01-10T08:02:34Z</time></trkpt><trkpt lat="60.259593" lon="24.936892"><ele>13.9</ele><time>2026-01-10T08:02:35Z</time></trkpt><trkpt lat="60.259565" lon="24.936828"><ele>14.5</ele><time>2026-01-10T08:02:36Z</time></trkpt><trkpt lat="60.259523" lon="24.936792"><ele>13.1</ele><time>2026-01-10T08:02:37Z</time><extensions><gpxtpx:TrackPointExtension><gpxtpx:hr>138</gpxtpx:hr></gpxtpx:TrackPointExtension></extensions></trkpt><trkpt lat="60.259493" lon="24.936722"><ele>15.3</ele><time>2026-01-10T08:02:38Z</time></trkpt><trkpt lat="60.25946" lon="24.936657"><ele>15.1</ele><time>2026-01-10T08:02:39Z</time></trkpt><trkpt lat="60.259428" lon="24.936605"><ele>17.0</ele><time>2026-01-10T08:02:40Z</time></trkpt><trkpt lat="60.259378" lon="24.936553"><ele>17.2</ele><time>2026-01-10T08:02:41Z</time></trkpt><trkpt lat="60.259363" lon="24.93651"><ele>15.5</ele><time>2026-01-10T08:02:42Z</time></trkpt><trkpt lat="60.25933" lon="24.936462"><ele>15.1</ele><time>2026-01-10T08:02:43Z</time></trkpt><trkpt lat="60.259315" lon="24.936418"><ele>15.0</ele><time>2026-01-10T08:02:44Z</time></trkpt><trkpt lat="60.259283" lon="24.936363"><ele>14.7</ele><time>2026-01-10T08:02:45Z</time><extensions><gpxtpx:TrackPointExtension><gpxtpx:hr>138</gpxtpx:hr></gpxtpx:TrackPointExtension></extensions></trkpt><trkpt lat="60.259245" lon="24.936312"><ele>16.0</ele><time>2026-01-10T08:02:46Z</time></trkpt><trkpt lat="60.259222" lon="24.936238"><ele>16.0</ele><time>2026-01-10T08:02:47Z</time></trkpt><trkpt lat="60.259197" lon="24.936162"><ele>15.8</ele><time>2026-01-10T08:02:48Z</time></trkpt><trkpt lat="60.259182" lon="24.93611"><ele>15.9</ele><time>2026-01-10T08:02:49Z</time><extensions><gpxtpx:TrackPointExtension><gpxtpx:hr>138</gpxtpx:hr></gpxtpx:TrackPointExtension></extensions></trkpt><trkpt lat="60.259158" lon="24.936037"><ele>16.8</ele><time>2026-01-10T08:02:50Z</time></trkpt><trkpt lat="60.259155" lon="24.93598"><ele>17.0</ele><time>2026-01-10T08:02:51Z</time></trkpt><trkpt lat="60.259128" lon="24.935917"><ele>16.4</ele><time>2026-01-10T08:02:52Z</time><extensions><gpxtpx:TrackPointExtension><gpxtpx:hr>138</gpxtpx:hr></gpxtpx:TrackPointExtension></extensions></trkpt><trkpt lat="60.259105" lon="24.935867"><ele>16.3</ele><time>2026-01-10T08:02:53Z</time></trkpt><trkpt lat="60.25908" lon="24.935802"><ele>16.3</ele><time>2026-01-10T08:02:54Z</time></trkpt><trkpt lat="60.259057" lon="24.935755"><ele>14.5</ele><time>2026-01-10T08:02:55Z</time></trkpt><trkpt lat="60.259022" lon="24.93571"><ele>16.6</ele><time>2026-01-10T08:02:56Z</time></trkpt><trkpt lat="60.25899" lon="24.935677"><ele>17.0</ele><time>2026-01-10T08:02:57Z</time></trkpt><trkpt lat="60.258967" lon="24.935623"><ele>17.2</ele><time>2026-01-10T08:02:58Z</time></trkpt><trkpt lat="60.258955" lon="24.935585"><ele>14.6</ele><time>2026-01-10T08:02:59Z</time></trkpt><trkpt lat="60.25892" lon="24.935535"><ele>15.9</ele><time>2026-01-10T08:03:00Z</time></trkpt><trkpt lat="60.258905" lon="24.935485"><ele>13.4</ele><time>2026-01-10T08:03:01Z</time><extensions><gpxtpx:TrackPointExtension><gpxtpx:hr>138</gpxtpx:hr></gpxtpx:TrackPointExtension></extensions></trkpt><trkpt lat="60.258882" lon="24.93544"><ele>12.7</ele><time>2026-01-10T08:03:02Z</time></trkpt><trkpt lat="60.258847" lon="24.9354"><ele>13.8</ele><time>2026-01-10T08:03:03Z</time></trkpt><trkpt lat="60.258823" lon="24.935355"><ele>13.7</ele><time>2026-01-10T08:03:04Z</time><extensions><gpxtpx:TrackPointExtension><gpxtpx:hr>137</gpxtpx:hr></gpxtpx:TrackPointExtension></extensions></trkpt><trkpt lat="60.258795" lon="24.935298"><ele>14.2</ele><time>2026-01-10T08:03:05Z</time></trkpt><trkpt lat="60.258803" lon="24.935247"><ele>11.6</ele><time>2026-01-10T08:03:06Z</time></trkpt><trkpt lat="60.258778" lon="24.935163"><ele>14.1</ele><time>2026-01-10T08:03:07Z</time></trkpt><trkpt lat="60.258767" lon="24.935093"><ele>12.8</ele><time>2026-01-10T08:03:08Z</time></trkpt><trkpt lat="60.258765" lon="24.935025"><ele>13.7</ele><time>2026-01-10T08:03:09Z</time></trkpt><trkpt lat="60.258755" lon="24.934947"><ele>13.9</ele><time>2026-01-10T08:03:10Z</time></trkpt><trkpt lat="60.258765" lon="24.934892"><ele>13.9</ele><time>2026-01-10T08:03:11Z</time><extensions><gpxtpx:TrackPointExtension><gpxtpx:hr>136</gpxtpx:hr></gpxtpx:TrackPointExtension></extensions></trkpt><trkpt lat="60.258772" lon="24.934815"><ele>13.8</ele><time>2026-01-10T08:03:12Z</time><extensions><gpxtpx:TrackPointExtension><gpxtpx:hr>136</gpxtpx:hr></gpxtpx:TrackPointExtension></extensions></trkpt><trkpt lat="60.258773" lon="24.934787"><ele>10.4</ele><time>2026-01-10T08:03:13Z</time></trkpt><trkpt lat="60.258787" lon="24.934735"><ele>9.7</ele><time>2026-01-10T08:03:14Z</time></trkpt><trkpt lat="60.258793" lon="24.934685"><ele>9.2</ele><time>2026-01-10T08:03:15Z</time></trkpt><trkpt lat="60.258803" lon="24.934607"><ele>8.3</ele><time>2026-01-10T08:03:16Z</time></trkpt><trkpt lat="60.258808" lon="24.934573"><ele>6.4</ele><time>2026-01-10T08:03:17Z</time><extensions><gpxtpx:TrackPointExtension><gpxtpx:hr>138</gpxtpx:hr></gpxtpx:TrackPointExtension></extensions></trkpt><trkpt lat="60.258818" lon="24.934525"><ele>5.9</ele><time>2026-01-10T08:03:18Z</time></trkpt><trkpt lat="60.258827" lon="24.934443"><ele>8.0</ele><time>2026-01-10T08:03:19Z</time></trkpt><trkpt lat="60.258838" lon="24.93438"><ele>8.5</ele><time>2026-01-10T08:03:20Z</time></trkpt><trkpt lat="60.258845" lon="24.93428"><ele>9.5</ele><time>2026-01-10T08:03:21Z</time></trkpt><trkpt lat="60.258895" lon="24.933993"><ele>6.6</ele><time>2026-01-10T08:03:25Z</time><extensions><gpxtpx:TrackPointExtension><gpxtpx:hr>137</gpxtpx:hr></gpxtpx:TrackPointExtension></extensions></trkpt><trkpt lat="60.258923" lon="24.933862"><ele>7.6</ele><time>2026-01-10T08:03:26Z</time></trkpt><trkpt lat="60.258952" lon="24.933773"><ele>9.3</ele><time>2026-01-10T08:03:27Z</time></trkpt><trkpt lat="60.258963" lon="24.933717"><ele>10.1</ele><time>2026-01-10T08:03:28Z</time></trkpt><trkpt lat="60.258983" lon="24.933625"><ele>13.1</ele><time>2026-01-10T08:03:29Z</time><extensions><gpxtpx:TrackPointExtension><gpxtpx:hr>136</gpxtpx:hr></gpxtpx:TrackPointExtension></extensions></trkpt><trkpt lat="60.258995" lon="24.933543"><ele>13.5</ele><time>2026-01-10T08:03:30Z</time></trkpt><trkpt lat="60.25901" lon="24.933535"><ele>11.2</ele><time>2026-01-10T08:03:31Z</time></trkpt><trkpt lat="60.259017" lon="24.933475"><ele>13.0</ele><time>2026-01-10T08:03:32Z</time></trkpt><trkpt lat="60.259005" lon="24.93341"><ele>13.6</ele><time>2026-01-10T08:03:33Z</time></trkpt><trkpt lat="60.258985" lon="24.933342"><ele>13.5</ele><time>2026-01-10T08:03:34Z</time></trkpt><trkpt lat="60.258943" lon="24.933287"><ele>13.2</ele><time>2026-01-10T08:03:35Z</time></trkpt><trkpt lat="60.258915" lon="24.933263"><ele>11.4</ele><time>2026-01-10T08:03:36Z</time><extensions><gpxtpx:TrackPointExtension><gpxtpx:hr>139</gpxtpx:hr></gpxtpx:TrackPointExtension></extensions></trkpt><trkpt lat="60.258878" lon="24.933237"><ele>15.0</ele><time>2026-01-10T08:03:37Z</time><extensions><gpxtpx:TrackPointExtension><gpxtpx:hr>139</gpxtpx:hr></gpxtpx:TrackPointExtension></extensions></trkpt><trkpt lat="60.25884" lon="24.933208"><ele>14.0</ele><time>2026-01-10T08:03:38Z</time></trkpt><trkpt lat="60.258805" lon="24.933188"><ele>15.0</ele><time>2026-01-10T08:03:39Z</time></trkpt><trkpt lat="60.258773" lon="24.933153"><ele>14.7</ele><time>2026-01-10T08:03:40Z</time></trkpt><trkpt lat="60.258745" lon="24.933108"><ele>14.0</ele><time>2026-01-10T08:03:41Z</time></trkpt><trkpt lat="60.258702" lon="24.933085"><ele>14.3</ele><time>2026-01-10T08:03:42Z</time></trkpt><trkpt lat="60.258673" lon="24.933072"><ele>13.7</ele><time>2026-01-10T08:03:43Z</time><extensions><gpxtpx:TrackPointExtension><gpxtpx:hr>140</gpxtpx:hr></gpxtpx:TrackPointExtension></extensions></trkpt><trkpt lat="60.258623" lon="24.933047"><ele>15.3</ele><time>2026-01-10T08:03:44Z</time></trkpt><trkpt lat="60.258583" lon="24.933008"><ele>16.0</ele><time>2026-01-10T08:03:45Z</time></trkpt><trkpt lat="60.258548" lon="24.932975"><ele>16.5</ele><time>2026-01-10T08:03:46Z</time></trkpt><trkpt lat="60.258493" lon="24.932945"><ele>18.9</ele><time>2026-01-10T08:03:47Z</time><extensions><gpxtpx:TrackPointExtension><gpxtpx:hr>139</gpxtpx:hr></gpxtpx:TrackPointExtension></extensions></trkpt><trkpt lat="60.25846" lon="24.93289"><ele>17.9</ele><time>2026-01-10T08:03:49Z</time></trkpt><trkpt lat="60.258433" lon="24.932845"><ele>16.4</ele><time>2026-01-10T08:03:49Z</time></trkpt><trkpt lat="60.2584" lon="24.932825"><ele>17.1</ele><time>2026-01-10T08:03:51Z</time></trkpt><trkpt lat="60.258362" lon="24.932777"><ele>16.0</ele><time>2026-01-10T08:03:52Z</time><extensions><gpxtpx:TrackPointExtension><gpxtpx:hr>140</gpxtpx:hr></gpxtpx:TrackPointExtension></extensions></trkpt><trkpt lat="60.258337" lon="24.932735"><ele>15.2</ele><time>2026-01-10T08:03:53Z</time></trkpt><trkpt lat="60.258302" lon="24.9327"><ele>16.0</ele><time>2026-01-10T08:03:54Z</time></trkpt><trkpt lat="60.258267" lon="24.932655"><ele>15.1</ele><time>2026-01-10T08:03:55Z</time></trkpt><trkpt lat="60.258235" lon="24.932607"><ele>17.5</ele><time>2026-01-10T08:03:55Z</time></trkpt><trkpt lat="60.25819" lon="24.932572"><ele>14.9</ele><time>2026-01-10T08:03:57Z</time></trkpt><trkpt lat="60.258173" lon="24.93252"><ele>14.8</ele><time>2026-01-10T08:03:58Z</time><extensions><gpxtpx:TrackPointExtension><gpxtpx:hr>140</gpxtpx:hr></gpxtpx:TrackPointExtension></extensions></trkpt><trkpt lat="60.258153" lon="24.932478"><ele>15.5</ele><time>2026-01-10T08:03:58Z</time></trkpt><trkpt lat="60.25814" lon="24.932448"><ele>13.6</ele><time>2026-01-10T08:04:00Z</time></trkpt><trkpt lat="60.258123" lon="24.932405"><ele>13.1</ele><time>2026-01-10T08:04:01Z</time></trkpt><trkpt lat="60.258087" lon="24.93236"><ele>11.0</ele><time>2026-01-10T08:04:01Z</time></trkpt><trkpt lat="60.258035" lon="24.93226"><ele>9.8</ele><time>2026-01-10T08:04:04Z</time><extensions><gpxtpx:TrackPointExtension><gpxtpx:hr>140</gpxtpx:hr></gpxtpx:TrackPointExtension></extensions></trkpt><trkpt lat="60.25802" lon="24.932218"><ele>13.8</ele><time>2026-01-10T08:04:04Z</time></trkpt><trkpt lat="60.257987" lon="24.93219"><ele>12.3</ele><time>2026-01-10T08:04:05Z</time></trkpt><trkpt lat="60.257948" lon="24.932135"><ele>13.2</ele><time>2026-01-10T08:04:06Z</time></trkpt><trkpt lat="60.25792" lon="24.932087"><ele>14.9</ele><time>2026-01-10T08:04:07Z</time></trkpt><trkpt lat="60.257888" lon="24.932042"><ele>14.8</ele><time>2026-01-10T08:04:08Z</time></trkpt><trkpt lat="60.257875" lon="24.931993"><ele>12.8</ele><time>2026-01-10T08:04:09Z</time></trkpt><trkpt lat="60.257855" lon="24.931935"><ele>12.4</ele><time>2026-01-10T08:04:10Z</time></trkpt><trkpt lat="60.25759" lon="24.931298"><ele>19.2</ele><time>2026-01-10T08:04:22Z</time><extensions><gpxtpx:TrackPointExtension><gpxtpx:hr>141</gpxtpx:hr></gpxtpx:TrackPointExtension></extensions></trkpt><trkpt lat="60.25759" lon="24.931298"><ele>19.2</ele><time>2026-01-10T08:04:12Z</time><extensions><gpxtpx:TrackPointExtension><gpxtpx:hr>141</gpxtpx:hr></gpxtpx:TrackPointExtension></extensions></trkpt><trkpt lat="60.25759" lon="24.931298"><ele>19.2</ele><time>2026-01-10T08:04:19Z</time><extensions><gpxtpx:TrackPointExtension><gpxtpx:hr>141</gpxtpx:hr></gpxtpx:TrackPointExtension></extensions></trkpt><trkpt lat="60.25759" lon="24.931298"><ele>19.2</ele><time>2026-01-10T08:04:22Z</time><extensions><gpxtpx:TrackPointExtension><gpxtpx:hr>141</gpxtpx:hr></gpxtpx:TrackPointExtension></extensions></trkpt><trkpt lat="60.257587" lon="24.931252"><ele>17.9</ele><time>2026-01-10T08:04:23Z</time></trkpt><trkpt lat="60.257457" lon="24.93078"><ele>13.9</ele><time>2026-01-10T08:04:31Z</time><extensions><gpxtpx:TrackPointExtension><gpxtpx:hr>144</gpxtpx:hr></gpxtpx:TrackPointExtension></extensions></trkpt><trkpt lat="60.257433" lon="24.930722"><ele>15.2</ele><time>2026-01-10T08:04:32Z</time><extensions><gpxtpx:TrackPointExtension><gpxtpx:hr>143</gpxtpx:hr></gpxtpx:TrackPointExtension></extensions></trkpt><trkpt lat="60.257423" lon="24.930678"><ele>15.5</ele><time>2026-01-10T08:04:32Z</time></trkpt><trkpt lat="60.257405" lon="24.930613"><ele>15.8</ele><time>2026-01-10T08:04:33Z</time></trkpt><trkpt lat="60.257385" lon="24.930545"><ele>16.6</ele><time>2026-01-10T08:04:34Z</time></trkpt><trkpt lat="60.257362" lon="24.93049"><ele>17.8</ele><time>2026-01-10T08:04:35Z</time></trkpt><trkpt lat="60.25734" lon="24.930428"><ele>18.1</ele><time>2026-01-10T08:04:36Z</time></trkpt><trkpt lat="60.257322" lon="24.930372"><ele>18.7</ele><time>2026-01-10T08:04:37Z</time><extensions><gpxtpx:TrackPointExtension><gpxtpx:hr>141</gpxtpx:hr></gpxtpx:TrackPointExtension></extensions></trkpt><trkpt lat="60.257257" lon="24.930137"><ele>19.2</ele><time>2026-01-10T08:04:38Z</time></trkpt><trkpt lat="60.257187" lon="24.929942"><ele>19.9</ele><time>2026-01-10T08:04:39Z</time></trkpt><trkpt lat="60.257163" lon="24.929903"><ele>20.0</ele><time>2026-01-10T08:04:40Z</time></trkpt><trkpt lat="60.257132" lon="24.929773"><ele>20.0</ele><time>2026-01-10T08:04:41Z</time></trkpt><trkpt lat="60.257185" lon="24.930118"><ele>17.3</ele><time>2026-01-10T08:04:41Z</time></trkpt><trkpt lat="60.257093" lon="24.929662"><ele>20.3</ele><time>2026-01-10T08:04:42Z</time><extensions><gpxtpx:TrackPointExtension><gpxtpx:hr>139</gpxtpx:hr></gpxtpx:TrackPointExtension></extensions></trkpt><trkpt lat="60.257168" lon="24.930055"><ele>14.7</ele><time>2026-01-10T08:04:42Z</time></trkpt><trkpt lat="60.257062" lon="24.929523"><ele>20.2</ele><time>2026-01-10T08:04:43Z</time></trkpt><trkpt lat="60.257147" lon="24.929948"><ele>14.3</ele><time>2026-01-10T08:04:43Z</time></trkpt><trkpt lat="60.257175" lon="24.929915"><ele>20.2</ele><time>2026-01-10T08:04:44Z</time></trkpt><trkpt lat="60.257155" lon="24.929847"><ele>19.8</ele><time>2026-01-10T08:04:45Z</time></trkpt><trkpt lat="60.257137" lon="24.929782"><ele>19.7</ele><time>2026-01-10T08:04:46Z</time></trkpt><trkpt lat="60.25712" lon="24.929715"><ele>19.5</ele><time>2026-01-10T08:04:47Z</time></trkpt><trkpt lat="60.257105" lon="24.929655"><ele>20.0</ele><time>2026-01-10T08:04:48Z</time></trkpt><trkpt lat="60.25709" lon="24.929593"><ele>19.8</ele><time>2026-01-10T08:04:49Z</time></trkpt><trkpt lat="60.257073" lon="24.929537"><ele>19.8</ele><time>2026-01-10T08:04:50Z</time><extensions><gpxtpx:TrackPointExtension><gpxtpx:hr>138</gpxtpx:hr></gpxtpx:TrackPointExtension></extensions></trkpt><trkpt lat="60.257057" lon="24.92947"><ele>19.0</ele><time>2026-01-10T08:04:51Z</time></trkpt><trkpt lat="60.257042" lon="24.929395"><ele>18.9</ele><time>2026-01-10T08:04:52Z</time></trkpt><trkpt lat="60.257028" lon="24.929328"><ele>18.7</ele><time>2026-01-10T08:04:53Z</time></trkpt><trkpt lat="60.257017" lon="24.929265"><ele>18.6</ele><time>2026-01-10T08:04:54Z</time></trkpt><trkpt lat="60.257005" lon="24.929215"><ele>18.4</ele><time>2026-01-10T08:04:55Z</time><extensions><gpxtpx:TrackPointExtension><gpxtpx:hr>138</gpxtpx:hr></gpxtpx:TrackPointExtension></extensions></trkpt><trkpt lat="60.256995" lon="24.929175"><ele>18.4</ele><time>2026-01-10T08:04:56Z</time></trkpt><trkpt lat="60.256978" lon="24.929145"><ele>18.0</ele><time>2026-01-10T08:04:57Z</time><extensions><gpxtpx:TrackPointExtension><gpxtpx:hr>139</gpxtpx:hr></gpxtpx:TrackPointExtension></extensions></trkpt><trkpt lat="60.256957" lon="24.92911"><ele>18.3</ele><time>2026-01-10T08:04:58Z</time></trkpt><trkpt lat="60.256933" lon="24.929077"><ele>19.1</ele><time>2026-01-10T08:04:59Z</time></trkpt><trkpt lat="60.256902" lon="24.929033"><ele>19.4</ele><time>2026-01-10T08:05:00Z</time></trkpt><trkpt lat="60.256875" lon="24.928985"><ele>20.3</ele><time>2026-01-10T08:05:01Z</time></trkpt><trkpt lat="60.256848" lon="24.928948"><ele>20.4</ele><time>2026-01-10T08:05:02Z</time></trkpt><trkpt lat="60.25682" lon="24.928903"><ele>20.3</ele><time>2026-01-10T08:05:03Z</time></trkpt><trkpt lat="60.256798" lon="24.928858"><ele>20.5</ele><time>2026-01-10T08:05:04Z</time></trkpt><trkpt lat="60.256775" lon="24.92881"><ele>20.2</ele><time>2026-01-10T08:05:05Z</time></trkpt><trkpt lat="60.256753" lon="24.928753"><ele>20.4</ele><time>2026-01-10T08:05:06Z</time><extensions><gpxtpx:TrackPointExtension><gpxtpx:hr>139</gpxtpx:hr></gpxtpx:TrackPointExtension></extensions></trkpt><trkpt lat="60.256732" lon="24.928693"><ele>20.2</ele><time>2026-01-10T08:05:07Z</time></trkpt><trkpt lat="60.256712" lon="24.928627"><ele>20.5</ele><time>2026-01-10T08:05:08Z</time></trkpt><trkpt lat="60.256698" lon="24.92857"><ele>21.2</ele><time>2026-01-10T08:05:09Z</time></trkpt><trkpt lat="60.256682" lon="24.928502"><ele>21.1</ele><time>2026-01-10T08:05:10Z</time></trkpt><trkpt lat="60.256668" lon="24.928437"><ele>21.2</ele><time>2026-01-10T08:05:11Z</time><extensions><gpxtpx:TrackPointExtension><gpxtpx:hr>137</gpxtpx:hr></gpxtpx:TrackPointExtension></extensions></trkpt><trkpt lat="60.256657" lon="24.928373"><ele>20.9</ele><time>2026-01-10T08:05:12Z</time></trkpt><trkpt lat="60.256645" lon="24.928302"><ele>22.1</ele><time>2026-01-10T08:05:13Z</time></trkpt><trkpt lat="60.256632" lon="24.928238"><ele>21.6</ele><time>2026-01-10T08:05:14Z</time></trkpt><trkpt lat="60.25662" lon="24.92818"><ele>22.1</ele><time>2026-01-10T08:05:15Z</time><extensions><gpxtpx:TrackPointExtension><gpxtpx:hr>138</gpxtpx:hr></gpxtpx:TrackPointExtension></extensions></trkpt><trkpt lat="60.256612" lon="24.928118"><ele>21.8</ele><time>2026-01-10T08:05:16Z</time></trkpt><trkpt lat="60.256603" lon="24.928055"><ele>22.1</ele><time>2026-01-10T08:05:17Z</time><extensions><gpxtpx:TrackPointExtension><gpxtpx:hr>138</gpxtpx:hr></gpxtpx:TrackPointExtension></extensions></trkpt><trkpt lat="60.256595" lon="24.927997"><ele>22.2</ele><time>2026-01-10T08:05:18Z</time></trkpt><trkpt lat="60.25659" lon="24.927942"><ele>21.5</ele><time>2026-01-10T08:05:19Z</time></trkpt><trkpt lat="60.256585" lon="24.927875"><ele>21.5</ele><time>2026-01-10T08:05:20Z</time></trkpt><trkpt lat="60.256582" lon="24.927808"><ele>21.9</ele><time>2026-01-10T08:05:21Z</time></trkpt><trkpt lat="60.25658" lon="24.927747"><ele>21.9</ele><time>2026-01-10T08:05:22Z</time><extensions><gpxtpx:TrackPointExtension><gpxtpx:hr>138</gpxtpx:hr></gpxtpx:TrackPointExtension></extensions></trkpt><trkpt lat="60.256578" lon="24.92768"><ele>21.2</ele><time>2026-01-10T08:05:23Z</time></trkpt><trkpt lat="60.256582" lon="24.92761"><ele>21.9</ele><time>2026-01-10T08:05:24Z</time></trkpt><trkpt lat="60.256582" lon="24.927532"><ele>21.3</ele><time>2026-01-10T08:05:25Z</time></trkpt><trkpt lat="60.256587" lon="24.927452"><ele>21.8</ele><time>2026-01-10T08:05:26Z</time></trkpt><trkpt lat="60.25659" lon="24.92737"><ele>21.7</ele><time>2026-01-10T08:05:27Z</time></trkpt><trkpt lat="60.256592" lon="24.927293"><ele>22.3</ele><time>2026-01-10T08:05:28Z</time></trkpt><trkpt lat="60.256593" lon="24.927225"><ele>21.9</ele><time>2026-01-10T08:05:29Z</time></trkpt><trkpt lat="60.256593" lon="24.927157"><ele>22.2</ele><time>2026-01-10T08:05:30Z</time></trkpt><trkpt lat="60.256592" lon="24.927088"><ele>21.6</ele><time>2026-01-10T08:05:31Z</time><extensions><gpxtpx:TrackPointExtension><gpxtpx:hr>138</gpxtpx:hr></gpxtpx:TrackPointExtension></extensions></trkpt><trkpt lat="60.256593" lon="24.927017"><ele>21.7</ele><time>2026-01-10T08:05:32Z</time></trkpt><trkpt lat="60.256595" lon="24.926933"><ele>21.1</ele><time>2026-01-10T08:05:33Z</time></trkpt><trkpt lat="60.256588" lon="24.926888"><ele>17.4</ele><time>2026-01-10T08:05:34Z</time><extensions><gpxtpx:TrackPointExtension><gpxtpx:hr>137</gpxtpx:hr></gpxtpx:TrackPointExtension></extensions></trkpt><trkpt lat="60.256593" lon="24.92678"><ele>17.8</ele><time>2026-01-10T08:05:35Z</time></trkpt><trkpt lat="60.256588" lon="24.926727"><ele>17.6</ele><time>2026-01-10T08:05:36Z</time></trkpt><trkpt lat="60.256592" lon="24.926662"><ele>21.8</ele><time>2026-01-10T08:05:37Z</time></trkpt><trkpt lat="60.25658" lon="24.926603"><ele>19.0</ele><time>2026-01-10T08:05:38Z</time></trkpt><trkpt lat="60.256582" lon="24.926525"><ele>19.2</ele><time>2026-01-10T08:05:39Z</time><extensions><gpxtpx:TrackPointExtension><gpxtpx:hr>138</gpxtpx:hr></gpxtpx:TrackPointExtension></extensions></trkpt><trkpt lat="60.256525" lon="24.926555"><ele>19.3</ele><time>2026-01-10T08:05:40Z</time></trkpt><trkpt lat="60.256545" lon="24.926377"><ele>19.5</ele><time>2026-01-10T08:05:41Z</time></trkpt><trkpt lat="60.256548" lon="24.926305"><ele>19.4</ele><time>2026-01-10T08:05:42Z</time><extensions><gpxtpx:TrackPointExtension><gpxtpx:hr>138</gpxtpx:hr></gpxtpx:TrackPointExtension></extensions></trkpt><trkpt lat="60.256542" lon="24.926222"><ele>19.9</ele><time>2026-01-10T08:05:43Z</time></trkpt><trkpt lat="60.256543" lon="24.926163"><ele>20.2</ele><time>2026-01-10T08:05:44Z</time></trkpt><trkpt lat="60.256542" lon="24.926082"><ele>19.2</ele><time>2026-01-10T08:05:45Z</time></trkpt><trkpt lat="60.256528" lon="24.926013"><ele>19.1</ele><time>2026-01-10T08:05:46Z</time></trkpt><trkpt lat="60.256517" lon="24.925933"><ele>18.5</ele><time>2026-01-10T08:05:47Z</time></trkpt><trkpt lat="60.256512" lon="24.925848"><ele>19.2</ele><time>2026-01-10T08:05:48Z</time></trkpt><trkpt lat="60.256503" lon="24.9258"><ele>18.1</ele><time>2026-01-10T08:05:49Z</time></trkpt><trkpt lat="60.256518" lon="24.92573"><ele>20.9</ele><time>2026-01-10T08:05:50Z</time></trkpt><trkpt lat="60.256478" lon="24.925683"><ele>19.5</ele><time>2026-01-10T08:05:51Z</time><extensions><gpxtpx:TrackPointExtension><gpxtpx:hr>137</gpxtpx:hr></gpxtpx:TrackPointExtension></extensions></trkpt><trkpt lat="60.256493" lon="24.925597"><ele>21.5</ele><time>2026-01-10T08:05:52Z</time></trkpt><trkpt lat="60.25648" lon="24.925528"><ele>21.2</ele><time>2026-01-10T08:05:53Z</time></trkpt><trkpt lat="60.256465" lon="24.925458"><ele>22.1</ele><time>2026-01-10T08:05:54Z</time><extensions><gpxtpx:TrackPointExtension><gpxtpx:hr>137</gpxtpx:hr></gpxtpx:TrackPointExtension></extensions></trkpt><trkpt lat="60.256448" lon="24.92539"><ele>21.9</ele><time>2026-01-10T08:05:55Z</time></trkpt><trkpt lat="60.256433" lon="24.925327"><ele>22.3</ele><time>2026-01-10T08:05:56Z</time></trkpt><trkpt lat="60.256397" lon="24.925263"><ele>21.1</ele><time>2026-01-10T08:05:57Z</time><extensions><gpxtpx:TrackPointExtension><gpxtpx:hr>137</gpxtpx:hr></gpxtpx:TrackPointExtension></extensions></trkpt><trkpt lat="60.256395" lon="24.925225"><ele>18.0</ele><time>2026-01-10T08:05:58Z</time></trkpt><trkpt lat="60.256365" lon="24.925158"><ele>17.2</ele><time>2026-01-10T08:05:59Z</time></trkpt><trkpt lat="60.256332" lon="24.925088"><ele>20.1</ele><time>2026-01-10T08:06:00Z</time></trkpt><trkpt lat="60.256317" lon="24.925025"><ele>20.2</ele><time>2026-01-10T08:06:01Z</time></trkpt><trkpt lat="60.256332" lon="24.924953"><ele>17.8</ele><time>2026-01-10T08:06:02Z</time></trkpt><trkpt lat="60.256312" lon="24.924878"><ele>18.6</ele><time>2026-01-10T08:06:03Z</time><extensions><gpxtpx:TrackPointExtension><gpxtpx:hr>137</gpxtpx:hr></gpxtpx:TrackPointExtension></extensions></trkpt><trkpt lat="60.256305" lon="24.924807"><ele>19.4</ele><time>2026-01-10T08:06:04Z</time></trkpt><trkpt lat="60.256298" lon="24.92475"><ele>18.2</ele><time>2026-01-10T08:06:05Z</time></trkpt><trkpt lat="60.256287" lon="24.924668"><ele>19.3</ele><time>2026-01-10T08:06:06Z</time></trkpt><trkpt lat="60.256272" lon="24.924605"><ele>18.8</ele><time>2026-01-10T08:06:07Z</time></trkpt><trkpt lat="60.25626" lon="24.924533"><ele>19.2</ele><time>2026-01-10T08:06:08Z</time></trkpt><trkpt lat="60.25625" lon="24.92446"><ele>18.9</ele><time>2026-01-10T08:06:09Z</time><extensions><gpxtpx:TrackPointExtension><gpxtpx:hr>137</gpxtpx:hr></gpxtpx:TrackPointExtension></extensions></trkpt><trkpt lat="60.256243" lon="24.924398"><ele>19.3</ele><time>2026-01-10T08:06:10Z</time></trkpt><trkpt lat="60.256237" lon="24.924327"><ele>18.2</ele><time>2026-01-10T08:06:11Z</time></trkpt><trkpt lat="60.256228" lon="24.924257"><ele>17.9</ele><time>2026-01-10T08:06:12Z</time></trkpt><trkpt lat="60.25625" lon="24.924232"><ele>17.9</ele><time>2026-01-10T08:06:13Z</time></trkpt><trkpt lat="60.256183" lon="24.924087"><ele>21.2</ele><time>2026-01-10T08:06:14Z</time></trkpt><trkpt lat="60.25618" lon="24.924028"><ele>20.7</ele><time>2026-01-10T08:06:15Z</time></trkpt><trkpt lat="60.25618" lon="24.923958"><ele>21.2</ele><time>2026-01-10T08:06:16Z</time><extensions><gpxtpx:TrackPointExtension><gpxtpx:hr>137</gpxtpx:hr></gpxtpx:TrackPointExtension></extensions></trkpt><trkpt lat="60.256182" lon="24.923888"><ele>21.2</ele><time>2026-01-10T08:06:17Z</time></trkpt><trkpt lat="60.256183" lon="24.923817"><ele>21.2</ele><time>2026-01-10T08:06:18Z</time></trkpt><trkpt lat="60.25619" lon="24.923747"><ele>21.6</ele><time>2026-01-10T08:06:19Z</time></trkpt><trkpt lat="60.256195" lon="24.923677"><ele>21.5</ele><time>2026-01-10T08:06:20Z</time></trkpt><trkpt lat="60.256203" lon="24.923612"><ele>21.7</ele><time>2026-01-10T08:06:21Z</time><extensions><gpxtpx:TrackPointExtension><gpxtpx:hr>138</gpxtpx:hr></gpxtpx:TrackPointExtension></extensions></trkpt><trkpt lat="60.256212" lon="24.923547"><ele>21.7</ele><time>2026-01-10T08:06:22Z</time></trkpt><trkpt lat="60.25622" lon="24.923478"><ele>21.9</ele><time>2026-01-10T08:06:23Z</time></trkpt><trkpt lat="60.256223" lon="24.923408"><ele>22.3</ele><time>2026-01-10T08:06:24Z</time></trkpt><trkpt lat="60.256228" lon="24.923338"><ele>21.8</ele><time>2026-01-10T08:06:25Z</time></trkpt><trkpt lat="60.256235" lon="24.923265"><ele>22.1</ele><time>2026-01-10T08:06:26Z</time><extensions><gpxtpx:TrackPointExtension><gpxtpx:hr>139</gpxtpx:hr></gpxtpx:TrackPointExtension></extensions></trkpt><trkpt lat="60.25624" lon="24.923192"><ele>21.9</ele><time>2026-01-10T08:06:27Z</time><extensions><gpxtpx:TrackPointExtension><gpxtpx:hr>139</gpxtpx:hr></gpxtpx:TrackPointExtension></extensions></trkpt><trkpt lat="60.256242" lon="24.923125"><ele>21.6</ele><time>2026-01-10T08:06:28Z</time></trkpt><trkpt lat="60.256247" lon="24.923065"><ele>22.4</ele><time>2026-01-10T08:06:29Z</time></trkpt><trkpt lat="60.256252" lon="24.923002"><ele>22.4</ele><time>2026-01-10T08:06:30Z</time></trkpt><trkpt lat="60.25625" lon="24.922992"><ele>19.8</ele><time>2026-01-10T08:06:31Z</time></trkpt><trkpt lat="60.25626" lon="24.9229"><ele>23.2</ele><time>2026-01-10T08:06:32Z</time></trkpt><trkpt lat="60.256258" lon="24.922838"><ele>23.0</ele><time>2026-01-10T08:06:33Z</time><extensions><gpxtpx:TrackPointExtension><gpxtpx:hr>138</gpxtpx:hr></gpxtpx:TrackPointExtension></extensions></trkpt><trkpt lat="60.256267" lon="24.922793"><ele>21.0</ele><time>2026-01-10T08:06:34Z</time></trkpt><trkpt lat="60.256273" lon="24.922718"><ele>22.8</ele><time>2026-01-10T08:06:35Z</time></trkpt><trkpt lat="60.256283" lon="24.922655"><ele>22.4</ele><time>2026-01-10T08:06:36Z</time></trkpt><trkpt lat="60.256292" lon="24.922582"><ele>21.5</ele><time>2026-01-10T08:06:37Z</time></trkpt><trkpt lat="60.2563" lon="24.922507"><ele>23.3</ele><time>2026-01-10T08:06:38Z</time><extensions><gpxtpx:TrackPointExtension><gpxtpx:hr>139</gpxtpx:hr></gpxtpx:TrackPointExtension></extensions></trkpt><trkpt lat="60.256323" lon="24.922438"><ele>23.4</ele><time>2026-01-10T08:06:39Z</time></trkpt><trkpt lat="60.256313" lon="24.922382"><ele>22.1</ele><time>2026-01-10T08:06:40Z</time></trkpt><trkpt lat="60.256322" lon="24.92231"><ele>21.9</ele><time>2026-01-10T08:06:41Z</time></trkpt><trkpt lat="60.256358" lon="24.922257"><ele>20.6</ele><time>2026-01-10T08:06:42Z</time></trkpt><trkpt lat="60.25632" lon="24.92217"><ele>20.3</ele><time>2026-01-10T08:06:43Z</time></trkpt><trkpt lat="60.2563" lon="24.922098"><ele>19.4</ele><time>2026-01-10T08:06:44Z</time></trkpt><trkpt lat="60.25628" lon="24.922028"><ele>19.1</ele><time>2026-01-10T08:06:45Z</time></trkpt><trkpt lat="60.256253" lon="24.92198"><ele>18.2</ele><time>2026-01-10T08:06:46Z</time><extensions><gpxtpx:TrackPointExtension><gpxtpx:hr>139</gpxtpx:hr></gpxtpx:TrackPointExtension></extensions></trkpt><trkpt lat="60.256228" lon="24.921918"><ele>17.1</ele><time>2026-01-10T08:06:47Z</time></trkpt><trkpt lat="60.256225" lon="24.921847"><ele>20.7</ele><time>2026-01-10T08:06:48Z</time></trkpt><trkpt lat="60.256208" lon="24.9218"><ele>21.5</ele><time>2026-01-10T08:06:49Z</time></trkpt><trkpt lat="60.25619" lon="24.921738"><ele>21.6</ele><time>2026-01-10T08:06:50Z</time></trkpt><trkpt lat="60.256213" lon="24.921545"><ele>17.5</ele><time>2026-01-10T08:06:54Z</time><extensions><gpxtpx:TrackPointExtension><gpxtpx:hr>138</gpxtpx:hr></gpxtpx:TrackPointExtension></extensions></trkpt><trkpt lat="60.256213" lon="24.921545"><ele>17.5</ele><time>2026-01-10T08:06:53Z</time><extensions><gpxtpx:TrackPointExtension><gpxtpx:hr>139</gpxtpx:hr></gpxtpx:TrackPointExtension></extensions></trkpt><trkpt lat="60.256215" lon="24.921467"><ele>18.4</ele><time>2026-01-10T08:06:55Z</time></trkpt><trkpt lat="60.256232" lon="24.921415"><ele>18.7</ele><time>2026-01-10T08:06:56Z</time></trkpt><trkpt lat="60.25624" lon="24.921375"><ele>17.6</ele><time>2026-01-10T08:06:57Z</time><extensions><gpxtpx:TrackPointExtension><gpxtpx:hr>139</gpxtpx:hr></gpxtpx:TrackPointExtension></extensions></trkpt><trkpt lat="60.256258" lon="24.921248"><ele>21.8</ele><time>2026-01-10T08:06:58Z</time></trkpt><trkpt lat="60.256255" lon="24.921225"><ele>17.9</ele><time>2026-01-10T08:06:59Z</time></trkpt><trkpt lat="60.256277" lon="24.921167"><ele>18.4</ele><time>2026-01-10T08:07:00Z</time></trkpt><trkpt lat="60.256273" lon="24.921102"><ele>19.0</ele><time>2026-01-10T08:07:01Z</time></trkpt><trkpt lat="60.256265" lon="24.921028"><ele>20.3</ele><time>2026-01-10T08:07:02Z</time></trkpt><trkpt lat="60.25626" lon="24.92097"><ele>20.1</ele><time>2026-01-10T08:07:03Z</time><extensions><gpxtpx:TrackPointExtension><gpxtpx:hr>140</gpxtpx:hr></gpxtpx:TrackPointExtension></extensions></trkpt><trkpt lat="60.256252" lon="24.920908"><ele>20.0</ele><time>2026-01-10T08:07:04Z</time></trkpt><trkpt lat="60.25624" lon="24.920833"><ele>20.1</ele><time>2026-01-10T08:07:05Z</time></trkpt><trkpt lat="60.256218" lon="24.92075"><ele>19.5</ele><time>2026-01-10T08:07:06Z</time></trkpt><trkpt lat="60.256205" lon="24.920722"><ele>19.1</ele><time>2026-01-10T08:07:07Z</time></trkpt><trkpt lat="60.256187" lon="24.920673"><ele>19.6</ele><time>2026-01-10T08:07:08Z</time></trkpt><trkpt lat="60.256165" lon="24.920618"><ele>20.9</ele><time>2026-01-10T08:07:09Z</time></trkpt><trkpt lat="60.256155" lon="24.920583"><ele>20.2</ele><time>2026-01-10T08:07:10Z</time></trkpt><trkpt lat="60.25614" lon="24.920558"><ele>21.1</ele><time>2026-01-10T08:07:11Z</time><extensions><gpxtpx:TrackPointExtension><gpxtpx:hr>140</gpxtpx:hr></gpxtpx:TrackPointExtension></extensions></trkpt><trkpt lat="60.256165" lon="24.920512"><ele>20.8</ele><time>2026-01-10T08:07:12Z</time></trkpt><trkpt lat="60.256123" lon="24.920492"><ele>21.7</ele><time>2026-01-10T08:07:13Z</time></trkpt><trkpt lat="60.256113" lon="24.920455"><ele>21.8</ele><time>2026-01-10T08:07:14Z</time></trkpt><trkpt lat="60.256128" lon="24.920422"><ele>22.2</ele><time>2026-01-10T08:07:15Z</time><extensions><gpxtpx:TrackPointExtension><gpxtpx:hr>140</gpxtpx:hr></gpxtpx:TrackPointExtension></extensions></trkpt><trkpt lat="60.256137" lon="24.920392"><ele>21.8</ele><time>2026-01-10T08:07:16Z</time></trkpt><trkpt lat="60.256118" lon="24.920352"><ele>21.1</ele><time>2026-01-10T08:07:17Z</time><extensions><gpxtpx:TrackPointExtension><gpxtpx:hr>140</gpxtpx:hr></gpxtpx:TrackPointExtension></extensions></trkpt><trkpt lat="60.25611" lon="24.920317"><ele>21.4</ele><time>2026-01-10T08:07:18Z</time></trkpt><trkpt lat="60.25611" lon="24.920297"><ele>22.0</ele><time>2026-01-10T08:07:19Z</time></trkpt><trkpt lat="60.256148" lon="24.920303"><ele>21.8</ele><time>2026-01-10T08:07:20Z</time></trkpt><trkpt lat="60.256155" lon="24.920258"><ele>22.2</ele><time>2026-01-10T08:07:21Z</time></trkpt><trkpt lat="60.256158" lon="24.92019"><ele>22.9</ele><time>2026-01-10T08:07:22Z</time></trkpt><trkpt lat="60.256198" lon="24.920222"><ele>20.2</ele><time>2026-01-10T08:07:23Z</time></trkpt><trkpt lat="60.256205" lon="24.920117"><ele>23.3</ele><time>2026-01-10T08:07:24Z</time><extensions><gpxtpx:TrackPointExtension><gpxtpx:hr>139</gpxtpx:hr></gpxtpx:TrackPointExtension></extensions></trkpt><trkpt lat="60.256243" lon="24.920123"><ele>19.2</ele><time>2026-01-10T08:07:25Z</time></trkpt><trkpt lat="60.256268" lon="24.92009"><ele>18.3</ele><time>2026-01-10T08:07:26Z</time></trkpt><trkpt lat="60.25627" lon="24.920047"><ele>21.1</ele><time>2026-01-10T08:07:27Z</time><extensions><gpxtpx:TrackPointExtension><gpxtpx:hr>141</gpxtpx:hr></gpxtpx:TrackPointExtension></extensions></trkpt><trkpt lat="60.256317" lon="24.920033"><ele>16.9</ele><time>2026-01-10T08:07:28Z</time></trkpt><trkpt lat="60.25634" lon="24.920002"><ele>16.1</ele><time>2026-01-10T08:07:29Z</time></trkpt><trkpt lat="60.256363" lon="24.919945"><ele>24.3</ele><time>2026-01-10T08:07:30Z</time></trkpt><trkpt lat="60.25637" lon="24.91992"><ele>20.1</ele><time>2026-01-10T08:07:31Z</time></trkpt><trkpt lat="60.2564" lon="24.91992"><ele>15.7</ele><time>2026-01-10T08:07:32Z</time></trkpt><trkpt lat="60.256427" lon="24.919862"><ele>21.3</ele><time>2026-01-10T08:07:33Z</time></trkpt><trkpt lat="60.256453" lon="24.919832"><ele>21.2</ele><time>2026-01-10T08:07:34Z</time><extensions><gpxtpx:TrackPointExtension><gpxtpx:hr>140</gpxtpx:hr></gpxtpx:TrackPointExtension></extensions></trkpt><trkpt lat="60.256497" lon="24.919797"><ele>24.0</ele><time>2026-01-10T08:07:35Z</time></trkpt><trkpt lat="60.256518" lon="24.919762"><ele>23.3</ele><time>2026-01-10T08:07:36Z</time></trkpt><trkpt lat="60.256507" lon="24.919698"><ele>23.0</ele><time>2026-01-10T08:07:37Z</time></trkpt><trkpt lat="60.256568" lon="24.919587"><ele>23.0</ele><time>2026-01-10T08:07:38Z</time></trkpt><trkpt lat="60.256572" lon="24.919642"><ele>24.7</ele><time>2026-01-10T08:07:39Z</time></trkpt><trkpt lat="60.25658" lon="24.919617"><ele>22.4</ele><time>2026-01-10T08:07:40Z</time></trkpt><trkpt lat="60.256598" lon="24.919583"><ele>23.4</ele><time>2026-01-10T08:07:41Z</time><extensions><gpxtpx:TrackPointExtension><gpxtpx:hr>141</gpxtpx:hr></gpxtpx:TrackPointExtension></extensions></trkpt><trkpt lat="60.256617" lon="24.91955"><ele>22.3</ele><time>2026-01-10T08:07:42Z</time></trkpt><trkpt lat="60.256632" lon="24.919525"><ele>23.3</ele><time>2026-01-10T08:07:43Z</time></trkpt><trkpt lat="60.25665" lon="24.91949"><ele>23.5</ele><time>2026-01-10T08:07:44Z</time></trkpt><trkpt lat="60.256675" lon="24.91939"><ele>24.4</ele><time>2026-01-10T08:07:45Z</time></trkpt><trkpt lat="60.256692" lon="24.919335"><ele>24.6</ele><time>2026-01-10T08:07:46Z</time><extensions><gpxtpx:TrackPointExtension><gpxtpx:hr>141</gpxtpx:hr></gpxtpx:TrackPointExtension></extensions></trkpt><trkpt lat="60.256707" lon="24.91928"><ele>25.3</ele><time>2026-01-10T08:07:47Z</time></trkpt><trkpt lat="60.256723" lon="24.919223"><ele>24.6</ele><time>2026-01-10T08:07:48Z</time></trkpt><trkpt lat="60.256742" lon="24.919162"><ele>24.9</ele><time>2026-01-10T08:07:49Z</time></trkpt><trkpt lat="60.256763" lon="24.919102"><ele>25.1</ele><time>2026-01-10T08:07:50Z</time><extensions><gpxtpx:TrackPointExtension><gpxtpx:hr>139</gpxtpx:hr></gpxtpx:TrackPointExtension></extensions></trkpt><trkpt lat="60.256787" lon="24.919045"><ele>24.9</ele><time>2026-01-10T08:07:51Z</time></trkpt><trkpt lat="60.256812" lon="24.91899"><ele>25.5</ele><time>2026-01-10T08:07:52Z</time><extensions><gpxtpx:TrackPointExtension><gpxtpx:hr>140</gpxtpx:hr></gpxtpx:TrackPointExtension></extensions></trkpt><trkpt lat="60.256838" lon="24.918933"><ele>25.7</ele><time>2026-01-10T08:07:53Z</time></trkpt><trkpt lat="60.25686" lon="24.918877"><ele>25.3</ele><time>2026-01-10T08:07:54Z</time></trkpt><trkpt lat="60.25688" lon="24.918827"><ele>26.0</ele><time>2026-01-10T08:07:55Z</time></trkpt><trkpt lat="60.256898" lon="24.918777"><ele>25.6</ele><time>2026-01-10T08:07:56Z</time></trkpt><trkpt lat="60.256915" lon="24.918733"><ele>25.9</ele><time>2026-01-10T08:07:57Z</time><extensions><gpxtpx:TrackPointExtension><gpxtpx:hr>142</gpxtpx:hr></gpxtpx:TrackPointExtension></extensions></trkpt><trkpt lat="60.256935" lon="24.918683"><ele>25.2</ele><time>2026-01-10T08:07:58Z</time></trkpt><trkpt lat="60.256952" lon="24.918642"><ele>25.6</ele><time>2026-01-10T08:07:59Z</time></trkpt><trkpt lat="60.256978" lon="24.91858"><ele>25.7</ele><time>2026-01-10T08:08:00Z</time></trkpt><trkpt lat="60.257005" lon="24.918518"><ele>25.2</ele><time>2026-01-10T08:08:01Z</time></trkpt><trkpt lat="60.257028" lon="24.918458"><ele>25.6</ele><time>2026-01-10T08:08:02Z</time><extensions><gpxtpx:TrackPointExtension><gpxtpx:hr>143</gpxtpx:hr></gpxtpx:TrackPointExtension></extensions></trkpt><trkpt lat="60.257052" lon="24.918403"><ele>24.8</ele><time>2026-01-10T08:08:03Z</time></trkpt><trkpt lat="60.25707" lon="24.918358"><ele>24.9</ele><time>2026-01-10T08:08:04Z</time></trkpt><trkpt lat="60.257077" lon="24.918292"><ele>22.1</ele><time>2026-01-10T08:08:05Z</time></trkpt><trkpt lat="60.257113" lon="24.918257"><ele>24.7</ele><time>2026-01-10T08:08:06Z</time></trkpt><trkpt lat="60.257122" lon="24.918177"><ele>23.0</ele><time>2026-01-10T08:08:07Z</time><extensions><gpxtpx:TrackPointExtension><gpxtpx:hr>144</gpxtpx:hr></gpxtpx:TrackPointExtension></extensions></trkpt><trkpt lat="60.25716" lon="24.918145"><ele>24.6</ele><time>2026-01-10T08:08:08Z</time></trkpt><trkpt lat="60.257165" lon="24.918078"><ele>23.4</ele><time>2026-01-10T08:08:09Z</time></trkpt><trkpt lat="60.257187" lon="24.918028"><ele>23.6</ele><time>2026-01-10T08:08:10Z</time></trkpt><trkpt lat="60.257207" lon="24.917978"><ele>23.7</ele><time>2026-01-10T08:08:11Z</time></trkpt><trkpt lat="60.25725" lon="24.917913"><ele>26.8</ele><time>2026-01-10T08:08:12Z</time></trkpt><trkpt lat="60.25727" lon="24.91785"><ele>26.2</ele><time>2026-01-10T08:08:13Z</time></trkpt><trkpt lat="60.257288" lon="24.91778"><ele>27.0</ele><time>2026-01-10T08:08:14Z</time><extensions><gpxtpx:TrackPointExtension><gpxtpx:hr>144</gpxtpx:hr></gpxtpx:TrackPointExtension></extensions></trkpt><trkpt lat="60.257305" lon="24.917712"><ele>26.6</ele><time>2026-01-10T08:08:15Z</time></trkpt><trkpt lat="60.25732" lon="24.917647"><ele>27.1</ele><time>2026-01-10T08:08:16Z</time></trkpt><trkpt lat="60.257312" lon="24.917548"><ele>23.7</ele><time>2026-01-10T08:08:17Z</time></trkpt><trkpt lat="60.257315" lon="24.917522"><ele>24.0</ele><time>2026-01-10T08:08:18Z</time><extensions><gpxtpx:TrackPointExtension><gpxtpx:hr>144</gpxtpx:hr></gpxtpx:TrackPointExtension></extensions></trkpt><trkpt lat="60.257337" lon="24.917458"><ele>24.3</ele><time>2026-01-10T08:08:19Z</time></trkpt><trkpt lat="60.257353" lon="24.91741"><ele>23.8</ele><time>2026-01-10T08:08:20Z</time></trkpt><trkpt lat="60.25737" lon="24.917312"><ele>25.2</ele><time>2026-01-10T08:08:21Z</time></trkpt><trkpt lat="60.257387" lon="24.917252"><ele>25.2</ele><time>2026-01-10T08:08:22Z</time></trkpt><trkpt lat="60.25742" lon="24.917192"><ele>23.8</ele><time>2026-01-10T08:08:23Z</time></trkpt><trkpt lat="60.257445" lon="24.917142"><ele>26.0</ele><time>2026-01-10T08:08:24Z</time></trkpt><trkpt lat="60.257462" lon="24.91707"><ele>26.5</ele><time>2026-01-10T08:08:25Z</time></trkpt><trkpt lat="60.25751" lon="24.917118"><ele>24.1</ele><time>2026-01-10T08:08:26Z</time><extensions><gpxtpx:TrackPointExtension><gpxtpx:hr>143</gpxtpx:hr></gpxtpx:TrackPointExtension></extensions></trkpt><trkpt lat="60.257465" lon="24.916965"><ele>24.8</ele><time>2026-01-10T08:08:27Z</time></trkpt><trkpt lat="60.2576" lon="24.917125"><ele>22.4</ele><time>2026-01-10T08:08:28Z</time></trkpt><trkpt lat="60.257477" lon="24.91684"><ele>24.7</ele><time>2026-01-10T08:08:29Z</time></trkpt><trkpt lat="60.257512" lon="24.916757"><ele>24.6</ele><time>2026-01-10T08:08:30Z</time><extensions><gpxtpx:TrackPointExtension><gpxtpx:hr>143</gpxtpx:hr></gpxtpx:TrackPointExtension></extensions></trkpt><trkpt lat="60.257552" lon="24.916663"><ele>26.2</ele><time>2026-01-10T08:08:31Z</time></trkpt><trkpt lat="60.257565" lon="24.916603"><ele>27.0</ele><time>2026-01-10T08:08:32Z</time></trkpt><trkpt lat="60.25754" lon="24.91657"><ele>19.7</ele><time>2026-01-10T08:08:33Z</time></trkpt><trkpt lat="60.25755" lon="24.9165"><ele>18.3</ele><time>2026-01-10T08:08:34Z</time><extensions><gpxtpx:TrackPointExtension><gpxtpx:hr>143</gpxtpx:hr></gpxtpx:TrackPointExtension></extensions></trkpt><trkpt lat="60.257557" lon="24.916428"><ele>17.0</ele><time>2026-01-10T08:08:35Z</time></trkpt><trkpt lat="60.257623" lon="24.916328"><ele>27.7</ele><time>2026-01-10T08:08:36Z</time></trkpt><trkpt lat="60.25763" lon="24.91627"><ele>28.9</ele><time>2026-01-10T08:08:37Z</time><extensions><gpxtpx:TrackPointExtension><gpxtpx:hr>143</gpxtpx:hr></gpxtpx:TrackPointExtension></extensions></trkpt><trkpt lat="60.257635" lon="24.916217"><ele>28.8</ele><time>2026-01-10T08:08:38Z</time></trkpt><trkpt lat="60.257638" lon="24.916167"><ele>28.9</ele><time>2026-01-10T08:08:39Z</time></trkpt><trkpt lat="60.25764" lon="24.916127"><ele>29.1</ele><time>2026-01-10T08:08:40Z</time></trkpt><trkpt lat="60.257645" lon="24.916095"><ele>29.9</ele><time>2026-01-10T08:08:41Z</time></trkpt><trkpt lat="60.257648" lon="24.916058"><ele>29.6</ele><time>2026-01-10T08:08:42Z</time></trkpt><trkpt lat="60.25765" lon="24.916023"><ele>28.4</ele><time>2026-01-10T08:08:43Z</time></trkpt><trkpt lat="60.257653" lon="24.915995"><ele>28.1</ele><time>2026-01-10T08:08:44Z</time><extensions><gpxtpx:TrackPointExtension><gpxtpx:hr>145</gpxtpx:hr></gpxtpx:TrackPointExtension></extensions></trkpt><trkpt lat="60.257655" lon="24.915972"><ele>28.5</ele><time>2026-01-10T08:08:45Z</time></trkpt><trkpt lat="60.257657" lon="24.915935"><ele>28.6</ele><time>2026-01-10T08:08:46Z</time></trkpt><trkpt lat="60.25766" lon="24.915888"><ele>28.7</ele><time>2026-01-10T08:08:47Z</time></trkpt><trkpt lat="60.257665" lon="24.91585"><ele>28.2</ele><time>2026-01-10T08:08:48Z</time><extensions><gpxtpx:TrackPointExtension><gpxtpx:hr>145</gpxtpx:hr></gpxtpx:TrackPointExtension></extensions></trkpt><trkpt lat="60.25767" lon="24.915808"><ele>28.5</ele><time>2026-01-10T08:08:49Z</time></trkpt><trkpt lat="60.257672" lon="24.915768"><ele>28.2</ele><time>2026-01-10T08:08:50Z</time></trkpt><trkpt lat="60.257673" lon="24.915738"><ele>28.3</ele><time>2026-01-10T08:08:51Z</time></trkpt><trkpt lat="60.257678" lon="24.915702"><ele>28.4</ele><time>2026-01-10T08:08:52Z</time><extensions><gpxtpx:TrackPointExtension><gpxtpx:hr>145</gpxtpx:hr></gpxtpx:TrackPointExtension></extensions></trkpt><trkpt lat="60.257678" lon="24.915668"><ele>28.1</ele><time>2026-01-10T08:08:53Z</time></trkpt><trkpt lat="60.25768" lon="24.915648"><ele>28.8</ele><time>2026-01-10T08:08:54Z</time></trkpt><trkpt lat="60.257682" lon="24.915628"><ele>29.9</ele><time>2026-01-10T08:08:55Z</time></trkpt><trkpt lat="60.257683" lon="24.915593"><ele>30.5</ele><time>2026-01-10T08:08:56Z</time></trkpt><trkpt lat="60.257683" lon="24.91555"><ele>30.9</ele><time>2026-01-10T08:08:57Z</time></trkpt><trkpt lat="60.257687" lon="24.91551"><ele>31.2</ele><time>2026-01-10T08:08:58Z</time></trkpt><trkpt lat="60.257693" lon="24.915465"><ele>32.0</ele><time>2026-01-10T08:08:59Z</time><extensions><gpxtpx:TrackPointExtension><gpxtpx:hr>146</gpxtpx:hr></gpxtpx:TrackPointExtension></extensions></trkpt><trkpt lat="60.2577" lon="24.915415"><ele>33.0</ele><time>2026-01-10T08:09:00Z</time></trkpt><trkpt lat="60.257703" lon="24.91536"><ele>32.7</ele><time>2026-01-10T08:09:01Z</time></trkpt><trkpt lat="60.257707" lon="24.91531"><ele>33.8</ele><time>2026-01-10T08:09:02Z</time></trkpt><trkpt lat="60.257707" lon="24.915255"><ele>33.6</ele><time>2026-01-10T08:09:03Z</time><extensions><gpxtpx:TrackPointExtension><gpxtpx:hr>146</gpxtpx:hr></gpxtpx:TrackPointExtension></extensions></trkpt><trkpt lat="60.257712" lon="24.915205"><ele>34.4</ele><time>2026-01-10T08:09:04Z</time></trkpt><trkpt lat="60.257717" lon="24.915152"><ele>35.3</ele><time>2026-01-10T08:09:05Z</time></trkpt><trkpt lat="60.257722" lon="24.915098"><ele>34.9</ele><time>2026-01-10T08:09:06Z</time></trkpt><trkpt lat="60.257727" lon="24.915053"><ele>35.5</ele><time>2026-01-10T08:09:07Z</time></trkpt><trkpt lat="60.257737" lon="24.915012"><ele>36.3</ele><time>2026-01-10T08:09:08Z</time></trkpt><trkpt lat="60.257747" lon="24.914972"><ele>36.8</ele><time>2026-01-10T08:09:09Z</time><extensions><gpxtpx:TrackPointExtension><gpxtpx:hr>147</gpxtpx:hr></gpxtpx:TrackPointExtension></extensions></trkpt><trkpt lat="60.25776" lon="24.914932"><ele>37.5</ele><time>2026-01-10T08:09:10Z</time></trkpt><trkpt lat="60.257765" lon="24.914898"><ele>37.3</ele><time>2026-01-10T08:09:11Z</time></trkpt><trkpt lat="60.257773" lon="24.914862"><ele>37.9</ele><time>2026-01-10T08:09:12Z</time></trkpt><trkpt lat="60.257782" lon="24.914818"><ele>37.7</ele><time>2026-01-10T08:09:13Z</time></trkpt><trkpt lat="60.257793" lon="24.91477"><ele>37.3</ele><time>2026-01-10T08:09:14Z</time></trkpt><trkpt lat="60.2578" lon="24.914728"><ele>37.6</ele><time>2026-01-10T08:09:15Z</time></trkpt><trkpt lat="60.257813" lon="24.914672"><ele>37.7</ele><time>2026-01-10T08:09:16Z</time><extensions><gpxtpx:TrackPointExtension><gpxtpx:hr>146</gpxtpx:hr></gpxtpx:TrackPointExtension></extensions></trkpt><trkpt lat="60.25782" lon="24.914635"><ele>38.1</ele><time>2026-01-10T08:09:17Z</time><extensions><gpxtpx:TrackPointExtension><gpxtpx:hr>147</gpxtpx:hr></gpxtpx:TrackPointExtension></extensions></trkpt><trkpt lat="60.257832" lon="24.914592"><ele>39.2</ele><time>2026-01-10T08:09:18Z</time></trkpt><trkpt lat="60.257845" lon="24.914545"><ele>39.5</ele><time>2026-01-10T08:09:19Z</time></trkpt><trkpt lat="60.257852" lon="24.914507"><ele>38.8</ele><time>2026-01-10T08:09:20Z</time></trkpt><trkpt lat="60.257862" lon="24.914467"><ele>38.4</ele><time>2026-01-10T08:09:21Z</time></trkpt><trkpt lat="60.257872" lon="24.914432"><ele>38.2</ele><time>2026-01-10T08:09:22Z</time><extensions><gpxtpx:TrackPointExtension><gpxtpx:hr>149</gpxtpx:hr></gpxtpx:TrackPointExtension></extensions></trkpt><trkpt lat="60.257887" lon="24.914392"><ele>38.6</ele><time>2026-01-10T08:09:23Z</time></trkpt><trkpt lat="60.2579" lon="24.914348"><ele>39.0</ele><time>2026-01-10T08:09:24Z</time></trkpt><trkpt lat="60.25791" lon="24.914308"><ele>38.1</ele><time>2026-01-10T08:09:25Z</time></trkpt><trkpt lat="60.257923" lon="24.91427"><ele>39.2</ele><time>2026-01-10T08:09:26Z</time></trkpt><trkpt lat="60.257942" lon="24.914228"><ele>40.1</ele><time>2026-01-10T08:09:27Z</time><extensions><gpxtpx:TrackPointExtension><gpxtpx:hr>147</gpxtpx:hr></gpxtpx:TrackPointExtension></extensions></trkpt><trkpt lat="60.25795" lon="24.914203"><ele>39.8</ele><time>2026-01-10T08:09:28Z</time></trkpt><trkpt lat="60.25796" lon="24.914178"><ele>40.6</ele><time>2026-01-10T08:09:29Z</time></trkpt><trkpt lat="60.257975" lon="24.914153"><ele>41.1</ele><time>2026-01-10T08:09:30Z</time></trkpt><trkpt lat="60.257988" lon="24.914128"><ele>41.3</ele><time>2026-01-10T08:09:31Z</time></trkpt><trkpt lat="60.258005" lon="24.914108"><ele>41.5</ele><time>2026-01-10T08:09:32Z</time></trkpt><trkpt lat="60.258023" lon="24.914082"><ele>42.3</ele><time>2026-01-10T08:09:33Z</time></trkpt><trkpt lat="60.258038" lon="24.914057"><ele>41.5</ele><time>2026-01-10T08:09:34Z</time></trkpt><trkpt lat="60.25806" lon="24.914035"><ele>41.6</ele><time>2026-01-10T08:09:35Z</time><extensions><gpxtpx:TrackPointExtension><gpxtpx:hr>147</gpxtpx:hr></gpxtpx:TrackPointExtension></extensions></trkpt><trkpt lat="60.258087" lon="24.91401"><ele>40.9</ele><time>2026-01-10T08:09:36Z</time></trkpt><trkpt lat="60.258117" lon="24.913987"><ele>41.0</ele><time>2026-01-10T08:09:37Z</time><extensions><gpxtpx:TrackPointExtension><gpxtpx:hr>148</gpxtpx:hr></gpxtpx:TrackPointExtension></extensions></trkpt><trkpt lat="60.258148" lon="24.913963"><ele>40.4</ele><time>2026-01-10T08:09:38Z</time></trkpt><trkpt lat="60.258185" lon="24.913942"><ele>40.2</ele><time>2026-01-10T08:09:39Z</time></trkpt><trkpt lat="60.258225" lon="24.91393"><ele>39.1</ele><time>2026-01-10T08:09:40Z</time></trkpt><trkpt lat="60.258275" lon="24.913932"><ele>38.5</ele><time>2026-01-10T08:09:41Z</time></trkpt><trkpt lat="60.258325" lon="24.913945"><ele>37.3</ele><time>2026-01-10T08:09:42Z</time></trkpt><trkpt lat="60.258378" lon="24.91397"><ele>37.2</ele><time>2026-01-10T08:09:43Z</time></trkpt><trkpt lat="60.258438" lon="24.913995"><ele>37.0</ele><time>2026-01-10T08:09:44Z</time></trkpt><trkpt lat="60.258498" lon="24.914022"><ele>37.3</ele><time>2026-01-10T08:09:45Z</time></trkpt><trkpt lat="60.258557" lon="24.914045"><ele>37.3</ele><time>2026-01-10T08:09:46Z</time><extensions><gpxtpx:TrackPointExtension><gpxtpx:hr>162</gpxtpx:hr></gpxtpx:TrackPointExtension></extensions></trkpt><trkpt lat="60.25863" lon="24.914088"><ele>37.1</ele><time>2026-01-10T08:09:47Z</time></trkpt><trkpt lat="60.258693" lon="24.914115"><ele>37.1</ele><time>2026-01-10T08:09:48Z</time></trkpt><trkpt lat="60.25876" lon="24.914148"><ele>37.0</ele><time>2026-01-10T08:09:49Z</time></trkpt><trkpt lat="60.258828" lon="24.914187"><ele>37.0</ele><time>2026-01-10T08:09:50Z</time></trkpt><trkpt lat="60.258897" lon="24.91422"><ele>36.5</ele><time>2026-01-10T08:09:51Z</time><extensions><gpxtpx:TrackPointExtension><gpxtpx:hr>158</gpxtpx:hr></gpxtpx:TrackPointExtension></extensions></trkpt><trkpt lat="60.258962" lon="24.914238"><ele>34.2</ele><time>2026-01-10T08:09:52Z</time></trkpt><trkpt lat="60.259022" lon="24.914255"><ele>34.2</ele><time>2026-01-10T08:09:53Z</time><extensions><gpxtpx:TrackPointExtension><gpxtpx:hr>157</gpxtpx:hr></gpxtpx:TrackPointExtension></extensions></trkpt><trkpt lat="60.259092" lon="24.914258"><ele>33.5</ele><time>2026-01-10T08:09:54Z</time></trkpt><trkpt lat="60.259167" lon="24.914253"><ele>32.0</ele><time>2026-01-10T08:09:55Z</time></trkpt><trkpt lat="60.259245" lon="24.914233"><ele>31.8</ele><time>2026-01-10T08:09:56Z</time></trkpt><trkpt lat="60.259323" lon="24.914213"><ele>31.3</ele><time>2026-01-10T08:09:57Z</time><extensions><gpxtpx:TrackPointExtension><gpxtpx:hr>153</gpxtpx:hr></gpxtpx:TrackPointExtension></extensions></trkpt><trkpt lat="60.259397" lon="24.914197"><ele>30.5</ele><time>2026-01-10T08:09:58Z</time></trkpt><trkpt lat="60.259465" lon="24.914177"><ele>29.7</ele><time>2026-01-10T08:09:59Z</time></trkpt><trkpt lat="60.259532" lon="24.914148"><ele>29.3</ele><time>2026-01-10T08:10:00Z</time></trkpt><trkpt lat="60.259593" lon="24.914127"><ele>28.6</ele><time>2026-01-10T08:10:01Z</time></trkpt><trkpt lat="60.25965" lon="24.914113"><ele>28.5</ele><time>2026-01-10T08:10:02Z</time></trkpt><trkpt lat="60.259707" lon="24.914108"><ele>28.5</ele><time>2026-01-10T08:10:03Z</time><extensions><gpxtpx:TrackPointExtension><gpxtpx:hr>150</gpxtpx:hr></gpxtpx:TrackPointExtension></extensions></trkpt><trkpt lat="60.259762" lon="24.914102"><ele>28.4</ele><time>2026-01-10T08:10:04Z</time></trkpt><trkpt lat="60.25982" lon="24.914097"><ele>28.0</ele><time>2026-01-10T08:10:05Z</time></trkpt><trkpt lat="60.259855" lon="24.914128"><ele>24.7</ele><time>2026-01-10T08:10:06Z</time></trkpt><trkpt lat="60.259903" lon="24.91415"><ele>24.6</ele><time>2026-01-10T08:10:07Z</time></trkpt><trkpt lat="60.259958" lon="24.914165"><ele>24.7</ele><time>2026-01-10T08:10:08Z</time><extensions><gpxtpx:TrackPointExtension><gpxtpx:hr>146</gpxtpx:hr></gpxtpx:TrackPointExtension></extensions></trkpt><trkpt lat="60.260012" lon="24.91419"><ele>24.9</ele><time>2026-01-10T08:10:09Z</time></trkpt><trkpt lat="60.260058" lon="24.91421"><ele>25.5</ele><time>2026-01-10T08:10:10Z</time></trkpt><trkpt lat="60.260098" lon="24.914237"><ele>25.8</ele><time>2026-01-10T08:10:11Z</time></trkpt><trkpt lat="60.260128" lon="24.91425"><ele>25.9</ele><time>2026-01-10T08:10:12Z</time><extensions><gpxtpx:TrackPointExtension><gpxtpx:hr>146</gpxtpx:hr></gpxtpx:TrackPointExtension></extensions></trkpt><trkpt lat="60.260178" lon="24.914257"><ele>25.6</ele><time>2026-01-10T08:10:13Z</time></trkpt><trkpt lat="60.260225" lon="24.914243"><ele>26.9</ele><time>2026-01-10T08:10:14Z</time></trkpt><trkpt lat="60.260255" lon="24.914275"><ele>27.2</ele><time>2026-01-10T08:10:15Z</time></trkpt><trkpt lat="60.2603" lon="24.914325"><ele>26.2</ele><time>2026-01-10T08:10:16Z</time></trkpt><trkpt lat="60.260308" lon="24.914345"><ele>26.8</ele><time>2026-01-10T08:10:17Z</time><extensions><gpxtpx:TrackPointExtension><gpxtpx:hr>144</gpxtpx:hr></gpxtpx:TrackPointExtension></extensions></trkpt><trkpt lat="60.260338" lon="24.914382"><ele>26.7</ele><time>2026-01-10T08:10:18Z</time></trkpt><trkpt lat="60.260372" lon="24.914433"><ele>27.0</ele><time>2026-01-10T08:10:19Z</time></trkpt><trkpt lat="60.260403" lon="24.914488"><ele>26.8</ele><time>2026-01-10T08:10:20Z</time></trkpt><trkpt lat="60.26043" lon="24.914543"><ele>27.4</ele><time>2026-01-10T08:10:21Z</time></trkpt><trkpt lat="60.260457" lon="24.914597"><ele>27.9</ele><time>2026-01-10T08:10:22Z</time><extensions><gpxtpx:TrackPointExtension><gpxtpx:hr>142</gpxtpx:hr></gpxtpx:TrackPointExtension></extensions></trkpt><trkpt lat="60.260487" lon="24.914645"><ele>28.0</ele><time>2026-01-10T08:10:23Z</time></trkpt><trkpt lat="60.260513" lon="24.914688"><ele>28.0</ele><time>2026-01-10T08:10:24Z</time></trkpt><trkpt lat="60.260543" lon="24.914717"><ele>28.3</ele><time>2026-01-10T08:10:25Z</time></trkpt><trkpt lat="60.260568" lon="24.914723"><ele>28.3</ele><time>2026-01-10T08:10:26Z</time></trkpt><trkpt lat="60.260593" lon="24.914728"><ele>28.5</ele><time>2026-01-10T08:10:27Z</time></trkpt><trkpt lat="60.260625" lon="24.914723"><ele>28.2</ele><time>2026-01-10T08:10:28Z</time></trkpt><trkpt lat="60.260658" lon="24.914707"><ele>28.2</ele><time>2026-01-10T08:10:29Z</time></trkpt><trkpt lat="60.260692" lon="24.914693"><ele>28.5</ele><time>2026-01-10T08:10:30Z</time></trkpt><trkpt lat="60.260727" lon="24.914678"><ele>28.7</ele><time>2026-01-10T08:10:31Z</time><extensions><gpxtpx:TrackPointExtension><gpxtpx:hr>140</gpxtpx:hr></gpxtpx:TrackPointExtension></extensions></trkpt><trkpt lat="60.260758" lon="24.914667"><ele>28.8</ele><time>2026-01-10T08:10:32Z</time></trkpt><trkpt lat="60.260787" lon="24.914652"><ele>28.5</ele><time>2026-01-10T08:10:33Z</time></trkpt><trkpt lat="60.260818" lon="24.914642"><ele>28.7</ele><time>2026-01-10T08:10:34Z</time></trkpt><trkpt lat="60.260847" lon="24.914622"><ele>29.0</ele><time>2026-01-10T08:10:35Z</time></trkpt><trkpt lat="60.260873" lon="24.914602"><ele>29.0</ele><time>2026-01-10T08:10:36Z</time><extensions><gpxtpx:TrackPointExtension><gpxtpx:hr>140</gpxtpx:hr></gpxtpx:TrackPointExtension></extensions></trkpt><trkpt lat="60.260897" lon="24.91458"><ele>29.6</ele><time>2026-01-10T08:10:37Z</time></trkpt><trkpt lat="60.26092" lon="24.914557"><ele>29.3</ele><time>2026-01-10T08:10:38Z</time></trkpt><trkpt lat="60.260943" lon="24.914532"><ele>29.4</ele><time>2026-01-10T08:10:39Z</time></trkpt><trkpt lat="60.260967" lon="24.914508"><ele>29.6</ele><time>2026-01-10T08:10:40Z</time><extensions><gpxtpx:TrackPointExtension><gpxtpx:hr>141</gpxtpx:hr></gpxtpx:TrackPointExtension></extensions></trkpt><trkpt lat="60.260985" lon="24.914425"><ele>28.1</ele><time>2026-01-10T08:10:41Z</time></trkpt><trkpt lat="60.26101" lon="24.914412"><ele>28.6</ele><time>2026-01-10T08:10:42Z</time><extensions><gpxtpx:TrackPointExtension><gpxtpx:hr>141</gpxtpx:hr></gpxtpx:TrackPointExtension></extensions></trkpt><trkpt lat="60.261023" lon="24.914393"><ele>27.9</ele><time>2026-01-10T08:10:43Z</time></trkpt><trkpt lat="60.26107" lon="24.914337"><ele>27.0</ele><time>2026-01-10T08:10:44Z</time></trkpt><trkpt lat="60.261098" lon="24.914322"><ele>29.0</ele><time>2026-01-10T08:10:45Z</time></trkpt><trkpt lat="60.261125" lon="24.914352"><ele>28.8</ele><time>2026-01-10T08:10:46Z</time></trkpt><trkpt lat="60.261135" lon="24.914287"><ele>25.9</ele><time>2026-01-10T08:10:47Z</time></trkpt><trkpt lat="60.26118" lon="24.914285"><ele>29.1</ele><time>2026-01-10T08:10:48Z</time></trkpt><trkpt lat="60.261193" lon="24.914255"><ele>27.4</ele><time>2026-01-10T08:10:49Z</time><extensions><gpxtpx:TrackPointExtension><gpxtpx:hr>142</gpxtpx:hr></gpxtpx:TrackPointExtension></extensions></trkpt><trkpt lat="60.26123" lon="24.914212"><ele>29.9</ele><time>2026-01-10T08:10:50Z</time></trkpt><trkpt lat="60.261255" lon="24.91418"><ele>30.0</ele><time>2026-01-10T08:10:51Z</time></trkpt><trkpt lat="60.261265" lon="24.91413"><ele>29.4</ele><time>2026-01-10T08:10:52Z</time><extensions><gpxtpx:TrackPointExtension><gpxtpx:hr>143</gpxtpx:hr></gpxtpx:TrackPointExtension></extensions></trkpt><trkpt lat="60.261297" lon="24.914112"><ele>28.9</ele><time>2026-01-10T08:10:53Z</time></trkpt><trkpt lat="60.26133" lon="24.91409"><ele>29.2</ele><time>2026-01-10T08:10:54Z</time></trkpt><trkpt lat="60.26134" lon="24.91405"><ele>29.4</ele><time>2026-01-10T08:10:55Z</time></trkpt><trkpt lat="60.261358" lon="24.913995"><ele>28.5</ele><time>2026-01-10T08:10:56Z</time></trkpt><trkpt lat="60.261375" lon="24.913967"><ele>28.6</ele><time>2026-01-10T08:10:57Z</time></trkpt><trkpt lat="60.261385" lon="24.913893"><ele>28.8</ele><time>2026-01-10T08:10:58Z</time></trkpt><trkpt lat="60.26139" lon="24.913838"><ele>27.8</ele><time>2026-01-10T08:10:59Z</time></trkpt><trkpt lat="60.261392" lon="24.91377"><ele>27.8</ele><time>2026-01-10T08:11:00Z</time></trkpt><trkpt lat="60.261375" lon="24.913658"><ele>26.6</ele><time>2026-01-10T08:11:01Z</time><extensions><gpxtpx:TrackPointExtension><gpxtpx:hr>145</gpxtpx:hr></gpxtpx:TrackPointExtension></extensions></trkpt><trkpt lat="60.261358" lon="24.913565"><ele>26.7</ele><time>2026-01-10T08:11:02Z</time></trkpt><trkpt lat="60.26134" lon="24.913487"><ele>26.2</ele><time>2026-01-10T08:11:03Z</time></trkpt><trkpt lat="60.261312" lon="24.913407"><ele>25.2</ele><time>2026-01-10T08:11:04Z</time></trkpt><trkpt lat="60.261273" lon="24.913333"><ele>24.8</ele><time>2026-01-10T08:11:05Z</time><extensions><gpxtpx:TrackPointExtension><gpxtpx:hr>146</gpxtpx:hr></gpxtpx:TrackPointExtension></extensions></trkpt><trkpt lat="60.26124" lon="24.91329"><ele>23.9</ele><time>2026-01-10T08:11:06Z</time></trkpt><trkpt lat="60.261195" lon="24.913297"><ele>24.4</ele><time>2026-01-10T08:11:07Z</time></trkpt><trkpt lat="60.26115" lon="24.913315"><ele>24.5</ele><time>2026-01-10T08:11:08Z</time><extensions><gpxtpx:TrackPointExtension><gpxtpx:hr>146</gpxtpx:hr></gpxtpx:TrackPointExtension></extensions></trkpt><trkpt lat="60.261118" lon="24.913312"><ele>24.8</ele><time>2026-01-10T08:11:09Z</time></trkpt><trkpt lat="60.261083" lon="24.913268"><ele>24.7</ele><time>2026-01-10T08:11:10Z</time></trkpt><trkpt lat="60.261027" lon="24.91328"><ele>24.1</ele><time>2026-01-10T08:11:11Z</time></trkpt><trkpt lat="60.261007" lon="24.913195"><ele>26.9</ele><time>2026-01-10T08:11:12Z</time></trkpt><trkpt lat="60.260945" lon="24.913243"><ele>24.5</ele><time>2026-01-10T08:11:13Z</time><extensions><gpxtpx:TrackPointExtension><gpxtpx:hr>145</gpxtpx:hr></gpxtpx:TrackPointExtension></extensions></trkpt><trkpt lat="60.260903" lon="24.913217"><ele>25.2</ele><time>2026-01-10T08:11:14Z</time></trkpt><trkpt lat="60.260907" lon="24.913183"><ele>25.0</ele><time>2026-01-10T08:11:15Z</time></trkpt><trkpt lat="60.26086" lon="24.913115"><ele>26.6</ele><time>2026-01-10T08:11:16Z</time></trkpt><trkpt lat="60.260825" lon="24.913085"><ele>27.3</ele><time>2026-01-10T08:11:17Z</time><extensions><gpxtpx:TrackPointExtension><gpxtpx:hr>145</gpxtpx:hr></gpxtpx:TrackPointExtension></extensions></trkpt><trkpt lat="60.260778" lon="24.913083"><ele>22.2</ele><time>2026-01-10T08:11:18Z</time></trkpt><trkpt lat="60.260758" lon="24.91305"><ele>24.2</ele><time>2026-01-10T08:11:19Z</time></trkpt><trkpt lat="60.260728" lon="24.913008"><ele>25.4</ele><time>2026-01-10T08:11:20Z</time></trkpt><trkpt lat="60.2607" lon="24.912983"><ele>25.0</ele><time>2026-01-10T08:11:21Z</time></trkpt><trkpt lat="60.260673" lon="24.912948"><ele>25.2</ele><time>2026-01-10T08:11:22Z</time></trkpt><trkpt lat="60.260638" lon="24.912898"><ele>24.6</ele><time>2026-01-10T08:11:23Z</time></trkpt><trkpt lat="60.260625" lon="24.912833"><ele>25.9</ele><time>2026-01-10T08:11:24Z</time></trkpt><trkpt lat="60.260587" lon="24.912793"><ele>25.8</ele><time>2026-01-10T08:11:25Z</time></trkpt><trkpt lat="60.260567" lon="24.912778"><ele>25.5</ele><time>2026-01-10T08:11:26Z</time><extensions><gpxtpx:TrackPointExtension><gpxtpx:hr>142</gpxtpx:hr></gpxtpx:TrackPointExtension></extensions></trkpt><trkpt lat="60.260542" lon="24.912727"><ele>26.2</ele><time>2026-01-10T08:11:27Z</time></trkpt><trkpt lat="60.260528" lon="24.912698"><ele>26.4</ele><time>2026-01-10T08:11:28Z</time><extensions><gpxtpx:TrackPointExtension><gpxtpx:hr>143</gpxtpx:hr></gpxtpx:TrackPointExtension></extensions></trkpt><trkpt lat="60.260503" lon="24.912667"><ele>26.2</ele><time>2026-01-10T08:11:29Z</time></trkpt><trkpt lat="60.26048" lon="24.912648"><ele>26.0</ele><time>2026-01-10T08:11:30Z</time></trkpt><trkpt lat="60.260448" lon="24.912622"><ele>27.1</ele><time>2026-01-10T08:11:31Z</time></trkpt><trkpt lat="60.26043" lon="24.912628"><ele>26.5</ele><time>2026-01-10T08:11:32Z</time></trkpt><trkpt lat="60.260403" lon="24.91261"><ele>26.8</ele><time>2026-01-10T08:11:33Z</time></trkpt><trkpt lat="60.260378" lon="24.912622"><ele>26.5</ele><time>2026-01-10T08:11:34Z</time></trkpt><trkpt lat="60.260347" lon="24.912607"><ele>26.6</ele><time>2026-01-10T08:11:35Z</time></trkpt><trkpt lat="60.260327" lon="24.912615"><ele>26.5</ele><time>2026-01-10T08:11:36Z</time><extensions><gpxtpx:TrackPointExtension><gpxtpx:hr>140</gpxtpx:hr></gpxtpx:TrackPointExtension></extensions></trkpt><trkpt lat="60.260295" lon="24.912603"><ele>26.2</ele><time>2026-01-10T08:11:37Z</time></trkpt><trkpt lat="60.260278" lon="24.912615"><ele>26.9</ele><time>2026-01-10T08:11:38Z</time></trkpt><trkpt lat="60.260242" lon="24.912613"><ele>27.8</ele><time>2026-01-10T08:11:39Z</time></trkpt><trkpt lat="60.260215" lon="24.912623"><ele>27.8</ele><time>2026-01-10T08:11:40Z</time><extensions><gpxtpx:TrackPointExtension><gpxtpx:hr>139</gpxtpx:hr></gpxtpx:TrackPointExtension></extensions></trkpt><trkpt lat="60.260173" lon="24.912623"><ele>28.1</ele><time>2026-01-10T08:11:41Z</time></trkpt><trkpt lat="60.260157" lon="24.912628"><ele>27.9</ele><time>2026-01-10T08:11:42Z</time><extensions><gpxtpx:TrackPointExtension><gpxtpx:hr>138</gpxtpx:hr></gpxtpx:TrackPointExtension></extensions></trkpt><trkpt lat="60.260123" lon="24.912617"><ele>28.9</ele><time>2026-01-10T08:11:43Z</time></trkpt><trkpt lat="60.260113" lon="24.912628"><ele>29.8</ele><time>2026-01-10T08:11:44Z</time></trkpt><trkpt lat="60.26008" lon="24.912632"><ele>29.1</ele><time>2026-01-10T08:11:45Z</time></trkpt><trkpt lat="60.260068" lon="24.912623"><ele>29.6</ele><time>2026-01-10T08:11:46Z</time></trkpt><trkpt lat="60.260038" lon="24.912637"><ele>29.8</ele><time>2026-01-10T08:11:47Z</time><extensions><gpxtpx:TrackPointExtension><gpxtpx:hr>135</gpxtpx:hr></gpxtpx:TrackPointExtension></extensions></trkpt><trkpt lat="60.26002" lon="24.912642"><ele>29.9</ele><time>2026-01-10T08:11:48Z</time></trkpt><trkpt lat="60.259995" lon="24.91264"><ele>29.0</ele><time>2026-01-10T08:11:49Z</time></trkpt><trkpt lat="60.259965" lon="24.91266"><ele>29.0</ele><time>2026-01-10T08:11:50Z</time></trkpt><trkpt lat="60.259952" lon="24.912623"><ele>29.2</ele><time>2026-01-10T08:11:51Z</time></trkpt><trkpt lat="60.259933" lon="24.912617"><ele>28.8</ele><time>2026-01-10T08:11:52Z</time><extensions><gpxtpx:TrackPointExtension><gpxtpx:hr>135</gpxtpx:hr></gpxtpx:TrackPointExtension></extensions></trkpt><trkpt lat="60.2599" lon="24.912598"><ele>29.9</ele><time>2026-01-10T08:11:53Z</time></trkpt><trkpt lat="60.259875" lon="24.912588"><ele>28.8</ele><time>2026-01-10T08:11:54Z</time></trkpt><trkpt lat="60.259857" lon="24.912583"><ele>29.5</ele><time>2026-01-10T08:11:55Z</time></trkpt><trkpt lat="60.259835" lon="24.9126"><ele>29.9</ele><time>2026-01-10T08:11:56Z</time></trkpt><trkpt lat="60.259808" lon="24.912557"><ele>30.5</ele><time>2026-01-10T08:11:57Z</time></trkpt><trkpt lat="60.259782" lon="24.912553"><ele>30.4</ele><time>2026-01-10T08:11:58Z</time></trkpt><trkpt lat="60.259792" lon="24.912673"><ele>27.0</ele><time>2026-01-10T08:11:59Z</time></trkpt><trkpt lat="60.259772" lon="24.912688"><ele>27.7</ele><time>2026-01-10T08:12:00Z</time><extensions><gpxtpx:TrackPointExtension><gpxtpx:hr>135</gpxtpx:hr></gpxtpx:TrackPointExtension></extensions></trkpt><trkpt lat="60.259717" lon="24.912593"><ele>30.8</ele><time>2026-01-10T08:12:01Z</time></trkpt><trkpt lat="60.25969" lon="24.912568"><ele>29.2</ele><time>2026-01-10T08:12:02Z</time></trkpt><trkpt lat="60.259662" lon="24.912552"><ele>30.7</ele><time>2026-01-10T08:12:03Z</time></trkpt><trkpt lat="60.259628" lon="24.91255"><ele>30.3</ele><time>2026-01-10T08:12:04Z</time></trkpt><trkpt lat="60.259597" lon="24.912575"><ele>30.0</ele><time>2026-01-10T08:12:05Z</time></trkpt><trkpt lat="60.259565" lon="24.912595"><ele>29.2</ele><time>2026-01-10T08:12:06Z</time><extensions><gpxtpx:TrackPointExtension><gpxtpx:hr>135</gpxtpx:hr></gpxtpx:TrackPointExtension></extensions></trkpt><trkpt lat="60.259535" lon="24.9126"><ele>29.3</ele><time>2026-01-10T08:12:07Z</time><extensions><gpxtpx:TrackPointExtension><gpxtpx:hr>135</gpxtpx:hr></gpxtpx:TrackPointExtension></extensions></trkpt><trkpt lat="60.259492" lon="24.912598"><ele>29.1</ele><time>2026-01-10T08:12:08Z</time></trkpt><trkpt lat="60.259473" lon="24.91257"><ele>29.9</ele><time>2026-01-10T08:12:09Z</time></trkpt><trkpt lat="60.259442" lon="24.912577"><ele>29.9</ele><time>2026-01-10T08:12:10Z</time></trkpt><trkpt lat="60.259408" lon="24.912582"><ele>29.9</ele><time>2026-01-10T08:12:11Z</time></trkpt><trkpt lat="60.259392" lon="24.912618"><ele>28.2</ele><time>2026-01-10T08:12:12Z</time></trkpt><trkpt lat="60.259365" lon="24.912618"><ele>27.1</ele><time>2026-01-10T08:12:13Z</time></trkpt><trkpt lat="60.25934" lon="24.912618"><ele>26.6</ele><time>2026-01-10T08:12:14Z</time></trkpt><trkpt lat="60.259275" lon="24.912623"><ele>29.4</ele><time>2026-01-10T08:12:15Z</time></trkpt><trkpt lat="60.259243" lon="24.912638"><ele>29.8</ele><time>2026-01-10T08:12:16Z</time><extensions><gpxtpx:TrackPointExtension><gpxtpx:hr>134</gpxtpx:hr></gpxtpx:TrackPointExtension></extensions></trkpt><trkpt lat="60.259212" lon="24.912653"><ele>29.8</ele><time>2026-01-10T08:12:17Z</time></trkpt><trkpt lat="60.259178" lon="24.912665"><ele>29.8</ele><time>2026-01-10T08:12:18Z</time></trkpt><trkpt lat="60.259143" lon="24.91268"><ele>29.5</ele><time>2026-01-10T08:12:19Z</time></trkpt><trkpt lat="60.259103" lon="24.912692"><ele>29.1</ele><time>2026-01-10T08:12:20Z</time></trkpt><trkpt lat="60.259073" lon="24.912703"><ele>29.2</ele><time>2026-01-10T08:12:21Z</time><extensions><gpxtpx:TrackPointExtension><gpxtpx:hr>135</gpxtpx:hr></gpxtpx:TrackPointExtension></extensions></trkpt><trkpt lat="60.259045" lon="24.912713"><ele>29.3</ele><time>2026-01-10T08:12:22Z</time><extensions><gpxtpx:TrackPointExtension><gpxtpx:hr>135</gpxtpx:hr></gpxtpx:TrackPointExtension></extensions></trkpt><trkpt lat="60.259012" lon="24.912727"><ele>29.2</ele><time>2026-01-10T08:12:23Z</time></trkpt><trkpt lat="60.258988" lon="24.912737"><ele>29.2</ele><time>2026-01-10T08:12:24Z</time></trkpt><trkpt lat="60.258962" lon="24.912758"><ele>28.6</ele><time>2026-01-10T08:12:25Z</time></trkpt><trkpt lat="60.25893" lon="24.91277"><ele>28.5</ele><time>2026-01-10T08:12:26Z</time></trkpt><trkpt lat="60.258902" lon="24.912787"><ele>28.8</ele><time>2026-01-10T08:12:27Z</time></trkpt><trkpt lat="60.258878" lon="24.912805"><ele>29.1</ele><time>2026-01-10T08:12:28Z</time><extensions><gpxtpx:TrackPointExtension><gpxtpx:hr>135</gpxtpx:hr></gpxtpx:TrackPointExtension></extensions></trkpt><trkpt lat="60.258847" lon="24.912832"><ele>29.3</ele><time>2026-01-10T08:12:29Z</time></trkpt><trkpt lat="60.258813" lon="24.91286"><ele>29.5</ele><time>2026-01-10T08:12:30Z</time></trkpt><trkpt lat="60.258782" lon="24.912887"><ele>29.5</ele><time>2026-01-10T08:12:31Z</time></trkpt><trkpt lat="60.258755" lon="24.912907"><ele>29.8</ele><time>2026-01-10T08:12:32Z</time></trkpt><trkpt lat="60.258727" lon="24.91293"><ele>30.0</ele><time>2026-01-10T08:12:33Z</time><extensions><gpxtpx:TrackPointExtension><gpxtpx:hr>135</gpxtpx:hr></gpxtpx:TrackPointExtension></extensions></trkpt><trkpt lat="60.258702" lon="24.912948"><ele>30.3</ele><time>2026-01-10T08:12:34Z</time></trkpt><trkpt lat="60.258672" lon="24.912993"><ele>32.5</ele><time>2026-01-10T08:12:35Z</time></trkpt><trkpt lat="60.258645" lon="24.91303"><ele>33.8</ele><time>2026-01-10T08:12:36Z</time></trkpt><trkpt lat="60.258627" lon="24.913032"><ele>32.0</ele><time>2026-01-10T08:12:37Z</time></trkpt><trkpt lat="60.258592" lon="24.913038"><ele>32.9</ele><time>2026-01-10T08:12:38Z</time><extensions><gpxtpx:TrackPointExtension><gpxtpx:hr>137</gpxtpx:hr></gpxtpx:TrackPointExtension></extensions></trkpt><trkpt lat="60.258562" lon="24.913043"><ele>32.8</ele><time>2026-01-10T08:12:39Z</time></trkpt><trkpt lat="60.258523" lon="24.913047"><ele>32.3</ele><time>2026-01-10T08:12:40Z</time></trkpt><trkpt lat="60.258522" lon="24.913063"><ele>34.5</ele><time>2026-01-10T08:12:41Z</time></trkpt><trkpt lat="60.258488" lon="24.913068"><ele>34.7</ele><time>2026-01-10T08:12:42Z</time></trkpt><trkpt lat="60.258473" lon="24.913082"><ele>34.9</ele><time>2026-01-10T08:12:43Z</time><extensions><gpxtpx:TrackPointExtension><gpxtpx:hr>138</gpxtpx:hr></gpxtpx:TrackPointExtension></extensions></trkpt><trkpt lat="60.258477" lon="24.913093"><ele>33.8</ele><time>2026-01-10T08:12:44Z</time></trkpt><trkpt lat="60.258455" lon="24.913103"><ele>33.6</ele><time>2026-01-10T08:12:45Z</time></trkpt><trkpt lat="60.258438" lon="24.91311"><ele>33.3</ele><time>2026-01-10T08:12:46Z</time></trkpt><trkpt lat="60.258425" lon="24.913113"><ele>33.3</ele><time>2026-01-10T08:12:47Z</time><extensions><gpxtpx:TrackPointExtension><gpxtpx:hr>141</gpxtpx:hr></gpxtpx:TrackPointExtension></extensions></trkpt><trkpt lat="60.258407" lon="24.91312"><ele>33.3</ele><time>2026-01-10T08:12:48Z</time></trkpt><trkpt lat="60.258387" lon="24.913127"><ele>33.1</ele><time>2026-01-10T08:12:49Z</time></trkpt><trkpt lat="60.258368" lon="24.913128"><ele>32.9</ele><time>2026-01-10T08:12:50Z</time></trkpt><trkpt lat="60.258355" lon="24.913133"><ele>33.1</ele><time>2026-01-10T08:12:51Z</time></trkpt><trkpt lat="60.25834" lon="24.91314"><ele>32.8</ele><time>2026-01-10T08:12:52Z</time></trkpt><trkpt lat="60.258328" lon="24.913138"><ele>33.0</ele><time>2026-01-10T08:12:53Z</time><extensions><gpxtpx:TrackPointExtension><gpxtpx:hr>145</gpxtpx:hr></gpxtpx:TrackPointExtension></extensions></trkpt><trkpt lat="60.25832" lon="24.913142"><ele>33.2</ele><time>2026-01-10T08:12:54Z</time></trkpt><trkpt lat="60.25831" lon="24.91314"><ele>33.2</ele><time>2026-01-10T08:12:55Z</time></trkpt><trkpt lat="60.258283" lon="24.913188"><ele>37.2</ele><time>2026-01-10T08:12:56Z</time></trkpt><trkpt lat="60.258278" lon="24.913213"><ele>36.5</ele><time>2026-01-10T08:12:57Z</time></trkpt><trkpt lat="60.258253" lon="24.913252"><ele>35.4</ele><time>2026-01-10T08:12:59Z</time><extensions><gpxtpx:TrackPointExtension><gpxtpx:hr>146</gpxtpx:hr></gpxtpx:TrackPointExtension></extensions></trkpt><trkpt lat="60.258235" lon="24.913183"><ele>32.9</ele><time>2026-01-10T08:13:00Z</time></trkpt><trkpt lat="60.258223" lon="24.913192"><ele>33.6</ele><time>2026-01-10T08:13:01Z</time></trkpt><trkpt lat="60.258208" lon="24.9132"><ele>33.0</ele><time>2026-01-10T08:13:02Z</time></trkpt><trkpt lat="60.258197" lon="24.913208"><ele>32.8</ele><time>2026-01-10T08:13:03Z</time></trkpt><trkpt lat="60.258188" lon="24.913218"><ele>32.8</ele><time>2026-01-10T08:13:04Z</time></trkpt><trkpt lat="60.258178" lon="24.913228"><ele>33.0</ele><time>2026-01-10T08:13:05Z</time></trkpt><trkpt lat="60.258045" lon="24.913342"><ele>35.0</ele><time>2026-01-10T08:13:16Z</time><extensions><gpxtpx:TrackPointExtension><gpxtpx:hr>148</gpxtpx:hr></gpxtpx:TrackPointExtension></extensions></trkpt><trkpt lat="60.258035" lon="24.913352"><ele>35.3</ele><time>2026-01-10T08:13:17Z</time></trkpt><trkpt lat="60.258025" lon="24.913363"><ele>36.1</ele><time>2026-01-10T08:13:18Z</time></trkpt><trkpt lat="60.258013" lon="24.913375"><ele>36.0</ele><time>2026-01-10T08:13:19Z</time></trkpt><trkpt lat="60.257998" lon="24.913395"><ele>36.7</ele><time>2026-01-10T08:13:20Z</time></trkpt><trkpt lat="60.257985" lon="24.91341"><ele>37.0</ele><time>2026-01-10T08:13:21Z</time><extensions><gpxtpx:TrackPointExtension><gpxtpx:hr>157</gpxtpx:hr></gpxtpx:TrackPointExtension></extensions></trkpt><trkpt lat="60.257972" lon="24.913425"><ele>37.2</ele><time>2026-01-10T08:13:22Z</time></trkpt><trkpt lat="60.257963" lon="24.913442"><ele>37.6</ele><time>2026-01-10T08:13:23Z</time><extensions><gpxtpx:TrackPointExtension><gpxtpx:hr>158</gpxtpx:hr></gpxtpx:TrackPointExtension></extensions></trkpt><trkpt lat="60.25795" lon="24.913465"><ele>37.4</ele><time>2026-01-10T08:13:24Z</time></trkpt><trkpt lat="60.257938" lon="24.913485"><ele>37.1</ele><time>2026-01-10T08:13:25Z</time></trkpt><trkpt lat="60.257932" lon="24.913502"><ele>37.3</ele><time>2026-01-10T08:13:26Z</time></trkpt><trkpt lat="60.257918" lon="24.913527"><ele>36.8</ele><time>2026-01-10T08:13:27Z</time><extensions><gpxtpx:TrackPointExtension><gpxtpx:hr>159</gpxtpx:hr></gpxtpx:TrackPointExtension></extensions></trkpt><trkpt lat="60.257908" lon="24.91355"><ele>36.6</ele><time>2026-01-10T08:13:28Z</time></trkpt><trkpt lat="60.257898" lon="24.913578"><ele>37.0</ele><time>2026-01-10T08:13:29Z</time></trkpt><trkpt lat="60.257887" lon="24.913605"><ele>36.8</ele><time>2026-01-10T08:13:30Z</time></trkpt><trkpt lat="60.257878" lon="24.913628"><ele>37.2</ele><time>2026-01-10T08:13:31Z</time></trkpt><trkpt lat="60.257867" lon="24.913655"><ele>37.3</ele><time>2026-01-10T08:13:32Z</time></trkpt><trkpt lat="60.257853" lon="24.913692"><ele>37.8</ele><time>2026-01-10T08:13:33Z</time></trkpt><trkpt lat="60.25784" lon="24.91373"><ele>38.5</ele><time>2026-01-10T08:13:34Z</time></trkpt><trkpt lat="60.25783" lon="24.913763"><ele>38.7</ele><time>2026-01-10T08:13:35Z</time><extensions><gpxtpx:TrackPointExtension><gpxtpx:hr>159</gpxtpx:hr></gpxtpx:TrackPointExtension></extensions></trkpt><trkpt lat="60.257822" lon="24.913803"><ele>39.3</ele><time>2026-01-10T08:13:36Z</time></trkpt><trkpt lat="60.257813" lon="24.913832"><ele>38.9</ele><time>2026-01-10T08:13:37Z</time><extensions><gpxtpx:TrackPointExtension><gpxtpx:hr>158</gpxtpx:hr></gpxtpx:TrackPointExtension></extensions></trkpt><trkpt lat="60.257803" lon="24.91386"><ele>39.1</ele><time>2026-01-10T08:13:38Z</time></trkpt><trkpt lat="60.257798" lon="24.913895"><ele>39.0</ele><time>2026-01-10T08:13:39Z</time></trkpt><trkpt lat="60.25779" lon="24.913942"><ele>38.8</ele><time>2026-01-10T08:13:40Z</time></trkpt><trkpt lat="60.257775" lon="24.913987"><ele>39.1</ele><time>2026-01-10T08:13:41Z</time></trkpt><trkpt lat="60.257765" lon="24.914018"><ele>39.1</ele><time>2026-01-10T08:13:42Z</time></trkpt><trkpt lat="60.257738" lon="24.914105"><ele>39.4</ele><time>2026-01-10T08:13:43Z</time></trkpt><trkpt lat="60.257722" lon="24.914157"><ele>39.4</ele><time>2026-01-10T08:13:44Z</time><extensions><gpxtpx:TrackPointExtension><gpxtpx:hr>157</gpxtpx:hr></gpxtpx:TrackPointExtension></extensions></trkpt><trkpt lat="60.257697" lon="24.914228"><ele>39.2</ele><time>2026-01-10T08:13:45Z</time></trkpt><trkpt lat="60.25766" lon="24.91432"><ele>38.8</ele><time>2026-01-10T08:13:46Z</time></trkpt><trkpt lat="60.25763" lon="24.914388"><ele>39.0</ele><time>2026-01-10T08:13:47Z</time></trkpt><trkpt lat="60.257598" lon="24.914472"><ele>38.7</ele><time>2026-01-10T08:13:48Z</time></trkpt><trkpt lat="60.257562" lon="24.914552"><ele>38.0</ele><time>2026-01-10T08:13:49Z</time></trkpt><trkpt lat="60.25753" lon="24.914632"><ele>37.7</ele><time>2026-01-10T08:13:50Z</time></trkpt><trkpt lat="60.257502" lon="24.914707"><ele>37.6</ele><time>2026-01-10T08:13:51Z</time><extensions><gpxtpx:TrackPointExtension><gpxtpx:hr>154</gpxtpx:hr></gpxtpx:TrackPointExtension></extensions></trkpt><trkpt lat="60.257465" lon="24.914805"><ele>37.2</ele><time>2026-01-10T08:13:52Z</time></trkpt><trkpt lat="60.257423" lon="24.914922"><ele>36.7</ele><time>2026-01-10T08:13:53Z</time></trkpt><trkpt lat="60.257383" lon="24.915038"><ele>36.4</ele><time>2026-01-10T08:13:54Z</time></trkpt><trkpt lat="60.257347" lon="24.915158"><ele>36.2</ele><time>2026-01-10T08:13:55Z</time></trkpt><trkpt lat="60.257308" lon="24.915287"><ele>35.4</ele><time>2026-01-10T08:13:56Z</time><extensions><gpxtpx:TrackPointExtension><gpxtpx:hr>150</gpxtpx:hr></gpxtpx:TrackPointExtension></extensions></trkpt><trkpt lat="60.257268" lon="24.91544"><ele>35.1</ele><time>2026-01-10T08:13:57Z</time><extensions><gpxtpx:TrackPointExtension><gpxtpx:hr>150</gpxtpx:hr></gpxtpx:TrackPointExtension></extensions></trkpt><trkpt lat="60.257228" lon="24.915582"><ele>34.7</ele><time>2026-01-10T08:13:58Z</time></trkpt><trkpt lat="60.257188" lon="24.915735"><ele>34.4</ele><time>2026-01-10T08:13:59Z</time></trkpt><trkpt lat="60.257148" lon="24.915887"><ele>34.1</ele><time>2026-01-10T08:14:00Z</time></trkpt><trkpt lat="60.257098" lon="24.916097"><ele>27.4</ele><time>2026-01-10T08:14:01Z</time></trkpt><trkpt lat="60.257067" lon="24.91625"><ele>26.3</ele><time>2026-01-10T08:14:02Z</time></trkpt><trkpt lat="60.257032" lon="24.916407"><ele>24.1</ele><time>2026-01-10T08:14:03Z</time></trkpt><trkpt lat="60.257002" lon="24.916558"><ele>23.4</ele><time>2026-01-10T08:14:04Z</time></trkpt><trkpt lat="60.256975" lon="24.916732"><ele>23.2</ele><time>2026-01-10T08:14:05Z</time></trkpt><trkpt lat="60.256953" lon="24.9169"><ele>22.9</ele><time>2026-01-10T08:14:06Z</time><extensions><gpxtpx:TrackPointExtension><gpxtpx:hr>142</gpxtpx:hr></gpxtpx:TrackPointExtension></extensions></trkpt><trkpt lat="60.256935" lon="24.91705"><ele>22.6</ele><time>2026-01-10T08:14:07Z</time><extensions><gpxtpx:TrackPointExtension><gpxtpx:hr>142</gpxtpx:hr></gpxtpx:TrackPointExtension></extensions></trkpt><trkpt lat="60.256918" lon="24.917198"><ele>22.2</ele><time>2026-01-10T08:14:08Z</time></trkpt><trkpt lat="60.256905" lon="24.917343"><ele>22.1</ele><time>2026-01-10T08:14:09Z</time></trkpt><trkpt lat="60.256895" lon="24.917482"><ele>22.6</ele><time>2026-01-10T08:14:10Z</time></trkpt><trkpt lat="60.256893" lon="24.917618"><ele>22.3</ele><time>2026-01-10T08:14:11Z</time></trkpt><trkpt lat="60.256885" lon="24.917733"><ele>22.8</ele><time>2026-01-10T08:14:12Z</time></trkpt><trkpt lat="60.256873" lon="24.917835"><ele>22.8</ele><time>2026-01-10T08:14:13Z</time></trkpt><trkpt lat="60.256868" lon="24.917938"><ele>23.1</ele><time>2026-01-10T08:14:14Z</time></trkpt><trkpt lat="60.256857" lon="24.918042"><ele>23.9</ele><time>2026-01-10T08:14:15Z</time><extensions><gpxtpx:TrackPointExtension><gpxtpx:hr>133</gpxtpx:hr></gpxtpx:TrackPointExtension></extensions></trkpt><trkpt lat="60.256863" lon="24.918145"><ele>24.7</ele><time>2026-01-10T08:14:16Z</time></trkpt><trkpt lat="60.256857" lon="24.918252"><ele>24.6</ele><time>2026-01-10T08:14:17Z</time><extensions><gpxtpx:TrackPointExtension><gpxtpx:hr>131</gpxtpx:hr></gpxtpx:TrackPointExtension></extensions></trkpt><trkpt lat="60.256852" lon="24.918355"><ele>25.4</ele><time>2026-01-10T08:14:18Z</time></trkpt><trkpt lat="60.256862" lon="24.918425"><ele>25.3</ele><time>2026-01-10T08:14:19Z</time></trkpt><trkpt lat="60.256865" lon="24.918477"><ele>28.3</ele><time>2026-01-10T08:14:20Z</time></trkpt><trkpt lat="60.256862" lon="24.918567"><ele>28.5</ele><time>2026-01-10T08:14:21Z</time></trkpt><trkpt lat="60.256868" lon="24.918687"><ele>24.5</ele><time>2026-01-10T08:14:22Z</time><extensions><gpxtpx:TrackPointExtension><gpxtpx:hr>134</gpxtpx:hr></gpxtpx:TrackPointExtension></extensions></trkpt><trkpt lat="60.256862" lon="24.918703"><ele>22.6</ele><time>2026-01-10T08:14:23Z</time></trkpt><trkpt lat="60.25686" lon="24.918773"><ele>21.3</ele><time>2026-01-10T08:14:24Z</time></trkpt><trkpt lat="60.256795" lon="24.918938"><ele>23.0</ele><time>2026-01-10T08:14:25Z</time></trkpt><trkpt lat="60.256772" lon="24.919008"><ele>23.8</ele><time>2026-01-10T08:14:26Z</time></trkpt><trkpt lat="60.25676" lon="24.919145"><ele>25.2</ele><time>2026-01-10T08:14:27Z</time></trkpt><trkpt lat="60.256703" lon="24.919158"><ele>26.4</ele><time>2026-01-10T08:14:28Z</time><extensions><gpxtpx:TrackPointExtension><gpxtpx:hr>134</gpxtpx:hr></gpxtpx:TrackPointExtension></extensions></trkpt><trkpt lat="60.256687" lon="24.919233"><ele>25.9</ele><time>2026-01-10T08:14:29Z</time></trkpt><trkpt lat="60.256663" lon="24.919308"><ele>24.5</ele><time>2026-01-10T08:14:30Z</time></trkpt><trkpt lat="60.256647" lon="24.919368"><ele>25.5</ele><time>2026-01-10T08:14:31Z</time></trkpt><trkpt lat="60.256612" lon="24.919438"><ele>25.5</ele><time>2026-01-10T08:14:32Z</time></trkpt><trkpt lat="60.256592" lon="24.919515"><ele>26.0</ele><time>2026-01-10T08:14:33Z</time></trkpt><trkpt lat="60.256563" lon="24.919583"><ele>25.8</ele><time>2026-01-10T08:14:34Z</time></trkpt><trkpt lat="60.256537" lon="24.919647"><ele>26.0</ele><time>2026-01-10T08:14:35Z</time></trkpt><trkpt lat="60.256503" lon="24.919725"><ele>26.9</ele><time>2026-01-10T08:14:36Z</time><extensions><gpxtpx:TrackPointExtension><gpxtpx:hr>131</gpxtpx:hr></gpxtpx:TrackPointExtension></extensions></trkpt><trkpt lat="60.256475" lon="24.91979"><ele>25.3</ele><time>2026-01-10T08:14:37Z</time></trkpt><trkpt lat="60.256442" lon="24.919835"><ele>25.6</ele><time>2026-01-10T08:14:38Z</time></trkpt><trkpt lat="60.256413" lon="24.919878"><ele>24.4</ele><time>2026-01-10T08:14:39Z</time><extensions><gpxtpx:TrackPointExtension><gpxtpx:hr>131</gpxtpx:hr></gpxtpx:TrackPointExtension></extensions></trkpt><trkpt lat="60.256377" lon="24.919937"><ele>25.2</ele><time>2026-01-10T08:14:40Z</time></trkpt><trkpt lat="60.256342" lon="24.919977"><ele>23.5</ele><time>2026-01-10T08:14:41Z</time></trkpt><trkpt lat="60.256308" lon="24.920007"><ele>25.1</ele><time>2026-01-10T08:14:42Z</time><extensions><gpxtpx:TrackPointExtension><gpxtpx:hr>130</gpxtpx:hr></gpxtpx:TrackPointExtension></extensions></trkpt><trkpt lat="60.256275" lon="24.920028"><ele>25.2</ele><time>2026-01-10T08:14:43Z</time></trkpt><trkpt lat="60.256245" lon="24.92006"><ele>25.7</ele><time>2026-01-10T08:14:44Z</time></trkpt><trkpt lat="60.256205" lon="24.920078"><ele>24.6</ele><time>2026-01-10T08:14:45Z</time></trkpt><trkpt lat="60.256157" lon="24.920083"><ele>23.7</ele><time>2026-01-10T08:14:46Z</time></trkpt><trkpt lat="60.256118" lon="24.920068"><ele>23.0</ele><time>2026-01-10T08:14:47Z</time></trkpt><trkpt lat="60.256085" lon="24.920032"><ele>22.6</ele><time>2026-01-10T08:14:48Z</time><extensions><gpxtpx:TrackPointExtension><gpxtpx:hr>132</gpxtpx:hr></gpxtpx:TrackPointExtension></extensions></trkpt><trkpt lat="60.256062" lon="24.920038"><ele>25.8</ele><time>2026-01-10T08:14:49Z</time></trkpt><trkpt lat="60.256017" lon="24.919998"><ele>23.4</ele><time>2026-01-10T08:14:50Z</time></trkpt><trkpt lat="60.255983" lon="24.91997"><ele>23.6</ele><time>2026-01-10T08:14:51Z</time></trkpt><trkpt lat="60.255998" lon="24.919863"><ele>23.6</ele><time>2026-01-10T08:14:52Z</time></trkpt><trkpt lat="60.255995" lon="24.919847"><ele>23.9</ele><time>2026-01-10T08:14:53Z</time></trkpt><trkpt lat="60.255952" lon="24.919777"><ele>25.9</ele><time>2026-01-10T08:14:54Z</time></trkpt><trkpt lat="60.255948" lon="24.919737"><ele>24.5</ele><time>2026-01-10T08:14:55Z</time></trkpt><trkpt lat="60.255937" lon="24.919658"><ele>26.2</ele><time>2026-01-10T08:14:56Z</time><extensions><gpxtpx:TrackPointExtension><gpxtpx:hr>130</gpxtpx:hr></gpxtpx:TrackPointExtension></extensions></trkpt><trkpt lat="60.255933" lon="24.9196"><ele>24.7</ele><time>2026-01-10T08:14:57Z</time></trkpt><trkpt lat="60.255918" lon="24.919508"><ele>23.8</ele><time>2026-01-10T08:14:58Z</time><extensions><gpxtpx:TrackPointExtension><gpxtpx:hr>131</gpxtpx:hr></gpxtpx:TrackPointExtension></extensions></trkpt><trkpt lat="60.255898" lon="24.91946"><ele>24.2</ele><time>2026-01-10T08:14:59Z</time></trkpt><trkpt lat="60.255892" lon="24.91941"><ele>22.3</ele><time>2026-01-10T08:15:00Z</time></trkpt><trkpt lat="60.255875" lon="24.919337"><ele>22.1</ele><time>2026-01-10T08:15:01Z</time></trkpt><trkpt lat="60.255873" lon="24.91929"><ele>21.0</ele><time>2026-01-10T08:15:02Z</time></trkpt><trkpt lat="60.255853" lon="24.91922"><ele>21.3</ele><time>2026-01-10T08:15:03Z</time><extensions><gpxtpx:TrackPointExtension><gpxtpx:hr>132</gpxtpx:hr></gpxtpx:TrackPointExtension></extensions></trkpt><trkpt lat="60.255833" lon="24.91915"><ele>21.0</ele><time>2026-01-10T08:15:04Z</time></trkpt><trkpt lat="60.255822" lon="24.9191"><ele>20.9</ele><time>2026-01-10T08:15:05Z</time></trkpt><trkpt lat="60.255803" lon="24.91905"><ele>22.8</ele><time>2026-01-10T08:15:06Z</time></trkpt><trkpt lat="60.255808" lon="24.918962"><ele>24.1</ele><time>2026-01-10T08:15:07Z</time><extensions><gpxtpx:TrackPointExtension><gpxtpx:hr>132</gpxtpx:hr></gpxtpx:TrackPointExtension></extensions></trkpt><trkpt lat="60.255793" lon="24.9189"><ele>24.3</ele><time>2026-01-10T08:15:08Z</time></trkpt><trkpt lat="60.255767" lon="24.918858"><ele>22.3</ele><time>2026-01-10T08:15:09Z</time></trkpt><trkpt lat="60.255757" lon="24.918795"><ele>22.4</ele><time>2026-01-10T08:15:10Z</time></trkpt><trkpt lat="60.25574" lon="24.918793"><ele>22.3</ele><time>2026-01-10T08:15:11Z</time></trkpt><trkpt lat="60.25572" lon="24.918742"><ele>22.2</ele><time>2026-01-10T08:15:12Z</time></trkpt><trkpt lat="60.255702" lon="24.918677"><ele>22.6</ele><time>2026-01-10T08:15:13Z</time></trkpt><trkpt lat="60.255697" lon="24.918615"><ele>21.5</ele><time>2026-01-10T08:15:14Z</time></trkpt><trkpt lat="60.255675" lon="24.918563"><ele>22.4</ele><time>2026-01-10T08:15:15Z</time><extensions><gpxtpx:TrackPointExtension><gpxtpx:hr>132</gpxtpx:hr></gpxtpx:TrackPointExtension></extensions></trkpt><trkpt lat="60.255657" lon="24.918503"><ele>21.8</ele><time>2026-01-10T08:15:16Z</time></trkpt><trkpt lat="60.255658" lon="24.918428"><ele>21.4</ele><time>2026-01-10T08:15:17Z</time></trkpt><trkpt lat="60.25564" lon="24.918363"><ele>22.0</ele><time>2026-01-10T08:15:18Z</time></trkpt><trkpt lat="60.255632" lon="24.918312"><ele>22.4</ele><time>2026-01-10T08:15:19Z</time></trkpt><trkpt lat="60.25562" lon="24.918257"><ele>21.4</ele><time>2026-01-10T08:15:20Z</time><extensions><gpxtpx:TrackPointExtension><gpxtpx:hr>133</gpxtpx:hr></gpxtpx:TrackPointExtension></extensions></trkpt><trkpt lat="60.25562" lon="24.91822"><ele>22.2</ele><time>2026-01-10T08:15:21Z</time></trkpt><trkpt lat="60.255558" lon="24.918232"><ele>22.3</ele><time>2026-01-10T08:15:22Z</time><extensions><gpxtpx:TrackPointExtension><gpxtpx:hr>133</gpxtpx:hr></gpxtpx:TrackPointExtension></extensions></trkpt><trkpt lat="60.25554" lon="24.918253"><ele>21.1</ele><time>2026-01-10T08:15:23Z</time></trkpt><trkpt lat="60.255518" lon="24.918327"><ele>21.9</ele><time>2026-01-10T08:15:24Z</time></trkpt><trkpt lat="60.255508" lon="24.918405"><ele>21.7</ele><time>2026-01-10T08:15:25Z</time></trkpt><trkpt lat="60.255515" lon="24.918468"><ele>22.1</ele><time>2026-01-10T08:15:26Z</time></trkpt><trkpt lat="60.255532" lon="24.918517"><ele>22.3</ele><time>2026-01-10T08:15:27Z</time><extensions><gpxtpx:TrackPointExtension><gpxtpx:hr>135</gpxtpx:hr></gpxtpx:TrackPointExtension></extensions></trkpt><trkpt lat="60.255543" lon="24.918587"><ele>22.9</ele><time>2026-01-10T08:15:28Z</time></trkpt><trkpt lat="60.255542" lon="24.918638"><ele>22.4</ele><time>2026-01-10T08:15:29Z</time></trkpt><trkpt lat="60.255548" lon="24.918695"><ele>23.3</ele><time>2026-01-10T08:15:30Z</time></trkpt><trkpt lat="60.255548" lon="24.918752"><ele>22.6</ele><time>2026-01-10T08:15:31Z</time></trkpt><trkpt lat="60.255555" lon="24.918825"><ele>23.5</ele><time>2026-01-10T08:15:32Z</time></trkpt><trkpt lat="60.255562" lon="24.918877"><ele>23.4</ele><time>2026-01-10T08:15:33Z</time></trkpt><trkpt lat="60.255572" lon="24.91895"><ele>22.9</ele><time>2026-01-10T08:15:34Z</time></trkpt><trkpt lat="60.255585" lon="24.919012"><ele>23.6</ele><time>2026-01-10T08:15:35Z</time></trkpt><trkpt lat="60.255595" lon="24.919087"><ele>22.9</ele><time>2026-01-10T08:15:36Z</time><extensions><gpxtpx:TrackPointExtension><gpxtpx:hr>137</gpxtpx:hr></gpxtpx:TrackPointExtension></extensions></trkpt><trkpt lat="60.255608" lon="24.919137"><ele>23.7</ele><time>2026-01-10T08:15:37Z</time></trkpt><trkpt lat="60.255612" lon="24.919202"><ele>22.7</ele><time>2026-01-10T08:15:38Z</time></trkpt><trkpt lat="60.25563" lon="24.919228"><ele>23.4</ele><time>2026-01-10T08:15:39Z</time></trkpt><trkpt lat="60.255633" lon="24.919325"><ele>23.2</ele><time>2026-01-10T08:15:40Z</time><extensions><gpxtpx:TrackPointExtension><gpxtpx:hr>139</gpxtpx:hr></gpxtpx:TrackPointExtension></extensions></trkpt><trkpt lat="60.255648" lon="24.919402"><ele>23.0</ele><time>2026-01-10T08:15:41Z</time></trkpt><trkpt lat="60.255652" lon="24.919453"><ele>22.1</ele><time>2026-01-10T08:15:42Z</time></trkpt><trkpt lat="60.255655" lon="24.91951"><ele>22.9</ele><time>2026-01-10T08:15:43Z</time></trkpt><trkpt lat="60.255658" lon="24.919563"><ele>20.8</ele><time>2026-01-10T08:15:44Z</time></trkpt><trkpt lat="60.255687" lon="24.919628"><ele>22.1</ele><time>2026-01-10T08:15:45Z</time><extensions><gpxtpx:TrackPointExtension><gpxtpx:hr>140</gpxtpx:hr></gpxtpx:TrackPointExtension></extensions></trkpt><trkpt lat="60.255707" lon="24.919688"><ele>21.2</ele><time>2026-01-10T08:15:46Z</time></trkpt><trkpt lat="60.255728" lon="24.919725"><ele>20.7</ele><time>2026-01-10T08:15:47Z</time></trkpt><trkpt lat="60.255757" lon="24.919768"><ele>21.2</ele><time>2026-01-10T08:15:48Z</time><extensions><gpxtpx:TrackPointExtension><gpxtpx:hr>140</gpxtpx:hr></gpxtpx:TrackPointExtension></extensions></trkpt><trkpt lat="60.25577" lon="24.91981"><ele>19.7</ele><time>2026-01-10T08:15:49Z</time></trkpt><trkpt lat="60.255793" lon="24.91985"><ele>21.1</ele><time>2026-01-10T08:15:50Z</time></trkpt><trkpt lat="60.255813" lon="24.919903"><ele>22.8</ele><time>2026-01-10T08:15:51Z</time></trkpt><trkpt lat="60.255853" lon="24.91989"><ele>20.3</ele><time>2026-01-10T08:15:52Z</time><extensions><gpxtpx:TrackPointExtension><gpxtpx:hr>139</gpxtpx:hr></gpxtpx:TrackPointExtension></extensions></trkpt><trkpt lat="60.255868" lon="24.919973"><ele>24.0</ele><time>2026-01-10T08:15:53Z</time></trkpt><trkpt lat="60.255892" lon="24.920003"><ele>24.9</ele><time>2026-01-10T08:15:54Z</time></trkpt><trkpt lat="60.25594" lon="24.919972"><ele>20.5</ele><time>2026-01-10T08:15:55Z</time></trkpt><trkpt lat="60.255977" lon="24.920007"><ele>24.9</ele><time>2026-01-10T08:15:56Z</time></trkpt><trkpt lat="60.256002" lon="24.920118"><ele>24.1</ele><time>2026-01-10T08:15:57Z</time></trkpt><trkpt lat="60.256037" lon="24.920173"><ele>24.1</ele><time>2026-01-10T08:15:58Z</time></trkpt><trkpt lat="60.256075" lon="24.920227"><ele>23.7</ele><time>2026-01-10T08:15:59Z</time><extensions><gpxtpx:TrackPointExtension><gpxtpx:hr>139</gpxtpx:hr></gpxtpx:TrackPointExtension></extensions></trkpt><trkpt lat="60.256057" lon="24.920112"><ele>25.5</ele><time>2026-01-10T08:16:00Z</time></trkpt><trkpt lat="60.256075" lon="24.920155"><ele>25.1</ele><time>2026-01-10T08:16:01Z</time></trkpt><trkpt lat="60.256077" lon="24.920208"><ele>24.8</ele><time>2026-01-10T08:16:02Z</time></trkpt><trkpt lat="60.25609" lon="24.920257"><ele>25.9</ele><time>2026-01-10T08:16:03Z</time></trkpt><trkpt lat="60.256093" lon="24.920308"><ele>26.2</ele><time>2026-01-10T08:16:04Z</time><extensions><gpxtpx:TrackPointExtension><gpxtpx:hr>139</gpxtpx:hr></gpxtpx:TrackPointExtension></extensions></trkpt><trkpt lat="60.256097" lon="24.920313"><ele>25.0</ele><time>2026-01-10T08:16:05Z</time></trkpt><trkpt lat="60.256105" lon="24.920333"><ele>24.5</ele><time>2026-01-10T08:16:06Z</time></trkpt><trkpt lat="60.256113" lon="24.920357"><ele>24.5</ele><time>2026-01-10T08:16:07Z</time></trkpt><trkpt lat="60.256108" lon="24.920478"><ele>25.1</ele><time>2026-01-10T08:16:08Z</time></trkpt><trkpt lat="60.256108" lon="24.920537"><ele>23.5</ele><time>2026-01-10T08:16:09Z</time></trkpt><trkpt lat="60.256115" lon="24.920577"><ele>22.9</ele><time>2026-01-10T08:16:10Z</time><extensions><gpxtpx:TrackPointExtension><gpxtpx:hr>139</gpxtpx:hr></gpxtpx:TrackPointExtension></extensions></trkpt><trkpt lat="60.256125" lon="24.920617"><ele>22.8</ele><time>2026-01-10T08:16:11Z</time></trkpt><trkpt lat="60.256142" lon="24.920665"><ele>21.7</ele><time>2026-01-10T08:16:12Z</time></trkpt><trkpt lat="60.256155" lon="24.920685"><ele>21.5</ele><time>2026-01-10T08:16:13Z</time><extensions><gpxtpx:TrackPointExtension><gpxtpx:hr>139</gpxtpx:hr></gpxtpx:TrackPointExtension></extensions></trkpt><trkpt lat="60.256172" lon="24.920728"><ele>21.2</ele><time>2026-01-10T08:16:14Z</time></trkpt><trkpt lat="60.256193" lon="24.92078"><ele>21.7</ele><time>2026-01-10T08:16:15Z</time></trkpt><trkpt lat="60.2562" lon="24.920848"><ele>20.4</ele><time>2026-01-10T08:16:16Z</time></trkpt><trkpt lat="60.256217" lon="24.920923"><ele>21.4</ele><time>2026-01-10T08:16:17Z</time></trkpt><trkpt lat="60.25623" lon="24.920973"><ele>20.2</ele><time>2026-01-10T08:16:18Z</time></trkpt><trkpt lat="60.256243" lon="24.921037"><ele>20.8</ele><time>2026-01-10T08:16:19Z</time></trkpt><trkpt lat="60.256253" lon="24.921125"><ele>22.0</ele><time>2026-01-10T08:16:20Z</time></trkpt><trkpt lat="60.25625" lon="24.92117"><ele>20.4</ele><time>2026-01-10T08:16:21Z</time><extensions><gpxtpx:TrackPointExtension><gpxtpx:hr>140</gpxtpx:hr></gpxtpx:TrackPointExtension></extensions></trkpt><trkpt lat="60.256248" lon="24.921235"><ele>21.0</ele><time>2026-01-10T08:16:22Z</time></trkpt><trkpt lat="60.256247" lon="24.9213"><ele>21.0</ele><time>2026-01-10T08:16:23Z</time></trkpt><trkpt lat="60.256235" lon="24.921367"><ele>21.7</ele><time>2026-01-10T08:16:24Z</time></trkpt><trkpt lat="60.25622" lon="24.92143"><ele>23.0</ele><time>2026-01-10T08:16:25Z</time><extensions><gpxtpx:TrackPointExtension><gpxtpx:hr>139</gpxtpx:hr></gpxtpx:TrackPointExtension></extensions></trkpt><trkpt lat="60.2562" lon="24.921487"><ele>21.8</ele><time>2026-01-10T08:16:26Z</time></trkpt><trkpt lat="60.25618" lon="24.92155"><ele>21.4</ele><time>2026-01-10T08:16:27Z</time></trkpt><trkpt lat="60.256175" lon="24.92159"><ele>23.1</ele><time>2026-01-10T08:16:28Z</time><extensions><gpxtpx:TrackPointExtension><gpxtpx:hr>139</gpxtpx:hr></gpxtpx:TrackPointExtension></extensions></trkpt><trkpt lat="60.256187" lon="24.921643"><ele>22.0</ele><time>2026-01-10T08:16:29Z</time></trkpt><trkpt lat="60.256137" lon="24.921698"><ele>23.3</ele><time>2026-01-10T08:16:30Z</time></trkpt><trkpt lat="60.256095" lon="24.921832"><ele>21.7</ele><time>2026-01-10T08:16:31Z</time></trkpt><trkpt lat="60.256163" lon="24.921902"><ele>22.5</ele><time>2026-01-10T08:16:32Z</time></trkpt><trkpt lat="60.256182" lon="24.921965"><ele>22.0</ele><time>2026-01-10T08:16:33Z</time></trkpt><trkpt lat="60.256207" lon="24.92202"><ele>23.3</ele><time>2026-01-10T08:16:34Z</time></trkpt><trkpt lat="60.256232" lon="24.922055"><ele>22.2</ele><time>2026-01-10T08:16:35Z</time></trkpt><trkpt lat="60.25626" lon="24.922092"><ele>22.0</ele><time>2026-01-10T08:16:36Z</time><extensions><gpxtpx:TrackPointExtension><gpxtpx:hr>139</gpxtpx:hr></gpxtpx:TrackPointExtension></extensions></trkpt><trkpt lat="60.256277" lon="24.922138"><ele>21.4</ele><time>2026-01-10T08:16:37Z</time></trkpt><trkpt lat="60.256312" lon="24.922183"><ele>23.6</ele><time>2026-01-10T08:16:38Z</time></trkpt><trkpt lat="60.256303" lon="24.92224"><ele>19.1</ele><time>2026-01-10T08:16:39Z</time></trkpt><trkpt lat="60.256305" lon="24.922303"><ele>16.7</ele><time>2026-01-10T08:16:40Z</time></trkpt><trkpt lat="60.256303" lon="24.922363"><ele>17.9</ele><time>2026-01-10T08:16:41Z</time><extensions><gpxtpx:TrackPointExtension><gpxtpx:hr>140</gpxtpx:hr></gpxtpx:TrackPointExtension></extensions></trkpt><trkpt lat="60.256293" lon="24.92243"><ele>20.1</ele><time>2026-01-10T08:16:42Z</time></trkpt><trkpt lat="60.256285" lon="24.922493"><ele>20.4</ele><time>2026-01-10T08:16:43Z</time></trkpt><trkpt lat="60.256277" lon="24.92256"><ele>20.9</ele><time>2026-01-10T08:16:44Z</time><extensions><gpxtpx:TrackPointExtension><gpxtpx:hr>140</gpxtpx:hr></gpxtpx:TrackPointExtension></extensions></trkpt><trkpt lat="60.256268" lon="24.922612"><ele>20.3</ele><time>2026-01-10T08:16:45Z</time></trkpt><trkpt lat="60.256265" lon="24.922703"><ele>21.5</ele><time>2026-01-10T08:16:46Z</time></trkpt><trkpt lat="60.256257" lon="24.922795"><ele>22.1</ele><time>2026-01-10T08:16:47Z</time></trkpt><trkpt lat="60.256265" lon="24.922843"><ele>18.6</ele><time>2026-01-10T08:16:48Z</time></trkpt><trkpt lat="60.256257" lon="24.922907"><ele>18.4</ele><time>2026-01-10T08:16:49Z</time></trkpt><trkpt lat="60.256247" lon="24.922985"><ele>18.5</ele><time>2026-01-10T08:16:50Z</time></trkpt><trkpt lat="60.256238" lon="24.923052"><ele>18.9</ele><time>2026-01-10T08:16:51Z</time><extensions><gpxtpx:TrackPointExtension><gpxtpx:hr>139</gpxtpx:hr></gpxtpx:TrackPointExtension></extensions></trkpt><trkpt lat="60.256232" lon="24.923132"><ele>17.7</ele><time>2026-01-10T08:16:52Z</time><extensions><gpxtpx:TrackPointExtension><gpxtpx:hr>139</gpxtpx:hr></gpxtpx:TrackPointExtension></extensions></trkpt><trkpt lat="60.256225" lon="24.923205"><ele>18.5</ele><time>2026-01-10T08:16:53Z</time></trkpt><trkpt lat="60.256222" lon="24.923283"><ele>17.5</ele><time>2026-01-10T08:16:54Z</time></trkpt><trkpt lat="60.256217" lon="24.923358"><ele>17.6</ele><time>2026-01-10T08:16:55Z</time></trkpt><trkpt lat="60.256213" lon="24.923432"><ele>16.9</ele><time>2026-01-10T08:16:56Z</time></trkpt><trkpt lat="60.256207" lon="24.923507"><ele>17.0</ele><time>2026-01-10T08:16:57Z</time></trkpt><trkpt lat="60.256202" lon="24.923575"><ele>17.5</ele><time>2026-01-10T08:16:58Z</time></trkpt><trkpt lat="60.256197" lon="24.923643"><ele>18.2</ele><time>2026-01-10T08:16:59Z</time><extensions><gpxtpx:TrackPointExtension><gpxtpx:hr>139</gpxtpx:hr></gpxtpx:TrackPointExtension></extensions></trkpt><trkpt lat="60.256195" lon="24.923708"><ele>18.5</ele><time>2026-01-10T08:17:00Z</time></trkpt><trkpt lat="60.256193" lon="24.923777"><ele>18.6</ele><time>2026-01-10T08:17:01Z</time></trkpt><trkpt lat="60.256193" lon="24.923853"><ele>17.8</ele><time>2026-01-10T08:17:02Z</time><extensions><gpxtpx:TrackPointExtension><gpxtpx:hr>138</gpxtpx:hr></gpxtpx:TrackPointExtension></extensions></trkpt><trkpt lat="60.25619" lon="24.923943"><ele>17.4</ele><time>2026-01-10T08:17:03Z</time></trkpt><trkpt lat="60.256192" lon="24.924012"><ele>17.6</ele><time>2026-01-10T08:17:04Z</time></trkpt><trkpt lat="60.256195" lon="24.924087"><ele>17.1</ele><time>2026-01-10T08:17:05Z</time></trkpt><trkpt lat="60.256202" lon="24.924138"><ele>17.3</ele><time>2026-01-10T08:17:06Z</time></trkpt><trkpt lat="60.256212" lon="24.924197"><ele>17.6</ele><time>2026-01-10T08:17:07Z</time></trkpt><trkpt lat="60.256213" lon="24.924232"><ele>15.3</ele><time>2026-01-10T08:17:08Z</time></trkpt><trkpt lat="60.256223" lon="24.924305"><ele>15.7</ele><time>2026-01-10T08:17:09Z</time></trkpt><trkpt lat="60.25623" lon="24.924357"><ele>15.9</ele><time>2026-01-10T08:17:10Z</time><extensions><gpxtpx:TrackPointExtension><gpxtpx:hr>138</gpxtpx:hr></gpxtpx:TrackPointExtension></extensions></trkpt><trkpt lat="60.256243" lon="24.92443"><ele>16.6</ele><time>2026-01-10T08:17:11Z</time></trkpt><trkpt lat="60.25625" lon="24.924502"><ele>18.7</ele><time>2026-01-10T08:17:12Z</time></trkpt><trkpt lat="60.256258" lon="24.924583"><ele>20.3</ele><time>2026-01-10T08:17:13Z</time><extensions><gpxtpx:TrackPointExtension><gpxtpx:hr>138</gpxtpx:hr></gpxtpx:TrackPointExtension></extensions></trkpt><trkpt lat="60.256273" lon="24.924647"><ele>19.6</ele><time>2026-01-10T08:17:14Z</time></trkpt><trkpt lat="60.25628" lon="24.9247"><ele>19.6</ele><time>2026-01-10T08:17:15Z</time></trkpt><trkpt lat="60.256293" lon="24.924783"><ele>20.9</ele><time>2026-01-10T08:17:16Z</time></trkpt><trkpt lat="60.256305" lon="24.924827"><ele>19.7</ele><time>2026-01-10T08:17:17Z</time><extensions><gpxtpx:TrackPointExtension><gpxtpx:hr>137</gpxtpx:hr></gpxtpx:TrackPointExtension></extensions></trkpt><trkpt lat="60.256323" lon="24.924893"><ele>19.7</ele><time>2026-01-10T08:17:18Z</time></trkpt><trkpt lat="60.256337" lon="24.924948"><ele>18.5</ele><time>2026-01-10T08:17:19Z</time></trkpt><trkpt lat="60.256352" lon="24.925027"><ele>19.1</ele><time>2026-01-10T08:17:20Z</time></trkpt><trkpt lat="60.256367" lon="24.92509"><ele>18.1</ele><time>2026-01-10T08:17:21Z</time></trkpt><trkpt lat="60.256377" lon="24.92516"><ele>19.6</ele><time>2026-01-10T08:17:22Z</time></trkpt><trkpt lat="60.256395" lon="24.925208"><ele>19.8</ele><time>2026-01-10T08:17:23Z</time></trkpt><trkpt lat="60.256402" lon="24.925275"><ele>19.4</ele><time>2026-01-10T08:17:24Z</time></trkpt><trkpt lat="60.256417" lon="24.92532"><ele>19.2</ele><time>2026-01-10T08:17:25Z</time></trkpt><trkpt lat="60.256423" lon="24.925378"><ele>19.0</ele><time>2026-01-10T08:17:26Z</time><extensions><gpxtpx:TrackPointExtension><gpxtpx:hr>136</gpxtpx:hr></gpxtpx:TrackPointExtension></extensions></trkpt><trkpt lat="60.256437" lon="24.92543"><ele>19.7</ele><time>2026-01-10T08:17:27Z</time></trkpt><trkpt lat="60.256443" lon="24.925492"><ele>18.7</ele><time>2026-01-10T08:17:28Z</time><extensions><gpxtpx:TrackPointExtension><gpxtpx:hr>136</gpxtpx:hr></gpxtpx:TrackPointExtension></extensions></trkpt><trkpt lat="60.256453" lon="24.925555"><ele>18.7</ele><time>2026-01-10T08:17:29Z</time></trkpt><trkpt lat="60.25647" lon="24.925615"><ele>18.9</ele><time>2026-01-10T08:17:30Z</time></trkpt><trkpt lat="60.256482" lon="24.925673"><ele>15.8</ele><time>2026-01-10T08:17:31Z</time></trkpt><trkpt lat="60.25652" lon="24.925897"><ele>16.2</ele><time>2026-01-10T08:17:35Z</time><extensions><gpxtpx:TrackPointExtension><gpxtpx:hr>134</gpxtpx:hr></gpxtpx:TrackPointExtension></extensions></trkpt><trkpt lat="60.256528" lon="24.925955"><ele>16.8</ele><time>2026-01-10T08:17:36Z</time></trkpt><trkpt lat="60.256535" lon="24.926022"><ele>17.0</ele><time>2026-01-10T08:17:37Z</time></trkpt><trkpt lat="60.256542" lon="24.926087"><ele>17.5</ele><time>2026-01-10T08:17:38Z</time></trkpt><trkpt lat="60.256547" lon="24.926152"><ele>17.9</ele><time>2026-01-10T08:17:39Z</time><extensions><gpxtpx:TrackPointExtension><gpxtpx:hr>135</gpxtpx:hr></gpxtpx:TrackPointExtension></extensions></trkpt><trkpt lat="60.25655" lon="24.926215"><ele>17.1</ele><time>2026-01-10T08:17:40Z</time></trkpt><trkpt lat="60.256555" lon="24.926282"><ele>16.7</ele><time>2026-01-10T08:17:41Z</time></trkpt><trkpt lat="60.256558" lon="24.926347"><ele>16.8</ele><time>2026-01-10T08:17:42Z</time></trkpt><trkpt lat="60.256563" lon="24.926417"><ele>17.3</ele><time>2026-01-10T08:17:43Z</time><extensions><gpxtpx:TrackPointExtension><gpxtpx:hr>136</gpxtpx:hr></gpxtpx:TrackPointExtension></extensions></trkpt><trkpt lat="60.256567" lon="24.926492"><ele>17.4</ele><time>2026-01-10T08:17:44Z</time></trkpt><trkpt lat="60.25657" lon="24.92656"><ele>17.0</ele><time>2026-01-10T08:17:45Z</time></trkpt><trkpt lat="60.256572" lon="24.92663"><ele>17.7</ele><time>2026-01-10T08:17:46Z</time></trkpt><trkpt lat="60.256573" lon="24.926703"><ele>18.0</ele><time>2026-01-10T08:17:47Z</time><extensions><gpxtpx:TrackPointExtension><gpxtpx:hr>139</gpxtpx:hr></gpxtpx:TrackPointExtension></extensions></trkpt><trkpt lat="60.256575" lon="24.926782"><ele>16.7</ele><time>2026-01-10T08:17:48Z</time></trkpt><trkpt lat="60.256573" lon="24.926853"><ele>16.7</ele><time>2026-01-10T08:17:49Z</time></trkpt><trkpt lat="60.256577" lon="24.926922"><ele>17.3</ele><time>2026-01-10T08:17:50Z</time></trkpt><trkpt lat="60.256578" lon="24.926997"><ele>17.6</ele><time>2026-01-10T08:17:51Z</time></trkpt><trkpt lat="60.25658" lon="24.927073"><ele>17.4</ele><time>2026-01-10T08:17:52Z</time></trkpt><trkpt lat="60.256583" lon="24.927147"><ele>17.7</ele><time>2026-01-10T08:17:53Z</time></trkpt><trkpt lat="60.256583" lon="24.927227"><ele>17.8</ele><time>2026-01-10T08:17:54Z</time><extensions><gpxtpx:TrackPointExtension><gpxtpx:hr>139</gpxtpx:hr></gpxtpx:TrackPointExtension></extensions></trkpt><trkpt lat="60.256583" lon="24.927298"><ele>18.0</ele><time>2026-01-10T08:17:55Z</time></trkpt><trkpt lat="60.25658" lon="24.92738"><ele>18.1</ele><time>2026-01-10T08:17:56Z</time></trkpt><trkpt lat="60.256578" lon="24.927467"><ele>18.5</ele><time>2026-01-10T08:17:57Z</time><extensions><gpxtpx:TrackPointExtension><gpxtpx:hr>139</gpxtpx:hr></gpxtpx:TrackPointExtension></extensions></trkpt><trkpt lat="60.256578" lon="24.927542"><ele>18.4</ele><time>2026-01-10T08:17:58Z</time></trkpt><trkpt lat="60.256577" lon="24.927615"><ele>18.0</ele><time>2026-01-10T08:17:59Z</time></trkpt><trkpt lat="60.256577" lon="24.927682"><ele>18.4</ele><time>2026-01-10T08:18:00Z</time></trkpt><trkpt lat="60.256572" lon="24.927762"><ele>18.6</ele><time>2026-01-10T08:18:01Z</time></trkpt><trkpt lat="60.25658" lon="24.928098"><ele>17.7</ele><time>2026-01-10T08:18:05Z</time></trkpt><trkpt lat="60.256583" lon="24.928167"><ele>18.0</ele><time>2026-01-10T08:18:06Z</time><extensions><gpxtpx:TrackPointExtension><gpxtpx:hr>139</gpxtpx:hr></gpxtpx:TrackPointExtension></extensions></trkpt><trkpt lat="60.256587" lon="24.928232"><ele>15.9</ele><time>2026-01-10T08:18:07Z</time><extensions><gpxtpx:TrackPointExtension><gpxtpx:hr>139</gpxtpx:hr></gpxtpx:TrackPointExtension></extensions></trkpt><trkpt lat="60.256593" lon="24.928298"><ele>16.6</ele><time>2026-01-10T08:18:08Z</time></trkpt><trkpt lat="60.2566" lon="24.92836"><ele>16.2</ele><time>2026-01-10T08:18:09Z</time></trkpt><trkpt lat="60.256607" lon="24.928418"><ele>15.8</ele><time>2026-01-10T08:18:10Z</time></trkpt><trkpt lat="60.256612" lon="24.928478"><ele>15.3</ele><time>2026-01-10T08:18:11Z</time></trkpt><trkpt lat="60.256622" lon="24.92854"><ele>15.5</ele><time>2026-01-10T08:18:13Z</time><extensions><gpxtpx:TrackPointExtension><gpxtpx:hr>137</gpxtpx:hr></gpxtpx:TrackPointExtension></extensions></trkpt><trkpt lat="60.256633" lon="24.92861"><ele>15.8</ele><time>2026-01-10T08:18:13Z</time></trkpt><trkpt lat="60.256648" lon="24.928678"><ele>15.4</ele><time>2026-01-10T08:18:14Z</time></trkpt><trkpt lat="60.256665" lon="24.928742"><ele>14.9</ele><time>2026-01-10T08:18:16Z</time></trkpt><trkpt lat="60.256683" lon="24.928803"><ele>14.5</ele><time>2026-01-10T08:18:16Z</time></trkpt><trkpt lat="60.2567" lon="24.92887"><ele>14.8</ele><time>2026-01-10T08:18:18Z</time></trkpt><trkpt lat="60.25672" lon="24.92892"><ele>14.6</ele><time>2026-01-10T08:18:19Z</time></trkpt><trkpt lat="60.256742" lon="24.928967"><ele>14.3</ele><time>2026-01-10T08:18:19Z</time></trkpt><trkpt lat="60.256763" lon="24.929018"><ele>14.1</ele><time>2026-01-10T08:18:21Z</time><extensions><gpxtpx:TrackPointExtension><gpxtpx:hr>140</gpxtpx:hr></gpxtpx:TrackPointExtension></extensions></trkpt><trkpt lat="60.25679" lon="24.92907"><ele>14.1</ele><time>2026-01-10T08:18:22Z</time></trkpt><trkpt lat="60.256813" lon="24.92912"><ele>15.3</ele><time>2026-01-10T08:18:22Z</time></trkpt><trkpt lat="60.256843" lon="24.929163"><ele>14.9</ele><time>2026-01-10T08:18:23Z</time></trkpt><trkpt lat="60.256873" lon="24.929205"><ele>15.1</ele><time>2026-01-10T08:18:25Z</time></trkpt><trkpt lat="60.256907" lon="24.929245"><ele>15.2</ele><time>2026-01-10T08:18:25Z</time></trkpt><trkpt lat="60.256933" lon="24.929282"><ele>14.5</ele><time>2026-01-10T08:18:26Z</time><extensions><gpxtpx:TrackPointExtension><gpxtpx:hr>140</gpxtpx:hr></gpxtpx:TrackPointExtension></extensions></trkpt><trkpt lat="60.256955" lon="24.929313"><ele>14.7</ele><time>2026-01-10T08:18:27Z</time></trkpt><trkpt lat="60.256977" lon="24.929352"><ele>15.3</ele><time>2026-01-10T08:18:28Z</time></trkpt><trkpt lat="60.257" lon="24.9294"><ele>15.6</ele><time>2026-01-10T08:18:29Z</time></trkpt><trkpt lat="60.257018" lon="24.92945"><ele>16.3</ele><time>2026-01-10T08:18:30Z</time><extensions><gpxtpx:TrackPointExtension><gpxtpx:hr>139</gpxtpx:hr></gpxtpx:TrackPointExtension></extensions></trkpt><trkpt lat="60.257033" lon="24.929498"><ele>15.7</ele><time>2026-01-10T08:18:31Z</time></trkpt><trkpt lat="60.257048" lon="24.929552"><ele>15.4</ele><time>2026-01-10T08:18:32Z</time></trkpt><trkpt lat="60.257063" lon="24.929613"><ele>15.4</ele><time>2026-01-10T08:18:33Z</time></trkpt><trkpt lat="60.257082" lon="24.929695"><ele>16.0</ele><time>2026-01-10T08:18:34Z</time><extensions><gpxtpx:TrackPointExtension><gpxtpx:hr>139</gpxtpx:hr></gpxtpx:TrackPointExtension></extensions></trkpt><trkpt lat="60.257098" lon="24.929762"><ele>15.6</ele><time>2026-01-10T08:18:35Z</time></trkpt><trkpt lat="60.257113" lon="24.929815"><ele>15.2</ele><time>2026-01-10T08:18:36Z</time></trkpt><trkpt lat="60.257143" lon="24.929915"><ele>16.0</ele><time>2026-01-10T08:18:37Z</time></trkpt><trkpt lat="60.257153" lon="24.929982"><ele>15.2</ele><time>2026-01-10T08:18:38Z</time></trkpt><trkpt lat="60.257178" lon="24.930055"><ele>15.4</ele><time>2026-01-10T08:18:39Z</time></trkpt><trkpt lat="60.257205" lon="24.930123"><ele>15.1</ele><time>2026-01-10T08:18:40Z</time><extensions><gpxtpx:TrackPointExtension><gpxtpx:hr>141</gpxtpx:hr></gpxtpx:TrackPointExtension></extensions></trkpt><trkpt lat="60.257213" lon="24.930172"><ele>13.2</ele><time>2026-01-10T08:18:41Z</time></trkpt><trkpt lat="60.25724" lon="24.930253"><ele>14.9</ele><time>2026-01-10T08:18:42Z</time></trkpt><trkpt lat="60.257258" lon="24.930332"><ele>15.2</ele><time>2026-01-10T08:18:43Z</time></trkpt><trkpt lat="60.257278" lon="24.930405"><ele>18.9</ele><time>2026-01-10T08:18:44Z</time></trkpt><trkpt lat="60.257303" lon="24.93048"><ele>17.7</ele><time>2026-01-10T08:18:45Z</time><extensions><gpxtpx:TrackPointExtension><gpxtpx:hr>141</gpxtpx:hr></gpxtpx:TrackPointExtension></extensions></trkpt><trkpt lat="60.257327" lon="24.930543"><ele>17.3</ele><time>2026-01-10T08:18:46Z</time></trkpt><trkpt lat="60.257355" lon="24.930627"><ele>15.5</ele><time>2026-01-10T08:18:47Z</time></trkpt><trkpt lat="60.257377" lon="24.930667"><ele>14.6</ele><time>2026-01-10T08:18:48Z</time></trkpt><trkpt lat="60.257402" lon="24.930725"><ele>15.4</ele><time>2026-01-10T08:18:49Z</time><extensions><gpxtpx:TrackPointExtension><gpxtpx:hr>141</gpxtpx:hr></gpxtpx:TrackPointExtension></extensions></trkpt><trkpt lat="60.257413" lon="24.930788"><ele>14.3</ele><time>2026-01-10T08:18:50Z</time></trkpt><trkpt lat="60.257438" lon="24.930858"><ele>14.5</ele><time>2026-01-10T08:18:51Z</time></trkpt><trkpt lat="60.257467" lon="24.930927"><ele>15.0</ele><time>2026-01-10T08:18:52Z</time><extensions><gpxtpx:TrackPointExtension><gpxtpx:hr>140</gpxtpx:hr></gpxtpx:TrackPointExtension></extensions></trkpt><trkpt lat="60.25749" lon="24.930985"><ele>15.0</ele><time>2026-01-10T08:18:53Z</time></trkpt><trkpt lat="60.257508" lon="24.93106"><ele>15.3</ele><time>2026-01-10T08:18:54Z</time></trkpt><trkpt lat="60.257538" lon="24.931117"><ele>18.6</ele><time>2026-01-10T08:18:55Z</time></trkpt><trkpt lat="60.258655" lon="24.933102"><ele>10.1</ele><time>2026-01-10T08:19:39Z</time></trkpt><trkpt lat="60.258667" lon="24.933085"><ele>9.9</ele><time>2026-01-10T08:19:40Z</time><extensions><gpxtpx:TrackPointExtension><gpxtpx:hr>143</gpxtpx:hr></gpxtpx:TrackPointExtension></extensions></trkpt><trkpt lat="60.258702" lon="24.933147"><ele>11.1</ele><time>2026-01-10T08:19:41Z</time></trkpt><trkpt lat="60.25871" lon="24.93315"><ele>10.2</ele><time>2026-01-10T08:19:42Z</time></trkpt><trkpt lat="60.258743" lon="24.933188"><ele>15.3</ele><time>2026-01-10T08:19:43Z</time></trkpt><trkpt lat="60.258793" lon="24.93323"><ele>14.5</ele><time>2026-01-10T08:19:44Z</time></trkpt><trkpt lat="60.258847" lon="24.933257"><ele>14.3</ele><time>2026-01-10T08:19:45Z</time><extensions><gpxtpx:TrackPointExtension><gpxtpx:hr>142</gpxtpx:hr></gpxtpx:TrackPointExtension></extensions></trkpt><trkpt lat="60.258882" lon="24.933277"><ele>14.3</ele><time>2026-01-10T08:19:46Z</time></trkpt><trkpt lat="60.258915" lon="24.933313"><ele>14.7</ele><time>2026-01-10T08:19:47Z</time></trkpt><trkpt lat="60.25894" lon="24.933343"><ele>14.2</ele><time>2026-01-10T08:19:48Z</time><extensions><gpxtpx:TrackPointExtension><gpxtpx:hr>141</gpxtpx:hr></gpxtpx:TrackPointExtension></extensions></trkpt><trkpt lat="60.25896" lon="24.933387"><ele>15.5</ele><time>2026-01-10T08:19:49Z</time></trkpt><trkpt lat="60.25897" lon="24.933448"><ele>15.6</ele><time>2026-01-10T08:19:50Z</time></trkpt><trkpt lat="60.258967" lon="24.933523"><ele>14.9</ele><time>2026-01-10T08:19:51Z</time></trkpt><trkpt lat="60.258963" lon="24.933597"><ele>13.6</ele><time>2026-01-10T08:19:52Z</time></trkpt><trkpt lat="60.258952" lon="24.933663"><ele>13.1</ele><time>2026-01-10T08:19:53Z</time></trkpt><trkpt lat="60.258942" lon="24.933723"><ele>15.9</ele><time>2026-01-10T08:19:54Z</time></trkpt><trkpt lat="60.25893" lon="24.933795"><ele>16.6</ele><time>2026-01-10T08:19:55Z</time><extensions><gpxtpx:TrackPointExtension><gpxtpx:hr>143</gpxtpx:hr></gpxtpx:TrackPointExtension></extensions></trkpt><trkpt lat="60.25892" lon="24.933865"><ele>15.3</ele><time>2026-01-10T08:19:56Z</time></trkpt><trkpt lat="60.258905" lon="24.933947"><ele>15.8</ele><time>2026-01-10T08:19:57Z</time></trkpt><trkpt lat="60.258897" lon="24.934013"><ele>13.4</ele><time>2026-01-10T08:19:58Z</time></trkpt><trkpt lat="60.25888" lon="24.934077"><ele>15.5</ele><time>2026-01-10T08:19:59Z</time><extensions><gpxtpx:TrackPointExtension><gpxtpx:hr>142</gpxtpx:hr></gpxtpx:TrackPointExtension></extensions></trkpt><trkpt lat="60.25886" lon="24.934142"><ele>16.5</ele><time>2026-01-10T08:20:00Z</time></trkpt><trkpt lat="60.25885" lon="24.934203"><ele>16.2</ele><time>2026-01-10T08:20:01Z</time></trkpt><trkpt lat="60.258843" lon="24.93428"><ele>16.9</ele><time>2026-01-10T08:20:02Z</time></trkpt><trkpt lat="60.258842" lon="24.934337"><ele>16.0</ele><time>2026-01-10T08:20:03Z</time></trkpt><trkpt lat="60.258817" lon="24.934417"><ele>14.1</ele><time>2026-01-10T08:20:04Z</time></trkpt><trkpt lat="60.258815" lon="24.934503"><ele>16.4</ele><time>2026-01-10T08:20:05Z</time></trkpt><trkpt lat="60.258803" lon="24.934567"><ele>16.2</ele><time>2026-01-10T08:20:06Z</time><extensions><gpxtpx:TrackPointExtension><gpxtpx:hr>142</gpxtpx:hr></gpxtpx:TrackPointExtension></extensions></trkpt><trkpt lat="60.258787" lon="24.934665"><ele>12.7</ele><time>2026-01-10T08:20:07Z</time></trkpt><trkpt lat="60.258775" lon="24.934752"><ele>12.3</ele><time>2026-01-10T08:20:08Z</time></trkpt><trkpt lat="60.258767" lon="24.934797"><ele>13.5</ele><time>2026-01-10T08:20:09Z</time></trkpt><trkpt lat="60.258755" lon="24.93487"><ele>13.4</ele><time>2026-01-10T08:20:10Z</time><extensions><gpxtpx:TrackPointExtension><gpxtpx:hr>142</gpxtpx:hr></gpxtpx:TrackPointExtension></extensions></trkpt><trkpt lat="60.258743" lon="24.93493"><ele>14.1</ele><time>2026-01-10T08:20:11Z</time></trkpt><trkpt lat="60.258742" lon="24.93499"><ele>13.0</ele><time>2026-01-10T08:20:12Z</time><extensions><gpxtpx:TrackPointExtension><gpxtpx:hr>141</gpxtpx:hr></gpxtpx:TrackPointExtension></extensions></trkpt><trkpt lat="60.258735" lon="24.935052"><ele>12.8</ele><time>2026-01-10T08:20:13Z</time></trkpt><trkpt lat="60.258737" lon="24.935127"><ele>14.9</ele><time>2026-01-10T08:20:14Z</time></trkpt><trkpt lat="60.258743" lon="24.93519"><ele>15.2</ele><time>2026-01-10T08:20:15Z</time></trkpt><trkpt lat="60.258752" lon="24.935257"><ele>15.4</ele><time>2026-01-10T08:20:16Z</time></trkpt><trkpt lat="60.258767" lon="24.935333"><ele>15.2</ele><time>2026-01-10T08:20:17Z</time></trkpt><trkpt lat="60.258787" lon="24.935383"><ele>14.7</ele><time>2026-01-10T08:20:18Z</time></trkpt><trkpt lat="60.258808" lon="24.935443"><ele>15.4</ele><time>2026-01-10T08:20:19Z</time></trkpt><trkpt lat="60.25884" lon="24.935455"><ele>17.0</ele><time>2026-01-10T08:20:20Z</time></trkpt><trkpt lat="60.258865" lon="24.935502"><ele>16.6</ele><time>2026-01-10T08:20:21Z</time><extensions><gpxtpx:TrackPointExtension><gpxtpx:hr>141</gpxtpx:hr></gpxtpx:TrackPointExtension></extensions></trkpt><trkpt lat="60.262957" lon="24.935985"><ele>10.3</ele><time>2026-01-10T08:24:05Z</time></trkpt><trkpt lat="60.262993" lon="24.935965"><ele>12.2</ele><time>2026-01-10T08:24:06Z</time><extensions><gpxtpx:TrackPointExtension><gpxtpx:hr>148</gpxtpx:hr></gpxtpx:TrackPointExtension></extensions></trkpt><trkpt lat="60.263035" lon="24.935952"><ele>12.6</ele><time>2026-01-10T08:24:07Z</time></trkpt><trkpt lat="60.26307" lon="24.935938"><ele>12.9</ele><time>2026-01-10T08:24:08Z</time></trkpt><trkpt lat="60.2631" lon="24.935923"><ele>13.4</ele><time>2026-01-10T08:24:09Z</time></trkpt><trkpt lat="60.26313" lon="24.935908"><ele>15.1</ele><time>2026-01-10T08:24:10Z</time></trkpt><trkpt lat="60.263165" lon="24.935893"><ele>14.2</ele><time>2026-01-10T08:24:11Z</time><extensions><gpxtpx:TrackPointExtension><gpxtpx:hr>149</gpxtpx:hr></gpxtpx:TrackPointExtension></extensions></trkpt><trkpt lat="60.2632" lon="24.935878"><ele>12.1</ele><time>2026-01-10T08:24:12Z</time></trkpt><trkpt lat="60.263232" lon="24.935858"><ele>12.6</ele><time>2026-01-10T08:24:13Z</time></trkpt><trkpt lat="60.26326" lon="24.935835"><ele>12.9</ele><time>2026-01-10T08:24:14Z</time></trkpt><trkpt lat="60.263287" lon="24.935812"><ele>12.7</ele><time>2026-01-10T08:24:15Z</time></trkpt><trkpt lat="60.263317" lon="24.935795"><ele>14.1</ele><time>2026-01-10T08:24:16Z</time><extensions><gpxtpx:TrackPointExtension><gpxtpx:hr>149</gpxtpx:hr></gpxtpx:TrackPointExtension></extensions></trkpt><trkpt lat="60.263347" lon="24.935783"><ele>14.5</ele><time>2026-01-10T08:24:17Z</time></trkpt><trkpt lat="60.26338" lon="24.935763"><ele>14.0</ele><time>2026-01-10T08:24:18Z</time></trkpt><trkpt lat="60.263413" lon="24.93575"><ele>14.3</ele><time>2026-01-10T08:24:19Z</time></trkpt><trkpt lat="60.263445" lon="24.935728"><ele>14.9</ele><time>2026-01-10T08:24:20Z</time></trkpt><trkpt lat="60.263477" lon="24.935708"><ele>14.1</ele><time>2026-01-10T08:24:21Z</time><extensions><gpxtpx:TrackPointExtension><gpxtpx:hr>150</gpxtpx:hr></gpxtpx:TrackPointExtension></extensions></trkpt><trkpt lat="60.263508" lon="24.935688"><ele>14.3</ele><time>2026-01-10T08:24:22Z</time></trkpt><trkpt lat="60.263547" lon="24.935695"><ele>14.3</ele><time>2026-01-10T08:24:23Z</time></trkpt><trkpt lat="60.263582" lon="24.93569"><ele>14.6</ele><time>2026-01-10T08:24:24Z</time></trkpt><trkpt lat="60.263613" lon="24.935683"><ele>14.3</ele><time>2026-01-10T08:24:25Z</time></trkpt><trkpt lat="60.263643" lon="24.935667"><ele>14.1</ele><time>2026-01-10T08:24:26Z</time><extensions><gpxtpx:TrackPointExtension><gpxtpx:hr>150</gpxtpx:hr></gpxtpx:TrackPointExtension></extensions></trkpt><trkpt lat="60.263672" lon="24.935658"><ele>14.3</ele><time>2026-01-10T08:24:27Z</time><extensions><gpxtpx:TrackPointExtension><gpxtpx:hr>150</gpxtpx:hr></gpxtpx:TrackPointExtension></extensions></trkpt><trkpt lat="60.263688" lon="24.935652"><ele>14.0</ele><time>2026-01-10T08:24:28Z</time></trkpt><trkpt lat="60.263693" lon="24.935647"><ele>14.0</ele><time>2026-01-10T08:24:29Z</time></trkpt><trkpt lat="60.263707" lon="24.935638"><ele>14.6</ele><time>2026-01-10T08:24:30Z</time></trkpt><trkpt lat="60.263712" lon="24.935628"><ele>14.5</ele><time>2026-01-10T08:24:31Z</time></trkpt><trkpt lat="60.263693" lon="24.935623"><ele>14.1</ele><time>2026-01-10T08:24:33Z</time><extensions><gpxtpx:TrackPointExtension><gpxtpx:hr>152</gpxtpx:hr></gpxtpx:TrackPointExtension></extensions></trkpt><trkpt lat="60.26367" lon="24.935623"><ele>16.5</ele><time>2026-01-10T08:24:37Z</time></trkpt><trkpt lat="60.263647" lon="24.935638"><ele>16.4</ele><time>2026-01-10T08:24:38Z</time></trkpt><trkpt lat="60.263617" lon="24.935647"><ele>15.1</ele><time>2026-01-10T08:24:39Z</time></trkpt><trkpt lat="60.263583" lon="24.935658"><ele>15.4</ele><time>2026-01-10T08:24:40Z</time><extensions><gpxtpx:TrackPointExtension><gpxtpx:hr>150</gpxtpx:hr></gpxtpx:TrackPointExtension></extensions></trkpt><trkpt lat="60.263547" lon="24.93568"><ele>15.3</ele><time>2026-01-10T08:24:41Z</time></trkpt><trkpt lat="60.26352" lon="24.935702"><ele>16.8</ele><time>2026-01-10T08:24:42Z</time></trkpt><trkpt lat="60.263485" lon="24.935718"><ele>16.4</ele><time>2026-01-10T08:24:43Z</time></trkpt><trkpt lat="60.263458" lon="24.935722"><ele>16.0</ele><time>2026-01-10T08:24:44Z</time></trkpt><trkpt lat="60.263428" lon="24.935743"><ele>15.5</ele><time>2026-01-10T08:24:45Z</time><extensions><gpxtpx:TrackPointExtension><gpxtpx:hr>149</gpxtpx:hr></gpxtpx:TrackPointExtension></extensions></trkpt><trkpt lat="60.263397" lon="24.935752"><ele>16.3</ele><time>2026-01-10T08:24:46Z</time></trkpt><trkpt lat="60.263365" lon="24.935755"><ele>14.6</ele><time>2026-01-10T08:24:47Z</time><extensions><gpxtpx:TrackPointExtension><gpxtpx:hr>148</gpxtpx:hr></gpxtpx:TrackPointExtension></extensions></trkpt><trkpt lat="60.263333" lon="24.935778"><ele>15.6</ele><time>2026-01-10T08:24:48Z</time></trkpt><trkpt lat="60.263302" lon="24.935793"><ele>15.5</ele><time>2026-01-10T08:24:49Z</time></trkpt><trkpt lat="60.263272" lon="24.935815"><ele>15.2</ele><time>2026-01-10T08:24:50Z</time></trkpt><trkpt lat="60.263237" lon="24.935828"><ele>14.6</ele><time>2026-01-10T08:24:51Z</time></trkpt><trkpt lat="60.263197" lon="24.93585"><ele>15.2</ele><time>2026-01-10T08:24:52Z</time><extensions><gpxtpx:TrackPointExtension><gpxtpx:hr>146</gpxtpx:hr></gpxtpx:TrackPointExtension></extensions></trkpt><trkpt lat="60.263165" lon="24.935863"><ele>15.1</ele><time>2026-01-10T08:24:53Z</time></trkpt><trkpt lat="60.263127" lon="24.935877"><ele>14.6</ele><time>2026-01-10T08:24:54Z</time></trkpt><trkpt lat="60.26309" lon="24.935897"><ele>13.5</ele><time>2026-01-10T08:24:55Z</time></trkpt><trkpt lat="60.263057" lon="24.935903"><ele>13.1</ele><time>2026-01-10T08:24:56Z</time></trkpt><trkpt lat="60.263022" lon="24.935935"><ele>14.0</ele><time>2026-01-10T08:24:57Z</time></trkpt><trkpt lat="60.262985" lon="24.935948"><ele>13.8</ele><time>2026-01-10T08:24:58Z</time></trkpt><trkpt lat="60.26295" lon="24.935968"><ele>13.2</ele><time>2026-01-10T08:24:59Z</time></trkpt><trkpt lat="60.26291" lon="24.93598"><ele>14.1</ele><time>2026-01-10T08:25:00Z</time></trkpt><trkpt lat="60.262878" lon="24.935985"><ele>12.5</ele><time>2026-01-10T08:25:01Z</time><extensions><gpxtpx:TrackPointExtension><gpxtpx:hr>142</gpxtpx:hr></gpxtpx:TrackPointExtension></extensions></trkpt><trkpt lat="60.262842" lon="24.936017"><ele>13.3</ele><time>2026-01-10T08:25:02Z</time></trkpt><trkpt lat="60.262805" lon="24.936028"><ele>13.4</ele><time>2026-01-10T08:25:03Z</time></trkpt><trkpt lat="60.262772" lon="24.936052"><ele>13.2</ele><time>2026-01-10T08:25:04Z</time></trkpt><trkpt lat="60.262733" lon="24.936067"><ele>13.1</ele><time>2026-01-10T08:25:05Z</time><extensions><gpxtpx:TrackPointExtension><gpxtpx:hr>142</gpxtpx:hr></gpxtpx:TrackPointExtension></extensions></trkpt><trkpt lat="60.262697" lon="24.93607"><ele>13.7</ele><time>2026-01-10T08:25:06Z</time></trkpt><trkpt lat="60.262665" lon="24.936078"><ele>12.6</ele><time>2026-01-10T08:25:07Z</time><extensions><gpxtpx:TrackPointExtension><gpxtpx:hr>141</gpxtpx:hr></gpxtpx:TrackPointExtension></extensions></trkpt><trkpt lat="60.262628" lon="24.936097"><ele>12.9</ele><time>2026-01-10T08:25:08Z</time></trkpt><trkpt lat="60.262585" lon="24.936115"><ele>13.1</ele><time>2026-01-10T08:25:09Z</time></trkpt><trkpt lat="60.262542" lon="24.936147"><ele>12.2</ele><time>2026-01-10T08:25:10Z</time></trkpt><trkpt lat="60.26249" lon="24.936167"><ele>12.9</ele><time>2026-01-10T08:25:11Z</time></trkpt><trkpt lat="60.262473" lon="24.936168"><ele>12.2</ele><time>2026-01-10T08:25:12Z</time></trkpt><trkpt lat="60.26244" lon="24.936217"><ele>13.2</ele><time>2026-01-10T08:25:13Z</time></trkpt><trkpt lat="60.262407" lon="24.936235"><ele>12.6</ele><time>2026-01-10T08:25:14Z</time><extensions><gpxtpx:TrackPointExtension><gpxtpx:hr>139</gpxtpx:hr></gpxtpx:TrackPointExtension></extensions></trkpt><trkpt lat="60.262375" lon="24.93627"><ele>13.2</ele><time>2026-01-10T08:25:15Z</time></trkpt><trkpt lat="60.262332" lon="24.936315"><ele>13.0</ele><time>2026-01-10T08:25:16Z</time></trkpt><trkpt lat="60.262305" lon="24.936333"><ele>12.7</ele><time>2026-01-10T08:25:17Z</time></trkpt><trkpt lat="60.262267" lon="24.93634"><ele>11.8</ele><time>2026-01-10T08:25:18Z</time></trkpt><trkpt lat="60.26223" lon="24.93637"><ele>13.6</ele><time>2026-01-10T08:25:19Z</time></trkpt><trkpt lat="60.262195" lon="24.936365"><ele>12.5</ele><time>2026-01-10T08:25:20Z</time><extensions><gpxtpx:TrackPointExtension><gpxtpx:hr>138</gpxtpx:hr></gpxtpx:TrackPointExtension></extensions></trkpt><trkpt lat="60.26217" lon="24.93636"><ele>13.5</ele><time>2026-01-10T08:25:21Z</time></trkpt><trkpt lat="60.26213" lon="24.936357"><ele>13.6</ele><time>2026-01-10T08:25:22Z</time></trkpt><trkpt lat="60.262092" lon="24.936353"><ele>13.0</ele><time>2026-01-10T08:25:23Z</time></trkpt><trkpt lat="60.262052" lon="24.936358"><ele>13.4</ele><time>2026-01-10T08:25:24Z</time></trkpt><trkpt lat="60.262018" lon="24.936338"><ele>12.8</ele><time>2026-01-10T08:25:25Z</time></trkpt><trkpt lat="60.261978" lon="24.936328"><ele>13.1</ele><time>2026-01-10T08:25:26Z</time><extensions><gpxtpx:TrackPointExtension><gpxtpx:hr>135</gpxtpx:hr></gpxtpx:TrackPointExtension></extensions></trkpt><trkpt lat="60.261947" lon="24.936323"><ele>12.7</ele><time>2026-01-10T08:25:27Z</time></trkpt><trkpt lat="60.261913" lon="24.936313"><ele>13.3</ele><time>2026-01-10T08:25:28Z</time></trkpt><trkpt lat="60.261858" lon="24.93636"><ele>11.5</ele><time>2026-01-10T08:25:29Z</time></trkpt><trkpt lat="60.261823" lon="24.93632"><ele>11.3</ele><time>2026-01-10T08:25:30Z</time></trkpt><trkpt lat="60.261787" lon="24.936335"><ele>12.8</ele><time>2026-01-10T08:25:31Z</time><extensions><gpxtpx:TrackPointExtension><gpxtpx:hr>135</gpxtpx:hr></gpxtpx:TrackPointExtension></extensions></trkpt><trkpt lat="60.261837" lon="24.936352"><ele>12.8</ele><time>2026-01-10T08:25:32Z</time><extensions><gpxtpx:TrackPointExtension><gpxtpx:hr>135</gpxtpx:hr></gpxtpx:TrackPointExtension></extensions></trkpt><trkpt lat="60.261667" lon="24.936467"><ele>11.2</ele><time>2026-01-10T08:25:35Z</time></trkpt><trkpt lat="60.261633" lon="24.936518"><ele>12.5</ele><time>2026-01-10T08:25:36Z</time></trkpt><trkpt lat="60.261597" lon="24.936578"><ele>12.3</ele><time>2026-01-10T08:25:37Z</time><extensions><gpxtpx:TrackPointExtension><gpxtpx:hr>136</gpxtpx:hr></gpxtpx:TrackPointExtension></extensions></trkpt><trkpt lat="60.261562" lon="24.936633"><ele>12.6</ele><time>2026-01-10T08:25:38Z</time></trkpt><trkpt lat="60.26153" lon="24.936683"><ele>12.4</ele><time>2026-01-10T08:25:39Z</time></trkpt><trkpt lat="60.261502" lon="24.936727"><ele>11.9</ele><time>2026-01-10T08:25:40Z</time></trkpt><trkpt lat="60.261475" lon="24.936775"><ele>11.6</ele><time>2026-01-10T08:25:41Z</time></trkpt><trkpt lat="60.261448" lon="24.93683"><ele>11.1</ele><time>2026-01-10T08:25:42Z</time></trkpt><trkpt lat="60.261423" lon="24.936888"><ele>10.8</ele><time>2026-01-10T08:25:43Z</time></trkpt><trkpt lat="60.261402" lon="24.936953"><ele>11.2</ele><time>2026-01-10T08:25:44Z</time><extensions><gpxtpx:TrackPointExtension><gpxtpx:hr>137</gpxtpx:hr></gpxtpx:TrackPointExtension></extensions></trkpt><trkpt lat="60.261382" lon="24.937023"><ele>12.4</ele><time>2026-01-10T08:25:45Z</time></trkpt><trkpt lat="60.261365" lon="24.937095"><ele>11.9</ele><time>2026-01-10T08:25:46Z</time></trkpt><trkpt lat="60.261348" lon="24.937167"><ele>11.8</ele><time>2026-01-10T08:25:47Z</time></trkpt><trkpt lat="60.261332" lon="24.937232"><ele>12.1</ele><time>2026-01-10T08:25:48Z</time></trkpt><trkpt lat="60.26132" lon="24.937312"><ele>12.6</ele><time>2026-01-10T08:25:49Z</time></trkpt><trkpt lat="60.26131" lon="24.937388"><ele>12.0</ele><time>2026-01-10T08:25:50Z</time><extensions><gpxtpx:TrackPointExtension><gpxtpx:hr>136</gpxtpx:hr></gpxtpx:TrackPointExtension></extensions></trkpt><trkpt lat="60.261302" lon="24.93747"><ele>11.6</ele><time>2026-01-10T08:25:51Z</time></trkpt><trkpt lat="60.261293" lon="24.937568"><ele>12.1</ele><time>2026-01-10T08:25:52Z</time><extensions><gpxtpx:TrackPointExtension><gpxtpx:hr>136</gpxtpx:hr></gpxtpx:TrackPointExtension></extensions></trkpt><trkpt lat="60.261285" lon="24.937657"><ele>12.2</ele><time>2026-01-10T08:25:53Z</time></trkpt><trkpt lat="60.261283" lon="24.937742"><ele>12.0</ele><time>2026-01-10T08:25:54Z</time></trkpt><trkpt lat="60.261278" lon="24.937827"><ele>12.1</ele><time>2026-01-10T08:25:55Z</time></trkpt><trkpt lat="60.261273" lon="24.937905"><ele>12.2</ele><time>2026-01-10T08:25:56Z</time></trkpt><trkpt lat="60.26127" lon="24.937982"><ele>11.7</ele><time>2026-01-10T08:25:57Z</time></trkpt><trkpt lat="60.261267" lon="24.938057"><ele>11.8</ele><time>2026-01-10T08:25:58Z</time></trkpt><trkpt lat="60.261263" lon="24.938152"><ele>11.8</ele><time>2026-01-10T08:25:59Z</time><extensions><gpxtpx:TrackPointExtension><gpxtpx:hr>136</gpxtpx:hr></gpxtpx:TrackPointExtension></extensions></trkpt><trkpt lat="60.261267" lon="24.938238"><ele>12.0</ele><time>2026-01-10T08:26:00Z</time></trkpt><trkpt lat="60.26127" lon="24.938312"><ele>12.3</ele><time>2026-01-10T08:26:01Z</time></trkpt><trkpt lat="60.261273" lon="24.938287"><ele>12.3</ele><time>2026-01-10T08:26:04Z</time></trkpt><trkpt lat="60.261287" lon="24.938602"><ele>12.0</ele><time>2026-01-10T08:26:05Z</time><extensions><gpxtpx:TrackPointExtension><gpxtpx:hr>138</gpxtpx:hr></gpxtpx:TrackPointExtension></extensions></trkpt><trkpt lat="60.261287" lon="24.93868"><ele>11.8</ele><time>2026-01-10T08:26:06Z</time></trkpt><trkpt lat="60.261283" lon="24.938757"><ele>11.4</ele><time>2026-01-10T08:26:07Z</time><extensions><gpxtpx:TrackPointExtension><gpxtpx:hr>139</gpxtpx:hr></gpxtpx:TrackPointExtension></extensions></trkpt><trkpt lat="60.26128" lon="24.938832"><ele>11.8</ele><time>2026-01-10T08:26:08Z</time></trkpt><trkpt lat="60.261275" lon="24.938905"><ele>11.5</ele><time>2026-01-10T08:26:09Z</time></trkpt><trkpt lat="60.261268" lon="24.938977"><ele>10.8</ele><time>2026-01-10T08:26:10Z</time></trkpt><trkpt lat="60.26126" lon="24.939053"><ele>10.9</ele><time>2026-01-10T08:26:11Z</time></trkpt><trkpt lat="60.261248" lon="24.939132"><ele>11.3</ele><time>2026-01-10T08:26:12Z</time></trkpt><trkpt lat="60.261237" lon="24.939208"><ele>11.0</ele><time>2026-01-10T08:26:13Z</time></trkpt><trkpt lat="60.261225" lon="24.939292"><ele>11.2</ele><time>2026-01-10T08:26:14Z</time></trkpt><trkpt lat="60.261212" lon="24.939375"><ele>10.4</ele><time>2026-01-10T08:26:15Z</time></trkpt><trkpt lat="60.261198" lon="24.939458"><ele>10.4</ele><time>2026-01-10T08:26:16Z</time><extensions><gpxtpx:TrackPointExtension><gpxtpx:hr>140</gpxtpx:hr></gpxtpx:TrackPointExtension></extensions></trkpt><trkpt lat="60.261185" lon="24.939538"><ele>10.8</ele><time>2026-01-10T08:26:17Z</time></trkpt><trkpt lat="60.26117" lon="24.939612"><ele>11.4</ele><time>2026-01-10T08:26:18Z</time></trkpt><trkpt lat="60.261152" lon="24.93968"><ele>11.3</ele><time>2026-01-10T08:26:19Z</time></trkpt><trkpt lat="60.26113" lon="24.939765"><ele>11.2</ele><time>2026-01-10T08:26:20Z</time></trkpt><trkpt lat="60.26111" lon="24.939828"><ele>11.3</ele><time>2026-01-10T08:26:21Z</time><extensions><gpxtpx:TrackPointExtension><gpxtpx:hr>141</gpxtpx:hr></gpxtpx:TrackPointExtension></extensions></trkpt><trkpt lat="60.261088" lon="24.939888"><ele>12.0</ele><time>2026-01-10T08:26:22Z</time></trkpt><trkpt lat="60.261068" lon="24.939945"><ele>12.7</ele><time>2026-01-10T08:26:23Z</time></trkpt><trkpt lat="60.26105" lon="24.939995"><ele>12.5</ele><time>2026-01-10T08:26:24Z</time></trkpt><trkpt lat="60.261027" lon="24.94005"><ele>13.6</ele><time>2026-01-10T08:26:25Z</time></trkpt><trkpt lat="60.261005" lon="24.940112"><ele>13.1</ele><time>2026-01-10T08:26:26Z</time><extensions><gpxtpx:TrackPointExtension><gpxtpx:hr>140</gpxtpx:hr></gpxtpx:TrackPointExtension></extensions></trkpt><trkpt lat="60.260985" lon="24.940175"><ele>12.9</ele><time>2026-01-10T08:26:27Z</time></trkpt><trkpt lat="60.260968" lon="24.940245"><ele>12.6</ele><time>2026-01-10T08:26:28Z</time></trkpt><trkpt lat="60.260952" lon="24.940302"><ele>11.9</ele><time>2026-01-10T08:26:29Z</time></trkpt><trkpt lat="60.260935" lon="24.940372"><ele>12.1</ele><time>2026-01-10T08:26:30Z</time></trkpt><trkpt lat="60.260922" lon="24.940435"><ele>12.0</ele><time>2026-01-10T08:26:31Z</time><extensions><gpxtpx:TrackPointExtension><gpxtpx:hr>140</gpxtpx:hr></gpxtpx:TrackPointExtension></extensions></trkpt><trkpt lat="60.260908" lon="24.940503"><ele>11.8</ele><time>2026-01-10T08:26:32Z</time></trkpt><trkpt lat="60.2609" lon="24.94057"><ele>12.4</ele><time>2026-01-10T08:26:33Z</time></trkpt><trkpt lat="60.260888" lon="24.940638"><ele>12.3</ele><time>2026-01-10T08:26:34Z</time></trkpt><trkpt lat="60.260875" lon="24.940705"><ele>12.0</ele><time>2026-01-10T08:26:35Z</time></trkpt><trkpt lat="60.260865" lon="24.940772"><ele>12.0</ele><time>2026-01-10T08:26:36Z</time><extensions><gpxtpx:TrackPointExtension><gpxtpx:hr>141</gpxtpx:hr></gpxtpx:TrackPointExtension></extensions></trkpt><trkpt lat="60.260847" lon="24.940797"><ele>13.2</ele><time>2026-01-10T08:26:37Z</time></trkpt><trkpt lat="60.260825" lon="24.9408"><ele>13.5</ele><time>2026-01-10T08:26:38Z</time></trkpt><trkpt lat="60.260808" lon="24.940798"><ele>13.3</ele><time>2026-01-10T08:26:39Z</time></trkpt><trkpt lat="60.260795" lon="24.940788"><ele>13.8</ele><time>2026-01-10T08:26:40Z</time><extensions><gpxtpx:TrackPointExtension><gpxtpx:hr>141</gpxtpx:hr></gpxtpx:TrackPointExtension></extensions></trkpt><trkpt lat="60.260777" lon="24.940797"><ele>13.4</ele><time>2026-01-10T08:26:41Z</time></trkpt><trkpt lat="60.260755" lon="24.940802"><ele>13.3</ele><time>2026-01-10T08:26:42Z</time><extensions><gpxtpx:TrackPointExtension><gpxtpx:hr>140</gpxtpx:hr></gpxtpx:TrackPointExtension></extensions></trkpt><trkpt lat="60.260727" lon="24.940797"><ele>13.1</ele><time>2026-01-10T08:26:43Z</time></trkpt><trkpt lat="60.260693" lon="24.940798"><ele>14.2</ele><time>2026-01-10T08:26:44Z</time></trkpt><trkpt lat="60.260662" lon="24.94078"><ele>14.2</ele><time>2026-01-10T08:26:45Z</time></trkpt><trkpt lat="60.260633" lon="24.940743"><ele>13.5</ele><time>2026-01-10T08:26:46Z</time></trkpt><trkpt lat="60.260607" lon="24.940692"><ele>14.3</ele><time>2026-01-10T08:26:47Z</time><extensions><gpxtpx:TrackPointExtension><gpxtpx:hr>140</gpxtpx:hr></gpxtpx:TrackPointExtension></extensions></trkpt><trkpt lat="60.26058" lon="24.940638"><ele>14.3</ele><time>2026-01-10T08:26:48Z</time></trkpt><trkpt lat="60.260562" lon="24.940577"><ele>14.3</ele><time>2026-01-10T08:26:49Z</time></trkpt><trkpt lat="60.260537" lon="24.940525"><ele>14.2</ele><time>2026-01-10T08:26:50Z</time></trkpt><trkpt lat="60.260515" lon="24.940453"><ele>13.1</ele><time>2026-01-10T08:26:51Z</time></trkpt><trkpt lat="60.260492" lon="24.94039"><ele>12.5</ele><time>2026-01-10T08:26:52Z</time></trkpt><trkpt lat="60.26049" lon="24.940317"><ele>14.5</ele><time>2026-01-10T08:26:53Z</time></trkpt><trkpt lat="60.260467" lon="24.940253"><ele>13.0</ele><time>2026-01-10T08:26:54Z</time></trkpt><trkpt lat="60.260458" lon="24.94018"><ele>14.5</ele><time>2026-01-10T08:26:55Z</time></trkpt><trkpt lat="60.260445" lon="24.940118"><ele>15.0</ele><time>2026-01-10T08:26:56Z</time><extensions><gpxtpx:TrackPointExtension><gpxtpx:hr>138</gpxtpx:hr></gpxtpx:TrackPointExtension></extensions></trkpt><trkpt lat="60.260437" lon="24.940067"><ele>15.6</ele><time>2026-01-10T08:26:57Z</time></trkpt><trkpt lat="60.260418" lon="24.940007"><ele>15.0</ele><time>2026-01-10T08:26:58Z</time></trkpt><trkpt lat="60.26039" lon="24.939962"><ele>15.6</ele><time>2026-01-10T08:26:59Z</time></trkpt><trkpt lat="60.260352" lon="24.939942"><ele>15.9</ele><time>2026-01-10T08:27:00Z</time><extensions><gpxtpx:TrackPointExtension><gpxtpx:hr>137</gpxtpx:hr></gpxtpx:TrackPointExtension></extensions></trkpt><trkpt lat="60.260317" lon="24.93993"><ele>15.5</ele><time>2026-01-10T08:27:01Z</time></trkpt><trkpt lat="60.26025" lon="24.939932"><ele>12.9</ele><time>2026-01-10T08:27:04Z</time></trkpt><trkpt lat="60.260253" lon="24.939877"><ele>14.8</ele><time>2026-01-10T08:27:05Z</time><extensions><gpxtpx:TrackPointExtension><gpxtpx:hr>139</gpxtpx:hr></gpxtpx:TrackPointExtension></extensions></trkpt><trkpt lat="60.260223" lon="24.939852"><ele>14.8</ele><time>2026-01-10T08:27:06Z</time></trkpt><trkpt lat="60.26018" lon="24.939835"><ele>14.0</ele><time>2026-01-10T08:27:07Z</time></trkpt><trkpt lat="60.260137" lon="24.939815"><ele>14.3</ele><time>2026-01-10T08:27:08Z</time></trkpt><trkpt lat="60.260093" lon="24.9398"><ele>14.6</ele><time>2026-01-10T08:27:09Z</time></trkpt><trkpt lat="60.260048" lon="24.939787"><ele>14.7</ele><time>2026-01-10T08:27:10Z</time></trkpt><trkpt lat="60.260007" lon="24.939768"><ele>14.1</ele><time>2026-01-10T08:27:11Z</time><extensions><gpxtpx:TrackPointExtension><gpxtpx:hr>140</gpxtpx:hr></gpxtpx:TrackPointExtension></extensions></trkpt><trkpt lat="60.259968" lon="24.939745"><ele>13.5</ele><time>2026-01-10T08:27:12Z</time></trkpt><trkpt lat="60.259937" lon="24.939717"><ele>13.5</ele><time>2026-01-10T08:27:13Z</time></trkpt><trkpt lat="60.25991" lon="24.939685"><ele>13.7</ele><time>2026-01-10T08:27:14Z</time></trkpt><trkpt lat="60.259882" lon="24.93965"><ele>14.3</ele><time>2026-01-10T08:27:15Z</time><extensions><gpxtpx:TrackPointExtension><gpxtpx:hr>140</gpxtpx:hr></gpxtpx:TrackPointExtension></extensions></trkpt><trkpt lat="60.259852" lon="24.939608"><ele>14.4</ele><time>2026-01-10T08:27:16Z</time></trkpt><trkpt lat="60.259823" lon="24.939567"><ele>14.8</ele><time>2026-01-10T08:27:17Z</time><extensions><gpxtpx:TrackPointExtension><gpxtpx:hr>140</gpxtpx:hr></gpxtpx:TrackPointExtension></extensions></trkpt><trkpt lat="60.259793" lon="24.939512"><ele>14.9</ele><time>2026-01-10T08:27:18Z</time></trkpt><trkpt lat="60.259765" lon="24.939443"><ele>14.6</ele><time>2026-01-10T08:27:19Z</time></trkpt><trkpt lat="60.259743" lon="24.939377"><ele>15.0</ele><time>2026-01-10T08:27:20Z</time></trkpt><trkpt lat="60.259723" lon="24.939298"><ele>14.5</ele><time>2026-01-10T08:27:21Z</time></trkpt><trkpt lat="60.259713" lon="24.93923"><ele>14.5</ele><time>2026-01-10T08:27:22Z</time></trkpt><trkpt lat="60.25971" lon="24.939172"><ele>14.5</ele><time>2026-01-10T08:27:23Z</time><extensions><gpxtpx:TrackPointExtension><gpxtpx:hr>141</gpxtpx:hr></gpxtpx:TrackPointExtension></extensions></trkpt><trkpt lat="60.259707" lon="24.939092"><ele>14.7</ele><time>2026-01-10T08:27:24Z</time></trkpt><trkpt lat="60.259703" lon="24.939013"><ele>13.9</ele><time>2026-01-10T08:27:25Z</time></trkpt><trkpt lat="60.2597" lon="24.938922"><ele>13.6</ele><time>2026-01-10T08:27:26Z</time></trkpt><trkpt lat="60.2597" lon="24.93884"><ele>13.9</ele><time>2026-01-10T08:27:27Z</time></trkpt><trkpt lat="60.259697" lon="24.938752"><ele>13.8</ele><time>2026-01-10T08:27:28Z</time></trkpt><trkpt lat="60.259697" lon="24.938677"><ele>13.9</ele><time>2026-01-10T08:27:29Z</time></trkpt><trkpt lat="60.25969" lon="24.938603"><ele>13.3</ele><time>2026-01-10T08:27:30Z</time></trkpt><trkpt lat="60.259692" lon="24.938525"><ele>13.5</ele><time>2026-01-10T08:27:31Z</time><extensions><gpxtpx:TrackPointExtension><gpxtpx:hr>140</gpxtpx:hr></gpxtpx:TrackPointExtension></extensions></trkpt><trkpt lat="60.259692" lon="24.938453"><ele>13.6</ele><time>2026-01-10T08:27:32Z</time></trkpt><trkpt lat="60.259695" lon="24.938392"><ele>13.4</ele><time>2026-01-10T08:27:33Z</time></trkpt><trkpt lat="60.259692" lon="24.938307"><ele>14.1</ele><time>2026-01-10T08:27:34Z</time></trkpt><trkpt lat="60.25969" lon="24.93824"><ele>14.6</ele><time>2026-01-10T08:27:35Z</time><extensions><gpxtpx:TrackPointExtension><gpxtpx:hr>141</gpxtpx:hr></gpxtpx:TrackPointExtension></extensions></trkpt><trkpt lat="60.259688" lon="24.938157"><ele>14.5</ele><time>2026-01-10T08:27:36Z</time></trkpt><trkpt lat="60.259703" lon="24.938107"><ele>13.7</ele><time>2026-01-10T08:27:37Z</time></trkpt><trkpt lat="60.259692" lon="24.938007"><ele>15.4</ele><time>2026-01-10T08:27:38Z</time><extensions><gpxtpx:TrackPointExtension><gpxtpx:hr>143</gpxtpx:hr></gpxtpx:TrackPointExtension></extensions></trkpt><trkpt lat="60.259688" lon="24.937935"><ele>15.4</ele><time>2026-01-10T08:27:39Z</time></trkpt><trkpt lat="60.259683" lon="24.937865"><ele>15.6</ele><time>2026-01-10T08:27:40Z</time></trkpt><trkpt lat="60.25967" lon="24.93779"><ele>15.1</ele><time>2026-01-10T08:27:41Z</time></trkpt><trkpt lat="60.259678" lon="24.937717"><ele>14.9</ele><time>2026-01-10T08:27:42Z</time></trkpt><trkpt lat="60.25968" lon="24.937608"><ele>13.9</ele><time>2026-01-10T08:27:43Z</time></trkpt><trkpt lat="60.259673" lon="24.93755"><ele>14.1</ele><time>2026-01-10T08:27:44Z</time></trkpt><trkpt lat="60.25966" lon="24.937453"><ele>16.3</ele><time>2026-01-10T08:27:45Z</time></trkpt><trkpt lat="60.259658" lon="24.937397"><ele>16.4</ele><time>2026-01-10T08:27:46Z</time><extensions><gpxtpx:TrackPointExtension><gpxtpx:hr>145</gpxtpx:hr></gpxtpx:TrackPointExtension></extensions></trkpt><trkpt lat="60.25964" lon="24.937332"><ele>18.4</ele><time>2026-01-10T08:27:47Z</time><extensions><gpxtpx:TrackPointExtension><gpxtpx:hr>145</gpxtpx:hr></gpxtpx:TrackPointExtension></extensions></trkpt><trkpt lat="60.259633" lon="24.937237"><ele>17.4</ele><time>2026-01-10T08:27:48Z</time></trkpt><trkpt lat="60.259635" lon="24.937182"><ele>18.2</ele><time>2026-01-10T08:27:49Z</time></trkpt><trkpt lat="60.259633" lon="24.937105"><ele>18.2</ele><time>2026-01-10T08:27:50Z</time></trkpt><trkpt lat="60.259628" lon="24.937038"><ele>17.3</ele><time>2026-01-10T08:27:51Z</time></trkpt><trkpt lat="60.259628" lon="24.936965"><ele>17.0</ele><time>2026-01-10T08:27:52Z</time></trkpt><trkpt lat="60.259617" lon="24.936902"><ele>16.4</ele><time>2026-01-10T08:27:53Z</time></trkpt><trkpt lat="60.259602" lon="24.936852"><ele>17.3</ele><time>2026-01-10T08:27:54Z</time><extensions><gpxtpx:TrackPointExtension><gpxtpx:hr>144</gpxtpx:hr></gpxtpx:TrackPointExtension></extensions></trkpt><trkpt lat="60.259582" lon="24.936803"><ele>16.4</ele><time>2026-01-10T08:27:55Z</time></trkpt><trkpt lat="60.259552" lon="24.936743"><ele>18.3</ele><time>2026-01-10T08:27:56Z</time></trkpt><trkpt lat="60.259525" lon="24.936702"><ele>17.7</ele><time>2026-01-10T08:27:57Z</time></trkpt><trkpt lat="60.259497" lon="24.936658"><ele>14.8</ele><time>2026-01-10T08:27:58Z</time></trkpt><trkpt lat="60.25946" lon="24.936618"><ele>15.4</ele><time>2026-01-10T08:27:59Z</time></trkpt><trkpt lat="60.25942" lon="24.936568"><ele>15.6</ele><time>2026-01-10T08:28:00Z</time><extensions><gpxtpx:TrackPointExtension><gpxtpx:hr>144</gpxtpx:hr></gpxtpx:TrackPointExtension></extensions></trkpt><trkpt lat="60.259382" lon="24.936532"><ele>15.6</ele><time>2026-01-10T08:28:01Z</time></trkpt><trkpt lat="60.259347" lon="24.93648"><ele>14.1</ele><time>2026-01-10T08:28:02Z</time><extensions><gpxtpx:TrackPointExtension><gpxtpx:hr>145</gpxtpx:hr></gpxtpx:TrackPointExtension></extensions></trkpt><trkpt lat="60.259317" lon="24.936443"><ele>15.4</ele><time>2026-01-10T08:28:03Z</time></trkpt><trkpt lat="60.259285" lon="24.93639"><ele>15.5</ele><time>2026-01-10T08:28:04Z</time></trkpt><trkpt lat="60.259257" lon="24.936343"><ele>13.4</ele><time>2026-01-10T08:28:05Z</time></trkpt><trkpt lat="60.25924" lon="24.936273"><ele>16.0</ele><time>2026-01-10T08:28:06Z</time></trkpt><trkpt lat="60.259215" lon="24.936198"><ele>15.8</ele><time>2026-01-10T08:28:07Z</time></trkpt><trkpt lat="60.259197" lon="24.936135"><ele>15.4</ele><time>2026-01-10T08:28:08Z</time></trkpt><trkpt lat="60.25918" lon="24.936062"><ele>15.7</ele><time>2026-01-10T08:28:09Z</time></trkpt><trkpt lat="60.259158" lon="24.935997"><ele>14.4</ele><time>2026-01-10T08:28:10Z</time></trkpt><trkpt lat="60.259145" lon="24.935935"><ele>16.7</ele><time>2026-01-10T08:28:11Z</time><extensions><gpxtpx:TrackPointExtension><gpxtpx:hr>145</gpxtpx:hr></gpxtpx:TrackPointExtension></extensions></trkpt><trkpt lat="60.259118" lon="24.935887"><ele>16.1</ele><time>2026-01-10T08:28:12Z</time></trkpt><trkpt lat="60.259092" lon="24.935823"><ele>14.7</ele><time>2026-01-10T08:28:13Z</time></trkpt><trkpt lat="60.259063" lon="24.935772"><ele>15.2</ele><time>2026-01-10T08:28:14Z</time></trkpt><trkpt lat="60.259033" lon="24.935725"><ele>14.8</ele><time>2026-01-10T08:28:15Z</time></trkpt><trkpt lat="60.259012" lon="24.935678"><ele>15.9</ele><time>2026-01-10T08:28:16Z</time><extensions><gpxtpx:TrackPointExtension><gpxtpx:hr>146</gpxtpx:hr></gpxtpx:TrackPointExtension></extensions></trkpt><trkpt lat="60.258983" lon="24.935633"><ele>15.3</ele><time>2026-01-10T08:28:17Z</time></trkpt><trkpt lat="60.258958" lon="24.93559"><ele>15.5</ele><time>2026-01-10T08:28:18Z</time></trkpt><trkpt lat="60.258932" lon="24.935553"><ele>15.2</ele><time>2026-01-10T08:28:19Z</time><extensions><gpxtpx:TrackPointExtension><gpxtpx:hr>146</gpxtpx:hr></gpxtpx:TrackPointExtension></extensions></trkpt><trkpt lat="60.25889" lon="24.935495"><ele>14.4</ele><time>2026-01-10T08:28:20Z</time></trkpt><trkpt lat="60.258863" lon="24.93545"><ele>13.7</ele><time>2026-01-10T08:28:21Z</time></trkpt><trkpt lat="60.258833" lon="24.935402"><ele>14.5</ele><time>2026-01-10T08:28:22Z</time></trkpt><trkpt lat="60.258813" lon="24.935347"><ele>14.3</ele><time>2026-01-10T08:28:23Z</time></trkpt><trkpt lat="60.258795" lon="24.935285"><ele>14.6</ele><time>2026-01-10T08:28:24Z</time><extensions><gpxtpx:TrackPointExtension><gpxtpx:hr>146</gpxtpx:hr></gpxtpx:TrackPointExtension></extensions></trkpt><trkpt lat="60.258775" lon="24.935213"><ele>14.6</ele><time>2026-01-10T08:28:25Z</time></trkpt><trkpt lat="60.258765" lon="24.935142"><ele>13.3</ele><time>2026-01-10T08:28:26Z</time></trkpt><trkpt lat="60.258755" lon="24.935068"><ele>15.4</ele><time>2026-01-10T08:28:27Z</time></trkpt><trkpt lat="60.258762" lon="24.934987"><ele>15.3</ele><time>2026-01-10T08:28:28Z</time></trkpt><trkpt lat="60.258758" lon="24.93493"><ele>12.0</ele><time>2026-01-10T08:28:29Z</time></trkpt><trkpt lat="60.258768" lon="24.93486"><ele>11.2</ele><time>2026-01-10T08:28:30Z</time></trkpt><trkpt lat="60.258783" lon="24.934782"><ele>12.9</ele><time>2026-01-10T08:28:31Z</time><extensions><gpxtpx:TrackPointExtension><gpxtpx:hr>146</gpxtpx:hr></gpxtpx:TrackPointExtension></extensions></trkpt><trkpt lat="60.258825" lon="24.93449"><ele>15.1</ele><time>2026-01-10T08:28:35Z</time><extensions><gpxtpx:TrackPointExtension><gpxtpx:hr>146</gpxtpx:hr></gpxtpx:TrackPointExtension></extensions></trkpt><trkpt lat="60.258837" lon="24.934405"><ele>15.3</ele><time>2026-01-10T08:28:36Z</time></trkpt><trkpt lat="60.258847" lon="24.934332"><ele>14.6</ele><time>2026-01-10T08:28:37Z</time></trkpt><trkpt lat="60.25886" lon="24.934258"><ele>14.7</ele><time>2026-01-10T08:28:38Z</time></trkpt><trkpt lat="60.258872" lon="24.934187"><ele>14.3</ele><time>2026-01-10T08:28:39Z</time></trkpt><trkpt lat="60.258883" lon="24.934112"><ele>14.1</ele><time>2026-01-10T08:28:40Z</time></trkpt><trkpt lat="60.258895" lon="24.934033"><ele>13.7</ele><time>2026-01-10T08:28:42Z</time><extensions><gpxtpx:TrackPointExtension><gpxtpx:hr>148</gpxtpx:hr></gpxtpx:TrackPointExtension></extensions></trkpt><trkpt lat="60.258895" lon="24.934033"><ele>13.7</ele><time>2026-01-10T08:28:42Z</time><extensions><gpxtpx:TrackPointExtension><gpxtpx:hr>148</gpxtpx:hr></gpxtpx:TrackPointExtension></extensions></trkpt><trkpt lat="60.258907" lon="24.93395"><ele>13.8</ele><time>2026-01-10T08:28:43Z</time></trkpt><trkpt lat="60.258918" lon="24.93387"><ele>13.4</ele><time>2026-01-10T08:28:43Z</time></trkpt><trkpt lat="60.258927" lon="24.933792"><ele>13.2</ele><time>2026-01-10T08:28:44Z</time></trkpt><trkpt lat="60.258937" lon="24.933717"><ele>13.1</ele><time>2026-01-10T08:28:45Z</time></trkpt><trkpt lat="60.258948" lon="24.933643"><ele>13.4</ele><time>2026-01-10T08:28:46Z</time></trkpt><trkpt lat="60.258965" lon="24.933572"><ele>14.5</ele><time>2026-01-10T08:28:47Z</time><extensions><gpxtpx:TrackPointExtension><gpxtpx:hr>147</gpxtpx:hr></gpxtpx:TrackPointExtension></extensions></trkpt><trkpt lat="60.258982" lon="24.933505"><ele>14.9</ele><time>2026-01-10T08:28:48Z</time></trkpt><trkpt lat="60.259003" lon="24.933443"><ele>14.6</ele><time>2026-01-10T08:28:49Z</time></trkpt><trkpt lat="60.259015" lon="24.933397"><ele>14.9</ele><time>2026-01-10T08:28:50Z</time></trkpt><trkpt lat="60.259017" lon="24.933335"><ele>14.8</ele><time>2026-01-10T08:28:51Z</time></trkpt><trkpt lat="60.259003" lon="24.93327"><ele>13.9</ele><time>2026-01-10T08:28:52Z</time><extensions><gpxtpx:TrackPointExtension><gpxtpx:hr>147</gpxtpx:hr></gpxtpx:TrackPointExtension></extensions></trkpt><trkpt lat="60.258975" lon="24.933217"><ele>14.0</ele><time>2026-01-10T08:28:53Z</time></trkpt><trkpt lat="60.25894" lon="24.933185"><ele>14.2</ele><time>2026-01-10T08:28:54Z</time></trkpt><trkpt lat="60.258905" lon="24.933165"><ele>14.7</ele><time>2026-01-10T08:28:55Z</time></trkpt><trkpt lat="60.258873" lon="24.933147"><ele>14.1</ele><time>2026-01-10T08:28:56Z</time></trkpt><trkpt lat="60.258838" lon="24.933123"><ele>14.4</ele><time>2026-01-10T08:28:57Z</time></trkpt><trkpt lat="60.258797" lon="24.933087"><ele>13.8</ele><time>2026-01-10T08:28:58Z</time></trkpt><trkpt lat="60.258758" lon="24.93306"><ele>14.2</ele><time>2026-01-10T08:28:59Z</time></trkpt><trkpt lat="60.25872" lon="24.93303"><ele>14.0</ele><time>2026-01-10T08:29:00Z</time></trkpt><trkpt lat="60.258677" lon="24.933005"><ele>14.5</ele><time>2026-01-10T08:29:01Z</time><extensions><gpxtpx:TrackPointExtension><gpxtpx:hr>146</gpxtpx:hr></gpxtpx:TrackPointExtension></extensions></trkpt><trkpt lat="60.258637" lon="24.932993"><ele>15.7</ele><time>2026-01-10T08:29:02Z</time></trkpt><trkpt lat="60.258603" lon="24.93298"><ele>16.2</ele><time>2026-01-10T08:29:03Z</time></trkpt><trkpt lat="60.25858" lon="24.932953"><ele>15.4</ele><time>2026-01-10T08:29:04Z</time></trkpt><trkpt lat="60.25855" lon="24.932907"><ele>14.8</ele><time>2026-01-10T08:29:05Z</time></trkpt><trkpt lat="60.258522" lon="24.932862"><ele>14.4</ele><time>2026-01-10T08:29:06Z</time><extensions><gpxtpx:TrackPointExtension><gpxtpx:hr>146</gpxtpx:hr></gpxtpx:TrackPointExtension></extensions></trkpt><trkpt lat="60.258492" lon="24.932832"><ele>15.1</ele><time>2026-01-10T08:29:07Z</time></trkpt><trkpt lat="60.258407" lon="24.932782"><ele>13.8</ele><time>2026-01-10T08:29:08Z</time></trkpt><trkpt lat="60.258375" lon="24.932752"><ele>12.8</ele><time>2026-01-10T08:29:09Z</time></trkpt><trkpt lat="60.258348" lon="24.932715"><ele>13.8</ele><time>2026-01-10T08:29:10Z</time><extensions><gpxtpx:TrackPointExtension><gpxtpx:hr>146</gpxtpx:hr></gpxtpx:TrackPointExtension></extensions></trkpt><trkpt lat="60.258317" lon="24.932668"><ele>14.2</ele><time>2026-01-10T08:29:11Z</time></trkpt><trkpt lat="60.258283" lon="24.932643"><ele>16.5</ele><time>2026-01-10T08:29:12Z</time></trkpt><trkpt lat="60.258252" lon="24.9326"><ele>16.2</ele><time>2026-01-10T08:29:13Z</time></trkpt><trkpt lat="60.258227" lon="24.932533"><ele>15.7</ele><time>2026-01-10T08:29:14Z</time></trkpt><trkpt lat="60.258203" lon="24.932457"><ele>15.0</ele><time>2026-01-10T08:29:15Z</time></trkpt><trkpt lat="60.258182" lon="24.932427"><ele>16.2</ele><time>2026-01-10T08:29:16Z</time><extensions><gpxtpx:TrackPointExtension><gpxtpx:hr>147</gpxtpx:hr></gpxtpx:TrackPointExtension></extensions></trkpt><trkpt lat="60.25815" lon="24.932397"><ele>16.4</ele><time>2026-01-10T08:29:17Z</time><extensions><gpxtpx:TrackPointExtension><gpxtpx:hr>147</gpxtpx:hr></gpxtpx:TrackPointExtension></extensions></trkpt><trkpt lat="60.25811" lon="24.932367"><ele>15.4</ele><time>2026-01-10T08:29:18Z</time></trkpt><trkpt lat="60.258067" lon="24.932323"><ele>15.1</ele><time>2026-01-10T08:29:19Z</time></trkpt><trkpt lat="60.258032" lon="24.932287"><ele>15.2</ele><time>2026-01-10T08:29:20Z</time></trkpt><trkpt lat="60.258008" lon="24.932238"><ele>14.2</ele><time>2026-01-10T08:29:21Z</time></trkpt><trkpt lat="60.257985" lon="24.932205"><ele>15.4</ele><time>2026-01-10T08:29:22Z</time><extensions><gpxtpx:TrackPointExtension><gpxtpx:hr>147</gpxtpx:hr></gpxtpx:TrackPointExtension></extensions></trkpt><trkpt lat="60.257967" lon="24.932172"><ele>14.3</ele><time>2026-01-10T08:29:23Z</time></trkpt><trkpt lat="60.257945" lon="24.932143"><ele>16.1</ele><time>2026-01-10T08:29:24Z</time></trkpt><trkpt lat="60.25793" lon="24.932127"><ele>16.7</ele><time>2026-01-10T08:29:25Z</time></trkpt><trkpt lat="60.257912" lon="24.932088"><ele>16.1</ele><time>2026-01-10T08:29:26Z</time></trkpt><trkpt lat="60.257888" lon="24.932048"><ele>15.5</ele><time>2026-01-10T08:29:27Z</time><extensions><gpxtpx:TrackPointExtension><gpxtpx:hr>148</gpxtpx:hr></gpxtpx:TrackPointExtension></extensions></trkpt><trkpt lat="60.257867" lon="24.932008"><ele>13.1</ele><time>2026-01-10T08:29:28Z</time></trkpt><trkpt lat="60.257847" lon="24.93197"><ele>14.9</ele><time>2026-01-10T08:29:29Z</time></trkpt><trkpt lat="60.257813" lon="24.931917"><ele>12.7</ele><time>2026-01-10T08:29:30Z</time></trkpt><trkpt lat="60.25779" lon="24.931867"><ele>14.2</ele><time>2026-01-10T08:29:31Z</time></trkpt><trkpt lat="60.257732" lon="24.93173"><ele>13.7</ele><time>2026-01-10T08:29:35Z</time><extensions><gpxtpx:TrackPointExtension><gpxtpx:hr>147</gpxtpx:hr></gpxtpx:TrackPointExtension></extensions></trkpt><trkpt lat="60.257708" lon="24.931678"><ele>13.5</ele><time>2026-01-10T08:29:36Z</time></trkpt><trkpt lat="60.25769" lon="24.931627"><ele>13.5</ele><time>2026-01-10T08:29:37Z</time></trkpt><trkpt lat="60.257675" lon="24.931572"><ele>14.4</ele><time>2026-01-10T08:29:38Z</time><extensions><gpxtpx:TrackPointExtension><gpxtpx:hr>146</gpxtpx:hr></gpxtpx:TrackPointExtension></extensions></trkpt><trkpt lat="60.25766" lon="24.931508"><ele>13.8</ele><time>2026-01-10T08:29:39Z</time></trkpt><trkpt lat="60.257647" lon="24.931448"><ele>12.3</ele><time>2026-01-10T08:29:40Z</time></trkpt><trkpt lat="60.257632" lon="24.931395"><ele>13.1</ele><time>2026-01-10T08:29:41Z</time></trkpt><trkpt lat="60.257613" lon="24.931333"><ele>13.2</ele><time>2026-01-10T08:29:42Z</time></trkpt><trkpt lat="60.257592" lon="24.931265"><ele>12.1</ele><time>2026-01-10T08:29:43Z</time></trkpt><trkpt lat="60.257568" lon="24.931188"><ele>12.1</ele><time>2026-01-10T08:29:44Z</time></trkpt><trkpt lat="60.257543" lon="24.931108"><ele>11.0</ele><time>2026-01-10T08:29:45Z</time><extensions><gpxtpx:TrackPointExtension><gpxtpx:hr>148</gpxtpx:hr></gpxtpx:TrackPointExtension></extensions></trkpt><trkpt lat="60.25752" lon="24.93103"><ele>10.9</ele><time>2026-01-10T08:29:46Z</time></trkpt><trkpt lat="60.257497" lon="24.930958"><ele>10.7</ele><time>2026-01-10T08:29:47Z</time></trkpt><trkpt lat="60.257478" lon="24.930887"><ele>11.0</ele><time>2026-01-10T08:29:48Z</time><extensions><gpxtpx:TrackPointExtension><gpxtpx:hr>147</gpxtpx:hr></gpxtpx:TrackPointExtension></extensions></trkpt><trkpt lat="60.257452" lon="24.930812"><ele>11.6</ele><time>2026-01-10T08:29:49Z</time></trkpt><trkpt lat="60.257423" lon="24.930743"><ele>11.1</ele><time>2026-01-10T08:29:50Z</time></trkpt><trkpt lat="60.257393" lon="24.930677"><ele>10.6</ele><time>2026-01-10T08:29:51Z</time></trkpt><trkpt lat="60.257363" lon="24.93061"><ele>11.1</ele><time>2026-01-10T08:29:52Z</time></trkpt><trkpt lat="60.257328" lon="24.930543"><ele>11.5</ele><time>2026-01-10T08:29:53Z</time></trkpt><trkpt lat="60.257303" lon="24.930482"><ele>12.2</ele><time>2026-01-10T08:29:54Z</time></trkpt><trkpt lat="60.257278" lon="24.930402"><ele>11.6</ele><time>2026-01-10T08:29:55Z</time></trkpt><trkpt lat="60.257255" lon="24.930323"><ele>11.4</ele><time>2026-01-10T08:29:56Z</time><extensions><gpxtpx:TrackPointExtension><gpxtpx:hr>147</gpxtpx:hr></gpxtpx:TrackPointExtension></extensions></trkpt><trkpt lat="60.25688" lon="24.91878"><ele>18.2</ele><time>2026-01-10T08:33:05Z</time></trkpt><trkpt lat="60.256898" lon="24.918727"><ele>19.1</ele><time>2026-01-10T08:33:06Z</time><extensions><gpxtpx:TrackPointExtension><gpxtpx:hr>151</gpxtpx:hr></gpxtpx:TrackPointExtension></extensions></trkpt><trkpt lat="60.25692" lon="24.918673"><ele>19.2</ele><time>2026-01-10T08:33:07Z</time></trkpt><trkpt lat="60.256945" lon="24.918613"><ele>19.2</ele><time>2026-01-10T08:33:08Z</time></trkpt><trkpt lat="60.256968" lon="24.918553"><ele>20.1</ele><time>2026-01-10T08:33:09Z</time></trkpt><trkpt lat="60.256995" lon="24.918498"><ele>20.3</ele><time>2026-01-10T08:33:10Z</time><extensions><gpxtpx:TrackPointExtension><gpxtpx:hr>152</gpxtpx:hr></gpxtpx:TrackPointExtension></extensions></trkpt><trkpt lat="60.257018" lon="24.918435"><ele>19.6</ele><time>2026-01-10T08:33:11Z</time></trkpt><trkpt lat="60.257038" lon="24.91838"><ele>19.0</ele><time>2026-01-10T08:33:12Z</time></trkpt><trkpt lat="60.257058" lon="24.918323"><ele>19.1</ele><time>2026-01-10T08:33:13Z</time></trkpt><trkpt lat="60.25708" lon="24.918265"><ele>19.0</ele><time>2026-01-10T08:33:14Z</time></trkpt><trkpt lat="60.2571" lon="24.918198"><ele>18.9</ele><time>2026-01-10T08:33:15Z</time><extensions><gpxtpx:TrackPointExtension><gpxtpx:hr>153</gpxtpx:hr></gpxtpx:TrackPointExtension></extensions></trkpt><trkpt lat="60.25712" lon="24.918132"><ele>17.8</ele><time>2026-01-10T08:33:16Z</time></trkpt><trkpt lat="60.25714" lon="24.91807"><ele>18.4</ele><time>2026-01-10T08:33:17Z</time></trkpt><trkpt lat="60.257158" lon="24.91802"><ele>18.7</ele><time>2026-01-10T08:33:18Z</time></trkpt><trkpt lat="60.257175" lon="24.917968"><ele>17.6</ele><time>2026-01-10T08:33:19Z</time></trkpt><trkpt lat="60.257197" lon="24.917898"><ele>17.1</ele><time>2026-01-10T08:33:20Z</time><extensions><gpxtpx:TrackPointExtension><gpxtpx:hr>155</gpxtpx:hr></gpxtpx:TrackPointExtension></extensions></trkpt><trkpt lat="60.257215" lon="24.91783"><ele>16.8</ele><time>2026-01-10T08:33:21Z</time></trkpt><trkpt lat="60.257237" lon="24.917758"><ele>16.8</ele><time>2026-01-10T08:33:22Z</time></trkpt><trkpt lat="60.257253" lon="24.91769"><ele>16.3</ele><time>2026-01-10T08:33:23Z</time><extensions><gpxtpx:TrackPointExtension><gpxtpx:hr>155</gpxtpx:hr></gpxtpx:TrackPointExtension></extensions></trkpt><trkpt lat="60.257265" lon="24.917637"><ele>15.6</ele><time>2026-01-10T08:33:24Z</time></trkpt><trkpt lat="60.257283" lon="24.917573"><ele>14.4</ele><time>2026-01-10T08:33:25Z</time></trkpt><trkpt lat="60.257302" lon="24.917508"><ele>14.7</ele><time>2026-01-10T08:33:26Z</time></trkpt><trkpt lat="60.257318" lon="24.917455"><ele>14.5</ele><time>2026-01-10T08:33:27Z</time></trkpt><trkpt lat="60.257328" lon="24.917417"><ele>14.6</ele><time>2026-01-10T08:33:28Z</time></trkpt><trkpt lat="60.25735" lon="24.917355"><ele>14.7</ele><time>2026-01-10T08:33:29Z</time><extensions><gpxtpx:TrackPointExtension><gpxtpx:hr>157</gpxtpx:hr></gpxtpx:TrackPointExtension></extensions></trkpt><trkpt lat="60.25737" lon="24.9173"><ele>15.3</ele><time>2026-01-10T08:33:30Z</time></trkpt><trkpt lat="60.257387" lon="24.917255"><ele>15.6</ele><time>2026-01-10T08:33:31Z</time></trkpt><trkpt lat="60.257462" lon="24.916905"><ele>14.9</ele><time>2026-01-10T08:33:35Z</time><extensions><gpxtpx:TrackPointExtension><gpxtpx:hr>156</gpxtpx:hr></gpxtpx:TrackPointExtension></extensions></trkpt><trkpt lat="60.257478" lon="24.91684"><ele>15.2</ele><time>2026-01-10T08:33:36Z</time></trkpt><trkpt lat="60.25749" lon="24.91678"><ele>15.8</ele><time>2026-01-10T08:33:37Z</time></trkpt><trkpt lat="60.2575" lon="24.916735"><ele>15.3</ele><time>2026-01-10T08:33:38Z</time></trkpt><trkpt lat="60.257507" lon="24.916672"><ele>15.2</ele><time>2026-01-10T08:33:39Z</time></trkpt><trkpt lat="60.25751" lon="24.916605"><ele>16.2</ele><time>2026-01-10T08:33:40Z</time></trkpt><trkpt lat="60.257515" lon="24.91654"><ele>16.1</ele><time>2026-01-10T08:33:41Z</time><extensions><gpxtpx:TrackPointExtension><gpxtpx:hr>156</gpxtpx:hr></gpxtpx:TrackPointExtension></extensions></trkpt><trkpt lat="60.257523" lon="24.916478"><ele>16.8</ele><time>2026-01-10T08:33:42Z</time><extensions><gpxtpx:TrackPointExtension><gpxtpx:hr>156</gpxtpx:hr></gpxtpx:TrackPointExtension></extensions></trkpt><trkpt lat="60.257533" lon="24.916418"><ele>16.7</ele><time>2026-01-10T08:33:43Z</time></trkpt><trkpt lat="60.257545" lon="24.916358"><ele>16.2</ele><time>2026-01-10T08:33:44Z</time></trkpt><trkpt lat="60.257558" lon="24.916302"><ele>18.0</ele><time>2026-01-10T08:33:45Z</time></trkpt><trkpt lat="60.25757" lon="24.916247"><ele>18.6</ele><time>2026-01-10T08:33:46Z</time></trkpt><trkpt lat="60.257582" lon="24.916197"><ele>19.0</ele><time>2026-01-10T08:33:47Z</time></trkpt><trkpt lat="60.25759" lon="24.916145"><ele>19.1</ele><time>2026-01-10T08:33:48Z</time></trkpt><trkpt lat="60.257602" lon="24.916095"><ele>19.5</ele><time>2026-01-10T08:33:49Z</time><extensions><gpxtpx:TrackPointExtension><gpxtpx:hr>156</gpxtpx:hr></gpxtpx:TrackPointExtension></extensions></trkpt><trkpt lat="60.257613" lon="24.916057"><ele>19.6</ele><time>2026-01-10T08:33:50Z</time></trkpt><trkpt lat="60.25762" lon="24.916018"><ele>20.5</ele><time>2026-01-10T08:33:51Z</time></trkpt><trkpt lat="60.257645" lon="24.916032"><ele>25.4</ele><time>2026-01-10T08:33:52Z</time></trkpt><trkpt lat="60.257625" lon="24.915988"><ele>21.4</ele><time>2026-01-10T08:33:52Z</time></trkpt><trkpt lat="60.257627" lon="24.915958"><ele>20.7</ele><time>2026-01-10T08:33:53Z</time></trkpt><trkpt lat="60.257627" lon="24.915877"><ele>22.2</ele><time>2026-01-10T08:33:55Z</time><extensions><gpxtpx:TrackPointExtension><gpxtpx:hr>157</gpxtpx:hr></gpxtpx:TrackPointExtension></extensions></trkpt><trkpt lat="60.257627" lon="24.915837"><ele>21.8</ele><time>2026-01-10T08:33:56Z</time></trkpt><trkpt lat="60.257627" lon="24.915803"><ele>21.7</ele><time>2026-01-10T08:33:57Z</time><extensions><gpxtpx:TrackPointExtension><gpxtpx:hr>156</gpxtpx:hr></gpxtpx:TrackPointExtension></extensions></trkpt><trkpt lat="60.257628" lon="24.915777"><ele>22.0</ele><time>2026-01-10T08:33:58Z</time></trkpt><trkpt lat="60.257628" lon="24.915738"><ele>21.2</ele><time>2026-01-10T08:33:59Z</time></trkpt><trkpt lat="60.257635" lon="24.915678"><ele>21.1</ele><time>2026-01-10T08:34:00Z</time></trkpt><trkpt lat="60.257642" lon="24.915633"><ele>21.2</ele><time>2026-01-10T08:34:01Z</time></trkpt><trkpt lat="60.257648" lon="24.915592"><ele>21.8</ele><time>2026-01-10T08:34:02Z</time></trkpt><trkpt lat="60.25769" lon="24.91567"><ele>21.8</ele><time>2026-01-10T08:34:03Z</time></trkpt><trkpt lat="60.257667" lon="24.91551"><ele>21.9</ele><time>2026-01-10T08:34:05Z</time><extensions><gpxtpx:TrackPointExtension><gpxtpx:hr>158</gpxtpx:hr></gpxtpx:TrackPointExtension></extensions></trkpt><trkpt lat="60.257673" lon="24.915478"><ele>22.1</ele><time>2026-01-10T08:34:06Z</time></trkpt><trkpt lat="60.25768" lon="24.91544"><ele>23.1</ele><time>2026-01-10T08:34:07Z</time></trkpt><trkpt lat="60.257685" lon="24.915398"><ele>23.4</ele><time>2026-01-10T08:34:08Z</time></trkpt><trkpt lat="60.25769" lon="24.915355"><ele>23.7</ele><time>2026-01-10T08:34:09Z</time><extensions><gpxtpx:TrackPointExtension><gpxtpx:hr>160</gpxtpx:hr></gpxtpx:TrackPointExtension></extensions></trkpt><trkpt lat="60.257693" lon="24.915312"><ele>23.7</ele><time>2026-01-10T08:34:10Z</time></trkpt><trkpt lat="60.2577" lon="24.915258"><ele>24.7</ele><time>2026-01-10T08:34:11Z</time></trkpt><trkpt lat="60.257703" lon="24.91521"><ele>24.5</ele><time>2026-01-10T08:34:12Z</time></trkpt><trkpt lat="60.25771" lon="24.915173"><ele>24.9</ele><time>2026-01-10T08:34:13Z</time></trkpt><trkpt lat="60.257717" lon="24.915137"><ele>24.3</ele><time>2026-01-10T08:34:14Z</time></trkpt><trkpt lat="60.257723" lon="24.915093"><ele>26.0</ele><time>2026-01-10T08:34:15Z</time><extensions><gpxtpx:TrackPointExtension><gpxtpx:hr>162</gpxtpx:hr></gpxtpx:TrackPointExtension></extensions></trkpt><trkpt lat="60.25773" lon="24.915057"><ele>26.7</ele><time>2026-01-10T08:34:16Z</time></trkpt><trkpt lat="60.257738" lon="24.915022"><ele>27.1</ele><time>2026-01-10T08:34:17Z</time><extensions><gpxtpx:TrackPointExtension><gpxtpx:hr>163</gpxtpx:hr></gpxtpx:TrackPointExtension></extensions></trkpt><trkpt lat="60.257738" lon="24.914985"><ele>27.1</ele><time>2026-01-10T08:34:18Z</time></trkpt><trkpt lat="60.257747" lon="24.914925"><ele>27.0</ele><time>2026-01-10T08:34:19Z</time></trkpt><trkpt lat="60.25775" lon="24.914872"><ele>27.5</ele><time>2026-01-10T08:34:20Z</time></trkpt><trkpt lat="60.257758" lon="24.914833"><ele>27.1</ele><time>2026-01-10T08:34:21Z</time></trkpt><trkpt lat="60.257768" lon="24.914793"><ele>27.2</ele><time>2026-01-10T08:34:22Z</time><extensions><gpxtpx:TrackPointExtension><gpxtpx:hr>164</gpxtpx:hr></gpxtpx:TrackPointExtension></extensions></trkpt><trkpt lat="60.258003" lon="24.91346"><ele>33.2</ele><time>2026-01-10T08:37:58Z</time></trkpt><trkpt lat="60.257987" lon="24.913477"><ele>33.4</ele><time>2026-01-10T08:37:59Z</time></trkpt><trkpt lat="60.257965" lon="24.913497"><ele>33.2</ele><time>2026-01-10T08:38:00Z</time><extensions><gpxtpx:TrackPointExtension><gpxtpx:hr>155</gpxtpx:hr></gpxtpx:TrackPointExtension></extensions></trkpt><trkpt lat="60.257948" lon="24.913515"><ele>33.4</ele><time>2026-01-10T08:38:01Z</time></trkpt><trkpt lat="60.25793" lon="24.913535"><ele>33.4</ele><time>2026-01-10T08:38:02Z</time></trkpt><trkpt lat="60.257905" lon="24.91356"><ele>33.6</ele><time>2026-01-10T08:38:03Z</time></trkpt><trkpt lat="60.257888" lon="24.91359"><ele>33.2</ele><time>2026-01-10T08:38:04Z</time><extensions><gpxtpx:TrackPointExtension><gpxtpx:hr>157</gpxtpx:hr></gpxtpx:TrackPointExtension></extensions></trkpt><trkpt lat="60.257873" lon="24.91363"><ele>34.4</ele><time>2026-01-10T08:38:05Z</time></trkpt><trkpt lat="60.257862" lon="24.913677"><ele>35.1</ele><time>2026-01-10T08:38:06Z</time></trkpt><trkpt lat="60.257843" lon="24.913725"><ele>34.5</ele><time>2026-01-10T08:38:07Z</time></trkpt><trkpt lat="60.257812" lon="24.91382"><ele>34.5</ele><time>2026-01-10T08:38:08Z</time></trkpt><trkpt lat="60.2578" lon="24.913868"><ele>34.7</ele><time>2026-01-10T08:38:09Z</time></trkpt><trkpt lat="60.257797" lon="24.913933"><ele>35.3</ele><time>2026-01-10T08:38:10Z</time></trkpt><trkpt lat="60.257783" lon="24.913967"><ele>35.3</ele><time>2026-01-10T08:38:11Z</time><extensions><gpxtpx:TrackPointExtension><gpxtpx:hr>158</gpxtpx:hr></gpxtpx:TrackPointExtension></extensions></trkpt><trkpt lat="60.257767" lon="24.914002"><ele>34.5</ele><time>2026-01-10T08:38:12Z</time></trkpt><trkpt lat="60.25775" lon="24.91405"><ele>33.9</ele><time>2026-01-10T08:38:13Z</time></trkpt><trkpt lat="60.257735" lon="24.914113"><ele>33.4</ele><time>2026-01-10T08:38:14Z</time></trkpt><trkpt lat="60.257713" lon="24.914172"><ele>33.7</ele><time>2026-01-10T08:38:15Z</time></trkpt><trkpt lat="60.257693" lon="24.91422"><ele>33.6</ele><time>2026-01-10T08:38:16Z</time><extensions><gpxtpx:TrackPointExtension><gpxtpx:hr>165</gpxtpx:hr></gpxtpx:TrackPointExtension></extensions></trkpt><trkpt lat="60.257667" lon="24.914277"><ele>32.0</ele><time>2026-01-10T08:38:17Z</time></trkpt><trkpt lat="60.257645" lon="24.91435"><ele>30.9</ele><time>2026-01-10T08:38:18Z</time></trkpt><trkpt lat="60.257618" lon="24.914397"><ele>32.5</ele><time>2026-01-10T08:38:19Z</time></trkpt><trkpt lat="60.257595" lon="24.914428"><ele>31.8</ele><time>2026-01-10T08:38:20Z</time><extensions><gpxtpx:TrackPointExtension><gpxtpx:hr>164</gpxtpx:hr></gpxtpx:TrackPointExtension></extensions></trkpt><trkpt lat="60.257573" lon="24.914505"><ele>31.0</ele><time>2026-01-10T08:38:21Z</time></trkpt><trkpt lat="60.257542" lon="24.914582"><ele>30.2</ele><time>2026-01-10T08:38:22Z</time></trkpt><trkpt lat="60.257508" lon="24.914645"><ele>29.9</ele><time>2026-01-10T08:38:23Z</time></trkpt><trkpt lat="60.25747" lon="24.914778"><ele>28.9</ele><time>2026-01-10T08:38:24Z</time></trkpt><trkpt lat="60.257432" lon="24.914905"><ele>28.0</ele><time>2026-01-10T08:38:25Z</time><extensions><gpxtpx:TrackPointExtension><gpxtpx:hr>162</gpxtpx:hr></gpxtpx:TrackPointExtension></extensions></trkpt><trkpt lat="60.257395" lon="24.915012"><ele>25.5</ele><time>2026-01-10T08:38:26Z</time></trkpt><trkpt lat="60.257355" lon="24.91514"><ele>24.6</ele><time>2026-01-10T08:38:27Z</time></trkpt><trkpt lat="60.257313" lon="24.91527"><ele>24.0</ele><time>2026-01-10T08:38:28Z</time><extensions><gpxtpx:TrackPointExtension><gpxtpx:hr>161</gpxtpx:hr></gpxtpx:TrackPointExtension></extensions></trkpt><trkpt lat="60.25728" lon="24.915408"><ele>23.3</ele><time>2026-01-10T08:38:29Z</time></trkpt><trkpt lat="60.257245" lon="24.915557"><ele>23.7</ele><time>2026-01-10T08:38:30Z</time></trkpt><trkpt lat="60.257215" lon="24.915703"><ele>21.5</ele><time>2026-01-10T08:38:31Z</time></trkpt><trkpt lat="60.257172" lon="24.915825"><ele>21.2</ele><time>2026-01-10T08:38:32Z</time></trkpt><trkpt lat="60.257133" lon="24.915965"><ele>19.8</ele><time>2026-01-10T08:38:33Z</time></trkpt><trkpt lat="60.257093" lon="24.916123"><ele>19.0</ele><time>2026-01-10T08:38:34Z</time><extensions><gpxtpx:TrackPointExtension><gpxtpx:hr>158</gpxtpx:hr></gpxtpx:TrackPointExtension></extensions></trkpt><trkpt lat="60.257062" lon="24.916287"><ele>17.0</ele><time>2026-01-10T08:38:35Z</time></trkpt><trkpt lat="60.257028" lon="24.916468"><ele>17.2</ele><time>2026-01-10T08:38:36Z</time></trkpt><trkpt lat="60.257" lon="24.916627"><ele>17.7</ele><time>2026-01-10T08:38:37Z</time></trkpt><trkpt lat="60.256968" lon="24.91677"><ele>17.3</ele><time>2026-01-10T08:38:38Z</time></trkpt><trkpt lat="60.256952" lon="24.916948"><ele>17.1</ele><time>2026-01-10T08:38:39Z</time></trkpt><trkpt lat="60.256922" lon="24.917093"><ele>17.2</ele><time>2026-01-10T08:38:40Z</time><extensions><gpxtpx:TrackPointExtension><gpxtpx:hr>155</gpxtpx:hr></gpxtpx:TrackPointExtension></extensions></trkpt><trkpt lat="60.256907" lon="24.917242"><ele>17.6</ele><time>2026-01-10T08:38:41Z</time></trkpt><trkpt lat="60.256892" lon="24.917387"><ele>20.2</ele><time>2026-01-10T08:38:42Z</time></trkpt><trkpt lat="60.256895" lon="24.917515"><ele>19.6</ele><time>2026-01-10T08:38:43Z</time><extensions><gpxtpx:TrackPointExtension><gpxtpx:hr>153</gpxtpx:hr></gpxtpx:TrackPointExtension></extensions></trkpt><trkpt lat="60.256898" lon="24.917678"><ele>19.8</ele><time>2026-01-10T08:38:44Z</time></trkpt><trkpt lat="60.256895" lon="24.917788"><ele>19.3</ele><time>2026-01-10T08:38:45Z</time></trkpt><trkpt lat="60.256883" lon="24.917875"><ele>18.3</ele><time>2026-01-10T08:38:46Z</time></trkpt><trkpt lat="60.256877" lon="24.917952"><ele>18.1</ele><time>2026-01-10T08:38:47Z</time></trkpt><trkpt lat="60.256872" lon="24.918083"><ele>18.5</ele><time>2026-01-10T08:38:48Z</time></trkpt><trkpt lat="60.256868" lon="24.918167"><ele>18.9</ele><time>2026-01-10T08:38:49Z</time></trkpt><trkpt lat="60.256863" lon="24.918248"><ele>18.8</ele><time>2026-01-10T08:38:50Z</time></trkpt><trkpt lat="60.25686" lon="24.918322"><ele>18.6</ele><time>2026-01-10T08:38:51Z</time><extensions><gpxtpx:TrackPointExtension><gpxtpx:hr>147</gpxtpx:hr></gpxtpx:TrackPointExtension></extensions></trkpt><trkpt lat="60.256858" lon="24.91842"><ele>18.7</ele><time>2026-01-10T08:38:52Z</time></trkpt><trkpt lat="60.256853" lon="24.918503"><ele>19.5</ele><time>2026-01-10T08:38:53Z</time></trkpt><trkpt lat="60.25685" lon="24.918578"><ele>20.5</ele><time>2026-01-10T08:38:54Z</time><extensions><gpxtpx:TrackPointExtension><gpxtpx:hr>145</gpxtpx:hr></gpxtpx:TrackPointExtension></extensions></trkpt><trkpt lat="60.25684" lon="24.918647"><ele>19.9</ele><time>2026-01-10T08:38:55Z</time></trkpt><trkpt lat="60.25683" lon="24.918725"><ele>19.8</ele><time>2026-01-10T08:38:56Z</time></trkpt><trkpt lat="60.256832" lon="24.918812"><ele>19.1</ele><time>2026-01-10T08:38:57Z</time></trkpt><trkpt lat="60.256812" lon="24.918895"><ele>19.8</ele><time>2026-01-10T08:38:58Z</time></trkpt><trkpt lat="60.25679" lon="24.918965"><ele>19.4</ele><time>2026-01-10T08:38:59Z</time><extensions><gpxtpx:TrackPointExtension><gpxtpx:hr>145</gpxtpx:hr></gpxtpx:TrackPointExtension></extensions></trkpt><trkpt lat="60.256765" lon="24.919022"><ele>19.9</ele><time>2026-01-10T08:39:00Z</time></trkpt><trkpt lat="60.256743" lon="24.919077"><ele>19.7</ele><time>2026-01-10T08:39:01Z</time></trkpt><trkpt lat="60.256723" lon="24.919155"><ele>19.8</ele><time>2026-01-10T08:39:02Z</time></trkpt><trkpt lat="60.256698" lon="24.919225"><ele>19.6</ele><time>2026-01-10T08:39:03Z</time></trkpt><trkpt lat="60.25667" lon="24.919285"><ele>19.9</ele><time>2026-01-10T08:39:04Z</time></trkpt><trkpt lat="60.25665" lon="24.91932"><ele>18.3</ele><time>2026-01-10T08:39:05Z</time></trkpt><trkpt lat="60.256625" lon="24.919393"><ele>19.0</ele><time>2026-01-10T08:39:06Z</time><extensions><gpxtpx:TrackPointExtension><gpxtpx:hr>145</gpxtpx:hr></gpxtpx:TrackPointExtension></extensions></trkpt><trkpt lat="60.2566" lon="24.919455"><ele>18.4</ele><time>2026-01-10T08:39:07Z</time></trkpt><trkpt lat="60.256573" lon="24.91952"><ele>19.7</ele><time>2026-01-10T08:39:08Z</time></trkpt><trkpt lat="60.25655" lon="24.91957"><ele>18.9</ele><time>2026-01-10T08:39:09Z</time></trkpt><trkpt lat="60.256522" lon="24.919637"><ele>18.7</ele><time>2026-01-10T08:39:10Z</time><extensions><gpxtpx:TrackPointExtension><gpxtpx:hr>143</gpxtpx:hr></gpxtpx:TrackPointExtension></extensions></trkpt><trkpt lat="60.256492" lon="24.919677"><ele>17.5</ele><time>2026-01-10T08:39:11Z</time></trkpt><trkpt lat="60.256463" lon="24.91974"><ele>19.0</ele><time>2026-01-10T08:39:12Z</time></trkpt><trkpt lat="60.256437" lon="24.919788"><ele>19.1</ele><time>2026-01-10T08:39:13Z</time></trkpt><trkpt lat="60.256407" lon="24.919847"><ele>18.0</ele><time>2026-01-10T08:39:14Z</time></trkpt><trkpt lat="60.256373" lon="24.919905"><ele>19.0</ele><time>2026-01-10T08:39:15Z</time><extensions><gpxtpx:TrackPointExtension><gpxtpx:hr>141</gpxtpx:hr></gpxtpx:TrackPointExtension></extensions></trkpt><trkpt lat="60.25634" lon="24.919953"><ele>18.9</ele><time>2026-01-10T08:39:16Z</time></trkpt><trkpt lat="60.256305" lon="24.920017"><ele>21.2</ele><time>2026-01-10T08:39:17Z</time></trkpt><trkpt lat="60.256277" lon="24.920053"><ele>20.1</ele><time>2026-01-10T08:39:18Z</time></trkpt><trkpt lat="60.256248" lon="24.920092"><ele>19.3</ele><time>2026-01-10T08:39:19Z</time></trkpt><trkpt lat="60.256218" lon="24.920148"><ele>19.2</ele><time>2026-01-10T08:39:20Z</time></trkpt><trkpt lat="60.256195" lon="24.920213"><ele>18.8</ele><time>2026-01-10T08:39:21Z</time><extensions><gpxtpx:TrackPointExtension><gpxtpx:hr>139</gpxtpx:hr></gpxtpx:TrackPointExtension></extensions></trkpt><trkpt lat="60.25618" lon="24.920268"><ele>19.7</ele><time>2026-01-10T08:39:22Z</time></trkpt><trkpt lat="60.25616" lon="24.920327"><ele>19.2</ele><time>2026-01-10T08:39:23Z</time></trkpt><trkpt lat="60.256132" lon="24.920375"><ele>18.9</ele><time>2026-01-10T08:39:24Z</time></trkpt><trkpt lat="60.25611" lon="24.920417"><ele>17.9</ele><time>2026-01-10T08:39:25Z</time></trkpt><trkpt lat="60.256098" lon="24.920475"><ele>19.4</ele><time>2026-01-10T08:39:26Z</time><extensions><gpxtpx:TrackPointExtension><gpxtpx:hr>138</gpxtpx:hr></gpxtpx:TrackPointExtension></extensions></trkpt><trkpt lat="60.25611" lon="24.920528"><ele>19.4</ele><time>2026-01-10T08:39:27Z</time><extensions><gpxtpx:TrackPointExtension><gpxtpx:hr>138</gpxtpx:hr></gpxtpx:TrackPointExtension></extensions></trkpt><trkpt lat="60.256127" lon="24.920573"><ele>18.6</ele><time>2026-01-10T08:39:28Z</time></trkpt><trkpt lat="60.25615" lon="24.920618"><ele>18.6</ele><time>2026-01-10T08:39:29Z</time></trkpt><trkpt lat="60.25617" lon="24.920668"><ele>19.3</ele><time>2026-01-10T08:39:30Z</time></trkpt><trkpt lat="60.256183" lon="24.920727"><ele>19.4</ele><time>2026-01-10T08:39:31Z</time></trkpt><trkpt lat="60.256207" lon="24.920792"><ele>18.6</ele><time>2026-01-10T08:39:32Z</time></trkpt><trkpt lat="60.256227" lon="24.920865"><ele>17.5</ele><time>2026-01-10T08:39:33Z</time></trkpt><trkpt lat="60.256243" lon="24.920942"><ele>17.5</ele><time>2026-01-10T08:39:34Z</time></trkpt><trkpt lat="60.256258" lon="24.921017"><ele>17.6</ele><time>2026-01-10T08:39:35Z</time></trkpt><trkpt lat="60.256262" lon="24.9211"><ele>18.0</ele><time>2026-01-10T08:39:36Z</time><extensions><gpxtpx:TrackPointExtension><gpxtpx:hr>138</gpxtpx:hr></gpxtpx:TrackPointExtension></extensions></trkpt><trkpt lat="60.256265" lon="24.92117"><ele>16.4</ele><time>2026-01-10T08:39:37Z</time><extensions><gpxtpx:TrackPointExtension><gpxtpx:hr>138</gpxtpx:hr></gpxtpx:TrackPointExtension></extensions></trkpt><trkpt lat="60.256257" lon="24.921257"><ele>17.8</ele><time>2026-01-10T08:39:38Z</time></trkpt><trkpt lat="60.256245" lon="24.921337"><ele>18.7</ele><time>2026-01-10T08:39:39Z</time></trkpt><trkpt lat="60.25623" lon="24.9214"><ele>17.6</ele><time>2026-01-10T08:39:40Z</time></trkpt><trkpt lat="60.256215" lon="24.921477"><ele>17.2</ele><time>2026-01-10T08:39:41Z</time></trkpt><trkpt lat="60.256197" lon="24.921548"><ele>18.8</ele><time>2026-01-10T08:39:42Z</time></trkpt><trkpt lat="60.256182" lon="24.921617"><ele>17.7</ele><time>2026-01-10T08:39:43Z</time></trkpt><trkpt lat="60.256165" lon="24.92169"><ele>19.0</ele><time>2026-01-10T08:39:44Z</time></trkpt><trkpt lat="60.25616" lon="24.921753"><ele>17.7</ele><time>2026-01-10T08:39:45Z</time><extensions><gpxtpx:TrackPointExtension><gpxtpx:hr>140</gpxtpx:hr></gpxtpx:TrackPointExtension></extensions></trkpt><trkpt lat="60.256165" lon="24.921823"><ele>18.7</ele><time>2026-01-10T08:39:46Z</time></trkpt><trkpt lat="60.256178" lon="24.921883"><ele>18.7</ele><time>2026-01-10T08:39:47Z</time></trkpt><trkpt lat="60.256202" lon="24.921972"><ele>20.2</ele><time>2026-01-10T08:39:48Z</time></trkpt><trkpt lat="60.256223" lon="24.922023"><ele>19.4</ele><time>2026-01-10T08:39:49Z</time></trkpt><trkpt lat="60.25625" lon="24.922068"><ele>18.7</ele><time>2026-01-10T08:39:50Z</time><extensions><gpxtpx:TrackPointExtension><gpxtpx:hr>139</gpxtpx:hr></gpxtpx:TrackPointExtension></extensions></trkpt><trkpt lat="60.25628" lon="24.922115"><ele>18.7</ele><time>2026-01-10T08:39:51Z</time></trkpt><trkpt lat="60.256302" lon="24.922173"><ele>18.8</ele><time>2026-01-10T08:39:52Z</time></trkpt><trkpt lat="60.256317" lon="24.922223"><ele>19.2</ele><time>2026-01-10T08:39:53Z</time></trkpt><trkpt lat="60.256325" lon="24.922293"><ele>20.3</ele><time>2026-01-10T08:39:54Z</time><extensions><gpxtpx:TrackPointExtension><gpxtpx:hr>139</gpxtpx:hr></gpxtpx:TrackPointExtension></extensions></trkpt><trkpt lat="60.256318" lon="24.922373"><ele>18.4</ele><time>2026-01-10T08:39:55Z</time></trkpt><trkpt lat="60.2563" lon="24.922432"><ele>16.3</ele><time>2026-01-10T08:39:56Z</time></trkpt><trkpt lat="60.256287" lon="24.922487"><ele>16.2</ele><time>2026-01-10T08:39:57Z</time></trkpt><trkpt lat="60.256283" lon="24.922573"><ele>17.1</ele><time>2026-01-10T08:39:58Z</time><extensions><gpxtpx:TrackPointExtension><gpxtpx:hr>140</gpxtpx:hr></gpxtpx:TrackPointExtension></extensions></trkpt><trkpt lat="60.25628" lon="24.92264"><ele>16.3</ele><time>2026-01-10T08:39:59Z</time></trkpt><trkpt lat="60.256272" lon="24.922712"><ele>16.9</ele><time>2026-01-10T08:40:00Z</time></trkpt><trkpt lat="60.256262" lon="24.922778"><ele>15.2</ele><time>2026-01-10T08:40:01Z</time></trkpt><trkpt lat="60.256252" lon="24.922862"><ele>17.3</ele><time>2026-01-10T08:40:02Z</time></trkpt><trkpt lat="60.256252" lon="24.922932"><ele>16.7</ele><time>2026-01-10T08:40:03Z</time><extensions><gpxtpx:TrackPointExtension><gpxtpx:hr>143</gpxtpx:hr></gpxtpx:TrackPointExtension></extensions></trkpt><trkpt lat="60.256243" lon="24.923007"><ele>16.7</ele><time>2026-01-10T08:40:04Z</time></trkpt><trkpt lat="60.256238" lon="24.923082"><ele>17.0</ele><time>2026-01-10T08:40:05Z</time></trkpt><trkpt lat="60.256235" lon="24.923148"><ele>16.6</ele><time>2026-01-10T08:40:06Z</time></trkpt><trkpt lat="60.256217" lon="24.923218"><ele>17.8</ele><time>2026-01-10T08:40:07Z</time></trkpt><trkpt lat="60.25621" lon="24.923287"><ele>16.9</ele><time>2026-01-10T08:40:08Z</time><extensions><gpxtpx:TrackPointExtension><gpxtpx:hr>143</gpxtpx:hr></gpxtpx:TrackPointExtension></extensions></trkpt><trkpt lat="60.256208" lon="24.923372"><ele>18.0</ele><time>2026-01-10T08:40:09Z</time></trkpt><trkpt lat="60.256208" lon="24.923458"><ele>17.0</ele><time>2026-01-10T08:40:10Z</time></trkpt><trkpt lat="60.256203" lon="24.923535"><ele>16.8</ele><time>2026-01-10T08:40:11Z</time></trkpt><trkpt lat="60.256193" lon="24.923612"><ele>18.8</ele><time>2026-01-10T08:40:12Z</time></trkpt><trkpt lat="60.256195" lon="24.92367"><ele>17.4</ele><time>2026-01-10T08:40:13Z</time></trkpt><trkpt lat="60.256183" lon="24.923743"><ele>17.9</ele><time>2026-01-10T08:40:14Z</time></trkpt><trkpt lat="60.256178" lon="24.923813"><ele>17.5</ele><time>2026-01-10T08:40:15Z</time></trkpt><trkpt lat="60.256193" lon="24.923835"><ele>15.9</ele><time>2026-01-10T08:40:16Z</time><extensions><gpxtpx:TrackPointExtension><gpxtpx:hr>140</gpxtpx:hr></gpxtpx:TrackPointExtension></extensions></trkpt><trkpt lat="60.256203" lon="24.923913"><ele>15.0</ele><time>2026-01-10T08:40:17Z</time></trkpt><trkpt lat="60.256197" lon="24.924008"><ele>15.7</ele><time>2026-01-10T08:40:18Z</time></trkpt><trkpt lat="60.256202" lon="24.924097"><ele>16.5</ele><time>2026-01-10T08:40:19Z</time></trkpt><trkpt lat="60.256213" lon="24.924187"><ele>18.6</ele><time>2026-01-10T08:40:20Z</time><extensions><gpxtpx:TrackPointExtension><gpxtpx:hr>140</gpxtpx:hr></gpxtpx:TrackPointExtension></extensions></trkpt><trkpt lat="60.256225" lon="24.924255"><ele>17.9</ele><time>2026-01-10T08:40:21Z</time></trkpt><trkpt lat="60.256232" lon="24.924308"><ele>17.7</ele><time>2026-01-10T08:40:22Z</time></trkpt><trkpt lat="60.256237" lon="24.924387"><ele>17.5</ele><time>2026-01-10T08:40:23Z</time></trkpt><trkpt lat="60.256248" lon="24.924443"><ele>17.6</ele><time>2026-01-10T08:40:24Z</time></trkpt><trkpt lat="60.256263" lon="24.924492"><ele>15.5</ele><time>2026-01-10T08:40:25Z</time></trkpt><trkpt lat="60.256272" lon="24.924573"><ele>15.3</ele><time>2026-01-10T08:40:26Z</time><extensions><gpxtpx:TrackPointExtension><gpxtpx:hr>140</gpxtpx:hr></gpxtpx:TrackPointExtension></extensions></trkpt><trkpt lat="60.256272" lon="24.92465"><ele>15.7</ele><time>2026-01-10T08:40:27Z</time><extensions><gpxtpx:TrackPointExtension><gpxtpx:hr>140</gpxtpx:hr></gpxtpx:TrackPointExtension></extensions></trkpt><trkpt lat="60.256282" lon="24.924718"><ele>16.4</ele><time>2026-01-10T08:40:28Z</time></trkpt><trkpt lat="60.256292" lon="24.924775"><ele>17.6</ele><time>2026-01-10T08:40:29Z</time></trkpt><trkpt lat="60.2563" lon="24.924837"><ele>17.6</ele><time>2026-01-10T08:40:30Z</time></trkpt><trkpt lat="60.256325" lon="24.924922"><ele>16.7</ele><time>2026-01-10T08:40:31Z</time></trkpt><trkpt lat="60.256368" lon="24.925235"><ele>15.5</ele><time>2026-01-10T08:40:35Z</time><extensions><gpxtpx:TrackPointExtension><gpxtpx:hr>139</gpxtpx:hr></gpxtpx:TrackPointExtension></extensions></trkpt><trkpt lat="60.256378" lon="24.925298"><ele>15.8</ele><time>2026-01-10T08:40:36Z</time></trkpt><trkpt lat="60.256393" lon="24.925363"><ele>16.6</ele><time>2026-01-10T08:40:37Z</time></trkpt><trkpt lat="60.256407" lon="24.925425"><ele>16.7</ele><time>2026-01-10T08:40:38Z</time></trkpt><trkpt lat="60.25642" lon="24.925482"><ele>17.0</ele><time>2026-01-10T08:40:39Z</time></trkpt><trkpt lat="60.256432" lon="24.925533"><ele>17.3</ele><time>2026-01-10T08:40:40Z</time></trkpt><trkpt lat="60.256447" lon="24.925588"><ele>17.5</ele><time>2026-01-10T08:40:41Z</time><extensions><gpxtpx:TrackPointExtension><gpxtpx:hr>140</gpxtpx:hr></gpxtpx:TrackPointExtension></extensions></trkpt><trkpt lat="60.256462" lon="24.925648"><ele>17.3</ele><time>2026-01-10T08:40:42Z</time></trkpt><trkpt lat="60.256475" lon="24.925715"><ele>17.6</ele><time>2026-01-10T08:40:43Z</time></trkpt><trkpt lat="60.256487" lon="24.925783"><ele>17.6</ele><time>2026-01-10T08:40:44Z</time></trkpt><trkpt lat="60.256497" lon="24.925845"><ele>18.0</ele><time>2026-01-10T08:40:45Z</time></trkpt><trkpt lat="60.256508" lon="24.925903"><ele>18.3</ele><time>2026-01-10T08:40:46Z</time><extensions><gpxtpx:TrackPointExtension><gpxtpx:hr>142</gpxtpx:hr></gpxtpx:TrackPointExtension></extensions></trkpt><trkpt lat="60.256518" lon="24.925962"><ele>18.7</ele><time>2026-01-10T08:40:47Z</time></trkpt><trkpt lat="60.25653" lon="24.92602"><ele>18.9</ele><time>2026-01-10T08:40:49Z</time><extensions><gpxtpx:TrackPointExtension><gpxtpx:hr>142</gpxtpx:hr></gpxtpx:TrackPointExtension></extensions></trkpt><trkpt lat="60.25654" lon="24.926097"><ele>19.1</ele><time>2026-01-10T08:40:49Z</time></trkpt><trkpt lat="60.256545" lon="24.926172"><ele>18.9</ele><time>2026-01-10T08:40:50Z</time></trkpt><trkpt lat="60.25655" lon="24.926247"><ele>18.8</ele><time>2026-01-10T08:40:51Z</time></trkpt><trkpt lat="60.256582" lon="24.927517"><ele>11.4</ele><time>2026-01-10T08:41:10Z</time></trkpt><trkpt lat="60.256568" lon="24.927613"><ele>11.3</ele><time>2026-01-10T08:41:11Z</time><extensions><gpxtpx:TrackPointExtension><gpxtpx:hr>147</gpxtpx:hr></gpxtpx:TrackPointExtension></extensions></trkpt><trkpt lat="60.256575" lon="24.927657"><ele>12.7</ele><time>2026-01-10T08:41:12Z</time></trkpt><trkpt lat="60.25658" lon="24.927708"><ele>12.0</ele><time>2026-01-10T08:41:13Z</time></trkpt><trkpt lat="60.256582" lon="24.927818"><ele>12.5</ele><time>2026-01-10T08:41:14Z</time></trkpt><trkpt lat="60.256583" lon="24.927922"><ele>13.8</ele><time>2026-01-10T08:41:15Z</time><extensions><gpxtpx:TrackPointExtension><gpxtpx:hr>149</gpxtpx:hr></gpxtpx:TrackPointExtension></extensions></trkpt><trkpt lat="60.25659" lon="24.928015"><ele>13.1</ele><time>2026-01-10T08:41:16Z</time></trkpt><trkpt lat="60.25659" lon="24.92809"><ele>13.6</ele><time>2026-01-10T08:41:17Z</time></trkpt><trkpt lat="60.256608" lon="24.928165"><ele>13.0</ele><time>2026-01-10T08:41:18Z</time></trkpt><trkpt lat="60.256613" lon="24.928242"><ele>13.1</ele><time>2026-01-10T08:41:19Z</time></trkpt><trkpt lat="60.25662" lon="24.928327"><ele>14.1</ele><time>2026-01-10T08:41:20Z</time></trkpt><trkpt lat="60.256632" lon="24.928398"><ele>12.6</ele><time>2026-01-10T08:41:21Z</time><extensions><gpxtpx:TrackPointExtension><gpxtpx:hr>148</gpxtpx:hr></gpxtpx:TrackPointExtension></extensions></trkpt><trkpt lat="60.25665" lon="24.928473"><ele>13.4</ele><time>2026-01-10T08:41:22Z</time></trkpt><trkpt lat="60.256673" lon="24.928547"><ele>13.5</ele><time>2026-01-10T08:41:23Z</time></trkpt><trkpt lat="60.256692" lon="24.928622"><ele>13.3</ele><time>2026-01-10T08:41:24Z</time></trkpt><trkpt lat="60.256707" lon="24.928675"><ele>12.2</ele><time>2026-01-10T08:41:25Z</time><extensions><gpxtpx:TrackPointExtension><gpxtpx:hr>147</gpxtpx:hr></gpxtpx:TrackPointExtension></extensions></trkpt><trkpt lat="60.256738" lon="24.928763"><ele>14.1</ele><time>2026-01-10T08:41:26Z</time></trkpt><trkpt lat="60.25676" lon="24.928792"><ele>12.3</ele><time>2026-01-10T08:41:27Z</time></trkpt><trkpt lat="60.256788" lon="24.928852"><ele>14.5</ele><time>2026-01-10T08:41:28Z</time></trkpt><trkpt lat="60.256807" lon="24.928923"><ele>13.1</ele><time>2026-01-10T08:41:29Z</time><extensions><gpxtpx:TrackPointExtension><gpxtpx:hr>147</gpxtpx:hr></gpxtpx:TrackPointExtension></extensions></trkpt><trkpt lat="60.256828" lon="24.928993"><ele>13.8</ele><time>2026-01-10T08:41:30Z</time></trkpt><trkpt lat="60.256843" lon="24.929035"><ele>12.9</ele><time>2026-01-10T08:41:31Z</time></trkpt><trkpt lat="60.256905" lon="24.92919"><ele>17.6</ele><time>2026-01-10T08:41:35Z</time><extensions><gpxtpx:TrackPointExtension><gpxtpx:hr>147</gpxtpx:hr></gpxtpx:TrackPointExtension></extensions></trkpt><trkpt lat="60.25692" lon="24.929235"><ele>16.9</ele><time>2026-01-10T08:41:36Z</time></trkpt><trkpt lat="60.256937" lon="24.929288"><ele>16.3</ele><time>2026-01-10T08:41:37Z</time><extensions><gpxtpx:TrackPointExtension><gpxtpx:hr>148</gpxtpx:hr></gpxtpx:TrackPointExtension></extensions></trkpt><trkpt lat="60.256953" lon="24.929347"><ele>16.3</ele><time>2026-01-10T08:41:38Z</time></trkpt><trkpt lat="60.25754" lon="24.931095"><ele>19.2</ele><time>2026-01-10T08:42:23Z</time><extensions><gpxtpx:TrackPointExtension><gpxtpx:hr>147</gpxtpx:hr></gpxtpx:TrackPointExtension></extensions></trkpt><trkpt lat="60.257547" lon="24.931172"><ele>19.2</ele><time>2026-01-10T08:42:24Z</time></trkpt><trkpt lat="60.257577" lon="24.9312"><ele>19.3</ele><time>2026-01-10T08:42:25Z</time></trkpt><trkpt lat="60.25759" lon="24.931225"><ele>18.3</ele><time>2026-01-10T08:42:26Z</time><extensions><gpxtpx:TrackPointExtension><gpxtpx:hr>142</gpxtpx:hr></gpxtpx:TrackPointExtension></extensions></trkpt><trkpt lat="60.257593" lon="24.931282"><ele>18.5</ele><time>2026-01-10T08:42:27Z</time></trkpt><trkpt lat="60.257615" lon="24.931302"><ele>18.3</ele><time>2026-01-10T08:42:28Z</time></trkpt><trkpt lat="60.257628" lon="24.93135"><ele>17.9</ele><time>2026-01-10T08:42:29Z</time></trkpt><trkpt lat="60.257642" lon="24.931413"><ele>18.0</ele><time>2026-01-10T08:42:30Z</time><extensions><gpxtpx:TrackPointExtension><gpxtpx:hr>139</gpxtpx:hr></gpxtpx:TrackPointExtension></extensions></trkpt><trkpt lat="60.257657" lon="24.931475"><ele>17.8</ele><time>2026-01-10T08:42:31Z</time></trkpt><trkpt lat="60.257673" lon="24.931515"><ele>18.0</ele><time>2026-01-10T08:42:32Z</time><extensions><gpxtpx:TrackPointExtension><gpxtpx:hr>139</gpxtpx:hr></gpxtpx:TrackPointExtension></extensions></trkpt><trkpt lat="60.257687" lon="24.931567"><ele>18.0</ele><time>2026-01-10T08:42:33Z</time></trkpt><trkpt lat="60.257708" lon="24.931612"><ele>18.3</ele><time>2026-01-10T08:42:34Z</time></trkpt><trkpt lat="60.257727" lon="24.931677"><ele>18.8</ele><time>2026-01-10T08:42:35Z</time></trkpt><trkpt lat="60.257758" lon="24.931727"><ele>19.4</ele><time>2026-01-10T08:42:36Z</time></trkpt><trkpt lat="60.257762" lon="24.931772"><ele>18.7</ele><time>2026-01-10T08:42:37Z</time></trkpt><trkpt lat="60.257788" lon="24.931818"><ele>18.8</ele><time>2026-01-10T08:42:38Z</time><extensions><gpxtpx:TrackPointExtension><gpxtpx:hr>137</gpxtpx:hr></gpxtpx:TrackPointExtension></extensions></trkpt><trkpt lat="60.257827" lon="24.931885"><ele>17.8</ele><time>2026-01-10T08:42:39Z</time></trkpt><trkpt lat="60.257865" lon="24.931897"><ele>18.5</ele><time>2026-01-10T08:42:40Z</time></trkpt><trkpt lat="60.2579" lon="24.931967"><ele>18.0</ele><time>2026-01-10T08:42:41Z</time></trkpt><trkpt lat="60.25795" lon="24.932023"><ele>20.0</ele><time>2026-01-10T08:42:42Z</time></trkpt><trkpt lat="60.25796" lon="24.932075"><ele>20.2</ele><time>2026-01-10T08:42:43Z</time></trkpt><trkpt lat="60.257975" lon="24.93212"><ele>20.2</ele><time>2026-01-10T08:42:44Z</time></trkpt><trkpt lat="60.258002" lon="24.932183"><ele>19.9</ele><time>2026-01-10T08:42:45Z</time></trkpt><trkpt lat="60.25802" lon="24.932217"><ele>18.0</ele><time>2026-01-10T08:42:46Z</time><extensions><gpxtpx:TrackPointExtension><gpxtpx:hr>140</gpxtpx:hr></gpxtpx:TrackPointExtension></extensions></trkpt><trkpt lat="60.258045" lon="24.932263"><ele>16.8</ele><time>2026-01-10T08:42:47Z</time></trkpt><trkpt lat="60.258068" lon="24.932312"><ele>15.3</ele><time>2026-01-10T08:42:48Z</time><extensions><gpxtpx:TrackPointExtension><gpxtpx:hr>140</gpxtpx:hr></gpxtpx:TrackPointExtension></extensions></trkpt><trkpt lat="60.258092" lon="24.932357"><ele>14.5</ele><time>2026-01-10T08:42:49Z</time></trkpt><trkpt lat="60.258117" lon="24.932413"><ele>13.5</ele><time>2026-01-10T08:42:50Z</time></trkpt><trkpt lat="60.258143" lon="24.932465"><ele>12.6</ele><time>2026-01-10T08:42:51Z</time></trkpt><trkpt lat="60.25817" lon="24.932515"><ele>12.7</ele><time>2026-01-10T08:42:52Z</time></trkpt><trkpt lat="60.258202" lon="24.932555"><ele>12.7</ele><time>2026-01-10T08:42:53Z</time></trkpt><trkpt lat="60.258228" lon="24.9326"><ele>12.4</ele><time>2026-01-10T08:42:54Z</time><extensions><gpxtpx:TrackPointExtension><gpxtpx:hr>139</gpxtpx:hr></gpxtpx:TrackPointExtension></extensions></trkpt><trkpt lat="60.258258" lon="24.932642"><ele>12.6</ele><time>2026-01-10T08:42:55Z</time></trkpt><trkpt lat="60.258288" lon="24.932675"><ele>13.3</ele><time>2026-01-10T08:42:56Z</time></trkpt><trkpt lat="60.258322" lon="24.932707"><ele>14.1</ele><time>2026-01-10T08:42:57Z</time></trkpt><trkpt lat="60.258353" lon="24.93272"><ele>14.1</ele><time>2026-01-10T08:42:58Z</time><extensions><gpxtpx:TrackPointExtension><gpxtpx:hr>139</gpxtpx:hr></gpxtpx:TrackPointExtension></extensions></trkpt><trkpt lat="60.258377" lon="24.932762"><ele>15.4</ele><time>2026-01-10T08:42:59Z</time></trkpt><trkpt lat="60.258408" lon="24.932782"><ele>16.1</ele><time>2026-01-10T08:43:00Z</time></trkpt><trkpt lat="60.258443" lon="24.93282"><ele>16.8</ele><time>2026-01-10T08:43:01Z</time></trkpt><trkpt lat="60.258423" lon="24.93261"><ele>16.8</ele><time>2026-01-10T08:43:02Z</time></trkpt><trkpt lat="60.258568" lon="24.932973"><ele>21.4</ele><time>2026-01-10T08:43:05Z</time></trkpt><trkpt lat="60.2586" lon="24.933003"><ele>20.4</ele><time>2026-01-10T08:43:06Z</time><extensions><gpxtpx:TrackPointExtension><gpxtpx:hr>141</gpxtpx:hr></gpxtpx:TrackPointExtension></extensions></trkpt><trkpt lat="60.258628" lon="24.933027"><ele>18.7</ele><time>2026-01-10T08:43:07Z</time><extensions><gpxtpx:TrackPointExtension><gpxtpx:hr>141</gpxtpx:hr></gpxtpx:TrackPointExtension></extensions></trkpt><trkpt lat="60.25866" lon="24.933053"><ele>18.9</ele><time>2026-01-10T08:43:08Z</time></trkpt><trkpt lat="60.25869" lon="24.933075"><ele>18.4</ele><time>2026-01-10T08:43:09Z</time></trkpt><trkpt lat="60.258727" lon="24.93311"><ele>18.0</ele><time>2026-01-10T08:43:10Z</time></trkpt><trkpt lat="60.258763" lon="24.933145"><ele>18.6</ele><time>2026-01-10T08:43:12Z</time></trkpt><trkpt lat="60.258795" lon="24.933178"><ele>18.9</ele><time>2026-01-10T08:43:13Z</time></trkpt><trkpt lat="60.258827" lon="24.933208"><ele>18.1</ele><time>2026-01-10T08:43:14Z</time></trkpt><trkpt lat="60.258862" lon="24.933235"><ele>18.5</ele><time>2026-01-10T08:43:15Z</time></trkpt><trkpt lat="60.258893" lon="24.93326"><ele>18.6</ele><time>2026-01-10T08:43:16Z</time><extensions><gpxtpx:TrackPointExtension><gpxtpx:hr>140</gpxtpx:hr></gpxtpx:TrackPointExtension></extensions></trkpt><trkpt lat="60.258927" lon="24.933282"><ele>19.5</ele><time>2026-01-10T08:43:17Z</time></trkpt><trkpt lat="60.258957" lon="24.933307"><ele>19.8</ele><time>2026-01-10T08:43:18Z</time></trkpt><trkpt lat="60.25899" lon="24.933328"><ele>19.5</ele><time>2026-01-10T08:43:19Z</time><extensions><gpxtpx:TrackPointExtension><gpxtpx:hr>140</gpxtpx:hr></gpxtpx:TrackPointExtension></extensions></trkpt><trkpt lat="60.259025" lon="24.933365"><ele>18.9</ele><time>2026-01-10T08:43:20Z</time></trkpt><trkpt lat="60.25905" lon="24.933417"><ele>17.9</ele><time>2026-01-10T08:43:21Z</time></trkpt><trkpt lat="60.259052" lon="24.933467"><ele>16.1</ele><time>2026-01-10T08:43:22Z</time><extensions><gpxtpx:TrackPointExtension><gpxtpx:hr>141</gpxtpx:hr></gpxtpx:TrackPointExtension></extensions></trkpt><trkpt lat="60.259033" lon="24.933537"><ele>16.5</ele><time>2026-01-10T08:43:23Z</time></trkpt><trkpt lat="60.259002" lon="24.933598"><ele>16.5</ele><time>2026-01-10T08:43:24Z</time></trkpt><trkpt lat="60.258965" lon="24.9337"><ele>17.4</ele><time>2026-01-10T08:43:25Z</time></trkpt><trkpt lat="60.258937" lon="24.933785"><ele>17.1</ele><time>2026-01-10T08:43:26Z</time></trkpt><trkpt lat="60.258915" lon="24.933858"><ele>17.2</ele><time>2026-01-10T08:43:27Z</time></trkpt><trkpt lat="60.2589" lon="24.933942"><ele>17.1</ele><time>2026-01-10T08:43:28Z</time></trkpt><trkpt lat="60.258885" lon="24.934022"><ele>17.2</ele><time>2026-01-10T08:43:29Z</time></trkpt><trkpt lat="60.258872" lon="24.934117"><ele>17.3</ele><time>2026-01-10T08:43:30Z</time><extensions><gpxtpx:TrackPointExtension><gpxtpx:hr>142</gpxtpx:hr></gpxtpx:TrackPointExtension></extensions></trkpt><trkpt lat="60.258857" lon="24.934205"><ele>17.0</ele><time>2026-01-10T08:43:31Z</time></trkpt><trkpt lat="60.258842" lon="24.93428"><ele>16.6</ele><time>2026-01-10T08:43:32Z</time><extensions><gpxtpx:TrackPointExtension><gpxtpx:hr>142</gpxtpx:hr></gpxtpx:TrackPointExtension></extensions></trkpt><trkpt lat="60.258828" lon="24.934363"><ele>16.4</ele><time>2026-01-10T08:43:33Z</time></trkpt><trkpt lat="60.258817" lon="24.93444"><ele>16.0</ele><time>2026-01-10T08:43:33Z</time></trkpt><trkpt lat="60.258805" lon="24.934523"><ele>15.9</ele><time>2026-01-10T08:43:34Z</time></trkpt><trkpt lat="60.258793" lon="24.934602"><ele>16.2</ele><time>2026-01-10T08:43:35Z</time></trkpt><trkpt lat="60.258778" lon="24.934685"><ele>16.6</ele><time>2026-01-10T08:43:36Z</time></trkpt><trkpt lat="60.25877" lon="24.934787"><ele>15.2</ele><time>2026-01-10T08:43:37Z</time></trkpt><trkpt lat="60.258755" lon="24.934852"><ele>16.1</ele><time>2026-01-10T08:43:38Z</time></trkpt><trkpt lat="60.258752" lon="24.934928"><ele>14.8</ele><time>2026-01-10T08:43:39Z</time></trkpt><trkpt lat="60.258748" lon="24.935002"><ele>14.3</ele><time>2026-01-10T08:43:40Z</time><extensions><gpxtpx:TrackPointExtension><gpxtpx:hr>142</gpxtpx:hr></gpxtpx:TrackPointExtension></extensions></trkpt><trkpt lat="60.258748" lon="24.935088"><ele>15.7</ele><time>2026-01-10T08:43:41Z</time></trkpt><trkpt lat="60.258755" lon="24.935153"><ele>14.2</ele><time>2026-01-10T08:43:42Z</time></trkpt><trkpt lat="60.258767" lon="24.935252"><ele>15.6</ele><time>2026-01-10T08:43:43Z</time></trkpt><trkpt lat="60.258782" lon="24.935302"><ele>16.1</ele><time>2026-01-10T08:43:44Z</time></trkpt><trkpt lat="60.258803" lon="24.93537"><ele>15.3</ele><time>2026-01-10T08:43:45Z</time></trkpt><trkpt lat="60.25883" lon="24.935422"><ele>15.4</ele><time>2026-01-10T08:43:46Z</time><extensions><gpxtpx:TrackPointExtension><gpxtpx:hr>144</gpxtpx:hr></gpxtpx:TrackPointExtension></extensions></trkpt><trkpt lat="60.258857" lon="24.935473"><ele>15.2</ele><time>2026-01-10T08:43:47Z</time></trkpt><trkpt lat="60.258882" lon="24.935517"><ele>15.7</ele><time>2026-01-10T08:43:48Z</time></trkpt><trkpt lat="60.258903" lon="24.935558"><ele>15.0</ele><time>2026-01-10T08:43:49Z</time></trkpt><trkpt lat="60.258932" lon="24.935593"><ele>15.2</ele><time>2026-01-10T08:43:50Z</time><extensions><gpxtpx:TrackPointExtension><gpxtpx:hr>146</gpxtpx:hr></gpxtpx:TrackPointExtension></extensions></trkpt><trkpt lat="60.258965" lon="24.935638"><ele>16.1</ele><time>2026-01-10T08:43:51Z</time></trkpt><trkpt lat="60.25898" lon="24.935675"><ele>15.4</ele><time>2026-01-10T08:43:52Z</time></trkpt><trkpt lat="60.259015" lon="24.935725"><ele>15.1</ele><time>2026-01-10T08:43:53Z</time><extensions><gpxtpx:TrackPointExtension><gpxtpx:hr>146</gpxtpx:hr></gpxtpx:TrackPointExtension></extensions></trkpt><trkpt lat="60.259057" lon="24.935793"><ele>14.9</ele><time>2026-01-10T08:43:54Z</time></trkpt><trkpt lat="60.25909" lon="24.935815"><ele>14.9</ele><time>2026-01-10T08:43:55Z</time></trkpt><trkpt lat="60.25912" lon="24.935828"><ele>12.3</ele><time>2026-01-10T08:43:56Z</time></trkpt><trkpt lat="60.259145" lon="24.935902"><ele>11.6</ele><time>2026-01-10T08:43:57Z</time><extensions><gpxtpx:TrackPointExtension><gpxtpx:hr>145</gpxtpx:hr></gpxtpx:TrackPointExtension></extensions></trkpt><trkpt lat="60.259158" lon="24.935972"><ele>11.3</ele><time>2026-01-10T08:43:58Z</time></trkpt><trkpt lat="60.259185" lon="24.936042"><ele>12.0</ele><time>2026-01-10T08:43:59Z</time></trkpt><trkpt lat="60.2592" lon="24.93612"><ele>15.5</ele><time>2026-01-10T08:44:00Z</time></trkpt><trkpt lat="60.259223" lon="24.936192"><ele>14.5</ele><time>2026-01-10T08:44:01Z</time></trkpt><trkpt lat="60.259225" lon="24.936182"><ele>14.5</ele><time>2026-01-10T08:44:02Z</time></trkpt><trkpt lat="60.259308" lon="24.936443"><ele>14.5</ele><time>2026-01-10T08:44:05Z</time><extensions><gpxtpx:TrackPointExtension><gpxtpx:hr>147</gpxtpx:hr></gpxtpx:TrackPointExtension></extensions></trkpt><trkpt lat="60.259335" lon="24.936495"><ele>14.6</ele><time>2026-01-10T08:44:06Z</time></trkpt><trkpt lat="60.259363" lon="24.936542"><ele>15.3</ele><time>2026-01-10T08:44:07Z</time></trkpt><trkpt lat="60.259395" lon="24.936592"><ele>15.4</ele><time>2026-01-10T08:44:08Z</time></trkpt><trkpt lat="60.259427" lon="24.936638"><ele>15.0</ele><time>2026-01-10T08:44:09Z</time><extensions><gpxtpx:TrackPointExtension><gpxtpx:hr>147</gpxtpx:hr></gpxtpx:TrackPointExtension></extensions></trkpt><trkpt lat="60.259458" lon="24.936678"><ele>15.6</ele><time>2026-01-10T08:44:10Z</time></trkpt><trkpt lat="60.259488" lon="24.936718"><ele>16.6</ele><time>2026-01-10T08:44:12Z</time><extensions><gpxtpx:TrackPointExtension><gpxtpx:hr>147</gpxtpx:hr></gpxtpx:TrackPointExtension></extensions></trkpt><trkpt lat="60.259518" lon="24.936758"><ele>16.5</ele><time>2026-01-10T08:44:13Z</time></trkpt><trkpt lat="60.259547" lon="24.936802"><ele>16.0</ele><time>2026-01-10T08:44:14Z</time></trkpt><trkpt lat="60.259572" lon="24.936848"><ele>15.9</ele><time>2026-01-10T08:44:15Z</time></trkpt><trkpt lat="60.259593" lon="24.936903"><ele>15.5</ele><time>2026-01-10T08:44:16Z</time></trkpt><trkpt lat="60.259612" lon="24.936962"><ele>15.6</ele><time>2026-01-10T08:44:17Z</time></trkpt><trkpt lat="60.259628" lon="24.93702"><ele>15.9</ele><time>2026-01-10T08:44:18Z</time></trkpt><trkpt lat="60.259635" lon="24.937088"><ele>16.3</ele><time>2026-01-10T08:44:19Z</time><extensions><gpxtpx:TrackPointExtension><gpxtpx:hr>148</gpxtpx:hr></gpxtpx:TrackPointExtension></extensions></trkpt><trkpt lat="60.259637" lon="24.937162"><ele>16.6</ele><time>2026-01-10T08:44:20Z</time></trkpt><trkpt lat="60.259637" lon="24.937238"><ele>15.6</ele><time>2026-01-10T08:44:21Z</time></trkpt><trkpt lat="60.259638" lon="24.937313"><ele>15.3</ele><time>2026-01-10T08:44:22Z</time></trkpt><trkpt lat="60.259638" lon="24.93739"><ele>15.0</ele><time>2026-01-10T08:44:23Z</time><extensions><gpxtpx:TrackPointExtension><gpxtpx:hr>148</gpxtpx:hr></gpxtpx:TrackPointExtension></extensions></trkpt><trkpt lat="60.25964" lon="24.937475"><ele>14.8</ele><time>2026-01-10T08:44:24Z</time></trkpt><trkpt lat="60.259647" lon="24.937572"><ele>14.8</ele><time>2026-01-10T08:44:25Z</time></trkpt><trkpt lat="60.259648" lon="24.937663"><ele>15.1</ele><time>2026-01-10T08:44:26Z</time></trkpt><trkpt lat="60.259653" lon="24.937748"><ele>15.4</ele><time>2026-01-10T08:44:27Z</time><extensions><gpxtpx:TrackPointExtension><gpxtpx:hr>149</gpxtpx:hr></gpxtpx:TrackPointExtension></extensions></trkpt><trkpt lat="60.259655" lon="24.93783"><ele>15.2</ele><time>2026-01-10T08:44:28Z</time></trkpt><trkpt lat="60.259658" lon="24.937913"><ele>15.2</ele><time>2026-01-10T08:44:29Z</time></trkpt><trkpt lat="60.259662" lon="24.937995"><ele>15.3</ele><time>2026-01-10T08:44:30Z</time></trkpt><trkpt lat="60.259667" lon="24.938082"><ele>15.1</ele><time>2026-01-10T08:44:31Z</time></trkpt><trkpt lat="60.259672" lon="24.93816"><ele>14.8</ele><time>2026-01-10T08:44:32Z</time></trkpt><trkpt lat="60.259675" lon="24.938238"><ele>14.2</ele><time>2026-01-10T08:44:33Z</time></trkpt><trkpt lat="60.259677" lon="24.938325"><ele>14.6</ele><time>2026-01-10T08:44:34Z</time></trkpt><trkpt lat="60.25968" lon="24.938417"><ele>15.3</ele><time>2026-01-10T08:44:34Z</time></trkpt><trkpt lat="60.259683" lon="24.938507"><ele>15.9</ele><time>2026-01-10T08:44:35Z</time><extensions><gpxtpx:TrackPointExtension><gpxtpx:hr>150</gpxtpx:hr></gpxtpx:TrackPointExtension></extensions></trkpt><trkpt lat="60.259688" lon="24.938595"><ele>15.9</ele><time>2026-01-10T08:44:36Z</time></trkpt><trkpt lat="60.25968" lon="24.938655"><ele>17.9</ele><time>2026-01-10T08:44:37Z</time></trkpt><trkpt lat="60.259678" lon="24.938727"><ele>17.4</ele><time>2026-01-10T08:44:38Z</time><extensions><gpxtpx:TrackPointExtension><gpxtpx:hr>150</gpxtpx:hr></gpxtpx:TrackPointExtension></extensions></trkpt><trkpt lat="60.259683" lon="24.938803"><ele>17.0</ele><time>2026-01-10T08:44:39Z</time></trkpt><trkpt lat="60.259688" lon="24.938885"><ele>17.4</ele><time>2026-01-10T08:44:40Z</time></trkpt><trkpt lat="60.259685" lon="24.938973"><ele>16.9</ele><time>2026-01-10T08:44:41Z</time></trkpt><trkpt lat="60.2597" lon="24.93905"><ele>14.8</ele><time>2026-01-10T08:44:42Z</time></trkpt><trkpt lat="60.2597" lon="24.939157"><ele>16.6</ele><time>2026-01-10T08:44:43Z</time></trkpt><trkpt lat="60.2597" lon="24.939222"><ele>15.7</ele><time>2026-01-10T08:44:44Z</time></trkpt><trkpt lat="60.259708" lon="24.9393"><ele>14.6</ele><time>2026-01-10T08:44:45Z</time><extensions><gpxtpx:TrackPointExtension><gpxtpx:hr>152</gpxtpx:hr></gpxtpx:TrackPointExtension></extensions></trkpt><trkpt lat="60.25973" lon="24.939377"><ele>16.4</ele><time>2026-01-10T08:44:46Z</time></trkpt><trkpt lat="60.259752" lon="24.939437"><ele>16.5</ele><time>2026-01-10T08:44:47Z</time></trkpt><trkpt lat="60.259763" lon="24.939502"><ele>15.0</ele><time>2026-01-10T08:44:48Z</time></trkpt><trkpt lat="60.25979" lon="24.939557"><ele>14.6</ele><time>2026-01-10T08:44:49Z</time></trkpt><trkpt lat="60.259815" lon="24.939638"><ele>15.2</ele><time>2026-01-10T08:44:50Z</time><extensions><gpxtpx:TrackPointExtension><gpxtpx:hr>153</gpxtpx:hr></gpxtpx:TrackPointExtension></extensions></trkpt><trkpt lat="60.259842" lon="24.939678"><ele>14.2</ele><time>2026-01-10T08:44:51Z</time></trkpt><trkpt lat="60.259878" lon="24.939728"><ele>15.2</ele><time>2026-01-10T08:44:52Z</time></trkpt><trkpt lat="60.259905" lon="24.939763"><ele>15.6</ele><time>2026-01-10T08:44:53Z</time><extensions><gpxtpx:TrackPointExtension><gpxtpx:hr>153</gpxtpx:hr></gpxtpx:TrackPointExtension></extensions></trkpt><trkpt lat="60.259937" lon="24.939792"><ele>14.7</ele><time>2026-01-10T08:44:54Z</time></trkpt><trkpt lat="60.259963" lon="24.939823"><ele>14.4</ele><time>2026-01-10T08:44:55Z</time></trkpt><trkpt lat="60.25999" lon="24.93985"><ele>15.7</ele><time>2026-01-10T08:44:56Z</time></trkpt><trkpt lat="60.260025" lon="24.939877"><ele>14.1</ele><time>2026-01-10T08:44:57Z</time></trkpt><trkpt lat="60.260062" lon="24.939902"><ele>13.0</ele><time>2026-01-10T08:44:58Z</time><extensions><gpxtpx:TrackPointExtension><gpxtpx:hr>153</gpxtpx:hr></gpxtpx:TrackPointExtension></extensions></trkpt><trkpt lat="60.260103" lon="24.93994"><ele>15.1</ele><time>2026-01-10T08:44:59Z</time></trkpt><trkpt lat="60.26013" lon="24.939952"><ele>13.9</ele><time>2026-01-10T08:45:00Z</time></trkpt><trkpt lat="60.260167" lon="24.939958"><ele>14.6</ele><time>2026-01-10T08:45:01Z</time></trkpt><trkpt lat="60.260252" lon="24.940005"><ele>16.0</ele><time>2026-01-10T08:45:05Z</time><extensions><gpxtpx:TrackPointExtension><gpxtpx:hr>152</gpxtpx:hr></gpxtpx:TrackPointExtension></extensions></trkpt><trkpt lat="60.260275" lon="24.940007"><ele>14.2</ele><time>2026-01-10T08:45:06Z</time></trkpt><trkpt lat="60.260295" lon="24.94"><ele>14.9</ele><time>2026-01-10T08:45:07Z</time></trkpt><trkpt lat="60.260307" lon="24.939982"><ele>16.2</ele><time>2026-01-10T08:45:08Z</time></trkpt><trkpt lat="60.260305" lon="24.939955"><ele>14.3</ele><time>2026-01-10T08:45:09Z</time><extensions><gpxtpx:TrackPointExtension><gpxtpx:hr>152</gpxtpx:hr></gpxtpx:TrackPointExtension></extensions></trkpt><trkpt lat="60.26029" lon="24.939932"><ele>13.9</ele><time>2026-01-10T08:45:10Z</time></trkpt><trkpt lat="60.260262" lon="24.939922"><ele>14.2</ele><time>2026-01-10T08:45:11Z</time></trkpt><trkpt lat="60.260228" lon="24.93992"><ele>13.5</ele><time>2026-01-10T08:45:12Z</time></trkpt><trkpt lat="60.260192" lon="24.939915"><ele>12.4</ele><time>2026-01-10T08:45:13Z</time><extensions><gpxtpx:TrackPointExtension><gpxtpx:hr>151</gpxtpx:hr></gpxtpx:TrackPointExtension></extensions></trkpt><trkpt lat="60.260153" lon="24.939912"><ele>12.9</ele><time>2026-01-10T08:45:14Z</time></trkpt><trkpt lat="60.260115" lon="24.939902"><ele>12.4</ele><time>2026-01-10T08:45:15Z</time></trkpt><trkpt lat="60.26008" lon="24.93989"><ele>12.7</ele><time>2026-01-10T08:45:16Z</time></trkpt><trkpt lat="60.260045" lon="24.939878"><ele>13.0</ele><time>2026-01-10T08:45:17Z</time><extensions><gpxtpx:TrackPointExtension><gpxtpx:hr>151</gpxtpx:hr></gpxtpx:TrackPointExtension></extensions></trkpt><trkpt lat="60.260003" lon="24.939832"><ele>13.7</ele><time>2026-01-10T08:45:18Z</time></trkpt><trkpt lat="60.259977" lon="24.939795"><ele>13.6</ele><time>2026-01-10T08:45:19Z</time></trkpt><trkpt lat="60.259942" lon="24.939778"><ele>13.4</ele><time>2026-01-10T08:45:20Z</time></trkpt><trkpt lat="60.259917" lon="24.939733"><ele>13.7</ele><time>2026-01-10T08:45:21Z</time></trkpt><trkpt lat="60.259895" lon="24.939697"><ele>13.6</ele><time>2026-01-10T08:45:22Z</time></trkpt><trkpt lat="60.259867" lon="24.939645"><ele>14.1</ele><time>2026-01-10T08:45:23Z</time></trkpt><trkpt lat="60.259832" lon="24.939613"><ele>13.8</ele><time>2026-01-10T08:45:24Z</time></trkpt><trkpt lat="60.259793" lon="24.939535"><ele>14.5</ele><time>2026-01-10T08:45:25Z</time></trkpt><trkpt lat="60.259758" lon="24.939478"><ele>14.9</ele><time>2026-01-10T08:45:26Z</time><extensions><gpxtpx:TrackPointExtension><gpxtpx:hr>151</gpxtpx:hr></gpxtpx:TrackPointExtension></extensions></trkpt><trkpt lat="60.25975" lon="24.939392"><ele>15.5</ele><time>2026-01-10T08:45:27Z</time><extensions><gpxtpx:TrackPointExtension><gpxtpx:hr>152</gpxtpx:hr></gpxtpx:TrackPointExtension></extensions></trkpt><trkpt lat="60.259733" lon="24.939318"><ele>15.8</ele><time>2026-01-10T08:45:28Z</time></trkpt><trkpt lat="60.259732" lon="24.939253"><ele>15.5</ele><time>2026-01-10T08:45:29Z</time></trkpt><trkpt lat="60.259735" lon="24.939202"><ele>15.6</ele><time>2026-01-10T08:45:30Z</time></trkpt><trkpt lat="60.259707" lon="24.939172"><ele>15.9</ele><time>2026-01-10T08:45:31Z</time></trkpt><trkpt lat="60.259717" lon="24.939063"><ele>16.0</ele><time>2026-01-10T08:45:32Z</time></trkpt><trkpt lat="60.259707" lon="24.938967"><ele>16.3</ele><time>2026-01-10T08:45:33Z</time></trkpt><trkpt lat="60.259712" lon="24.938895"><ele>15.6</ele><time>2026-01-10T08:45:34Z</time></trkpt><trkpt lat="60.259703" lon="24.93884"><ele>16.5</ele><time>2026-01-10T08:45:35Z</time></trkpt><trkpt lat="60.259693" lon="24.93876"><ele>16.8</ele><time>2026-01-10T08:45:36Z</time><extensions><gpxtpx:TrackPointExtension><gpxtpx:hr>151</gpxtpx:hr></gpxtpx:TrackPointExtension></extensions></trkpt><trkpt lat="60.259687" lon="24.938683"><ele>17.1</ele><time>2026-01-10T08:45:37Z</time></trkpt><trkpt lat="60.259688" lon="24.938607"><ele>17.5</ele><time>2026-01-10T08:45:38Z</time></trkpt><trkpt lat="60.259685" lon="24.938538"><ele>16.7</ele><time>2026-01-10T08:45:39Z</time></trkpt><trkpt lat="60.25968" lon="24.93845"><ele>16.1</ele><time>2026-01-10T08:45:40Z</time><extensions><gpxtpx:TrackPointExtension><gpxtpx:hr>151</gpxtpx:hr></gpxtpx:TrackPointExtension></extensions></trkpt><trkpt lat="60.259687" lon="24.938382"><ele>16.2</ele><time>2026-01-10T08:45:41Z</time></trkpt><trkpt lat="60.259683" lon="24.938287"><ele>15.3</ele><time>2026-01-10T08:45:42Z</time></trkpt><trkpt lat="60.25968" lon="24.9382"><ele>14.8</ele><time>2026-01-10T08:45:43Z</time></trkpt><trkpt lat="60.259663" lon="24.938122"><ele>14.6</ele><time>2026-01-10T08:45:44Z</time></trkpt><trkpt lat="60.259667" lon="24.938033"><ele>15.1</ele><time>2026-01-10T08:45:45Z</time><extensions><gpxtpx:TrackPointExtension><gpxtpx:hr>150</gpxtpx:hr></gpxtpx:TrackPointExtension></extensions></trkpt><trkpt lat="60.25967" lon="24.937945"><ele>14.7</ele><time>2026-01-10T08:45:46Z</time></trkpt><trkpt lat="60.259667" lon="24.937872"><ele>14.4</ele><time>2026-01-10T08:45:47Z</time></trkpt><trkpt lat="60.259668" lon="24.937783"><ele>14.2</ele><time>2026-01-10T08:45:48Z</time></trkpt><trkpt lat="60.259663" lon="24.937668"><ele>14.2</ele><time>2026-01-10T08:45:49Z</time></trkpt><trkpt lat="60.259657" lon="24.937605"><ele>14.6</ele><time>2026-01-10T08:45:50Z</time><extensions><gpxtpx:TrackPointExtension><gpxtpx:hr>151</gpxtpx:hr></gpxtpx:TrackPointExtension></extensions></trkpt><trkpt lat="60.259645" lon="24.937527"><ele>14.2</ele><time>2026-01-10T08:45:51Z</time></trkpt><trkpt lat="60.259645" lon="24.937447"><ele>14.1</ele><time>2026-01-10T08:45:52Z</time><extensions><gpxtpx:TrackPointExtension><gpxtpx:hr>151</gpxtpx:hr></gpxtpx:TrackPointExtension></extensions></trkpt><trkpt lat="60.259637" lon="24.937355"><ele>13.8</ele><time>2026-01-10T08:45:53Z</time></trkpt><trkpt lat="60.259635" lon="24.937283"><ele>13.0</ele><time>2026-01-10T08:45:54Z</time></trkpt><trkpt lat="60.259637" lon="24.937198"><ele>13.5</ele><time>2026-01-10T08:45:55Z</time></trkpt><trkpt lat="60.259628" lon="24.937117"><ele>13.3</ele><time>2026-01-10T08:45:56Z</time></trkpt><trkpt lat="60.259628" lon="24.937055"><ele>12.8</ele><time>2026-01-10T08:45:57Z</time></trkpt><trkpt lat="60.25962" lon="24.936978"><ele>13.1</ele><time>2026-01-10T08:45:58Z</time></trkpt><trkpt lat="60.259607" lon="24.936915"><ele>12.0</ele><time>2026-01-10T08:45:59Z</time></trkpt><trkpt lat="60.259605" lon="24.936848"><ele>13.3</ele><time>2026-01-10T08:46:00Z</time><extensions><gpxtpx:TrackPointExtension><gpxtpx:hr>153</gpxtpx:hr></gpxtpx:TrackPointExtension></extensions></trkpt><trkpt lat="60.259573" lon="24.936792"><ele>13.5</ele><time>2026-01-10T08:46:01Z</time></trkpt><trkpt lat="60.259547" lon="24.936735"><ele>15.9</ele><time>2026-01-10T08:46:02Z</time></trkpt><trkpt lat="60.259525" lon="24.936672"><ele>15.8</ele><time>2026-01-10T08:46:03Z</time></trkpt><trkpt lat="60.259493" lon="24.936632"><ele>14.8</ele><time>2026-01-10T08:46:04Z</time><extensions><gpxtpx:TrackPointExtension><gpxtpx:hr>153</gpxtpx:hr></gpxtpx:TrackPointExtension></extensions></trkpt><trkpt lat="60.259458" lon="24.93659"><ele>15.8</ele><time>2026-01-10T08:46:05Z</time></trkpt><trkpt lat="60.25943" lon="24.936558"><ele>16.0</ele><time>2026-01-10T08:46:06Z</time></trkpt><trkpt lat="60.259405" lon="24.936525"><ele>15.9</ele><time>2026-01-10T08:46:07Z</time></trkpt><trkpt lat="60.259375" lon="24.936488"><ele>14.9</ele><time>2026-01-10T08:46:08Z</time></trkpt><trkpt lat="60.259343" lon="24.936452"><ele>14.9</ele><time>2026-01-10T08:46:09Z</time></trkpt><trkpt lat="60.25932" lon="24.936402"><ele>15.5</ele><time>2026-01-10T08:46:10Z</time><extensions><gpxtpx:TrackPointExtension><gpxtpx:hr>153</gpxtpx:hr></gpxtpx:TrackPointExtension></extensions></trkpt><trkpt lat="60.259283" lon="24.936347"><ele>14.7</ele><time>2026-01-10T08:46:11Z</time></trkpt><trkpt lat="60.259247" lon="24.936278"><ele>14.8</ele><time>2026-01-10T08:46:12Z</time></trkpt><trkpt lat="60.259222" lon="24.93622"><ele>14.1</ele><time>2026-01-10T08:46:13Z</time></trkpt><trkpt lat="60.259187" lon="24.936152"><ele>14.4</ele><time>2026-01-10T08:46:14Z</time></trkpt><trkpt lat="60.259173" lon="24.93608"><ele>14.8</ele><time>2026-01-10T08:46:15Z</time><extensions><gpxtpx:TrackPointExtension><gpxtpx:hr>152</gpxtpx:hr></gpxtpx:TrackPointExtension></extensions></trkpt><trkpt lat="60.259157" lon="24.936012"><ele>14.5</ele><time>2026-01-10T08:46:16Z</time></trkpt><trkpt lat="60.259137" lon="24.935942"><ele>15.1</ele><time>2026-01-10T08:46:17Z</time></trkpt><trkpt lat="60.259107" lon="24.935892"><ele>14.6</ele><time>2026-01-10T08:46:18Z</time></trkpt><trkpt lat="60.25909" lon="24.935832"><ele>14.0</ele><time>2026-01-10T08:46:19Z</time><extensions><gpxtpx:TrackPointExtension><gpxtpx:hr>152</gpxtpx:hr></gpxtpx:TrackPointExtension></extensions></trkpt><trkpt lat="60.25906" lon="24.93579"><ele>13.7</ele><time>2026-01-10T08:46:20Z</time></trkpt><trkpt lat="60.25903" lon="24.935742"><ele>14.9</ele><time>2026-01-10T08:46:21Z</time></trkpt><trkpt lat="60.259005" lon="24.935693"><ele>13.9</ele><time>2026-01-10T08:46:22Z</time></trkpt><trkpt lat="60.258973" lon="24.935645"><ele>13.8</ele><time>2026-01-10T08:46:23Z</time></trkpt><trkpt lat="60.258943" lon="24.93559"><ele>14.6</ele><time>2026-01-10T08:46:24Z</time></trkpt><trkpt lat="60.258917" lon="24.935553"><ele>13.8</ele><time>2026-01-10T08:46:25Z</time><extensions><gpxtpx:TrackPointExtension><gpxtpx:hr>151</gpxtpx:hr></gpxtpx:TrackPointExtension></extensions></trkpt><trkpt lat="60.258887" lon="24.935497"><ele>13.8</ele><time>2026-01-10T08:46:26Z</time></trkpt><trkpt lat="60.258857" lon="24.935448"><ele>12.5</ele><time>2026-01-10T08:46:27Z</time></trkpt><trkpt lat="60.258827" lon="24.935388"><ele>13.1</ele><time>2026-01-10T08:46:28Z</time></trkpt><trkpt lat="60.258795" lon="24.93533"><ele>14.0</ele><time>2026-01-10T08:46:29Z</time></trkpt><trkpt lat="60.258768" lon="24.935258"><ele>14.0</ele><time>2026-01-10T08:46:30Z</time><extensions><gpxtpx:TrackPointExtension><gpxtpx:hr>152</gpxtpx:hr></gpxtpx:TrackPointExtension></extensions></trkpt><trkpt lat="60.258753" lon="24.935185"><ele>12.4</ele><time>2026-01-10T08:46:31Z</time></trkpt><trkpt lat="60.258722" lon="24.935153"><ele>12.5</ele><time>2026-01-10T08:46:35Z</time><extensions><gpxtpx:TrackPointExtension><gpxtpx:hr>152</gpxtpx:hr></gpxtpx:TrackPointExtension></extensions></trkpt><trkpt lat="60.258693" lon="24.934853"><ele>12.0</ele><time>2026-01-10T08:46:36Z</time></trkpt><trkpt lat="60.25871" lon="24.934792"><ele>12.0</ele><time>2026-01-10T08:46:36Z</time></trkpt><trkpt lat="60.258732" lon="24.934715"><ele>10.5</ele><time>2026-01-10T08:46:37Z</time></trkpt><trkpt lat="60.258755" lon="24.934638"><ele>10.7</ele><time>2026-01-10T08:46:38Z</time></trkpt><trkpt lat="60.258777" lon="24.934555"><ele>10.9</ele><time>2026-01-10T08:46:39Z</time></trkpt><trkpt lat="60.258797" lon="24.934472"><ele>12.0</ele><time>2026-01-10T08:46:40Z</time></trkpt><trkpt lat="60.258815" lon="24.934385"><ele>12.3</ele><time>2026-01-10T08:46:41Z</time><extensions><gpxtpx:TrackPointExtension><gpxtpx:hr>152</gpxtpx:hr></gpxtpx:TrackPointExtension></extensions></trkpt><trkpt lat="60.25883" lon="24.9343"><ele>11.7</ele><time>2026-01-10T08:46:42Z</time></trkpt><trkpt lat="60.258845" lon="24.934218"><ele>11.8</ele><time>2026-01-10T08:46:43Z</time></trkpt><trkpt lat="60.258862" lon="24.934138"><ele>12.2</ele><time>2026-01-10T08:46:44Z</time><extensions><gpxtpx:TrackPointExtension><gpxtpx:hr>153</gpxtpx:hr></gpxtpx:TrackPointExtension></extensions></trkpt><trkpt lat="60.258877" lon="24.934057"><ele>12.8</ele><time>2026-01-10T08:46:45Z</time></trkpt><trkpt lat="60.258892" lon="24.933973"><ele>13.9</ele><time>2026-01-10T08:46:46Z</time></trkpt><trkpt lat="60.258907" lon="24.933888"><ele>13.8</ele><time>2026-01-10T08:46:47Z</time><extensions><gpxtpx:TrackPointExtension><gpxtpx:hr>151</gpxtpx:hr></gpxtpx:TrackPointExtension></extensions></trkpt><trkpt lat="60.25892" lon="24.933805"><ele>14.2</ele><time>2026-01-10T08:46:48Z</time></trkpt><trkpt lat="60.258935" lon="24.933742"><ele>15.3</ele><time>2026-01-10T08:46:49Z</time></trkpt><trkpt lat="60.25895" lon="24.933673"><ele>15.7</ele><time>2026-01-10T08:46:50Z</time></trkpt><trkpt lat="60.258967" lon="24.93361"><ele>14.8</ele><time>2026-01-10T08:46:51Z</time></trkpt><trkpt lat="60.25898" lon="24.933553"><ele>14.9</ele><time>2026-01-10T08:46:52Z</time></trkpt><trkpt lat="60.258997" lon="24.933485"><ele>15.3</ele><time>2026-01-10T08:46:53Z</time></trkpt><trkpt lat="60.25901" lon="24.93342"><ele>16.0</ele><time>2026-01-10T08:46:54Z</time><extensions><gpxtpx:TrackPointExtension><gpxtpx:hr>152</gpxtpx:hr></gpxtpx:TrackPointExtension></extensions></trkpt><trkpt lat="60.259017" lon="24.933382"><ele>15.3</ele><time>2026-01-10T08:46:55Z</time></trkpt><trkpt lat="60.259015" lon="24.933347"><ele>15.6</ele><time>2026-01-10T08:46:56Z</time></trkpt><trkpt lat="60.25901" lon="24.9333"><ele>15.9</ele><time>2026-01-10T08:46:57Z</time></trkpt><trkpt lat="60.258993" lon="24.933278"><ele>15.4</ele><time>2026-01-10T08:46:58Z</time></trkpt><trkpt lat="60.258958" lon="24.933238"><ele>15.3</ele><time>2026-01-10T08:46:59Z</time></trkpt><trkpt lat="60.258925" lon="24.93322"><ele>15.8</ele><time>2026-01-10T08:47:00Z</time></trkpt><trkpt lat="60.258888" lon="24.9332"><ele>16.0</ele><time>2026-01-10T08:47:01Z</time><extensions><gpxtpx:TrackPointExtension><gpxtpx:hr>153</gpxtpx:hr></gpxtpx:TrackPointExtension></extensions></trkpt><trkpt lat="60.258852" lon="24.933172"><ele>17.0</ele><time>2026-01-10T08:47:02Z</time></trkpt><trkpt lat="60.258808" lon="24.933138"><ele>17.1</ele><time>2026-01-10T08:47:03Z</time></trkpt><trkpt lat="60.258772" lon="24.93311"><ele>16.9</ele><time>2026-01-10T08:47:04Z</time><extensions><gpxtpx:TrackPointExtension><gpxtpx:hr>152</gpxtpx:hr></gpxtpx:TrackPointExtension></extensions></trkpt><trkpt lat="60.258737" lon="24.933087"><ele>17.0</ele><time>2026-01-10T08:47:05Z</time></trkpt><trkpt lat="60.258695" lon="24.93306"><ele>16.7</ele><time>2026-01-10T08:47:06Z</time></trkpt><trkpt lat="60.258648" lon="24.93302"><ele>16.7</ele><time>2026-01-10T08:47:07Z</time><extensions><gpxtpx:TrackPointExtension><gpxtpx:hr>151</gpxtpx:hr></gpxtpx:TrackPointExtension></extensions></trkpt><trkpt lat="60.258605" lon="24.933013"><ele>17.9</ele><time>2026-01-10T08:47:08Z</time></trkpt><trkpt lat="60.258575" lon="24.932983"><ele>17.0</ele><time>2026-01-10T08:47:09Z</time></trkpt><trkpt lat="60.25853" lon="24.932942"><ele>16.9</ele><time>2026-01-10T08:47:10Z</time></trkpt><trkpt lat="60.258493" lon="24.932898"><ele>17.5</ele><time>2026-01-10T08:47:11Z</time></trkpt><trkpt lat="60.258462" lon="24.932853"><ele>16.6</ele><time>2026-01-10T08:47:12Z</time><extensions><gpxtpx:TrackPointExtension><gpxtpx:hr>151</gpxtpx:hr></gpxtpx:TrackPointExtension></extensions></trkpt><trkpt lat="60.258428" lon="24.932798"><ele>17.7</ele><time>2026-01-10T08:47:13Z</time></trkpt><trkpt lat="60.258392" lon="24.932757"><ele>18.5</ele><time>2026-01-10T08:47:14Z</time></trkpt><trkpt lat="60.25834" lon="24.932717"><ele>19.5</ele><time>2026-01-10T08:47:15Z</time></trkpt><trkpt lat="60.25829" lon="24.932672"><ele>19.9</ele><time>2026-01-10T08:47:16Z</time></trkpt><trkpt lat="60.258243" lon="24.932618"><ele>18.7</ele><time>2026-01-10T08:47:17Z</time></trkpt><trkpt lat="60.258203" lon="24.932575"><ele>19.4</ele><time>2026-01-10T08:47:18Z</time></trkpt><trkpt lat="60.258178" lon="24.932513"><ele>19.1</ele><time>2026-01-10T08:47:19Z</time></trkpt><trkpt lat="60.258157" lon="24.932452"><ele>19.0</ele><time>2026-01-10T08:47:20Z</time><extensions><gpxtpx:TrackPointExtension><gpxtpx:hr>151</gpxtpx:hr></gpxtpx:TrackPointExtension></extensions></trkpt><trkpt lat="60.258118" lon="24.932335"><ele>18.9</ele><time>2026-01-10T08:47:21Z</time></trkpt><trkpt lat="60.258062" lon="24.932323"><ele>18.6</ele><time>2026-01-10T08:47:22Z</time></trkpt><trkpt lat="60.258032" lon="24.932275"><ele>18.6</ele><time>2026-01-10T08:47:23Z</time></trkpt><trkpt lat="60.258" lon="24.93224"><ele>18.8</ele><time>2026-01-10T08:47:24Z</time></trkpt><trkpt lat="60.257967" lon="24.932197"><ele>20.2</ele><time>2026-01-10T08:47:25Z</time></trkpt><trkpt lat="60.257947" lon="24.93214"><ele>20.6</ele><time>2026-01-10T08:47:26Z</time><extensions><gpxtpx:TrackPointExtension><gpxtpx:hr>152</gpxtpx:hr></gpxtpx:TrackPointExtension></extensions></trkpt><trkpt lat="60.25792" lon="24.932092"><ele>18.2</ele><time>2026-01-10T08:47:27Z</time><extensions><gpxtpx:TrackPointExtension><gpxtpx:hr>152</gpxtpx:hr></gpxtpx:TrackPointExtension></extensions></trkpt><trkpt lat="60.257878" lon="24.932042"><ele>19.9</ele><time>2026-01-10T08:47:28Z</time></trkpt><trkpt lat="60.257857" lon="24.931992"><ele>19.2</ele><time>2026-01-10T08:47:29Z</time></trkpt><trkpt lat="60.257818" lon="24.931947"><ele>18.7</ele><time>2026-01-10T08:47:30Z</time></trkpt><trkpt lat="60.257798" lon="24.931897"><ele>18.2</ele><time>2026-01-10T08:47:31Z</time></trkpt><trkpt lat="60.257773" lon="24.931843"><ele>18.4</ele><time>2026-01-10T08:47:32Z</time></trkpt><trkpt lat="60.25775" lon="24.931792"><ele>18.9</ele><time>2026-01-10T08:47:33Z</time></trkpt><trkpt lat="60.257725" lon="24.931747"><ele>17.5</ele><time>2026-01-10T08:47:34Z</time></trkpt><trkpt lat="60.257702" lon="24.93169"><ele>19.1</ele><time>2026-01-10T08:47:35Z</time></trkpt><trkpt lat="60.25768" lon="24.931647"><ele>18.5</ele><time>2026-01-10T08:47:36Z</time><extensions><gpxtpx:TrackPointExtension><gpxtpx:hr>152</gpxtpx:hr></gpxtpx:TrackPointExtension></extensions></trkpt><trkpt lat="60.257662" lon="24.931577"><ele>18.2</ele><time>2026-01-10T08:47:37Z</time><extensions><gpxtpx:TrackPointExtension><gpxtpx:hr>154</gpxtpx:hr></gpxtpx:TrackPointExtension></extensions></trkpt><trkpt lat="60.257643" lon="24.931518"><ele>19.1</ele><time>2026-01-10T08:47:38Z</time></trkpt><trkpt lat="60.25763" lon="24.931473"><ele>18.6</ele><time>2026-01-10T08:47:39Z</time></trkpt><trkpt lat="60.257612" lon="24.931408"><ele>19.4</ele><time>2026-01-10T08:47:40Z</time></trkpt><trkpt lat="60.257598" lon="24.931352"><ele>18.3</ele><time>2026-01-10T08:47:41Z</time></trkpt><trkpt lat="60.257577" lon="24.931275"><ele>18.6</ele><time>2026-01-10T08:47:42Z</time></trkpt><trkpt lat="60.257563" lon="24.931217"><ele>18.0</ele><time>2026-01-10T08:47:43Z</time></trkpt><trkpt lat="60.257545" lon="24.931132"><ele>17.8</ele><time>2026-01-10T08:47:44Z</time></trkpt><trkpt lat="60.25752" lon="24.931067"><ele>17.7</ele><time>2026-01-10T08:47:45Z</time></trkpt><trkpt lat="60.257497" lon="24.931005"><ele>16.4</ele><time>2026-01-10T08:47:46Z</time><extensions><gpxtpx:TrackPointExtension><gpxtpx:hr>155</gpxtpx:hr></gpxtpx:TrackPointExtension></extensions></trkpt><trkpt lat="60.257472" lon="24.930925"><ele>16.8</ele><time>2026-01-10T08:47:47Z</time></trkpt><trkpt lat="60.257443" lon="24.930857"><ele>16.1</ele><time>2026-01-10T08:47:48Z</time></trkpt><trkpt lat="60.257427" lon="24.930792"><ele>16.6</ele><time>2026-01-10T08:47:49Z</time></trkpt><trkpt lat="60.2574" lon="24.930717"><ele>16.7</ele><time>2026-01-10T08:47:50Z</time></trkpt><trkpt lat="60.257373" lon="24.930637"><ele>16.5</ele><time>2026-01-10T08:47:51Z</time><extensions><gpxtpx:TrackPointExtension><gpxtpx:hr>157</gpxtpx:hr></gpxtpx:TrackPointExtension></extensions></trkpt><trkpt lat="60.257342" lon="24.930567"><ele>15.2</ele><time>2026-01-10T08:47:52Z</time></trkpt><trkpt lat="60.257312" lon="24.93052"><ele>14.8</ele><time>2026-01-10T08:47:53Z</time></trkpt><trkpt lat="60.257293" lon="24.930455"><ele>15.2</ele><time>2026-01-10T08:47:54Z</time></trkpt><trkpt lat="60.257277" lon="24.930395"><ele>14.9</ele><time>2026-01-10T08:47:55Z</time><extensions><gpxtpx:TrackPointExtension><gpxtpx:hr>156</gpxtpx:hr></gpxtpx:TrackPointExtension></extensions></trkpt><trkpt lat="60.257255" lon="24.930327"><ele>15.2</ele><time>2026-01-10T08:47:56Z</time></trkpt><trkpt lat="60.257233" lon="24.93027"><ele>12.5</ele><time>2026-01-10T08:47:57Z</time></trkpt><trkpt lat="60.257213" lon="24.93022"><ele>12.2</ele><time>2026-01-10T08:47:58Z</time></trkpt><trkpt lat="60.257195" lon="24.930162"><ele>12.3</ele><time>2026-01-10T08:47:59Z</time></trkpt><trkpt lat="60.257178" lon="24.930078"><ele>11.0</ele><time>2026-01-10T08:48:00Z</time><extensions><gpxtpx:TrackPointExtension><gpxtpx:hr>154</gpxtpx:hr></gpxtpx:TrackPointExtension></extensions></trkpt><trkpt lat="60.25716" lon="24.930013"><ele>13.1</ele><time>2026-01-10T08:48:01Z</time></trkpt><trkpt lat="60.257223" lon="24.930068"><ele>13.1</ele><time>2026-01-10T08:48:02Z</time></trkpt><trkpt lat="60.257067" lon="24.929747"><ele>16.5</ele><time>2026-01-10T08:48:05Z</time><extensions><gpxtpx:TrackPointExtension><gpxtpx:hr>154</gpxtpx:hr></gpxtpx:TrackPointExtension></extensions></trkpt><trkpt lat="60.25705" lon="24.929668"><ele>17.1</ele><time>2026-01-10T08:48:06Z</time></trkpt><trkpt lat="60.257033" lon="24.929592"><ele>17.6</ele><time>2026-01-10T08:48:07Z</time></trkpt><trkpt lat="60.25702" lon="24.929517"><ele>16.3</ele><time>2026-01-10T08:48:08Z</time><extensions><gpxtpx:TrackPointExtension><gpxtpx:hr>153</gpxtpx:hr></gpxtpx:TrackPointExtension></extensions></trkpt><trkpt lat="60.257005" lon="24.929442"><ele>16.3</ele><time>2026-01-10T08:48:09Z</time></trkpt><trkpt lat="60.256995" lon="24.929377"><ele>15.7</ele><time>2026-01-10T08:48:10Z</time></trkpt><trkpt lat="60.256982" lon="24.929315"><ele>16.1</ele><time>2026-01-10T08:48:11Z</time></trkpt><trkpt lat="60.256968" lon="24.929252"><ele>16.1</ele><time>2026-01-10T08:48:12Z</time></trkpt><trkpt lat="60.256952" lon="24.929192"><ele>16.4</ele><time>2026-01-10T08:48:13Z</time><extensions><gpxtpx:TrackPointExtension><gpxtpx:hr>153</gpxtpx:hr></gpxtpx:TrackPointExtension></extensions></trkpt><trkpt lat="60.256927" lon="24.929133"><ele>16.3</ele><time>2026-01-10T08:48:14Z</time></trkpt><trkpt lat="60.256898" lon="24.929085"><ele>16.7</ele><time>2026-01-10T08:48:15Z</time></trkpt><trkpt lat="60.256868" lon="24.929045"><ele>17.5</ele><time>2026-01-10T08:48:16Z</time></trkpt><trkpt lat="60.256838" lon="24.929003"><ele>17.8</ele><time>2026-01-10T08:48:17Z</time><extensions><gpxtpx:TrackPointExtension><gpxtpx:hr>153</gpxtpx:hr></gpxtpx:TrackPointExtension></extensions></trkpt><trkpt lat="60.256805" lon="24.928973"><ele>17.5</ele><time>2026-01-10T08:48:18Z</time></trkpt><trkpt lat="60.256773" lon="24.928937"><ele>17.2</ele><time>2026-01-10T08:48:19Z</time></trkpt><trkpt lat="60.256743" lon="24.928892"><ele>17.2</ele><time>2026-01-10T08:48:20Z</time></trkpt><trkpt lat="60.256717" lon="24.928837"><ele>16.9</ele><time>2026-01-10T08:48:21Z</time></trkpt><trkpt lat="60.256692" lon="24.928773"><ele>16.3</ele><time>2026-01-10T08:48:22Z</time></trkpt><trkpt lat="60.256668" lon="24.928712"><ele>15.7</ele><time>2026-01-10T08:48:23Z</time></trkpt><trkpt lat="60.25665" lon="24.928643"><ele>16.4</ele><time>2026-01-10T08:48:24Z</time><extensions><gpxtpx:TrackPointExtension><gpxtpx:hr>154</gpxtpx:hr></gpxtpx:TrackPointExtension></extensions></trkpt><trkpt lat="60.25663" lon="24.928573"><ele>16.7</ele><time>2026-01-10T08:48:25Z</time></trkpt><trkpt lat="60.256618" lon="24.928502"><ele>16.8</ele><time>2026-01-10T08:48:26Z</time></trkpt><trkpt lat="60.256607" lon="24.928437"><ele>17.5</ele><time>2026-01-10T08:48:27Z</time><extensions><gpxtpx:TrackPointExtension><gpxtpx:hr>154</gpxtpx:hr></gpxtpx:TrackPointExtension></extensions></trkpt><trkpt lat="60.256598" lon="24.928363"><ele>17.8</ele><time>2026-01-10T08:48:28Z</time></trkpt><trkpt lat="60.256588" lon="24.928287"><ele>17.8</ele><time>2026-01-10T08:48:29Z</time></trkpt><trkpt lat="60.25658" lon="24.928213"><ele>17.5</ele><time>2026-01-10T08:48:30Z</time></trkpt><trkpt lat="60.256575" lon="24.928135"><ele>17.3</ele><time>2026-01-10T08:48:31Z</time></trkpt><trkpt lat="60.256568" lon="24.928068"><ele>17.1</ele><time>2026-01-10T08:48:32Z</time><extensions><gpxtpx:TrackPointExtension><gpxtpx:hr>155</gpxtpx:hr></gpxtpx:TrackPointExtension></extensions></trkpt><trkpt lat="60.256565" lon="24.927997"><ele>17.3</ele><time>2026-01-10T08:48:33Z</time></trkpt><trkpt lat="60.256562" lon="24.927928"><ele>17.2</ele><time>2026-01-10T08:48:34Z</time></trkpt><trkpt lat="60.256562" lon="24.927853"><ele>17.0</ele><time>2026-01-10T08:48:35Z</time></trkpt><trkpt lat="60.256562" lon="24.927777"><ele>16.9</ele><time>2026-01-10T08:48:36Z</time></trkpt><trkpt lat="60.256562" lon="24.927687"><ele>18.2</ele><time>2026-01-10T08:48:37Z</time></trkpt><trkpt lat="60.256575" lon="24.927617"><ele>17.3</ele><time>2026-01-10T08:48:38Z</time></trkpt><trkpt lat="60.256575" lon="24.927518"><ele>17.8</ele><time>2026-01-10T08:48:39Z</time></trkpt><trkpt lat="60.25659" lon="24.927468"><ele>14.3</ele><time>2026-01-10T08:48:40Z</time></trkpt><trkpt lat="60.256585" lon="24.927378"><ele>15.9</ele><time>2026-01-10T08:48:41Z</time><extensions><gpxtpx:TrackPointExtension><gpxtpx:hr>157</gpxtpx:hr></gpxtpx:TrackPointExtension></extensions></trkpt><trkpt lat="60.256583" lon="24.927317"><ele>16.1</ele><time>2026-01-10T08:48:42Z</time><extensions><gpxtpx:TrackPointExtension><gpxtpx:hr>157</gpxtpx:hr></gpxtpx:TrackPointExtension></extensions></trkpt><trkpt lat="60.256587" lon="24.927222"><ele>15.9</ele><time>2026-01-10T08:48:43Z</time></trkpt><trkpt lat="60.256585" lon="24.927142"><ele>16.1</ele><time>2026-01-10T08:48:44Z</time></trkpt><trkpt lat="60.256588" lon="24.927073"><ele>14.5</ele><time>2026-01-10T08:48:45Z</time></trkpt><trkpt lat="60.256582" lon="24.926982"><ele>15.9</ele><time>2026-01-10T08:48:46Z</time></trkpt><trkpt lat="60.256575" lon="24.926907"><ele>16.3</ele><time>2026-01-10T08:48:47Z</time></trkpt><trkpt lat="60.256578" lon="24.926858"><ele>16.5</ele><time>2026-01-10T08:48:48Z</time></trkpt><trkpt lat="60.256577" lon="24.92678"><ele>16.8</ele><time>2026-01-10T08:48:49Z</time></trkpt><trkpt lat="60.25658" lon="24.926715"><ele>15.2</ele><time>2026-01-10T08:48:50Z</time><extensions><gpxtpx:TrackPointExtension><gpxtpx:hr>154</gpxtpx:hr></gpxtpx:TrackPointExtension></extensions></trkpt><trkpt lat="60.256578" lon="24.926642"><ele>14.6</ele><time>2026-01-10T08:48:51Z</time></trkpt><trkpt lat="60.256563" lon="24.926553"><ele>14.7</ele><time>2026-01-10T08:48:52Z</time></trkpt><trkpt lat="60.256558" lon="24.926463"><ele>14.8</ele><time>2026-01-10T08:48:53Z</time></trkpt><trkpt lat="60.256572" lon="24.926395"><ele>11.0</ele><time>2026-01-10T08:48:54Z</time></trkpt><trkpt lat="60.256575" lon="24.926327"><ele>10.8</ele><time>2026-01-10T08:48:55Z</time><extensions><gpxtpx:TrackPointExtension><gpxtpx:hr>153</gpxtpx:hr></gpxtpx:TrackPointExtension></extensions></trkpt><trkpt lat="60.25657" lon="24.926247"><ele>11.0</ele><time>2026-01-10T08:48:56Z</time></trkpt><trkpt lat="60.256558" lon="24.926165"><ele>12.8</ele><time>2026-01-10T08:48:57Z</time></trkpt><trkpt lat="60.256543" lon="24.926067"><ele>14.3</ele><time>2026-01-10T08:48:58Z</time></trkpt><trkpt lat="60.256533" lon="24.925995"><ele>13.9</ele><time>2026-01-10T08:48:59Z</time></trkpt><trkpt lat="60.256525" lon="24.925918"><ele>14.0</ele><time>2026-01-10T08:49:00Z</time></trkpt><trkpt lat="60.25652" lon="24.925845"><ele>12.9</ele><time>2026-01-10T08:49:01Z</time><extensions><gpxtpx:TrackPointExtension><gpxtpx:hr>154</gpxtpx:hr></gpxtpx:TrackPointExtension></extensions></trkpt><trkpt lat="60.256473" lon="24.925565"><ele>17.4</ele><time>2026-01-10T08:49:05Z</time><extensions><gpxtpx:TrackPointExtension><gpxtpx:hr>153</gpxtpx:hr></gpxtpx:TrackPointExtension></extensions></trkpt><trkpt lat="60.25646" lon="24.925503"><ele>15.9</ele><time>2026-01-10T08:49:06Z</time></trkpt><trkpt lat="60.256448" lon="24.925435"><ele>16.0</ele><time>2026-01-10T08:49:07Z</time></trkpt><trkpt lat="60.256437" lon="24.925363"><ele>15.5</ele><time>2026-01-10T08:49:08Z</time><extensions><gpxtpx:TrackPointExtension><gpxtpx:hr>153</gpxtpx:hr></gpxtpx:TrackPointExtension></extensions></trkpt><trkpt lat="60.256427" lon="24.925293"><ele>15.8</ele><time>2026-01-10T08:49:09Z</time></trkpt><trkpt lat="60.256415" lon="24.925227"><ele>15.9</ele><time>2026-01-10T08:49:10Z</time></trkpt><trkpt lat="60.256402" lon="24.925157"><ele>15.1</ele><time>2026-01-10T08:49:11Z</time></trkpt><trkpt lat="60.256387" lon="24.925083"><ele>15.4</ele><time>2026-01-10T08:49:12Z</time></trkpt><trkpt lat="60.256365" lon="24.925012"><ele>15.2</ele><time>2026-01-10T08:49:13Z</time><extensions><gpxtpx:TrackPointExtension><gpxtpx:hr>152</gpxtpx:hr></gpxtpx:TrackPointExtension></extensions></trkpt><trkpt lat="60.256345" lon="24.92494"><ele>15.4</ele><time>2026-01-10T08:49:14Z</time></trkpt><trkpt lat="60.256328" lon="24.924873"><ele>14.9</ele><time>2026-01-10T08:49:15Z</time></trkpt><trkpt lat="60.256315" lon="24.924808"><ele>14.7</ele><time>2026-01-10T08:49:16Z</time></trkpt><trkpt lat="60.256303" lon="24.924743"><ele>15.1</ele><time>2026-01-10T08:49:17Z</time><extensions><gpxtpx:TrackPointExtension><gpxtpx:hr>152</gpxtpx:hr></gpxtpx:TrackPointExtension></extensions></trkpt><trkpt lat="60.256292" lon="24.924677"><ele>15.1</ele><time>2026-01-10T08:49:18Z</time></trkpt><trkpt lat="60.256282" lon="24.92461"><ele>15.5</ele><time>2026-01-10T08:49:19Z</time></trkpt><trkpt lat="60.256272" lon="24.924542"><ele>15.6</ele><time>2026-01-10T08:49:20Z</time></trkpt><trkpt lat="60.256263" lon="24.924478"><ele>15.1</ele><time>2026-01-10T08:49:21Z</time></trkpt><trkpt lat="60.256255" lon="24.924422"><ele>15.3</ele><time>2026-01-10T08:49:22Z</time></trkpt><trkpt lat="60.256247" lon="24.924385"><ele>15.5</ele><time>2026-01-10T08:49:23Z</time><extensions><gpxtpx:TrackPointExtension><gpxtpx:hr>152</gpxtpx:hr></gpxtpx:TrackPointExtension></extensions></trkpt><trkpt lat="60.256235" lon="24.92433"><ele>15.7</ele><time>2026-01-10T08:49:24Z</time></trkpt><trkpt lat="60.256225" lon="24.924283"><ele>15.7</ele><time>2026-01-10T08:49:25Z</time></trkpt><trkpt lat="60.25622" lon="24.924262"><ele>15.2</ele><time>2026-01-10T08:49:26Z</time></trkpt><trkpt lat="60.256217" lon="24.924227"><ele>15.8</ele><time>2026-01-10T08:49:27Z</time></trkpt><trkpt lat="60.256217" lon="24.9242"><ele>15.9</ele><time>2026-01-10T08:49:28Z</time></trkpt><trkpt lat="60.256218" lon="24.924163"><ele>16.0</ele><time>2026-01-10T08:49:29Z</time><extensions><gpxtpx:TrackPointExtension><gpxtpx:hr>154</gpxtpx:hr></gpxtpx:TrackPointExtension></extensions></trkpt><trkpt lat="60.256217" lon="24.92413"><ele>15.7</ele><time>2026-01-10T08:49:30Z</time></trkpt><trkpt lat="60.256213" lon="24.924107"><ele>15.7</ele><time>2026-01-10T08:49:31Z</time></trkpt><trkpt lat="60.256182" lon="24.924092"><ele>15.9</ele><time>2026-01-10T08:49:35Z</time><extensions><gpxtpx:TrackPointExtension><gpxtpx:hr>155</gpxtpx:hr></gpxtpx:TrackPointExtension></extensions></trkpt><trkpt lat="60.256183" lon="24.924093"><ele>15.9</ele><time>2026-01-10T08:49:36Z</time></trkpt><trkpt lat="60.256185" lon="24.924093"><ele>15.9</ele><time>2026-01-10T08:49:37Z</time></trkpt><trkpt lat="60.256185" lon="24.924095"><ele>15.9</ele><time>2026-01-10T08:49:38Z</time></trkpt><trkpt lat="60.256187" lon="24.924095"><ele>15.9</ele><time>2026-01-10T08:49:39Z</time></trkpt><trkpt lat="60.256187" lon="24.924095"><ele>15.9</ele><time>2026-01-10T08:49:40Z</time></trkpt><trkpt lat="60.256187" lon="24.924095"><ele>15.9</ele><time>2026-01-10T08:49:41Z</time><extensions><gpxtpx:TrackPointExtension><gpxtpx:hr>150</gpxtpx:hr></gpxtpx:TrackPointExtension></extensions></trkpt><trkpt lat="60.256187" lon="24.924095"><ele>15.9</ele><time>2026-01-10T08:49:43Z</time><extensions><gpxtpx:TrackPointExtension><gpxtpx:hr>150</gpxtpx:hr></gpxtpx:TrackPointExtension></extensions></trkpt><trkpt lat="60.256185" lon="24.924095"><ele>15.9</ele><time>2026-01-10T08:49:43Z</time></trkpt><trkpt lat="60.256185" lon="24.924095"><ele>15.9</ele><time>2026-01-10T08:49:45Z</time></trkpt></trkseg></trk></gpx>