<?xml version="1.0" encoding="UTF-8" standalone="no"?><gpx xmlns="http://www.topografix.com/GPX/1/1" xmlns:gpxtpx="http://www.garmin.com/xmlschemas/TrackPointExtension/v1" xmlns:xsi="http://www.w3.org/2001/XMLSchema-instance" creator="Sports Tracker" version="1.1" xsi:schemaLocation="http://www.topografix.com/GPX/1/1 http://www.topografix.com/GPX/1/1/gpx.xsd http://www.garmin.com/xmlschemas/TrackPointExtension/v1 http://www.garmin.com/xmlschemas/TrackPointExtensionv1.xsd"><metadata><name/><desc/><author><name>anttipehkonen240</name></author></metadata><trk><name/><trkseg><trkpt lat="0.0" lon="0.0"><time>2026-04-08T16:09:31Z</time><extensions><gpxtpx:TrackPointExtension><gpxtpx:hr>94</gpxtpx:hr></gpxtpx:TrackPointExtension></extensions></trkpt><trkpt lat="0.0" lon="0.0"><time>2026-04-08T16:09:36Z</time><extensions><gpxtpx:TrackPointExtension><gpxtpx:hr>95</gpxtpx:hr></gpxtpx:TrackPointExtension></extensions></trkpt><trkpt lat="0.0" lon="0.0"><time>2026-04-08T16:09:37Z</time><extensions><gpxtpx:TrackPointExtension><gpxtpx:hr>96</gpxtpx:hr></gpxtpx:TrackPointExtension></extensions></trkpt><trkpt lat="0.0" lon="0.0"><time>2026-04-08T16:09:42Z</time><extensions><gpxtpx:TrackPointExtension><gpxtpx:hr>97</gpxtpx:hr></gpxtpx:TrackPointExtension></extensions></trkpt><trkpt lat="0.0" lon="0.0"><time>2026-04-08T16:09:47Z</time><extensions><gpxtpx:TrackPointExtension><gpxtpx:hr>99</gpxtpx:hr></gpxtpx:TrackPointExtension></extensions></trkpt><trkpt lat="0.0" lon="0.0"><time>2026-04-08T16:09:53Z</time><extensions><gpxtpx:TrackPointExtension><gpxtpx:hr>99</gpxtpx:hr></gpxtpx:TrackPointExtension></extensions></trkpt><trkpt lat="0.0" lon="0.0"><time>2026-04-08T16:10:11Z</time><extensions><gpxtpx:TrackPointExtension><gpxtpx:hr>101</gpxtpx:hr></gpxtpx:TrackPointExtension></extensions></trkpt><trkpt lat="0.0" lon="0.0"><time>2026-04-08T16:10:16Z</time><extensions><gpxtpx:TrackPointExtension><gpxtpx:hr>99</gpxtpx:hr></gpxtpx:TrackPointExtension></extensions></trkpt><trkpt lat="0.0" lon="0.0"><time>2026-04-08T16:10:17Z</time><extensions><gpxtpx:TrackPointExtension><gpxtpx:hr>99</gpxtpx:hr></gpxtpx:TrackPointExtension></extensions></trkpt><trkpt lat="0.0" lon="0.0"><time>2026-04-08T16:10:22Z</time><extensions><gpxtpx:TrackPointExtension><gpxtpx:hr>99</gpxtpx:hr></gpxtpx:TrackPointExtension></extensions></trkpt><trkpt lat="0.0" lon="0.0"><time>2026-04-08T16:10:31Z</time><extensions><gpxtpx:TrackPointExtension><gpxtpx:hr>101</gpxtpx:hr></gpxtpx:TrackPointExtension></extensions></trkpt><trkpt lat="0.0" lon="0.0"><time>2026-04-08T16:10:32Z</time><extensions><gpxtpx:TrackPointExtension><gpxtpx:hr>102</gpxtpx:hr></gpxtpx:TrackPointExtension></extensions></trkpt><trkpt lat="0.0" lon="0.0"><time>2026-04-08T16:10:41Z</time><extensions><gpxtpx:TrackPointExtension><gpxtpx:hr>103</gpxtpx:hr></gpxtpx:TrackPointExtension></extensions></trkpt><trkpt lat="0.0" lon="0.0"><time>2026-04-08T16:10:46Z</time><extensions><gpxtpx:TrackPointExtension><gpxtpx:hr>103</gpxtpx:hr></gpxtpx:TrackPointExtension></extensions></trkpt><trkpt lat="0.0" lon="0.0"><time>2026-04-08T16:10:47Z</time><extensions><gpxtpx:TrackPointExtension><gpxtpx:hr>103</gpxtpx:hr></gpxtpx:TrackPointExtension></extensions></trkpt><trkpt lat="0.0" lon="0.0"><time>2026-04-08T16:10:52Z</time><extensions><gpxtpx:TrackPointExtension><gpxtpx:hr>101</gpxtpx:hr></gpxtpx:TrackPointExtension></extensions></trkpt><trkpt lat="0.0" lon="0.0"><time>2026-04-08T16:11:01Z</time><extensions><gpxtpx:TrackPointExtension><gpxtpx:hr>102</gpxtpx:hr></gpxtpx:TrackPointExtension></extensions></trkpt><trkpt lat="0.0" lon="0.0"><time>2026-04-08T16:11:02Z</time><extensions><gpxtpx:TrackPointExtension><gpxtpx:hr>103</gpxtpx:hr></gpxtpx:TrackPointExtension></extensions></trkpt><trkpt lat="0.0" lon="0.0"><time>2026-04-08T16:11:11Z</time><extensions><gpxtpx:TrackPointExtension><gpxtpx:hr>108</gpxtpx:hr></gpxtpx:TrackPointExtension></extensions></trkpt><trkpt lat="0.0" lon="0.0"><time>2026-04-08T16:11:15Z</time><extensions><gpxtpx:TrackPointExtension><gpxtpx:hr>104</gpxtpx:hr></gpxtpx:TrackPointExtension></extensions></trkpt><trkpt lat="0.0" lon="0.0"><time>2026-04-08T16:11:20Z</time><extensions><gpxtpx:TrackPointExtension><gpxtpx:hr>100</gpxtpx:hr></gpxtpx:TrackPointExtension></extensions></trkpt><trkpt lat="0.0" lon="0.0"><time>2026-04-08T16:11:26Z</time><extensions><gpxtpx:TrackPointExtension><gpxtpx:hr>106</gpxtpx:hr></gpxtpx:TrackPointExtension></extensions></trkpt><trkpt lat="0.0" lon="0.0"><time>2026-04-08T16:11:27Z</time><extensions><gpxtpx:TrackPointExtension><gpxtpx:hr>106</gpxtpx:hr></gpxtpx:TrackPointExtension></extensions></trkpt><trkpt lat="0.0" lon="0.0"><time>2026-04-08T16:11:32Z</time><extensions><gpxtpx:TrackPointExtension><gpxtpx:hr>105</gpxtpx:hr></gpxtpx:TrackPointExtension></extensions></trkpt><trkpt lat="0.0" lon="0.0"><time>2026-04-08T16:11:41Z</time><extensions><gpxtpx:TrackPointExtension><gpxtpx:hr>112</gpxtpx:hr></gpxtpx:TrackPointExtension></extensions></trkpt><trkpt lat="0.0" lon="0.0"><time>2026-04-08T16:11:43Z</time><extensions><gpxtpx:TrackPointExtension><gpxtpx:hr>114</gpxtpx:hr></gpxtpx:TrackPointExtension></extensions></trkpt><trkpt lat="0.0" lon="0.0"><time>2026-04-08T16:11:47Z</time><extensions><gpxtpx:TrackPointExtension><gpxtpx:hr>113</gpxtpx:hr></gpxtpx:TrackPointExtension></extensions></trkpt><trkpt lat="0.0" lon="0.0"><time>2026-04-08T16:11:56Z</time><extensions><gpxtpx:TrackPointExtension><gpxtpx:hr>111</gpxtpx:hr></gpxtpx:TrackPointExtension></extensions></trkpt><trkpt lat="0.0" lon="0.0"><time>2026-04-08T16:11:57Z</time><extensions><gpxtpx:TrackPointExtension><gpxtpx:hr>110</gpxtpx:hr></gpxtpx:TrackPointExtension></extensions></trkpt><trkpt lat="0.0" lon="0.0"><time>2026-04-08T16:12:05Z</time><extensions><gpxtpx:TrackPointExtension><gpxtpx:hr>107</gpxtpx:hr></gpxtpx:TrackPointExtension></extensions></trkpt><trkpt lat="0.0" lon="0.0"><time>2026-04-08T16:12:07Z</time><extensions><gpxtpx:TrackPointExtension><gpxtpx:hr>104</gpxtpx:hr></gpxtpx:TrackPointExtension></extensions></trkpt><trkpt lat="0.0" lon="0.0"><time>2026-04-08T16:12:12Z</time><extensions><gpxtpx:TrackPointExtension><gpxtpx:hr>103</gpxtpx:hr></gpxtpx:TrackPointExtension></extensions></trkpt><trkpt lat="0.0" lon="0.0"><time>2026-04-08T16:12:21Z</time><extensions><gpxtpx:TrackPointExtension><gpxtpx:hr>101</gpxtpx:hr></gpxtpx:TrackPointExtension></extensions></trkpt><trkpt lat="0.0" lon="0.0"><time>2026-04-08T16:12:22Z</time><extensions><gpxtpx:TrackPointExtension><gpxtpx:hr>102</gpxtpx:hr></gpxtpx:TrackPointExtension></extensions></trkpt><trkpt lat="0.0" lon="0.0"><time>2026-04-08T16:12:27Z</time><extensions><gpxtpx:TrackPointExtension><gpxtpx:hr>103</gpxtpx:hr></gpxtpx:TrackPointExtension></extensions></trkpt><trkpt lat="0.0" lon="0.0"><time>2026-04-08T16:12:36Z</time><extensions><gpxtpx:TrackPointExtension><gpxtpx:hr>111</gpxtpx:hr></gpxtpx:TrackPointExtension></extensions></trkpt><trkpt lat="0.0" lon="0.0"><time>2026-04-08T16:12:38Z</time><extensions><gpxtpx:TrackPointExtension><gpxtpx:hr>113</gpxtpx:hr></gpxtpx:TrackPointExtension></extensions></trkpt><trkpt lat="0.0" lon="0.0"><time>2026-04-08T16:12:46Z</time><extensions><gpxtpx:TrackPointExtension><gpxtpx:hr>124</gpxtpx:hr></gpxtpx:TrackPointExtension></extensions></trkpt><trkpt lat="0.0" lon="0.0"><time>2026-04-08T16:12:51Z</time><extensions><gpxtpx:TrackPointExtension><gpxtpx:hr>126</gpxtpx:hr></gpxtpx:TrackPointExtension></extensions></trkpt><trkpt lat="0.0" lon="0.0"><time>2026-04-08T16:12:54Z</time><extensions><gpxtpx:TrackPointExtension><gpxtpx:hr>128</gpxtpx:hr></gpxtpx:TrackPointExtension></extensions></trkpt><trkpt lat="0.0" lon="0.0"><time>2026-04-08T16:12:58Z</time><extensions><gpxtpx:TrackPointExtension><gpxtpx:hr>129</gpxtpx:hr></gpxtpx:TrackPointExtension></extensions></trkpt><trkpt lat="0.0" lon="0.0"><time>2026-04-08T16:13:02Z</time><extensions><gpxtpx:TrackPointExtension><gpxtpx:hr>128</gpxtpx:hr></gpxtpx:TrackPointExtension></extensions></trkpt><trkpt lat="0.0" lon="0.0"><time>2026-04-08T16:13:07Z</time><extensions><gpxtpx:TrackPointExtension><gpxtpx:hr>125</gpxtpx:hr></gpxtpx:TrackPointExtension></extensions></trkpt><trkpt lat="0.0" lon="0.0"><time>2026-04-08T16:13:12Z</time><extensions><gpxtpx:TrackPointExtension><gpxtpx:hr>122</gpxtpx:hr></gpxtpx:TrackPointExtension></extensions></trkpt><trkpt lat="0.0" lon="0.0"><time>2026-04-08T16:13:18Z</time><extensions><gpxtpx:TrackPointExtension><gpxtpx:hr>119</gpxtpx:hr></gpxtpx:TrackPointExtension></extensions></trkpt><trkpt lat="0.0" lon="0.0"><time>2026-04-08T16:13:26Z</time><extensions><gpxtpx:TrackPointExtension><gpxtpx:hr>114</gpxtpx:hr></gpxtpx:TrackPointExtension></extensions></trkpt><trkpt lat="0.0" lon="0.0"><time>2026-04-08T16:13:29Z</time><extensions><gpxtpx:TrackPointExtension><gpxtpx:hr>114</gpxtpx:hr></gpxtpx:TrackPointExtension></extensions></trkpt><trkpt lat="0.0" lon="0.0"><time>2026-04-08T16:13:32Z</time><extensions><gpxtpx:TrackPointExtension><gpxtpx:hr>116</gpxtpx:hr></gpxtpx:TrackPointExtension></extensions></trkpt><trkpt lat="0.0" lon="0.0"><time>2026-04-08T16:13:37Z</time><extensions><gpxtpx:TrackPointExtension><gpxtpx:hr>115</gpxtpx:hr></gpxtpx:TrackPointExtension></extensions></trkpt><trkpt lat="0.0" lon="0.0"><time>2026-04-08T16:13:46Z</time><extensions><gpxtpx:TrackPointExtension><gpxtpx:hr>118</gpxtpx:hr></gpxtpx:TrackPointExtension></extensions></trkpt><trkpt lat="0.0" lon="0.0"><time>2026-04-08T16:13:47Z</time><extensions><gpxtpx:TrackPointExtension><gpxtpx:hr>118</gpxtpx:hr></gpxtpx:TrackPointExtension></extensions></trkpt><trkpt lat="0.0" lon="0.0"><time>2026-04-08T16:13:56Z</time><extensions><gpxtpx:TrackPointExtension><gpxtpx:hr>110</gpxtpx:hr></gpxtpx:TrackPointExtension></extensions></trkpt><trkpt lat="0.0" lon="0.0"><time>2026-04-08T16:14:01Z</time><extensions><gpxtpx:TrackPointExtension><gpxtpx:hr>110</gpxtpx:hr></gpxtpx:TrackPointExtension></extensions></trkpt><trkpt lat="0.0" lon="0.0"><time>2026-04-08T16:14:03Z</time><extensions><gpxtpx:TrackPointExtension><gpxtpx:hr>112</gpxtpx:hr></gpxtpx:TrackPointExtension></extensions></trkpt><trkpt lat="0.0" lon="0.0"><time>2026-04-08T16:14:07Z</time><extensions><gpxtpx:TrackPointExtension><gpxtpx:hr>107</gpxtpx:hr></gpxtpx:TrackPointExtension></extensions></trkpt><trkpt lat="0.0" lon="0.0"><time>2026-04-08T16:14:16Z</time><extensions><gpxtpx:TrackPointExtension><gpxtpx:hr>93</gpxtpx:hr></gpxtpx:TrackPointExtension></extensions></trkpt><trkpt lat="0.0" lon="0.0"><time>2026-04-08T16:14:21Z</time><extensions><gpxtpx:TrackPointExtension><gpxtpx:hr>90</gpxtpx:hr></gpxtpx:TrackPointExtension></extensions></trkpt><trkpt lat="0.0" lon="0.0"><time>2026-04-08T16:14:24Z</time><extensions><gpxtpx:TrackPointExtension><gpxtpx:hr>88</gpxtpx:hr></gpxtpx:TrackPointExtension></extensions></trkpt><trkpt lat="0.0" lon="0.0"><time>2026-04-08T16:14:27Z</time><extensions><gpxtpx:TrackPointExtension><gpxtpx:hr>90</gpxtpx:hr></gpxtpx:TrackPointExtension></extensions></trkpt><trkpt lat="0.0" lon="0.0"><time>2026-04-08T16:14:36Z</time><extensions><gpxtpx:TrackPointExtension><gpxtpx:hr>85</gpxtpx:hr></gpxtpx:TrackPointExtension></extensions></trkpt><trkpt lat="0.0" lon="0.0"><time>2026-04-08T16:14:39Z</time><extensions><gpxtpx:TrackPointExtension><gpxtpx:hr>85</gpxtpx:hr></gpxtpx:TrackPointExtension></extensions></trkpt><trkpt lat="0.0" lon="0.0"><time>2026-04-08T16:14:42Z</time><extensions><gpxtpx:TrackPointExtension><gpxtpx:hr>86</gpxtpx:hr></gpxtpx:TrackPointExtension></extensions></trkpt><trkpt lat="0.0" lon="0.0"><time>2026-04-08T16:14:51Z</time><extensions><gpxtpx:TrackPointExtension><gpxtpx:hr>89</gpxtpx:hr></gpxtpx:TrackPointExtension></extensions></trkpt><trkpt lat="0.0" lon="0.0"><time>2026-04-08T16:14:56Z</time><extensions><gpxtpx:TrackPointExtension><gpxtpx:hr>91</gpxtpx:hr></gpxtpx:TrackPointExtension></extensions></trkpt><trkpt lat="0.0" lon="0.0"><time>2026-04-08T16:14:59Z</time><extensions><gpxtpx:TrackPointExtension><gpxtpx:hr>93</gpxtpx:hr></gpxtpx:TrackPointExtension></extensions></trkpt><trkpt lat="0.0" lon="0.0"><time>2026-04-08T16:15:06Z</time><extensions><gpxtpx:TrackPointExtension><gpxtpx:hr>92</gpxtpx:hr></gpxtpx:TrackPointExtension></extensions></trkpt><trkpt lat="0.0" lon="0.0"><time>2026-04-08T16:15:07Z</time><extensions><gpxtpx:TrackPointExtension><gpxtpx:hr>93</gpxtpx:hr></gpxtpx:TrackPointExtension></extensions></trkpt><trkpt lat="0.0" lon="0.0"><time>2026-04-08T16:15:16Z</time><extensions><gpxtpx:TrackPointExtension><gpxtpx:hr>91</gpxtpx:hr></gpxtpx:TrackPointExtension></extensions></trkpt><trkpt lat="0.0" lon="0.0"><time>2026-04-08T16:15:21Z</time><extensions><gpxtpx:TrackPointExtension><gpxtpx:hr>90</gpxtpx:hr></gpxtpx:TrackPointExtension></extensions></trkpt><trkpt lat="0.0" lon="0.0"><time>2026-04-08T16:15:22Z</time><extensions><gpxtpx:TrackPointExtension><gpxtpx:hr>91</gpxtpx:hr></gpxtpx:TrackPointExtension></extensions></trkpt><trkpt lat="0.0" lon="0.0"><time>2026-04-08T16:15:30Z</time><extensions><gpxtpx:TrackPointExtension><gpxtpx:hr>91</gpxtpx:hr></gpxtpx:TrackPointExtension></extensions></trkpt><trkpt lat="0.0" lon="0.0"><time>2026-04-08T16:15:35Z</time><extensions><gpxtpx:TrackPointExtension><gpxtpx:hr>91</gpxtpx:hr></gpxtpx:TrackPointExtension></extensions></trkpt><trkpt lat="0.0" lon="0.0"><time>2026-04-08T16:15:37Z</time><extensions><gpxtpx:TrackPointExtension><gpxtpx:hr>90</gpxtpx:hr></gpxtpx:TrackPointExtension></extensions></trkpt><trkpt lat="0.0" lon="0.0"><time>2026-04-08T16:15:42Z</time><extensions><gpxtpx:TrackPointExtension><gpxtpx:hr>91</gpxtpx:hr></gpxtpx:TrackPointExtension></extensions></trkpt><trkpt lat="0.0" lon="0.0"><time>2026-04-08T16:15:51Z</time><extensions><gpxtpx:TrackPointExtension><gpxtpx:hr>88</gpxtpx:hr></gpxtpx:TrackPointExtension></extensions></trkpt><trkpt lat="0.0" lon="0.0"><time>2026-04-08T16:15:52Z</time><extensions><gpxtpx:TrackPointExtension><gpxtpx:hr>89</gpxtpx:hr></gpxtpx:TrackPointExtension></extensions></trkpt><trkpt lat="0.0" lon="0.0"><time>2026-04-08T16:15:58Z</time><extensions><gpxtpx:TrackPointExtension><gpxtpx:hr>92</gpxtpx:hr></gpxtpx:TrackPointExtension></extensions></trkpt><trkpt lat="0.0" lon="0.0"><time>2026-04-08T16:16:02Z</time><extensions><gpxtpx:TrackPointExtension><gpxtpx:hr>94</gpxtpx:hr></gpxtpx:TrackPointExtension></extensions></trkpt><trkpt lat="0.0" lon="0.0"><time>2026-04-08T16:16:07Z</time><extensions><gpxtpx:TrackPointExtension><gpxtpx:hr>99</gpxtpx:hr></gpxtpx:TrackPointExtension></extensions></trkpt><trkpt lat="0.0" lon="0.0"><time>2026-04-08T16:16:12Z</time><extensions><gpxtpx:TrackPointExtension><gpxtpx:hr>105</gpxtpx:hr></gpxtpx:TrackPointExtension></extensions></trkpt><trkpt lat="0.0" lon="0.0"><time>2026-04-08T16:16:30Z</time><extensions><gpxtpx:TrackPointExtension><gpxtpx:hr>109</gpxtpx:hr></gpxtpx:TrackPointExtension></extensions></trkpt><trkpt lat="0.0" lon="0.0"><time>2026-04-08T16:16:35Z</time><extensions><gpxtpx:TrackPointExtension><gpxtpx:hr>106</gpxtpx:hr></gpxtpx:TrackPointExtension></extensions></trkpt><trkpt lat="0.0" lon="0.0"><time>2026-04-08T16:16:40Z</time><extensions><gpxtpx:TrackPointExtension><gpxtpx:hr>106</gpxtpx:hr></gpxtpx:TrackPointExtension></extensions></trkpt><trkpt lat="0.0" lon="0.0"><time>2026-04-08T16:16:46Z</time><extensions><gpxtpx:TrackPointExtension><gpxtpx:hr>104</gpxtpx:hr></gpxtpx:TrackPointExtension></extensions></trkpt><trkpt lat="0.0" lon="0.0"><time>2026-04-08T16:16:50Z</time><extensions><gpxtpx:TrackPointExtension><gpxtpx:hr>103</gpxtpx:hr></gpxtpx:TrackPointExtension></extensions></trkpt><trkpt lat="0.0" lon="0.0"><time>2026-04-08T16:16:52Z</time><extensions><gpxtpx:TrackPointExtension><gpxtpx:hr>104</gpxtpx:hr></gpxtpx:TrackPointExtension></extensions></trkpt><trkpt lat="0.0" lon="0.0"><time>2026-04-08T16:16:57Z</time><extensions><gpxtpx:TrackPointExtension><gpxtpx:hr>104</gpxtpx:hr></gpxtpx:TrackPointExtension></extensions></trkpt><trkpt lat="0.0" lon="0.0"><time>2026-04-08T16:17:02Z</time><extensions><gpxtpx:TrackPointExtension><gpxtpx:hr>106</gpxtpx:hr></gpxtpx:TrackPointExtension></extensions></trkpt><trkpt lat="0.0" lon="0.0"><time>2026-04-08T16:17:10Z</time><extensions><gpxtpx:TrackPointExtension><gpxtpx:hr>111</gpxtpx:hr></gpxtpx:TrackPointExtension></extensions></trkpt><trkpt lat="0.0" lon="0.0"><time>2026-04-08T16:17:12Z</time><extensions><gpxtpx:TrackPointExtension><gpxtpx:hr>115</gpxtpx:hr></gpxtpx:TrackPointExtension></extensions></trkpt><trkpt lat="0.0" lon="0.0"><time>2026-04-08T16:17:21Z</time><extensions><gpxtpx:TrackPointExtension><gpxtpx:hr>114</gpxtpx:hr></gpxtpx:TrackPointExtension></extensions></trkpt><trkpt lat="0.0" lon="0.0"><time>2026-04-08T16:17:26Z</time><extensions><gpxtpx:TrackPointExtension><gpxtpx:hr>112</gpxtpx:hr></gpxtpx:TrackPointExtension></extensions></trkpt><trkpt lat="0.0" lon="0.0"><time>2026-04-08T16:17:30Z</time><extensions><gpxtpx:TrackPointExtension><gpxtpx:hr>110</gpxtpx:hr></gpxtpx:TrackPointExtension></extensions></trkpt><trkpt lat="0.0" lon="0.0"><time>2026-04-08T16:17:36Z</time><extensions><gpxtpx:TrackPointExtension><gpxtpx:hr>110</gpxtpx:hr></gpxtpx:TrackPointExtension></extensions></trkpt><trkpt lat="0.0" lon="0.0"><time>2026-04-08T16:17:40Z</time><extensions><gpxtpx:TrackPointExtension><gpxtpx:hr>110</gpxtpx:hr></gpxtpx:TrackPointExtension></extensions></trkpt><trkpt lat="0.0" lon="0.0"><time>2026-04-08T16:17:46Z</time><extensions><gpxtpx:TrackPointExtension><gpxtpx:hr>102</gpxtpx:hr></gpxtpx:TrackPointExtension></extensions></trkpt><trkpt lat="0.0" lon="0.0"><time>2026-04-08T16:17:51Z</time><extensions><gpxtpx:TrackPointExtension><gpxtpx:hr>99</gpxtpx:hr></gpxtpx:TrackPointExtension></extensions></trkpt><trkpt lat="0.0" lon="0.0"><time>2026-04-08T16:17:53Z</time><extensions><gpxtpx:TrackPointExtension><gpxtpx:hr>98</gpxtpx:hr></gpxtpx:TrackPointExtension></extensions></trkpt><trkpt lat="0.0" lon="0.0"><time>2026-04-08T16:17:57Z</time><extensions><gpxtpx:TrackPointExtension><gpxtpx:hr>96</gpxtpx:hr></gpxtpx:TrackPointExtension></extensions></trkpt><trkpt lat="0.0" lon="0.0"><time>2026-04-08T16:18:02Z</time><extensions><gpxtpx:TrackPointExtension><gpxtpx:hr>98</gpxtpx:hr></gpxtpx:TrackPointExtension></extensions></trkpt><trkpt lat="0.0" lon="0.0"><time>2026-04-08T16:18:07Z</time><extensions><gpxtpx:TrackPointExtension><gpxtpx:hr>101</gpxtpx:hr></gpxtpx:TrackPointExtension></extensions></trkpt><trkpt lat="0.0" lon="0.0"><time>2026-04-08T16:18:13Z</time><extensions><gpxtpx:TrackPointExtension><gpxtpx:hr>103</gpxtpx:hr></gpxtpx:TrackPointExtension></extensions></trkpt><trkpt lat="0.0" lon="0.0"><time>2026-04-08T16:18:21Z</time><extensions><gpxtpx:TrackPointExtension><gpxtpx:hr>104</gpxtpx:hr></gpxtpx:TrackPointExtension></extensions></trkpt><trkpt lat="0.0" lon="0.0"><time>2026-04-08T16:18:26Z</time><extensions><gpxtpx:TrackPointExtension><gpxtpx:hr>100</gpxtpx:hr></gpxtpx:TrackPointExtension></extensions></trkpt><trkpt lat="0.0" lon="0.0"><time>2026-04-08T16:18:31Z</time><extensions><gpxtpx:TrackPointExtension><gpxtpx:hr>98</gpxtpx:hr></gpxtpx:TrackPointExtension></extensions></trkpt><trkpt lat="0.0" lon="0.0"><time>2026-04-08T16:18:36Z</time><extensions><gpxtpx:TrackPointExtension><gpxtpx:hr>98</gpxtpx:hr></gpxtpx:TrackPointExtension></extensions></trkpt><trkpt lat="0.0" lon="0.0"><time>2026-04-08T16:18:37Z</time><extensions><gpxtpx:TrackPointExtension><gpxtpx:hr>97</gpxtpx:hr></gpxtpx:TrackPointExtension></extensions></trkpt><trkpt lat="0.0" lon="0.0"><time>2026-04-08T16:18:46Z</time><extensions><gpxtpx:TrackPointExtension><gpxtpx:hr>96</gpxtpx:hr></gpxtpx:TrackPointExtension></extensions></trkpt><trkpt lat="0.0" lon="0.0"><time>2026-04-08T16:18:51Z</time><extensions><gpxtpx:TrackPointExtension><gpxtpx:hr>95</gpxtpx:hr></gpxtpx:TrackPointExtension></extensions></trkpt><trkpt lat="0.0" lon="0.0"><time>2026-04-08T16:18:56Z</time><extensions><gpxtpx:TrackPointExtension><gpxtpx:hr>96</gpxtpx:hr></gpxtpx:TrackPointExtension></extensions></trkpt><trkpt lat="0.0" lon="0.0"><time>2026-04-08T16:19:00Z</time><extensions><gpxtpx:TrackPointExtension><gpxtpx:hr>100</gpxtpx:hr></gpxtpx:TrackPointExtension></extensions></trkpt><trkpt lat="0.0" lon="0.0"><time>2026-04-08T16:19:02Z</time><extensions><gpxtpx:TrackPointExtension><gpxtpx:hr>98</gpxtpx:hr></gpxtpx:TrackPointExtension></extensions></trkpt><trkpt lat="0.0" lon="0.0"><time>2026-04-08T16:19:11Z</time><extensions><gpxtpx:TrackPointExtension><gpxtpx:hr>82</gpxtpx:hr></gpxtpx:TrackPointExtension></extensions></trkpt><trkpt lat="0.0" lon="0.0"><time>2026-04-08T16:19:14Z</time><extensions><gpxtpx:TrackPointExtension><gpxtpx:hr>83</gpxtpx:hr></gpxtpx:TrackPointExtension></extensions></trkpt><trkpt lat="0.0" lon="0.0"><time>2026-04-08T16:19:18Z</time><extensions><gpxtpx:TrackPointExtension><gpxtpx:hr>92</gpxtpx:hr></gpxtpx:TrackPointExtension></extensions></trkpt><trkpt lat="0.0" lon="0.0"><time>2026-04-08T16:19:24Z</time><extensions><gpxtpx:TrackPointExtension><gpxtpx:hr>86</gpxtpx:hr></gpxtpx:TrackPointExtension></extensions></trkpt><trkpt lat="0.0" lon="0.0"><time>2026-04-08T16:19:27Z</time><extensions><gpxtpx:TrackPointExtension><gpxtpx:hr>88</gpxtpx:hr></gpxtpx:TrackPointExtension></extensions></trkpt><trkpt lat="0.0" lon="0.0"><time>2026-04-08T16:19:36Z</time><extensions><gpxtpx:TrackPointExtension><gpxtpx:hr>92</gpxtpx:hr></gpxtpx:TrackPointExtension></extensions></trkpt><trkpt lat="0.0" lon="0.0"><time>2026-04-08T16:19:41Z</time><extensions><gpxtpx:TrackPointExtension><gpxtpx:hr>89</gpxtpx:hr></gpxtpx:TrackPointExtension></extensions></trkpt><trkpt lat="0.0" lon="0.0"><time>2026-04-08T16:19:42Z</time><extensions><gpxtpx:TrackPointExtension><gpxtpx:hr>89</gpxtpx:hr></gpxtpx:TrackPointExtension></extensions></trkpt><trkpt lat="0.0" lon="0.0"><time>2026-04-08T16:19:47Z</time><extensions><gpxtpx:TrackPointExtension><gpxtpx:hr>96</gpxtpx:hr></gpxtpx:TrackPointExtension></extensions></trkpt><trkpt lat="0.0" lon="0.0"><time>2026-04-08T16:19:52Z</time><extensions><gpxtpx:TrackPointExtension><gpxtpx:hr>99</gpxtpx:hr></gpxtpx:TrackPointExtension></extensions></trkpt><trkpt lat="0.0" lon="0.0"><time>2026-04-08T16:19:59Z</time><extensions><gpxtpx:TrackPointExtension><gpxtpx:hr>103</gpxtpx:hr></gpxtpx:TrackPointExtension></extensions></trkpt><trkpt lat="0.0" lon="0.0"><time>2026-04-08T16:20:06Z</time><extensions><gpxtpx:TrackPointExtension><gpxtpx:hr>102</gpxtpx:hr></gpxtpx:TrackPointExtension></extensions></trkpt><trkpt lat="0.0" lon="0.0"><time>2026-04-08T16:20:10Z</time><extensions><gpxtpx:TrackPointExtension><gpxtpx:hr>103</gpxtpx:hr></gpxtpx:TrackPointExtension></extensions></trkpt><trkpt lat="0.0" lon="0.0"><time>2026-04-08T16:20:14Z</time><extensions><gpxtpx:TrackPointExtension><gpxtpx:hr>105</gpxtpx:hr></gpxtpx:TrackPointExtension></extensions></trkpt><trkpt lat="0.0" lon="0.0"><time>2026-04-08T16:20:18Z</time><extensions><gpxtpx:TrackPointExtension><gpxtpx:hr>106</gpxtpx:hr></gpxtpx:TrackPointExtension></extensions></trkpt><trkpt lat="0.0" lon="0.0"><time>2026-04-08T16:20:26Z</time><extensions><gpxtpx:TrackPointExtension><gpxtpx:hr>98</gpxtpx:hr></gpxtpx:TrackPointExtension></extensions></trkpt><trkpt lat="0.0" lon="0.0"><time>2026-04-08T16:20:31Z</time><extensions><gpxtpx:TrackPointExtension><gpxtpx:hr>95</gpxtpx:hr></gpxtpx:TrackPointExtension></extensions></trkpt><trkpt lat="0.0" lon="0.0"><time>2026-04-08T16:20:36Z</time><extensions><gpxtpx:TrackPointExtension><gpxtpx:hr>94</gpxtpx:hr></gpxtpx:TrackPointExtension></extensions></trkpt><trkpt lat="0.0" lon="0.0"><time>2026-04-08T16:20:37Z</time><extensions><gpxtpx:TrackPointExtension><gpxtpx:hr>92</gpxtpx:hr></gpxtpx:TrackPointExtension></extensions></trkpt><trkpt lat="0.0" lon="0.0"><time>2026-04-08T16:20:42Z</time><extensions><gpxtpx:TrackPointExtension><gpxtpx:hr>95</gpxtpx:hr></gpxtpx:TrackPointExtension></extensions></trkpt><trkpt lat="0.0" lon="0.0"><time>2026-04-08T16:20:51Z</time><extensions><gpxtpx:TrackPointExtension><gpxtpx:hr>88</gpxtpx:hr></gpxtpx:TrackPointExtension></extensions></trkpt><trkpt lat="0.0" lon="0.0"><time>2026-04-08T16:20:53Z</time><extensions><gpxtpx:TrackPointExtension><gpxtpx:hr>86</gpxtpx:hr></gpxtpx:TrackPointExtension></extensions></trkpt><trkpt lat="0.0" lon="0.0"><time>2026-04-08T16:20:57Z</time><extensions><gpxtpx:TrackPointExtension><gpxtpx:hr>88</gpxtpx:hr></gpxtpx:TrackPointExtension></extensions></trkpt><trkpt lat="0.0" lon="0.0"><time>2026-04-08T16:21:02Z</time><extensions><gpxtpx:TrackPointExtension><gpxtpx:hr>87</gpxtpx:hr></gpxtpx:TrackPointExtension></extensions></trkpt><trkpt lat="0.0" lon="0.0"><time>2026-04-08T16:21:07Z</time><extensions><gpxtpx:TrackPointExtension><gpxtpx:hr>84</gpxtpx:hr></gpxtpx:TrackPointExtension></extensions></trkpt><trkpt lat="0.0" lon="0.0"><time>2026-04-08T16:21:37Z</time><extensions><gpxtpx:TrackPointExtension><gpxtpx:hr>109</gpxtpx:hr></gpxtpx:TrackPointExtension></extensions></trkpt><trkpt lat="0.0" lon="0.0"><time>2026-04-08T16:21:45Z</time><extensions><gpxtpx:TrackPointExtension><gpxtpx:hr>110</gpxtpx:hr></gpxtpx:TrackPointExtension></extensions></trkpt><trkpt lat="0.0" lon="0.0"><time>2026-04-08T16:21:49Z</time><extensions><gpxtpx:TrackPointExtension><gpxtpx:hr>107</gpxtpx:hr></gpxtpx:TrackPointExtension></extensions></trkpt><trkpt lat="0.0" lon="0.0"><time>2026-04-08T16:21:54Z</time><extensions><gpxtpx:TrackPointExtension><gpxtpx:hr>103</gpxtpx:hr></gpxtpx:TrackPointExtension></extensions></trkpt><trkpt lat="0.0" lon="0.0"><time>2026-04-08T16:22:00Z</time><extensions><gpxtpx:TrackPointExtension><gpxtpx:hr>103</gpxtpx:hr></gpxtpx:TrackPointExtension></extensions></trkpt><trkpt lat="0.0" lon="0.0"><time>2026-04-08T16:22:06Z</time><extensions><gpxtpx:TrackPointExtension><gpxtpx:hr>106</gpxtpx:hr></gpxtpx:TrackPointExtension></extensions></trkpt><trkpt lat="0.0" lon="0.0"><time>2026-04-08T16:22:11Z</time><extensions><gpxtpx:TrackPointExtension><gpxtpx:hr>108</gpxtpx:hr></gpxtpx:TrackPointExtension></extensions></trkpt><trkpt lat="0.0" lon="0.0"><time>2026-04-08T16:22:13Z</time><extensions><gpxtpx:TrackPointExtension><gpxtpx:hr>108</gpxtpx:hr></gpxtpx:TrackPointExtension></extensions></trkpt><trkpt lat="0.0" lon="0.0"><time>2026-04-08T16:22:20Z</time><extensions><gpxtpx:TrackPointExtension><gpxtpx:hr>108</gpxtpx:hr></gpxtpx:TrackPointExtension></extensions></trkpt><trkpt lat="0.0" lon="0.0"><time>2026-04-08T16:22:26Z</time><extensions><gpxtpx:TrackPointExtension><gpxtpx:hr>113</gpxtpx:hr></gpxtpx:TrackPointExtension></extensions></trkpt><trkpt lat="0.0" lon="0.0"><time>2026-04-08T16:22:31Z</time><extensions><gpxtpx:TrackPointExtension><gpxtpx:hr>124</gpxtpx:hr></gpxtpx:TrackPointExtension></extensions></trkpt><trkpt lat="0.0" lon="0.0"><time>2026-04-08T16:22:33Z</time><extensions><gpxtpx:TrackPointExtension><gpxtpx:hr>125</gpxtpx:hr></gpxtpx:TrackPointExtension></extensions></trkpt><trkpt lat="0.0" lon="0.0"><time>2026-04-08T16:22:37Z</time><extensions><gpxtpx:TrackPointExtension><gpxtpx:hr>121</gpxtpx:hr></gpxtpx:TrackPointExtension></extensions></trkpt><trkpt lat="0.0" lon="0.0"><time>2026-04-08T16:22:42Z</time><extensions><gpxtpx:TrackPointExtension><gpxtpx:hr>117</gpxtpx:hr></gpxtpx:TrackPointExtension></extensions></trkpt><trkpt lat="0.0" lon="0.0"><time>2026-04-08T16:22:47Z</time><extensions><gpxtpx:TrackPointExtension><gpxtpx:hr>118</gpxtpx:hr></gpxtpx:TrackPointExtension></extensions></trkpt><trkpt lat="0.0" lon="0.0"><time>2026-04-08T16:22:56Z</time><extensions><gpxtpx:TrackPointExtension><gpxtpx:hr>119</gpxtpx:hr></gpxtpx:TrackPointExtension></extensions></trkpt><trkpt lat="0.0" lon="0.0"><time>2026-04-08T16:22:57Z</time><extensions><gpxtpx:TrackPointExtension><gpxtpx:hr>119</gpxtpx:hr></gpxtpx:TrackPointExtension></extensions></trkpt><trkpt lat="0.0" lon="0.0"><time>2026-04-08T16:23:02Z</time><extensions><gpxtpx:TrackPointExtension><gpxtpx:hr>120</gpxtpx:hr></gpxtpx:TrackPointExtension></extensions></trkpt><trkpt lat="0.0" lon="0.0"><time>2026-04-08T16:23:11Z</time><extensions><gpxtpx:TrackPointExtension><gpxtpx:hr>100</gpxtpx:hr></gpxtpx:TrackPointExtension></extensions></trkpt><trkpt lat="0.0" lon="0.0"><time>2026-04-08T16:23:14Z</time><extensions><gpxtpx:TrackPointExtension><gpxtpx:hr>100</gpxtpx:hr></gpxtpx:TrackPointExtension></extensions></trkpt><trkpt lat="0.0" lon="0.0"><time>2026-04-08T16:23:21Z</time><extensions><gpxtpx:TrackPointExtension><gpxtpx:hr>102</gpxtpx:hr></gpxtpx:TrackPointExtension></extensions></trkpt><trkpt lat="0.0" lon="0.0"><time>2026-04-08T16:23:24Z</time><extensions><gpxtpx:TrackPointExtension><gpxtpx:hr>100</gpxtpx:hr></gpxtpx:TrackPointExtension></extensions></trkpt><trkpt lat="0.0" lon="0.0"><time>2026-04-08T16:23:31Z</time><extensions><gpxtpx:TrackPointExtension><gpxtpx:hr>99</gpxtpx:hr></gpxtpx:TrackPointExtension></extensions></trkpt><trkpt lat="0.0" lon="0.0"><time>2026-04-08T16:23:33Z</time><extensions><gpxtpx:TrackPointExtension><gpxtpx:hr>99</gpxtpx:hr></gpxtpx:TrackPointExtension></extensions></trkpt><trkpt lat="0.0" lon="0.0"><time>2026-04-08T16:23:38Z</time><extensions><gpxtpx:TrackPointExtension><gpxtpx:hr>101</gpxtpx:hr></gpxtpx:TrackPointExtension></extensions></trkpt><trkpt lat="0.0" lon="0.0"><time>2026-04-08T16:23:46Z</time><extensions><gpxtpx:TrackPointExtension><gpxtpx:hr>96</gpxtpx:hr></gpxtpx:TrackPointExtension></extensions></trkpt><trkpt lat="0.0" lon="0.0"><time>2026-04-08T16:23:47Z</time><extensions><gpxtpx:TrackPointExtension><gpxtpx:hr>96</gpxtpx:hr></gpxtpx:TrackPointExtension></extensions></trkpt><trkpt lat="0.0" lon="0.0"><time>2026-04-08T16:23:52Z</time><extensions><gpxtpx:TrackPointExtension><gpxtpx:hr>100</gpxtpx:hr></gpxtpx:TrackPointExtension></extensions></trkpt><trkpt lat="0.0" lon="0.0"><time>2026-04-08T16:24:01Z</time><extensions><gpxtpx:TrackPointExtension><gpxtpx:hr>101</gpxtpx:hr></gpxtpx:TrackPointExtension></extensions></trkpt><trkpt lat="0.0" lon="0.0"><time>2026-04-08T16:24:06Z</time><extensions><gpxtpx:TrackPointExtension><gpxtpx:hr>100</gpxtpx:hr></gpxtpx:TrackPointExtension></extensions></trkpt><trkpt lat="0.0" lon="0.0"><time>2026-04-08T16:24:07Z</time><extensions><gpxtpx:TrackPointExtension><gpxtpx:hr>101</gpxtpx:hr></gpxtpx:TrackPointExtension></extensions></trkpt><trkpt lat="0.0" lon="0.0"><time>2026-04-08T16:24:12Z</time><extensions><gpxtpx:TrackPointExtension><gpxtpx:hr>101</gpxtpx:hr></gpxtpx:TrackPointExtension></extensions></trkpt><trkpt lat="0.0" lon="0.0"><time>2026-04-08T16:24:17Z</time><extensions><gpxtpx:TrackPointExtension><gpxtpx:hr>102</gpxtpx:hr></gpxtpx:TrackPointExtension></extensions></trkpt><trkpt lat="0.0" lon="0.0"><time>2026-04-08T16:24:26Z</time><extensions><gpxtpx:TrackPointExtension><gpxtpx:hr>91</gpxtpx:hr></gpxtpx:TrackPointExtension></extensions></trkpt><trkpt lat="0.0" lon="0.0"><time>2026-04-08T16:24:31Z</time><extensions><gpxtpx:TrackPointExtension><gpxtpx:hr>85</gpxtpx:hr></gpxtpx:TrackPointExtension></extensions></trkpt><trkpt lat="0.0" lon="0.0"><time>2026-04-08T16:24:32Z</time><extensions><gpxtpx:TrackPointExtension><gpxtpx:hr>86</gpxtpx:hr></gpxtpx:TrackPointExtension></extensions></trkpt><trkpt lat="0.0" lon="0.0"><time>2026-04-08T16:24:37Z</time><extensions><gpxtpx:TrackPointExtension><gpxtpx:hr>93</gpxtpx:hr></gpxtpx:TrackPointExtension></extensions></trkpt><trkpt lat="0.0" lon="0.0"><time>2026-04-08T16:24:42Z</time><extensions><gpxtpx:TrackPointExtension><gpxtpx:hr>93</gpxtpx:hr></gpxtpx:TrackPointExtension></extensions></trkpt><trkpt lat="0.0" lon="0.0"><time>2026-04-08T16:24:47Z</time><extensions><gpxtpx:TrackPointExtension><gpxtpx:hr>92</gpxtpx:hr></gpxtpx:TrackPointExtension></extensions></trkpt><trkpt lat="0.0" lon="0.0"><time>2026-04-08T16:24:52Z</time><extensions><gpxtpx:TrackPointExtension><gpxtpx:hr>90</gpxtpx:hr></gpxtpx:TrackPointExtension></extensions></trkpt><trkpt lat="0.0" lon="0.0"><time>2026-04-08T16:24:57Z</time><extensions><gpxtpx:TrackPointExtension><gpxtpx:hr>90</gpxtpx:hr></gpxtpx:TrackPointExtension></extensions></trkpt><trkpt lat="0.0" lon="0.0"><time>2026-04-08T16:25:04Z</time><extensions><gpxtpx:TrackPointExtension><gpxtpx:hr>98</gpxtpx:hr></gpxtpx:TrackPointExtension></extensions></trkpt><trkpt lat="0.0" lon="0.0"><time>2026-04-08T16:25:16Z</time><extensions><gpxtpx:TrackPointExtension><gpxtpx:hr>98</gpxtpx:hr></gpxtpx:TrackPointExtension></extensions></trkpt><trkpt lat="0.0" lon="0.0"><time>2026-04-08T16:25:18Z</time><extensions><gpxtpx:TrackPointExtension><gpxtpx:hr>99</gpxtpx:hr></gpxtpx:TrackPointExtension></extensions></trkpt><trkpt lat="0.0" lon="0.0"><time>2026-04-08T16:25:26Z</time><extensions><gpxtpx:TrackPointExtension><gpxtpx:hr>90</gpxtpx:hr></gpxtpx:TrackPointExtension></extensions></trkpt><trkpt lat="0.0" lon="0.0"><time>2026-04-08T16:25:31Z</time><extensions><gpxtpx:TrackPointExtension><gpxtpx:hr>95</gpxtpx:hr></gpxtpx:TrackPointExtension></extensions></trkpt><trkpt lat="0.0" lon="0.0"><time>2026-04-08T16:25:35Z</time><extensions><gpxtpx:TrackPointExtension><gpxtpx:hr>99</gpxtpx:hr></gpxtpx:TrackPointExtension></extensions></trkpt><trkpt lat="0.0" lon="0.0"><time>2026-04-08T16:25:40Z</time><extensions><gpxtpx:TrackPointExtension><gpxtpx:hr>92</gpxtpx:hr></gpxtpx:TrackPointExtension></extensions></trkpt><trkpt lat="0.0" lon="0.0"><time>2026-04-08T16:25:42Z</time><extensions><gpxtpx:TrackPointExtension><gpxtpx:hr>91</gpxtpx:hr></gpxtpx:TrackPointExtension></extensions></trkpt><trkpt lat="0.0" lon="0.0"><time>2026-04-08T16:25:48Z</time><extensions><gpxtpx:TrackPointExtension><gpxtpx:hr>95</gpxtpx:hr></gpxtpx:TrackPointExtension></extensions></trkpt><trkpt lat="0.0" lon="0.0"><time>2026-04-08T16:25:52Z</time><extensions><gpxtpx:TrackPointExtension><gpxtpx:hr>92</gpxtpx:hr></gpxtpx:TrackPointExtension></extensions></trkpt><trkpt lat="0.0" lon="0.0"><time>2026-04-08T16:25:58Z</time><extensions><gpxtpx:TrackPointExtension><gpxtpx:hr>97</gpxtpx:hr></gpxtpx:TrackPointExtension></extensions></trkpt><trkpt lat="0.0" lon="0.0"><time>2026-04-08T16:26:03Z</time><extensions><gpxtpx:TrackPointExtension><gpxtpx:hr>95</gpxtpx:hr></gpxtpx:TrackPointExtension></extensions></trkpt><trkpt lat="0.0" lon="0.0"><time>2026-04-08T16:26:07Z</time><extensions><gpxtpx:TrackPointExtension><gpxtpx:hr>96</gpxtpx:hr></gpxtpx:TrackPointExtension></extensions></trkpt><trkpt lat="0.0" lon="0.0"><time>2026-04-08T16:26:12Z</time><extensions><gpxtpx:TrackPointExtension><gpxtpx:hr>96</gpxtpx:hr></gpxtpx:TrackPointExtension></extensions></trkpt><trkpt lat="0.0" lon="0.0"><time>2026-04-08T16:26:17Z</time><extensions><gpxtpx:TrackPointExtension><gpxtpx:hr>97</gpxtpx:hr></gpxtpx:TrackPointExtension></extensions></trkpt><trkpt lat="0.0" lon="0.0"><time>2026-04-08T16:26:45Z</time><extensions><gpxtpx:TrackPointExtension><gpxtpx:hr>118</gpxtpx:hr></gpxtpx:TrackPointExtension></extensions></trkpt><trkpt lat="0.0" lon="0.0"><time>2026-04-08T16:27:31Z</time><extensions><gpxtpx:TrackPointExtension><gpxtpx:hr>107</gpxtpx:hr></gpxtpx:TrackPointExtension></extensions></trkpt><trkpt lat="0.0" lon="0.0"><time>2026-04-08T16:27:36Z</time><extensions><gpxtpx:TrackPointExtension><gpxtpx:hr>105</gpxtpx:hr></gpxtpx:TrackPointExtension></extensions></trkpt><trkpt lat="0.0" lon="0.0"><time>2026-04-08T16:27:40Z</time><extensions><gpxtpx:TrackPointExtension><gpxtpx:hr>105</gpxtpx:hr></gpxtpx:TrackPointExtension></extensions></trkpt><trkpt lat="0.0" lon="0.0"><time>2026-04-08T16:27:44Z</time><extensions><gpxtpx:TrackPointExtension><gpxtpx:hr>105</gpxtpx:hr></gpxtpx:TrackPointExtension></extensions></trkpt><trkpt lat="0.0" lon="0.0"><time>2026-04-08T16:27:47Z</time><extensions><gpxtpx:TrackPointExtension><gpxtpx:hr>105</gpxtpx:hr></gpxtpx:TrackPointExtension></extensions></trkpt><trkpt lat="0.0" lon="0.0"><time>2026-04-08T16:27:52Z</time><extensions><gpxtpx:TrackPointExtension><gpxtpx:hr>104</gpxtpx:hr></gpxtpx:TrackPointExtension></extensions></trkpt><trkpt lat="0.0" lon="0.0"><time>2026-04-08T16:27:57Z</time><extensions><gpxtpx:TrackPointExtension><gpxtpx:hr>102</gpxtpx:hr></gpxtpx:TrackPointExtension></extensions></trkpt><trkpt lat="0.0" lon="0.0"><time>2026-04-08T16:28:02Z</time><extensions><gpxtpx:TrackPointExtension><gpxtpx:hr>100</gpxtpx:hr></gpxtpx:TrackPointExtension></extensions></trkpt><trkpt lat="0.0" lon="0.0"><time>2026-04-08T16:28:11Z</time><extensions><gpxtpx:TrackPointExtension><gpxtpx:hr>88</gpxtpx:hr></gpxtpx:TrackPointExtension></extensions></trkpt><trkpt lat="0.0" lon="0.0"><time>2026-04-08T16:28:16Z</time><extensions><gpxtpx:TrackPointExtension><gpxtpx:hr>82</gpxtpx:hr></gpxtpx:TrackPointExtension></extensions></trkpt><trkpt lat="0.0" lon="0.0"><time>2026-04-08T16:28:17Z</time><extensions><gpxtpx:TrackPointExtension><gpxtpx:hr>82</gpxtpx:hr></gpxtpx:TrackPointExtension></extensions></trkpt><trkpt lat="0.0" lon="0.0"><time>2026-04-08T16:28:22Z</time><extensions><gpxtpx:TrackPointExtension><gpxtpx:hr>86</gpxtpx:hr></gpxtpx:TrackPointExtension></extensions></trkpt><trkpt lat="0.0" lon="0.0"><time>2026-04-08T16:28:28Z</time><extensions><gpxtpx:TrackPointExtension><gpxtpx:hr>92</gpxtpx:hr></gpxtpx:TrackPointExtension></extensions></trkpt><trkpt lat="0.0" lon="0.0"><time>2026-04-08T16:28:35Z</time><extensions><gpxtpx:TrackPointExtension><gpxtpx:hr>89</gpxtpx:hr></gpxtpx:TrackPointExtension></extensions></trkpt><trkpt lat="0.0" lon="0.0"><time>2026-04-08T16:28:37Z</time><extensions><gpxtpx:TrackPointExtension><gpxtpx:hr>91</gpxtpx:hr></gpxtpx:TrackPointExtension></extensions></trkpt><trkpt lat="0.0" lon="0.0"><time>2026-04-08T16:28:46Z</time><extensions><gpxtpx:TrackPointExtension><gpxtpx:hr>89</gpxtpx:hr></gpxtpx:TrackPointExtension></extensions></trkpt><trkpt lat="0.0" lon="0.0"><time>2026-04-08T16:28:51Z</time><extensions><gpxtpx:TrackPointExtension><gpxtpx:hr>90</gpxtpx:hr></gpxtpx:TrackPointExtension></extensions></trkpt><trkpt lat="0.0" lon="0.0"><time>2026-04-08T16:28:56Z</time><extensions><gpxtpx:TrackPointExtension><gpxtpx:hr>87</gpxtpx:hr></gpxtpx:TrackPointExtension></extensions></trkpt><trkpt lat="0.0" lon="0.0"><time>2026-04-08T16:28:57Z</time><extensions><gpxtpx:TrackPointExtension><gpxtpx:hr>87</gpxtpx:hr></gpxtpx:TrackPointExtension></extensions></trkpt><trkpt lat="0.0" lon="0.0"><time>2026-04-08T16:29:04Z</time><extensions><gpxtpx:TrackPointExtension><gpxtpx:hr>87</gpxtpx:hr></gpxtpx:TrackPointExtension></extensions></trkpt><trkpt lat="0.0" lon="0.0"><time>2026-04-08T16:29:07Z</time><extensions><gpxtpx:TrackPointExtension><gpxtpx:hr>89</gpxtpx:hr></gpxtpx:TrackPointExtension></extensions></trkpt><trkpt lat="0.0" lon="0.0"><time>2026-04-08T16:29:12Z</time><extensions><gpxtpx:TrackPointExtension><gpxtpx:hr>92</gpxtpx:hr></gpxtpx:TrackPointExtension></extensions></trkpt><trkpt lat="0.0" lon="0.0"><time>2026-04-08T16:29:20Z</time><extensions><gpxtpx:TrackPointExtension><gpxtpx:hr>99</gpxtpx:hr></gpxtpx:TrackPointExtension></extensions></trkpt><trkpt lat="0.0" lon="0.0"><time>2026-04-08T16:29:22Z</time><extensions><gpxtpx:TrackPointExtension><gpxtpx:hr>97</gpxtpx:hr></gpxtpx:TrackPointExtension></extensions></trkpt><trkpt lat="0.0" lon="0.0"><time>2026-04-08T16:29:30Z</time><extensions><gpxtpx:TrackPointExtension><gpxtpx:hr>105</gpxtpx:hr></gpxtpx:TrackPointExtension></extensions></trkpt><trkpt lat="0.0" lon="0.0"><time>2026-04-08T16:29:35Z</time><extensions><gpxtpx:TrackPointExtension><gpxtpx:hr>104</gpxtpx:hr></gpxtpx:TrackPointExtension></extensions></trkpt><trkpt lat="0.0" lon="0.0"><time>2026-04-08T16:29:41Z</time><extensions><gpxtpx:TrackPointExtension><gpxtpx:hr>99</gpxtpx:hr></gpxtpx:TrackPointExtension></extensions></trkpt><trkpt lat="0.0" lon="0.0"><time>2026-04-08T16:29:42Z</time><extensions><gpxtpx:TrackPointExtension><gpxtpx:hr>99</gpxtpx:hr></gpxtpx:TrackPointExtension></extensions></trkpt><trkpt lat="0.0" lon="0.0"><time>2026-04-08T16:29:51Z</time><extensions><gpxtpx:TrackPointExtension><gpxtpx:hr>100</gpxtpx:hr></gpxtpx:TrackPointExtension></extensions></trkpt><trkpt lat="0.0" lon="0.0"><time>2026-04-08T16:29:52Z</time><extensions><gpxtpx:TrackPointExtension><gpxtpx:hr>99</gpxtpx:hr></gpxtpx:TrackPointExtension></extensions></trkpt><trkpt lat="0.0" lon="0.0"><time>2026-04-08T16:29:57Z</time><extensions><gpxtpx:TrackPointExtension><gpxtpx:hr>98</gpxtpx:hr></gpxtpx:TrackPointExtension></extensions></trkpt><trkpt lat="0.0" lon="0.0"><time>2026-04-08T16:30:03Z</time><extensions><gpxtpx:TrackPointExtension><gpxtpx:hr>95</gpxtpx:hr></gpxtpx:TrackPointExtension></extensions></trkpt><trkpt lat="0.0" lon="0.0"><time>2026-04-08T16:30:11Z</time><extensions><gpxtpx:TrackPointExtension><gpxtpx:hr>99</gpxtpx:hr></gpxtpx:TrackPointExtension></extensions></trkpt><trkpt lat="0.0" lon="0.0"><time>2026-04-08T16:30:16Z</time><extensions><gpxtpx:TrackPointExtension><gpxtpx:hr>104</gpxtpx:hr></gpxtpx:TrackPointExtension></extensions></trkpt><trkpt lat="0.0" lon="0.0"><time>2026-04-08T16:30:18Z</time><extensions><gpxtpx:TrackPointExtension><gpxtpx:hr>103</gpxtpx:hr></gpxtpx:TrackPointExtension></extensions></trkpt><trkpt lat="0.0" lon="0.0"><time>2026-04-08T16:30:22Z</time><extensions><gpxtpx:TrackPointExtension><gpxtpx:hr>96</gpxtpx:hr></gpxtpx:TrackPointExtension></extensions></trkpt><trkpt lat="0.0" lon="0.0"><time>2026-04-08T16:30:31Z</time><extensions><gpxtpx:TrackPointExtension><gpxtpx:hr>94</gpxtpx:hr></gpxtpx:TrackPointExtension></extensions></trkpt><trkpt lat="0.0" lon="0.0"><time>2026-04-08T16:30:32Z</time><extensions><gpxtpx:TrackPointExtension><gpxtpx:hr>93</gpxtpx:hr></gpxtpx:TrackPointExtension></extensions></trkpt><trkpt lat="0.0" lon="0.0"><time>2026-04-08T16:30:37Z</time><extensions><gpxtpx:TrackPointExtension><gpxtpx:hr>92</gpxtpx:hr></gpxtpx:TrackPointExtension></extensions></trkpt><trkpt lat="0.0" lon="0.0"><time>2026-04-08T16:30:42Z</time><extensions><gpxtpx:TrackPointExtension><gpxtpx:hr>96</gpxtpx:hr></gpxtpx:TrackPointExtension></extensions></trkpt><trkpt lat="0.0" lon="0.0"><time>2026-04-08T16:30:47Z</time><extensions><gpxtpx:TrackPointExtension><gpxtpx:hr>95</gpxtpx:hr></gpxtpx:TrackPointExtension></extensions></trkpt><trkpt lat="0.0" lon="0.0"><time>2026-04-08T16:30:54Z</time><extensions><gpxtpx:TrackPointExtension><gpxtpx:hr>99</gpxtpx:hr></gpxtpx:TrackPointExtension></extensions></trkpt><trkpt lat="0.0" lon="0.0"><time>2026-04-08T16:31:01Z</time><extensions><gpxtpx:TrackPointExtension><gpxtpx:hr>99</gpxtpx:hr></gpxtpx:TrackPointExtension></extensions></trkpt><trkpt lat="0.0" lon="0.0"><time>2026-04-08T16:31:05Z</time><extensions><gpxtpx:TrackPointExtension><gpxtpx:hr>99</gpxtpx:hr></gpxtpx:TrackPointExtension></extensions></trkpt><trkpt lat="0.0" lon="0.0"><time>2026-04-08T16:31:07Z</time><extensions><gpxtpx:TrackPointExtension><gpxtpx:hr>98</gpxtpx:hr></gpxtpx:TrackPointExtension></extensions></trkpt><trkpt lat="0.0" lon="0.0"><time>2026-04-08T16:31:14Z</time><extensions><gpxtpx:TrackPointExtension><gpxtpx:hr>105</gpxtpx:hr></gpxtpx:TrackPointExtension></extensions></trkpt><trkpt lat="0.0" lon="0.0"><time>2026-04-08T16:31:17Z</time><extensions><gpxtpx:TrackPointExtension><gpxtpx:hr>112</gpxtpx:hr></gpxtpx:TrackPointExtension></extensions></trkpt><trkpt lat="0.0" lon="0.0"><time>2026-04-08T16:31:24Z</time><extensions><gpxtpx:TrackPointExtension><gpxtpx:hr>130</gpxtpx:hr></gpxtpx:TrackPointExtension></extensions></trkpt><trkpt lat="0.0" lon="0.0"><time>2026-04-08T16:31:29Z</time><extensions><gpxtpx:TrackPointExtension><gpxtpx:hr>135</gpxtpx:hr></gpxtpx:TrackPointExtension></extensions></trkpt><trkpt lat="0.0" lon="0.0"><time>2026-04-08T16:31:34Z</time><extensions><gpxtpx:TrackPointExtension><gpxtpx:hr>137</gpxtpx:hr></gpxtpx:TrackPointExtension></extensions></trkpt><trkpt lat="0.0" lon="0.0"><time>2026-04-08T16:31:40Z</time><extensions><gpxtpx:TrackPointExtension><gpxtpx:hr>132</gpxtpx:hr></gpxtpx:TrackPointExtension></extensions></trkpt><trkpt lat="0.0" lon="0.0"><time>2026-04-08T16:31:42Z</time><extensions><gpxtpx:TrackPointExtension><gpxtpx:hr>136</gpxtpx:hr></gpxtpx:TrackPointExtension></extensions></trkpt><trkpt lat="0.0" lon="0.0"><time>2026-04-08T16:31:47Z</time><extensions><gpxtpx:TrackPointExtension><gpxtpx:hr>132</gpxtpx:hr></gpxtpx:TrackPointExtension></extensions></trkpt><trkpt lat="0.0" lon="0.0"><time>2026-04-08T16:31:52Z</time><extensions><gpxtpx:TrackPointExtension><gpxtpx:hr>131</gpxtpx:hr></gpxtpx:TrackPointExtension></extensions></trkpt><trkpt lat="0.0" lon="0.0"><time>2026-04-08T16:31:57Z</time><extensions><gpxtpx:TrackPointExtension><gpxtpx:hr>129</gpxtpx:hr></gpxtpx:TrackPointExtension></extensions></trkpt><trkpt lat="0.0" lon="0.0"><time>2026-04-08T16:32:03Z</time><extensions><gpxtpx:TrackPointExtension><gpxtpx:hr>127</gpxtpx:hr></gpxtpx:TrackPointExtension></extensions></trkpt><trkpt lat="0.0" lon="0.0"><time>2026-04-08T16:32:11Z</time><extensions><gpxtpx:TrackPointExtension><gpxtpx:hr>123</gpxtpx:hr></gpxtpx:TrackPointExtension></extensions></trkpt><trkpt lat="0.0" lon="0.0"><time>2026-04-08T16:32:12Z</time><extensions><gpxtpx:TrackPointExtension><gpxtpx:hr>123</gpxtpx:hr></gpxtpx:TrackPointExtension></extensions></trkpt><trkpt lat="0.0" lon="0.0"><time>2026-04-08T16:32:21Z</time><extensions><gpxtpx:TrackPointExtension><gpxtpx:hr>121</gpxtpx:hr></gpxtpx:TrackPointExtension></extensions></trkpt><trkpt lat="0.0" lon="0.0"><time>2026-04-08T16:32:26Z</time><extensions><gpxtpx:TrackPointExtension><gpxtpx:hr>120</gpxtpx:hr></gpxtpx:TrackPointExtension></extensions></trkpt><trkpt lat="0.0" lon="0.0"><time>2026-04-08T16:32:29Z</time><extensions><gpxtpx:TrackPointExtension><gpxtpx:hr>119</gpxtpx:hr></gpxtpx:TrackPointExtension></extensions></trkpt><trkpt lat="0.0" lon="0.0"><time>2026-04-08T16:32:35Z</time><extensions><gpxtpx:TrackPointExtension><gpxtpx:hr>119</gpxtpx:hr></gpxtpx:TrackPointExtension></extensions></trkpt><trkpt lat="0.0" lon="0.0"><time>2026-04-08T16:32:39Z</time><extensions><gpxtpx:TrackPointExtension><gpxtpx:hr>117</gpxtpx:hr></gpxtpx:TrackPointExtension></extensions></trkpt><trkpt lat="0.0" lon="0.0"><time>2026-04-08T16:32:46Z</time><extensions><gpxtpx:TrackPointExtension><gpxtpx:hr>115</gpxtpx:hr></gpxtpx:TrackPointExtension></extensions></trkpt><trkpt lat="0.0" lon="0.0"><time>2026-04-08T16:32:49Z</time><extensions><gpxtpx:TrackPointExtension><gpxtpx:hr>116</gpxtpx:hr></gpxtpx:TrackPointExtension></extensions></trkpt><trkpt lat="0.0" lon="0.0"><time>2026-04-08T16:32:52Z</time><extensions><gpxtpx:TrackPointExtension><gpxtpx:hr>115</gpxtpx:hr></gpxtpx:TrackPointExtension></extensions></trkpt><trkpt lat="0.0" lon="0.0"><time>2026-04-08T16:32:57Z</time><extensions><gpxtpx:TrackPointExtension><gpxtpx:hr>106</gpxtpx:hr></gpxtpx:TrackPointExtension></extensions></trkpt><trkpt lat="0.0" lon="0.0"><time>2026-04-08T16:33:02Z</time><extensions><gpxtpx:TrackPointExtension><gpxtpx:hr>104</gpxtpx:hr></gpxtpx:TrackPointExtension></extensions></trkpt><trkpt lat="0.0" lon="0.0"><time>2026-04-08T16:33:07Z</time><extensions><gpxtpx:TrackPointExtension><gpxtpx:hr>101</gpxtpx:hr></gpxtpx:TrackPointExtension></extensions></trkpt><trkpt lat="0.0" lon="0.0"><time>2026-04-08T16:33:12Z</time><extensions><gpxtpx:TrackPointExtension><gpxtpx:hr>98</gpxtpx:hr></gpxtpx:TrackPointExtension></extensions></trkpt><trkpt lat="0.0" lon="0.0"><time>2026-04-08T16:33:26Z</time><extensions><gpxtpx:TrackPointExtension><gpxtpx:hr>101</gpxtpx:hr></gpxtpx:TrackPointExtension></extensions></trkpt><trkpt lat="0.0" lon="0.0"><time>2026-04-08T16:33:29Z</time><extensions><gpxtpx:TrackPointExtension><gpxtpx:hr>104</gpxtpx:hr></gpxtpx:TrackPointExtension></extensions></trkpt><trkpt lat="0.0" lon="0.0"><time>2026-04-08T16:33:36Z</time><extensions><gpxtpx:TrackPointExtension><gpxtpx:hr>99</gpxtpx:hr></gpxtpx:TrackPointExtension></extensions></trkpt><trkpt lat="0.0" lon="0.0"><time>2026-04-08T16:33:39Z</time><extensions><gpxtpx:TrackPointExtension><gpxtpx:hr>102</gpxtpx:hr></gpxtpx:TrackPointExtension></extensions></trkpt><trkpt lat="0.0" lon="0.0"><time>2026-04-08T16:33:42Z</time><extensions><gpxtpx:TrackPointExtension><gpxtpx:hr>102</gpxtpx:hr></gpxtpx:TrackPointExtension></extensions></trkpt><trkpt lat="0.0" lon="0.0"><time>2026-04-08T16:33:48Z</time><extensions><gpxtpx:TrackPointExtension><gpxtpx:hr>100</gpxtpx:hr></gpxtpx:TrackPointExtension></extensions></trkpt><trkpt lat="0.0" lon="0.0"><time>2026-04-08T16:33:52Z</time><extensions><gpxtpx:TrackPointExtension><gpxtpx:hr>103</gpxtpx:hr></gpxtpx:TrackPointExtension></extensions></trkpt><trkpt lat="0.0" lon="0.0"><time>2026-04-08T16:33:57Z</time><extensions><gpxtpx:TrackPointExtension><gpxtpx:hr>105</gpxtpx:hr></gpxtpx:TrackPointExtension></extensions></trkpt><trkpt lat="0.0" lon="0.0"><time>2026-04-08T16:34:06Z</time><extensions><gpxtpx:TrackPointExtension><gpxtpx:hr>115</gpxtpx:hr></gpxtpx:TrackPointExtension></extensions></trkpt><trkpt lat="0.0" lon="0.0"><time>2026-04-08T16:34:08Z</time><extensions><gpxtpx:TrackPointExtension><gpxtpx:hr>115</gpxtpx:hr></gpxtpx:TrackPointExtension></extensions></trkpt><trkpt lat="0.0" lon="0.0"><time>2026-04-08T16:34:12Z</time><extensions><gpxtpx:TrackPointExtension><gpxtpx:hr>117</gpxtpx:hr></gpxtpx:TrackPointExtension></extensions></trkpt><trkpt lat="0.0" lon="0.0"><time>2026-04-08T16:34:21Z</time><extensions><gpxtpx:TrackPointExtension><gpxtpx:hr>108</gpxtpx:hr></gpxtpx:TrackPointExtension></extensions></trkpt><trkpt lat="0.0" lon="0.0"><time>2026-04-08T16:34:25Z</time><extensions><gpxtpx:TrackPointExtension><gpxtpx:hr>109</gpxtpx:hr></gpxtpx:TrackPointExtension></extensions></trkpt><trkpt lat="0.0" lon="0.0"><time>2026-04-08T16:34:31Z</time><extensions><gpxtpx:TrackPointExtension><gpxtpx:hr>104</gpxtpx:hr></gpxtpx:TrackPointExtension></extensions></trkpt><trkpt lat="0.0" lon="0.0"><time>2026-04-08T16:34:32Z</time><extensions><gpxtpx:TrackPointExtension><gpxtpx:hr>103</gpxtpx:hr></gpxtpx:TrackPointExtension></extensions></trkpt><trkpt lat="0.0" lon="0.0"><time>2026-04-08T16:34:37Z</time><extensions><gpxtpx:TrackPointExtension><gpxtpx:hr>103</gpxtpx:hr></gpxtpx:TrackPointExtension></extensions></trkpt><trkpt lat="0.0" lon="0.0"><time>2026-04-08T16:34:42Z</time><extensions><gpxtpx:TrackPointExtension><gpxtpx:hr>107</gpxtpx:hr></gpxtpx:TrackPointExtension></extensions></trkpt><trkpt lat="0.0" lon="0.0"><time>2026-04-08T16:34:51Z</time><extensions><gpxtpx:TrackPointExtension><gpxtpx:hr>108</gpxtpx:hr></gpxtpx:TrackPointExtension></extensions></trkpt><trkpt lat="0.0" lon="0.0"><time>2026-04-08T16:34:56Z</time><extensions><gpxtpx:TrackPointExtension><gpxtpx:hr>108</gpxtpx:hr></gpxtpx:TrackPointExtension></extensions></trkpt><trkpt lat="0.0" lon="0.0"><time>2026-04-08T16:34:57Z</time><extensions><gpxtpx:TrackPointExtension><gpxtpx:hr>109</gpxtpx:hr></gpxtpx:TrackPointExtension></extensions></trkpt><trkpt lat="0.0" lon="0.0"><time>2026-04-08T16:35:02Z</time><extensions><gpxtpx:TrackPointExtension><gpxtpx:hr>112</gpxtpx:hr></gpxtpx:TrackPointExtension></extensions></trkpt><trkpt lat="0.0" lon="0.0"><time>2026-04-08T16:35:07Z</time><extensions><gpxtpx:TrackPointExtension><gpxtpx:hr>116</gpxtpx:hr></gpxtpx:TrackPointExtension></extensions></trkpt><trkpt lat="0.0" lon="0.0"><time>2026-04-08T16:35:16Z</time><extensions><gpxtpx:TrackPointExtension><gpxtpx:hr>115</gpxtpx:hr></gpxtpx:TrackPointExtension></extensions></trkpt><trkpt lat="0.0" lon="0.0"><time>2026-04-08T16:35:20Z</time><extensions><gpxtpx:TrackPointExtension><gpxtpx:hr>110</gpxtpx:hr></gpxtpx:TrackPointExtension></extensions></trkpt><trkpt lat="0.0" lon="0.0"><time>2026-04-08T16:35:23Z</time><extensions><gpxtpx:TrackPointExtension><gpxtpx:hr>107</gpxtpx:hr></gpxtpx:TrackPointExtension></extensions></trkpt><trkpt lat="0.0" lon="0.0"><time>2026-04-08T16:35:27Z</time><extensions><gpxtpx:TrackPointExtension><gpxtpx:hr>103</gpxtpx:hr></gpxtpx:TrackPointExtension></extensions></trkpt><trkpt lat="0.0" lon="0.0"><time>2026-04-08T16:35:34Z</time><extensions><gpxtpx:TrackPointExtension><gpxtpx:hr>103</gpxtpx:hr></gpxtpx:TrackPointExtension></extensions></trkpt><trkpt lat="0.0" lon="0.0"><time>2026-04-08T16:35:41Z</time><extensions><gpxtpx:TrackPointExtension><gpxtpx:hr>102</gpxtpx:hr></gpxtpx:TrackPointExtension></extensions></trkpt><trkpt lat="0.0" lon="0.0"><time>2026-04-08T16:35:44Z</time><extensions><gpxtpx:TrackPointExtension><gpxtpx:hr>101</gpxtpx:hr></gpxtpx:TrackPointExtension></extensions></trkpt><trkpt lat="0.0" lon="0.0"><time>2026-04-08T16:35:51Z</time><extensions><gpxtpx:TrackPointExtension><gpxtpx:hr>98</gpxtpx:hr></gpxtpx:TrackPointExtension></extensions></trkpt><trkpt lat="0.0" lon="0.0"><time>2026-04-08T16:35:56Z</time><extensions><gpxtpx:TrackPointExtension><gpxtpx:hr>94</gpxtpx:hr></gpxtpx:TrackPointExtension></extensions></trkpt><trkpt lat="0.0" lon="0.0"><time>2026-04-08T16:36:01Z</time><extensions><gpxtpx:TrackPointExtension><gpxtpx:hr>94</gpxtpx:hr></gpxtpx:TrackPointExtension></extensions></trkpt><trkpt lat="0.0" lon="0.0"><time>2026-04-08T16:36:03Z</time><extensions><gpxtpx:TrackPointExtension><gpxtpx:hr>93</gpxtpx:hr></gpxtpx:TrackPointExtension></extensions></trkpt><trkpt lat="0.0" lon="0.0"><time>2026-04-08T16:36:08Z</time><extensions><gpxtpx:TrackPointExtension><gpxtpx:hr>95</gpxtpx:hr></gpxtpx:TrackPointExtension></extensions></trkpt><trkpt lat="0.0" lon="0.0"><time>2026-04-08T16:36:12Z</time><extensions><gpxtpx:TrackPointExtension><gpxtpx:hr>95</gpxtpx:hr></gpxtpx:TrackPointExtension></extensions></trkpt><trkpt lat="0.0" lon="0.0"><time>2026-04-08T16:36:17Z</time><extensions><gpxtpx:TrackPointExtension><gpxtpx:hr>96</gpxtpx:hr></gpxtpx:TrackPointExtension></extensions></trkpt><trkpt lat="0.0" lon="0.0"><time>2026-04-08T16:36:26Z</time><extensions><gpxtpx:TrackPointExtension><gpxtpx:hr>89</gpxtpx:hr></gpxtpx:TrackPointExtension></extensions></trkpt><trkpt lat="0.0" lon="0.0"><time>2026-04-08T16:36:30Z</time><extensions><gpxtpx:TrackPointExtension><gpxtpx:hr>90</gpxtpx:hr></gpxtpx:TrackPointExtension></extensions></trkpt><trkpt lat="0.0" lon="0.0"><time>2026-04-08T16:36:32Z</time><extensions><gpxtpx:TrackPointExtension><gpxtpx:hr>90</gpxtpx:hr></gpxtpx:TrackPointExtension></extensions></trkpt><trkpt lat="0.0" lon="0.0"><time>2026-04-08T16:36:37Z</time><extensions><gpxtpx:TrackPointExtension><gpxtpx:hr>90</gpxtpx:hr></gpxtpx:TrackPointExtension></extensions></trkpt><trkpt lat="0.0" lon="0.0"><time>2026-04-08T16:36:42Z</time><extensions><gpxtpx:TrackPointExtension><gpxtpx:hr>85</gpxtpx:hr></gpxtpx:TrackPointExtension></extensions></trkpt><trkpt lat="0.0" lon="0.0"><time>2026-04-08T16:36:47Z</time><extensions><gpxtpx:TrackPointExtension><gpxtpx:hr>88</gpxtpx:hr></gpxtpx:TrackPointExtension></extensions></trkpt><trkpt lat="0.0" lon="0.0"><time>2026-04-08T16:37:00Z</time><extensions><gpxtpx:TrackPointExtension><gpxtpx:hr>126</gpxtpx:hr></gpxtpx:TrackPointExtension></extensions></trkpt><trkpt lat="0.0" lon="0.0"><time>2026-04-08T16:37:04Z</time><extensions><gpxtpx:TrackPointExtension><gpxtpx:hr>127</gpxtpx:hr></gpxtpx:TrackPointExtension></extensions></trkpt><trkpt lat="0.0" lon="0.0"><time>2026-04-08T16:37:07Z</time><extensions><gpxtpx:TrackPointExtension><gpxtpx:hr>127</gpxtpx:hr></gpxtpx:TrackPointExtension></extensions></trkpt><trkpt lat="0.0" lon="0.0"><time>2026-04-08T16:37:16Z</time><extensions><gpxtpx:TrackPointExtension><gpxtpx:hr>122</gpxtpx:hr></gpxtpx:TrackPointExtension></extensions></trkpt><trkpt lat="0.0" lon="0.0"><time>2026-04-08T16:37:17Z</time><extensions><gpxtpx:TrackPointExtension><gpxtpx:hr>120</gpxtpx:hr></gpxtpx:TrackPointExtension></extensions></trkpt><trkpt lat="0.0" lon="0.0"><time>2026-04-08T16:37:25Z</time><extensions><gpxtpx:TrackPointExtension><gpxtpx:hr>116</gpxtpx:hr></gpxtpx:TrackPointExtension></extensions></trkpt><trkpt lat="0.0" lon="0.0"><time>2026-04-08T16:37:28Z</time><extensions><gpxtpx:TrackPointExtension><gpxtpx:hr>116</gpxtpx:hr></gpxtpx:TrackPointExtension></extensions></trkpt><trkpt lat="0.0" lon="0.0"><time>2026-04-08T16:37:36Z</time><extensions><gpxtpx:TrackPointExtension><gpxtpx:hr>117</gpxtpx:hr></gpxtpx:TrackPointExtension></extensions></trkpt><trkpt lat="0.0" lon="0.0"><time>2026-04-08T16:37:37Z</time><extensions><gpxtpx:TrackPointExtension><gpxtpx:hr>118</gpxtpx:hr></gpxtpx:TrackPointExtension></extensions></trkpt><trkpt lat="0.0" lon="0.0"><time>2026-04-08T16:37:42Z</time><extensions><gpxtpx:TrackPointExtension><gpxtpx:hr>118</gpxtpx:hr></gpxtpx:TrackPointExtension></extensions></trkpt><trkpt lat="0.0" lon="0.0"><time>2026-04-08T16:37:47Z</time><extensions><gpxtpx:TrackPointExtension><gpxtpx:hr>122</gpxtpx:hr></gpxtpx:TrackPointExtension></extensions></trkpt><trkpt lat="0.0" lon="0.0"><time>2026-04-08T16:37:52Z</time><extensions><gpxtpx:TrackPointExtension><gpxtpx:hr>128</gpxtpx:hr></gpxtpx:TrackPointExtension></extensions></trkpt><trkpt lat="0.0" lon="0.0"><time>2026-04-08T16:37:57Z</time><extensions><gpxtpx:TrackPointExtension><gpxtpx:hr>130</gpxtpx:hr></gpxtpx:TrackPointExtension></extensions></trkpt><trkpt lat="0.0" lon="0.0"><time>2026-04-08T16:38:06Z</time><extensions><gpxtpx:TrackPointExtension><gpxtpx:hr>127</gpxtpx:hr></gpxtpx:TrackPointExtension></extensions></trkpt><trkpt lat="0.0" lon="0.0"><time>2026-04-08T16:38:11Z</time><extensions><gpxtpx:TrackPointExtension><gpxtpx:hr>128</gpxtpx:hr></gpxtpx:TrackPointExtension></extensions></trkpt><trkpt lat="0.0" lon="0.0"><time>2026-04-08T16:38:13Z</time><extensions><gpxtpx:TrackPointExtension><gpxtpx:hr>128</gpxtpx:hr></gpxtpx:TrackPointExtension></extensions></trkpt><trkpt lat="0.0" lon="0.0"><time>2026-04-08T16:38:17Z</time><extensions><gpxtpx:TrackPointExtension><gpxtpx:hr>131</gpxtpx:hr></gpxtpx:TrackPointExtension></extensions></trkpt><trkpt lat="0.0" lon="0.0"><time>2026-04-08T16:38:22Z</time><extensions><gpxtpx:TrackPointExtension><gpxtpx:hr>131</gpxtpx:hr></gpxtpx:TrackPointExtension></extensions></trkpt><trkpt lat="0.0" lon="0.0"><time>2026-04-08T16:38:31Z</time><extensions><gpxtpx:TrackPointExtension><gpxtpx:hr>124</gpxtpx:hr></gpxtpx:TrackPointExtension></extensions></trkpt><trkpt lat="0.0" lon="0.0"><time>2026-04-08T16:38:32Z</time><extensions><gpxtpx:TrackPointExtension><gpxtpx:hr>123</gpxtpx:hr></gpxtpx:TrackPointExtension></extensions></trkpt><trkpt lat="0.0" lon="0.0"><time>2026-04-08T16:38:46Z</time><extensions><gpxtpx:TrackPointExtension><gpxtpx:hr>119</gpxtpx:hr></gpxtpx:TrackPointExtension></extensions></trkpt><trkpt lat="0.0" lon="0.0"><time>2026-04-08T16:38:51Z</time><extensions><gpxtpx:TrackPointExtension><gpxtpx:hr>116</gpxtpx:hr></gpxtpx:TrackPointExtension></extensions></trkpt><trkpt lat="0.0" lon="0.0"><time>2026-04-08T16:38:53Z</time><extensions><gpxtpx:TrackPointExtension><gpxtpx:hr>115</gpxtpx:hr></gpxtpx:TrackPointExtension></extensions></trkpt><trkpt lat="0.0" lon="0.0"><time>2026-04-08T16:38:57Z</time><extensions><gpxtpx:TrackPointExtension><gpxtpx:hr>110</gpxtpx:hr></gpxtpx:TrackPointExtension></extensions></trkpt><trkpt lat="0.0" lon="0.0"><time>2026-04-08T16:39:02Z</time><extensions><gpxtpx:TrackPointExtension><gpxtpx:hr>111</gpxtpx:hr></gpxtpx:TrackPointExtension></extensions></trkpt><trkpt lat="0.0" lon="0.0"><time>2026-04-08T16:39:07Z</time><extensions><gpxtpx:TrackPointExtension><gpxtpx:hr>108</gpxtpx:hr></gpxtpx:TrackPointExtension></extensions></trkpt><trkpt lat="0.0" lon="0.0"><time>2026-04-08T16:39:16Z</time><extensions><gpxtpx:TrackPointExtension><gpxtpx:hr>106</gpxtpx:hr></gpxtpx:TrackPointExtension></extensions></trkpt><trkpt lat="0.0" lon="0.0"><time>2026-04-08T16:39:19Z</time><extensions><gpxtpx:TrackPointExtension><gpxtpx:hr>105</gpxtpx:hr></gpxtpx:TrackPointExtension></extensions></trkpt><trkpt lat="0.0" lon="0.0"><time>2026-04-08T16:39:24Z</time><extensions><gpxtpx:TrackPointExtension><gpxtpx:hr>106</gpxtpx:hr></gpxtpx:TrackPointExtension></extensions></trkpt><trkpt lat="0.0" lon="0.0"><time>2026-04-08T16:39:31Z</time><extensions><gpxtpx:TrackPointExtension><gpxtpx:hr>104</gpxtpx:hr></gpxtpx:TrackPointExtension></extensions></trkpt><trkpt lat="0.0" lon="0.0"><time>2026-04-08T16:39:34Z</time><extensions><gpxtpx:TrackPointExtension><gpxtpx:hr>104</gpxtpx:hr></gpxtpx:TrackPointExtension></extensions></trkpt><trkpt lat="0.0" lon="0.0"><time>2026-04-08T16:39:37Z</time><extensions><gpxtpx:TrackPointExtension><gpxtpx:hr>104</gpxtpx:hr></gpxtpx:TrackPointExtension></extensions></trkpt><trkpt lat="0.0" lon="0.0"><time>2026-04-08T16:39:42Z</time><extensions><gpxtpx:TrackPointExtension><gpxtpx:hr>102</gpxtpx:hr></gpxtpx:TrackPointExtension></extensions></trkpt><trkpt lat="0.0" lon="0.0"><time>2026-04-08T16:39:47Z</time><extensions><gpxtpx:TrackPointExtension><gpxtpx:hr>101</gpxtpx:hr></gpxtpx:TrackPointExtension></extensions></trkpt><trkpt lat="0.0" lon="0.0"><time>2026-04-08T16:39:56Z</time><extensions><gpxtpx:TrackPointExtension><gpxtpx:hr>102</gpxtpx:hr></gpxtpx:TrackPointExtension></extensions></trkpt><trkpt lat="0.0" lon="0.0"><time>2026-04-08T16:40:01Z</time><extensions><gpxtpx:TrackPointExtension><gpxtpx:hr>101</gpxtpx:hr></gpxtpx:TrackPointExtension></extensions></trkpt><trkpt lat="0.0" lon="0.0"><time>2026-04-08T16:40:04Z</time><extensions><gpxtpx:TrackPointExtension><gpxtpx:hr>99</gpxtpx:hr></gpxtpx:TrackPointExtension></extensions></trkpt><trkpt lat="0.0" lon="0.0"><time>2026-04-08T16:40:07Z</time><extensions><gpxtpx:TrackPointExtension><gpxtpx:hr>100</gpxtpx:hr></gpxtpx:TrackPointExtension></extensions></trkpt><trkpt lat="0.0" lon="0.0"><time>2026-04-08T16:40:12Z</time><extensions><gpxtpx:TrackPointExtension><gpxtpx:hr>102</gpxtpx:hr></gpxtpx:TrackPointExtension></extensions></trkpt><trkpt lat="0.0" lon="0.0"><time>2026-04-08T16:40:20Z</time><extensions><gpxtpx:TrackPointExtension><gpxtpx:hr>99</gpxtpx:hr></gpxtpx:TrackPointExtension></extensions></trkpt><trkpt lat="0.0" lon="0.0"><time>2026-04-08T16:40:22Z</time><extensions><gpxtpx:TrackPointExtension><gpxtpx:hr>99</gpxtpx:hr></gpxtpx:TrackPointExtension></extensions></trkpt><trkpt lat="0.0" lon="0.0"><time>2026-04-08T16:40:27Z</time><extensions><gpxtpx:TrackPointExtension><gpxtpx:hr>101</gpxtpx:hr></gpxtpx:TrackPointExtension></extensions></trkpt><trkpt lat="0.0" lon="0.0"><time>2026-04-08T16:40:33Z</time><extensions><gpxtpx:TrackPointExtension><gpxtpx:hr>104</gpxtpx:hr></gpxtpx:TrackPointExtension></extensions></trkpt><trkpt lat="0.0" lon="0.0"><time>2026-04-08T16:40:41Z</time><extensions><gpxtpx:TrackPointExtension><gpxtpx:hr>104</gpxtpx:hr></gpxtpx:TrackPointExtension></extensions></trkpt><trkpt lat="0.0" lon="0.0"><time>2026-04-08T16:40:43Z</time><extensions><gpxtpx:TrackPointExtension><gpxtpx:hr>104</gpxtpx:hr></gpxtpx:TrackPointExtension></extensions></trkpt><trkpt lat="0.0" lon="0.0"><time>2026-04-08T16:40:51Z</time><extensions><gpxtpx:TrackPointExtension><gpxtpx:hr>107</gpxtpx:hr></gpxtpx:TrackPointExtension></extensions></trkpt><trkpt lat="0.0" lon="0.0"><time>2026-04-08T16:40:56Z</time><extensions><gpxtpx:TrackPointExtension><gpxtpx:hr>100</gpxtpx:hr></gpxtpx:TrackPointExtension></extensions></trkpt><trkpt lat="0.0" lon="0.0"><time>2026-04-08T16:40:57Z</time><extensions><gpxtpx:TrackPointExtension><gpxtpx:hr>100</gpxtpx:hr></gpxtpx:TrackPointExtension></extensions></trkpt><trkpt lat="0.0" lon="0.0"><time>2026-04-08T16:41:06Z</time><extensions><gpxtpx:TrackPointExtension><gpxtpx:hr>101</gpxtpx:hr></gpxtpx:TrackPointExtension></extensions></trkpt><trkpt lat="0.0" lon="0.0"><time>2026-04-08T16:41:11Z</time><extensions><gpxtpx:TrackPointExtension><gpxtpx:hr>102</gpxtpx:hr></gpxtpx:TrackPointExtension></extensions></trkpt><trkpt lat="0.0" lon="0.0"><time>2026-04-08T16:41:14Z</time><extensions><gpxtpx:TrackPointExtension><gpxtpx:hr>104</gpxtpx:hr></gpxtpx:TrackPointExtension></extensions></trkpt><trkpt lat="0.0" lon="0.0"><time>2026-04-08T16:41:20Z</time><extensions><gpxtpx:TrackPointExtension><gpxtpx:hr>108</gpxtpx:hr></gpxtpx:TrackPointExtension></extensions></trkpt><trkpt lat="0.0" lon="0.0"><time>2026-04-08T16:41:26Z</time><extensions><gpxtpx:TrackPointExtension><gpxtpx:hr>102</gpxtpx:hr></gpxtpx:TrackPointExtension></extensions></trkpt><trkpt lat="0.0" lon="0.0"><time>2026-04-08T16:41:31Z</time><extensions><gpxtpx:TrackPointExtension><gpxtpx:hr>102</gpxtpx:hr></gpxtpx:TrackPointExtension></extensions></trkpt><trkpt lat="0.0" lon="0.0"><time>2026-04-08T16:41:32Z</time><extensions><gpxtpx:TrackPointExtension><gpxtpx:hr>102</gpxtpx:hr></gpxtpx:TrackPointExtension></extensions></trkpt><trkpt lat="0.0" lon="0.0"><time>2026-04-08T16:41:37Z</time><extensions><gpxtpx:TrackPointExtension><gpxtpx:hr>104</gpxtpx:hr></gpxtpx:TrackPointExtension></extensions></trkpt><trkpt lat="0.0" lon="0.0"><time>2026-04-08T16:41:46Z</time><extensions><gpxtpx:TrackPointExtension><gpxtpx:hr>98</gpxtpx:hr></gpxtpx:TrackPointExtension></extensions></trkpt><trkpt lat="0.0" lon="0.0"><time>2026-04-08T16:41:48Z</time><extensions><gpxtpx:TrackPointExtension><gpxtpx:hr>99</gpxtpx:hr></gpxtpx:TrackPointExtension></extensions></trkpt><trkpt lat="0.0" lon="0.0"><time>2026-04-08T16:41:52Z</time><extensions><gpxtpx:TrackPointExtension><gpxtpx:hr>100</gpxtpx:hr></gpxtpx:TrackPointExtension></extensions></trkpt><trkpt lat="0.0" lon="0.0"><time>2026-04-08T16:41:57Z</time><extensions><gpxtpx:TrackPointExtension><gpxtpx:hr>97</gpxtpx:hr></gpxtpx:TrackPointExtension></extensions></trkpt><trkpt lat="0.0" lon="0.0"><time>2026-04-08T16:42:06Z</time><extensions><gpxtpx:TrackPointExtension><gpxtpx:hr>92</gpxtpx:hr></gpxtpx:TrackPointExtension></extensions></trkpt><trkpt lat="0.0" lon="0.0"><time>2026-04-08T16:42:11Z</time><extensions><gpxtpx:TrackPointExtension><gpxtpx:hr>100</gpxtpx:hr></gpxtpx:TrackPointExtension></extensions></trkpt><trkpt lat="0.0" lon="0.0"><time>2026-04-08T16:42:16Z</time><extensions><gpxtpx:TrackPointExtension><gpxtpx:hr>96</gpxtpx:hr></gpxtpx:TrackPointExtension></extensions></trkpt><trkpt lat="0.0" lon="0.0"><time>2026-04-08T16:42:20Z</time><extensions><gpxtpx:TrackPointExtension><gpxtpx:hr>96</gpxtpx:hr></gpxtpx:TrackPointExtension></extensions></trkpt><trkpt lat="0.0" lon="0.0"><time>2026-04-08T16:42:22Z</time><extensions><gpxtpx:TrackPointExtension><gpxtpx:hr>99</gpxtpx:hr></gpxtpx:TrackPointExtension></extensions></trkpt><trkpt lat="0.0" lon="0.0"><time>2026-04-08T16:42:27Z</time><extensions><gpxtpx:TrackPointExtension><gpxtpx:hr>101</gpxtpx:hr></gpxtpx:TrackPointExtension></extensions></trkpt><trkpt lat="0.0" lon="0.0"><time>2026-04-08T16:42:32Z</time><extensions><gpxtpx:TrackPointExtension><gpxtpx:hr>103</gpxtpx:hr></gpxtpx:TrackPointExtension></extensions></trkpt><trkpt lat="0.0" lon="0.0"><time>2026-04-08T16:42:41Z</time><extensions><gpxtpx:TrackPointExtension><gpxtpx:hr>103</gpxtpx:hr></gpxtpx:TrackPointExtension></extensions></trkpt><trkpt lat="0.0" lon="0.0"><time>2026-04-08T16:42:42Z</time><extensions><gpxtpx:TrackPointExtension><gpxtpx:hr>104</gpxtpx:hr></gpxtpx:TrackPointExtension></extensions></trkpt><trkpt lat="0.0" lon="0.0"><time>2026-04-08T16:42:47Z</time><extensions><gpxtpx:TrackPointExtension><gpxtpx:hr>105</gpxtpx:hr></gpxtpx:TrackPointExtension></extensions></trkpt><trkpt lat="0.0" lon="0.0"><time>2026-04-08T16:42:55Z</time><extensions><gpxtpx:TrackPointExtension><gpxtpx:hr>108</gpxtpx:hr></gpxtpx:TrackPointExtension></extensions></trkpt><trkpt lat="0.0" lon="0.0"><time>2026-04-08T16:43:01Z</time><extensions><gpxtpx:TrackPointExtension><gpxtpx:hr>107</gpxtpx:hr></gpxtpx:TrackPointExtension></extensions></trkpt><trkpt lat="0.0" lon="0.0"><time>2026-04-08T16:43:03Z</time><extensions><gpxtpx:TrackPointExtension><gpxtpx:hr>106</gpxtpx:hr></gpxtpx:TrackPointExtension></extensions></trkpt><trkpt lat="0.0" lon="0.0"><time>2026-04-08T16:43:11Z</time><extensions><gpxtpx:TrackPointExtension><gpxtpx:hr>106</gpxtpx:hr></gpxtpx:TrackPointExtension></extensions></trkpt><trkpt lat="0.0" lon="0.0"><time>2026-04-08T16:43:13Z</time><extensions><gpxtpx:TrackPointExtension><gpxtpx:hr>107</gpxtpx:hr></gpxtpx:TrackPointExtension></extensions></trkpt><trkpt lat="0.0" lon="0.0"><time>2026-04-08T16:43:17Z</time><extensions><gpxtpx:TrackPointExtension><gpxtpx:hr>107</gpxtpx:hr></gpxtpx:TrackPointExtension></extensions></trkpt><trkpt lat="0.0" lon="0.0"><time>2026-04-08T16:43:22Z</time><extensions><gpxtpx:TrackPointExtension><gpxtpx:hr>107</gpxtpx:hr></gpxtpx:TrackPointExtension></extensions></trkpt><trkpt lat="0.0" lon="0.0"><time>2026-04-08T16:43:27Z</time><extensions><gpxtpx:TrackPointExtension><gpxtpx:hr>108</gpxtpx:hr></gpxtpx:TrackPointExtension></extensions></trkpt><trkpt lat="0.0" lon="0.0"><time>2026-04-08T16:43:36Z</time><extensions><gpxtpx:TrackPointExtension><gpxtpx:hr>107</gpxtpx:hr></gpxtpx:TrackPointExtension></extensions></trkpt><trkpt lat="0.0" lon="0.0"><time>2026-04-08T16:43:38Z</time><extensions><gpxtpx:TrackPointExtension><gpxtpx:hr>106</gpxtpx:hr></gpxtpx:TrackPointExtension></extensions></trkpt><trkpt lat="0.0" lon="0.0"><time>2026-04-08T16:43:42Z</time><extensions><gpxtpx:TrackPointExtension><gpxtpx:hr>105</gpxtpx:hr></gpxtpx:TrackPointExtension></extensions></trkpt><trkpt lat="0.0" lon="0.0"><time>2026-04-08T16:43:48Z</time><extensions><gpxtpx:TrackPointExtension><gpxtpx:hr>109</gpxtpx:hr></gpxtpx:TrackPointExtension></extensions></trkpt><trkpt lat="0.0" lon="0.0"><time>2026-04-08T16:43:54Z</time><extensions><gpxtpx:TrackPointExtension><gpxtpx:hr>117</gpxtpx:hr></gpxtpx:TrackPointExtension></extensions></trkpt><trkpt lat="0.0" lon="0.0"><time>2026-04-08T16:44:01Z</time><extensions><gpxtpx:TrackPointExtension><gpxtpx:hr>125</gpxtpx:hr></gpxtpx:TrackPointExtension></extensions></trkpt><trkpt lat="0.0" lon="0.0"><time>2026-04-08T16:44:02Z</time><extensions><gpxtpx:TrackPointExtension><gpxtpx:hr>127</gpxtpx:hr></gpxtpx:TrackPointExtension></extensions></trkpt><trkpt lat="0.0" lon="0.0"><time>2026-04-08T16:44:15Z</time><extensions><gpxtpx:TrackPointExtension><gpxtpx:hr>134</gpxtpx:hr></gpxtpx:TrackPointExtension></extensions></trkpt><trkpt lat="0.0" lon="0.0"><time>2026-04-08T16:44:17Z</time><extensions><gpxtpx:TrackPointExtension><gpxtpx:hr>133</gpxtpx:hr></gpxtpx:TrackPointExtension></extensions></trkpt><trkpt lat="0.0" lon="0.0"><time>2026-04-08T16:44:24Z</time><extensions><gpxtpx:TrackPointExtension><gpxtpx:hr>131</gpxtpx:hr></gpxtpx:TrackPointExtension></extensions></trkpt><trkpt lat="0.0" lon="0.0"><time>2026-04-08T16:44:31Z</time><extensions><gpxtpx:TrackPointExtension><gpxtpx:hr>127</gpxtpx:hr></gpxtpx:TrackPointExtension></extensions></trkpt><trkpt lat="0.0" lon="0.0"><time>2026-04-08T16:44:36Z</time><extensions><gpxtpx:TrackPointExtension><gpxtpx:hr>126</gpxtpx:hr></gpxtpx:TrackPointExtension></extensions></trkpt><trkpt lat="0.0" lon="0.0"><time>2026-04-08T16:44:37Z</time><extensions><gpxtpx:TrackPointExtension><gpxtpx:hr>126</gpxtpx:hr></gpxtpx:TrackPointExtension></extensions></trkpt><trkpt lat="0.0" lon="0.0"><time>2026-04-08T16:44:42Z</time><extensions><gpxtpx:TrackPointExtension><gpxtpx:hr>122</gpxtpx:hr></gpxtpx:TrackPointExtension></extensions></trkpt><trkpt lat="0.0" lon="0.0"><time>2026-04-08T16:44:51Z</time><extensions><gpxtpx:TrackPointExtension><gpxtpx:hr>124</gpxtpx:hr></gpxtpx:TrackPointExtension></extensions></trkpt><trkpt lat="0.0" lon="0.0"><time>2026-04-08T16:44:55Z</time><extensions><gpxtpx:TrackPointExtension><gpxtpx:hr>125</gpxtpx:hr></gpxtpx:TrackPointExtension></extensions></trkpt><trkpt lat="0.0" lon="0.0"><time>2026-04-08T16:44:57Z</time><extensions><gpxtpx:TrackPointExtension><gpxtpx:hr>124</gpxtpx:hr></gpxtpx:TrackPointExtension></extensions></trkpt><trkpt lat="0.0" lon="0.0"><time>2026-04-08T16:45:05Z</time><extensions><gpxtpx:TrackPointExtension><gpxtpx:hr>119</gpxtpx:hr></gpxtpx:TrackPointExtension></extensions></trkpt><trkpt lat="0.0" lon="0.0"><time>2026-04-08T16:45:07Z</time><extensions><gpxtpx:TrackPointExtension><gpxtpx:hr>119</gpxtpx:hr></gpxtpx:TrackPointExtension></extensions></trkpt><trkpt lat="0.0" lon="0.0"><time>2026-04-08T16:45:12Z</time><extensions><gpxtpx:TrackPointExtension><gpxtpx:hr>118</gpxtpx:hr></gpxtpx:TrackPointExtension></extensions></trkpt><trkpt lat="0.0" lon="0.0"><time>2026-04-08T16:45:17Z</time><extensions><gpxtpx:TrackPointExtension><gpxtpx:hr>115</gpxtpx:hr></gpxtpx:TrackPointExtension></extensions></trkpt><trkpt lat="0.0" lon="0.0"><time>2026-04-08T16:45:26Z</time><extensions><gpxtpx:TrackPointExtension><gpxtpx:hr>112</gpxtpx:hr></gpxtpx:TrackPointExtension></extensions></trkpt><trkpt lat="0.0" lon="0.0"><time>2026-04-08T16:45:29Z</time><extensions><gpxtpx:TrackPointExtension><gpxtpx:hr>112</gpxtpx:hr></gpxtpx:TrackPointExtension></extensions></trkpt><trkpt lat="0.0" lon="0.0"><time>2026-04-08T16:45:32Z</time><extensions><gpxtpx:TrackPointExtension><gpxtpx:hr>111</gpxtpx:hr></gpxtpx:TrackPointExtension></extensions></trkpt><trkpt lat="0.0" lon="0.0"><time>2026-04-08T16:45:41Z</time><extensions><gpxtpx:TrackPointExtension><gpxtpx:hr>107</gpxtpx:hr></gpxtpx:TrackPointExtension></extensions></trkpt><trkpt lat="0.0" lon="0.0"><time>2026-04-08T16:45:46Z</time><extensions><gpxtpx:TrackPointExtension><gpxtpx:hr>105</gpxtpx:hr></gpxtpx:TrackPointExtension></extensions></trkpt><trkpt lat="0.0" lon="0.0"><time>2026-04-08T16:45:51Z</time><extensions><gpxtpx:TrackPointExtension><gpxtpx:hr>105</gpxtpx:hr></gpxtpx:TrackPointExtension></extensions></trkpt><trkpt lat="0.0" lon="0.0"><time>2026-04-08T16:45:55Z</time><extensions><gpxtpx:TrackPointExtension><gpxtpx:hr>107</gpxtpx:hr></gpxtpx:TrackPointExtension></extensions></trkpt><trkpt lat="0.0" lon="0.0"><time>2026-04-08T16:45:57Z</time><extensions><gpxtpx:TrackPointExtension><gpxtpx:hr>108</gpxtpx:hr></gpxtpx:TrackPointExtension></extensions></trkpt><trkpt lat="0.0" lon="0.0"><time>2026-04-08T16:46:06Z</time><extensions><gpxtpx:TrackPointExtension><gpxtpx:hr>98</gpxtpx:hr></gpxtpx:TrackPointExtension></extensions></trkpt><trkpt lat="0.0" lon="0.0"><time>2026-04-08T16:46:10Z</time><extensions><gpxtpx:TrackPointExtension><gpxtpx:hr>98</gpxtpx:hr></gpxtpx:TrackPointExtension></extensions></trkpt><trkpt lat="0.0" lon="0.0"><time>2026-04-08T16:46:14Z</time><extensions><gpxtpx:TrackPointExtension><gpxtpx:hr>100</gpxtpx:hr></gpxtpx:TrackPointExtension></extensions></trkpt><trkpt lat="0.0" lon="0.0"><time>2026-04-08T16:46:18Z</time><extensions><gpxtpx:TrackPointExtension><gpxtpx:hr>101</gpxtpx:hr></gpxtpx:TrackPointExtension></extensions></trkpt><trkpt lat="0.0" lon="0.0"><time>2026-04-08T16:46:22Z</time><extensions><gpxtpx:TrackPointExtension><gpxtpx:hr>101</gpxtpx:hr></gpxtpx:TrackPointExtension></extensions></trkpt><trkpt lat="0.0" lon="0.0"><time>2026-04-08T16:46:31Z</time><extensions><gpxtpx:TrackPointExtension><gpxtpx:hr>103</gpxtpx:hr></gpxtpx:TrackPointExtension></extensions></trkpt><trkpt lat="0.0" lon="0.0"><time>2026-04-08T16:46:33Z</time><extensions><gpxtpx:TrackPointExtension><gpxtpx:hr>104</gpxtpx:hr></gpxtpx:TrackPointExtension></extensions></trkpt><trkpt lat="0.0" lon="0.0"><time>2026-04-08T16:46:37Z</time><extensions><gpxtpx:TrackPointExtension><gpxtpx:hr>106</gpxtpx:hr></gpxtpx:TrackPointExtension></extensions></trkpt><trkpt lat="0.0" lon="0.0"><time>2026-04-08T16:46:43Z</time><extensions><gpxtpx:TrackPointExtension><gpxtpx:hr>103</gpxtpx:hr></gpxtpx:TrackPointExtension></extensions></trkpt><trkpt lat="0.0" lon="0.0"><time>2026-04-08T16:46:49Z</time><extensions><gpxtpx:TrackPointExtension><gpxtpx:hr>108</gpxtpx:hr></gpxtpx:TrackPointExtension></extensions></trkpt><trkpt lat="0.0" lon="0.0"><time>2026-04-08T16:46:52Z</time><extensions><gpxtpx:TrackPointExtension><gpxtpx:hr>107</gpxtpx:hr></gpxtpx:TrackPointExtension></extensions></trkpt><trkpt lat="0.0" lon="0.0"><time>2026-04-08T16:47:01Z</time><extensions><gpxtpx:TrackPointExtension><gpxtpx:hr>99</gpxtpx:hr></gpxtpx:TrackPointExtension></extensions></trkpt><trkpt lat="0.0" lon="0.0"><time>2026-04-08T16:47:05Z</time><extensions><gpxtpx:TrackPointExtension><gpxtpx:hr>95</gpxtpx:hr></gpxtpx:TrackPointExtension></extensions></trkpt><trkpt lat="0.0" lon="0.0"><time>2026-04-08T16:47:09Z</time><extensions><gpxtpx:TrackPointExtension><gpxtpx:hr>99</gpxtpx:hr></gpxtpx:TrackPointExtension></extensions></trkpt><trkpt lat="0.0" lon="0.0"><time>2026-04-08T16:47:15Z</time><extensions><gpxtpx:TrackPointExtension><gpxtpx:hr>94</gpxtpx:hr></gpxtpx:TrackPointExtension></extensions></trkpt><trkpt lat="0.0" lon="0.0"><time>2026-04-08T16:47:18Z</time><extensions><gpxtpx:TrackPointExtension><gpxtpx:hr>95</gpxtpx:hr></gpxtpx:TrackPointExtension></extensions></trkpt><trkpt lat="0.0" lon="0.0"><time>2026-04-08T16:47:23Z</time><extensions><gpxtpx:TrackPointExtension><gpxtpx:hr>98</gpxtpx:hr></gpxtpx:TrackPointExtension></extensions></trkpt><trkpt lat="0.0" lon="0.0"><time>2026-04-08T16:47:27Z</time><extensions><gpxtpx:TrackPointExtension><gpxtpx:hr>103</gpxtpx:hr></gpxtpx:TrackPointExtension></extensions></trkpt><trkpt lat="0.0" lon="0.0"><time>2026-04-08T16:47:32Z</time><extensions><gpxtpx:TrackPointExtension><gpxtpx:hr>98</gpxtpx:hr></gpxtpx:TrackPointExtension></extensions></trkpt><trkpt lat="0.0" lon="0.0"><time>2026-04-08T16:47:41Z</time><extensions><gpxtpx:TrackPointExtension><gpxtpx:hr>99</gpxtpx:hr></gpxtpx:TrackPointExtension></extensions></trkpt><trkpt lat="0.0" lon="0.0"><time>2026-04-08T16:47:42Z</time><extensions><gpxtpx:TrackPointExtension><gpxtpx:hr>98</gpxtpx:hr></gpxtpx:TrackPointExtension></extensions></trkpt><trkpt lat="0.0" lon="0.0"><time>2026-04-08T16:47:51Z</time><extensions><gpxtpx:TrackPointExtension><gpxtpx:hr>96</gpxtpx:hr></gpxtpx:TrackPointExtension></extensions></trkpt><trkpt lat="0.0" lon="0.0"><time>2026-04-08T16:47:55Z</time><extensions><gpxtpx:TrackPointExtension><gpxtpx:hr>100</gpxtpx:hr></gpxtpx:TrackPointExtension></extensions></trkpt><trkpt lat="0.0" lon="0.0"><time>2026-04-08T16:47:57Z</time><extensions><gpxtpx:TrackPointExtension><gpxtpx:hr>103</gpxtpx:hr></gpxtpx:TrackPointExtension></extensions></trkpt><trkpt lat="0.0" lon="0.0"><time>2026-04-08T16:48:02Z</time><extensions><gpxtpx:TrackPointExtension><gpxtpx:hr>104</gpxtpx:hr></gpxtpx:TrackPointExtension></extensions></trkpt><trkpt lat="0.0" lon="0.0"><time>2026-04-08T16:48:10Z</time><extensions><gpxtpx:TrackPointExtension><gpxtpx:hr>104</gpxtpx:hr></gpxtpx:TrackPointExtension></extensions></trkpt><trkpt lat="0.0" lon="0.0"><time>2026-04-08T16:48:15Z</time><extensions><gpxtpx:TrackPointExtension><gpxtpx:hr>103</gpxtpx:hr></gpxtpx:TrackPointExtension></extensions></trkpt><trkpt lat="0.0" lon="0.0"><time>2026-04-08T16:48:17Z</time><extensions><gpxtpx:TrackPointExtension><gpxtpx:hr>102</gpxtpx:hr></gpxtpx:TrackPointExtension></extensions></trkpt><trkpt lat="0.0" lon="0.0"><time>2026-04-08T16:48:26Z</time><extensions><gpxtpx:TrackPointExtension><gpxtpx:hr>104</gpxtpx:hr></gpxtpx:TrackPointExtension></extensions></trkpt><trkpt lat="0.0" lon="0.0"><time>2026-04-08T16:48:27Z</time><extensions><gpxtpx:TrackPointExtension><gpxtpx:hr>104</gpxtpx:hr></gpxtpx:TrackPointExtension></extensions></trkpt><trkpt lat="0.0" lon="0.0"><time>2026-04-08T16:48:36Z</time><extensions><gpxtpx:TrackPointExtension><gpxtpx:hr>112</gpxtpx:hr></gpxtpx:TrackPointExtension></extensions></trkpt><trkpt lat="0.0" lon="0.0"><time>2026-04-08T16:48:39Z</time><extensions><gpxtpx:TrackPointExtension><gpxtpx:hr>114</gpxtpx:hr></gpxtpx:TrackPointExtension></extensions></trkpt><trkpt lat="0.0" lon="0.0"><time>2026-04-08T16:48:42Z</time><extensions><gpxtpx:TrackPointExtension><gpxtpx:hr>115</gpxtpx:hr></gpxtpx:TrackPointExtension></extensions></trkpt><trkpt lat="0.0" lon="0.0"><time>2026-04-08T16:48:47Z</time><extensions><gpxtpx:TrackPointExtension><gpxtpx:hr>112</gpxtpx:hr></gpxtpx:TrackPointExtension></extensions></trkpt><trkpt lat="0.0" lon="0.0"><time>2026-04-08T16:48:52Z</time><extensions><gpxtpx:TrackPointExtension><gpxtpx:hr>110</gpxtpx:hr></gpxtpx:TrackPointExtension></extensions></trkpt><trkpt lat="0.0" lon="0.0"><time>2026-04-08T16:48:57Z</time><extensions><gpxtpx:TrackPointExtension><gpxtpx:hr>112</gpxtpx:hr></gpxtpx:TrackPointExtension></extensions></trkpt><trkpt lat="0.0" lon="0.0"><time>2026-04-08T16:49:06Z</time><extensions><gpxtpx:TrackPointExtension><gpxtpx:hr>110</gpxtpx:hr></gpxtpx:TrackPointExtension></extensions></trkpt><trkpt lat="0.0" lon="0.0"><time>2026-04-08T16:49:08Z</time><extensions><gpxtpx:TrackPointExtension><gpxtpx:hr>110</gpxtpx:hr></gpxtpx:TrackPointExtension></extensions></trkpt><trkpt lat="0.0" lon="0.0"><time>2026-04-08T16:49:12Z</time><extensions><gpxtpx:TrackPointExtension><gpxtpx:hr>107</gpxtpx:hr></gpxtpx:TrackPointExtension></extensions></trkpt><trkpt lat="0.0" lon="0.0"><time>2026-04-08T16:49:17Z</time><extensions><gpxtpx:TrackPointExtension><gpxtpx:hr>108</gpxtpx:hr></gpxtpx:TrackPointExtension></extensions></trkpt><trkpt lat="0.0" lon="0.0"><time>2026-04-08T16:49:22Z</time><extensions><gpxtpx:TrackPointExtension><gpxtpx:hr>107</gpxtpx:hr></gpxtpx:TrackPointExtension></extensions></trkpt><trkpt lat="0.0" lon="0.0"><time>2026-04-08T16:49:27Z</time><extensions><gpxtpx:TrackPointExtension><gpxtpx:hr>107</gpxtpx:hr></gpxtpx:TrackPointExtension></extensions></trkpt><trkpt lat="0.0" lon="0.0"><time>2026-04-08T16:49:36Z</time><extensions><gpxtpx:TrackPointExtension><gpxtpx:hr>114</gpxtpx:hr></gpxtpx:TrackPointExtension></extensions></trkpt><trkpt lat="0.0" lon="0.0"><time>2026-04-08T16:49:41Z</time><extensions><gpxtpx:TrackPointExtension><gpxtpx:hr>115</gpxtpx:hr></gpxtpx:TrackPointExtension></extensions></trkpt><trkpt lat="0.0" lon="0.0"><time>2026-04-08T16:49:42Z</time><extensions><gpxtpx:TrackPointExtension><gpxtpx:hr>116</gpxtpx:hr></gpxtpx:TrackPointExtension></extensions></trkpt><trkpt lat="0.0" lon="0.0"><time>2026-04-08T16:49:51Z</time><extensions><gpxtpx:TrackPointExtension><gpxtpx:hr>115</gpxtpx:hr></gpxtpx:TrackPointExtension></extensions></trkpt><trkpt lat="0.0" lon="0.0"><time>2026-04-08T16:49:55Z</time><extensions><gpxtpx:TrackPointExtension><gpxtpx:hr>111</gpxtpx:hr></gpxtpx:TrackPointExtension></extensions></trkpt><trkpt lat="0.0" lon="0.0"><time>2026-04-08T16:49:57Z</time><extensions><gpxtpx:TrackPointExtension><gpxtpx:hr>110</gpxtpx:hr></gpxtpx:TrackPointExtension></extensions></trkpt><trkpt lat="0.0" lon="0.0"><time>2026-04-08T16:50:02Z</time><extensions><gpxtpx:TrackPointExtension><gpxtpx:hr>112</gpxtpx:hr></gpxtpx:TrackPointExtension></extensions></trkpt><trkpt lat="0.0" lon="0.0"><time>2026-04-08T16:50:11Z</time><extensions><gpxtpx:TrackPointExtension><gpxtpx:hr>116</gpxtpx:hr></gpxtpx:TrackPointExtension></extensions></trkpt><trkpt lat="0.0" lon="0.0"><time>2026-04-08T16:50:16Z</time><extensions><gpxtpx:TrackPointExtension><gpxtpx:hr>123</gpxtpx:hr></gpxtpx:TrackPointExtension></extensions></trkpt><trkpt lat="0.0" lon="0.0"><time>2026-04-08T16:50:20Z</time><extensions><gpxtpx:TrackPointExtension><gpxtpx:hr>126</gpxtpx:hr></gpxtpx:TrackPointExtension></extensions></trkpt><trkpt lat="0.0" lon="0.0"><time>2026-04-08T16:50:22Z</time><extensions><gpxtpx:TrackPointExtension><gpxtpx:hr>126</gpxtpx:hr></gpxtpx:TrackPointExtension></extensions></trkpt><trkpt lat="0.0" lon="0.0"><time>2026-04-08T16:50:27Z</time><extensions><gpxtpx:TrackPointExtension><gpxtpx:hr>119</gpxtpx:hr></gpxtpx:TrackPointExtension></extensions></trkpt><trkpt lat="0.0" lon="0.0"><time>2026-04-08T16:50:32Z</time><extensions><gpxtpx:TrackPointExtension><gpxtpx:hr>117</gpxtpx:hr></gpxtpx:TrackPointExtension></extensions></trkpt><trkpt lat="0.0" lon="0.0"><time>2026-04-08T16:50:41Z</time><extensions><gpxtpx:TrackPointExtension><gpxtpx:hr>112</gpxtpx:hr></gpxtpx:TrackPointExtension></extensions></trkpt><trkpt lat="0.0" lon="0.0"><time>2026-04-08T16:50:46Z</time><extensions><gpxtpx:TrackPointExtension><gpxtpx:hr>113</gpxtpx:hr></gpxtpx:TrackPointExtension></extensions></trkpt><trkpt lat="0.0" lon="0.0"><time>2026-04-08T16:50:47Z</time><extensions><gpxtpx:TrackPointExtension><gpxtpx:hr>113</gpxtpx:hr></gpxtpx:TrackPointExtension></extensions></trkpt><trkpt lat="0.0" lon="0.0"><time>2026-04-08T16:50:52Z</time><extensions><gpxtpx:TrackPointExtension><gpxtpx:hr>111</gpxtpx:hr></gpxtpx:TrackPointExtension></extensions></trkpt><trkpt lat="0.0" lon="0.0"><time>2026-04-08T16:50:57Z</time><extensions><gpxtpx:TrackPointExtension><gpxtpx:hr>111</gpxtpx:hr></gpxtpx:TrackPointExtension></extensions></trkpt><trkpt lat="0.0" lon="0.0"><time>2026-04-08T16:51:06Z</time><extensions><gpxtpx:TrackPointExtension><gpxtpx:hr>108</gpxtpx:hr></gpxtpx:TrackPointExtension></extensions></trkpt><trkpt lat="0.0" lon="0.0"><time>2026-04-08T16:51:10Z</time><extensions><gpxtpx:TrackPointExtension><gpxtpx:hr>105</gpxtpx:hr></gpxtpx:TrackPointExtension></extensions></trkpt><trkpt lat="0.0" lon="0.0"><time>2026-04-08T16:51:12Z</time><extensions><gpxtpx:TrackPointExtension><gpxtpx:hr>103</gpxtpx:hr></gpxtpx:TrackPointExtension></extensions></trkpt><trkpt lat="0.0" lon="0.0"><time>2026-04-08T16:51:17Z</time><extensions><gpxtpx:TrackPointExtension><gpxtpx:hr>103</gpxtpx:hr></gpxtpx:TrackPointExtension></extensions></trkpt><trkpt lat="0.0" lon="0.0"><time>2026-04-08T16:51:26Z</time><extensions><gpxtpx:TrackPointExtension><gpxtpx:hr>103</gpxtpx:hr></gpxtpx:TrackPointExtension></extensions></trkpt><trkpt lat="0.0" lon="0.0"><time>2026-04-08T16:51:27Z</time><extensions><gpxtpx:TrackPointExtension><gpxtpx:hr>104</gpxtpx:hr></gpxtpx:TrackPointExtension></extensions></trkpt><trkpt lat="0.0" lon="0.0"><time>2026-04-08T16:51:32Z</time><extensions><gpxtpx:TrackPointExtension><gpxtpx:hr>108</gpxtpx:hr></gpxtpx:TrackPointExtension></extensions></trkpt><trkpt lat="0.0" lon="0.0"><time>2026-04-08T16:51:37Z</time><extensions><gpxtpx:TrackPointExtension><gpxtpx:hr>107</gpxtpx:hr></gpxtpx:TrackPointExtension></extensions></trkpt><trkpt lat="0.0" lon="0.0"><time>2026-04-08T16:51:46Z</time><extensions><gpxtpx:TrackPointExtension><gpxtpx:hr>109</gpxtpx:hr></gpxtpx:TrackPointExtension></extensions></trkpt><trkpt lat="0.0" lon="0.0"><time>2026-04-08T16:51:51Z</time><extensions><gpxtpx:TrackPointExtension><gpxtpx:hr>108</gpxtpx:hr></gpxtpx:TrackPointExtension></extensions></trkpt><trkpt lat="0.0" lon="0.0"><time>2026-04-08T16:51:53Z</time><extensions><gpxtpx:TrackPointExtension><gpxtpx:hr>110</gpxtpx:hr></gpxtpx:TrackPointExtension></extensions></trkpt><trkpt lat="0.0" lon="0.0"><time>2026-04-08T16:51:57Z</time><extensions><gpxtpx:TrackPointExtension><gpxtpx:hr>115</gpxtpx:hr></gpxtpx:TrackPointExtension></extensions></trkpt><trkpt lat="0.0" lon="0.0"><time>2026-04-08T16:52:03Z</time><extensions><gpxtpx:TrackPointExtension><gpxtpx:hr>123</gpxtpx:hr></gpxtpx:TrackPointExtension></extensions></trkpt><trkpt lat="0.0" lon="0.0"><time>2026-04-08T16:52:07Z</time><extensions><gpxtpx:TrackPointExtension><gpxtpx:hr>129</gpxtpx:hr></gpxtpx:TrackPointExtension></extensions></trkpt><trkpt lat="0.0" lon="0.0"><time>2026-04-08T16:52:16Z</time><extensions><gpxtpx:TrackPointExtension><gpxtpx:hr>126</gpxtpx:hr></gpxtpx:TrackPointExtension></extensions></trkpt><trkpt lat="0.0" lon="0.0"><time>2026-04-08T16:52:21Z</time><extensions><gpxtpx:TrackPointExtension><gpxtpx:hr>128</gpxtpx:hr></gpxtpx:TrackPointExtension></extensions></trkpt><trkpt lat="0.0" lon="0.0"><time>2026-04-08T16:52:23Z</time><extensions><gpxtpx:TrackPointExtension><gpxtpx:hr>126</gpxtpx:hr></gpxtpx:TrackPointExtension></extensions></trkpt><trkpt lat="0.0" lon="0.0"><time>2026-04-08T16:52:31Z</time><extensions><gpxtpx:TrackPointExtension><gpxtpx:hr>125</gpxtpx:hr></gpxtpx:TrackPointExtension></extensions></trkpt><trkpt lat="0.0" lon="0.0"><time>2026-04-08T16:52:33Z</time><extensions><gpxtpx:TrackPointExtension><gpxtpx:hr>125</gpxtpx:hr></gpxtpx:TrackPointExtension></extensions></trkpt><trkpt lat="0.0" lon="0.0"><time>2026-04-08T16:52:37Z</time><extensions><gpxtpx:TrackPointExtension><gpxtpx:hr>122</gpxtpx:hr></gpxtpx:TrackPointExtension></extensions></trkpt><trkpt lat="0.0" lon="0.0"><time>2026-04-08T16:52:42Z</time><extensions><gpxtpx:TrackPointExtension><gpxtpx:hr>120</gpxtpx:hr></gpxtpx:TrackPointExtension></extensions></trkpt><trkpt lat="0.0" lon="0.0"><time>2026-04-08T16:52:47Z</time><extensions><gpxtpx:TrackPointExtension><gpxtpx:hr>119</gpxtpx:hr></gpxtpx:TrackPointExtension></extensions></trkpt><trkpt lat="0.0" lon="0.0"><time>2026-04-08T16:52:56Z</time><extensions><gpxtpx:TrackPointExtension><gpxtpx:hr>121</gpxtpx:hr></gpxtpx:TrackPointExtension></extensions></trkpt><trkpt lat="0.0" lon="0.0"><time>2026-04-08T16:53:00Z</time><extensions><gpxtpx:TrackPointExtension><gpxtpx:hr>123</gpxtpx:hr></gpxtpx:TrackPointExtension></extensions></trkpt><trkpt lat="0.0" lon="0.0"><time>2026-04-08T16:53:05Z</time><extensions><gpxtpx:TrackPointExtension><gpxtpx:hr>124</gpxtpx:hr></gpxtpx:TrackPointExtension></extensions></trkpt><trkpt lat="0.0" lon="0.0"><time>2026-04-08T16:53:09Z</time><extensions><gpxtpx:TrackPointExtension><gpxtpx:hr>121</gpxtpx:hr></gpxtpx:TrackPointExtension></extensions></trkpt><trkpt lat="0.0" lon="0.0"><time>2026-04-08T16:53:12Z</time><extensions><gpxtpx:TrackPointExtension><gpxtpx:hr>120</gpxtpx:hr></gpxtpx:TrackPointExtension></extensions></trkpt><trkpt lat="0.0" lon="0.0"><time>2026-04-08T16:53:17Z</time><extensions><gpxtpx:TrackPointExtension><gpxtpx:hr>122</gpxtpx:hr></gpxtpx:TrackPointExtension></extensions></trkpt><trkpt lat="0.0" lon="0.0"><time>2026-04-08T16:53:22Z</time><extensions><gpxtpx:TrackPointExtension><gpxtpx:hr>123</gpxtpx:hr></gpxtpx:TrackPointExtension></extensions></trkpt><trkpt lat="0.0" lon="0.0"><time>2026-04-08T16:53:31Z</time><extensions><gpxtpx:TrackPointExtension><gpxtpx:hr>120</gpxtpx:hr></gpxtpx:TrackPointExtension></extensions></trkpt><trkpt lat="0.0" lon="0.0"><time>2026-04-08T16:53:33Z</time><extensions><gpxtpx:TrackPointExtension><gpxtpx:hr>121</gpxtpx:hr></gpxtpx:TrackPointExtension></extensions></trkpt><trkpt lat="0.0" lon="0.0"><time>2026-04-08T16:53:37Z</time><extensions><gpxtpx:TrackPointExtension><gpxtpx:hr>121</gpxtpx:hr></gpxtpx:TrackPointExtension></extensions></trkpt><trkpt lat="0.0" lon="0.0"><time>2026-04-08T16:53:46Z</time><extensions><gpxtpx:TrackPointExtension><gpxtpx:hr>130</gpxtpx:hr></gpxtpx:TrackPointExtension></extensions></trkpt><trkpt lat="0.0" lon="0.0"><time>2026-04-08T16:53:51Z</time><extensions><gpxtpx:TrackPointExtension><gpxtpx:hr>130</gpxtpx:hr></gpxtpx:TrackPointExtension></extensions></trkpt><trkpt lat="0.0" lon="0.0"><time>2026-04-08T16:53:54Z</time><extensions><gpxtpx:TrackPointExtension><gpxtpx:hr>129</gpxtpx:hr></gpxtpx:TrackPointExtension></extensions></trkpt><trkpt lat="0.0" lon="0.0"><time>2026-04-08T16:54:01Z</time><extensions><gpxtpx:TrackPointExtension><gpxtpx:hr>121</gpxtpx:hr></gpxtpx:TrackPointExtension></extensions></trkpt><trkpt lat="0.0" lon="0.0"><time>2026-04-08T16:54:02Z</time><extensions><gpxtpx:TrackPointExtension><gpxtpx:hr>121</gpxtpx:hr></gpxtpx:TrackPointExtension></extensions></trkpt><trkpt lat="0.0" lon="0.0"><time>2026-04-08T16:54:07Z</time><extensions><gpxtpx:TrackPointExtension><gpxtpx:hr>123</gpxtpx:hr></gpxtpx:TrackPointExtension></extensions></trkpt><trkpt lat="0.0" lon="0.0"><time>2026-04-08T16:54:12Z</time><extensions><gpxtpx:TrackPointExtension><gpxtpx:hr>128</gpxtpx:hr></gpxtpx:TrackPointExtension></extensions></trkpt><trkpt lat="0.0" lon="0.0"><time>2026-04-08T16:54:20Z</time><extensions><gpxtpx:TrackPointExtension><gpxtpx:hr>121</gpxtpx:hr></gpxtpx:TrackPointExtension></extensions></trkpt><trkpt lat="0.0" lon="0.0"><time>2026-04-08T16:54:22Z</time><extensions><gpxtpx:TrackPointExtension><gpxtpx:hr>120</gpxtpx:hr></gpxtpx:TrackPointExtension></extensions></trkpt><trkpt lat="0.0" lon="0.0"><time>2026-04-08T16:54:30Z</time><extensions><gpxtpx:TrackPointExtension><gpxtpx:hr>118</gpxtpx:hr></gpxtpx:TrackPointExtension></extensions></trkpt><trkpt lat="0.0" lon="0.0"><time>2026-04-08T16:54:32Z</time><extensions><gpxtpx:TrackPointExtension><gpxtpx:hr>117</gpxtpx:hr></gpxtpx:TrackPointExtension></extensions></trkpt><trkpt lat="0.0" lon="0.0"><time>2026-04-08T16:54:49Z</time><extensions><gpxtpx:TrackPointExtension><gpxtpx:hr>109</gpxtpx:hr></gpxtpx:TrackPointExtension></extensions></trkpt><trkpt lat="0.0" lon="0.0"><time>2026-04-08T16:54:56Z</time><extensions><gpxtpx:TrackPointExtension><gpxtpx:hr>108</gpxtpx:hr></gpxtpx:TrackPointExtension></extensions></trkpt><trkpt lat="0.0" lon="0.0"><time>2026-04-08T16:54:59Z</time><extensions><gpxtpx:TrackPointExtension><gpxtpx:hr>108</gpxtpx:hr></gpxtpx:TrackPointExtension></extensions></trkpt><trkpt lat="0.0" lon="0.0"><time>2026-04-08T16:55:02Z</time><extensions><gpxtpx:TrackPointExtension><gpxtpx:hr>107</gpxtpx:hr></gpxtpx:TrackPointExtension></extensions></trkpt><trkpt lat="0.0" lon="0.0"><time>2026-04-08T16:55:11Z</time><extensions><gpxtpx:TrackPointExtension><gpxtpx:hr>101</gpxtpx:hr></gpxtpx:TrackPointExtension></extensions></trkpt><trkpt lat="0.0" lon="0.0"><time>2026-04-08T16:55:12Z</time><extensions><gpxtpx:TrackPointExtension><gpxtpx:hr>101</gpxtpx:hr></gpxtpx:TrackPointExtension></extensions></trkpt><trkpt lat="0.0" lon="0.0"><time>2026-04-08T16:55:17Z</time><extensions><gpxtpx:TrackPointExtension><gpxtpx:hr>103</gpxtpx:hr></gpxtpx:TrackPointExtension></extensions></trkpt><trkpt lat="0.0" lon="0.0"><time>2026-04-08T16:55:26Z</time><extensions><gpxtpx:TrackPointExtension><gpxtpx:hr>108</gpxtpx:hr></gpxtpx:TrackPointExtension></extensions></trkpt><trkpt lat="0.0" lon="0.0"><time>2026-04-08T16:55:31Z</time><extensions><gpxtpx:TrackPointExtension><gpxtpx:hr>105</gpxtpx:hr></gpxtpx:TrackPointExtension></extensions></trkpt><trkpt lat="0.0" lon="0.0"><time>2026-04-08T16:55:36Z</time><extensions><gpxtpx:TrackPointExtension><gpxtpx:hr>104</gpxtpx:hr></gpxtpx:TrackPointExtension></extensions></trkpt><trkpt lat="0.0" lon="0.0"><time>2026-04-08T16:55:38Z</time><extensions><gpxtpx:TrackPointExtension><gpxtpx:hr>105</gpxtpx:hr></gpxtpx:TrackPointExtension></extensions></trkpt><trkpt lat="0.0" lon="0.0"><time>2026-04-08T16:55:42Z</time><extensions><gpxtpx:TrackPointExtension><gpxtpx:hr>105</gpxtpx:hr></gpxtpx:TrackPointExtension></extensions></trkpt><trkpt lat="0.0" lon="0.0"><time>2026-04-08T16:55:51Z</time><extensions><gpxtpx:TrackPointExtension><gpxtpx:hr>102</gpxtpx:hr></gpxtpx:TrackPointExtension></extensions></trkpt><trkpt lat="0.0" lon="0.0"><time>2026-04-08T16:55:56Z</time><extensions><gpxtpx:TrackPointExtension><gpxtpx:hr>102</gpxtpx:hr></gpxtpx:TrackPointExtension></extensions></trkpt><trkpt lat="0.0" lon="0.0"><time>2026-04-08T16:55:57Z</time><extensions><gpxtpx:TrackPointExtension><gpxtpx:hr>101</gpxtpx:hr></gpxtpx:TrackPointExtension></extensions></trkpt><trkpt lat="0.0" lon="0.0"><time>2026-04-08T16:56:02Z</time><extensions><gpxtpx:TrackPointExtension><gpxtpx:hr>102</gpxtpx:hr></gpxtpx:TrackPointExtension></extensions></trkpt><trkpt lat="0.0" lon="0.0"><time>2026-04-08T16:56:11Z</time><extensions><gpxtpx:TrackPointExtension><gpxtpx:hr>120</gpxtpx:hr></gpxtpx:TrackPointExtension></extensions></trkpt><trkpt lat="0.0" lon="0.0"><time>2026-04-08T16:56:16Z</time><extensions><gpxtpx:TrackPointExtension><gpxtpx:hr>128</gpxtpx:hr></gpxtpx:TrackPointExtension></extensions></trkpt><trkpt lat="0.0" lon="0.0"><time>2026-04-08T16:56:17Z</time><extensions><gpxtpx:TrackPointExtension><gpxtpx:hr>129</gpxtpx:hr></gpxtpx:TrackPointExtension></extensions></trkpt><trkpt lat="0.0" lon="0.0"><time>2026-04-08T16:56:26Z</time><extensions><gpxtpx:TrackPointExtension><gpxtpx:hr>128</gpxtpx:hr></gpxtpx:TrackPointExtension></extensions></trkpt><trkpt lat="0.0" lon="0.0"><time>2026-04-08T16:56:31Z</time><extensions><gpxtpx:TrackPointExtension><gpxtpx:hr>127</gpxtpx:hr></gpxtpx:TrackPointExtension></extensions></trkpt><trkpt lat="0.0" lon="0.0"><time>2026-04-08T16:56:36Z</time><extensions><gpxtpx:TrackPointExtension><gpxtpx:hr>126</gpxtpx:hr></gpxtpx:TrackPointExtension></extensions></trkpt><trkpt lat="0.0" lon="0.0"><time>2026-04-08T16:56:37Z</time><extensions><gpxtpx:TrackPointExtension><gpxtpx:hr>126</gpxtpx:hr></gpxtpx:TrackPointExtension></extensions></trkpt><trkpt lat="0.0" lon="0.0"><time>2026-04-08T16:56:46Z</time><extensions><gpxtpx:TrackPointExtension><gpxtpx:hr>123</gpxtpx:hr></gpxtpx:TrackPointExtension></extensions></trkpt><trkpt lat="0.0" lon="0.0"><time>2026-04-08T16:56:51Z</time><extensions><gpxtpx:TrackPointExtension><gpxtpx:hr>122</gpxtpx:hr></gpxtpx:TrackPointExtension></extensions></trkpt><trkpt lat="0.0" lon="0.0"><time>2026-04-08T16:56:56Z</time><extensions><gpxtpx:TrackPointExtension><gpxtpx:hr>118</gpxtpx:hr></gpxtpx:TrackPointExtension></extensions></trkpt><trkpt lat="0.0" lon="0.0"><time>2026-04-08T16:57:00Z</time><extensions><gpxtpx:TrackPointExtension><gpxtpx:hr>117</gpxtpx:hr></gpxtpx:TrackPointExtension></extensions></trkpt><trkpt lat="0.0" lon="0.0"><time>2026-04-08T16:57:04Z</time><extensions><gpxtpx:TrackPointExtension><gpxtpx:hr>116</gpxtpx:hr></gpxtpx:TrackPointExtension></extensions></trkpt><trkpt lat="0.0" lon="0.0"><time>2026-04-08T16:57:07Z</time><extensions><gpxtpx:TrackPointExtension><gpxtpx:hr>116</gpxtpx:hr></gpxtpx:TrackPointExtension></extensions></trkpt><trkpt lat="0.0" lon="0.0"><time>2026-04-08T16:57:16Z</time><extensions><gpxtpx:TrackPointExtension><gpxtpx:hr>107</gpxtpx:hr></gpxtpx:TrackPointExtension></extensions></trkpt><trkpt lat="0.0" lon="0.0"><time>2026-04-08T16:57:21Z</time><extensions><gpxtpx:TrackPointExtension><gpxtpx:hr>113</gpxtpx:hr></gpxtpx:TrackPointExtension></extensions></trkpt><trkpt lat="0.0" lon="0.0"><time>2026-04-08T16:57:22Z</time><extensions><gpxtpx:TrackPointExtension><gpxtpx:hr>112</gpxtpx:hr></gpxtpx:TrackPointExtension></extensions></trkpt><trkpt lat="0.0" lon="0.0"><time>2026-04-08T16:57:27Z</time><extensions><gpxtpx:TrackPointExtension><gpxtpx:hr>106</gpxtpx:hr></gpxtpx:TrackPointExtension></extensions></trkpt><trkpt lat="0.0" lon="0.0"><time>2026-04-08T16:57:32Z</time><extensions><gpxtpx:TrackPointExtension><gpxtpx:hr>110</gpxtpx:hr></gpxtpx:TrackPointExtension></extensions></trkpt><trkpt lat="0.0" lon="0.0"><time>2026-04-08T16:57:40Z</time><extensions><gpxtpx:TrackPointExtension><gpxtpx:hr>107</gpxtpx:hr></gpxtpx:TrackPointExtension></extensions></trkpt><trkpt lat="0.0" lon="0.0"><time>2026-04-08T16:57:42Z</time><extensions><gpxtpx:TrackPointExtension><gpxtpx:hr>107</gpxtpx:hr></gpxtpx:TrackPointExtension></extensions></trkpt><trkpt lat="0.0" lon="0.0"><time>2026-04-08T16:57:51Z</time><extensions><gpxtpx:TrackPointExtension><gpxtpx:hr>115</gpxtpx:hr></gpxtpx:TrackPointExtension></extensions></trkpt><trkpt lat="0.0" lon="0.0"><time>2026-04-08T16:57:54Z</time><extensions><gpxtpx:TrackPointExtension><gpxtpx:hr>116</gpxtpx:hr></gpxtpx:TrackPointExtension></extensions></trkpt><trkpt lat="0.0" lon="0.0"><time>2026-04-08T16:57:58Z</time><extensions><gpxtpx:TrackPointExtension><gpxtpx:hr>126</gpxtpx:hr></gpxtpx:TrackPointExtension></extensions></trkpt><trkpt lat="0.0" lon="0.0"><time>2026-04-08T16:58:06Z</time><extensions><gpxtpx:TrackPointExtension><gpxtpx:hr>123</gpxtpx:hr></gpxtpx:TrackPointExtension></extensions></trkpt><trkpt lat="0.0" lon="0.0"><time>2026-04-08T16:58:07Z</time><extensions><gpxtpx:TrackPointExtension><gpxtpx:hr>123</gpxtpx:hr></gpxtpx:TrackPointExtension></extensions></trkpt><trkpt lat="0.0" lon="0.0"><time>2026-04-08T16:58:12Z</time><extensions><gpxtpx:TrackPointExtension><gpxtpx:hr>123</gpxtpx:hr></gpxtpx:TrackPointExtension></extensions></trkpt><trkpt lat="0.0" lon="0.0"><time>2026-04-08T16:58:18Z</time><extensions><gpxtpx:TrackPointExtension><gpxtpx:hr>123</gpxtpx:hr></gpxtpx:TrackPointExtension></extensions></trkpt><trkpt lat="0.0" lon="0.0"><time>2026-04-08T16:58:23Z</time><extensions><gpxtpx:TrackPointExtension><gpxtpx:hr>122</gpxtpx:hr></gpxtpx:TrackPointExtension></extensions></trkpt><trkpt lat="0.0" lon="0.0"><time>2026-04-08T16:58:28Z</time><extensions><gpxtpx:TrackPointExtension><gpxtpx:hr>120</gpxtpx:hr></gpxtpx:TrackPointExtension></extensions></trkpt><trkpt lat="0.0" lon="0.0"><time>2026-04-08T16:58:32Z</time><extensions><gpxtpx:TrackPointExtension><gpxtpx:hr>117</gpxtpx:hr></gpxtpx:TrackPointExtension></extensions></trkpt><trkpt lat="0.0" lon="0.0"><time>2026-04-08T16:58:38Z</time><extensions><gpxtpx:TrackPointExtension><gpxtpx:hr>115</gpxtpx:hr></gpxtpx:TrackPointExtension></extensions></trkpt><trkpt lat="0.0" lon="0.0"><time>2026-04-08T16:58:42Z</time><extensions><gpxtpx:TrackPointExtension><gpxtpx:hr>113</gpxtpx:hr></gpxtpx:TrackPointExtension></extensions></trkpt><trkpt lat="0.0" lon="0.0"><time>2026-04-08T16:58:51Z</time><extensions><gpxtpx:TrackPointExtension><gpxtpx:hr>116</gpxtpx:hr></gpxtpx:TrackPointExtension></extensions></trkpt><trkpt lat="0.0" lon="0.0"><time>2026-04-08T16:58:56Z</time><extensions><gpxtpx:TrackPointExtension><gpxtpx:hr>117</gpxtpx:hr></gpxtpx:TrackPointExtension></extensions></trkpt><trkpt lat="0.0" lon="0.0"><time>2026-04-08T16:58:57Z</time><extensions><gpxtpx:TrackPointExtension><gpxtpx:hr>117</gpxtpx:hr></gpxtpx:TrackPointExtension></extensions></trkpt><trkpt lat="0.0" lon="0.0"><time>2026-04-08T16:59:02Z</time><extensions><gpxtpx:TrackPointExtension><gpxtpx:hr>112</gpxtpx:hr></gpxtpx:TrackPointExtension></extensions></trkpt><trkpt lat="0.0" lon="0.0"><time>2026-04-08T16:59:07Z</time><extensions><gpxtpx:TrackPointExtension><gpxtpx:hr>110</gpxtpx:hr></gpxtpx:TrackPointExtension></extensions></trkpt><trkpt lat="0.0" lon="0.0"><time>2026-04-08T16:59:12Z</time><extensions><gpxtpx:TrackPointExtension><gpxtpx:hr>110</gpxtpx:hr></gpxtpx:TrackPointExtension></extensions></trkpt><trkpt lat="0.0" lon="0.0"><time>2026-04-08T16:59:21Z</time><extensions><gpxtpx:TrackPointExtension><gpxtpx:hr>111</gpxtpx:hr></gpxtpx:TrackPointExtension></extensions></trkpt><trkpt lat="0.0" lon="0.0"><time>2026-04-08T16:59:24Z</time><extensions><gpxtpx:TrackPointExtension><gpxtpx:hr>112</gpxtpx:hr></gpxtpx:TrackPointExtension></extensions></trkpt><trkpt lat="0.0" lon="0.0"><time>2026-04-08T16:59:27Z</time><extensions><gpxtpx:TrackPointExtension><gpxtpx:hr>111</gpxtpx:hr></gpxtpx:TrackPointExtension></extensions></trkpt><trkpt lat="0.0" lon="0.0"><time>2026-04-08T16:59:32Z</time><extensions><gpxtpx:TrackPointExtension><gpxtpx:hr>111</gpxtpx:hr></gpxtpx:TrackPointExtension></extensions></trkpt><trkpt lat="0.0" lon="0.0"><time>2026-04-08T16:59:37Z</time><extensions><gpxtpx:TrackPointExtension><gpxtpx:hr>112</gpxtpx:hr></gpxtpx:TrackPointExtension></extensions></trkpt><trkpt lat="0.0" lon="0.0"><time>2026-04-08T16:59:43Z</time><extensions><gpxtpx:TrackPointExtension><gpxtpx:hr>114</gpxtpx:hr></gpxtpx:TrackPointExtension></extensions></trkpt><trkpt lat="0.0" lon="0.0"><time>2026-04-08T16:59:55Z</time><extensions><gpxtpx:TrackPointExtension><gpxtpx:hr>113</gpxtpx:hr></gpxtpx:TrackPointExtension></extensions></trkpt><trkpt lat="0.0" lon="0.0"><time>2026-04-08T17:00:01Z</time><extensions><gpxtpx:TrackPointExtension><gpxtpx:hr>113</gpxtpx:hr></gpxtpx:TrackPointExtension></extensions></trkpt><trkpt lat="0.0" lon="0.0"><time>2026-04-08T17:00:06Z</time><extensions><gpxtpx:TrackPointExtension><gpxtpx:hr>113</gpxtpx:hr></gpxtpx:TrackPointExtension></extensions></trkpt><trkpt lat="0.0" lon="0.0"><time>2026-04-08T17:00:11Z</time><extensions><gpxtpx:TrackPointExtension><gpxtpx:hr>114</gpxtpx:hr></gpxtpx:TrackPointExtension></extensions></trkpt><trkpt lat="0.0" lon="0.0"><time>2026-04-08T17:00:12Z</time><extensions><gpxtpx:TrackPointExtension><gpxtpx:hr>114</gpxtpx:hr></gpxtpx:TrackPointExtension></extensions></trkpt><trkpt lat="0.0" lon="0.0"><time>2026-04-08T17:00:21Z</time><extensions><gpxtpx:TrackPointExtension><gpxtpx:hr>111</gpxtpx:hr></gpxtpx:TrackPointExtension></extensions></trkpt><trkpt lat="0.0" lon="0.0"><time>2026-04-08T17:00:26Z</time><extensions><gpxtpx:TrackPointExtension><gpxtpx:hr>111</gpxtpx:hr></gpxtpx:TrackPointExtension></extensions></trkpt><trkpt lat="0.0" lon="0.0"><time>2026-04-08T17:00:27Z</time><extensions><gpxtpx:TrackPointExtension><gpxtpx:hr>111</gpxtpx:hr></gpxtpx:TrackPointExtension></extensions></trkpt><trkpt lat="0.0" lon="0.0"><time>2026-04-08T17:00:35Z</time><extensions><gpxtpx:TrackPointExtension><gpxtpx:hr>109</gpxtpx:hr></gpxtpx:TrackPointExtension></extensions></trkpt><trkpt lat="0.0" lon="0.0"><time>2026-04-08T17:00:38Z</time><extensions><gpxtpx:TrackPointExtension><gpxtpx:hr>108</gpxtpx:hr></gpxtpx:TrackPointExtension></extensions></trkpt><trkpt lat="0.0" lon="0.0"><time>2026-04-08T17:00:42Z</time><extensions><gpxtpx:TrackPointExtension><gpxtpx:hr>105</gpxtpx:hr></gpxtpx:TrackPointExtension></extensions></trkpt><trkpt lat="0.0" lon="0.0"><time>2026-04-08T17:00:47Z</time><extensions><gpxtpx:TrackPointExtension><gpxtpx:hr>107</gpxtpx:hr></gpxtpx:TrackPointExtension></extensions></trkpt><trkpt lat="0.0" lon="0.0"><time>2026-04-08T17:00:56Z</time><extensions><gpxtpx:TrackPointExtension><gpxtpx:hr>101</gpxtpx:hr></gpxtpx:TrackPointExtension></extensions></trkpt><trkpt lat="0.0" lon="0.0"><time>2026-04-08T17:00:58Z</time><extensions><gpxtpx:TrackPointExtension><gpxtpx:hr>99</gpxtpx:hr></gpxtpx:TrackPointExtension></extensions></trkpt><trkpt lat="0.0" lon="0.0"><time>2026-04-08T17:01:02Z</time><extensions><gpxtpx:TrackPointExtension><gpxtpx:hr>101</gpxtpx:hr></gpxtpx:TrackPointExtension></extensions></trkpt><trkpt lat="0.0" lon="0.0"><time>2026-04-08T17:01:07Z</time><extensions><gpxtpx:TrackPointExtension><gpxtpx:hr>101</gpxtpx:hr></gpxtpx:TrackPointExtension></extensions></trkpt></trkseg></trk></gpx>