<?xml version="1.0" encoding="UTF-8" standalone="no"?><gpx xmlns="http://www.topografix.com/GPX/1/1" xmlns:gpxtpx="http://www.garmin.com/xmlschemas/TrackPointExtension/v1" xmlns:xsi="http://www.w3.org/2001/XMLSchema-instance" creator="Sports Tracker" version="1.1" xsi:schemaLocation="http://www.topografix.com/GPX/1/1 http://www.topografix.com/GPX/1/1/gpx.xsd http://www.garmin.com/xmlschemas/TrackPointExtension/v1 http://www.garmin.com/xmlschemas/TrackPointExtensionv1.xsd"><metadata><name/><desc/><author><name>anttipehkonen240</name></author></metadata><trk><name/><trkseg><trkpt lat="60.241372" lon="24.657362"><ele>29.3</ele><time>2026-03-12T07:28:52Z</time></trkpt><trkpt lat="60.241372" lon="24.657363"><ele>29.5</ele><time>2026-03-12T07:28:53Z</time></trkpt><trkpt lat="60.241373" lon="24.657363"><ele>28.5</ele><time>2026-03-12T07:28:54Z</time></trkpt><trkpt lat="60.24137" lon="24.657358"><ele>28.4</ele><time>2026-03-12T07:28:55Z</time></trkpt><trkpt lat="60.241368" lon="24.65735"><ele>28.8</ele><time>2026-03-12T07:28:56Z</time></trkpt><trkpt lat="60.241365" lon="24.657348"><ele>28.6</ele><time>2026-03-12T07:28:57Z</time></trkpt><trkpt lat="60.241362" lon="24.65734"><ele>28.4</ele><time>2026-03-12T07:28:59Z</time></trkpt><trkpt lat="60.241363" lon="24.657338"><ele>28.9</ele><time>2026-03-12T07:29:00Z</time></trkpt><trkpt lat="60.24136" lon="24.65734"><ele>29.8</ele><time>2026-03-12T07:29:08Z</time><extensions><gpxtpx:TrackPointExtension><gpxtpx:hr>71</gpxtpx:hr></gpxtpx:TrackPointExtension></extensions></trkpt><trkpt lat="60.241353" lon="24.65732"><ele>29.7</ele><time>2026-03-12T07:29:09Z</time></trkpt><trkpt lat="60.241348" lon="24.657305"><ele>29.7</ele><time>2026-03-12T07:29:10Z</time></trkpt><trkpt lat="60.241358" lon="24.657248"><ele>31.9</ele><time>2026-03-12T07:29:11Z</time></trkpt><trkpt lat="60.241343" lon="24.657225"><ele>32.0</ele><time>2026-03-12T07:29:12Z</time><extensions><gpxtpx:TrackPointExtension><gpxtpx:hr>71</gpxtpx:hr></gpxtpx:TrackPointExtension></extensions></trkpt><trkpt lat="60.241327" lon="24.65719"><ele>31.7</ele><time>2026-03-12T07:29:13Z</time></trkpt><trkpt lat="60.241308" lon="24.65718"><ele>32.2</ele><time>2026-03-12T07:29:14Z</time></trkpt><trkpt lat="60.241288" lon="24.657192"><ele>31.9</ele><time>2026-03-12T07:29:15Z</time><extensions><gpxtpx:TrackPointExtension><gpxtpx:hr>70</gpxtpx:hr></gpxtpx:TrackPointExtension></extensions></trkpt><trkpt lat="60.241272" lon="24.657195"><ele>31.6</ele><time>2026-03-12T07:29:16Z</time></trkpt><trkpt lat="60.241265" lon="24.657202"><ele>31.5</ele><time>2026-03-12T07:29:17Z</time></trkpt><trkpt lat="60.241265" lon="24.65723"><ele>31.3</ele><time>2026-03-12T07:29:18Z</time></trkpt><trkpt lat="60.241267" lon="24.657245"><ele>31.3</ele><time>2026-03-12T07:29:19Z</time></trkpt><trkpt lat="60.241292" lon="24.65729"><ele>30.8</ele><time>2026-03-12T07:29:22Z</time><extensions><gpxtpx:TrackPointExtension><gpxtpx:hr>70</gpxtpx:hr></gpxtpx:TrackPointExtension></extensions></trkpt><trkpt lat="60.241307" lon="24.657317"><ele>30.9</ele><time>2026-03-12T07:29:23Z</time></trkpt><trkpt lat="60.241325" lon="24.657327"><ele>30.7</ele><time>2026-03-12T07:29:24Z</time></trkpt><trkpt lat="60.241343" lon="24.657347"><ele>30.8</ele><time>2026-03-12T07:29:25Z</time><extensions><gpxtpx:TrackPointExtension><gpxtpx:hr>70</gpxtpx:hr></gpxtpx:TrackPointExtension></extensions></trkpt><trkpt lat="60.241363" lon="24.657345"><ele>30.8</ele><time>2026-03-12T07:29:26Z</time></trkpt><trkpt lat="60.241372" lon="24.657328"><ele>30.8</ele><time>2026-03-12T07:29:27Z</time></trkpt><trkpt lat="60.241375" lon="24.657315"><ele>31.1</ele><time>2026-03-12T07:29:28Z</time><extensions><gpxtpx:TrackPointExtension><gpxtpx:hr>71</gpxtpx:hr></gpxtpx:TrackPointExtension></extensions></trkpt><trkpt lat="60.24135" lon="24.657263"><ele>29.7</ele><time>2026-03-12T07:29:44Z</time><extensions><gpxtpx:TrackPointExtension><gpxtpx:hr>75</gpxtpx:hr></gpxtpx:TrackPointExtension></extensions></trkpt><trkpt lat="60.24135" lon="24.657263"><ele>29.7</ele><time>2026-03-12T07:29:38Z</time><extensions><gpxtpx:TrackPointExtension><gpxtpx:hr>75</gpxtpx:hr></gpxtpx:TrackPointExtension></extensions></trkpt><trkpt lat="60.24135" lon="24.657263"><ele>29.7</ele><time>2026-03-12T07:29:44Z</time><extensions><gpxtpx:TrackPointExtension><gpxtpx:hr>67</gpxtpx:hr></gpxtpx:TrackPointExtension></extensions></trkpt><trkpt lat="60.241353" lon="24.657277"><ele>28.6</ele><time>2026-03-12T07:29:45Z</time></trkpt><trkpt lat="60.241352" lon="24.657272"><ele>28.6</ele><time>2026-03-12T07:29:46Z</time></trkpt><trkpt lat="60.241363" lon="24.657278"><ele>28.8</ele><time>2026-03-12T07:29:47Z</time></trkpt><trkpt lat="60.24136" lon="24.65727"><ele>28.6</ele><time>2026-03-12T07:29:48Z</time></trkpt><trkpt lat="60.241357" lon="24.657275"><ele>28.7</ele><time>2026-03-12T07:29:49Z</time></trkpt><trkpt lat="60.241358" lon="24.657273"><ele>28.8</ele><time>2026-03-12T07:29:50Z</time><extensions><gpxtpx:TrackPointExtension><gpxtpx:hr>66</gpxtpx:hr></gpxtpx:TrackPointExtension></extensions></trkpt><trkpt lat="60.241358" lon="24.657267"><ele>28.8</ele><time>2026-03-12T07:29:51Z</time></trkpt><trkpt lat="60.241355" lon="24.65727"><ele>28.9</ele><time>2026-03-12T07:29:52Z</time></trkpt><trkpt lat="60.241353" lon="24.65727"><ele>28.8</ele><time>2026-03-12T07:29:53Z</time></trkpt><trkpt lat="60.241357" lon="24.657262"><ele>28.9</ele><time>2026-03-12T07:29:54Z</time></trkpt><trkpt lat="60.241353" lon="24.657265"><ele>29.1</ele><time>2026-03-12T07:29:55Z</time></trkpt><trkpt lat="60.241352" lon="24.65726"><ele>29.0</ele><time>2026-03-12T07:29:56Z</time></trkpt><trkpt lat="60.241352" lon="24.65726"><ele>29.3</ele><time>2026-03-12T07:29:57Z</time><extensions><gpxtpx:TrackPointExtension><gpxtpx:hr>70</gpxtpx:hr></gpxtpx:TrackPointExtension></extensions></trkpt><trkpt lat="60.241352" lon="24.657258"><ele>29.5</ele><time>2026-03-12T07:29:58Z</time></trkpt><trkpt lat="60.241352" lon="24.657258"><ele>29.8</ele><time>2026-03-12T07:29:59Z</time></trkpt><trkpt lat="60.241352" lon="24.65726"><ele>29.8</ele><time>2026-03-12T07:30:00Z</time></trkpt><trkpt lat="60.241352" lon="24.65726"><ele>29.8</ele><time>2026-03-12T07:30:01Z</time><extensions><gpxtpx:TrackPointExtension><gpxtpx:hr>70</gpxtpx:hr></gpxtpx:TrackPointExtension></extensions></trkpt><trkpt lat="60.241352" lon="24.657258"><ele>29.9</ele><time>2026-03-12T07:30:02Z</time></trkpt><trkpt lat="60.241352" lon="24.657258"><ele>29.9</ele><time>2026-03-12T07:30:03Z</time><extensions><gpxtpx:TrackPointExtension><gpxtpx:hr>68</gpxtpx:hr></gpxtpx:TrackPointExtension></extensions></trkpt><trkpt lat="60.241352" lon="24.657258"><ele>29.9</ele><time>2026-03-12T07:30:04Z</time></trkpt><trkpt lat="60.241352" lon="24.657258"><ele>29.9</ele><time>2026-03-12T07:30:05Z</time></trkpt><trkpt lat="60.241323" lon="24.657253"><ele>31.8</ele><time>2026-03-12T07:30:18Z</time><extensions><gpxtpx:TrackPointExtension><gpxtpx:hr>64</gpxtpx:hr></gpxtpx:TrackPointExtension></extensions></trkpt><trkpt lat="60.241323" lon="24.657253"><ele>31.8</ele><time>2026-03-12T07:30:17Z</time><extensions><gpxtpx:TrackPointExtension><gpxtpx:hr>67</gpxtpx:hr></gpxtpx:TrackPointExtension></extensions></trkpt><trkpt lat="60.241315" lon="24.657242"><ele>31.4</ele><time>2026-03-12T07:30:19Z</time><extensions><gpxtpx:TrackPointExtension><gpxtpx:hr>67</gpxtpx:hr></gpxtpx:TrackPointExtension></extensions></trkpt><trkpt lat="60.241303" lon="24.657225"><ele>30.6</ele><time>2026-03-12T07:30:20Z</time></trkpt><trkpt lat="60.241287" lon="24.657207"><ele>30.0</ele><time>2026-03-12T07:30:21Z</time></trkpt><trkpt lat="60.241273" lon="24.657198"><ele>30.0</ele><time>2026-03-12T07:30:22Z</time></trkpt><trkpt lat="60.24124" lon="24.657183"><ele>29.8</ele><time>2026-03-12T07:30:23Z</time><extensions><gpxtpx:TrackPointExtension><gpxtpx:hr>69</gpxtpx:hr></gpxtpx:TrackPointExtension></extensions></trkpt><trkpt lat="60.24121" lon="24.657165"><ele>29.8</ele><time>2026-03-12T07:30:24Z</time></trkpt><trkpt lat="60.241178" lon="24.65717"><ele>30.0</ele><time>2026-03-12T07:30:25Z</time></trkpt><trkpt lat="60.241142" lon="24.657155"><ele>29.9</ele><time>2026-03-12T07:30:26Z</time></trkpt><trkpt lat="60.2411" lon="24.657148"><ele>29.7</ele><time>2026-03-12T07:30:27Z</time></trkpt><trkpt lat="60.241065" lon="24.657153"><ele>29.7</ele><time>2026-03-12T07:30:28Z</time></trkpt><trkpt lat="60.241028" lon="24.657168"><ele>29.5</ele><time>2026-03-12T07:30:29Z</time><extensions><gpxtpx:TrackPointExtension><gpxtpx:hr>74</gpxtpx:hr></gpxtpx:TrackPointExtension></extensions></trkpt><trkpt lat="60.240993" lon="24.657173"><ele>29.5</ele><time>2026-03-12T07:30:30Z</time></trkpt><trkpt lat="60.240957" lon="24.657175"><ele>29.2</ele><time>2026-03-12T07:30:31Z</time></trkpt><trkpt lat="60.240915" lon="24.657165"><ele>28.1</ele><time>2026-03-12T07:30:32Z</time></trkpt><trkpt lat="60.24087" lon="24.657173"><ele>27.9</ele><time>2026-03-12T07:30:33Z</time></trkpt><trkpt lat="60.240822" lon="24.657188"><ele>27.6</ele><time>2026-03-12T07:30:34Z</time></trkpt><trkpt lat="60.240778" lon="24.657203"><ele>27.4</ele><time>2026-03-12T07:30:35Z</time><extensions><gpxtpx:TrackPointExtension><gpxtpx:hr>76</gpxtpx:hr></gpxtpx:TrackPointExtension></extensions></trkpt><trkpt lat="60.240733" lon="24.657213"><ele>27.2</ele><time>2026-03-12T07:30:36Z</time></trkpt><trkpt lat="60.240688" lon="24.657215"><ele>27.0</ele><time>2026-03-12T07:30:37Z</time></trkpt><trkpt lat="60.240642" lon="24.657227"><ele>26.9</ele><time>2026-03-12T07:30:38Z</time><extensions><gpxtpx:TrackPointExtension><gpxtpx:hr>76</gpxtpx:hr></gpxtpx:TrackPointExtension></extensions></trkpt><trkpt lat="60.240598" lon="24.65723"><ele>26.5</ele><time>2026-03-12T07:30:39Z</time></trkpt><trkpt lat="60.240553" lon="24.65725"><ele>26.4</ele><time>2026-03-12T07:30:40Z</time></trkpt><trkpt lat="60.240508" lon="24.657257"><ele>25.8</ele><time>2026-03-12T07:30:41Z</time></trkpt><trkpt lat="60.24047" lon="24.657262"><ele>24.1</ele><time>2026-03-12T07:30:42Z</time></trkpt><trkpt lat="60.240423" lon="24.657267"><ele>23.6</ele><time>2026-03-12T07:30:43Z</time></trkpt><trkpt lat="60.240373" lon="24.657277"><ele>23.8</ele><time>2026-03-12T07:30:44Z</time></trkpt><trkpt lat="60.240323" lon="24.657315"><ele>23.6</ele><time>2026-03-12T07:30:45Z</time><extensions><gpxtpx:TrackPointExtension><gpxtpx:hr>75</gpxtpx:hr></gpxtpx:TrackPointExtension></extensions></trkpt><trkpt lat="60.240283" lon="24.657375"><ele>23.4</ele><time>2026-03-12T07:30:46Z</time></trkpt><trkpt lat="60.240257" lon="24.657455"><ele>23.6</ele><time>2026-03-12T07:30:47Z</time></trkpt><trkpt lat="60.24024" lon="24.657548"><ele>23.2</ele><time>2026-03-12T07:30:48Z</time><extensions><gpxtpx:TrackPointExtension><gpxtpx:hr>75</gpxtpx:hr></gpxtpx:TrackPointExtension></extensions></trkpt><trkpt lat="60.240228" lon="24.65761"><ele>23.3</ele><time>2026-03-12T07:30:49Z</time></trkpt><trkpt lat="60.24021" lon="24.657685"><ele>23.0</ele><time>2026-03-12T07:30:50Z</time></trkpt><trkpt lat="60.240198" lon="24.657768"><ele>23.3</ele><time>2026-03-12T07:30:51Z</time></trkpt><trkpt lat="60.24019" lon="24.65785"><ele>23.2</ele><time>2026-03-12T07:30:52Z</time></trkpt><trkpt lat="60.240175" lon="24.657915"><ele>22.7</ele><time>2026-03-12T07:30:53Z</time><extensions><gpxtpx:TrackPointExtension><gpxtpx:hr>76</gpxtpx:hr></gpxtpx:TrackPointExtension></extensions></trkpt><trkpt lat="60.240167" lon="24.65799"><ele>22.9</ele><time>2026-03-12T07:30:54Z</time></trkpt><trkpt lat="60.240152" lon="24.658053"><ele>22.9</ele><time>2026-03-12T07:30:55Z</time></trkpt><trkpt lat="60.24014" lon="24.658128"><ele>23.3</ele><time>2026-03-12T07:30:56Z</time></trkpt><trkpt lat="60.240127" lon="24.658202"><ele>23.0</ele><time>2026-03-12T07:30:57Z</time></trkpt><trkpt lat="60.240115" lon="24.658283"><ele>23.2</ele><time>2026-03-12T07:30:58Z</time><extensions><gpxtpx:TrackPointExtension><gpxtpx:hr>78</gpxtpx:hr></gpxtpx:TrackPointExtension></extensions></trkpt><trkpt lat="60.240113" lon="24.658357"><ele>23.1</ele><time>2026-03-12T07:30:59Z</time></trkpt><trkpt lat="60.240105" lon="24.658437"><ele>22.7</ele><time>2026-03-12T07:31:00Z</time></trkpt><trkpt lat="60.240093" lon="24.658528"><ele>22.7</ele><time>2026-03-12T07:31:01Z</time></trkpt><trkpt lat="60.240082" lon="24.658617"><ele>22.8</ele><time>2026-03-12T07:31:02Z</time></trkpt><trkpt lat="60.240075" lon="24.658722"><ele>22.7</ele><time>2026-03-12T07:31:03Z</time></trkpt><trkpt lat="60.24007" lon="24.658818"><ele>22.6</ele><time>2026-03-12T07:31:04Z</time></trkpt><trkpt lat="60.240063" lon="24.658905"><ele>22.0</ele><time>2026-03-12T07:31:05Z</time></trkpt><trkpt lat="60.24007" lon="24.659017"><ele>22.2</ele><time>2026-03-12T07:31:06Z</time></trkpt><trkpt lat="60.240065" lon="24.659103"><ele>22.2</ele><time>2026-03-12T07:31:07Z</time><extensions><gpxtpx:TrackPointExtension><gpxtpx:hr>82</gpxtpx:hr></gpxtpx:TrackPointExtension></extensions></trkpt><trkpt lat="60.240073" lon="24.659193"><ele>22.2</ele><time>2026-03-12T07:31:08Z</time></trkpt><trkpt lat="60.240067" lon="24.659278"><ele>22.4</ele><time>2026-03-12T07:31:09Z</time></trkpt><trkpt lat="60.24008" lon="24.659373"><ele>22.2</ele><time>2026-03-12T07:31:10Z</time></trkpt><trkpt lat="60.240078" lon="24.65945"><ele>23.1</ele><time>2026-03-12T07:31:11Z</time></trkpt><trkpt lat="60.240083" lon="24.659535"><ele>23.5</ele><time>2026-03-12T07:31:12Z</time><extensions><gpxtpx:TrackPointExtension><gpxtpx:hr>84</gpxtpx:hr></gpxtpx:TrackPointExtension></extensions></trkpt><trkpt lat="60.240087" lon="24.65962"><ele>22.7</ele><time>2026-03-12T07:31:13Z</time></trkpt><trkpt lat="60.240087" lon="24.659715"><ele>22.9</ele><time>2026-03-12T07:31:14Z</time></trkpt><trkpt lat="60.240093" lon="24.65979"><ele>22.8</ele><time>2026-03-12T07:31:15Z</time></trkpt><trkpt lat="60.240093" lon="24.65988"><ele>23.0</ele><time>2026-03-12T07:31:16Z</time></trkpt><trkpt lat="60.240098" lon="24.659967"><ele>23.0</ele><time>2026-03-12T07:31:17Z</time></trkpt><trkpt lat="60.2401" lon="24.660057"><ele>23.1</ele><time>2026-03-12T07:31:18Z</time></trkpt><trkpt lat="60.240105" lon="24.66014"><ele>23.6</ele><time>2026-03-12T07:31:19Z</time></trkpt><trkpt lat="60.240102" lon="24.660225"><ele>24.1</ele><time>2026-03-12T07:31:20Z</time></trkpt><trkpt lat="60.240105" lon="24.660313"><ele>23.8</ele><time>2026-03-12T07:31:21Z</time></trkpt><trkpt lat="60.240107" lon="24.660393"><ele>23.2</ele><time>2026-03-12T07:31:22Z</time></trkpt><trkpt lat="60.240108" lon="24.66047"><ele>23.1</ele><time>2026-03-12T07:31:23Z</time></trkpt><trkpt lat="60.240108" lon="24.660558"><ele>23.4</ele><time>2026-03-12T07:31:24Z</time></trkpt><trkpt lat="60.240113" lon="24.660635"><ele>23.1</ele><time>2026-03-12T07:31:25Z</time></trkpt><trkpt lat="60.240117" lon="24.66071"><ele>23.5</ele><time>2026-03-12T07:31:26Z</time></trkpt><trkpt lat="60.24012" lon="24.660793"><ele>23.5</ele><time>2026-03-12T07:31:27Z</time></trkpt><trkpt lat="60.240125" lon="24.660867"><ele>23.5</ele><time>2026-03-12T07:31:28Z</time></trkpt><trkpt lat="60.240125" lon="24.660937"><ele>23.9</ele><time>2026-03-12T07:31:29Z</time></trkpt><trkpt lat="60.240128" lon="24.661017"><ele>23.3</ele><time>2026-03-12T07:31:30Z</time></trkpt><trkpt lat="60.240133" lon="24.661095"><ele>23.1</ele><time>2026-03-12T07:31:31Z</time></trkpt><trkpt lat="60.240135" lon="24.661167"><ele>23.8</ele><time>2026-03-12T07:31:32Z</time></trkpt><trkpt lat="60.240137" lon="24.661243"><ele>23.7</ele><time>2026-03-12T07:31:33Z</time></trkpt><trkpt lat="60.240138" lon="24.661317"><ele>23.2</ele><time>2026-03-12T07:31:34Z</time></trkpt><trkpt lat="60.240138" lon="24.661395"><ele>23.3</ele><time>2026-03-12T07:31:35Z</time></trkpt><trkpt lat="60.240138" lon="24.661395"><ele>23.3</ele><time>2026-03-12T07:31:36Z</time></trkpt><trkpt lat="60.24013" lon="24.661863"><ele>17.4</ele><time>2026-03-12T07:31:40Z</time></trkpt><trkpt lat="60.24014" lon="24.661892"><ele>17.0</ele><time>2026-03-12T07:31:41Z</time></trkpt><trkpt lat="60.240143" lon="24.661943"><ele>17.3</ele><time>2026-03-12T07:31:42Z</time></trkpt><trkpt lat="60.240143" lon="24.662012"><ele>21.5</ele><time>2026-03-12T07:31:43Z</time></trkpt><trkpt lat="60.240138" lon="24.662095"><ele>22.2</ele><time>2026-03-12T07:31:44Z</time></trkpt><trkpt lat="60.240138" lon="24.662167"><ele>22.4</ele><time>2026-03-12T07:31:45Z</time></trkpt><trkpt lat="60.240147" lon="24.662235"><ele>22.9</ele><time>2026-03-12T07:31:46Z</time></trkpt><trkpt lat="60.24015" lon="24.662312"><ele>22.9</ele><time>2026-03-12T07:31:47Z</time></trkpt><trkpt lat="60.240153" lon="24.66238"><ele>22.7</ele><time>2026-03-12T07:31:48Z</time></trkpt><trkpt lat="60.240152" lon="24.66244"><ele>22.5</ele><time>2026-03-12T07:31:49Z</time></trkpt><trkpt lat="60.240152" lon="24.662517"><ele>22.5</ele><time>2026-03-12T07:31:51Z</time></trkpt><trkpt lat="60.240147" lon="24.662582"><ele>22.5</ele><time>2026-03-12T07:31:52Z</time></trkpt><trkpt lat="60.240143" lon="24.662643"><ele>22.7</ele><time>2026-03-12T07:31:53Z</time></trkpt><trkpt lat="60.240135" lon="24.662718"><ele>23.0</ele><time>2026-03-12T07:31:54Z</time></trkpt><trkpt lat="60.240135" lon="24.662783"><ele>23.2</ele><time>2026-03-12T07:31:55Z</time></trkpt><trkpt lat="60.240132" lon="24.662843"><ele>23.7</ele><time>2026-03-12T07:31:56Z</time></trkpt><trkpt lat="60.240123" lon="24.662888"><ele>23.9</ele><time>2026-03-12T07:31:57Z</time></trkpt><trkpt lat="60.240122" lon="24.662937"><ele>24.1</ele><time>2026-03-12T07:31:58Z</time></trkpt><trkpt lat="60.240118" lon="24.662998"><ele>24.6</ele><time>2026-03-12T07:31:59Z</time></trkpt><trkpt lat="60.24012" lon="24.663053"><ele>24.6</ele><time>2026-03-12T07:32:00Z</time></trkpt><trkpt lat="60.240122" lon="24.66311"><ele>24.8</ele><time>2026-03-12T07:32:01Z</time></trkpt><trkpt lat="60.240122" lon="24.663162"><ele>24.6</ele><time>2026-03-12T07:32:02Z</time></trkpt><trkpt lat="60.240123" lon="24.663208"><ele>24.9</ele><time>2026-03-12T07:32:03Z</time></trkpt><trkpt lat="60.240132" lon="24.663265"><ele>24.8</ele><time>2026-03-12T07:32:04Z</time></trkpt><trkpt lat="60.240137" lon="24.663327"><ele>24.7</ele><time>2026-03-12T07:32:05Z</time></trkpt><trkpt lat="60.240147" lon="24.66337"><ele>24.7</ele><time>2026-03-12T07:32:06Z</time></trkpt><trkpt lat="60.24015" lon="24.663418"><ele>24.7</ele><time>2026-03-12T07:32:07Z</time></trkpt><trkpt lat="60.240158" lon="24.663478"><ele>25.1</ele><time>2026-03-12T07:32:08Z</time></trkpt><trkpt lat="60.24016" lon="24.663533"><ele>25.1</ele><time>2026-03-12T07:32:09Z</time></trkpt><trkpt lat="60.24017" lon="24.663578"><ele>24.7</ele><time>2026-03-12T07:32:10Z</time></trkpt><trkpt lat="60.240167" lon="24.663637"><ele>24.5</ele><time>2026-03-12T07:32:11Z</time></trkpt><trkpt lat="60.240192" lon="24.663682"><ele>26.0</ele><time>2026-03-12T07:32:12Z</time></trkpt><trkpt lat="60.240183" lon="24.66375"><ele>25.9</ele><time>2026-03-12T07:32:13Z</time></trkpt><trkpt lat="60.240193" lon="24.663818"><ele>25.7</ele><time>2026-03-12T07:32:14Z</time></trkpt><trkpt lat="60.240202" lon="24.663882"><ele>25.4</ele><time>2026-03-12T07:32:15Z</time></trkpt><trkpt lat="60.240212" lon="24.663958"><ele>25.3</ele><time>2026-03-12T07:32:16Z</time></trkpt><trkpt lat="60.240225" lon="24.66403"><ele>25.8</ele><time>2026-03-12T07:32:17Z</time></trkpt><trkpt lat="60.240232" lon="24.664107"><ele>25.5</ele><time>2026-03-12T07:32:18Z</time></trkpt><trkpt lat="60.240247" lon="24.664178"><ele>25.3</ele><time>2026-03-12T07:32:19Z</time></trkpt><trkpt lat="60.24026" lon="24.664242"><ele>25.1</ele><time>2026-03-12T07:32:20Z</time></trkpt><trkpt lat="60.240262" lon="24.664333"><ele>25.9</ele><time>2026-03-12T07:32:21Z</time></trkpt><trkpt lat="60.240277" lon="24.664408"><ele>25.4</ele><time>2026-03-12T07:32:22Z</time></trkpt><trkpt lat="60.240288" lon="24.664473"><ele>25.4</ele><time>2026-03-12T07:32:23Z</time></trkpt><trkpt lat="60.240298" lon="24.664535"><ele>25.3</ele><time>2026-03-12T07:32:24Z</time></trkpt><trkpt lat="60.240312" lon="24.664593"><ele>25.2</ele><time>2026-03-12T07:32:25Z</time></trkpt><trkpt lat="60.24032" lon="24.664657"><ele>25.0</ele><time>2026-03-12T07:32:26Z</time></trkpt><trkpt lat="60.240313" lon="24.664722"><ele>25.4</ele><time>2026-03-12T07:32:27Z</time></trkpt><trkpt lat="60.240303" lon="24.664775"><ele>25.0</ele><time>2026-03-12T07:32:28Z</time></trkpt><trkpt lat="60.240285" lon="24.66482"><ele>26.1</ele><time>2026-03-12T07:32:29Z</time></trkpt><trkpt lat="60.24026" lon="24.664867"><ele>26.4</ele><time>2026-03-12T07:32:30Z</time></trkpt><trkpt lat="60.240232" lon="24.664883"><ele>26.2</ele><time>2026-03-12T07:32:31Z</time></trkpt><trkpt lat="60.240202" lon="24.664893"><ele>25.6</ele><time>2026-03-12T07:32:32Z</time></trkpt><trkpt lat="60.24017" lon="24.664892"><ele>25.9</ele><time>2026-03-12T07:32:33Z</time></trkpt><trkpt lat="60.240143" lon="24.66487"><ele>25.2</ele><time>2026-03-12T07:32:34Z</time></trkpt><trkpt lat="60.24011" lon="24.664832"><ele>25.2</ele><time>2026-03-12T07:32:35Z</time></trkpt><trkpt lat="60.240077" lon="24.6648"><ele>24.7</ele><time>2026-03-12T07:32:36Z</time></trkpt><trkpt lat="60.240057" lon="24.664762"><ele>24.3</ele><time>2026-03-12T07:32:37Z</time></trkpt><trkpt lat="60.240032" lon="24.664713"><ele>25.5</ele><time>2026-03-12T07:32:38Z</time></trkpt><trkpt lat="60.240017" lon="24.664667"><ele>24.9</ele><time>2026-03-12T07:32:39Z</time></trkpt><trkpt lat="60.239995" lon="24.664617"><ele>25.3</ele><time>2026-03-12T07:32:40Z</time></trkpt><trkpt lat="60.239975" lon="24.664562"><ele>25.3</ele><time>2026-03-12T07:32:41Z</time></trkpt><trkpt lat="60.23996" lon="24.664493"><ele>25.7</ele><time>2026-03-12T07:32:42Z</time></trkpt><trkpt lat="60.239942" lon="24.66444"><ele>25.1</ele><time>2026-03-12T07:32:43Z</time></trkpt><trkpt lat="60.239925" lon="24.664377"><ele>25.1</ele><time>2026-03-12T07:32:44Z</time></trkpt><trkpt lat="60.239908" lon="24.6643"><ele>25.4</ele><time>2026-03-12T07:32:45Z</time></trkpt><trkpt lat="60.239897" lon="24.664252"><ele>24.9</ele><time>2026-03-12T07:32:46Z</time></trkpt><trkpt lat="60.23988" lon="24.664183"><ele>25.3</ele><time>2026-03-12T07:32:47Z</time></trkpt><trkpt lat="60.239867" lon="24.66412"><ele>25.2</ele><time>2026-03-12T07:32:48Z</time></trkpt><trkpt lat="60.239857" lon="24.664053"><ele>25.1</ele><time>2026-03-12T07:32:49Z</time></trkpt><trkpt lat="60.239858" lon="24.66399"><ele>25.7</ele><time>2026-03-12T07:32:50Z</time></trkpt><trkpt lat="60.239845" lon="24.663923"><ele>26.2</ele><time>2026-03-12T07:32:51Z</time></trkpt><trkpt lat="60.239833" lon="24.663868"><ele>26.0</ele><time>2026-03-12T07:32:52Z</time></trkpt><trkpt lat="60.239823" lon="24.663813"><ele>25.8</ele><time>2026-03-12T07:32:53Z</time></trkpt><trkpt lat="60.23982" lon="24.663755"><ele>25.8</ele><time>2026-03-12T07:32:54Z</time></trkpt><trkpt lat="60.239805" lon="24.6637"><ele>25.6</ele><time>2026-03-12T07:32:55Z</time></trkpt><trkpt lat="60.239795" lon="24.663645"><ele>25.5</ele><time>2026-03-12T07:32:56Z</time></trkpt><trkpt lat="60.239785" lon="24.663588"><ele>25.4</ele><time>2026-03-12T07:32:57Z</time></trkpt><trkpt lat="60.239778" lon="24.663523"><ele>25.4</ele><time>2026-03-12T07:32:58Z</time></trkpt><trkpt lat="60.23977" lon="24.663468"><ele>25.4</ele><time>2026-03-12T07:32:59Z</time></trkpt><trkpt lat="60.23976" lon="24.66341"><ele>25.7</ele><time>2026-03-12T07:33:00Z</time></trkpt><trkpt lat="60.239745" lon="24.663353"><ele>25.0</ele><time>2026-03-12T07:33:01Z</time></trkpt><trkpt lat="60.239725" lon="24.663292"><ele>24.6</ele><time>2026-03-12T07:33:02Z</time></trkpt><trkpt lat="60.239707" lon="24.663205"><ele>24.2</ele><time>2026-03-12T07:33:03Z</time></trkpt><trkpt lat="60.239685" lon="24.663117"><ele>24.4</ele><time>2026-03-12T07:33:04Z</time></trkpt><trkpt lat="60.239665" lon="24.66302"><ele>24.0</ele><time>2026-03-12T07:33:05Z</time></trkpt><trkpt lat="60.239572" lon="24.662347"><ele>22.2</ele><time>2026-03-12T07:33:11Z</time></trkpt><trkpt lat="60.239552" lon="24.662302"><ele>24.2</ele><time>2026-03-12T07:33:12Z</time></trkpt><trkpt lat="60.239532" lon="24.662273"><ele>24.9</ele><time>2026-03-12T07:33:13Z</time></trkpt><trkpt lat="60.239508" lon="24.662242"><ele>23.3</ele><time>2026-03-12T07:33:14Z</time></trkpt><trkpt lat="60.239487" lon="24.662162"><ele>23.0</ele><time>2026-03-12T07:33:16Z</time></trkpt><trkpt lat="60.23947" lon="24.6621"><ele>22.8</ele><time>2026-03-12T07:33:17Z</time></trkpt><trkpt lat="60.239455" lon="24.662045"><ele>23.0</ele><time>2026-03-12T07:33:18Z</time></trkpt><trkpt lat="60.239433" lon="24.661998"><ele>23.6</ele><time>2026-03-12T07:33:19Z</time></trkpt><trkpt lat="60.239417" lon="24.661945"><ele>23.6</ele><time>2026-03-12T07:33:20Z</time></trkpt><trkpt lat="60.2394" lon="24.661887"><ele>23.7</ele><time>2026-03-12T07:33:21Z</time></trkpt><trkpt lat="60.239388" lon="24.661843"><ele>23.7</ele><time>2026-03-12T07:33:22Z</time></trkpt><trkpt lat="60.239382" lon="24.661793"><ele>23.6</ele><time>2026-03-12T07:33:23Z</time></trkpt><trkpt lat="60.239375" lon="24.66173"><ele>24.0</ele><time>2026-03-12T07:33:24Z</time></trkpt><trkpt lat="60.23937" lon="24.661673"><ele>24.4</ele><time>2026-03-12T07:33:25Z</time></trkpt><trkpt lat="60.239362" lon="24.661607"><ele>24.1</ele><time>2026-03-12T07:33:26Z</time></trkpt><trkpt lat="60.239355" lon="24.66155"><ele>24.5</ele><time>2026-03-12T07:33:27Z</time></trkpt><trkpt lat="60.239343" lon="24.661493"><ele>25.0</ele><time>2026-03-12T07:33:28Z</time></trkpt><trkpt lat="60.239345" lon="24.66143"><ele>25.0</ele><time>2026-03-12T07:33:29Z</time></trkpt><trkpt lat="60.239343" lon="24.661383"><ele>24.7</ele><time>2026-03-12T07:33:30Z</time></trkpt><trkpt lat="60.239357" lon="24.661328"><ele>24.8</ele><time>2026-03-12T07:33:31Z</time></trkpt><trkpt lat="60.23937" lon="24.661278"><ele>25.0</ele><time>2026-03-12T07:33:32Z</time></trkpt><trkpt lat="60.239385" lon="24.661227"><ele>24.9</ele><time>2026-03-12T07:33:33Z</time></trkpt><trkpt lat="60.239405" lon="24.66118"><ele>24.9</ele><time>2026-03-12T07:33:34Z</time></trkpt><trkpt lat="60.239425" lon="24.661137"><ele>24.8</ele><time>2026-03-12T07:33:35Z</time></trkpt><trkpt lat="60.239452" lon="24.661098"><ele>24.6</ele><time>2026-03-12T07:33:36Z</time></trkpt><trkpt lat="60.239488" lon="24.661033"><ele>25.3</ele><time>2026-03-12T07:33:37Z</time></trkpt><trkpt lat="60.239517" lon="24.661008"><ele>25.4</ele><time>2026-03-12T07:33:38Z</time></trkpt><trkpt lat="60.239545" lon="24.660958"><ele>25.6</ele><time>2026-03-12T07:33:39Z</time></trkpt><trkpt lat="60.239572" lon="24.660903"><ele>25.5</ele><time>2026-03-12T07:33:40Z</time></trkpt><trkpt lat="60.239593" lon="24.660825"><ele>25.3</ele><time>2026-03-12T07:33:41Z</time></trkpt><trkpt lat="60.23962" lon="24.660743"><ele>24.9</ele><time>2026-03-12T07:33:42Z</time></trkpt><trkpt lat="60.239633" lon="24.660637"><ele>25.0</ele><time>2026-03-12T07:33:43Z</time></trkpt><trkpt lat="60.239637" lon="24.660547"><ele>25.6</ele><time>2026-03-12T07:33:44Z</time></trkpt><trkpt lat="60.23964" lon="24.66047"><ele>26.2</ele><time>2026-03-12T07:33:45Z</time></trkpt><trkpt lat="60.239622" lon="24.660427"><ele>26.8</ele><time>2026-03-12T07:33:46Z</time></trkpt><trkpt lat="60.23962" lon="24.660353"><ele>26.9</ele><time>2026-03-12T07:33:47Z</time></trkpt><trkpt lat="60.239618" lon="24.660273"><ele>26.2</ele><time>2026-03-12T07:33:48Z</time></trkpt><trkpt lat="60.239623" lon="24.660227"><ele>26.8</ele><time>2026-03-12T07:33:49Z</time></trkpt><trkpt lat="60.239618" lon="24.66017"><ele>26.9</ele><time>2026-03-12T07:33:50Z</time></trkpt><trkpt lat="60.239615" lon="24.66009"><ele>27.4</ele><time>2026-03-12T07:33:51Z</time></trkpt><trkpt lat="60.23961" lon="24.660022"><ele>27.1</ele><time>2026-03-12T07:33:52Z</time></trkpt><trkpt lat="60.239602" lon="24.65997"><ele>26.6</ele><time>2026-03-12T07:33:53Z</time></trkpt><trkpt lat="60.239595" lon="24.659905"><ele>27.2</ele><time>2026-03-12T07:33:54Z</time></trkpt><trkpt lat="60.239585" lon="24.65984"><ele>27.0</ele><time>2026-03-12T07:33:55Z</time></trkpt><trkpt lat="60.239583" lon="24.659743"><ele>27.4</ele><time>2026-03-12T07:33:56Z</time></trkpt><trkpt lat="60.239583" lon="24.659642"><ele>27.7</ele><time>2026-03-12T07:33:57Z</time></trkpt><trkpt lat="60.239577" lon="24.659563"><ele>28.1</ele><time>2026-03-12T07:33:58Z</time></trkpt><trkpt lat="60.239567" lon="24.659477"><ele>28.0</ele><time>2026-03-12T07:33:59Z</time></trkpt><trkpt lat="60.239562" lon="24.659405"><ele>28.6</ele><time>2026-03-12T07:34:00Z</time></trkpt><trkpt lat="60.23955" lon="24.659322"><ele>28.4</ele><time>2026-03-12T07:34:01Z</time></trkpt><trkpt lat="60.239542" lon="24.659252"><ele>27.5</ele><time>2026-03-12T07:34:02Z</time><extensions><gpxtpx:TrackPointExtension><gpxtpx:hr>103</gpxtpx:hr></gpxtpx:TrackPointExtension></extensions></trkpt><trkpt lat="60.239532" lon="24.659158"><ele>27.5</ele><time>2026-03-12T07:34:03Z</time></trkpt><trkpt lat="60.239508" lon="24.659082"><ele>27.4</ele><time>2026-03-12T07:34:04Z</time></trkpt><trkpt lat="60.23948" lon="24.659012"><ele>27.0</ele><time>2026-03-12T07:34:05Z</time></trkpt><trkpt lat="60.239182" lon="24.659318"><ele>26.0</ele><time>2026-03-12T07:34:13Z</time><extensions><gpxtpx:TrackPointExtension><gpxtpx:hr>103</gpxtpx:hr></gpxtpx:TrackPointExtension></extensions></trkpt><trkpt lat="60.239182" lon="24.659318"><ele>26.0</ele><time>2026-03-12T07:34:11Z</time><extensions><gpxtpx:TrackPointExtension><gpxtpx:hr>104</gpxtpx:hr></gpxtpx:TrackPointExtension></extensions></trkpt><trkpt lat="60.239027" lon="24.6597"><ele>34.6</ele><time>2026-03-12T07:34:24Z</time><extensions><gpxtpx:TrackPointExtension><gpxtpx:hr>105</gpxtpx:hr></gpxtpx:TrackPointExtension></extensions></trkpt><trkpt lat="60.239027" lon="24.6597"><ele>34.6</ele><time>2026-03-12T07:34:18Z</time><extensions><gpxtpx:TrackPointExtension><gpxtpx:hr>105</gpxtpx:hr></gpxtpx:TrackPointExtension></extensions></trkpt><trkpt lat="60.239008" lon="24.65974"><ele>34.2</ele><time>2026-03-12T07:34:25Z</time></trkpt><trkpt lat="60.238987" lon="24.659805"><ele>33.6</ele><time>2026-03-12T07:34:26Z</time></trkpt><trkpt lat="60.238968" lon="24.659842"><ele>33.6</ele><time>2026-03-12T07:34:27Z</time></trkpt><trkpt lat="60.238953" lon="24.65988"><ele>33.4</ele><time>2026-03-12T07:34:27Z</time></trkpt><trkpt lat="60.238938" lon="24.65991"><ele>32.5</ele><time>2026-03-12T07:34:28Z</time></trkpt><trkpt lat="60.238918" lon="24.65996"><ele>31.6</ele><time>2026-03-12T07:34:29Z</time></trkpt><trkpt lat="60.238892" lon="24.659982"><ele>30.9</ele><time>2026-03-12T07:34:30Z</time></trkpt><trkpt lat="60.238862" lon="24.660008"><ele>30.2</ele><time>2026-03-12T07:34:31Z</time></trkpt><trkpt lat="60.238837" lon="24.660018"><ele>29.7</ele><time>2026-03-12T07:34:32Z</time></trkpt><trkpt lat="60.238803" lon="24.660027"><ele>29.5</ele><time>2026-03-12T07:34:33Z</time></trkpt><trkpt lat="60.238777" lon="24.660055"><ele>29.3</ele><time>2026-03-12T07:34:34Z</time></trkpt><trkpt lat="60.238743" lon="24.660067"><ele>29.6</ele><time>2026-03-12T07:34:35Z</time></trkpt><trkpt lat="60.238712" lon="24.66007"><ele>30.2</ele><time>2026-03-12T07:34:36Z</time></trkpt><trkpt lat="60.238677" lon="24.660053"><ele>29.9</ele><time>2026-03-12T07:34:37Z</time></trkpt><trkpt lat="60.238645" lon="24.660042"><ele>29.6</ele><time>2026-03-12T07:34:38Z</time></trkpt><trkpt lat="60.23861" lon="24.660042"><ele>29.8</ele><time>2026-03-12T07:34:39Z</time></trkpt><trkpt lat="60.238577" lon="24.660057"><ele>29.1</ele><time>2026-03-12T07:34:40Z</time></trkpt><trkpt lat="60.238547" lon="24.660073"><ele>29.7</ele><time>2026-03-12T07:34:41Z</time></trkpt><trkpt lat="60.238522" lon="24.660103"><ele>29.0</ele><time>2026-03-12T07:34:42Z</time><extensions><gpxtpx:TrackPointExtension><gpxtpx:hr>118</gpxtpx:hr></gpxtpx:TrackPointExtension></extensions></trkpt><trkpt lat="60.238495" lon="24.660137"><ele>29.5</ele><time>2026-03-12T07:34:43Z</time></trkpt><trkpt lat="60.238472" lon="24.660175"><ele>29.0</ele><time>2026-03-12T07:34:44Z</time></trkpt><trkpt lat="60.238443" lon="24.66021"><ele>29.0</ele><time>2026-03-12T07:34:45Z</time></trkpt><trkpt lat="60.2384" lon="24.660348"><ele>26.2</ele><time>2026-03-12T07:34:46Z</time></trkpt><trkpt lat="60.238372" lon="24.660392"><ele>27.0</ele><time>2026-03-12T07:34:47Z</time><extensions><gpxtpx:TrackPointExtension><gpxtpx:hr>122</gpxtpx:hr></gpxtpx:TrackPointExtension></extensions></trkpt><trkpt lat="60.238348" lon="24.660443"><ele>27.6</ele><time>2026-03-12T07:34:48Z</time></trkpt><trkpt lat="60.238342" lon="24.660508"><ele>29.0</ele><time>2026-03-12T07:34:49Z</time></trkpt><trkpt lat="60.23832" lon="24.660575"><ele>28.9</ele><time>2026-03-12T07:34:50Z</time></trkpt><trkpt lat="60.238322" lon="24.660657"><ele>28.6</ele><time>2026-03-12T07:34:51Z</time><extensions><gpxtpx:TrackPointExtension><gpxtpx:hr>123</gpxtpx:hr></gpxtpx:TrackPointExtension></extensions></trkpt><trkpt lat="60.238323" lon="24.660713"><ele>28.6</ele><time>2026-03-12T07:34:52Z</time></trkpt><trkpt lat="60.238345" lon="24.660767"><ele>27.9</ele><time>2026-03-12T07:34:53Z</time></trkpt><trkpt lat="60.238375" lon="24.660812"><ele>27.8</ele><time>2026-03-12T07:34:54Z</time></trkpt><trkpt lat="60.238398" lon="24.660883"><ele>28.1</ele><time>2026-03-12T07:34:55Z</time></trkpt><trkpt lat="60.238418" lon="24.66091"><ele>28.6</ele><time>2026-03-12T07:34:56Z</time></trkpt><trkpt lat="60.238448" lon="24.660958"><ele>27.9</ele><time>2026-03-12T07:34:57Z</time><extensions><gpxtpx:TrackPointExtension><gpxtpx:hr>123</gpxtpx:hr></gpxtpx:TrackPointExtension></extensions></trkpt><trkpt lat="60.238472" lon="24.661017"><ele>27.6</ele><time>2026-03-12T07:34:58Z</time></trkpt><trkpt lat="60.238507" lon="24.661092"><ele>27.5</ele><time>2026-03-12T07:34:59Z</time><extensions><gpxtpx:TrackPointExtension><gpxtpx:hr>123</gpxtpx:hr></gpxtpx:TrackPointExtension></extensions></trkpt><trkpt lat="60.238533" lon="24.661138"><ele>26.1</ele><time>2026-03-12T07:35:00Z</time></trkpt><trkpt lat="60.23857" lon="24.661195"><ele>26.9</ele><time>2026-03-12T07:35:01Z</time></trkpt><trkpt lat="60.23859" lon="24.661257"><ele>25.8</ele><time>2026-03-12T07:35:02Z</time></trkpt><trkpt lat="60.238625" lon="24.661315"><ele>27.0</ele><time>2026-03-12T07:35:03Z</time></trkpt><trkpt lat="60.238645" lon="24.661365"><ele>24.9</ele><time>2026-03-12T07:35:04Z</time></trkpt><trkpt lat="60.23867" lon="24.661428"><ele>25.8</ele><time>2026-03-12T07:35:05Z</time></trkpt><trkpt lat="60.238703" lon="24.661483"><ele>26.6</ele><time>2026-03-12T07:35:06Z</time></trkpt><trkpt lat="60.238732" lon="24.661537"><ele>26.2</ele><time>2026-03-12T07:35:07Z</time><extensions><gpxtpx:TrackPointExtension><gpxtpx:hr>119</gpxtpx:hr></gpxtpx:TrackPointExtension></extensions></trkpt><trkpt lat="60.238758" lon="24.661587"><ele>26.7</ele><time>2026-03-12T07:35:08Z</time></trkpt><trkpt lat="60.238785" lon="24.661642"><ele>26.4</ele><time>2026-03-12T07:35:09Z</time></trkpt><trkpt lat="60.238803" lon="24.661688"><ele>25.4</ele><time>2026-03-12T07:35:10Z</time><extensions><gpxtpx:TrackPointExtension><gpxtpx:hr>117</gpxtpx:hr></gpxtpx:TrackPointExtension></extensions></trkpt><trkpt lat="60.238827" lon="24.661753"><ele>25.6</ele><time>2026-03-12T07:35:11Z</time></trkpt><trkpt lat="60.238853" lon="24.661813"><ele>26.1</ele><time>2026-03-12T07:35:12Z</time></trkpt><trkpt lat="60.238887" lon="24.661848"><ele>25.3</ele><time>2026-03-12T07:35:13Z</time><extensions><gpxtpx:TrackPointExtension><gpxtpx:hr>116</gpxtpx:hr></gpxtpx:TrackPointExtension></extensions></trkpt><trkpt lat="60.238927" lon="24.66188"><ele>25.3</ele><time>2026-03-12T07:35:14Z</time></trkpt><trkpt lat="60.238973" lon="24.661898"><ele>26.1</ele><time>2026-03-12T07:35:15Z</time></trkpt><trkpt lat="60.239022" lon="24.661895"><ele>26.7</ele><time>2026-03-12T07:35:16Z</time></trkpt><trkpt lat="60.239058" lon="24.661883"><ele>25.7</ele><time>2026-03-12T07:35:17Z</time></trkpt><trkpt lat="60.239087" lon="24.661832"><ele>25.4</ele><time>2026-03-12T07:35:18Z</time></trkpt><trkpt lat="60.239117" lon="24.661802"><ele>23.8</ele><time>2026-03-12T07:35:19Z</time></trkpt><trkpt lat="60.239157" lon="24.661755"><ele>25.0</ele><time>2026-03-12T07:35:20Z</time></trkpt><trkpt lat="60.23919" lon="24.661757"><ele>25.8</ele><time>2026-03-12T07:35:21Z</time></trkpt><trkpt lat="60.23922" lon="24.661773"><ele>25.6</ele><time>2026-03-12T07:35:22Z</time><extensions><gpxtpx:TrackPointExtension><gpxtpx:hr>112</gpxtpx:hr></gpxtpx:TrackPointExtension></extensions></trkpt><trkpt lat="60.239262" lon="24.661785"><ele>25.6</ele><time>2026-03-12T07:35:23Z</time></trkpt><trkpt lat="60.239288" lon="24.66181"><ele>25.2</ele><time>2026-03-12T07:35:24Z</time></trkpt><trkpt lat="60.23932" lon="24.661863"><ele>26.0</ele><time>2026-03-12T07:35:25Z</time><extensions><gpxtpx:TrackPointExtension><gpxtpx:hr>112</gpxtpx:hr></gpxtpx:TrackPointExtension></extensions></trkpt><trkpt lat="60.239345" lon="24.661902"><ele>26.0</ele><time>2026-03-12T07:35:26Z</time></trkpt><trkpt lat="60.239368" lon="24.661927"><ele>26.2</ele><time>2026-03-12T07:35:27Z</time></trkpt><trkpt lat="60.239405" lon="24.661962"><ele>27.0</ele><time>2026-03-12T07:35:28Z</time><extensions><gpxtpx:TrackPointExtension><gpxtpx:hr>111</gpxtpx:hr></gpxtpx:TrackPointExtension></extensions></trkpt><trkpt lat="60.23942" lon="24.662015"><ele>26.7</ele><time>2026-03-12T07:35:29Z</time></trkpt><trkpt lat="60.239443" lon="24.66208"><ele>26.3</ele><time>2026-03-12T07:35:30Z</time></trkpt><trkpt lat="60.239475" lon="24.66211"><ele>26.2</ele><time>2026-03-12T07:35:31Z</time></trkpt><trkpt lat="60.239498" lon="24.66219"><ele>26.5</ele><time>2026-03-12T07:35:32Z</time></trkpt><trkpt lat="60.23953" lon="24.662247"><ele>26.7</ele><time>2026-03-12T07:35:33Z</time><extensions><gpxtpx:TrackPointExtension><gpxtpx:hr>111</gpxtpx:hr></gpxtpx:TrackPointExtension></extensions></trkpt><trkpt lat="60.239538" lon="24.662293"><ele>25.9</ele><time>2026-03-12T07:35:34Z</time></trkpt><trkpt lat="60.23956" lon="24.662377"><ele>26.4</ele><time>2026-03-12T07:35:35Z</time></trkpt><trkpt lat="60.239577" lon="24.662438"><ele>26.4</ele><time>2026-03-12T07:35:36Z</time></trkpt><trkpt lat="60.239593" lon="24.662502"><ele>26.9</ele><time>2026-03-12T07:35:37Z</time></trkpt><trkpt lat="60.2396" lon="24.662553"><ele>27.0</ele><time>2026-03-12T07:35:38Z</time></trkpt><trkpt lat="60.23961" lon="24.662627"><ele>27.1</ele><time>2026-03-12T07:35:39Z</time><extensions><gpxtpx:TrackPointExtension><gpxtpx:hr>113</gpxtpx:hr></gpxtpx:TrackPointExtension></extensions></trkpt><trkpt lat="60.239613" lon="24.662698"><ele>27.2</ele><time>2026-03-12T07:35:40Z</time></trkpt><trkpt lat="60.239612" lon="24.662762"><ele>25.9</ele><time>2026-03-12T07:35:41Z</time></trkpt><trkpt lat="60.239607" lon="24.662833"><ele>26.9</ele><time>2026-03-12T07:35:42Z</time></trkpt><trkpt lat="60.239597" lon="24.662875"><ele>27.1</ele><time>2026-03-12T07:35:43Z</time><extensions><gpxtpx:TrackPointExtension><gpxtpx:hr>113</gpxtpx:hr></gpxtpx:TrackPointExtension></extensions></trkpt><trkpt lat="60.239577" lon="24.66294"><ele>25.4</ele><time>2026-03-12T07:35:44Z</time></trkpt><trkpt lat="60.23956" lon="24.662997"><ele>25.3</ele><time>2026-03-12T07:35:45Z</time></trkpt><trkpt lat="60.239548" lon="24.66303"><ele>26.2</ele><time>2026-03-12T07:35:46Z</time></trkpt><trkpt lat="60.239527" lon="24.663083"><ele>26.5</ele><time>2026-03-12T07:35:47Z</time></trkpt><trkpt lat="60.239508" lon="24.663113"><ele>26.8</ele><time>2026-03-12T07:35:48Z</time><extensions><gpxtpx:TrackPointExtension><gpxtpx:hr>113</gpxtpx:hr></gpxtpx:TrackPointExtension></extensions></trkpt><trkpt lat="60.23948" lon="24.663142"><ele>27.6</ele><time>2026-03-12T07:35:49Z</time></trkpt><trkpt lat="60.239452" lon="24.663185"><ele>28.7</ele><time>2026-03-12T07:35:50Z</time></trkpt><trkpt lat="60.239433" lon="24.663187"><ele>27.9</ele><time>2026-03-12T07:35:51Z</time></trkpt><trkpt lat="60.239412" lon="24.663212"><ele>29.2</ele><time>2026-03-12T07:35:52Z</time></trkpt><trkpt lat="60.239398" lon="24.663248"><ele>28.5</ele><time>2026-03-12T07:35:53Z</time></trkpt><trkpt lat="60.239377" lon="24.663275"><ele>28.8</ele><time>2026-03-12T07:35:54Z</time></trkpt><trkpt lat="60.239357" lon="24.663293"><ele>28.9</ele><time>2026-03-12T07:35:55Z</time></trkpt><trkpt lat="60.239328" lon="24.663322"><ele>29.0</ele><time>2026-03-12T07:35:56Z</time></trkpt><trkpt lat="60.239308" lon="24.663338"><ele>29.4</ele><time>2026-03-12T07:35:57Z</time><extensions><gpxtpx:TrackPointExtension><gpxtpx:hr>115</gpxtpx:hr></gpxtpx:TrackPointExtension></extensions></trkpt><trkpt lat="60.239285" lon="24.663355"><ele>29.1</ele><time>2026-03-12T07:35:58Z</time><extensions><gpxtpx:TrackPointExtension><gpxtpx:hr>114</gpxtpx:hr></gpxtpx:TrackPointExtension></extensions></trkpt><trkpt lat="60.239253" lon="24.663382"><ele>29.0</ele><time>2026-03-12T07:35:59Z</time></trkpt><trkpt lat="60.239237" lon="24.663387"><ele>28.5</ele><time>2026-03-12T07:36:00Z</time></trkpt><trkpt lat="60.239208" lon="24.663423"><ele>28.7</ele><time>2026-03-12T07:36:01Z</time></trkpt><trkpt lat="60.239172" lon="24.663473"><ele>29.9</ele><time>2026-03-12T07:36:02Z</time></trkpt><trkpt lat="60.23915" lon="24.663477"><ele>28.4</ele><time>2026-03-12T07:36:03Z</time><extensions><gpxtpx:TrackPointExtension><gpxtpx:hr>115</gpxtpx:hr></gpxtpx:TrackPointExtension></extensions></trkpt><trkpt lat="60.239117" lon="24.663478"><ele>27.9</ele><time>2026-03-12T07:36:04Z</time></trkpt><trkpt lat="60.239085" lon="24.663508"><ele>27.4</ele><time>2026-03-12T07:36:05Z</time></trkpt><trkpt lat="60.239067" lon="24.663543"><ele>28.1</ele><time>2026-03-12T07:36:06Z</time></trkpt><trkpt lat="60.239037" lon="24.663562"><ele>28.5</ele><time>2026-03-12T07:36:07Z</time></trkpt><trkpt lat="60.23902" lon="24.663568"><ele>28.3</ele><time>2026-03-12T07:36:08Z</time></trkpt><trkpt lat="60.238992" lon="24.66361"><ele>28.8</ele><time>2026-03-12T07:36:09Z</time></trkpt><trkpt lat="60.238977" lon="24.663623"><ele>27.9</ele><time>2026-03-12T07:36:10Z</time></trkpt><trkpt lat="60.238992" lon="24.66362"><ele>25.4</ele><time>2026-03-12T07:36:11Z</time></trkpt><trkpt lat="60.238967" lon="24.66364"><ele>25.4</ele><time>2026-03-12T07:36:12Z</time><extensions><gpxtpx:TrackPointExtension><gpxtpx:hr>115</gpxtpx:hr></gpxtpx:TrackPointExtension></extensions></trkpt><trkpt lat="60.238943" lon="24.663678"><ele>25.7</ele><time>2026-03-12T07:36:13Z</time></trkpt><trkpt lat="60.238923" lon="24.663702"><ele>25.8</ele><time>2026-03-12T07:36:14Z</time></trkpt><trkpt lat="60.238902" lon="24.663732"><ele>25.8</ele><time>2026-03-12T07:36:15Z</time></trkpt><trkpt lat="60.238878" lon="24.663763"><ele>25.7</ele><time>2026-03-12T07:36:16Z</time><extensions><gpxtpx:TrackPointExtension><gpxtpx:hr>116</gpxtpx:hr></gpxtpx:TrackPointExtension></extensions></trkpt><trkpt lat="60.238855" lon="24.663797"><ele>24.9</ele><time>2026-03-12T07:36:17Z</time></trkpt><trkpt lat="60.238833" lon="24.663822"><ele>25.5</ele><time>2026-03-12T07:36:18Z</time></trkpt><trkpt lat="60.238815" lon="24.663852"><ele>25.1</ele><time>2026-03-12T07:36:19Z</time><extensions><gpxtpx:TrackPointExtension><gpxtpx:hr>116</gpxtpx:hr></gpxtpx:TrackPointExtension></extensions></trkpt><trkpt lat="60.238793" lon="24.663887"><ele>25.5</ele><time>2026-03-12T07:36:20Z</time></trkpt><trkpt lat="60.238768" lon="24.663912"><ele>25.8</ele><time>2026-03-12T07:36:21Z</time></trkpt><trkpt lat="60.238747" lon="24.663948"><ele>26.2</ele><time>2026-03-12T07:36:22Z</time></trkpt><trkpt lat="60.238718" lon="24.663975"><ele>26.6</ele><time>2026-03-12T07:36:23Z</time><extensions><gpxtpx:TrackPointExtension><gpxtpx:hr>115</gpxtpx:hr></gpxtpx:TrackPointExtension></extensions></trkpt><trkpt lat="60.238697" lon="24.664007"><ele>27.5</ele><time>2026-03-12T07:36:24Z</time></trkpt><trkpt lat="60.238683" lon="24.664032"><ele>26.8</ele><time>2026-03-12T07:36:25Z</time></trkpt><trkpt lat="60.238663" lon="24.664053"><ele>27.0</ele><time>2026-03-12T07:36:26Z</time></trkpt><trkpt lat="60.238647" lon="24.664093"><ele>26.8</ele><time>2026-03-12T07:36:27Z</time></trkpt><trkpt lat="60.23863" lon="24.664123"><ele>26.1</ele><time>2026-03-12T07:36:28Z</time></trkpt><trkpt lat="60.23861" lon="24.66415"><ele>26.8</ele><time>2026-03-12T07:36:29Z</time></trkpt><trkpt lat="60.238592" lon="24.664185"><ele>28.6</ele><time>2026-03-12T07:36:30Z</time><extensions><gpxtpx:TrackPointExtension><gpxtpx:hr>116</gpxtpx:hr></gpxtpx:TrackPointExtension></extensions></trkpt><trkpt lat="60.238577" lon="24.664208"><ele>28.8</ele><time>2026-03-12T07:36:31Z</time></trkpt><trkpt lat="60.238558" lon="24.664252"><ele>29.0</ele><time>2026-03-12T07:36:32Z</time></trkpt><trkpt lat="60.238542" lon="24.664288"><ele>29.3</ele><time>2026-03-12T07:36:33Z</time><extensions><gpxtpx:TrackPointExtension><gpxtpx:hr>116</gpxtpx:hr></gpxtpx:TrackPointExtension></extensions></trkpt><trkpt lat="60.238527" lon="24.664325"><ele>29.9</ele><time>2026-03-12T07:36:34Z</time></trkpt><trkpt lat="60.23851" lon="24.66437"><ele>28.7</ele><time>2026-03-12T07:36:35Z</time></trkpt><trkpt lat="60.238467" lon="24.66445"><ele>16.5</ele><time>2026-03-12T07:36:39Z</time><extensions><gpxtpx:TrackPointExtension><gpxtpx:hr>118</gpxtpx:hr></gpxtpx:TrackPointExtension></extensions></trkpt><trkpt lat="60.238455" lon="24.664572"><ele>19.4</ele><time>2026-03-12T07:36:40Z</time></trkpt><trkpt lat="60.238453" lon="24.664628"><ele>22.1</ele><time>2026-03-12T07:36:41Z</time></trkpt><trkpt lat="60.23846" lon="24.664697"><ele>24.8</ele><time>2026-03-12T07:36:42Z</time></trkpt><trkpt lat="60.238465" lon="24.664738"><ele>25.4</ele><time>2026-03-12T07:36:43Z</time></trkpt><trkpt lat="60.238472" lon="24.664793"><ele>27.0</ele><time>2026-03-12T07:36:44Z</time></trkpt><trkpt lat="60.238482" lon="24.664835"><ele>27.1</ele><time>2026-03-12T07:36:45Z</time></trkpt><trkpt lat="60.23849" lon="24.664882"><ele>27.6</ele><time>2026-03-12T07:36:46Z</time></trkpt><trkpt lat="60.238503" lon="24.664917"><ele>27.4</ele><time>2026-03-12T07:36:47Z</time><extensions><gpxtpx:TrackPointExtension><gpxtpx:hr>119</gpxtpx:hr></gpxtpx:TrackPointExtension></extensions></trkpt><trkpt lat="60.238522" lon="24.664953"><ele>27.2</ele><time>2026-03-12T07:36:48Z</time></trkpt><trkpt lat="60.238542" lon="24.664987"><ele>27.0</ele><time>2026-03-12T07:36:49Z</time></trkpt><trkpt lat="60.238558" lon="24.665002"><ele>26.6</ele><time>2026-03-12T07:36:50Z</time></trkpt><trkpt lat="60.238578" lon="24.66502"><ele>26.6</ele><time>2026-03-12T07:36:51Z</time><extensions><gpxtpx:TrackPointExtension><gpxtpx:hr>118</gpxtpx:hr></gpxtpx:TrackPointExtension></extensions></trkpt><trkpt lat="60.238602" lon="24.665013"><ele>26.3</ele><time>2026-03-12T07:36:52Z</time></trkpt><trkpt lat="60.238622" lon="24.665003"><ele>25.6</ele><time>2026-03-12T07:36:53Z</time></trkpt><trkpt lat="60.238642" lon="24.664987"><ele>25.5</ele><time>2026-03-12T07:36:54Z</time></trkpt><trkpt lat="60.238657" lon="24.664952"><ele>25.0</ele><time>2026-03-12T07:36:55Z</time></trkpt><trkpt lat="60.238658" lon="24.664858"><ele>25.5</ele><time>2026-03-12T07:36:57Z</time><extensions><gpxtpx:TrackPointExtension><gpxtpx:hr>120</gpxtpx:hr></gpxtpx:TrackPointExtension></extensions></trkpt><trkpt lat="60.238667" lon="24.66482"><ele>25.5</ele><time>2026-03-12T07:36:58Z</time></trkpt><trkpt lat="60.238653" lon="24.664737"><ele>25.4</ele><time>2026-03-12T07:36:59Z</time></trkpt><trkpt lat="60.23866" lon="24.66465"><ele>25.5</ele><time>2026-03-12T07:37:00Z</time></trkpt><trkpt lat="60.238665" lon="24.664573"><ele>25.5</ele><time>2026-03-12T07:37:01Z</time></trkpt><trkpt lat="60.238672" lon="24.664497"><ele>25.7</ele><time>2026-03-12T07:37:02Z</time><extensions><gpxtpx:TrackPointExtension><gpxtpx:hr>121</gpxtpx:hr></gpxtpx:TrackPointExtension></extensions></trkpt><trkpt lat="60.238682" lon="24.66442"><ele>25.9</ele><time>2026-03-12T07:37:03Z</time></trkpt><trkpt lat="60.238695" lon="24.664342"><ele>26.1</ele><time>2026-03-12T07:37:04Z</time><extensions><gpxtpx:TrackPointExtension><gpxtpx:hr>121</gpxtpx:hr></gpxtpx:TrackPointExtension></extensions></trkpt><trkpt lat="60.238713" lon="24.664257"><ele>26.2</ele><time>2026-03-12T07:37:05Z</time></trkpt><trkpt lat="60.23874" lon="24.66419"><ele>26.1</ele><time>2026-03-12T07:37:06Z</time></trkpt><trkpt lat="60.238772" lon="24.664138"><ele>26.2</ele><time>2026-03-12T07:37:07Z</time></trkpt><trkpt lat="60.238803" lon="24.664082"><ele>25.9</ele><time>2026-03-12T07:37:08Z</time><extensions><gpxtpx:TrackPointExtension><gpxtpx:hr>117</gpxtpx:hr></gpxtpx:TrackPointExtension></extensions></trkpt><trkpt lat="60.238842" lon="24.66403"><ele>25.8</ele><time>2026-03-12T07:37:09Z</time></trkpt><trkpt lat="60.238868" lon="24.66396"><ele>25.5</ele><time>2026-03-12T07:37:10Z</time></trkpt><trkpt lat="60.23891" lon="24.663927"><ele>25.4</ele><time>2026-03-12T07:37:11Z</time></trkpt><trkpt lat="60.23897" lon="24.66384"><ele>26.8</ele><time>2026-03-12T07:37:12Z</time></trkpt><trkpt lat="60.239007" lon="24.663808"><ele>26.9</ele><time>2026-03-12T07:37:13Z</time><extensions><gpxtpx:TrackPointExtension><gpxtpx:hr>114</gpxtpx:hr></gpxtpx:TrackPointExtension></extensions></trkpt><trkpt lat="60.239038" lon="24.663758"><ele>26.4</ele><time>2026-03-12T07:37:14Z</time></trkpt><trkpt lat="60.239078" lon="24.663722"><ele>26.3</ele><time>2026-03-12T07:37:15Z</time></trkpt><trkpt lat="60.239118" lon="24.663673"><ele>26.1</ele><time>2026-03-12T07:37:16Z</time></trkpt><trkpt lat="60.239163" lon="24.663645"><ele>26.0</ele><time>2026-03-12T07:37:17Z</time></trkpt><trkpt lat="60.239207" lon="24.663602"><ele>26.1</ele><time>2026-03-12T07:37:18Z</time></trkpt><trkpt lat="60.239248" lon="24.663565"><ele>25.4</ele><time>2026-03-12T07:37:19Z</time></trkpt><trkpt lat="60.239293" lon="24.663533"><ele>25.7</ele><time>2026-03-12T07:37:20Z</time><extensions><gpxtpx:TrackPointExtension><gpxtpx:hr>119</gpxtpx:hr></gpxtpx:TrackPointExtension></extensions></trkpt><trkpt lat="60.239338" lon="24.663498"><ele>25.6</ele><time>2026-03-12T07:37:21Z</time></trkpt><trkpt lat="60.23938" lon="24.663473"><ele>26.0</ele><time>2026-03-12T07:37:22Z</time></trkpt><trkpt lat="60.239425" lon="24.66345"><ele>25.9</ele><time>2026-03-12T07:37:23Z</time><extensions><gpxtpx:TrackPointExtension><gpxtpx:hr>117</gpxtpx:hr></gpxtpx:TrackPointExtension></extensions></trkpt><trkpt lat="60.239467" lon="24.66344"><ele>25.7</ele><time>2026-03-12T07:37:24Z</time></trkpt><trkpt lat="60.239512" lon="24.663442"><ele>26.1</ele><time>2026-03-12T07:37:25Z</time></trkpt><trkpt lat="60.23955" lon="24.663445"><ele>25.8</ele><time>2026-03-12T07:37:26Z</time></trkpt><trkpt lat="60.239582" lon="24.663463"><ele>26.3</ele><time>2026-03-12T07:37:27Z</time></trkpt><trkpt lat="60.239613" lon="24.66348"><ele>26.9</ele><time>2026-03-12T07:37:28Z</time><extensions><gpxtpx:TrackPointExtension><gpxtpx:hr>115</gpxtpx:hr></gpxtpx:TrackPointExtension></extensions></trkpt><trkpt lat="60.239642" lon="24.663505"><ele>27.3</ele><time>2026-03-12T07:37:29Z</time></trkpt><trkpt lat="60.239668" lon="24.663528"><ele>27.4</ele><time>2026-03-12T07:37:30Z</time></trkpt><trkpt lat="60.239693" lon="24.663567"><ele>28.2</ele><time>2026-03-12T07:37:31Z</time></trkpt><trkpt lat="60.239717" lon="24.66361"><ele>27.9</ele><time>2026-03-12T07:37:32Z</time></trkpt><trkpt lat="60.239735" lon="24.663663"><ele>27.8</ele><time>2026-03-12T07:37:33Z</time></trkpt><trkpt lat="60.239752" lon="24.663722"><ele>27.9</ele><time>2026-03-12T07:37:34Z</time></trkpt><trkpt lat="60.239763" lon="24.663772"><ele>27.8</ele><time>2026-03-12T07:37:35Z</time></trkpt><trkpt lat="60.239777" lon="24.663827"><ele>28.2</ele><time>2026-03-12T07:37:36Z</time></trkpt><trkpt lat="60.239783" lon="24.663885"><ele>28.3</ele><time>2026-03-12T07:37:37Z</time><extensions><gpxtpx:TrackPointExtension><gpxtpx:hr>115</gpxtpx:hr></gpxtpx:TrackPointExtension></extensions></trkpt><trkpt lat="60.239787" lon="24.663938"><ele>27.5</ele><time>2026-03-12T07:37:38Z</time></trkpt><trkpt lat="60.23979" lon="24.66401"><ele>27.6</ele><time>2026-03-12T07:37:39Z</time></trkpt><trkpt lat="60.239783" lon="24.664078"><ele>27.5</ele><time>2026-03-12T07:37:40Z</time></trkpt><trkpt lat="60.239767" lon="24.664145"><ele>27.3</ele><time>2026-03-12T07:37:41Z</time></trkpt><trkpt lat="60.239747" lon="24.664193"><ele>27.2</ele><time>2026-03-12T07:37:42Z</time><extensions><gpxtpx:TrackPointExtension><gpxtpx:hr>115</gpxtpx:hr></gpxtpx:TrackPointExtension></extensions></trkpt><trkpt lat="60.239718" lon="24.664235"><ele>26.6</ele><time>2026-03-12T07:37:43Z</time></trkpt><trkpt lat="60.239688" lon="24.664273"><ele>26.4</ele><time>2026-03-12T07:37:44Z</time></trkpt><trkpt lat="60.239655" lon="24.664292"><ele>26.1</ele><time>2026-03-12T07:37:45Z</time></trkpt><trkpt lat="60.239623" lon="24.6643"><ele>26.1</ele><time>2026-03-12T07:37:46Z</time></trkpt><trkpt lat="60.239597" lon="24.664302"><ele>25.6</ele><time>2026-03-12T07:37:47Z</time><extensions><gpxtpx:TrackPointExtension><gpxtpx:hr>113</gpxtpx:hr></gpxtpx:TrackPointExtension></extensions></trkpt><trkpt lat="60.239567" lon="24.664313"><ele>25.6</ele><time>2026-03-12T07:37:48Z</time></trkpt><trkpt lat="60.239535" lon="24.664313"><ele>25.6</ele><time>2026-03-12T07:37:49Z</time></trkpt><trkpt lat="60.239502" lon="24.664308"><ele>25.8</ele><time>2026-03-12T07:37:50Z</time></trkpt><trkpt lat="60.23947" lon="24.6643"><ele>26.1</ele><time>2026-03-12T07:37:51Z</time><extensions><gpxtpx:TrackPointExtension><gpxtpx:hr>113</gpxtpx:hr></gpxtpx:TrackPointExtension></extensions></trkpt><trkpt lat="60.239445" lon="24.664292"><ele>26.0</ele><time>2026-03-12T07:37:52Z</time></trkpt><trkpt lat="60.239413" lon="24.6643"><ele>25.8</ele><time>2026-03-12T07:37:53Z</time><extensions><gpxtpx:TrackPointExtension><gpxtpx:hr>113</gpxtpx:hr></gpxtpx:TrackPointExtension></extensions></trkpt><trkpt lat="60.23939" lon="24.664305"><ele>26.4</ele><time>2026-03-12T07:37:54Z</time></trkpt><trkpt lat="60.239357" lon="24.664318"><ele>26.2</ele><time>2026-03-12T07:37:55Z</time></trkpt><trkpt lat="60.239332" lon="24.664333"><ele>26.1</ele><time>2026-03-12T07:37:56Z</time></trkpt><trkpt lat="60.239305" lon="24.664347"><ele>25.9</ele><time>2026-03-12T07:37:57Z</time></trkpt><trkpt lat="60.239282" lon="24.664363"><ele>25.6</ele><time>2026-03-12T07:37:58Z</time></trkpt><trkpt lat="60.239258" lon="24.66438"><ele>25.9</ele><time>2026-03-12T07:37:59Z</time><extensions><gpxtpx:TrackPointExtension><gpxtpx:hr>114</gpxtpx:hr></gpxtpx:TrackPointExtension></extensions></trkpt><trkpt lat="60.239232" lon="24.664393"><ele>26.3</ele><time>2026-03-12T07:38:00Z</time></trkpt><trkpt lat="60.239205" lon="24.66441"><ele>26.2</ele><time>2026-03-12T07:38:01Z</time></trkpt><trkpt lat="60.23918" lon="24.664415"><ele>25.9</ele><time>2026-03-12T07:38:02Z</time></trkpt><trkpt lat="60.239155" lon="24.66443"><ele>26.3</ele><time>2026-03-12T07:38:03Z</time></trkpt><trkpt lat="60.239132" lon="24.66444"><ele>26.5</ele><time>2026-03-12T07:38:04Z</time><extensions><gpxtpx:TrackPointExtension><gpxtpx:hr>116</gpxtpx:hr></gpxtpx:TrackPointExtension></extensions></trkpt><trkpt lat="60.239103" lon="24.664472"><ele>25.6</ele><time>2026-03-12T07:38:05Z</time></trkpt><trkpt lat="60.238928" lon="24.664605"><ele>17.6</ele><time>2026-03-12T07:38:10Z</time><extensions><gpxtpx:TrackPointExtension><gpxtpx:hr>117</gpxtpx:hr></gpxtpx:TrackPointExtension></extensions></trkpt><trkpt lat="60.238915" lon="24.664617"><ele>13.4</ele><time>2026-03-12T07:38:11Z</time></trkpt><trkpt lat="60.238883" lon="24.664643"><ele>18.4</ele><time>2026-03-12T07:38:12Z</time></trkpt><trkpt lat="60.238877" lon="24.664662"><ele>23.1</ele><time>2026-03-12T07:38:13Z</time></trkpt><trkpt lat="60.238862" lon="24.664683"><ele>26.3</ele><time>2026-03-12T07:38:14Z</time><extensions><gpxtpx:TrackPointExtension><gpxtpx:hr>117</gpxtpx:hr></gpxtpx:TrackPointExtension></extensions></trkpt><trkpt lat="60.238852" lon="24.664717"><ele>26.4</ele><time>2026-03-12T07:38:15Z</time></trkpt><trkpt lat="60.238842" lon="24.664753"><ele>26.5</ele><time>2026-03-12T07:38:16Z</time></trkpt><trkpt lat="60.23883" lon="24.664792"><ele>26.4</ele><time>2026-03-12T07:38:17Z</time></trkpt><trkpt lat="60.238822" lon="24.66484"><ele>26.5</ele><time>2026-03-12T07:38:18Z</time></trkpt><trkpt lat="60.238815" lon="24.664895"><ele>26.6</ele><time>2026-03-12T07:38:19Z</time></trkpt><trkpt lat="60.238812" lon="24.66495"><ele>26.6</ele><time>2026-03-12T07:38:20Z</time></trkpt><trkpt lat="60.238805" lon="24.664998"><ele>26.6</ele><time>2026-03-12T07:38:21Z</time></trkpt><trkpt lat="60.238808" lon="24.665057"><ele>26.6</ele><time>2026-03-12T07:38:22Z</time><extensions><gpxtpx:TrackPointExtension><gpxtpx:hr>118</gpxtpx:hr></gpxtpx:TrackPointExtension></extensions></trkpt><trkpt lat="60.238827" lon="24.665123"><ele>26.1</ele><time>2026-03-12T07:38:23Z</time></trkpt><trkpt lat="60.23885" lon="24.665178"><ele>26.1</ele><time>2026-03-12T07:38:24Z</time></trkpt><trkpt lat="60.23887" lon="24.665225"><ele>25.9</ele><time>2026-03-12T07:38:25Z</time></trkpt><trkpt lat="60.2389" lon="24.665267"><ele>25.4</ele><time>2026-03-12T07:38:26Z</time><extensions><gpxtpx:TrackPointExtension><gpxtpx:hr>121</gpxtpx:hr></gpxtpx:TrackPointExtension></extensions></trkpt><trkpt lat="60.238953" lon="24.665278"><ele>23.8</ele><time>2026-03-12T07:38:28Z</time></trkpt><trkpt lat="60.238978" lon="24.665312"><ele>23.8</ele><time>2026-03-12T07:38:29Z</time></trkpt><trkpt lat="60.239" lon="24.665277"><ele>23.2</ele><time>2026-03-12T07:38:30Z</time><extensions><gpxtpx:TrackPointExtension><gpxtpx:hr>123</gpxtpx:hr></gpxtpx:TrackPointExtension></extensions></trkpt><trkpt lat="60.239027" lon="24.665268"><ele>22.6</ele><time>2026-03-12T07:38:31Z</time></trkpt><trkpt lat="60.239053" lon="24.665248"><ele>21.8</ele><time>2026-03-12T07:38:32Z</time></trkpt><trkpt lat="60.239067" lon="24.665232"><ele>20.2</ele><time>2026-03-12T07:38:33Z</time><extensions><gpxtpx:TrackPointExtension><gpxtpx:hr>122</gpxtpx:hr></gpxtpx:TrackPointExtension></extensions></trkpt><trkpt lat="60.23908" lon="24.665222"><ele>19.1</ele><time>2026-03-12T07:38:34Z</time></trkpt><trkpt lat="60.239092" lon="24.6652"><ele>18.7</ele><time>2026-03-12T07:38:35Z</time></trkpt><trkpt lat="60.239105" lon="24.665183"><ele>18.4</ele><time>2026-03-12T07:38:36Z</time></trkpt><trkpt lat="60.239122" lon="24.665168"><ele>17.8</ele><time>2026-03-12T07:38:37Z</time></trkpt><trkpt lat="60.239142" lon="24.66515"><ele>17.7</ele><time>2026-03-12T07:38:38Z</time></trkpt><trkpt lat="60.239165" lon="24.665128"><ele>17.4</ele><time>2026-03-12T07:38:39Z</time><extensions><gpxtpx:TrackPointExtension><gpxtpx:hr>118</gpxtpx:hr></gpxtpx:TrackPointExtension></extensions></trkpt><trkpt lat="60.239205" lon="24.665115"><ele>19.1</ele><time>2026-03-12T07:38:40Z</time></trkpt><trkpt lat="60.239237" lon="24.665098"><ele>18.8</ele><time>2026-03-12T07:38:41Z</time></trkpt><trkpt lat="60.239378" lon="24.664718"><ele>24.6</ele><time>2026-03-12T07:38:42Z</time></trkpt><trkpt lat="60.239422" lon="24.664698"><ele>24.3</ele><time>2026-03-12T07:38:43Z</time><extensions><gpxtpx:TrackPointExtension><gpxtpx:hr>118</gpxtpx:hr></gpxtpx:TrackPointExtension></extensions></trkpt><trkpt lat="60.239443" lon="24.664687"><ele>25.1</ele><time>2026-03-12T07:38:44Z</time></trkpt><trkpt lat="60.23947" lon="24.664658"><ele>24.7</ele><time>2026-03-12T07:38:45Z</time></trkpt><trkpt lat="60.239503" lon="24.664628"><ele>24.5</ele><time>2026-03-12T07:38:46Z</time></trkpt><trkpt lat="60.239543" lon="24.664598"><ele>24.7</ele><time>2026-03-12T07:38:47Z</time></trkpt><trkpt lat="60.239582" lon="24.664575"><ele>25.2</ele><time>2026-03-12T07:38:48Z</time></trkpt><trkpt lat="60.239617" lon="24.664565"><ele>24.3</ele><time>2026-03-12T07:38:49Z</time><extensions><gpxtpx:TrackPointExtension><gpxtpx:hr>116</gpxtpx:hr></gpxtpx:TrackPointExtension></extensions></trkpt><trkpt lat="60.239657" lon="24.66454"><ele>24.0</ele><time>2026-03-12T07:38:50Z</time></trkpt><trkpt lat="60.239698" lon="24.664515"><ele>24.6</ele><time>2026-03-12T07:38:51Z</time></trkpt><trkpt lat="60.239745" lon="24.6645"><ele>25.5</ele><time>2026-03-12T07:38:52Z</time></trkpt><trkpt lat="60.239788" lon="24.664497"><ele>25.4</ele><time>2026-03-12T07:38:53Z</time></trkpt><trkpt lat="60.239838" lon="24.664512"><ele>25.3</ele><time>2026-03-12T07:38:54Z</time><extensions><gpxtpx:TrackPointExtension><gpxtpx:hr>114</gpxtpx:hr></gpxtpx:TrackPointExtension></extensions></trkpt><trkpt lat="60.239877" lon="24.66454"><ele>25.6</ele><time>2026-03-12T07:38:55Z</time></trkpt><trkpt lat="60.23991" lon="24.664575"><ele>25.1</ele><time>2026-03-12T07:38:56Z</time></trkpt><trkpt lat="60.239938" lon="24.664627"><ele>25.7</ele><time>2026-03-12T07:38:57Z</time></trkpt><trkpt lat="60.239965" lon="24.664672"><ele>26.4</ele><time>2026-03-12T07:38:58Z</time></trkpt><trkpt lat="60.23999" lon="24.664733"><ele>26.6</ele><time>2026-03-12T07:38:59Z</time><extensions><gpxtpx:TrackPointExtension><gpxtpx:hr>114</gpxtpx:hr></gpxtpx:TrackPointExtension></extensions></trkpt><trkpt lat="60.24002" lon="24.664782"><ele>26.6</ele><time>2026-03-12T07:39:00Z</time></trkpt><trkpt lat="60.240047" lon="24.664837"><ele>26.3</ele><time>2026-03-12T07:39:01Z</time></trkpt><trkpt lat="60.24008" lon="24.66489"><ele>27.1</ele><time>2026-03-12T07:39:02Z</time></trkpt><trkpt lat="60.240108" lon="24.664938"><ele>27.0</ele><time>2026-03-12T07:39:03Z</time><extensions><gpxtpx:TrackPointExtension><gpxtpx:hr>113</gpxtpx:hr></gpxtpx:TrackPointExtension></extensions></trkpt><trkpt lat="60.24014" lon="24.664982"><ele>28.5</ele><time>2026-03-12T07:39:04Z</time></trkpt><trkpt lat="60.240165" lon="24.66502"><ele>28.4</ele><time>2026-03-12T07:39:05Z</time></trkpt><trkpt lat="60.240193" lon="24.665058"><ele>28.6</ele><time>2026-03-12T07:39:06Z</time></trkpt><trkpt lat="60.240223" lon="24.665102"><ele>29.1</ele><time>2026-03-12T07:39:07Z</time></trkpt><trkpt lat="60.240252" lon="24.665145"><ele>28.8</ele><time>2026-03-12T07:39:08Z</time></trkpt><trkpt lat="60.24028" lon="24.665172"><ele>28.9</ele><time>2026-03-12T07:39:09Z</time></trkpt><trkpt lat="60.24031" lon="24.665203"><ele>28.4</ele><time>2026-03-12T07:39:10Z</time></trkpt><trkpt lat="60.24034" lon="24.665232"><ele>27.2</ele><time>2026-03-12T07:39:11Z</time></trkpt><trkpt lat="60.24037" lon="24.665238"><ele>27.3</ele><time>2026-03-12T07:39:12Z</time><extensions><gpxtpx:TrackPointExtension><gpxtpx:hr>112</gpxtpx:hr></gpxtpx:TrackPointExtension></extensions></trkpt><trkpt lat="60.240407" lon="24.66524"><ele>26.9</ele><time>2026-03-12T07:39:13Z</time></trkpt><trkpt lat="60.240438" lon="24.665253"><ele>27.8</ele><time>2026-03-12T07:39:14Z</time></trkpt><trkpt lat="60.240467" lon="24.665252"><ele>27.8</ele><time>2026-03-12T07:39:15Z</time></trkpt><trkpt lat="60.240495" lon="24.665257"><ele>27.7</ele><time>2026-03-12T07:39:16Z</time></trkpt><trkpt lat="60.240522" lon="24.66526"><ele>27.1</ele><time>2026-03-12T07:39:17Z</time><extensions><gpxtpx:TrackPointExtension><gpxtpx:hr>112</gpxtpx:hr></gpxtpx:TrackPointExtension></extensions></trkpt><trkpt lat="60.240555" lon="24.66526"><ele>27.3</ele><time>2026-03-12T07:39:18Z</time></trkpt><trkpt lat="60.240587" lon="24.665262"><ele>27.7</ele><time>2026-03-12T07:39:19Z</time><extensions><gpxtpx:TrackPointExtension><gpxtpx:hr>112</gpxtpx:hr></gpxtpx:TrackPointExtension></extensions></trkpt><trkpt lat="60.240617" lon="24.665262"><ele>26.8</ele><time>2026-03-12T07:39:20Z</time></trkpt><trkpt lat="60.240647" lon="24.66528"><ele>27.1</ele><time>2026-03-12T07:39:21Z</time></trkpt><trkpt lat="60.240688" lon="24.665305"><ele>26.9</ele><time>2026-03-12T07:39:22Z</time></trkpt><trkpt lat="60.240742" lon="24.665315"><ele>25.7</ele><time>2026-03-12T07:39:23Z</time></trkpt><trkpt lat="60.240773" lon="24.665352"><ele>25.3</ele><time>2026-03-12T07:39:24Z</time><extensions><gpxtpx:TrackPointExtension><gpxtpx:hr>113</gpxtpx:hr></gpxtpx:TrackPointExtension></extensions></trkpt><trkpt lat="60.240808" lon="24.665393"><ele>25.1</ele><time>2026-03-12T07:39:25Z</time></trkpt><trkpt lat="60.240853" lon="24.665438"><ele>25.3</ele><time>2026-03-12T07:39:26Z</time></trkpt><trkpt lat="60.240883" lon="24.665492"><ele>25.1</ele><time>2026-03-12T07:39:27Z</time></trkpt><trkpt lat="60.240918" lon="24.665545"><ele>25.4</ele><time>2026-03-12T07:39:28Z</time></trkpt><trkpt lat="60.240952" lon="24.665618"><ele>25.8</ele><time>2026-03-12T07:39:29Z</time></trkpt><trkpt lat="60.240973" lon="24.665687"><ele>25.4</ele><time>2026-03-12T07:39:30Z</time></trkpt><trkpt lat="60.240993" lon="24.665753"><ele>26.7</ele><time>2026-03-12T07:39:31Z</time></trkpt><trkpt lat="60.241013" lon="24.665833"><ele>26.9</ele><time>2026-03-12T07:39:32Z</time><extensions><gpxtpx:TrackPointExtension><gpxtpx:hr>113</gpxtpx:hr></gpxtpx:TrackPointExtension></extensions></trkpt><trkpt lat="60.241032" lon="24.665908"><ele>27.1</ele><time>2026-03-12T07:39:33Z</time><extensions><gpxtpx:TrackPointExtension><gpxtpx:hr>113</gpxtpx:hr></gpxtpx:TrackPointExtension></extensions></trkpt><trkpt lat="60.241053" lon="24.66598"><ele>26.6</ele><time>2026-03-12T07:39:34Z</time></trkpt><trkpt lat="60.241063" lon="24.666028"><ele>26.5</ele><time>2026-03-12T07:39:35Z</time></trkpt><trkpt lat="60.241083" lon="24.66611"><ele>25.9</ele><time>2026-03-12T07:39:36Z</time></trkpt><trkpt lat="60.2411" lon="24.666172"><ele>25.7</ele><time>2026-03-12T07:39:37Z</time></trkpt><trkpt lat="60.241118" lon="24.666245"><ele>25.1</ele><time>2026-03-12T07:39:38Z</time><extensions><gpxtpx:TrackPointExtension><gpxtpx:hr>112</gpxtpx:hr></gpxtpx:TrackPointExtension></extensions></trkpt><trkpt lat="60.241122" lon="24.66633"><ele>25.4</ele><time>2026-03-12T07:39:39Z</time></trkpt><trkpt lat="60.24113" lon="24.666398"><ele>25.0</ele><time>2026-03-12T07:39:40Z</time></trkpt><trkpt lat="60.241123" lon="24.666478"><ele>24.5</ele><time>2026-03-12T07:39:41Z</time></trkpt><trkpt lat="60.241118" lon="24.666548"><ele>25.0</ele><time>2026-03-12T07:39:42Z</time></trkpt><trkpt lat="60.241112" lon="24.66662"><ele>25.2</ele><time>2026-03-12T07:39:43Z</time></trkpt><trkpt lat="60.241097" lon="24.66669"><ele>24.2</ele><time>2026-03-12T07:39:44Z</time><extensions><gpxtpx:TrackPointExtension><gpxtpx:hr>113</gpxtpx:hr></gpxtpx:TrackPointExtension></extensions></trkpt><trkpt lat="60.241082" lon="24.666758"><ele>24.0</ele><time>2026-03-12T07:39:45Z</time></trkpt><trkpt lat="60.241065" lon="24.666812"><ele>23.2</ele><time>2026-03-12T07:39:46Z</time></trkpt><trkpt lat="60.241043" lon="24.666857"><ele>23.5</ele><time>2026-03-12T07:39:47Z</time></trkpt><trkpt lat="60.241022" lon="24.666917"><ele>24.2</ele><time>2026-03-12T07:39:48Z</time></trkpt><trkpt lat="60.241007" lon="24.666945"><ele>24.5</ele><time>2026-03-12T07:39:49Z</time><extensions><gpxtpx:TrackPointExtension><gpxtpx:hr>113</gpxtpx:hr></gpxtpx:TrackPointExtension></extensions></trkpt><trkpt lat="60.241" lon="24.666972"><ele>24.5</ele><time>2026-03-12T07:39:50Z</time></trkpt><trkpt lat="60.240975" lon="24.667025"><ele>25.5</ele><time>2026-03-12T07:39:51Z</time></trkpt><trkpt lat="60.240958" lon="24.667055"><ele>25.2</ele><time>2026-03-12T07:39:52Z</time></trkpt><trkpt lat="60.240937" lon="24.667107"><ele>25.9</ele><time>2026-03-12T07:39:53Z</time></trkpt><trkpt lat="60.240917" lon="24.667132"><ele>26.4</ele><time>2026-03-12T07:39:54Z</time></trkpt><trkpt lat="60.2409" lon="24.667172"><ele>26.3</ele><time>2026-03-12T07:39:55Z</time></trkpt><trkpt lat="60.240882" lon="24.667222"><ele>25.7</ele><time>2026-03-12T07:39:56Z</time></trkpt><trkpt lat="60.240853" lon="24.667267"><ele>26.4</ele><time>2026-03-12T07:39:57Z</time><extensions><gpxtpx:TrackPointExtension><gpxtpx:hr>114</gpxtpx:hr></gpxtpx:TrackPointExtension></extensions></trkpt><trkpt lat="60.240845" lon="24.667328"><ele>26.4</ele><time>2026-03-12T07:39:58Z</time></trkpt><trkpt lat="60.240817" lon="24.667373"><ele>27.5</ele><time>2026-03-12T07:39:59Z</time></trkpt><trkpt lat="60.240798" lon="24.667423"><ele>27.6</ele><time>2026-03-12T07:40:00Z</time></trkpt><trkpt lat="60.24078" lon="24.667447"><ele>27.0</ele><time>2026-03-12T07:40:01Z</time></trkpt><trkpt lat="60.240767" lon="24.66747"><ele>26.5</ele><time>2026-03-12T07:40:02Z</time><extensions><gpxtpx:TrackPointExtension><gpxtpx:hr>115</gpxtpx:hr></gpxtpx:TrackPointExtension></extensions></trkpt><trkpt lat="60.24074" lon="24.66752"><ele>27.1</ele><time>2026-03-12T07:40:03Z</time><extensions><gpxtpx:TrackPointExtension><gpxtpx:hr>115</gpxtpx:hr></gpxtpx:TrackPointExtension></extensions></trkpt><trkpt lat="60.240715" lon="24.667558"><ele>28.4</ele><time>2026-03-12T07:40:04Z</time></trkpt><trkpt lat="60.240697" lon="24.667612"><ele>28.3</ele><time>2026-03-12T07:40:05Z</time></trkpt><trkpt lat="60.240592" lon="24.668087"><ele>25.1</ele><time>2026-03-12T07:40:10Z</time></trkpt><trkpt lat="60.240568" lon="24.668062"><ele>25.4</ele><time>2026-03-12T07:40:11Z</time><extensions><gpxtpx:TrackPointExtension><gpxtpx:hr>115</gpxtpx:hr></gpxtpx:TrackPointExtension></extensions></trkpt><trkpt lat="60.240542" lon="24.668025"><ele>26.8</ele><time>2026-03-12T07:40:12Z</time></trkpt><trkpt lat="60.240515" lon="24.66802"><ele>29.2</ele><time>2026-03-12T07:40:13Z</time></trkpt><trkpt lat="60.240493" lon="24.668033"><ele>31.3</ele><time>2026-03-12T07:40:14Z</time></trkpt><trkpt lat="60.240488" lon="24.668048"><ele>29.6</ele><time>2026-03-12T07:40:15Z</time></trkpt><trkpt lat="60.240478" lon="24.66806"><ele>28.9</ele><time>2026-03-12T07:40:16Z</time><extensions><gpxtpx:TrackPointExtension><gpxtpx:hr>117</gpxtpx:hr></gpxtpx:TrackPointExtension></extensions></trkpt><trkpt lat="60.240465" lon="24.668085"><ele>28.3</ele><time>2026-03-12T07:40:17Z</time></trkpt><trkpt lat="60.240448" lon="24.66811"><ele>28.6</ele><time>2026-03-12T07:40:18Z</time></trkpt><trkpt lat="60.240428" lon="24.668133"><ele>28.8</ele><time>2026-03-12T07:40:19Z</time></trkpt><trkpt lat="60.2404" lon="24.668163"><ele>29.4</ele><time>2026-03-12T07:40:20Z</time></trkpt><trkpt lat="60.240383" lon="24.668185"><ele>29.4</ele><time>2026-03-12T07:40:21Z</time></trkpt><trkpt lat="60.24036" lon="24.668213"><ele>30.0</ele><time>2026-03-12T07:40:22Z</time><extensions><gpxtpx:TrackPointExtension><gpxtpx:hr>119</gpxtpx:hr></gpxtpx:TrackPointExtension></extensions></trkpt><trkpt lat="60.240348" lon="24.668252"><ele>29.1</ele><time>2026-03-12T07:40:23Z</time><extensions><gpxtpx:TrackPointExtension><gpxtpx:hr>119</gpxtpx:hr></gpxtpx:TrackPointExtension></extensions></trkpt><trkpt lat="60.240333" lon="24.668288"><ele>28.4</ele><time>2026-03-12T07:40:24Z</time></trkpt><trkpt lat="60.240318" lon="24.668318"><ele>28.1</ele><time>2026-03-12T07:40:25Z</time></trkpt><trkpt lat="60.240297" lon="24.668342"><ele>28.4</ele><time>2026-03-12T07:40:26Z</time></trkpt><trkpt lat="60.240278" lon="24.668378"><ele>28.5</ele><time>2026-03-12T07:40:27Z</time></trkpt><trkpt lat="60.240267" lon="24.66841"><ele>27.7</ele><time>2026-03-12T07:40:28Z</time></trkpt><trkpt lat="60.240247" lon="24.668442"><ele>27.2</ele><time>2026-03-12T07:40:29Z</time></trkpt><trkpt lat="60.240232" lon="24.668475"><ele>27.1</ele><time>2026-03-12T07:40:30Z</time></trkpt><trkpt lat="60.240218" lon="24.668502"><ele>27.3</ele><time>2026-03-12T07:40:31Z</time><extensions><gpxtpx:TrackPointExtension><gpxtpx:hr>120</gpxtpx:hr></gpxtpx:TrackPointExtension></extensions></trkpt><trkpt lat="60.240205" lon="24.668532"><ele>27.5</ele><time>2026-03-12T07:40:32Z</time></trkpt><trkpt lat="60.240193" lon="24.668565"><ele>27.4</ele><time>2026-03-12T07:40:33Z</time><extensions><gpxtpx:TrackPointExtension><gpxtpx:hr>121</gpxtpx:hr></gpxtpx:TrackPointExtension></extensions></trkpt><trkpt lat="60.240177" lon="24.66859"><ele>27.5</ele><time>2026-03-12T07:40:34Z</time></trkpt><trkpt lat="60.24016" lon="24.668627"><ele>27.4</ele><time>2026-03-12T07:40:35Z</time></trkpt><trkpt lat="60.240135" lon="24.66866"><ele>27.8</ele><time>2026-03-12T07:40:36Z</time></trkpt><trkpt lat="60.240112" lon="24.668698"><ele>28.0</ele><time>2026-03-12T07:40:37Z</time></trkpt><trkpt lat="60.240087" lon="24.668742"><ele>28.3</ele><time>2026-03-12T07:40:38Z</time></trkpt><trkpt lat="60.240067" lon="24.668783"><ele>28.4</ele><time>2026-03-12T07:40:39Z</time></trkpt><trkpt lat="60.240048" lon="24.668807"><ele>28.3</ele><time>2026-03-12T07:40:40Z</time></trkpt><trkpt lat="60.24004" lon="24.66884"><ele>31.0</ele><time>2026-03-12T07:40:41Z</time></trkpt><trkpt lat="60.240015" lon="24.66889"><ele>31.1</ele><time>2026-03-12T07:40:42Z</time><extensions><gpxtpx:TrackPointExtension><gpxtpx:hr>125</gpxtpx:hr></gpxtpx:TrackPointExtension></extensions></trkpt><trkpt lat="60.239997" lon="24.668918"><ele>30.7</ele><time>2026-03-12T07:40:43Z</time></trkpt><trkpt lat="60.239973" lon="24.668947"><ele>30.8</ele><time>2026-03-12T07:40:44Z</time></trkpt><trkpt lat="60.239943" lon="24.668973"><ele>30.4</ele><time>2026-03-12T07:40:45Z</time></trkpt><trkpt lat="60.239913" lon="24.668993"><ele>30.0</ele><time>2026-03-12T07:40:46Z</time></trkpt><trkpt lat="60.239897" lon="24.668997"><ele>30.1</ele><time>2026-03-12T07:40:47Z</time><extensions><gpxtpx:TrackPointExtension><gpxtpx:hr>126</gpxtpx:hr></gpxtpx:TrackPointExtension></extensions></trkpt><trkpt lat="60.239867" lon="24.669003"><ele>30.5</ele><time>2026-03-12T07:40:48Z</time></trkpt><trkpt lat="60.239843" lon="24.669003"><ele>30.4</ele><time>2026-03-12T07:40:49Z</time><extensions><gpxtpx:TrackPointExtension><gpxtpx:hr>126</gpxtpx:hr></gpxtpx:TrackPointExtension></extensions></trkpt><trkpt lat="60.239815" lon="24.668997"><ele>30.6</ele><time>2026-03-12T07:40:50Z</time></trkpt><trkpt lat="60.239795" lon="24.668977"><ele>30.2</ele><time>2026-03-12T07:40:51Z</time></trkpt><trkpt lat="60.23977" lon="24.668963"><ele>30.7</ele><time>2026-03-12T07:40:52Z</time></trkpt><trkpt lat="60.23975" lon="24.668938"><ele>30.9</ele><time>2026-03-12T07:40:53Z</time></trkpt><trkpt lat="60.239735" lon="24.668915"><ele>30.4</ele><time>2026-03-12T07:40:54Z</time></trkpt><trkpt lat="60.239712" lon="24.66888"><ele>31.1</ele><time>2026-03-12T07:40:55Z</time></trkpt><trkpt lat="60.239693" lon="24.668843"><ele>30.6</ele><time>2026-03-12T07:40:56Z</time></trkpt><trkpt lat="60.239673" lon="24.668817"><ele>31.0</ele><time>2026-03-12T07:40:57Z</time><extensions><gpxtpx:TrackPointExtension><gpxtpx:hr>125</gpxtpx:hr></gpxtpx:TrackPointExtension></extensions></trkpt><trkpt lat="60.239653" lon="24.66878"><ele>31.3</ele><time>2026-03-12T07:40:58Z</time></trkpt><trkpt lat="60.239625" lon="24.66873"><ele>31.6</ele><time>2026-03-12T07:40:59Z</time></trkpt><trkpt lat="60.239602" lon="24.66867"><ele>31.4</ele><time>2026-03-12T07:41:00Z</time></trkpt><trkpt lat="60.23958" lon="24.668617"><ele>31.5</ele><time>2026-03-12T07:41:01Z</time></trkpt><trkpt lat="60.239555" lon="24.668565"><ele>31.4</ele><time>2026-03-12T07:41:02Z</time><extensions><gpxtpx:TrackPointExtension><gpxtpx:hr>123</gpxtpx:hr></gpxtpx:TrackPointExtension></extensions></trkpt><trkpt lat="60.239535" lon="24.668522"><ele>31.3</ele><time>2026-03-12T07:41:03Z</time></trkpt><trkpt lat="60.239515" lon="24.668467"><ele>31.5</ele><time>2026-03-12T07:41:04Z</time></trkpt><trkpt lat="60.239492" lon="24.668407"><ele>31.7</ele><time>2026-03-12T07:41:05Z</time></trkpt><trkpt lat="60.239475" lon="24.668357"><ele>31.2</ele><time>2026-03-12T07:41:06Z</time><extensions><gpxtpx:TrackPointExtension><gpxtpx:hr>121</gpxtpx:hr></gpxtpx:TrackPointExtension></extensions></trkpt><trkpt lat="60.239462" lon="24.668303"><ele>31.3</ele><time>2026-03-12T07:41:07Z</time></trkpt><trkpt lat="60.239447" lon="24.668242"><ele>31.3</ele><time>2026-03-12T07:41:08Z</time></trkpt><trkpt lat="60.239433" lon="24.668195"><ele>32.0</ele><time>2026-03-12T07:41:09Z</time><extensions><gpxtpx:TrackPointExtension><gpxtpx:hr>120</gpxtpx:hr></gpxtpx:TrackPointExtension></extensions></trkpt><trkpt lat="60.239422" lon="24.668147"><ele>32.2</ele><time>2026-03-12T07:41:10Z</time></trkpt><trkpt lat="60.239402" lon="24.668087"><ele>32.0</ele><time>2026-03-12T07:41:11Z</time></trkpt><trkpt lat="60.239382" lon="24.668037"><ele>31.6</ele><time>2026-03-12T07:41:12Z</time></trkpt><trkpt lat="60.23936" lon="24.667985"><ele>31.3</ele><time>2026-03-12T07:41:13Z</time></trkpt><trkpt lat="60.239343" lon="24.66792"><ele>31.3</ele><time>2026-03-12T07:41:14Z</time><extensions><gpxtpx:TrackPointExtension><gpxtpx:hr>119</gpxtpx:hr></gpxtpx:TrackPointExtension></extensions></trkpt><trkpt lat="60.239323" lon="24.667878"><ele>31.0</ele><time>2026-03-12T07:41:15Z</time></trkpt><trkpt lat="60.239297" lon="24.667852"><ele>31.6</ele><time>2026-03-12T07:41:16Z</time></trkpt><trkpt lat="60.239268" lon="24.667803"><ele>31.5</ele><time>2026-03-12T07:41:17Z</time></trkpt><trkpt lat="60.239243" lon="24.667762"><ele>32.4</ele><time>2026-03-12T07:41:18Z</time><extensions><gpxtpx:TrackPointExtension><gpxtpx:hr>117</gpxtpx:hr></gpxtpx:TrackPointExtension></extensions></trkpt><trkpt lat="60.239218" lon="24.66774"><ele>32.7</ele><time>2026-03-12T07:41:19Z</time></trkpt><trkpt lat="60.239203" lon="24.667725"><ele>33.2</ele><time>2026-03-12T07:41:20Z</time></trkpt><trkpt lat="60.239177" lon="24.667725"><ele>32.4</ele><time>2026-03-12T07:41:21Z</time></trkpt><trkpt lat="60.239148" lon="24.667727"><ele>33.9</ele><time>2026-03-12T07:41:22Z</time></trkpt><trkpt lat="60.239132" lon="24.667728"><ele>34.2</ele><time>2026-03-12T07:41:23Z</time></trkpt><trkpt lat="60.239113" lon="24.667722"><ele>33.8</ele><time>2026-03-12T07:41:24Z</time><extensions><gpxtpx:TrackPointExtension><gpxtpx:hr>117</gpxtpx:hr></gpxtpx:TrackPointExtension></extensions></trkpt><trkpt lat="60.239083" lon="24.667717"><ele>33.3</ele><time>2026-03-12T07:41:25Z</time></trkpt><trkpt lat="60.239062" lon="24.667735"><ele>34.3</ele><time>2026-03-12T07:41:26Z</time></trkpt><trkpt lat="60.23905" lon="24.667743"><ele>34.7</ele><time>2026-03-12T07:41:27Z</time></trkpt><trkpt lat="60.239025" lon="24.667738"><ele>35.7</ele><time>2026-03-12T07:41:28Z</time></trkpt><trkpt lat="60.238995" lon="24.667768"><ele>36.1</ele><time>2026-03-12T07:41:29Z</time></trkpt><trkpt lat="60.238978" lon="24.667767"><ele>36.5</ele><time>2026-03-12T07:41:30Z</time><extensions><gpxtpx:TrackPointExtension><gpxtpx:hr>121</gpxtpx:hr></gpxtpx:TrackPointExtension></extensions></trkpt><trkpt lat="60.238962" lon="24.667762"><ele>37.3</ele><time>2026-03-12T07:41:31Z</time></trkpt><trkpt lat="60.238925" lon="24.667778"><ele>37.9</ele><time>2026-03-12T07:41:32Z</time></trkpt><trkpt lat="60.23891" lon="24.667815"><ele>37.6</ele><time>2026-03-12T07:41:33Z</time></trkpt><trkpt lat="60.238897" lon="24.667833"><ele>37.1</ele><time>2026-03-12T07:41:34Z</time></trkpt><trkpt lat="60.238752" lon="24.667965"><ele>39.8</ele><time>2026-03-12T07:41:40Z</time><extensions><gpxtpx:TrackPointExtension><gpxtpx:hr>124</gpxtpx:hr></gpxtpx:TrackPointExtension></extensions></trkpt><trkpt lat="60.238752" lon="24.667965"><ele>39.8</ele><time>2026-03-12T07:41:39Z</time><extensions><gpxtpx:TrackPointExtension><gpxtpx:hr>124</gpxtpx:hr></gpxtpx:TrackPointExtension></extensions></trkpt><trkpt lat="60.238737" lon="24.667992"><ele>37.8</ele><time>2026-03-12T07:41:41Z</time></trkpt><trkpt lat="60.238722" lon="24.667985"><ele>37.3</ele><time>2026-03-12T07:41:42Z</time></trkpt><trkpt lat="60.238707" lon="24.667995"><ele>36.3</ele><time>2026-03-12T07:41:43Z</time><extensions><gpxtpx:TrackPointExtension><gpxtpx:hr>126</gpxtpx:hr></gpxtpx:TrackPointExtension></extensions></trkpt><trkpt lat="60.238482" lon="24.668205"><ele>46.5</ele><time>2026-03-12T07:41:58Z</time><extensions><gpxtpx:TrackPointExtension><gpxtpx:hr>128</gpxtpx:hr></gpxtpx:TrackPointExtension></extensions></trkpt><trkpt lat="60.238482" lon="24.668205"><ele>46.5</ele><time>2026-03-12T07:41:54Z</time><extensions><gpxtpx:TrackPointExtension><gpxtpx:hr>129</gpxtpx:hr></gpxtpx:TrackPointExtension></extensions></trkpt><trkpt lat="60.238467" lon="24.668282"><ele>45.6</ele><time>2026-03-12T07:41:59Z</time></trkpt><trkpt lat="60.238455" lon="24.668325"><ele>45.6</ele><time>2026-03-12T07:42:00Z</time></trkpt><trkpt lat="60.238438" lon="24.668357"><ele>44.0</ele><time>2026-03-12T07:42:01Z</time></trkpt><trkpt lat="60.238422" lon="24.668373"><ele>44.3</ele><time>2026-03-12T07:42:02Z</time><extensions><gpxtpx:TrackPointExtension><gpxtpx:hr>131</gpxtpx:hr></gpxtpx:TrackPointExtension></extensions></trkpt><trkpt lat="60.238403" lon="24.66841"><ele>43.4</ele><time>2026-03-12T07:42:03Z</time></trkpt><trkpt lat="60.238398" lon="24.668397"><ele>42.6</ele><time>2026-03-12T07:42:04Z</time><extensions><gpxtpx:TrackPointExtension><gpxtpx:hr>132</gpxtpx:hr></gpxtpx:TrackPointExtension></extensions></trkpt><trkpt lat="60.238392" lon="24.668432"><ele>42.4</ele><time>2026-03-12T07:42:05Z</time></trkpt><trkpt lat="60.23839" lon="24.668467"><ele>42.7</ele><time>2026-03-12T07:42:06Z</time></trkpt><trkpt lat="60.238385" lon="24.668498"><ele>43.1</ele><time>2026-03-12T07:42:07Z</time></trkpt><trkpt lat="60.238378" lon="24.668527"><ele>43.0</ele><time>2026-03-12T07:42:08Z</time><extensions><gpxtpx:TrackPointExtension><gpxtpx:hr>132</gpxtpx:hr></gpxtpx:TrackPointExtension></extensions></trkpt><trkpt lat="60.23837" lon="24.668562"><ele>43.0</ele><time>2026-03-12T07:42:09Z</time></trkpt><trkpt lat="60.23836" lon="24.668588"><ele>42.9</ele><time>2026-03-12T07:42:10Z</time></trkpt><trkpt lat="60.238357" lon="24.668627"><ele>42.9</ele><time>2026-03-12T07:42:11Z</time></trkpt><trkpt lat="60.23835" lon="24.668653"><ele>43.7</ele><time>2026-03-12T07:42:12Z</time></trkpt><trkpt lat="60.238347" lon="24.668683"><ele>43.7</ele><time>2026-03-12T07:42:13Z</time></trkpt><trkpt lat="60.238345" lon="24.668743"><ele>46.1</ele><time>2026-03-12T07:42:14Z</time></trkpt><trkpt lat="60.238347" lon="24.66879"><ele>46.6</ele><time>2026-03-12T07:42:15Z</time></trkpt><trkpt lat="60.23833" lon="24.668823"><ele>45.8</ele><time>2026-03-12T07:42:16Z</time><extensions><gpxtpx:TrackPointExtension><gpxtpx:hr>132</gpxtpx:hr></gpxtpx:TrackPointExtension></extensions></trkpt><trkpt lat="60.238328" lon="24.66887"><ele>45.4</ele><time>2026-03-12T07:42:17Z</time></trkpt><trkpt lat="60.238333" lon="24.668913"><ele>44.5</ele><time>2026-03-12T07:42:18Z</time></trkpt><trkpt lat="60.238328" lon="24.668968"><ele>44.5</ele><time>2026-03-12T07:42:19Z</time></trkpt><trkpt lat="60.238328" lon="24.669002"><ele>44.6</ele><time>2026-03-12T07:42:20Z</time></trkpt><trkpt lat="60.23833" lon="24.669055"><ele>44.6</ele><time>2026-03-12T07:42:21Z</time></trkpt><trkpt lat="60.238332" lon="24.669097"><ele>45.1</ele><time>2026-03-12T07:42:22Z</time><extensions><gpxtpx:TrackPointExtension><gpxtpx:hr>139</gpxtpx:hr></gpxtpx:TrackPointExtension></extensions></trkpt><trkpt lat="60.238328" lon="24.669135"><ele>45.6</ele><time>2026-03-12T07:42:23Z</time></trkpt><trkpt lat="60.238325" lon="24.669167"><ele>46.6</ele><time>2026-03-12T07:42:24Z</time></trkpt><trkpt lat="60.23832" lon="24.669197"><ele>46.4</ele><time>2026-03-12T07:42:25Z</time><extensions><gpxtpx:TrackPointExtension><gpxtpx:hr>139</gpxtpx:hr></gpxtpx:TrackPointExtension></extensions></trkpt><trkpt lat="60.238327" lon="24.669225"><ele>46.5</ele><time>2026-03-12T07:42:26Z</time></trkpt><trkpt lat="60.238323" lon="24.669268"><ele>46.7</ele><time>2026-03-12T07:42:27Z</time></trkpt><trkpt lat="60.238337" lon="24.669318"><ele>46.3</ele><time>2026-03-12T07:42:28Z</time><extensions><gpxtpx:TrackPointExtension><gpxtpx:hr>138</gpxtpx:hr></gpxtpx:TrackPointExtension></extensions></trkpt><trkpt lat="60.238338" lon="24.669352"><ele>47.1</ele><time>2026-03-12T07:42:29Z</time></trkpt><trkpt lat="60.238353" lon="24.669418"><ele>47.0</ele><time>2026-03-12T07:42:30Z</time></trkpt><trkpt lat="60.238357" lon="24.669463"><ele>48.2</ele><time>2026-03-12T07:42:31Z</time></trkpt><trkpt lat="60.238365" lon="24.669517"><ele>49.0</ele><time>2026-03-12T07:42:32Z</time></trkpt><trkpt lat="60.238367" lon="24.669562"><ele>49.2</ele><time>2026-03-12T07:42:33Z</time><extensions><gpxtpx:TrackPointExtension><gpxtpx:hr>136</gpxtpx:hr></gpxtpx:TrackPointExtension></extensions></trkpt><trkpt lat="60.238355" lon="24.669612"><ele>49.2</ele><time>2026-03-12T07:42:34Z</time></trkpt><trkpt lat="60.238358" lon="24.669655"><ele>49.8</ele><time>2026-03-12T07:42:35Z</time></trkpt><trkpt lat="60.238342" lon="24.669687"><ele>49.1</ele><time>2026-03-12T07:42:36Z</time></trkpt><trkpt lat="60.238335" lon="24.669738"><ele>49.1</ele><time>2026-03-12T07:42:37Z</time></trkpt><trkpt lat="60.238323" lon="24.66977"><ele>49.5</ele><time>2026-03-12T07:42:38Z</time><extensions><gpxtpx:TrackPointExtension><gpxtpx:hr>136</gpxtpx:hr></gpxtpx:TrackPointExtension></extensions></trkpt><trkpt lat="60.238312" lon="24.669837"><ele>48.5</ele><time>2026-03-12T07:42:39Z</time></trkpt><trkpt lat="60.238298" lon="24.669875"><ele>48.8</ele><time>2026-03-12T07:42:40Z</time></trkpt><trkpt lat="60.23829" lon="24.669933"><ele>48.4</ele><time>2026-03-12T07:42:41Z</time></trkpt><trkpt lat="60.238283" lon="24.669967"><ele>48.6</ele><time>2026-03-12T07:42:42Z</time></trkpt><trkpt lat="60.238267" lon="24.670028"><ele>47.9</ele><time>2026-03-12T07:42:43Z</time><extensions><gpxtpx:TrackPointExtension><gpxtpx:hr>136</gpxtpx:hr></gpxtpx:TrackPointExtension></extensions></trkpt><trkpt lat="60.238252" lon="24.670058"><ele>47.8</ele><time>2026-03-12T07:42:44Z</time></trkpt><trkpt lat="60.238242" lon="24.670123"><ele>48.5</ele><time>2026-03-12T07:42:45Z</time></trkpt><trkpt lat="60.238228" lon="24.670185"><ele>48.7</ele><time>2026-03-12T07:42:46Z</time></trkpt><trkpt lat="60.238208" lon="24.670235"><ele>48.9</ele><time>2026-03-12T07:42:47Z</time></trkpt><trkpt lat="60.238205" lon="24.670292"><ele>48.5</ele><time>2026-03-12T07:42:48Z</time></trkpt><trkpt lat="60.238185" lon="24.670323"><ele>48.7</ele><time>2026-03-12T07:42:49Z</time></trkpt><trkpt lat="60.238172" lon="24.670377"><ele>49.4</ele><time>2026-03-12T07:42:50Z</time></trkpt><trkpt lat="60.238153" lon="24.670387"><ele>50.3</ele><time>2026-03-12T07:42:51Z</time></trkpt><trkpt lat="60.238123" lon="24.670412"><ele>50.4</ele><time>2026-03-12T07:42:52Z</time><extensions><gpxtpx:TrackPointExtension><gpxtpx:hr>132</gpxtpx:hr></gpxtpx:TrackPointExtension></extensions></trkpt><trkpt lat="60.238105" lon="24.67049"><ele>50.3</ele><time>2026-03-12T07:42:53Z</time></trkpt><trkpt lat="60.238085" lon="24.670528"><ele>51.9</ele><time>2026-03-12T07:42:54Z</time><extensions><gpxtpx:TrackPointExtension><gpxtpx:hr>130</gpxtpx:hr></gpxtpx:TrackPointExtension></extensions></trkpt><trkpt lat="60.237637" lon="24.671415"><ele>43.8</ele><time>2026-03-12T07:43:34Z</time></trkpt><trkpt lat="60.237612" lon="24.671432"><ele>43.9</ele><time>2026-03-12T07:43:35Z</time><extensions><gpxtpx:TrackPointExtension><gpxtpx:hr>129</gpxtpx:hr></gpxtpx:TrackPointExtension></extensions></trkpt><trkpt lat="60.237583" lon="24.671448"><ele>43.0</ele><time>2026-03-12T07:43:36Z</time></trkpt><trkpt lat="60.237545" lon="24.671483"><ele>42.6</ele><time>2026-03-12T07:43:37Z</time></trkpt><trkpt lat="60.237505" lon="24.671523"><ele>41.3</ele><time>2026-03-12T07:43:38Z</time></trkpt><trkpt lat="60.237477" lon="24.671527"><ele>40.9</ele><time>2026-03-12T07:43:39Z</time></trkpt><trkpt lat="60.23744" lon="24.671538"><ele>40.6</ele><time>2026-03-12T07:43:40Z</time></trkpt><trkpt lat="60.237407" lon="24.671567"><ele>39.4</ele><time>2026-03-12T07:43:41Z</time></trkpt><trkpt lat="60.237368" lon="24.671587"><ele>38.3</ele><time>2026-03-12T07:43:42Z</time><extensions><gpxtpx:TrackPointExtension><gpxtpx:hr>128</gpxtpx:hr></gpxtpx:TrackPointExtension></extensions></trkpt><trkpt lat="60.237313" lon="24.671637"><ele>38.8</ele><time>2026-03-12T07:43:43Z</time></trkpt><trkpt lat="60.237262" lon="24.67164"><ele>39.2</ele><time>2026-03-12T07:43:44Z</time></trkpt><trkpt lat="60.237225" lon="24.67165"><ele>38.1</ele><time>2026-03-12T07:43:45Z</time></trkpt><trkpt lat="60.237182" lon="24.671637"><ele>38.4</ele><time>2026-03-12T07:43:46Z</time></trkpt><trkpt lat="60.237142" lon="24.671617"><ele>37.8</ele><time>2026-03-12T07:43:47Z</time><extensions><gpxtpx:TrackPointExtension><gpxtpx:hr>130</gpxtpx:hr></gpxtpx:TrackPointExtension></extensions></trkpt><trkpt lat="60.2371" lon="24.671637"><ele>37.2</ele><time>2026-03-12T07:43:48Z</time></trkpt><trkpt lat="60.23706" lon="24.671647"><ele>36.8</ele><time>2026-03-12T07:43:49Z</time><extensions><gpxtpx:TrackPointExtension><gpxtpx:hr>131</gpxtpx:hr></gpxtpx:TrackPointExtension></extensions></trkpt><trkpt lat="60.237023" lon="24.671647"><ele>37.9</ele><time>2026-03-12T07:43:51Z</time></trkpt><trkpt lat="60.236988" lon="24.67166"><ele>37.9</ele><time>2026-03-12T07:43:52Z</time></trkpt><trkpt lat="60.236947" lon="24.671648"><ele>38.1</ele><time>2026-03-12T07:43:53Z</time></trkpt><trkpt lat="60.236913" lon="24.671653"><ele>38.3</ele><time>2026-03-12T07:43:54Z</time></trkpt><trkpt lat="60.236877" lon="24.67165"><ele>39.0</ele><time>2026-03-12T07:43:55Z</time></trkpt><trkpt lat="60.236837" lon="24.671657"><ele>38.0</ele><time>2026-03-12T07:43:56Z</time></trkpt><trkpt lat="60.236792" lon="24.671652"><ele>39.1</ele><time>2026-03-12T07:43:57Z</time><extensions><gpxtpx:TrackPointExtension><gpxtpx:hr>129</gpxtpx:hr></gpxtpx:TrackPointExtension></extensions></trkpt><trkpt lat="60.236742" lon="24.671648"><ele>40.1</ele><time>2026-03-12T07:43:58Z</time><extensions><gpxtpx:TrackPointExtension><gpxtpx:hr>129</gpxtpx:hr></gpxtpx:TrackPointExtension></extensions></trkpt><trkpt lat="60.236705" lon="24.671643"><ele>39.0</ele><time>2026-03-12T07:43:59Z</time></trkpt><trkpt lat="60.236667" lon="24.671617"><ele>40.4</ele><time>2026-03-12T07:44:00Z</time></trkpt><trkpt lat="60.23661" lon="24.671622"><ele>40.4</ele><time>2026-03-12T07:44:01Z</time></trkpt><trkpt lat="60.236572" lon="24.671625"><ele>41.4</ele><time>2026-03-12T07:44:02Z</time></trkpt><trkpt lat="60.236535" lon="24.67163"><ele>41.7</ele><time>2026-03-12T07:44:03Z</time></trkpt><trkpt lat="60.236483" lon="24.671632"><ele>43.4</ele><time>2026-03-12T07:44:04Z</time></trkpt><trkpt lat="60.23644" lon="24.67165"><ele>43.2</ele><time>2026-03-12T07:44:05Z</time></trkpt><trkpt lat="60.236398" lon="24.671678"><ele>42.9</ele><time>2026-03-12T07:44:06Z</time></trkpt><trkpt lat="60.23636" lon="24.671693"><ele>43.8</ele><time>2026-03-12T07:44:07Z</time><extensions><gpxtpx:TrackPointExtension><gpxtpx:hr>127</gpxtpx:hr></gpxtpx:TrackPointExtension></extensions></trkpt><trkpt lat="60.236317" lon="24.67172"><ele>43.8</ele><time>2026-03-12T07:44:08Z</time></trkpt><trkpt lat="60.236275" lon="24.671743"><ele>43.9</ele><time>2026-03-12T07:44:09Z</time></trkpt><trkpt lat="60.236233" lon="24.67176"><ele>44.2</ele><time>2026-03-12T07:44:10Z</time></trkpt><trkpt lat="60.23619" lon="24.671772"><ele>44.2</ele><time>2026-03-12T07:44:11Z</time></trkpt><trkpt lat="60.236153" lon="24.671805"><ele>43.8</ele><time>2026-03-12T07:44:12Z</time><extensions><gpxtpx:TrackPointExtension><gpxtpx:hr>127</gpxtpx:hr></gpxtpx:TrackPointExtension></extensions></trkpt><trkpt lat="60.236112" lon="24.671823"><ele>42.5</ele><time>2026-03-12T07:44:13Z</time></trkpt><trkpt lat="60.236055" lon="24.671837"><ele>41.4</ele><time>2026-03-12T07:44:14Z</time><extensions><gpxtpx:TrackPointExtension><gpxtpx:hr>128</gpxtpx:hr></gpxtpx:TrackPointExtension></extensions></trkpt><trkpt lat="60.235997" lon="24.67184"><ele>40.3</ele><time>2026-03-12T07:44:15Z</time></trkpt><trkpt lat="60.235933" lon="24.671838"><ele>38.9</ele><time>2026-03-12T07:44:16Z</time></trkpt><trkpt lat="60.235872" lon="24.671853"><ele>37.6</ele><time>2026-03-12T07:44:17Z</time></trkpt><trkpt lat="60.235808" lon="24.671868"><ele>35.5</ele><time>2026-03-12T07:44:18Z</time></trkpt><trkpt lat="60.235713" lon="24.671843"><ele>37.7</ele><time>2026-03-12T07:44:19Z</time></trkpt><trkpt lat="60.23565" lon="24.671858"><ele>36.1</ele><time>2026-03-12T07:44:20Z</time></trkpt><trkpt lat="60.235592" lon="24.671878"><ele>34.6</ele><time>2026-03-12T07:44:21Z</time><extensions><gpxtpx:TrackPointExtension><gpxtpx:hr>129</gpxtpx:hr></gpxtpx:TrackPointExtension></extensions></trkpt><trkpt lat="60.235543" lon="24.671927"><ele>34.5</ele><time>2026-03-12T07:44:22Z</time></trkpt><trkpt lat="60.235493" lon="24.671948"><ele>35.5</ele><time>2026-03-12T07:44:23Z</time><extensions><gpxtpx:TrackPointExtension><gpxtpx:hr>128</gpxtpx:hr></gpxtpx:TrackPointExtension></extensions></trkpt><trkpt lat="60.23544" lon="24.671987"><ele>35.6</ele><time>2026-03-12T07:44:24Z</time></trkpt><trkpt lat="60.235382" lon="24.672013"><ele>34.5</ele><time>2026-03-12T07:44:25Z</time></trkpt><trkpt lat="60.235315" lon="24.672068"><ele>32.9</ele><time>2026-03-12T07:44:26Z</time></trkpt><trkpt lat="60.235245" lon="24.67212"><ele>30.9</ele><time>2026-03-12T07:44:27Z</time></trkpt><trkpt lat="60.235157" lon="24.672202"><ele>29.5</ele><time>2026-03-12T07:44:28Z</time><extensions><gpxtpx:TrackPointExtension><gpxtpx:hr>123</gpxtpx:hr></gpxtpx:TrackPointExtension></extensions></trkpt><trkpt lat="60.235065" lon="24.672262"><ele>28.0</ele><time>2026-03-12T07:44:29Z</time></trkpt><trkpt lat="60.23496" lon="24.672288"><ele>27.6</ele><time>2026-03-12T07:44:30Z</time></trkpt><trkpt lat="60.234855" lon="24.672328"><ele>27.9</ele><time>2026-03-12T07:44:31Z</time></trkpt><trkpt lat="60.234768" lon="24.672347"><ele>30.5</ele><time>2026-03-12T07:44:32Z</time></trkpt><trkpt lat="60.234712" lon="24.67237"><ele>32.6</ele><time>2026-03-12T07:44:33Z</time></trkpt><trkpt lat="60.234642" lon="24.672393"><ele>36.5</ele><time>2026-03-12T07:44:34Z</time><extensions><gpxtpx:TrackPointExtension><gpxtpx:hr>124</gpxtpx:hr></gpxtpx:TrackPointExtension></extensions></trkpt><trkpt lat="60.234608" lon="24.672415"><ele>37.5</ele><time>2026-03-12T07:44:35Z</time></trkpt><trkpt lat="60.234467" lon="24.672472"><ele>35.9</ele><time>2026-03-12T07:44:39Z</time><extensions><gpxtpx:TrackPointExtension><gpxtpx:hr>125</gpxtpx:hr></gpxtpx:TrackPointExtension></extensions></trkpt><trkpt lat="60.234332" lon="24.67242"><ele>44.5</ele><time>2026-03-12T07:44:41Z</time></trkpt><trkpt lat="60.234353" lon="24.672473"><ele>47.1</ele><time>2026-03-12T07:44:42Z</time></trkpt><trkpt lat="60.234375" lon="24.672485"><ele>48.7</ele><time>2026-03-12T07:44:43Z</time><extensions><gpxtpx:TrackPointExtension><gpxtpx:hr>128</gpxtpx:hr></gpxtpx:TrackPointExtension></extensions></trkpt><trkpt lat="60.234383" lon="24.672508"><ele>49.3</ele><time>2026-03-12T07:44:44Z</time></trkpt><trkpt lat="60.234383" lon="24.672537"><ele>48.6</ele><time>2026-03-12T07:44:45Z</time></trkpt><trkpt lat="60.234377" lon="24.672553"><ele>48.3</ele><time>2026-03-12T07:44:46Z</time></trkpt><trkpt lat="60.234368" lon="24.672565"><ele>47.7</ele><time>2026-03-12T07:44:47Z</time></trkpt><trkpt lat="60.23436" lon="24.672578"><ele>47.3</ele><time>2026-03-12T07:44:48Z</time><extensions><gpxtpx:TrackPointExtension><gpxtpx:hr>132</gpxtpx:hr></gpxtpx:TrackPointExtension></extensions></trkpt><trkpt lat="60.234352" lon="24.672583"><ele>47.1</ele><time>2026-03-12T07:44:49Z</time></trkpt><trkpt lat="60.234347" lon="24.672598"><ele>47.4</ele><time>2026-03-12T07:44:50Z</time></trkpt><trkpt lat="60.234333" lon="24.672615"><ele>46.9</ele><time>2026-03-12T07:44:51Z</time></trkpt><trkpt lat="60.234328" lon="24.672622"><ele>46.9</ele><time>2026-03-12T07:44:52Z</time></trkpt><trkpt lat="60.234317" lon="24.672633"><ele>46.6</ele><time>2026-03-12T07:44:53Z</time></trkpt><trkpt lat="60.234302" lon="24.672643"><ele>46.2</ele><time>2026-03-12T07:44:54Z</time></trkpt><trkpt lat="60.234295" lon="24.672648"><ele>46.3</ele><time>2026-03-12T07:44:55Z</time></trkpt><trkpt lat="60.234287" lon="24.672653"><ele>46.4</ele><time>2026-03-12T07:44:56Z</time></trkpt><trkpt lat="60.23428" lon="24.672658"><ele>46.2</ele><time>2026-03-12T07:44:57Z</time><extensions><gpxtpx:TrackPointExtension><gpxtpx:hr>139</gpxtpx:hr></gpxtpx:TrackPointExtension></extensions></trkpt><trkpt lat="60.234268" lon="24.672675"><ele>45.7</ele><time>2026-03-12T07:44:58Z</time><extensions><gpxtpx:TrackPointExtension><gpxtpx:hr>138</gpxtpx:hr></gpxtpx:TrackPointExtension></extensions></trkpt><trkpt lat="60.234255" lon="24.672695"><ele>45.5</ele><time>2026-03-12T07:44:59Z</time></trkpt><trkpt lat="60.234238" lon="24.67272"><ele>45.2</ele><time>2026-03-12T07:45:00Z</time></trkpt><trkpt lat="60.234222" lon="24.672743"><ele>45.0</ele><time>2026-03-12T07:45:01Z</time></trkpt><trkpt lat="60.234205" lon="24.672762"><ele>44.7</ele><time>2026-03-12T07:45:02Z</time></trkpt><trkpt lat="60.234185" lon="24.672783"><ele>44.4</ele><time>2026-03-12T07:45:03Z</time></trkpt><trkpt lat="60.234167" lon="24.6728"><ele>44.3</ele><time>2026-03-12T07:45:04Z</time></trkpt><trkpt lat="60.23415" lon="24.672815"><ele>44.0</ele><time>2026-03-12T07:45:05Z</time></trkpt><trkpt lat="60.234133" lon="24.672835"><ele>44.1</ele><time>2026-03-12T07:45:06Z</time></trkpt><trkpt lat="60.234117" lon="24.672857"><ele>43.9</ele><time>2026-03-12T07:45:07Z</time><extensions><gpxtpx:TrackPointExtension><gpxtpx:hr>137</gpxtpx:hr></gpxtpx:TrackPointExtension></extensions></trkpt><trkpt lat="60.2341" lon="24.672885"><ele>43.4</ele><time>2026-03-12T07:45:08Z</time></trkpt><trkpt lat="60.234083" lon="24.672908"><ele>42.9</ele><time>2026-03-12T07:45:09Z</time></trkpt><trkpt lat="60.234067" lon="24.672937"><ele>42.3</ele><time>2026-03-12T07:45:10Z</time></trkpt><trkpt lat="60.234052" lon="24.672973"><ele>41.6</ele><time>2026-03-12T07:45:11Z</time></trkpt><trkpt lat="60.234023" lon="24.673147"><ele>43.4</ele><time>2026-03-12T07:45:12Z</time><extensions><gpxtpx:TrackPointExtension><gpxtpx:hr>135</gpxtpx:hr></gpxtpx:TrackPointExtension></extensions></trkpt><trkpt lat="60.234008" lon="24.673217"><ele>43.5</ele><time>2026-03-12T07:45:13Z</time></trkpt><trkpt lat="60.233992" lon="24.673297"><ele>43.1</ele><time>2026-03-12T07:45:14Z</time></trkpt><trkpt lat="60.233982" lon="24.673358"><ele>43.3</ele><time>2026-03-12T07:45:15Z</time><extensions><gpxtpx:TrackPointExtension><gpxtpx:hr>135</gpxtpx:hr></gpxtpx:TrackPointExtension></extensions></trkpt><trkpt lat="60.233968" lon="24.673412"><ele>43.5</ele><time>2026-03-12T07:45:16Z</time></trkpt><trkpt lat="60.233953" lon="24.673438"><ele>43.9</ele><time>2026-03-12T07:45:17Z</time></trkpt><trkpt lat="60.233962" lon="24.673462"><ele>44.5</ele><time>2026-03-12T07:45:18Z</time></trkpt><trkpt lat="60.233953" lon="24.673508"><ele>43.7</ele><time>2026-03-12T07:45:19Z</time></trkpt><trkpt lat="60.233942" lon="24.673555"><ele>42.9</ele><time>2026-03-12T07:45:20Z</time></trkpt><trkpt lat="60.233935" lon="24.673608"><ele>42.7</ele><time>2026-03-12T07:45:21Z</time><extensions><gpxtpx:TrackPointExtension><gpxtpx:hr>135</gpxtpx:hr></gpxtpx:TrackPointExtension></extensions></trkpt><trkpt lat="60.233922" lon="24.67369"><ele>42.4</ele><time>2026-03-12T07:45:22Z</time></trkpt><trkpt lat="60.233915" lon="24.673763"><ele>42.9</ele><time>2026-03-12T07:45:23Z</time></trkpt><trkpt lat="60.2339" lon="24.67382"><ele>43.7</ele><time>2026-03-12T07:45:24Z</time></trkpt><trkpt lat="60.23389" lon="24.67385"><ele>43.0</ele><time>2026-03-12T07:45:25Z</time><extensions><gpxtpx:TrackPointExtension><gpxtpx:hr>131</gpxtpx:hr></gpxtpx:TrackPointExtension></extensions></trkpt><trkpt lat="60.233888" lon="24.673878"><ele>43.6</ele><time>2026-03-12T07:45:26Z</time></trkpt><trkpt lat="60.233883" lon="24.673933"><ele>45.0</ele><time>2026-03-12T07:45:27Z</time></trkpt><trkpt lat="60.233875" lon="24.67399"><ele>45.1</ele><time>2026-03-12T07:45:28Z</time></trkpt><trkpt lat="60.233877" lon="24.674062"><ele>45.4</ele><time>2026-03-12T07:45:29Z</time><extensions><gpxtpx:TrackPointExtension><gpxtpx:hr>131</gpxtpx:hr></gpxtpx:TrackPointExtension></extensions></trkpt><trkpt lat="60.233885" lon="24.674128"><ele>45.5</ele><time>2026-03-12T07:45:30Z</time></trkpt><trkpt lat="60.233895" lon="24.674193"><ele>45.8</ele><time>2026-03-12T07:45:31Z</time></trkpt><trkpt lat="60.233895" lon="24.67425"><ele>45.9</ele><time>2026-03-12T07:45:32Z</time></trkpt><trkpt lat="60.233907" lon="24.674305"><ele>46.1</ele><time>2026-03-12T07:45:33Z</time></trkpt><trkpt lat="60.233922" lon="24.674337"><ele>46.5</ele><time>2026-03-12T07:45:34Z</time></trkpt><trkpt lat="60.23393" lon="24.674385"><ele>46.2</ele><time>2026-03-12T07:45:35Z</time></trkpt><trkpt lat="60.233952" lon="24.674423"><ele>47.5</ele><time>2026-03-12T07:45:36Z</time><extensions><gpxtpx:TrackPointExtension><gpxtpx:hr>132</gpxtpx:hr></gpxtpx:TrackPointExtension></extensions></trkpt><trkpt lat="60.233968" lon="24.674443"><ele>46.9</ele><time>2026-03-12T07:45:37Z</time></trkpt><trkpt lat="60.233985" lon="24.674482"><ele>47.3</ele><time>2026-03-12T07:45:38Z</time><extensions><gpxtpx:TrackPointExtension><gpxtpx:hr>132</gpxtpx:hr></gpxtpx:TrackPointExtension></extensions></trkpt><trkpt lat="60.234002" lon="24.674498"><ele>47.9</ele><time>2026-03-12T07:45:39Z</time></trkpt><trkpt lat="60.234023" lon="24.674528"><ele>47.2</ele><time>2026-03-12T07:45:40Z</time></trkpt><trkpt lat="60.234048" lon="24.674572"><ele>47.4</ele><time>2026-03-12T07:45:41Z</time></trkpt><trkpt lat="60.234065" lon="24.6746"><ele>47.3</ele><time>2026-03-12T07:45:42Z</time></trkpt><trkpt lat="60.234087" lon="24.674633"><ele>46.8</ele><time>2026-03-12T07:45:43Z</time></trkpt><trkpt lat="60.234107" lon="24.674668"><ele>46.6</ele><time>2026-03-12T07:45:44Z</time></trkpt><trkpt lat="60.234128" lon="24.67471"><ele>46.2</ele><time>2026-03-12T07:45:45Z</time></trkpt><trkpt lat="60.234153" lon="24.674758"><ele>47.6</ele><time>2026-03-12T07:45:46Z</time></trkpt><trkpt lat="60.234165" lon="24.674792"><ele>46.9</ele><time>2026-03-12T07:45:47Z</time><extensions><gpxtpx:TrackPointExtension><gpxtpx:hr>133</gpxtpx:hr></gpxtpx:TrackPointExtension></extensions></trkpt><trkpt lat="60.23418" lon="24.674828"><ele>47.1</ele><time>2026-03-12T07:45:48Z</time></trkpt><trkpt lat="60.234198" lon="24.674858"><ele>47.8</ele><time>2026-03-12T07:45:49Z</time></trkpt><trkpt lat="60.234212" lon="24.674893"><ele>47.9</ele><time>2026-03-12T07:45:50Z</time></trkpt><trkpt lat="60.234223" lon="24.674918"><ele>47.9</ele><time>2026-03-12T07:45:51Z</time><extensions><gpxtpx:TrackPointExtension><gpxtpx:hr>133</gpxtpx:hr></gpxtpx:TrackPointExtension></extensions></trkpt><trkpt lat="60.234233" lon="24.67495"><ele>49.1</ele><time>2026-03-12T07:45:52Z</time></trkpt><trkpt lat="60.234247" lon="24.674998"><ele>49.5</ele><time>2026-03-12T07:45:53Z</time><extensions><gpxtpx:TrackPointExtension><gpxtpx:hr>134</gpxtpx:hr></gpxtpx:TrackPointExtension></extensions></trkpt><trkpt lat="60.234265" lon="24.675033"><ele>50.2</ele><time>2026-03-12T07:45:54Z</time></trkpt><trkpt lat="60.234282" lon="24.675062"><ele>50.0</ele><time>2026-03-12T07:45:55Z</time></trkpt><trkpt lat="60.234302" lon="24.675087"><ele>50.4</ele><time>2026-03-12T07:45:56Z</time></trkpt><trkpt lat="60.234322" lon="24.675117"><ele>51.0</ele><time>2026-03-12T07:45:57Z</time></trkpt><trkpt lat="60.234333" lon="24.675153"><ele>50.4</ele><time>2026-03-12T07:45:58Z</time></trkpt><trkpt lat="60.234352" lon="24.675188"><ele>50.7</ele><time>2026-03-12T07:45:59Z</time></trkpt><trkpt lat="60.234367" lon="24.67521"><ele>51.8</ele><time>2026-03-12T07:46:00Z</time></trkpt><trkpt lat="60.234373" lon="24.675242"><ele>51.4</ele><time>2026-03-12T07:46:01Z</time></trkpt><trkpt lat="60.234382" lon="24.675257"><ele>51.5</ele><time>2026-03-12T07:46:02Z</time><extensions><gpxtpx:TrackPointExtension><gpxtpx:hr>137</gpxtpx:hr></gpxtpx:TrackPointExtension></extensions></trkpt><trkpt lat="60.234388" lon="24.675268"><ele>51.2</ele><time>2026-03-12T07:46:03Z</time><extensions><gpxtpx:TrackPointExtension><gpxtpx:hr>137</gpxtpx:hr></gpxtpx:TrackPointExtension></extensions></trkpt><trkpt lat="60.234398" lon="24.675283"><ele>51.0</ele><time>2026-03-12T07:46:04Z</time></trkpt><trkpt lat="60.234413" lon="24.675305"><ele>50.5</ele><time>2026-03-12T07:46:05Z</time></trkpt><trkpt lat="60.234428" lon="24.675335"><ele>51.1</ele><time>2026-03-12T07:46:06Z</time></trkpt><trkpt lat="60.234448" lon="24.675373"><ele>51.3</ele><time>2026-03-12T07:46:07Z</time></trkpt><trkpt lat="60.234463" lon="24.675415"><ele>51.1</ele><time>2026-03-12T07:46:08Z</time></trkpt><trkpt lat="60.234483" lon="24.675452"><ele>51.0</ele><time>2026-03-12T07:46:09Z</time><extensions><gpxtpx:TrackPointExtension><gpxtpx:hr>138</gpxtpx:hr></gpxtpx:TrackPointExtension></extensions></trkpt><trkpt lat="60.234502" lon="24.675482"><ele>51.7</ele><time>2026-03-12T07:46:10Z</time></trkpt><trkpt lat="60.234525" lon="24.6755"><ele>51.4</ele><time>2026-03-12T07:46:11Z</time></trkpt><trkpt lat="60.234547" lon="24.675533"><ele>52.0</ele><time>2026-03-12T07:46:12Z</time></trkpt><trkpt lat="60.234572" lon="24.675575"><ele>51.6</ele><time>2026-03-12T07:46:13Z</time></trkpt><trkpt lat="60.234592" lon="24.675618"><ele>51.7</ele><time>2026-03-12T07:46:14Z</time></trkpt><trkpt lat="60.23461" lon="24.675652"><ele>53.4</ele><time>2026-03-12T07:46:15Z</time></trkpt><trkpt lat="60.234633" lon="24.675677"><ele>53.0</ele><time>2026-03-12T07:46:16Z</time></trkpt><trkpt lat="60.234657" lon="24.675713"><ele>52.8</ele><time>2026-03-12T07:46:17Z</time><extensions><gpxtpx:TrackPointExtension><gpxtpx:hr>139</gpxtpx:hr></gpxtpx:TrackPointExtension></extensions></trkpt><trkpt lat="60.234687" lon="24.675758"><ele>53.3</ele><time>2026-03-12T07:46:18Z</time></trkpt><trkpt lat="60.234707" lon="24.675787"><ele>53.8</ele><time>2026-03-12T07:46:19Z</time></trkpt><trkpt lat="60.23473" lon="24.675793"><ele>54.3</ele><time>2026-03-12T07:46:20Z</time><extensions><gpxtpx:TrackPointExtension><gpxtpx:hr>139</gpxtpx:hr></gpxtpx:TrackPointExtension></extensions></trkpt><trkpt lat="60.234755" lon="24.675818"><ele>54.3</ele><time>2026-03-12T07:46:21Z</time></trkpt><trkpt lat="60.234777" lon="24.675835"><ele>54.6</ele><time>2026-03-12T07:46:22Z</time></trkpt><trkpt lat="60.234805" lon="24.675855"><ele>54.8</ele><time>2026-03-12T07:46:23Z</time></trkpt><trkpt lat="60.234818" lon="24.675887"><ele>54.1</ele><time>2026-03-12T07:46:24Z</time></trkpt><trkpt lat="60.234838" lon="24.675913"><ele>53.5</ele><time>2026-03-12T07:46:25Z</time></trkpt><trkpt lat="60.234855" lon="24.67594"><ele>53.4</ele><time>2026-03-12T07:46:26Z</time></trkpt><trkpt lat="60.234868" lon="24.675982"><ele>53.1</ele><time>2026-03-12T07:46:27Z</time><extensions><gpxtpx:TrackPointExtension><gpxtpx:hr>138</gpxtpx:hr></gpxtpx:TrackPointExtension></extensions></trkpt><trkpt lat="60.234883" lon="24.676027"><ele>53.1</ele><time>2026-03-12T07:46:28Z</time></trkpt><trkpt lat="60.2349" lon="24.67607"><ele>53.2</ele><time>2026-03-12T07:46:29Z</time></trkpt><trkpt lat="60.234918" lon="24.676125"><ele>53.0</ele><time>2026-03-12T07:46:30Z</time></trkpt><trkpt lat="60.234948" lon="24.676183"><ele>52.5</ele><time>2026-03-12T07:46:31Z</time></trkpt><trkpt lat="60.234972" lon="24.676247"><ele>51.9</ele><time>2026-03-12T07:46:32Z</time><extensions><gpxtpx:TrackPointExtension><gpxtpx:hr>127</gpxtpx:hr></gpxtpx:TrackPointExtension></extensions></trkpt><trkpt lat="60.234997" lon="24.676312"><ele>51.5</ele><time>2026-03-12T07:46:33Z</time></trkpt><trkpt lat="60.235028" lon="24.676398"><ele>51.7</ele><time>2026-03-12T07:46:34Z</time></trkpt><trkpt lat="60.235058" lon="24.67647"><ele>51.9</ele><time>2026-03-12T07:46:35Z</time></trkpt><trkpt lat="60.235083" lon="24.676515"><ele>50.7</ele><time>2026-03-12T07:46:36Z</time><extensions><gpxtpx:TrackPointExtension><gpxtpx:hr>126</gpxtpx:hr></gpxtpx:TrackPointExtension></extensions></trkpt><trkpt lat="60.235117" lon="24.676573"><ele>51.0</ele><time>2026-03-12T07:46:37Z</time></trkpt><trkpt lat="60.235143" lon="24.676635"><ele>50.2</ele><time>2026-03-12T07:46:38Z</time></trkpt><trkpt lat="60.23516" lon="24.67674"><ele>50.0</ele><time>2026-03-12T07:46:39Z</time></trkpt><trkpt lat="60.235177" lon="24.676825"><ele>50.8</ele><time>2026-03-12T07:46:40Z</time></trkpt><trkpt lat="60.235193" lon="24.676885"><ele>51.3</ele><time>2026-03-12T07:46:41Z</time></trkpt><trkpt lat="60.235228" lon="24.677023"><ele>53.2</ele><time>2026-03-12T07:46:42Z</time><extensions><gpxtpx:TrackPointExtension><gpxtpx:hr>125</gpxtpx:hr></gpxtpx:TrackPointExtension></extensions></trkpt><trkpt lat="60.235263" lon="24.67715"><ele>52.2</ele><time>2026-03-12T07:46:43Z</time></trkpt><trkpt lat="60.235288" lon="24.677297"><ele>52.3</ele><time>2026-03-12T07:46:44Z</time></trkpt><trkpt lat="60.235323" lon="24.67742"><ele>52.7</ele><time>2026-03-12T07:46:45Z</time></trkpt><trkpt lat="60.235352" lon="24.677532"><ele>52.2</ele><time>2026-03-12T07:46:46Z</time></trkpt><trkpt lat="60.235322" lon="24.677722"><ele>51.8</ele><time>2026-03-12T07:46:47Z</time><extensions><gpxtpx:TrackPointExtension><gpxtpx:hr>124</gpxtpx:hr></gpxtpx:TrackPointExtension></extensions></trkpt><trkpt lat="60.235355" lon="24.677853"><ele>50.9</ele><time>2026-03-12T07:46:48Z</time></trkpt><trkpt lat="60.235388" lon="24.677988"><ele>50.3</ele><time>2026-03-12T07:46:49Z</time></trkpt><trkpt lat="60.235427" lon="24.678128"><ele>50.7</ele><time>2026-03-12T07:46:50Z</time><extensions><gpxtpx:TrackPointExtension><gpxtpx:hr>124</gpxtpx:hr></gpxtpx:TrackPointExtension></extensions></trkpt><trkpt lat="60.235465" lon="24.678263"><ele>50.2</ele><time>2026-03-12T07:46:51Z</time></trkpt><trkpt lat="60.235495" lon="24.67836"><ele>49.7</ele><time>2026-03-12T07:46:52Z</time></trkpt><trkpt lat="60.235527" lon="24.67845"><ele>49.2</ele><time>2026-03-12T07:46:53Z</time><extensions><gpxtpx:TrackPointExtension><gpxtpx:hr>125</gpxtpx:hr></gpxtpx:TrackPointExtension></extensions></trkpt><trkpt lat="60.235565" lon="24.678552"><ele>48.3</ele><time>2026-03-12T07:46:54Z</time></trkpt><trkpt lat="60.235607" lon="24.678657"><ele>47.2</ele><time>2026-03-12T07:46:55Z</time></trkpt><trkpt lat="60.235648" lon="24.67876"><ele>46.9</ele><time>2026-03-12T07:46:56Z</time></trkpt><trkpt lat="60.235688" lon="24.678855"><ele>46.1</ele><time>2026-03-12T07:46:57Z</time></trkpt><trkpt lat="60.235725" lon="24.678947"><ele>45.2</ele><time>2026-03-12T07:46:58Z</time><extensions><gpxtpx:TrackPointExtension><gpxtpx:hr>123</gpxtpx:hr></gpxtpx:TrackPointExtension></extensions></trkpt><trkpt lat="60.235757" lon="24.679022"><ele>45.7</ele><time>2026-03-12T07:46:59Z</time></trkpt><trkpt lat="60.235782" lon="24.67908"><ele>44.6</ele><time>2026-03-12T07:47:00Z</time></trkpt><trkpt lat="60.235795" lon="24.679107"><ele>43.6</ele><time>2026-03-12T07:47:01Z</time></trkpt><trkpt lat="60.2358" lon="24.679122"><ele>42.0</ele><time>2026-03-12T07:47:02Z</time></trkpt><trkpt lat="60.235832" lon="24.679185"><ele>40.3</ele><time>2026-03-12T07:47:03Z</time><extensions><gpxtpx:TrackPointExtension><gpxtpx:hr>123</gpxtpx:hr></gpxtpx:TrackPointExtension></extensions></trkpt><trkpt lat="60.23586" lon="24.679243"><ele>39.5</ele><time>2026-03-12T07:47:04Z</time></trkpt><trkpt lat="60.235893" lon="24.67932"><ele>39.3</ele><time>2026-03-12T07:47:05Z</time></trkpt><trkpt lat="60.235932" lon="24.679408"><ele>39.3</ele><time>2026-03-12T07:47:06Z</time></trkpt><trkpt lat="60.235968" lon="24.679493"><ele>38.4</ele><time>2026-03-12T07:47:07Z</time></trkpt><trkpt lat="60.236027" lon="24.67958"><ele>38.0</ele><time>2026-03-12T07:47:08Z</time><extensions><gpxtpx:TrackPointExtension><gpxtpx:hr>126</gpxtpx:hr></gpxtpx:TrackPointExtension></extensions></trkpt><trkpt lat="60.236078" lon="24.679613"><ele>37.2</ele><time>2026-03-12T07:47:09Z</time></trkpt><trkpt lat="60.236158" lon="24.679663"><ele>37.3</ele><time>2026-03-12T07:47:10Z</time></trkpt><trkpt lat="60.236198" lon="24.679677"><ele>36.8</ele><time>2026-03-12T07:47:11Z</time></trkpt><trkpt lat="60.236285" lon="24.67968"><ele>38.1</ele><time>2026-03-12T07:47:12Z</time></trkpt><trkpt lat="60.236328" lon="24.679667"><ele>39.6</ele><time>2026-03-12T07:47:13Z</time><extensions><gpxtpx:TrackPointExtension><gpxtpx:hr>126</gpxtpx:hr></gpxtpx:TrackPointExtension></extensions></trkpt><trkpt lat="60.236397" lon="24.679622"><ele>39.5</ele><time>2026-03-12T07:47:14Z</time></trkpt><trkpt lat="60.236308" lon="24.679185"><ele>39.5</ele><time>2026-03-12T07:47:15Z</time></trkpt><trkpt lat="60.236315" lon="24.679168"><ele>40.2</ele><time>2026-03-12T07:47:16Z</time></trkpt><trkpt lat="60.236338" lon="24.679137"><ele>39.9</ele><time>2026-03-12T07:47:17Z</time></trkpt><trkpt lat="60.23636" lon="24.679128"><ele>39.2</ele><time>2026-03-12T07:47:18Z</time><extensions><gpxtpx:TrackPointExtension><gpxtpx:hr>126</gpxtpx:hr></gpxtpx:TrackPointExtension></extensions></trkpt><trkpt lat="60.236372" lon="24.67907"><ele>35.8</ele><time>2026-03-12T07:47:19Z</time></trkpt><trkpt lat="60.23642" lon="24.679013"><ele>35.4</ele><time>2026-03-12T07:47:20Z</time></trkpt><trkpt lat="60.236477" lon="24.678982"><ele>34.3</ele><time>2026-03-12T07:47:21Z</time></trkpt><trkpt lat="60.23652" lon="24.678933"><ele>34.3</ele><time>2026-03-12T07:47:22Z</time></trkpt><trkpt lat="60.236545" lon="24.678908"><ele>33.1</ele><time>2026-03-12T07:47:23Z</time></trkpt><trkpt lat="60.23657" lon="24.678878"><ele>33.6</ele><time>2026-03-12T07:47:24Z</time></trkpt><trkpt lat="60.23661" lon="24.678837"><ele>32.9</ele><time>2026-03-12T07:47:25Z</time></trkpt><trkpt lat="60.236642" lon="24.678767"><ele>31.1</ele><time>2026-03-12T07:47:26Z</time></trkpt><trkpt lat="60.236697" lon="24.678698"><ele>30.6</ele><time>2026-03-12T07:47:27Z</time><extensions><gpxtpx:TrackPointExtension><gpxtpx:hr>123</gpxtpx:hr></gpxtpx:TrackPointExtension></extensions></trkpt><trkpt lat="60.236758" lon="24.678645"><ele>30.9</ele><time>2026-03-12T07:47:28Z</time></trkpt><trkpt lat="60.23685" lon="24.6786"><ele>30.2</ele><time>2026-03-12T07:47:29Z</time></trkpt><trkpt lat="60.236933" lon="24.678577"><ele>32.0</ele><time>2026-03-12T07:47:30Z</time><extensions><gpxtpx:TrackPointExtension><gpxtpx:hr>119</gpxtpx:hr></gpxtpx:TrackPointExtension></extensions></trkpt><trkpt lat="60.236985" lon="24.678588"><ele>32.5</ele><time>2026-03-12T07:47:31Z</time></trkpt><trkpt lat="60.237042" lon="24.67856"><ele>31.2</ele><time>2026-03-12T07:47:32Z</time></trkpt><trkpt lat="60.237115" lon="24.678503"><ele>31.1</ele><time>2026-03-12T07:47:33Z</time></trkpt><trkpt lat="60.237202" lon="24.678457"><ele>32.1</ele><time>2026-03-12T07:47:34Z</time></trkpt><trkpt lat="60.23762" lon="24.677902"><ele>29.0</ele><time>2026-03-12T07:47:41Z</time><extensions><gpxtpx:TrackPointExtension><gpxtpx:hr>117</gpxtpx:hr></gpxtpx:TrackPointExtension></extensions></trkpt><trkpt lat="60.23762" lon="24.677902"><ele>29.0</ele><time>2026-03-12T07:47:39Z</time><extensions><gpxtpx:TrackPointExtension><gpxtpx:hr>118</gpxtpx:hr></gpxtpx:TrackPointExtension></extensions></trkpt><trkpt lat="60.237637" lon="24.67785"><ele>27.4</ele><time>2026-03-12T07:47:42Z</time></trkpt><trkpt lat="60.237667" lon="24.677807"><ele>27.2</ele><time>2026-03-12T07:47:43Z</time><extensions><gpxtpx:TrackPointExtension><gpxtpx:hr>119</gpxtpx:hr></gpxtpx:TrackPointExtension></extensions></trkpt><trkpt lat="60.2377" lon="24.677772"><ele>26.7</ele><time>2026-03-12T07:47:44Z</time></trkpt><trkpt lat="60.237743" lon="24.677707"><ele>27.6</ele><time>2026-03-12T07:47:46Z</time></trkpt><trkpt lat="60.23779" lon="24.67764"><ele>28.6</ele><time>2026-03-12T07:47:47Z</time></trkpt><trkpt lat="60.237828" lon="24.67759"><ele>29.8</ele><time>2026-03-12T07:47:48Z</time></trkpt><trkpt lat="60.23787" lon="24.677535"><ele>31.2</ele><time>2026-03-12T07:47:49Z</time></trkpt><trkpt lat="60.23791" lon="24.677477"><ele>31.3</ele><time>2026-03-12T07:47:50Z</time></trkpt><trkpt lat="60.237952" lon="24.677413"><ele>32.2</ele><time>2026-03-12T07:47:51Z</time></trkpt><trkpt lat="60.237983" lon="24.677355"><ele>32.2</ele><time>2026-03-12T07:47:52Z</time><extensions><gpxtpx:TrackPointExtension><gpxtpx:hr>120</gpxtpx:hr></gpxtpx:TrackPointExtension></extensions></trkpt><trkpt lat="60.23802" lon="24.677292"><ele>33.0</ele><time>2026-03-12T07:47:53Z</time></trkpt><trkpt lat="60.238048" lon="24.677225"><ele>33.0</ele><time>2026-03-12T07:47:54Z</time></trkpt><trkpt lat="60.238077" lon="24.67716"><ele>33.2</ele><time>2026-03-12T07:47:55Z</time></trkpt><trkpt lat="60.238102" lon="24.677092"><ele>33.4</ele><time>2026-03-12T07:47:56Z</time></trkpt><trkpt lat="60.238123" lon="24.677035"><ele>33.8</ele><time>2026-03-12T07:47:57Z</time><extensions><gpxtpx:TrackPointExtension><gpxtpx:hr>118</gpxtpx:hr></gpxtpx:TrackPointExtension></extensions></trkpt><trkpt lat="60.23815" lon="24.67697"><ele>34.3</ele><time>2026-03-12T07:47:58Z</time><extensions><gpxtpx:TrackPointExtension><gpxtpx:hr>119</gpxtpx:hr></gpxtpx:TrackPointExtension></extensions></trkpt><trkpt lat="60.23819" lon="24.6769"><ele>35.7</ele><time>2026-03-12T07:47:59Z</time></trkpt><trkpt lat="60.23821" lon="24.676823"><ele>35.8</ele><time>2026-03-12T07:48:00Z</time></trkpt><trkpt lat="60.238232" lon="24.676757"><ele>36.1</ele><time>2026-03-12T07:48:01Z</time></trkpt><trkpt lat="60.238247" lon="24.676687"><ele>36.7</ele><time>2026-03-12T07:48:02Z</time></trkpt><trkpt lat="60.238262" lon="24.676625"><ele>37.4</ele><time>2026-03-12T07:48:03Z</time></trkpt><trkpt lat="60.238287" lon="24.676548"><ele>38.5</ele><time>2026-03-12T07:48:04Z</time></trkpt><trkpt lat="60.23831" lon="24.676475"><ele>38.8</ele><time>2026-03-12T07:48:05Z</time></trkpt><trkpt lat="60.238338" lon="24.676408"><ele>39.5</ele><time>2026-03-12T07:48:06Z</time><extensions><gpxtpx:TrackPointExtension><gpxtpx:hr>115</gpxtpx:hr></gpxtpx:TrackPointExtension></extensions></trkpt><trkpt lat="60.238372" lon="24.676342"><ele>40.5</ele><time>2026-03-12T07:48:07Z</time></trkpt><trkpt lat="60.238398" lon="24.676273"><ele>40.8</ele><time>2026-03-12T07:48:08Z</time></trkpt><trkpt lat="60.238428" lon="24.676213"><ele>41.6</ele><time>2026-03-12T07:48:09Z</time></trkpt><trkpt lat="60.238455" lon="24.676143"><ele>41.3</ele><time>2026-03-12T07:48:10Z</time></trkpt><trkpt lat="60.23849" lon="24.67608"><ele>41.6</ele><time>2026-03-12T07:48:11Z</time></trkpt><trkpt lat="60.238513" lon="24.676015"><ele>40.4</ele><time>2026-03-12T07:48:12Z</time><extensions><gpxtpx:TrackPointExtension><gpxtpx:hr>112</gpxtpx:hr></gpxtpx:TrackPointExtension></extensions></trkpt><trkpt lat="60.23854" lon="24.675997"><ele>40.8</ele><time>2026-03-12T07:48:13Z</time><extensions><gpxtpx:TrackPointExtension><gpxtpx:hr>113</gpxtpx:hr></gpxtpx:TrackPointExtension></extensions></trkpt><trkpt lat="60.23856" lon="24.675967"><ele>41.1</ele><time>2026-03-12T07:48:14Z</time></trkpt><trkpt lat="60.23858" lon="24.675932"><ele>41.0</ele><time>2026-03-12T07:48:15Z</time></trkpt><trkpt lat="60.238608" lon="24.675903"><ele>40.9</ele><time>2026-03-12T07:48:16Z</time></trkpt><trkpt lat="60.238633" lon="24.675867"><ele>40.7</ele><time>2026-03-12T07:48:17Z</time></trkpt><trkpt lat="60.238637" lon="24.675822"><ele>40.5</ele><time>2026-03-12T07:48:18Z</time><extensions><gpxtpx:TrackPointExtension><gpxtpx:hr>114</gpxtpx:hr></gpxtpx:TrackPointExtension></extensions></trkpt><trkpt lat="60.238657" lon="24.675765"><ele>39.8</ele><time>2026-03-12T07:48:19Z</time></trkpt><trkpt lat="60.238683" lon="24.675703"><ele>39.4</ele><time>2026-03-12T07:48:20Z</time></trkpt><trkpt lat="60.23871" lon="24.675642"><ele>38.7</ele><time>2026-03-12T07:48:20Z</time></trkpt><trkpt lat="60.238727" lon="24.675593"><ele>37.2</ele><time>2026-03-12T07:48:21Z</time></trkpt><trkpt lat="60.238757" lon="24.675523"><ele>37.6</ele><time>2026-03-12T07:48:22Z</time></trkpt><trkpt lat="60.238785" lon="24.675452"><ele>37.6</ele><time>2026-03-12T07:48:23Z</time><extensions><gpxtpx:TrackPointExtension><gpxtpx:hr>114</gpxtpx:hr></gpxtpx:TrackPointExtension></extensions></trkpt><trkpt lat="60.238815" lon="24.675375"><ele>38.2</ele><time>2026-03-12T07:48:24Z</time></trkpt><trkpt lat="60.238848" lon="24.675318"><ele>39.1</ele><time>2026-03-12T07:48:25Z</time></trkpt><trkpt lat="60.238875" lon="24.675268"><ele>38.9</ele><time>2026-03-12T07:48:26Z</time></trkpt><trkpt lat="60.238898" lon="24.675227"><ele>39.2</ele><time>2026-03-12T07:48:27Z</time></trkpt><trkpt lat="60.238935" lon="24.675173"><ele>40.1</ele><time>2026-03-12T07:48:28Z</time></trkpt><trkpt lat="60.238957" lon="24.675123"><ele>40.2</ele><time>2026-03-12T07:48:29Z</time></trkpt><trkpt lat="60.23898" lon="24.675088"><ele>40.4</ele><time>2026-03-12T07:48:30Z</time></trkpt><trkpt lat="60.239005" lon="24.675057"><ele>40.4</ele><time>2026-03-12T07:48:31Z</time></trkpt><trkpt lat="60.239017" lon="24.675018"><ele>40.6</ele><time>2026-03-12T07:48:32Z</time><extensions><gpxtpx:TrackPointExtension><gpxtpx:hr>114</gpxtpx:hr></gpxtpx:TrackPointExtension></extensions></trkpt><trkpt lat="60.239022" lon="24.674997"><ele>38.1</ele><time>2026-03-12T07:48:33Z</time></trkpt><trkpt lat="60.23904" lon="24.674947"><ele>36.0</ele><time>2026-03-12T07:48:34Z</time></trkpt><trkpt lat="60.239062" lon="24.674877"><ele>34.0</ele><time>2026-03-12T07:48:35Z</time></trkpt><trkpt lat="60.239087" lon="24.674765"><ele>33.1</ele><time>2026-03-12T07:48:36Z</time><extensions><gpxtpx:TrackPointExtension><gpxtpx:hr>114</gpxtpx:hr></gpxtpx:TrackPointExtension></extensions></trkpt><trkpt lat="60.23911" lon="24.674637"><ele>33.3</ele><time>2026-03-12T07:48:37Z</time></trkpt><trkpt lat="60.239118" lon="24.674523"><ele>32.2</ele><time>2026-03-12T07:48:38Z</time><extensions><gpxtpx:TrackPointExtension><gpxtpx:hr>114</gpxtpx:hr></gpxtpx:TrackPointExtension></extensions></trkpt><trkpt lat="60.239133" lon="24.6744"><ele>33.2</ele><time>2026-03-12T07:48:39Z</time></trkpt><trkpt lat="60.239122" lon="24.67434"><ele>32.1</ele><time>2026-03-12T07:48:40Z</time></trkpt><trkpt lat="60.239118" lon="24.67426"><ele>30.7</ele><time>2026-03-12T07:48:41Z</time></trkpt><trkpt lat="60.239113" lon="24.674165"><ele>28.5</ele><time>2026-03-12T07:48:42Z</time></trkpt><trkpt lat="60.239122" lon="24.674045"><ele>28.6</ele><time>2026-03-12T07:48:43Z</time></trkpt><trkpt lat="60.239123" lon="24.673955"><ele>27.6</ele><time>2026-03-12T07:48:44Z</time><extensions><gpxtpx:TrackPointExtension><gpxtpx:hr>112</gpxtpx:hr></gpxtpx:TrackPointExtension></extensions></trkpt><trkpt lat="60.239128" lon="24.673877"><ele>26.2</ele><time>2026-03-12T07:48:45Z</time></trkpt><trkpt lat="60.239142" lon="24.673797"><ele>25.4</ele><time>2026-03-12T07:48:46Z</time></trkpt><trkpt lat="60.239163" lon="24.673728"><ele>25.1</ele><time>2026-03-12T07:48:47Z</time></trkpt><trkpt lat="60.23919" lon="24.673665"><ele>24.8</ele><time>2026-03-12T07:48:48Z</time></trkpt><trkpt lat="60.239217" lon="24.673588"><ele>25.2</ele><time>2026-03-12T07:48:49Z</time></trkpt><trkpt lat="60.239255" lon="24.673517"><ele>26.0</ele><time>2026-03-12T07:48:50Z</time></trkpt><trkpt lat="60.23928" lon="24.673473"><ele>24.7</ele><time>2026-03-12T07:48:51Z</time><extensions><gpxtpx:TrackPointExtension><gpxtpx:hr>110</gpxtpx:hr></gpxtpx:TrackPointExtension></extensions></trkpt><trkpt lat="60.239322" lon="24.673425"><ele>26.2</ele><time>2026-03-12T07:48:52Z</time></trkpt><trkpt lat="60.239347" lon="24.67336"><ele>26.9</ele><time>2026-03-12T07:48:53Z</time><extensions><gpxtpx:TrackPointExtension><gpxtpx:hr>110</gpxtpx:hr></gpxtpx:TrackPointExtension></extensions></trkpt><trkpt lat="60.239368" lon="24.67332"><ele>27.5</ele><time>2026-03-12T07:48:54Z</time></trkpt><trkpt lat="60.239388" lon="24.673265"><ele>28.6</ele><time>2026-03-12T07:48:55Z</time></trkpt><trkpt lat="60.239403" lon="24.6732"><ele>28.5</ele><time>2026-03-12T07:48:56Z</time></trkpt><trkpt lat="60.239427" lon="24.673143"><ele>28.2</ele><time>2026-03-12T07:48:57Z</time></trkpt><trkpt lat="60.239458" lon="24.673063"><ele>27.2</ele><time>2026-03-12T07:48:58Z</time></trkpt><trkpt lat="60.239492" lon="24.672955"><ele>26.8</ele><time>2026-03-12T07:48:59Z</time></trkpt><trkpt lat="60.239525" lon="24.67285"><ele>26.9</ele><time>2026-03-12T07:49:00Z</time></trkpt><trkpt lat="60.239555" lon="24.672765"><ele>26.8</ele><time>2026-03-12T07:49:01Z</time></trkpt><trkpt lat="60.239582" lon="24.672687"><ele>26.4</ele><time>2026-03-12T07:49:02Z</time><extensions><gpxtpx:TrackPointExtension><gpxtpx:hr>117</gpxtpx:hr></gpxtpx:TrackPointExtension></extensions></trkpt><trkpt lat="60.239597" lon="24.672615"><ele>25.6</ele><time>2026-03-12T07:49:03Z</time></trkpt><trkpt lat="60.23962" lon="24.672545"><ele>25.1</ele><time>2026-03-12T07:49:04Z</time></trkpt><trkpt lat="60.23964" lon="24.672445"><ele>25.7</ele><time>2026-03-12T07:49:05Z</time></trkpt><trkpt lat="60.239632" lon="24.672378"><ele>25.3</ele><time>2026-03-12T07:49:06Z</time></trkpt><trkpt lat="60.239623" lon="24.672312"><ele>25.0</ele><time>2026-03-12T07:49:07Z</time><extensions><gpxtpx:TrackPointExtension><gpxtpx:hr>116</gpxtpx:hr></gpxtpx:TrackPointExtension></extensions></trkpt><trkpt lat="60.239598" lon="24.672282"><ele>24.4</ele><time>2026-03-12T07:49:08Z</time></trkpt><trkpt lat="60.239573" lon="24.672253"><ele>23.7</ele><time>2026-03-12T07:49:09Z</time><extensions><gpxtpx:TrackPointExtension><gpxtpx:hr>114</gpxtpx:hr></gpxtpx:TrackPointExtension></extensions></trkpt><trkpt lat="60.239553" lon="24.672245"><ele>23.3</ele><time>2026-03-12T07:49:10Z</time></trkpt><trkpt lat="60.239533" lon="24.672228"><ele>24.3</ele><time>2026-03-12T07:49:11Z</time></trkpt><trkpt lat="60.239502" lon="24.672215"><ele>23.2</ele><time>2026-03-12T07:49:12Z</time></trkpt><trkpt lat="60.239487" lon="24.672178"><ele>24.0</ele><time>2026-03-12T07:49:13Z</time></trkpt><trkpt lat="60.239488" lon="24.672153"><ele>23.9</ele><time>2026-03-12T07:49:14Z</time></trkpt><trkpt lat="60.239468" lon="24.672135"><ele>24.2</ele><time>2026-03-12T07:49:15Z</time></trkpt><trkpt lat="60.239452" lon="24.6721"><ele>24.6</ele><time>2026-03-12T07:49:16Z</time></trkpt><trkpt lat="60.239425" lon="24.672078"><ele>24.0</ele><time>2026-03-12T07:49:17Z</time><extensions><gpxtpx:TrackPointExtension><gpxtpx:hr>111</gpxtpx:hr></gpxtpx:TrackPointExtension></extensions></trkpt><trkpt lat="60.239403" lon="24.672042"><ele>23.9</ele><time>2026-03-12T07:49:18Z</time><extensions><gpxtpx:TrackPointExtension><gpxtpx:hr>111</gpxtpx:hr></gpxtpx:TrackPointExtension></extensions></trkpt><trkpt lat="60.239385" lon="24.672032"><ele>23.1</ele><time>2026-03-12T07:49:19Z</time></trkpt><trkpt lat="60.239365" lon="24.672015"><ele>23.6</ele><time>2026-03-12T07:49:20Z</time></trkpt><trkpt lat="60.239347" lon="24.672"><ele>22.9</ele><time>2026-03-12T07:49:21Z</time></trkpt><trkpt lat="60.239323" lon="24.671972"><ele>22.1</ele><time>2026-03-12T07:49:22Z</time></trkpt><trkpt lat="60.239312" lon="24.671972"><ele>21.0</ele><time>2026-03-12T07:49:23Z</time></trkpt><trkpt lat="60.239302" lon="24.671968"><ele>20.4</ele><time>2026-03-12T07:49:24Z</time><extensions><gpxtpx:TrackPointExtension><gpxtpx:hr>112</gpxtpx:hr></gpxtpx:TrackPointExtension></extensions></trkpt><trkpt lat="60.239285" lon="24.671965"><ele>21.3</ele><time>2026-03-12T07:49:25Z</time></trkpt><trkpt lat="60.239273" lon="24.671957"><ele>20.6</ele><time>2026-03-12T07:49:26Z</time></trkpt><trkpt lat="60.23926" lon="24.671952"><ele>21.3</ele><time>2026-03-12T07:49:27Z</time></trkpt><trkpt lat="60.239248" lon="24.671943"><ele>22.3</ele><time>2026-03-12T07:49:28Z</time><extensions><gpxtpx:TrackPointExtension><gpxtpx:hr>115</gpxtpx:hr></gpxtpx:TrackPointExtension></extensions></trkpt><trkpt lat="60.23923" lon="24.67193"><ele>22.7</ele><time>2026-03-12T07:49:29Z</time></trkpt><trkpt lat="60.239205" lon="24.671917"><ele>23.4</ele><time>2026-03-12T07:49:30Z</time></trkpt><trkpt lat="60.239185" lon="24.671893"><ele>23.3</ele><time>2026-03-12T07:49:31Z</time></trkpt><trkpt lat="60.239162" lon="24.671867"><ele>22.1</ele><time>2026-03-12T07:49:32Z</time></trkpt><trkpt lat="60.239138" lon="24.671835"><ele>25.0</ele><time>2026-03-12T07:49:33Z</time><extensions><gpxtpx:TrackPointExtension><gpxtpx:hr>118</gpxtpx:hr></gpxtpx:TrackPointExtension></extensions></trkpt><trkpt lat="60.239097" lon="24.671783"><ele>24.6</ele><time>2026-03-12T07:49:34Z</time></trkpt><trkpt lat="60.239065" lon="24.671722"><ele>26.6</ele><time>2026-03-12T07:49:35Z</time></trkpt><trkpt lat="60.23904" lon="24.671663"><ele>28.9</ele><time>2026-03-12T07:49:36Z</time></trkpt><trkpt lat="60.239028" lon="24.671608"><ele>28.6</ele><time>2026-03-12T07:49:37Z</time></trkpt><trkpt lat="60.239005" lon="24.671575"><ele>30.2</ele><time>2026-03-12T07:49:38Z</time><extensions><gpxtpx:TrackPointExtension><gpxtpx:hr>122</gpxtpx:hr></gpxtpx:TrackPointExtension></extensions></trkpt><trkpt lat="60.238992" lon="24.671533"><ele>32.4</ele><time>2026-03-12T07:49:39Z</time></trkpt><trkpt lat="60.238977" lon="24.671502"><ele>32.3</ele><time>2026-03-12T07:49:40Z</time></trkpt><trkpt lat="60.23895" lon="24.671467"><ele>32.9</ele><time>2026-03-12T07:49:41Z</time></trkpt><trkpt lat="60.238922" lon="24.671407"><ele>35.4</ele><time>2026-03-12T07:49:42Z</time></trkpt><trkpt lat="60.238898" lon="24.67135"><ele>35.3</ele><time>2026-03-12T07:49:43Z</time></trkpt><trkpt lat="60.238875" lon="24.671313"><ele>36.8</ele><time>2026-03-12T07:49:44Z</time></trkpt><trkpt lat="60.23886" lon="24.671275"><ele>37.7</ele><time>2026-03-12T07:49:45Z</time></trkpt><trkpt lat="60.238847" lon="24.671247"><ele>38.3</ele><time>2026-03-12T07:49:46Z</time></trkpt><trkpt lat="60.238837" lon="24.67124"><ele>38.4</ele><time>2026-03-12T07:49:47Z</time></trkpt><trkpt lat="60.238823" lon="24.671238"><ele>38.1</ele><time>2026-03-12T07:49:48Z</time></trkpt><trkpt lat="60.238803" lon="24.671237"><ele>39.6</ele><time>2026-03-12T07:49:49Z</time></trkpt><trkpt lat="60.238775" lon="24.671232"><ele>38.6</ele><time>2026-03-12T07:49:50Z</time></trkpt><trkpt lat="60.238757" lon="24.671247"><ele>38.8</ele><time>2026-03-12T07:49:51Z</time></trkpt><trkpt lat="60.23874" lon="24.671253"><ele>39.2</ele><time>2026-03-12T07:49:52Z</time></trkpt><trkpt lat="60.238717" lon="24.671263"><ele>39.2</ele><time>2026-03-12T07:49:53Z</time></trkpt><trkpt lat="60.238698" lon="24.671262"><ele>38.9</ele><time>2026-03-12T07:49:54Z</time></trkpt><trkpt lat="60.238678" lon="24.671263"><ele>38.5</ele><time>2026-03-12T07:49:55Z</time></trkpt><trkpt lat="60.238672" lon="24.671278"><ele>38.7</ele><time>2026-03-12T07:49:56Z</time></trkpt><trkpt lat="60.238653" lon="24.671273"><ele>39.3</ele><time>2026-03-12T07:49:57Z</time></trkpt><trkpt lat="60.238613" lon="24.671263"><ele>38.4</ele><time>2026-03-12T07:49:58Z</time></trkpt><trkpt lat="60.238582" lon="24.671245"><ele>36.7</ele><time>2026-03-12T07:49:59Z</time></trkpt><trkpt lat="60.238553" lon="24.671238"><ele>35.4</ele><time>2026-03-12T07:50:00Z</time></trkpt><trkpt lat="60.238517" lon="24.671228"><ele>35.8</ele><time>2026-03-12T07:50:01Z</time></trkpt><trkpt lat="60.238492" lon="24.671237"><ele>35.7</ele><time>2026-03-12T07:50:02Z</time></trkpt><trkpt lat="60.238463" lon="24.67123"><ele>34.8</ele><time>2026-03-12T07:50:03Z</time></trkpt><trkpt lat="60.238435" lon="24.671238"><ele>34.9</ele><time>2026-03-12T07:50:04Z</time></trkpt><trkpt lat="60.238417" lon="24.671233"><ele>34.2</ele><time>2026-03-12T07:50:05Z</time></trkpt><trkpt lat="60.238392" lon="24.671227"><ele>37.1</ele><time>2026-03-12T07:50:06Z</time></trkpt><trkpt lat="60.238375" lon="24.671218"><ele>35.9</ele><time>2026-03-12T07:50:07Z</time></trkpt><trkpt lat="60.238355" lon="24.671213"><ele>37.2</ele><time>2026-03-12T07:50:08Z</time></trkpt><trkpt lat="60.238335" lon="24.671205"><ele>37.0</ele><time>2026-03-12T07:50:09Z</time></trkpt><trkpt lat="60.238313" lon="24.671187"><ele>37.4</ele><time>2026-03-12T07:50:10Z</time></trkpt><trkpt lat="60.238292" lon="24.671168"><ele>37.6</ele><time>2026-03-12T07:50:11Z</time></trkpt><trkpt lat="60.238267" lon="24.671178"><ele>38.8</ele><time>2026-03-12T07:50:12Z</time></trkpt><trkpt lat="60.238247" lon="24.671173"><ele>39.8</ele><time>2026-03-12T07:50:13Z</time></trkpt><trkpt lat="60.238215" lon="24.67114"><ele>40.8</ele><time>2026-03-12T07:50:14Z</time></trkpt><trkpt lat="60.238175" lon="24.671122"><ele>42.5</ele><time>2026-03-12T07:50:15Z</time></trkpt><trkpt lat="60.23814" lon="24.671093"><ele>43.6</ele><time>2026-03-12T07:50:16Z</time></trkpt><trkpt lat="60.238113" lon="24.671097"><ele>43.2</ele><time>2026-03-12T07:50:17Z</time></trkpt><trkpt lat="60.238087" lon="24.671102"><ele>44.0</ele><time>2026-03-12T07:50:18Z</time></trkpt><trkpt lat="60.238058" lon="24.671085"><ele>45.3</ele><time>2026-03-12T07:50:19Z</time></trkpt><trkpt lat="60.23804" lon="24.671068"><ele>44.0</ele><time>2026-03-12T07:50:20Z</time><extensions><gpxtpx:TrackPointExtension><gpxtpx:hr>136</gpxtpx:hr></gpxtpx:TrackPointExtension></extensions></trkpt><trkpt lat="60.238033" lon="24.671023"><ele>44.1</ele><time>2026-03-12T07:50:21Z</time></trkpt><trkpt lat="60.238017" lon="24.670967"><ele>45.9</ele><time>2026-03-12T07:50:22Z</time></trkpt><trkpt lat="60.23801" lon="24.670937"><ele>46.0</ele><time>2026-03-12T07:50:23Z</time></trkpt><trkpt lat="60.238012" lon="24.670918"><ele>46.5</ele><time>2026-03-12T07:50:24Z</time></trkpt><trkpt lat="60.238025" lon="24.670912"><ele>47.3</ele><time>2026-03-12T07:50:25Z</time></trkpt><trkpt lat="60.238043" lon="24.670913"><ele>46.8</ele><time>2026-03-12T07:50:26Z</time></trkpt><trkpt lat="60.238063" lon="24.670893"><ele>46.9</ele><time>2026-03-12T07:50:27Z</time></trkpt><trkpt lat="60.238088" lon="24.670877"><ele>47.3</ele><time>2026-03-12T07:50:28Z</time></trkpt><trkpt lat="60.238108" lon="24.670875"><ele>46.5</ele><time>2026-03-12T07:50:29Z</time></trkpt><trkpt lat="60.23813" lon="24.67087"><ele>46.0</ele><time>2026-03-12T07:50:30Z</time></trkpt><trkpt lat="60.238153" lon="24.670858"><ele>46.5</ele><time>2026-03-12T07:50:31Z</time><extensions><gpxtpx:TrackPointExtension><gpxtpx:hr>137</gpxtpx:hr></gpxtpx:TrackPointExtension></extensions></trkpt><trkpt lat="60.238175" lon="24.670842"><ele>47.2</ele><time>2026-03-12T07:50:32Z</time></trkpt><trkpt lat="60.238188" lon="24.670842"><ele>45.4</ele><time>2026-03-12T07:50:33Z</time></trkpt><trkpt lat="60.238222" lon="24.670835"><ele>45.6</ele><time>2026-03-12T07:50:34Z</time></trkpt><trkpt lat="60.238942" lon="24.671153"><ele>29.8</ele><time>2026-03-12T07:50:49Z</time><extensions><gpxtpx:TrackPointExtension><gpxtpx:hr>135</gpxtpx:hr></gpxtpx:TrackPointExtension></extensions></trkpt><trkpt lat="60.238942" lon="24.671153"><ele>29.8</ele><time>2026-03-12T07:50:41Z</time><extensions><gpxtpx:TrackPointExtension><gpxtpx:hr>134</gpxtpx:hr></gpxtpx:TrackPointExtension></extensions></trkpt><trkpt lat="60.238942" lon="24.671153"><ele>29.8</ele><time>2026-03-12T07:50:47Z</time><extensions><gpxtpx:TrackPointExtension><gpxtpx:hr>139</gpxtpx:hr></gpxtpx:TrackPointExtension></extensions></trkpt><trkpt lat="60.238968" lon="24.671158"><ele>28.2</ele><time>2026-03-12T07:50:50Z</time><extensions><gpxtpx:TrackPointExtension><gpxtpx:hr>138</gpxtpx:hr></gpxtpx:TrackPointExtension></extensions></trkpt><trkpt lat="60.238995" lon="24.671148"><ele>26.0</ele><time>2026-03-12T07:50:51Z</time></trkpt><trkpt lat="60.239018" lon="24.67115"><ele>26.0</ele><time>2026-03-12T07:50:52Z</time></trkpt><trkpt lat="60.239047" lon="24.671143"><ele>23.8</ele><time>2026-03-12T07:50:53Z</time></trkpt><trkpt lat="60.239098" lon="24.671098"><ele>22.3</ele><time>2026-03-12T07:50:54Z</time></trkpt><trkpt lat="60.239132" lon="24.671142"><ele>0.7</ele><time>2026-03-12T07:50:55Z</time></trkpt><trkpt lat="60.2392" lon="24.671142"><ele>-8.8</ele><time>2026-03-12T07:50:56Z</time></trkpt><trkpt lat="60.23924" lon="24.671122"><ele>-11.1</ele><time>2026-03-12T07:50:57Z</time><extensions><gpxtpx:TrackPointExtension><gpxtpx:hr>135</gpxtpx:hr></gpxtpx:TrackPointExtension></extensions></trkpt><trkpt lat="60.239327" lon="24.671097"><ele>-15.5</ele><time>2026-03-12T07:50:58Z</time><extensions><gpxtpx:TrackPointExtension><gpxtpx:hr>135</gpxtpx:hr></gpxtpx:TrackPointExtension></extensions></trkpt><trkpt lat="60.239377" lon="24.671053"><ele>-14.7</ele><time>2026-03-12T07:50:59Z</time></trkpt><trkpt lat="60.239418" lon="24.671003"><ele>-15.7</ele><time>2026-03-12T07:51:00Z</time></trkpt><trkpt lat="60.239602" lon="24.671313"><ele>-4.5</ele><time>2026-03-12T07:51:01Z</time></trkpt><trkpt lat="60.239643" lon="24.671232"><ele>-4.5</ele><time>2026-03-12T07:51:02Z</time></trkpt><trkpt lat="60.239733" lon="24.671185"><ele>-4.5</ele><time>2026-03-12T07:51:03Z</time><extensions><gpxtpx:TrackPointExtension><gpxtpx:hr>133</gpxtpx:hr></gpxtpx:TrackPointExtension></extensions></trkpt><trkpt lat="60.239873" lon="24.671113"><ele>-3.8</ele><time>2026-03-12T07:51:04Z</time></trkpt><trkpt lat="60.239977" lon="24.671058"><ele>7.1</ele><time>2026-03-12T07:51:05Z</time></trkpt><trkpt lat="60.240015" lon="24.670988"><ele>10.2</ele><time>2026-03-12T07:51:06Z</time></trkpt><trkpt lat="60.240017" lon="24.670913"><ele>10.4</ele><time>2026-03-12T07:51:07Z</time></trkpt><trkpt lat="60.239992" lon="24.670855"><ele>9.6</ele><time>2026-03-12T07:51:08Z</time><extensions><gpxtpx:TrackPointExtension><gpxtpx:hr>131</gpxtpx:hr></gpxtpx:TrackPointExtension></extensions></trkpt><trkpt lat="60.239967" lon="24.670778"><ele>14.0</ele><time>2026-03-12T07:51:09Z</time></trkpt><trkpt lat="60.239965" lon="24.670695"><ele>14.9</ele><time>2026-03-12T07:51:10Z</time></trkpt><trkpt lat="60.239963" lon="24.670625"><ele>15.5</ele><time>2026-03-12T07:51:11Z</time></trkpt><trkpt lat="60.239917" lon="24.670212"><ele>29.7</ele><time>2026-03-12T07:51:12Z</time></trkpt><trkpt lat="60.239915" lon="24.670145"><ele>28.6</ele><time>2026-03-12T07:51:13Z</time></trkpt><trkpt lat="60.239913" lon="24.67007"><ele>29.2</ele><time>2026-03-12T07:51:14Z</time></trkpt><trkpt lat="60.239913" lon="24.669998"><ele>32.1</ele><time>2026-03-12T07:51:15Z</time><extensions><gpxtpx:TrackPointExtension><gpxtpx:hr>130</gpxtpx:hr></gpxtpx:TrackPointExtension></extensions></trkpt><trkpt lat="60.239893" lon="24.66991"><ele>32.6</ele><time>2026-03-12T07:51:16Z</time></trkpt><trkpt lat="60.239935" lon="24.669837"><ele>34.2</ele><time>2026-03-12T07:51:17Z</time></trkpt><trkpt lat="60.239957" lon="24.669815"><ele>35.4</ele><time>2026-03-12T07:51:18Z</time></trkpt><trkpt lat="60.23997" lon="24.669763"><ele>35.9</ele><time>2026-03-12T07:51:19Z</time></trkpt><trkpt lat="60.23998" lon="24.669697"><ele>35.9</ele><time>2026-03-12T07:51:20Z</time></trkpt><trkpt lat="60.240003" lon="24.669602"><ele>35.1</ele><time>2026-03-12T07:51:21Z</time></trkpt><trkpt lat="60.240023" lon="24.669512"><ele>35.2</ele><time>2026-03-12T07:51:22Z</time><extensions><gpxtpx:TrackPointExtension><gpxtpx:hr>132</gpxtpx:hr></gpxtpx:TrackPointExtension></extensions></trkpt><trkpt lat="60.240043" lon="24.66942"><ele>34.6</ele><time>2026-03-12T07:51:23Z</time></trkpt><trkpt lat="60.240075" lon="24.669355"><ele>33.6</ele><time>2026-03-12T07:51:24Z</time></trkpt><trkpt lat="60.240095" lon="24.669257"><ele>33.7</ele><time>2026-03-12T07:51:25Z</time></trkpt><trkpt lat="60.240107" lon="24.669182"><ele>33.7</ele><time>2026-03-12T07:51:26Z</time></trkpt><trkpt lat="60.240117" lon="24.669128"><ele>33.3</ele><time>2026-03-12T07:51:27Z</time><extensions><gpxtpx:TrackPointExtension><gpxtpx:hr>130</gpxtpx:hr></gpxtpx:TrackPointExtension></extensions></trkpt><trkpt lat="60.240127" lon="24.669073"><ele>33.4</ele><time>2026-03-12T07:51:28Z</time><extensions><gpxtpx:TrackPointExtension><gpxtpx:hr>130</gpxtpx:hr></gpxtpx:TrackPointExtension></extensions></trkpt><trkpt lat="60.240152" lon="24.669005"><ele>33.7</ele><time>2026-03-12T07:51:29Z</time></trkpt><trkpt lat="60.240168" lon="24.668943"><ele>33.6</ele><time>2026-03-12T07:51:30Z</time></trkpt><trkpt lat="60.240177" lon="24.668873"><ele>33.6</ele><time>2026-03-12T07:51:31Z</time></trkpt><trkpt lat="60.240193" lon="24.668805"><ele>33.3</ele><time>2026-03-12T07:51:32Z</time></trkpt><trkpt lat="60.240207" lon="24.668752"><ele>33.5</ele><time>2026-03-12T07:51:33Z</time><extensions><gpxtpx:TrackPointExtension><gpxtpx:hr>127</gpxtpx:hr></gpxtpx:TrackPointExtension></extensions></trkpt><trkpt lat="60.240218" lon="24.66868"><ele>33.5</ele><time>2026-03-12T07:51:34Z</time></trkpt><trkpt lat="60.240465" lon="24.668142"><ele>35.3</ele><time>2026-03-12T07:51:40Z</time><extensions><gpxtpx:TrackPointExtension><gpxtpx:hr>124</gpxtpx:hr></gpxtpx:TrackPointExtension></extensions></trkpt><trkpt lat="60.240483" lon="24.668128"><ele>37.6</ele><time>2026-03-12T07:51:41Z</time></trkpt><trkpt lat="60.240503" lon="24.668073"><ele>35.1</ele><time>2026-03-12T07:51:42Z</time></trkpt><trkpt lat="60.240513" lon="24.668053"><ele>31.7</ele><time>2026-03-12T07:51:43Z</time></trkpt><trkpt lat="60.240547" lon="24.667973"><ele>31.8</ele><time>2026-03-12T07:51:44Z</time></trkpt><trkpt lat="60.240582" lon="24.667907"><ele>30.9</ele><time>2026-03-12T07:51:45Z</time></trkpt><trkpt lat="60.240615" lon="24.667823"><ele>28.9</ele><time>2026-03-12T07:51:46Z</time><extensions><gpxtpx:TrackPointExtension><gpxtpx:hr>121</gpxtpx:hr></gpxtpx:TrackPointExtension></extensions></trkpt><trkpt lat="60.240653" lon="24.667742"><ele>28.8</ele><time>2026-03-12T07:51:47Z</time></trkpt><trkpt lat="60.240693" lon="24.66767"><ele>29.3</ele><time>2026-03-12T07:51:48Z</time><extensions><gpxtpx:TrackPointExtension><gpxtpx:hr>121</gpxtpx:hr></gpxtpx:TrackPointExtension></extensions></trkpt><trkpt lat="60.240733" lon="24.667603"><ele>29.2</ele><time>2026-03-12T07:51:49Z</time></trkpt><trkpt lat="60.240787" lon="24.667513"><ele>29.8</ele><time>2026-03-12T07:51:51Z</time></trkpt><trkpt lat="60.240942" lon="24.66694"><ele>34.8</ele><time>2026-03-12T07:51:53Z</time></trkpt><trkpt lat="60.240972" lon="24.666893"><ele>34.9</ele><time>2026-03-12T07:51:54Z</time></trkpt><trkpt lat="60.240942" lon="24.667028"><ele>34.9</ele><time>2026-03-12T07:51:55Z</time><extensions><gpxtpx:TrackPointExtension><gpxtpx:hr>120</gpxtpx:hr></gpxtpx:TrackPointExtension></extensions></trkpt><trkpt lat="60.240963" lon="24.667007"><ele>35.5</ele><time>2026-03-12T07:51:56Z</time></trkpt><trkpt lat="60.240992" lon="24.666962"><ele>35.4</ele><time>2026-03-12T07:51:57Z</time></trkpt><trkpt lat="60.241028" lon="24.666905"><ele>35.7</ele><time>2026-03-12T07:51:58Z</time></trkpt><trkpt lat="60.241053" lon="24.666852"><ele>35.6</ele><time>2026-03-12T07:51:59Z</time><extensions><gpxtpx:TrackPointExtension><gpxtpx:hr>120</gpxtpx:hr></gpxtpx:TrackPointExtension></extensions></trkpt><trkpt lat="60.241078" lon="24.666787"><ele>35.1</ele><time>2026-03-12T07:52:00Z</time></trkpt><trkpt lat="60.241112" lon="24.666697"><ele>34.1</ele><time>2026-03-12T07:52:01Z</time></trkpt><trkpt lat="60.241133" lon="24.66659"><ele>33.7</ele><time>2026-03-12T07:52:02Z</time></trkpt><trkpt lat="60.241163" lon="24.666485"><ele>32.6</ele><time>2026-03-12T07:52:03Z</time></trkpt><trkpt lat="60.241187" lon="24.666307"><ele>29.5</ele><time>2026-03-12T07:52:04Z</time></trkpt><trkpt lat="60.241217" lon="24.666232"><ele>29.5</ele><time>2026-03-12T07:52:05Z</time></trkpt><trkpt lat="60.241227" lon="24.666145"><ele>28.3</ele><time>2026-03-12T07:52:06Z</time><extensions><gpxtpx:TrackPointExtension><gpxtpx:hr>119</gpxtpx:hr></gpxtpx:TrackPointExtension></extensions></trkpt><trkpt lat="60.241227" lon="24.666085"><ele>27.7</ele><time>2026-03-12T07:52:07Z</time></trkpt><trkpt lat="60.241208" lon="24.666032"><ele>27.8</ele><time>2026-03-12T07:52:08Z</time><extensions><gpxtpx:TrackPointExtension><gpxtpx:hr>119</gpxtpx:hr></gpxtpx:TrackPointExtension></extensions></trkpt><trkpt lat="60.241175" lon="24.66594"><ele>27.5</ele><time>2026-03-12T07:52:09Z</time></trkpt><trkpt lat="60.241143" lon="24.665858"><ele>26.9</ele><time>2026-03-12T07:52:10Z</time></trkpt><trkpt lat="60.241112" lon="24.665782"><ele>26.8</ele><time>2026-03-12T07:52:11Z</time></trkpt><trkpt lat="60.241085" lon="24.665705"><ele>27.2</ele><time>2026-03-12T07:52:12Z</time></trkpt><trkpt lat="60.241062" lon="24.665628"><ele>27.9</ele><time>2026-03-12T07:52:13Z</time><extensions><gpxtpx:TrackPointExtension><gpxtpx:hr>118</gpxtpx:hr></gpxtpx:TrackPointExtension></extensions></trkpt><trkpt lat="60.24095" lon="24.665552"><ele>26.8</ele><time>2026-03-12T07:52:14Z</time></trkpt><trkpt lat="60.240922" lon="24.665483"><ele>29.3</ele><time>2026-03-12T07:52:15Z</time></trkpt><trkpt lat="60.240898" lon="24.665428"><ele>29.0</ele><time>2026-03-12T07:52:16Z</time></trkpt><trkpt lat="60.240878" lon="24.665383"><ele>28.1</ele><time>2026-03-12T07:52:17Z</time></trkpt><trkpt lat="60.240843" lon="24.66534"><ele>28.2</ele><time>2026-03-12T07:52:18Z</time><extensions><gpxtpx:TrackPointExtension><gpxtpx:hr>119</gpxtpx:hr></gpxtpx:TrackPointExtension></extensions></trkpt><trkpt lat="60.240827" lon="24.665337"><ele>28.2</ele><time>2026-03-12T07:52:19Z</time></trkpt><trkpt lat="60.240795" lon="24.665282"><ele>28.4</ele><time>2026-03-12T07:52:20Z</time></trkpt><trkpt lat="60.240765" lon="24.66526"><ele>27.9</ele><time>2026-03-12T07:52:21Z</time></trkpt><trkpt lat="60.240747" lon="24.665233"><ele>28.1</ele><time>2026-03-12T07:52:22Z</time></trkpt><trkpt lat="60.24078" lon="24.66509"><ele>29.5</ele><time>2026-03-12T07:52:23Z</time><extensions><gpxtpx:TrackPointExtension><gpxtpx:hr>120</gpxtpx:hr></gpxtpx:TrackPointExtension></extensions></trkpt><trkpt lat="60.240685" lon="24.665172"><ele>28.1</ele><time>2026-03-12T07:52:24Z</time></trkpt><trkpt lat="60.24066" lon="24.665138"><ele>26.2</ele><time>2026-03-12T07:52:25Z</time></trkpt><trkpt lat="60.240633" lon="24.665137"><ele>26.7</ele><time>2026-03-12T07:52:26Z</time></trkpt><trkpt lat="60.240607" lon="24.665137"><ele>26.6</ele><time>2026-03-12T07:52:27Z</time></trkpt><trkpt lat="60.240567" lon="24.665135"><ele>26.0</ele><time>2026-03-12T07:52:28Z</time></trkpt><trkpt lat="60.24055" lon="24.665097"><ele>27.0</ele><time>2026-03-12T07:52:29Z</time></trkpt><trkpt lat="60.240523" lon="24.665077"><ele>26.4</ele><time>2026-03-12T07:52:30Z</time></trkpt><trkpt lat="60.240502" lon="24.66505"><ele>26.4</ele><time>2026-03-12T07:52:31Z</time><extensions><gpxtpx:TrackPointExtension><gpxtpx:hr>122</gpxtpx:hr></gpxtpx:TrackPointExtension></extensions></trkpt><trkpt lat="60.240477" lon="24.665028"><ele>25.4</ele><time>2026-03-12T07:52:32Z</time></trkpt><trkpt lat="60.240458" lon="24.664993"><ele>26.2</ele><time>2026-03-12T07:52:33Z</time></trkpt><trkpt lat="60.240423" lon="24.66492"><ele>25.4</ele><time>2026-03-12T07:52:34Z</time></trkpt><trkpt lat="60.240407" lon="24.664875"><ele>24.8</ele><time>2026-03-12T07:52:35Z</time></trkpt><trkpt lat="60.240387" lon="24.66482"><ele>26.2</ele><time>2026-03-12T07:52:36Z</time></trkpt><trkpt lat="60.240368" lon="24.664782"><ele>25.3</ele><time>2026-03-12T07:52:37Z</time><extensions><gpxtpx:TrackPointExtension><gpxtpx:hr>121</gpxtpx:hr></gpxtpx:TrackPointExtension></extensions></trkpt><trkpt lat="60.240355" lon="24.664735"><ele>25.5</ele><time>2026-03-12T07:52:38Z</time><extensions><gpxtpx:TrackPointExtension><gpxtpx:hr>121</gpxtpx:hr></gpxtpx:TrackPointExtension></extensions></trkpt><trkpt lat="60.240338" lon="24.664667"><ele>25.3</ele><time>2026-03-12T07:52:39Z</time></trkpt><trkpt lat="60.240332" lon="24.664647"><ele>25.9</ele><time>2026-03-12T07:52:40Z</time></trkpt><trkpt lat="60.24032" lon="24.66456"><ele>25.6</ele><time>2026-03-12T07:52:41Z</time></trkpt><trkpt lat="60.240315" lon="24.664495"><ele>26.6</ele><time>2026-03-12T07:52:42Z</time></trkpt><trkpt lat="60.240302" lon="24.664445"><ele>26.0</ele><time>2026-03-12T07:52:43Z</time></trkpt><trkpt lat="60.24029" lon="24.664395"><ele>26.3</ele><time>2026-03-12T07:52:44Z</time></trkpt><trkpt lat="60.24028" lon="24.664328"><ele>26.3</ele><time>2026-03-12T07:52:45Z</time></trkpt><trkpt lat="60.240268" lon="24.664258"><ele>25.8</ele><time>2026-03-12T07:52:46Z</time><extensions><gpxtpx:TrackPointExtension><gpxtpx:hr>121</gpxtpx:hr></gpxtpx:TrackPointExtension></extensions></trkpt><trkpt lat="60.24026" lon="24.664233"><ele>27.2</ele><time>2026-03-12T07:52:47Z</time></trkpt><trkpt lat="60.240252" lon="24.66418"><ele>25.7</ele><time>2026-03-12T07:52:48Z</time></trkpt><trkpt lat="60.240243" lon="24.664127"><ele>26.2</ele><time>2026-03-12T07:52:49Z</time></trkpt><trkpt lat="60.240237" lon="24.664108"><ele>27.6</ele><time>2026-03-12T07:52:50Z</time></trkpt><trkpt lat="60.24023" lon="24.664033"><ele>28.2</ele><time>2026-03-12T07:52:51Z</time><extensions><gpxtpx:TrackPointExtension><gpxtpx:hr>120</gpxtpx:hr></gpxtpx:TrackPointExtension></extensions></trkpt><trkpt lat="60.240222" lon="24.663967"><ele>28.5</ele><time>2026-03-12T07:52:52Z</time></trkpt><trkpt lat="60.240213" lon="24.663925"><ele>28.7</ele><time>2026-03-12T07:52:53Z</time><extensions><gpxtpx:TrackPointExtension><gpxtpx:hr>120</gpxtpx:hr></gpxtpx:TrackPointExtension></extensions></trkpt><trkpt lat="60.24022" lon="24.663863"><ele>28.8</ele><time>2026-03-12T07:52:54Z</time></trkpt><trkpt lat="60.240208" lon="24.66382"><ele>29.1</ele><time>2026-03-12T07:52:55Z</time></trkpt><trkpt lat="60.240203" lon="24.663783"><ele>29.3</ele><time>2026-03-12T07:52:56Z</time></trkpt><trkpt lat="60.240192" lon="24.663748"><ele>29.0</ele><time>2026-03-12T07:52:57Z</time></trkpt><trkpt lat="60.240192" lon="24.663698"><ele>28.7</ele><time>2026-03-12T07:52:58Z</time><extensions><gpxtpx:TrackPointExtension><gpxtpx:hr>119</gpxtpx:hr></gpxtpx:TrackPointExtension></extensions></trkpt><trkpt lat="60.240182" lon="24.663652"><ele>29.7</ele><time>2026-03-12T07:52:59Z</time></trkpt><trkpt lat="60.240177" lon="24.663612"><ele>28.7</ele><time>2026-03-12T07:53:00Z</time></trkpt><trkpt lat="60.240167" lon="24.663552"><ele>28.8</ele><time>2026-03-12T07:53:01Z</time></trkpt><trkpt lat="60.240157" lon="24.663513"><ele>29.0</ele><time>2026-03-12T07:53:02Z</time></trkpt><trkpt lat="60.240158" lon="24.663462"><ele>29.6</ele><time>2026-03-12T07:53:03Z</time><extensions><gpxtpx:TrackPointExtension><gpxtpx:hr>119</gpxtpx:hr></gpxtpx:TrackPointExtension></extensions></trkpt><trkpt lat="60.240152" lon="24.663435"><ele>30.5</ele><time>2026-03-12T07:53:04Z</time></trkpt><trkpt lat="60.240157" lon="24.663383"><ele>29.0</ele><time>2026-03-12T07:53:05Z</time></trkpt><trkpt lat="60.240145" lon="24.663328"><ele>28.5</ele><time>2026-03-12T07:53:06Z</time></trkpt><trkpt lat="60.240138" lon="24.663277"><ele>28.4</ele><time>2026-03-12T07:53:07Z</time></trkpt><trkpt lat="60.240127" lon="24.663222"><ele>29.0</ele><time>2026-03-12T07:53:08Z</time></trkpt><trkpt lat="60.240117" lon="24.663172"><ele>28.9</ele><time>2026-03-12T07:53:09Z</time></trkpt><trkpt lat="60.24011" lon="24.663118"><ele>29.6</ele><time>2026-03-12T07:53:10Z</time></trkpt><trkpt lat="60.240107" lon="24.663052"><ele>29.5</ele><time>2026-03-12T07:53:11Z</time><extensions><gpxtpx:TrackPointExtension><gpxtpx:hr>123</gpxtpx:hr></gpxtpx:TrackPointExtension></extensions></trkpt><trkpt lat="60.240107" lon="24.662982"><ele>29.3</ele><time>2026-03-12T07:53:12Z</time></trkpt><trkpt lat="60.240107" lon="24.662912"><ele>28.8</ele><time>2026-03-12T07:53:13Z</time></trkpt><trkpt lat="60.24011" lon="24.662827"><ele>28.5</ele><time>2026-03-12T07:53:14Z</time><extensions><gpxtpx:TrackPointExtension><gpxtpx:hr>121</gpxtpx:hr></gpxtpx:TrackPointExtension></extensions></trkpt><trkpt lat="60.240105" lon="24.662747"><ele>28.6</ele><time>2026-03-12T07:53:15Z</time></trkpt><trkpt lat="60.240112" lon="24.662655"><ele>28.0</ele><time>2026-03-12T07:53:16Z</time></trkpt><trkpt lat="60.24013" lon="24.66256"><ele>28.5</ele><time>2026-03-12T07:53:17Z</time></trkpt><trkpt lat="60.240143" lon="24.662463"><ele>27.5</ele><time>2026-03-12T07:53:18Z</time></trkpt><trkpt lat="60.240148" lon="24.662362"><ele>26.9</ele><time>2026-03-12T07:53:19Z</time></trkpt><trkpt lat="60.240148" lon="24.662283"><ele>27.1</ele><time>2026-03-12T07:53:20Z</time><extensions><gpxtpx:TrackPointExtension><gpxtpx:hr>121</gpxtpx:hr></gpxtpx:TrackPointExtension></extensions></trkpt><trkpt lat="60.240155" lon="24.662172"><ele>26.6</ele><time>2026-03-12T07:53:21Z</time></trkpt><trkpt lat="60.24015" lon="24.662072"><ele>26.3</ele><time>2026-03-12T07:53:22Z</time></trkpt><trkpt lat="60.24015" lon="24.661978"><ele>26.2</ele><time>2026-03-12T07:53:23Z</time><extensions><gpxtpx:TrackPointExtension><gpxtpx:hr>120</gpxtpx:hr></gpxtpx:TrackPointExtension></extensions></trkpt><trkpt lat="60.240152" lon="24.661893"><ele>26.2</ele><time>2026-03-12T07:53:24Z</time></trkpt><trkpt lat="60.240158" lon="24.66182"><ele>25.4</ele><time>2026-03-12T07:53:25Z</time></trkpt><trkpt lat="60.240162" lon="24.661748"><ele>24.9</ele><time>2026-03-12T07:53:26Z</time></trkpt><trkpt lat="60.24016" lon="24.661677"><ele>25.1</ele><time>2026-03-12T07:53:27Z</time></trkpt><trkpt lat="60.240133" lon="24.661598"><ele>25.2</ele><time>2026-03-12T07:53:28Z</time></trkpt><trkpt lat="60.240137" lon="24.661528"><ele>25.8</ele><time>2026-03-12T07:53:29Z</time></trkpt><trkpt lat="60.240138" lon="24.661468"><ele>26.5</ele><time>2026-03-12T07:53:30Z</time></trkpt><trkpt lat="60.240138" lon="24.661373"><ele>27.1</ele><time>2026-03-12T07:53:31Z</time></trkpt><trkpt lat="60.24015" lon="24.661323"><ele>26.1</ele><time>2026-03-12T07:53:32Z</time><extensions><gpxtpx:TrackPointExtension><gpxtpx:hr>109</gpxtpx:hr></gpxtpx:TrackPointExtension></extensions></trkpt><trkpt lat="60.240133" lon="24.661255"><ele>26.7</ele><time>2026-03-12T07:53:33Z</time><extensions><gpxtpx:TrackPointExtension><gpxtpx:hr>109</gpxtpx:hr></gpxtpx:TrackPointExtension></extensions></trkpt><trkpt lat="60.240128" lon="24.661168"><ele>27.5</ele><time>2026-03-12T07:53:34Z</time></trkpt><trkpt lat="60.24013" lon="24.661088"><ele>27.7</ele><time>2026-03-12T07:53:35Z</time></trkpt><trkpt lat="60.240113" lon="24.66102"><ele>28.5</ele><time>2026-03-12T07:53:36Z</time></trkpt><trkpt lat="60.240132" lon="24.660968"><ele>27.2</ele><time>2026-03-12T07:53:37Z</time></trkpt><trkpt lat="60.240128" lon="24.66087"><ele>27.5</ele><time>2026-03-12T07:53:38Z</time><extensions><gpxtpx:TrackPointExtension><gpxtpx:hr>111</gpxtpx:hr></gpxtpx:TrackPointExtension></extensions></trkpt><trkpt lat="60.240127" lon="24.660803"><ele>26.6</ele><time>2026-03-12T07:53:39Z</time></trkpt><trkpt lat="60.240117" lon="24.660738"><ele>26.2</ele><time>2026-03-12T07:53:40Z</time></trkpt><trkpt lat="60.240125" lon="24.660655"><ele>26.9</ele><time>2026-03-12T07:53:41Z</time></trkpt><trkpt lat="60.240162" lon="24.660627"><ele>22.6</ele><time>2026-03-12T07:53:42Z</time></trkpt><trkpt lat="60.240158" lon="24.66056"><ele>22.5</ele><time>2026-03-12T07:53:43Z</time><extensions><gpxtpx:TrackPointExtension><gpxtpx:hr>114</gpxtpx:hr></gpxtpx:TrackPointExtension></extensions></trkpt><trkpt lat="60.240157" lon="24.660493"><ele>22.8</ele><time>2026-03-12T07:53:44Z</time></trkpt><trkpt lat="60.24016" lon="24.66042"><ele>23.5</ele><time>2026-03-12T07:53:45Z</time></trkpt><trkpt lat="60.240163" lon="24.660358"><ele>23.6</ele><time>2026-03-12T07:53:46Z</time></trkpt><trkpt lat="60.240152" lon="24.660298"><ele>23.9</ele><time>2026-03-12T07:53:47Z</time></trkpt><trkpt lat="60.240147" lon="24.660232"><ele>23.5</ele><time>2026-03-12T07:53:48Z</time><extensions><gpxtpx:TrackPointExtension><gpxtpx:hr>118</gpxtpx:hr></gpxtpx:TrackPointExtension></extensions></trkpt><trkpt lat="60.24014" lon="24.660163"><ele>23.5</ele><time>2026-03-12T07:53:49Z</time></trkpt><trkpt lat="60.24014" lon="24.660102"><ele>23.5</ele><time>2026-03-12T07:53:50Z</time></trkpt><trkpt lat="60.240143" lon="24.660028"><ele>24.1</ele><time>2026-03-12T07:53:51Z</time></trkpt><trkpt lat="60.24014" lon="24.659957"><ele>23.7</ele><time>2026-03-12T07:53:52Z</time></trkpt><trkpt lat="60.240145" lon="24.65989"><ele>23.5</ele><time>2026-03-12T07:53:53Z</time><extensions><gpxtpx:TrackPointExtension><gpxtpx:hr>122</gpxtpx:hr></gpxtpx:TrackPointExtension></extensions></trkpt><trkpt lat="60.240142" lon="24.659817"><ele>23.8</ele><time>2026-03-12T07:53:54Z</time></trkpt><trkpt lat="60.240143" lon="24.659753"><ele>24.1</ele><time>2026-03-12T07:53:55Z</time></trkpt><trkpt lat="60.240137" lon="24.659677"><ele>24.2</ele><time>2026-03-12T07:53:56Z</time></trkpt><trkpt lat="60.240133" lon="24.659613"><ele>24.1</ele><time>2026-03-12T07:53:57Z</time></trkpt><trkpt lat="60.24014" lon="24.659545"><ele>24.2</ele><time>2026-03-12T07:53:58Z</time></trkpt><trkpt lat="60.240137" lon="24.659485"><ele>24.6</ele><time>2026-03-12T07:53:59Z</time></trkpt><trkpt lat="60.24013" lon="24.659417"><ele>24.6</ele><time>2026-03-12T07:54:00Z</time></trkpt><trkpt lat="60.24013" lon="24.659353"><ele>24.6</ele><time>2026-03-12T07:54:01Z</time></trkpt><trkpt lat="60.24013" lon="24.659298"><ele>25.1</ele><time>2026-03-12T07:54:02Z</time><extensions><gpxtpx:TrackPointExtension><gpxtpx:hr>128</gpxtpx:hr></gpxtpx:TrackPointExtension></extensions></trkpt><trkpt lat="60.240128" lon="24.659243"><ele>25.0</ele><time>2026-03-12T07:54:03Z</time></trkpt><trkpt lat="60.240125" lon="24.659188"><ele>25.2</ele><time>2026-03-12T07:54:04Z</time></trkpt><trkpt lat="60.240062" lon="24.659607"><ele>29.2</ele><time>2026-03-12T07:54:09Z</time><extensions><gpxtpx:TrackPointExtension><gpxtpx:hr>129</gpxtpx:hr></gpxtpx:TrackPointExtension></extensions></trkpt><trkpt lat="60.240062" lon="24.659607"><ele>29.2</ele><time>2026-03-12T07:54:09Z</time><extensions><gpxtpx:TrackPointExtension><gpxtpx:hr>130</gpxtpx:hr></gpxtpx:TrackPointExtension></extensions></trkpt><trkpt lat="60.240083" lon="24.65878"><ele>17.0</ele><time>2026-03-12T07:54:10Z</time></trkpt><trkpt lat="60.240097" lon="24.658702"><ele>19.8</ele><time>2026-03-12T07:54:11Z</time></trkpt><trkpt lat="60.240143" lon="24.658343"><ele>24.2</ele><time>2026-03-12T07:54:20Z</time><extensions><gpxtpx:TrackPointExtension><gpxtpx:hr>130</gpxtpx:hr></gpxtpx:TrackPointExtension></extensions></trkpt><trkpt lat="60.240143" lon="24.658343"><ele>24.2</ele><time>2026-03-12T07:54:18Z</time><extensions><gpxtpx:TrackPointExtension><gpxtpx:hr>129</gpxtpx:hr></gpxtpx:TrackPointExtension></extensions></trkpt><trkpt lat="60.240147" lon="24.658288"><ele>25.2</ele><time>2026-03-12T07:54:21Z</time></trkpt><trkpt lat="60.24015" lon="24.658268"><ele>25.5</ele><time>2026-03-12T07:54:21Z</time></trkpt><trkpt lat="60.240153" lon="24.65831"><ele>26.0</ele><time>2026-03-12T07:54:22Z</time></trkpt><trkpt lat="60.240158" lon="24.658262"><ele>26.7</ele><time>2026-03-12T07:54:23Z</time></trkpt><trkpt lat="60.240168" lon="24.658158"><ele>26.7</ele><time>2026-03-12T07:54:24Z</time></trkpt><trkpt lat="60.240182" lon="24.658085"><ele>27.4</ele><time>2026-03-12T07:54:25Z</time></trkpt><trkpt lat="60.240188" lon="24.658043"><ele>28.3</ele><time>2026-03-12T07:54:26Z</time></trkpt><trkpt lat="60.240188" lon="24.657993"><ele>28.5</ele><time>2026-03-12T07:54:27Z</time></trkpt><trkpt lat="60.240198" lon="24.657933"><ele>28.3</ele><time>2026-03-12T07:54:28Z</time></trkpt><trkpt lat="60.240208" lon="24.657893"><ele>28.2</ele><time>2026-03-12T07:54:29Z</time></trkpt><trkpt lat="60.240215" lon="24.657862"><ele>28.2</ele><time>2026-03-12T07:54:30Z</time></trkpt><trkpt lat="60.240218" lon="24.65781"><ele>28.2</ele><time>2026-03-12T07:54:31Z</time></trkpt><trkpt lat="60.240233" lon="24.657697"><ele>28.4</ele><time>2026-03-12T07:54:32Z</time></trkpt><trkpt lat="60.240245" lon="24.657638"><ele>28.7</ele><time>2026-03-12T07:54:33Z</time></trkpt><trkpt lat="60.240257" lon="24.657583"><ele>28.8</ele><time>2026-03-12T07:54:34Z</time></trkpt><trkpt lat="60.240268" lon="24.657535"><ele>28.9</ele><time>2026-03-12T07:54:35Z</time></trkpt><trkpt lat="60.240277" lon="24.657485"><ele>28.8</ele><time>2026-03-12T07:54:36Z</time></trkpt><trkpt lat="60.240292" lon="24.657432"><ele>29.0</ele><time>2026-03-12T07:54:37Z</time></trkpt><trkpt lat="60.240307" lon="24.657378"><ele>29.4</ele><time>2026-03-12T07:54:38Z</time></trkpt><trkpt lat="60.240323" lon="24.65733"><ele>29.6</ele><time>2026-03-12T07:54:39Z</time></trkpt><trkpt lat="60.240318" lon="24.657383"><ele>23.3</ele><time>2026-03-12T07:54:40Z</time></trkpt><trkpt lat="60.240343" lon="24.657352"><ele>23.1</ele><time>2026-03-12T07:54:41Z</time></trkpt><trkpt lat="60.240377" lon="24.657295"><ele>25.1</ele><time>2026-03-12T07:54:42Z</time></trkpt><trkpt lat="60.24041" lon="24.657278"><ele>25.6</ele><time>2026-03-12T07:54:43Z</time></trkpt><trkpt lat="60.240433" lon="24.657263"><ele>25.9</ele><time>2026-03-12T07:54:44Z</time></trkpt><trkpt lat="60.240462" lon="24.657262"><ele>25.3</ele><time>2026-03-12T07:54:45Z</time></trkpt><trkpt lat="60.24049" lon="24.657272"><ele>25.4</ele><time>2026-03-12T07:54:46Z</time></trkpt><trkpt lat="60.24052" lon="24.657278"><ele>25.7</ele><time>2026-03-12T07:54:47Z</time></trkpt><trkpt lat="60.240537" lon="24.657285"><ele>26.5</ele><time>2026-03-12T07:54:48Z</time></trkpt><trkpt lat="60.240565" lon="24.657285"><ele>26.6</ele><time>2026-03-12T07:54:49Z</time></trkpt><trkpt lat="60.240587" lon="24.6573"><ele>26.6</ele><time>2026-03-12T07:54:50Z</time></trkpt><trkpt lat="60.240615" lon="24.657308"><ele>26.7</ele><time>2026-03-12T07:54:51Z</time></trkpt><trkpt lat="60.240642" lon="24.657325"><ele>27.2</ele><time>2026-03-12T07:54:52Z</time></trkpt><trkpt lat="60.240662" lon="24.657338"><ele>26.5</ele><time>2026-03-12T07:54:53Z</time></trkpt><trkpt lat="60.240683" lon="24.657345"><ele>26.1</ele><time>2026-03-12T07:54:54Z</time></trkpt><trkpt lat="60.240707" lon="24.657363"><ele>26.9</ele><time>2026-03-12T07:54:55Z</time></trkpt><trkpt lat="60.240732" lon="24.657378"><ele>27.4</ele><time>2026-03-12T07:54:56Z</time></trkpt><trkpt lat="60.240763" lon="24.657387"><ele>27.3</ele><time>2026-03-12T07:54:57Z</time></trkpt><trkpt lat="60.240787" lon="24.6574"><ele>27.2</ele><time>2026-03-12T07:54:58Z</time></trkpt><trkpt lat="60.24081" lon="24.657405"><ele>27.4</ele><time>2026-03-12T07:54:59Z</time></trkpt><trkpt lat="60.240833" lon="24.657423"><ele>27.5</ele><time>2026-03-12T07:55:00Z</time></trkpt><trkpt lat="60.240847" lon="24.657437"><ele>27.1</ele><time>2026-03-12T07:55:01Z</time></trkpt><trkpt lat="60.24087" lon="24.657443"><ele>26.7</ele><time>2026-03-12T07:55:02Z</time><extensions><gpxtpx:TrackPointExtension><gpxtpx:hr>133</gpxtpx:hr></gpxtpx:TrackPointExtension></extensions></trkpt><trkpt lat="60.240898" lon="24.657458"><ele>27.7</ele><time>2026-03-12T07:55:03Z</time><extensions><gpxtpx:TrackPointExtension><gpxtpx:hr>133</gpxtpx:hr></gpxtpx:TrackPointExtension></extensions></trkpt><trkpt lat="60.240927" lon="24.657467"><ele>27.7</ele><time>2026-03-12T07:55:04Z</time></trkpt><trkpt lat="60.240948" lon="24.657475"><ele>27.3</ele><time>2026-03-12T07:55:05Z</time></trkpt><trkpt lat="60.240977" lon="24.657497"><ele>27.4</ele><time>2026-03-12T07:55:06Z</time></trkpt><trkpt lat="60.241002" lon="24.657523"><ele>27.4</ele><time>2026-03-12T07:55:07Z</time></trkpt><trkpt lat="60.241027" lon="24.657537"><ele>28.1</ele><time>2026-03-12T07:55:08Z</time></trkpt><trkpt lat="60.241048" lon="24.657558"><ele>27.7</ele><time>2026-03-12T07:55:09Z</time></trkpt><trkpt lat="60.241068" lon="24.657585"><ele>27.4</ele><time>2026-03-12T07:55:10Z</time></trkpt><trkpt lat="60.241092" lon="24.657605"><ele>27.8</ele><time>2026-03-12T07:55:11Z</time></trkpt><trkpt lat="60.241107" lon="24.657628"><ele>27.5</ele><time>2026-03-12T07:55:12Z</time></trkpt><trkpt lat="60.241137" lon="24.657642"><ele>28.0</ele><time>2026-03-12T07:55:13Z</time></trkpt><trkpt lat="60.241153" lon="24.65767"><ele>28.6</ele><time>2026-03-12T07:55:14Z</time></trkpt><trkpt lat="60.241173" lon="24.657687"><ele>28.7</ele><time>2026-03-12T07:55:15Z</time></trkpt><trkpt lat="60.241202" lon="24.657678"><ele>28.4</ele><time>2026-03-12T07:55:16Z</time></trkpt><trkpt lat="60.241223" lon="24.657673"><ele>28.8</ele><time>2026-03-12T07:55:17Z</time></trkpt><trkpt lat="60.241255" lon="24.657673"><ele>29.3</ele><time>2026-03-12T07:55:18Z</time></trkpt><trkpt lat="60.241278" lon="24.657662"><ele>29.0</ele><time>2026-03-12T07:55:19Z</time></trkpt><trkpt lat="60.241303" lon="24.657658"><ele>29.7</ele><time>2026-03-12T07:55:20Z</time></trkpt><trkpt lat="60.241328" lon="24.65763"><ele>29.9</ele><time>2026-03-12T07:55:21Z</time></trkpt><trkpt lat="60.24134" lon="24.657607"><ele>29.9</ele><time>2026-03-12T07:55:22Z</time></trkpt><trkpt lat="60.241363" lon="24.657592"><ele>30.7</ele><time>2026-03-12T07:55:23Z</time></trkpt><trkpt lat="60.241385" lon="24.657578"><ele>30.2</ele><time>2026-03-12T07:55:24Z</time></trkpt><trkpt lat="60.2414" lon="24.657535"><ele>31.1</ele><time>2026-03-12T07:55:25Z</time></trkpt><trkpt lat="60.241418" lon="24.657502"><ele>31.3</ele><time>2026-03-12T07:55:26Z</time></trkpt><trkpt lat="60.241438" lon="24.657457"><ele>31.3</ele><time>2026-03-12T07:55:27Z</time></trkpt><trkpt lat="60.241445" lon="24.657413"><ele>31.0</ele><time>2026-03-12T07:55:28Z</time></trkpt><trkpt lat="60.24145" lon="24.657375"><ele>31.5</ele><time>2026-03-12T07:55:29Z</time></trkpt><trkpt lat="60.241447" lon="24.657337"><ele>30.9</ele><time>2026-03-12T07:55:30Z</time></trkpt><trkpt lat="60.241438" lon="24.657305"><ele>30.8</ele><time>2026-03-12T07:55:31Z</time></trkpt><trkpt lat="60.241425" lon="24.657283"><ele>30.0</ele><time>2026-03-12T07:55:32Z</time></trkpt><trkpt lat="60.241415" lon="24.65726"><ele>29.8</ele><time>2026-03-12T07:55:33Z</time></trkpt><trkpt lat="60.241407" lon="24.65724"><ele>30.2</ele><time>2026-03-12T07:55:34Z</time></trkpt><trkpt lat="60.241395" lon="24.657227"><ele>29.8</ele><time>2026-03-12T07:55:35Z</time></trkpt><trkpt lat="60.240855" lon="24.657343"><ele>27.2</ele><time>2026-03-12T07:55:49Z</time><extensions><gpxtpx:TrackPointExtension><gpxtpx:hr>130</gpxtpx:hr></gpxtpx:TrackPointExtension></extensions></trkpt><trkpt lat="60.240855" lon="24.657343"><ele>27.2</ele><time>2026-03-12T07:55:40Z</time><extensions><gpxtpx:TrackPointExtension><gpxtpx:hr>127</gpxtpx:hr></gpxtpx:TrackPointExtension></extensions></trkpt><trkpt lat="60.240855" lon="24.657343"><ele>27.2</ele><time>2026-03-12T07:55:47Z</time><extensions><gpxtpx:TrackPointExtension><gpxtpx:hr>124</gpxtpx:hr></gpxtpx:TrackPointExtension></extensions></trkpt><trkpt lat="60.240857" lon="24.657328"><ele>27.2</ele><time>2026-03-12T07:55:50Z</time></trkpt><trkpt lat="60.24084" lon="24.65733"><ele>27.2</ele><time>2026-03-12T07:55:51Z</time><extensions><gpxtpx:TrackPointExtension><gpxtpx:hr>120</gpxtpx:hr></gpxtpx:TrackPointExtension></extensions></trkpt><trkpt lat="60.240835" lon="24.657312"><ele>27.2</ele><time>2026-03-12T07:55:52Z</time></trkpt><trkpt lat="60.240825" lon="24.657302"><ele>27.2</ele><time>2026-03-12T07:55:53Z</time><extensions><gpxtpx:TrackPointExtension><gpxtpx:hr>118</gpxtpx:hr></gpxtpx:TrackPointExtension></extensions></trkpt><trkpt lat="60.240817" lon="24.657288"><ele>27.2</ele><time>2026-03-12T07:55:54Z</time></trkpt><trkpt lat="60.240803" lon="24.65728"><ele>27.2</ele><time>2026-03-12T07:55:55Z</time></trkpt><trkpt lat="60.24079" lon="24.657275"><ele>27.2</ele><time>2026-03-12T07:55:56Z</time></trkpt><trkpt lat="60.240772" lon="24.657268"><ele>27.2</ele><time>2026-03-12T07:55:57Z</time></trkpt><trkpt lat="60.24075" lon="24.657267"><ele>27.1</ele><time>2026-03-12T07:55:58Z</time></trkpt><trkpt lat="60.24073" lon="24.65727"><ele>27.2</ele><time>2026-03-12T07:55:59Z</time></trkpt><trkpt lat="60.240713" lon="24.657272"><ele>27.2</ele><time>2026-03-12T07:56:00Z</time></trkpt><trkpt lat="60.240697" lon="24.657272"><ele>27.2</ele><time>2026-03-12T07:56:01Z</time></trkpt><trkpt lat="60.240712" lon="24.657237"><ele>27.1</ele><time>2026-03-12T07:56:02Z</time><extensions><gpxtpx:TrackPointExtension><gpxtpx:hr>114</gpxtpx:hr></gpxtpx:TrackPointExtension></extensions></trkpt><trkpt lat="60.240717" lon="24.657183"><ele>23.6</ele><time>2026-03-12T07:56:03Z</time></trkpt><trkpt lat="60.24066" lon="24.657207"><ele>24.1</ele><time>2026-03-12T07:56:04Z</time></trkpt><trkpt lat="60.24063" lon="24.657217"><ele>24.1</ele><time>2026-03-12T07:56:05Z</time></trkpt><trkpt lat="60.240585" lon="24.657225"><ele>24.4</ele><time>2026-03-12T07:56:06Z</time><extensions><gpxtpx:TrackPointExtension><gpxtpx:hr>113</gpxtpx:hr></gpxtpx:TrackPointExtension></extensions></trkpt><trkpt lat="60.240542" lon="24.65723"><ele>24.4</ele><time>2026-03-12T07:56:07Z</time></trkpt><trkpt lat="60.240508" lon="24.657242"><ele>24.3</ele><time>2026-03-12T07:56:08Z</time><extensions><gpxtpx:TrackPointExtension><gpxtpx:hr>113</gpxtpx:hr></gpxtpx:TrackPointExtension></extensions></trkpt><trkpt lat="60.240465" lon="24.657247"><ele>24.3</ele><time>2026-03-12T07:56:09Z</time></trkpt><trkpt lat="60.24042" lon="24.657247"><ele>24.0</ele><time>2026-03-12T07:56:10Z</time></trkpt><trkpt lat="60.240377" lon="24.657248"><ele>21.5</ele><time>2026-03-12T07:56:11Z</time></trkpt><trkpt lat="60.240335" lon="24.65726"><ele>22.6</ele><time>2026-03-12T07:56:12Z</time></trkpt><trkpt lat="60.240292" lon="24.657302"><ele>21.9</ele><time>2026-03-12T07:56:13Z</time><extensions><gpxtpx:TrackPointExtension><gpxtpx:hr>111</gpxtpx:hr></gpxtpx:TrackPointExtension></extensions></trkpt><trkpt lat="60.240265" lon="24.657357"><ele>22.1</ele><time>2026-03-12T07:56:14Z</time></trkpt><trkpt lat="60.240243" lon="24.657422"><ele>22.1</ele><time>2026-03-12T07:56:15Z</time></trkpt><trkpt lat="60.240232" lon="24.657492"><ele>22.7</ele><time>2026-03-12T07:56:16Z</time></trkpt><trkpt lat="60.240217" lon="24.657557"><ele>22.5</ele><time>2026-03-12T07:56:17Z</time></trkpt><trkpt lat="60.240205" lon="24.657622"><ele>22.6</ele><time>2026-03-12T07:56:18Z</time><extensions><gpxtpx:TrackPointExtension><gpxtpx:hr>110</gpxtpx:hr></gpxtpx:TrackPointExtension></extensions></trkpt><trkpt lat="60.240193" lon="24.657683"><ele>23.1</ele><time>2026-03-12T07:56:19Z</time></trkpt><trkpt lat="60.24018" lon="24.657755"><ele>23.1</ele><time>2026-03-12T07:56:20Z</time></trkpt><trkpt lat="60.24017" lon="24.657827"><ele>23.1</ele><time>2026-03-12T07:56:21Z</time></trkpt><trkpt lat="60.240158" lon="24.657885"><ele>23.2</ele><time>2026-03-12T07:56:22Z</time></trkpt><trkpt lat="60.240148" lon="24.657952"><ele>23.4</ele><time>2026-03-12T07:56:23Z</time><extensions><gpxtpx:TrackPointExtension><gpxtpx:hr>110</gpxtpx:hr></gpxtpx:TrackPointExtension></extensions></trkpt><trkpt lat="60.240138" lon="24.65802"><ele>23.4</ele><time>2026-03-12T07:56:24Z</time></trkpt><trkpt lat="60.240128" lon="24.658092"><ele>24.3</ele><time>2026-03-12T07:56:25Z</time></trkpt><trkpt lat="60.240117" lon="24.658158"><ele>24.3</ele><time>2026-03-12T07:56:26Z</time></trkpt><trkpt lat="60.240108" lon="24.658233"><ele>24.1</ele><time>2026-03-12T07:56:27Z</time></trkpt><trkpt lat="60.240098" lon="24.658302"><ele>23.7</ele><time>2026-03-12T07:56:28Z</time><extensions><gpxtpx:TrackPointExtension><gpxtpx:hr>111</gpxtpx:hr></gpxtpx:TrackPointExtension></extensions></trkpt><trkpt lat="60.24009" lon="24.658362"><ele>23.6</ele><time>2026-03-12T07:56:29Z</time></trkpt><trkpt lat="60.24008" lon="24.658437"><ele>23.6</ele><time>2026-03-12T07:56:30Z</time></trkpt><trkpt lat="60.240072" lon="24.658498"><ele>22.0</ele><time>2026-03-12T07:56:31Z</time></trkpt><trkpt lat="60.240067" lon="24.658582"><ele>22.5</ele><time>2026-03-12T07:56:32Z</time></trkpt><trkpt lat="60.24006" lon="24.658652"><ele>23.0</ele><time>2026-03-12T07:56:33Z</time></trkpt><trkpt lat="60.240057" lon="24.658727"><ele>23.1</ele><time>2026-03-12T07:56:34Z</time></trkpt><trkpt lat="60.240093" lon="24.659935"><ele>25.3</ele><time>2026-03-12T07:56:52Z</time><extensions><gpxtpx:TrackPointExtension><gpxtpx:hr>110</gpxtpx:hr></gpxtpx:TrackPointExtension></extensions></trkpt><trkpt lat="60.240093" lon="24.659935"><ele>25.3</ele><time>2026-03-12T07:56:40Z</time><extensions><gpxtpx:TrackPointExtension><gpxtpx:hr>110</gpxtpx:hr></gpxtpx:TrackPointExtension></extensions></trkpt><trkpt lat="60.240093" lon="24.659935"><ele>25.3</ele><time>2026-03-12T07:56:43Z</time><extensions><gpxtpx:TrackPointExtension><gpxtpx:hr>110</gpxtpx:hr></gpxtpx:TrackPointExtension></extensions></trkpt><trkpt lat="60.240093" lon="24.659935"><ele>25.3</ele><time>2026-03-12T07:56:52Z</time><extensions><gpxtpx:TrackPointExtension><gpxtpx:hr>115</gpxtpx:hr></gpxtpx:TrackPointExtension></extensions></trkpt><trkpt lat="60.2401" lon="24.659997"><ele>26.4</ele><time>2026-03-12T07:56:53Z</time><extensions><gpxtpx:TrackPointExtension><gpxtpx:hr>114</gpxtpx:hr></gpxtpx:TrackPointExtension></extensions></trkpt><trkpt lat="60.240098" lon="24.660107"><ele>26.4</ele><time>2026-03-12T07:56:54Z</time></trkpt><trkpt lat="60.240107" lon="24.660175"><ele>26.7</ele><time>2026-03-12T07:56:55Z</time></trkpt><trkpt lat="60.240107" lon="24.660213"><ele>28.8</ele><time>2026-03-12T07:56:56Z</time></trkpt><trkpt lat="60.240103" lon="24.660272"><ele>29.9</ele><time>2026-03-12T07:56:58Z</time><extensions><gpxtpx:TrackPointExtension><gpxtpx:hr>113</gpxtpx:hr></gpxtpx:TrackPointExtension></extensions></trkpt><trkpt lat="60.240107" lon="24.660333"><ele>29.9</ele><time>2026-03-12T07:56:59Z</time></trkpt><trkpt lat="60.240107" lon="24.6604"><ele>29.7</ele><time>2026-03-12T07:57:00Z</time></trkpt><trkpt lat="60.240107" lon="24.660443"><ele>30.1</ele><time>2026-03-12T07:57:01Z</time></trkpt><trkpt lat="60.24011" lon="24.6605"><ele>30.3</ele><time>2026-03-12T07:57:02Z</time></trkpt><trkpt lat="60.240113" lon="24.660545"><ele>30.4</ele><time>2026-03-12T07:57:03Z</time></trkpt><trkpt lat="60.240103" lon="24.66075"><ele>30.6</ele><time>2026-03-12T07:57:04Z</time></trkpt><trkpt lat="60.240105" lon="24.6608"><ele>29.8</ele><time>2026-03-12T07:57:05Z</time></trkpt><trkpt lat="60.240105" lon="24.66086"><ele>30.8</ele><time>2026-03-12T07:57:06Z</time></trkpt><trkpt lat="60.240107" lon="24.660912"><ele>30.8</ele><time>2026-03-12T07:57:07Z</time><extensions><gpxtpx:TrackPointExtension><gpxtpx:hr>114</gpxtpx:hr></gpxtpx:TrackPointExtension></extensions></trkpt><trkpt lat="60.240107" lon="24.660965"><ele>30.2</ele><time>2026-03-12T07:57:08Z</time><extensions><gpxtpx:TrackPointExtension><gpxtpx:hr>114</gpxtpx:hr></gpxtpx:TrackPointExtension></extensions></trkpt><trkpt lat="60.240107" lon="24.661018"><ele>29.7</ele><time>2026-03-12T07:57:09Z</time></trkpt><trkpt lat="60.240105" lon="24.661082"><ele>29.2</ele><time>2026-03-12T07:57:10Z</time></trkpt><trkpt lat="60.240103" lon="24.661138"><ele>29.1</ele><time>2026-03-12T07:57:11Z</time></trkpt><trkpt lat="60.240102" lon="24.661197"><ele>29.1</ele><time>2026-03-12T07:57:12Z</time></trkpt><trkpt lat="60.240102" lon="24.661258"><ele>28.3</ele><time>2026-03-12T07:57:13Z</time><extensions><gpxtpx:TrackPointExtension><gpxtpx:hr>115</gpxtpx:hr></gpxtpx:TrackPointExtension></extensions></trkpt><trkpt lat="60.240127" lon="24.661377"><ele>23.2</ele><time>2026-03-12T07:57:13Z</time></trkpt><trkpt lat="60.24013" lon="24.661445"><ele>23.3</ele><time>2026-03-12T07:57:14Z</time></trkpt><trkpt lat="60.240127" lon="24.661493"><ele>22.9</ele><time>2026-03-12T07:57:15Z</time></trkpt><trkpt lat="60.240128" lon="24.661557"><ele>22.9</ele><time>2026-03-12T07:57:16Z</time></trkpt><trkpt lat="60.240132" lon="24.661623"><ele>22.8</ele><time>2026-03-12T07:57:17Z</time></trkpt><trkpt lat="60.24013" lon="24.661687"><ele>23.1</ele><time>2026-03-12T07:57:18Z</time></trkpt><trkpt lat="60.240127" lon="24.661752"><ele>23.3</ele><time>2026-03-12T07:57:19Z</time></trkpt><trkpt lat="60.240122" lon="24.661815"><ele>23.4</ele><time>2026-03-12T07:57:20Z</time></trkpt><trkpt lat="60.24012" lon="24.661863"><ele>23.7</ele><time>2026-03-12T07:57:21Z</time></trkpt><trkpt lat="60.240122" lon="24.661918"><ele>24.1</ele><time>2026-03-12T07:57:22Z</time><extensions><gpxtpx:TrackPointExtension><gpxtpx:hr>114</gpxtpx:hr></gpxtpx:TrackPointExtension></extensions></trkpt><trkpt lat="60.240122" lon="24.66197"><ele>24.2</ele><time>2026-03-12T07:57:23Z</time></trkpt><trkpt lat="60.240127" lon="24.662035"><ele>24.0</ele><time>2026-03-12T07:57:24Z</time></trkpt><trkpt lat="60.240137" lon="24.662088"><ele>24.3</ele><time>2026-03-12T07:57:25Z</time></trkpt><trkpt lat="60.240137" lon="24.662137"><ele>23.7</ele><time>2026-03-12T07:57:26Z</time></trkpt><trkpt lat="60.24014" lon="24.662198"><ele>24.0</ele><time>2026-03-12T07:57:27Z</time><extensions><gpxtpx:TrackPointExtension><gpxtpx:hr>116</gpxtpx:hr></gpxtpx:TrackPointExtension></extensions></trkpt><trkpt lat="60.240148" lon="24.662252"><ele>23.9</ele><time>2026-03-12T07:57:28Z</time></trkpt><trkpt lat="60.240152" lon="24.662308"><ele>24.1</ele><time>2026-03-12T07:57:29Z</time></trkpt><trkpt lat="60.240152" lon="24.662365"><ele>24.2</ele><time>2026-03-12T07:57:30Z</time></trkpt><trkpt lat="60.240148" lon="24.662423"><ele>24.4</ele><time>2026-03-12T07:57:31Z</time></trkpt><trkpt lat="60.24015" lon="24.662482"><ele>24.6</ele><time>2026-03-12T07:57:32Z</time><extensions><gpxtpx:TrackPointExtension><gpxtpx:hr>117</gpxtpx:hr></gpxtpx:TrackPointExtension></extensions></trkpt><trkpt lat="60.240157" lon="24.66255"><ele>24.6</ele><time>2026-03-12T07:57:33Z</time><extensions><gpxtpx:TrackPointExtension><gpxtpx:hr>117</gpxtpx:hr></gpxtpx:TrackPointExtension></extensions></trkpt><trkpt lat="60.240157" lon="24.662602"><ele>24.5</ele><time>2026-03-12T07:57:34Z</time></trkpt><trkpt lat="60.240157" lon="24.662655"><ele>24.5</ele><time>2026-03-12T07:57:35Z</time></trkpt><trkpt lat="60.24015" lon="24.662712"><ele>25.1</ele><time>2026-03-12T07:57:36Z</time></trkpt><trkpt lat="60.240147" lon="24.662773"><ele>24.9</ele><time>2026-03-12T07:57:37Z</time></trkpt><trkpt lat="60.240138" lon="24.66282"><ele>25.4</ele><time>2026-03-12T07:57:38Z</time></trkpt><trkpt lat="60.240133" lon="24.66288"><ele>25.3</ele><time>2026-03-12T07:57:39Z</time></trkpt><trkpt lat="60.240127" lon="24.662937"><ele>25.9</ele><time>2026-03-12T07:57:40Z</time><extensions><gpxtpx:TrackPointExtension><gpxtpx:hr>117</gpxtpx:hr></gpxtpx:TrackPointExtension></extensions></trkpt><trkpt lat="60.240125" lon="24.663002"><ele>25.9</ele><time>2026-03-12T07:57:41Z</time></trkpt><trkpt lat="60.240128" lon="24.663058"><ele>25.9</ele><time>2026-03-12T07:57:42Z</time></trkpt><trkpt lat="60.240135" lon="24.66311"><ele>26.3</ele><time>2026-03-12T07:57:43Z</time></trkpt><trkpt lat="60.240137" lon="24.663187"><ele>28.3</ele><time>2026-03-12T07:57:44Z</time></trkpt><trkpt lat="60.240142" lon="24.66323"><ele>26.4</ele><time>2026-03-12T07:57:45Z</time><extensions><gpxtpx:TrackPointExtension><gpxtpx:hr>119</gpxtpx:hr></gpxtpx:TrackPointExtension></extensions></trkpt><trkpt lat="60.24014" lon="24.663278"><ele>26.4</ele><time>2026-03-12T07:57:46Z</time></trkpt><trkpt lat="60.240153" lon="24.663347"><ele>27.8</ele><time>2026-03-12T07:57:47Z</time></trkpt><trkpt lat="60.240158" lon="24.66339"><ele>26.6</ele><time>2026-03-12T07:57:48Z</time></trkpt><trkpt lat="60.240162" lon="24.663463"><ele>27.5</ele><time>2026-03-12T07:57:49Z</time></trkpt><trkpt lat="60.240165" lon="24.663517"><ele>27.1</ele><time>2026-03-12T07:57:50Z</time></trkpt><trkpt lat="60.240173" lon="24.663563"><ele>26.4</ele><time>2026-03-12T07:57:51Z</time></trkpt><trkpt lat="60.240182" lon="24.663612"><ele>25.8</ele><time>2026-03-12T07:57:52Z</time><extensions><gpxtpx:TrackPointExtension><gpxtpx:hr>120</gpxtpx:hr></gpxtpx:TrackPointExtension></extensions></trkpt><trkpt lat="60.240192" lon="24.66368"><ele>25.9</ele><time>2026-03-12T07:57:53Z</time></trkpt><trkpt lat="60.240197" lon="24.663745"><ele>26.2</ele><time>2026-03-12T07:57:54Z</time><extensions><gpxtpx:TrackPointExtension><gpxtpx:hr>119</gpxtpx:hr></gpxtpx:TrackPointExtension></extensions></trkpt><trkpt lat="60.240205" lon="24.663805"><ele>25.7</ele><time>2026-03-12T07:57:55Z</time></trkpt><trkpt lat="60.240213" lon="24.663868"><ele>25.6</ele><time>2026-03-12T07:57:56Z</time></trkpt><trkpt lat="60.240222" lon="24.663922"><ele>24.8</ele><time>2026-03-12T07:57:57Z</time></trkpt><trkpt lat="60.240228" lon="24.663982"><ele>25.1</ele><time>2026-03-12T07:57:58Z</time></trkpt><trkpt lat="60.240237" lon="24.66406"><ele>25.0</ele><time>2026-03-12T07:57:59Z</time><extensions><gpxtpx:TrackPointExtension><gpxtpx:hr>119</gpxtpx:hr></gpxtpx:TrackPointExtension></extensions></trkpt><trkpt lat="60.240247" lon="24.664128"><ele>25.6</ele><time>2026-03-12T07:58:00Z</time></trkpt><trkpt lat="60.240258" lon="24.664198"><ele>25.1</ele><time>2026-03-12T07:58:01Z</time></trkpt><trkpt lat="60.240265" lon="24.664262"><ele>24.9</ele><time>2026-03-12T07:58:02Z</time></trkpt><trkpt lat="60.240278" lon="24.664332"><ele>24.2</ele><time>2026-03-12T07:58:03Z</time></trkpt><trkpt lat="60.240288" lon="24.664412"><ele>24.4</ele><time>2026-03-12T07:58:04Z</time></trkpt><trkpt lat="60.240298" lon="24.664477"><ele>24.9</ele><time>2026-03-12T07:58:05Z</time></trkpt><trkpt lat="60.240302" lon="24.664523"><ele>25.1</ele><time>2026-03-12T07:58:06Z</time><extensions><gpxtpx:TrackPointExtension><gpxtpx:hr>129</gpxtpx:hr></gpxtpx:TrackPointExtension></extensions></trkpt><trkpt lat="60.240308" lon="24.664555"><ele>25.3</ele><time>2026-03-12T07:58:07Z</time></trkpt><trkpt lat="60.240322" lon="24.66462"><ele>24.8</ele><time>2026-03-12T07:58:08Z</time></trkpt><trkpt lat="60.240327" lon="24.664675"><ele>24.8</ele><time>2026-03-12T07:58:09Z</time></trkpt><trkpt lat="60.240327" lon="24.664733"><ele>25.4</ele><time>2026-03-12T07:58:10Z</time></trkpt><trkpt lat="60.240323" lon="24.664788"><ele>25.3</ele><time>2026-03-12T07:58:11Z</time><extensions><gpxtpx:TrackPointExtension><gpxtpx:hr>126</gpxtpx:hr></gpxtpx:TrackPointExtension></extensions></trkpt><trkpt lat="60.240315" lon="24.664812"><ele>25.1</ele><time>2026-03-12T07:58:12Z</time></trkpt><trkpt lat="60.240298" lon="24.664853"><ele>24.5</ele><time>2026-03-12T07:58:13Z</time><extensions><gpxtpx:TrackPointExtension><gpxtpx:hr>126</gpxtpx:hr></gpxtpx:TrackPointExtension></extensions></trkpt><trkpt lat="60.240277" lon="24.664875"><ele>24.9</ele><time>2026-03-12T07:58:14Z</time></trkpt><trkpt lat="60.240253" lon="24.664892"><ele>24.1</ele><time>2026-03-12T07:58:15Z</time></trkpt><trkpt lat="60.240223" lon="24.664908"><ele>23.6</ele><time>2026-03-12T07:58:16Z</time></trkpt><trkpt lat="60.240197" lon="24.66491"><ele>23.7</ele><time>2026-03-12T07:58:17Z</time></trkpt><trkpt lat="60.240177" lon="24.664908"><ele>23.2</ele><time>2026-03-12T07:58:18Z</time></trkpt><trkpt lat="60.240155" lon="24.664898"><ele>23.3</ele><time>2026-03-12T07:58:19Z</time></trkpt><trkpt lat="60.240127" lon="24.66488"><ele>23.2</ele><time>2026-03-12T07:58:20Z</time></trkpt><trkpt lat="60.240097" lon="24.664852"><ele>23.1</ele><time>2026-03-12T07:58:21Z</time></trkpt><trkpt lat="60.240073" lon="24.664815"><ele>23.0</ele><time>2026-03-12T07:58:22Z</time><extensions><gpxtpx:TrackPointExtension><gpxtpx:hr>123</gpxtpx:hr></gpxtpx:TrackPointExtension></extensions></trkpt><trkpt lat="60.24005" lon="24.664777"><ele>23.2</ele><time>2026-03-12T07:58:23Z</time></trkpt><trkpt lat="60.240022" lon="24.664732"><ele>24.1</ele><time>2026-03-12T07:58:24Z</time></trkpt><trkpt lat="60.240002" lon="24.664685"><ele>24.8</ele><time>2026-03-12T07:58:25Z</time></trkpt><trkpt lat="60.239983" lon="24.664637"><ele>24.9</ele><time>2026-03-12T07:58:26Z</time><extensions><gpxtpx:TrackPointExtension><gpxtpx:hr>123</gpxtpx:hr></gpxtpx:TrackPointExtension></extensions></trkpt><trkpt lat="60.239965" lon="24.664585"><ele>25.0</ele><time>2026-03-12T07:58:27Z</time></trkpt><trkpt lat="60.239948" lon="24.664538"><ele>25.0</ele><time>2026-03-12T07:58:28Z</time></trkpt><trkpt lat="60.23993" lon="24.664492"><ele>24.5</ele><time>2026-03-12T07:58:29Z</time><extensions><gpxtpx:TrackPointExtension><gpxtpx:hr>121</gpxtpx:hr></gpxtpx:TrackPointExtension></extensions></trkpt><trkpt lat="60.239915" lon="24.664423"><ele>25.0</ele><time>2026-03-12T07:58:30Z</time></trkpt><trkpt lat="60.239905" lon="24.66437"><ele>24.7</ele><time>2026-03-12T07:58:31Z</time></trkpt><trkpt lat="60.239893" lon="24.664315"><ele>25.4</ele><time>2026-03-12T07:58:32Z</time></trkpt><trkpt lat="60.239875" lon="24.664263"><ele>25.0</ele><time>2026-03-12T07:58:33Z</time><extensions><gpxtpx:TrackPointExtension><gpxtpx:hr>120</gpxtpx:hr></gpxtpx:TrackPointExtension></extensions></trkpt><trkpt lat="60.23987" lon="24.664205"><ele>25.7</ele><time>2026-03-12T07:58:34Z</time></trkpt><trkpt lat="60.239853" lon="24.664148"><ele>25.1</ele><time>2026-03-12T07:58:35Z</time></trkpt><trkpt lat="60.239848" lon="24.664097"><ele>25.8</ele><time>2026-03-12T07:58:36Z</time></trkpt><trkpt lat="60.239842" lon="24.664037"><ele>25.3</ele><time>2026-03-12T07:58:37Z</time></trkpt><trkpt lat="60.239828" lon="24.663992"><ele>24.7</ele><time>2026-03-12T07:58:38Z</time><extensions><gpxtpx:TrackPointExtension><gpxtpx:hr>120</gpxtpx:hr></gpxtpx:TrackPointExtension></extensions></trkpt><trkpt lat="60.239822" lon="24.663923"><ele>25.9</ele><time>2026-03-12T07:58:39Z</time></trkpt><trkpt lat="60.239818" lon="24.663863"><ele>25.9</ele><time>2026-03-12T07:58:40Z</time></trkpt><trkpt lat="60.239805" lon="24.663812"><ele>26.2</ele><time>2026-03-12T07:58:41Z</time></trkpt><trkpt lat="60.239797" lon="24.663758"><ele>26.2</ele><time>2026-03-12T07:58:42Z</time></trkpt><trkpt lat="60.239785" lon="24.663705"><ele>26.0</ele><time>2026-03-12T07:58:43Z</time><extensions><gpxtpx:TrackPointExtension><gpxtpx:hr>121</gpxtpx:hr></gpxtpx:TrackPointExtension></extensions></trkpt><trkpt lat="60.239773" lon="24.663648"><ele>26.0</ele><time>2026-03-12T07:58:44Z</time></trkpt><trkpt lat="60.239765" lon="24.663595"><ele>27.0</ele><time>2026-03-12T07:58:45Z</time></trkpt><trkpt lat="60.239747" lon="24.663542"><ele>25.7</ele><time>2026-03-12T07:58:46Z</time></trkpt><trkpt lat="60.23974" lon="24.66348"><ele>26.2</ele><time>2026-03-12T07:58:47Z</time></trkpt><trkpt lat="60.23973" lon="24.663428"><ele>25.5</ele><time>2026-03-12T07:58:48Z</time></trkpt><trkpt lat="60.23972" lon="24.663362"><ele>25.6</ele><time>2026-03-12T07:58:49Z</time></trkpt><trkpt lat="60.239705" lon="24.663295"><ele>25.2</ele><time>2026-03-12T07:58:50Z</time></trkpt><trkpt lat="60.239693" lon="24.663217"><ele>24.8</ele><time>2026-03-12T07:58:51Z</time><extensions><gpxtpx:TrackPointExtension><gpxtpx:hr>123</gpxtpx:hr></gpxtpx:TrackPointExtension></extensions></trkpt><trkpt lat="60.23968" lon="24.663128"><ele>24.0</ele><time>2026-03-12T07:58:52Z</time></trkpt><trkpt lat="60.239663" lon="24.663035"><ele>23.6</ele><time>2026-03-12T07:58:53Z</time></trkpt><trkpt lat="60.239655" lon="24.662943"><ele>23.8</ele><time>2026-03-12T07:58:54Z</time></trkpt><trkpt lat="60.239642" lon="24.662852"><ele>23.6</ele><time>2026-03-12T07:58:55Z</time></trkpt><trkpt lat="60.239633" lon="24.662765"><ele>23.5</ele><time>2026-03-12T07:58:56Z</time></trkpt><trkpt lat="60.23962" lon="24.662677"><ele>24.0</ele><time>2026-03-12T07:58:57Z</time><extensions><gpxtpx:TrackPointExtension><gpxtpx:hr>122</gpxtpx:hr></gpxtpx:TrackPointExtension></extensions></trkpt><trkpt lat="60.239605" lon="24.662602"><ele>23.9</ele><time>2026-03-12T07:58:58Z</time><extensions><gpxtpx:TrackPointExtension><gpxtpx:hr>121</gpxtpx:hr></gpxtpx:TrackPointExtension></extensions></trkpt><trkpt lat="60.23959" lon="24.662518"><ele>24.1</ele><time>2026-03-12T07:58:59Z</time></trkpt><trkpt lat="60.239577" lon="24.662467"><ele>24.1</ele><time>2026-03-12T07:59:00Z</time></trkpt><trkpt lat="60.239568" lon="24.662417"><ele>24.3</ele><time>2026-03-12T07:59:01Z</time></trkpt><trkpt lat="60.23956" lon="24.662357"><ele>24.4</ele><time>2026-03-12T07:59:03Z</time><extensions><gpxtpx:TrackPointExtension><gpxtpx:hr>120</gpxtpx:hr></gpxtpx:TrackPointExtension></extensions></trkpt><trkpt lat="60.239547" lon="24.662293"><ele>23.9</ele><time>2026-03-12T07:59:04Z</time></trkpt><trkpt lat="60.239533" lon="24.662228"><ele>24.1</ele><time>2026-03-12T07:59:05Z</time></trkpt><trkpt lat="60.2393" lon="24.661378"><ele>37.6</ele><time>2026-03-12T07:59:20Z</time><extensions><gpxtpx:TrackPointExtension><gpxtpx:hr>119</gpxtpx:hr></gpxtpx:TrackPointExtension></extensions></trkpt><trkpt lat="60.2393" lon="24.661378"><ele>37.6</ele><time>2026-03-12T07:59:13Z</time><extensions><gpxtpx:TrackPointExtension><gpxtpx:hr>119</gpxtpx:hr></gpxtpx:TrackPointExtension></extensions></trkpt><trkpt lat="60.2393" lon="24.661378"><ele>37.6</ele><time>2026-03-12T07:59:18Z</time><extensions><gpxtpx:TrackPointExtension><gpxtpx:hr>121</gpxtpx:hr></gpxtpx:TrackPointExtension></extensions></trkpt><trkpt lat="60.239308" lon="24.66133"><ele>37.9</ele><time>2026-03-12T07:59:21Z</time></trkpt><trkpt lat="60.239328" lon="24.661295"><ele>36.0</ele><time>2026-03-12T07:59:21Z</time></trkpt><trkpt lat="60.239335" lon="24.661257"><ele>36.1</ele><time>2026-03-12T07:59:22Z</time></trkpt><trkpt lat="60.239355" lon="24.661213"><ele>35.6</ele><time>2026-03-12T07:59:23Z</time><extensions><gpxtpx:TrackPointExtension><gpxtpx:hr>123</gpxtpx:hr></gpxtpx:TrackPointExtension></extensions></trkpt><trkpt lat="60.239375" lon="24.661182"><ele>34.8</ele><time>2026-03-12T07:59:24Z</time></trkpt><trkpt lat="60.23941" lon="24.661115"><ele>34.8</ele><time>2026-03-12T07:59:25Z</time></trkpt><trkpt lat="60.239428" lon="24.661083"><ele>34.6</ele><time>2026-03-12T07:59:26Z</time></trkpt><trkpt lat="60.239445" lon="24.661055"><ele>34.2</ele><time>2026-03-12T07:59:27Z</time></trkpt><trkpt lat="60.239465" lon="24.661022"><ele>33.7</ele><time>2026-03-12T07:59:28Z</time></trkpt><trkpt lat="60.239493" lon="24.660982"><ele>33.5</ele><time>2026-03-12T07:59:29Z</time></trkpt><trkpt lat="60.239515" lon="24.660945"><ele>32.8</ele><time>2026-03-12T07:59:30Z</time></trkpt><trkpt lat="60.23955" lon="24.660882"><ele>33.2</ele><time>2026-03-12T07:59:31Z</time></trkpt><trkpt lat="60.239568" lon="24.660847"><ele>32.7</ele><time>2026-03-12T07:59:32Z</time><extensions><gpxtpx:TrackPointExtension><gpxtpx:hr>124</gpxtpx:hr></gpxtpx:TrackPointExtension></extensions></trkpt><trkpt lat="60.23961" lon="24.660768"><ele>32.2</ele><time>2026-03-12T07:59:33Z</time></trkpt><trkpt lat="60.239628" lon="24.660717"><ele>31.8</ele><time>2026-03-12T07:59:34Z</time></trkpt><trkpt lat="60.239648" lon="24.660655"><ele>31.6</ele><time>2026-03-12T07:59:35Z</time></trkpt><trkpt lat="60.239668" lon="24.6606"><ele>31.4</ele><time>2026-03-12T07:59:36Z</time><extensions><gpxtpx:TrackPointExtension><gpxtpx:hr>121</gpxtpx:hr></gpxtpx:TrackPointExtension></extensions></trkpt><trkpt lat="60.239672" lon="24.660537"><ele>32.2</ele><time>2026-03-12T07:59:37Z</time></trkpt><trkpt lat="60.239672" lon="24.660497"><ele>32.1</ele><time>2026-03-12T07:59:38Z</time></trkpt><trkpt lat="60.239673" lon="24.660455"><ele>31.9</ele><time>2026-03-12T07:59:39Z</time><extensions><gpxtpx:TrackPointExtension><gpxtpx:hr>122</gpxtpx:hr></gpxtpx:TrackPointExtension></extensions></trkpt><trkpt lat="60.239675" lon="24.660403"><ele>32.3</ele><time>2026-03-12T07:59:40Z</time></trkpt><trkpt lat="60.239617" lon="24.66031"><ele>25.0</ele><time>2026-03-12T07:59:41Z</time></trkpt><trkpt lat="60.239608" lon="24.660247"><ele>25.1</ele><time>2026-03-12T07:59:42Z</time></trkpt><trkpt lat="60.239607" lon="24.660208"><ele>25.1</ele><time>2026-03-12T07:59:43Z</time></trkpt><trkpt lat="60.2396" lon="24.660143"><ele>25.5</ele><time>2026-03-12T07:59:44Z</time></trkpt><trkpt lat="60.2396" lon="24.660098"><ele>25.9</ele><time>2026-03-12T07:59:45Z</time><extensions><gpxtpx:TrackPointExtension><gpxtpx:hr>121</gpxtpx:hr></gpxtpx:TrackPointExtension></extensions></trkpt><trkpt lat="60.239598" lon="24.660085"><ele>25.8</ele><time>2026-03-12T07:59:46Z</time></trkpt><trkpt lat="60.239593" lon="24.660038"><ele>25.9</ele><time>2026-03-12T07:59:47Z</time></trkpt><trkpt lat="60.239588" lon="24.65998"><ele>26.5</ele><time>2026-03-12T07:59:48Z</time><extensions><gpxtpx:TrackPointExtension><gpxtpx:hr>122</gpxtpx:hr></gpxtpx:TrackPointExtension></extensions></trkpt><trkpt lat="60.239587" lon="24.659935"><ele>25.9</ele><time>2026-03-12T07:59:49Z</time></trkpt><trkpt lat="60.23959" lon="24.659878"><ele>26.4</ele><time>2026-03-12T07:59:50Z</time></trkpt><trkpt lat="60.239587" lon="24.659828"><ele>26.0</ele><time>2026-03-12T07:59:51Z</time></trkpt><trkpt lat="60.23959" lon="24.659773"><ele>26.0</ele><time>2026-03-12T07:59:52Z</time></trkpt><trkpt lat="60.239588" lon="24.659725"><ele>26.3</ele><time>2026-03-12T07:59:53Z</time></trkpt><trkpt lat="60.239585" lon="24.659658"><ele>26.9</ele><time>2026-03-12T07:59:54Z</time></trkpt><trkpt lat="60.23958" lon="24.659593"><ele>26.5</ele><time>2026-03-12T07:59:55Z</time></trkpt><trkpt lat="60.239577" lon="24.659532"><ele>26.4</ele><time>2026-03-12T07:59:56Z</time><extensions><gpxtpx:TrackPointExtension><gpxtpx:hr>123</gpxtpx:hr></gpxtpx:TrackPointExtension></extensions></trkpt><trkpt lat="60.239567" lon="24.659475"><ele>26.5</ele><time>2026-03-12T07:59:57Z</time></trkpt><trkpt lat="60.239557" lon="24.65941"><ele>25.5</ele><time>2026-03-12T07:59:58Z</time></trkpt><trkpt lat="60.239555" lon="24.659352"><ele>25.0</ele><time>2026-03-12T07:59:59Z</time></trkpt><trkpt lat="60.239552" lon="24.65928"><ele>25.1</ele><time>2026-03-12T08:00:00Z</time></trkpt><trkpt lat="60.239548" lon="24.659215"><ele>25.0</ele><time>2026-03-12T08:00:01Z</time></trkpt><trkpt lat="60.239532" lon="24.659135"><ele>24.8</ele><time>2026-03-12T08:00:02Z</time><extensions><gpxtpx:TrackPointExtension><gpxtpx:hr>127</gpxtpx:hr></gpxtpx:TrackPointExtension></extensions></trkpt><trkpt lat="60.239517" lon="24.659077"><ele>23.9</ele><time>2026-03-12T08:00:03Z</time></trkpt><trkpt lat="60.239498" lon="24.659012"><ele>24.4</ele><time>2026-03-12T08:00:04Z</time></trkpt><trkpt lat="60.239467" lon="24.658952"><ele>25.2</ele><time>2026-03-12T08:00:05Z</time></trkpt><trkpt lat="60.239437" lon="24.658925"><ele>25.1</ele><time>2026-03-12T08:00:06Z</time><extensions><gpxtpx:TrackPointExtension><gpxtpx:hr>125</gpxtpx:hr></gpxtpx:TrackPointExtension></extensions></trkpt><trkpt lat="60.239408" lon="24.658925"><ele>25.5</ele><time>2026-03-12T08:00:07Z</time></trkpt><trkpt lat="60.239378" lon="24.65894"><ele>25.2</ele><time>2026-03-12T08:00:08Z</time></trkpt><trkpt lat="60.239358" lon="24.658992"><ele>24.6</ele><time>2026-03-12T08:00:09Z</time></trkpt><trkpt lat="60.239338" lon="24.659027"><ele>24.6</ele><time>2026-03-12T08:00:10Z</time></trkpt><trkpt lat="60.239322" lon="24.659045"><ele>24.5</ele><time>2026-03-12T08:00:11Z</time></trkpt><trkpt lat="60.239307" lon="24.659078"><ele>24.2</ele><time>2026-03-12T08:00:12Z</time><extensions><gpxtpx:TrackPointExtension><gpxtpx:hr>124</gpxtpx:hr></gpxtpx:TrackPointExtension></extensions></trkpt><trkpt lat="60.239288" lon="24.659113"><ele>23.8</ele><time>2026-03-12T08:00:13Z</time></trkpt><trkpt lat="60.239268" lon="24.659147"><ele>23.7</ele><time>2026-03-12T08:00:14Z</time></trkpt><trkpt lat="60.239252" lon="24.65918"><ele>23.7</ele><time>2026-03-12T08:00:15Z</time></trkpt><trkpt lat="60.239233" lon="24.659223"><ele>23.2</ele><time>2026-03-12T08:00:16Z</time></trkpt><trkpt lat="60.239212" lon="24.659277"><ele>24.2</ele><time>2026-03-12T08:00:17Z</time><extensions><gpxtpx:TrackPointExtension><gpxtpx:hr>124</gpxtpx:hr></gpxtpx:TrackPointExtension></extensions></trkpt><trkpt lat="60.239195" lon="24.659298"><ele>23.9</ele><time>2026-03-12T08:00:18Z</time></trkpt><trkpt lat="60.239178" lon="24.659332"><ele>24.3</ele><time>2026-03-12T08:00:19Z</time><extensions><gpxtpx:TrackPointExtension><gpxtpx:hr>124</gpxtpx:hr></gpxtpx:TrackPointExtension></extensions></trkpt><trkpt lat="60.239157" lon="24.659373"><ele>24.1</ele><time>2026-03-12T08:00:20Z</time></trkpt><trkpt lat="60.239137" lon="24.659423"><ele>24.5</ele><time>2026-03-12T08:00:21Z</time></trkpt><trkpt lat="60.239123" lon="24.659452"><ele>24.2</ele><time>2026-03-12T08:00:22Z</time></trkpt><trkpt lat="60.239108" lon="24.65948"><ele>24.6</ele><time>2026-03-12T08:00:23Z</time><extensions><gpxtpx:TrackPointExtension><gpxtpx:hr>126</gpxtpx:hr></gpxtpx:TrackPointExtension></extensions></trkpt><trkpt lat="60.239088" lon="24.659538"><ele>24.1</ele><time>2026-03-12T08:00:24Z</time></trkpt><trkpt lat="60.239067" lon="24.65956"><ele>23.7</ele><time>2026-03-12T08:00:25Z</time></trkpt><trkpt lat="60.239048" lon="24.659598"><ele>24.7</ele><time>2026-03-12T08:00:26Z</time></trkpt><trkpt lat="60.239035" lon="24.659645"><ele>24.2</ele><time>2026-03-12T08:00:27Z</time></trkpt><trkpt lat="60.239025" lon="24.659675"><ele>24.5</ele><time>2026-03-12T08:00:28Z</time></trkpt><trkpt lat="60.239003" lon="24.659727"><ele>25.5</ele><time>2026-03-12T08:00:29Z</time><extensions><gpxtpx:TrackPointExtension><gpxtpx:hr>128</gpxtpx:hr></gpxtpx:TrackPointExtension></extensions></trkpt><trkpt lat="60.238987" lon="24.659778"><ele>26.0</ele><time>2026-03-12T08:00:30Z</time></trkpt><trkpt lat="60.23897" lon="24.659815"><ele>25.2</ele><time>2026-03-12T08:00:31Z</time></trkpt><trkpt lat="60.238952" lon="24.659858"><ele>25.0</ele><time>2026-03-12T08:00:32Z</time></trkpt><trkpt lat="60.238937" lon="24.65991"><ele>24.9</ele><time>2026-03-12T08:00:33Z</time></trkpt><trkpt lat="60.238918" lon="24.659962"><ele>25.3</ele><time>2026-03-12T08:00:34Z</time><extensions><gpxtpx:TrackPointExtension><gpxtpx:hr>128</gpxtpx:hr></gpxtpx:TrackPointExtension></extensions></trkpt><trkpt lat="60.238897" lon="24.66"><ele>25.6</ele><time>2026-03-12T08:00:35Z</time></trkpt><trkpt lat="60.238873" lon="24.660027"><ele>25.0</ele><time>2026-03-12T08:00:36Z</time></trkpt><trkpt lat="60.238852" lon="24.660057"><ele>25.5</ele><time>2026-03-12T08:00:37Z</time></trkpt><trkpt lat="60.238828" lon="24.660083"><ele>25.8</ele><time>2026-03-12T08:00:38Z</time></trkpt><trkpt lat="60.238798" lon="24.66009"><ele>25.5</ele><time>2026-03-12T08:00:39Z</time><extensions><gpxtpx:TrackPointExtension><gpxtpx:hr>129</gpxtpx:hr></gpxtpx:TrackPointExtension></extensions></trkpt><trkpt lat="60.238767" lon="24.66009"><ele>25.5</ele><time>2026-03-12T08:00:40Z</time></trkpt><trkpt lat="60.238738" lon="24.660073"><ele>25.4</ele><time>2026-03-12T08:00:41Z</time></trkpt><trkpt lat="60.238707" lon="24.66006"><ele>26.2</ele><time>2026-03-12T08:00:42Z</time></trkpt><trkpt lat="60.238675" lon="24.660042"><ele>26.2</ele><time>2026-03-12T08:00:43Z</time></trkpt><trkpt lat="60.238642" lon="24.660035"><ele>25.7</ele><time>2026-03-12T08:00:44Z</time></trkpt><trkpt lat="60.238608" lon="24.660055"><ele>25.9</ele><time>2026-03-12T08:00:45Z</time></trkpt><trkpt lat="60.238577" lon="24.660083"><ele>25.9</ele><time>2026-03-12T08:00:46Z</time><extensions><gpxtpx:TrackPointExtension><gpxtpx:hr>128</gpxtpx:hr></gpxtpx:TrackPointExtension></extensions></trkpt><trkpt lat="60.238552" lon="24.660118"><ele>26.0</ele><time>2026-03-12T08:00:47Z</time></trkpt><trkpt lat="60.238512" lon="24.660167"><ele>25.2</ele><time>2026-03-12T08:00:48Z</time></trkpt><trkpt lat="60.238485" lon="24.660195"><ele>25.0</ele><time>2026-03-12T08:00:49Z</time></trkpt><trkpt lat="60.238467" lon="24.66024"><ele>24.9</ele><time>2026-03-12T08:00:50Z</time><extensions><gpxtpx:TrackPointExtension><gpxtpx:hr>128</gpxtpx:hr></gpxtpx:TrackPointExtension></extensions></trkpt><trkpt lat="60.238455" lon="24.660283"><ele>24.3</ele><time>2026-03-12T08:00:51Z</time></trkpt><trkpt lat="60.238427" lon="24.66035"><ele>24.8</ele><time>2026-03-12T08:00:52Z</time></trkpt><trkpt lat="60.238398" lon="24.660403"><ele>24.6</ele><time>2026-03-12T08:00:53Z</time><extensions><gpxtpx:TrackPointExtension><gpxtpx:hr>127</gpxtpx:hr></gpxtpx:TrackPointExtension></extensions></trkpt><trkpt lat="60.238368" lon="24.660452"><ele>24.0</ele><time>2026-03-12T08:00:54Z</time></trkpt><trkpt lat="60.238355" lon="24.660503"><ele>24.0</ele><time>2026-03-12T08:00:55Z</time></trkpt><trkpt lat="60.238348" lon="24.66057"><ele>23.9</ele><time>2026-03-12T08:00:56Z</time></trkpt><trkpt lat="60.238347" lon="24.66065"><ele>24.4</ele><time>2026-03-12T08:00:57Z</time></trkpt><trkpt lat="60.238353" lon="24.66073"><ele>23.8</ele><time>2026-03-12T08:00:58Z</time></trkpt><trkpt lat="60.238377" lon="24.660797"><ele>24.3</ele><time>2026-03-12T08:00:59Z</time><extensions><gpxtpx:TrackPointExtension><gpxtpx:hr>127</gpxtpx:hr></gpxtpx:TrackPointExtension></extensions></trkpt><trkpt lat="60.23841" lon="24.660853"><ele>23.6</ele><time>2026-03-12T08:01:00Z</time></trkpt><trkpt lat="60.238437" lon="24.6609"><ele>23.8</ele><time>2026-03-12T08:01:01Z</time></trkpt><trkpt lat="60.23846" lon="24.660948"><ele>23.3</ele><time>2026-03-12T08:01:02Z</time></trkpt><trkpt lat="60.238487" lon="24.660998"><ele>22.7</ele><time>2026-03-12T08:01:03Z</time></trkpt><trkpt lat="60.238515" lon="24.661052"><ele>23.3</ele><time>2026-03-12T08:01:04Z</time></trkpt><trkpt lat="60.238543" lon="24.661112"><ele>22.7</ele><time>2026-03-12T08:01:05Z</time></trkpt><trkpt lat="60.238575" lon="24.66118"><ele>23.0</ele><time>2026-03-12T08:01:06Z</time><extensions><gpxtpx:TrackPointExtension><gpxtpx:hr>127</gpxtpx:hr></gpxtpx:TrackPointExtension></extensions></trkpt><trkpt lat="60.238607" lon="24.661238"><ele>22.3</ele><time>2026-03-12T08:01:07Z</time></trkpt><trkpt lat="60.238632" lon="24.6613"><ele>22.9</ele><time>2026-03-12T08:01:08Z</time></trkpt><trkpt lat="60.23866" lon="24.661362"><ele>23.1</ele><time>2026-03-12T08:01:09Z</time></trkpt><trkpt lat="60.23869" lon="24.661423"><ele>23.7</ele><time>2026-03-12T08:01:10Z</time></trkpt><trkpt lat="60.238713" lon="24.661488"><ele>23.3</ele><time>2026-03-12T08:01:11Z</time></trkpt><trkpt lat="60.23875" lon="24.66155"><ele>24.5</ele><time>2026-03-12T08:01:12Z</time><extensions><gpxtpx:TrackPointExtension><gpxtpx:hr>126</gpxtpx:hr></gpxtpx:TrackPointExtension></extensions></trkpt><trkpt lat="60.238775" lon="24.661613"><ele>24.0</ele><time>2026-03-12T08:01:13Z</time></trkpt><trkpt lat="60.238807" lon="24.661675"><ele>23.9</ele><time>2026-03-12T08:01:14Z</time></trkpt><trkpt lat="60.238837" lon="24.661732"><ele>24.5</ele><time>2026-03-12T08:01:15Z</time><extensions><gpxtpx:TrackPointExtension><gpxtpx:hr>124</gpxtpx:hr></gpxtpx:TrackPointExtension></extensions></trkpt><trkpt lat="60.238863" lon="24.661797"><ele>23.3</ele><time>2026-03-12T08:01:16Z</time></trkpt><trkpt lat="60.238902" lon="24.66185"><ele>24.1</ele><time>2026-03-12T08:01:17Z</time></trkpt><trkpt lat="60.238928" lon="24.661877"><ele>23.1</ele><time>2026-03-12T08:01:18Z</time><extensions><gpxtpx:TrackPointExtension><gpxtpx:hr>124</gpxtpx:hr></gpxtpx:TrackPointExtension></extensions></trkpt><trkpt lat="60.238965" lon="24.6619"><ele>22.7</ele><time>2026-03-12T08:01:19Z</time></trkpt><trkpt lat="60.239008" lon="24.66191"><ele>23.8</ele><time>2026-03-12T08:01:20Z</time></trkpt><trkpt lat="60.23904" lon="24.661905"><ele>23.0</ele><time>2026-03-12T08:01:21Z</time></trkpt><trkpt lat="60.239077" lon="24.661892"><ele>24.1</ele><time>2026-03-12T08:01:22Z</time></trkpt><trkpt lat="60.239107" lon="24.661843"><ele>24.0</ele><time>2026-03-12T08:01:23Z</time><extensions><gpxtpx:TrackPointExtension><gpxtpx:hr>124</gpxtpx:hr></gpxtpx:TrackPointExtension></extensions></trkpt><trkpt lat="60.239145" lon="24.661803"><ele>24.4</ele><time>2026-03-12T08:01:24Z</time></trkpt><trkpt lat="60.239173" lon="24.661788"><ele>23.6</ele><time>2026-03-12T08:01:25Z</time></trkpt><trkpt lat="60.239207" lon="24.661792"><ele>24.5</ele><time>2026-03-12T08:01:26Z</time></trkpt><trkpt lat="60.239235" lon="24.6618"><ele>24.0</ele><time>2026-03-12T08:01:27Z</time></trkpt><trkpt lat="60.239268" lon="24.661827"><ele>23.9</ele><time>2026-03-12T08:01:28Z</time></trkpt><trkpt lat="60.239303" lon="24.66185"><ele>24.4</ele><time>2026-03-12T08:01:29Z</time></trkpt><trkpt lat="60.239335" lon="24.66187"><ele>24.4</ele><time>2026-03-12T08:01:30Z</time><extensions><gpxtpx:TrackPointExtension><gpxtpx:hr>124</gpxtpx:hr></gpxtpx:TrackPointExtension></extensions></trkpt><trkpt lat="60.239362" lon="24.661915"><ele>24.1</ele><time>2026-03-12T08:01:31Z</time></trkpt><trkpt lat="60.239385" lon="24.661955"><ele>23.5</ele><time>2026-03-12T08:01:32Z</time></trkpt><trkpt lat="60.239413" lon="24.661997"><ele>23.4</ele><time>2026-03-12T08:01:33Z</time></trkpt><trkpt lat="60.23944" lon="24.662047"><ele>23.4</ele><time>2026-03-12T08:01:34Z</time><extensions><gpxtpx:TrackPointExtension><gpxtpx:hr>124</gpxtpx:hr></gpxtpx:TrackPointExtension></extensions></trkpt><trkpt lat="60.239465" lon="24.662117"><ele>23.9</ele><time>2026-03-12T08:01:35Z</time></trkpt><trkpt lat="60.239488" lon="24.66218"><ele>24.3</ele><time>2026-03-12T08:01:36Z</time></trkpt><trkpt lat="60.239505" lon="24.662237"><ele>24.3</ele><time>2026-03-12T08:01:37Z</time></trkpt><trkpt lat="60.239528" lon="24.66231"><ele>24.2</ele><time>2026-03-12T08:01:38Z</time><extensions><gpxtpx:TrackPointExtension><gpxtpx:hr>125</gpxtpx:hr></gpxtpx:TrackPointExtension></extensions></trkpt><trkpt lat="60.239543" lon="24.662383"><ele>24.3</ele><time>2026-03-12T08:01:39Z</time></trkpt><trkpt lat="60.239558" lon="24.662447"><ele>24.2</ele><time>2026-03-12T08:01:40Z</time></trkpt><trkpt lat="60.239572" lon="24.662513"><ele>23.8</ele><time>2026-03-12T08:01:41Z</time></trkpt><trkpt lat="60.239585" lon="24.662575"><ele>23.3</ele><time>2026-03-12T08:01:42Z</time></trkpt><trkpt lat="60.239592" lon="24.662657"><ele>23.5</ele><time>2026-03-12T08:01:43Z</time></trkpt><trkpt lat="60.239595" lon="24.662733"><ele>23.1</ele><time>2026-03-12T08:01:44Z</time></trkpt><trkpt lat="60.239595" lon="24.662812"><ele>23.8</ele><time>2026-03-12T08:01:45Z</time><extensions><gpxtpx:TrackPointExtension><gpxtpx:hr>125</gpxtpx:hr></gpxtpx:TrackPointExtension></extensions></trkpt><trkpt lat="60.239587" lon="24.662882"><ele>23.8</ele><time>2026-03-12T08:01:46Z</time></trkpt><trkpt lat="60.239573" lon="24.662937"><ele>23.5</ele><time>2026-03-12T08:01:47Z</time></trkpt><trkpt lat="60.239553" lon="24.662993"><ele>23.3</ele><time>2026-03-12T08:01:48Z</time><extensions><gpxtpx:TrackPointExtension><gpxtpx:hr>125</gpxtpx:hr></gpxtpx:TrackPointExtension></extensions></trkpt><trkpt lat="60.23953" lon="24.663052"><ele>24.1</ele><time>2026-03-12T08:01:49Z</time></trkpt><trkpt lat="60.239507" lon="24.663083"><ele>22.8</ele><time>2026-03-12T08:01:50Z</time></trkpt><trkpt lat="60.239482" lon="24.663115"><ele>22.7</ele><time>2026-03-12T08:01:51Z</time></trkpt><trkpt lat="60.239458" lon="24.663125"><ele>22.6</ele><time>2026-03-12T08:01:52Z</time></trkpt><trkpt lat="60.239435" lon="24.663142"><ele>23.1</ele><time>2026-03-12T08:01:53Z</time></trkpt><trkpt lat="60.239413" lon="24.663175"><ele>22.9</ele><time>2026-03-12T08:01:54Z</time></trkpt><trkpt lat="60.239393" lon="24.6632"><ele>21.9</ele><time>2026-03-12T08:01:55Z</time></trkpt><trkpt lat="60.239372" lon="24.66322"><ele>22.3</ele><time>2026-03-12T08:01:56Z</time><extensions><gpxtpx:TrackPointExtension><gpxtpx:hr>124</gpxtpx:hr></gpxtpx:TrackPointExtension></extensions></trkpt><trkpt lat="60.239345" lon="24.663253"><ele>22.0</ele><time>2026-03-12T08:01:57Z</time></trkpt><trkpt lat="60.239318" lon="24.663273"><ele>22.0</ele><time>2026-03-12T08:01:58Z</time></trkpt><trkpt lat="60.23929" lon="24.663277"><ele>22.2</ele><time>2026-03-12T08:01:59Z</time><extensions><gpxtpx:TrackPointExtension><gpxtpx:hr>124</gpxtpx:hr></gpxtpx:TrackPointExtension></extensions></trkpt><trkpt lat="60.23926" lon="24.663303"><ele>21.8</ele><time>2026-03-12T08:02:00Z</time></trkpt><trkpt lat="60.239238" lon="24.663317"><ele>21.8</ele><time>2026-03-12T08:02:01Z</time></trkpt><trkpt lat="60.239215" lon="24.663348"><ele>22.3</ele><time>2026-03-12T08:02:02Z</time></trkpt><trkpt lat="60.239193" lon="24.663373"><ele>22.9</ele><time>2026-03-12T08:02:03Z</time><extensions><gpxtpx:TrackPointExtension><gpxtpx:hr>125</gpxtpx:hr></gpxtpx:TrackPointExtension></extensions></trkpt><trkpt lat="60.239172" lon="24.663387"><ele>22.1</ele><time>2026-03-12T08:02:04Z</time></trkpt><trkpt lat="60.239145" lon="24.663408"><ele>22.6</ele><time>2026-03-12T08:02:05Z</time></trkpt><trkpt lat="60.239125" lon="24.663423"><ele>22.0</ele><time>2026-03-12T08:02:06Z</time></trkpt><trkpt lat="60.2391" lon="24.663462"><ele>21.8</ele><time>2026-03-12T08:02:07Z</time></trkpt><trkpt lat="60.239077" lon="24.663492"><ele>22.0</ele><time>2026-03-12T08:02:08Z</time></trkpt><trkpt lat="60.239047" lon="24.663517"><ele>21.7</ele><time>2026-03-12T08:02:09Z</time></trkpt><trkpt lat="60.239023" lon="24.663548"><ele>21.8</ele><time>2026-03-12T08:02:10Z</time></trkpt><trkpt lat="60.239003" lon="24.663565"><ele>22.0</ele><time>2026-03-12T08:02:11Z</time><extensions><gpxtpx:TrackPointExtension><gpxtpx:hr>126</gpxtpx:hr></gpxtpx:TrackPointExtension></extensions></trkpt><trkpt lat="60.238982" lon="24.663595"><ele>22.0</ele><time>2026-03-12T08:02:12Z</time></trkpt><trkpt lat="60.238958" lon="24.66363"><ele>22.3</ele><time>2026-03-12T08:02:13Z</time></trkpt><trkpt lat="60.238932" lon="24.663655"><ele>22.1</ele><time>2026-03-12T08:02:14Z</time><extensions><gpxtpx:TrackPointExtension><gpxtpx:hr>127</gpxtpx:hr></gpxtpx:TrackPointExtension></extensions></trkpt><trkpt lat="60.238907" lon="24.663692"><ele>22.1</ele><time>2026-03-12T08:02:15Z</time></trkpt><trkpt lat="60.238883" lon="24.66371"><ele>22.1</ele><time>2026-03-12T08:02:16Z</time></trkpt><trkpt lat="60.238853" lon="24.66374"><ele>22.6</ele><time>2026-03-12T08:02:17Z</time></trkpt><trkpt lat="60.238827" lon="24.66378"><ele>22.0</ele><time>2026-03-12T08:02:18Z</time><extensions><gpxtpx:TrackPointExtension><gpxtpx:hr>127</gpxtpx:hr></gpxtpx:TrackPointExtension></extensions></trkpt><trkpt lat="60.238802" lon="24.663808"><ele>22.5</ele><time>2026-03-12T08:02:19Z</time></trkpt><trkpt lat="60.238777" lon="24.663845"><ele>23.1</ele><time>2026-03-12T08:02:20Z</time></trkpt><trkpt lat="60.238752" lon="24.663878"><ele>22.7</ele><time>2026-03-12T08:02:21Z</time></trkpt><trkpt lat="60.238722" lon="24.663915"><ele>23.7</ele><time>2026-03-12T08:02:22Z</time></trkpt><trkpt lat="60.238698" lon="24.663955"><ele>23.7</ele><time>2026-03-12T08:02:23Z</time></trkpt><trkpt lat="60.238678" lon="24.663987"><ele>23.8</ele><time>2026-03-12T08:02:24Z</time></trkpt><trkpt lat="60.23865" lon="24.664017"><ele>24.4</ele><time>2026-03-12T08:02:25Z</time></trkpt><trkpt lat="60.23863" lon="24.664058"><ele>24.2</ele><time>2026-03-12T08:02:26Z</time></trkpt><trkpt lat="60.238612" lon="24.66407"><ele>24.6</ele><time>2026-03-12T08:02:27Z</time><extensions><gpxtpx:TrackPointExtension><gpxtpx:hr>128</gpxtpx:hr></gpxtpx:TrackPointExtension></extensions></trkpt><trkpt lat="60.238588" lon="24.664108"><ele>24.6</ele><time>2026-03-12T08:02:28Z</time></trkpt><trkpt lat="60.238568" lon="24.664152"><ele>25.1</ele><time>2026-03-12T08:02:29Z</time></trkpt><trkpt lat="60.238545" lon="24.664182"><ele>25.0</ele><time>2026-03-12T08:02:30Z</time></trkpt><trkpt lat="60.238527" lon="24.664225"><ele>25.2</ele><time>2026-03-12T08:02:31Z</time></trkpt><trkpt lat="60.238507" lon="24.664275"><ele>25.4</ele><time>2026-03-12T08:02:32Z</time><extensions><gpxtpx:TrackPointExtension><gpxtpx:hr>129</gpxtpx:hr></gpxtpx:TrackPointExtension></extensions></trkpt><trkpt lat="60.238487" lon="24.664315"><ele>26.3</ele><time>2026-03-12T08:02:33Z</time></trkpt><trkpt lat="60.238472" lon="24.664367"><ele>26.2</ele><time>2026-03-12T08:02:34Z</time><extensions><gpxtpx:TrackPointExtension><gpxtpx:hr>129</gpxtpx:hr></gpxtpx:TrackPointExtension></extensions></trkpt><trkpt lat="60.238408" lon="24.664708"><ele>29.9</ele><time>2026-03-12T08:02:40Z</time><extensions><gpxtpx:TrackPointExtension><gpxtpx:hr>128</gpxtpx:hr></gpxtpx:TrackPointExtension></extensions></trkpt><trkpt lat="60.238408" lon="24.664748"><ele>30.4</ele><time>2026-03-12T08:02:41Z</time></trkpt><trkpt lat="60.238408" lon="24.664783"><ele>28.7</ele><time>2026-03-12T08:02:42Z</time></trkpt><trkpt lat="60.238418" lon="24.664813"><ele>29.7</ele><time>2026-03-12T08:02:43Z</time></trkpt><trkpt lat="60.238427" lon="24.66484"><ele>29.4</ele><time>2026-03-12T08:02:44Z</time></trkpt><trkpt lat="60.238442" lon="24.66489"><ele>28.1</ele><time>2026-03-12T08:02:46Z</time></trkpt><trkpt lat="60.238453" lon="24.664937"><ele>28.2</ele><time>2026-03-12T08:02:47Z</time><extensions><gpxtpx:TrackPointExtension><gpxtpx:hr>128</gpxtpx:hr></gpxtpx:TrackPointExtension></extensions></trkpt><trkpt lat="60.238465" lon="24.664985"><ele>27.4</ele><time>2026-03-12T08:02:48Z</time></trkpt><trkpt lat="60.238482" lon="24.665028"><ele>27.3</ele><time>2026-03-12T08:02:49Z</time></trkpt><trkpt lat="60.238498" lon="24.665062"><ele>26.7</ele><time>2026-03-12T08:02:50Z</time></trkpt><trkpt lat="60.238515" lon="24.66508"><ele>25.4</ele><time>2026-03-12T08:02:51Z</time></trkpt><trkpt lat="60.238532" lon="24.665108"><ele>25.4</ele><time>2026-03-12T08:02:52Z</time><extensions><gpxtpx:TrackPointExtension><gpxtpx:hr>131</gpxtpx:hr></gpxtpx:TrackPointExtension></extensions></trkpt><trkpt lat="60.238562" lon="24.665077"><ele>23.0</ele><time>2026-03-12T08:02:53Z</time><extensions><gpxtpx:TrackPointExtension><gpxtpx:hr>131</gpxtpx:hr></gpxtpx:TrackPointExtension></extensions></trkpt><trkpt lat="60.238585" lon="24.66505"><ele>22.0</ele><time>2026-03-12T08:02:54Z</time></trkpt><trkpt lat="60.238613" lon="24.665007"><ele>22.1</ele><time>2026-03-12T08:02:55Z</time></trkpt><trkpt lat="60.238627" lon="24.66494"><ele>22.1</ele><time>2026-03-12T08:02:56Z</time></trkpt><trkpt lat="60.23864" lon="24.664857"><ele>22.3</ele><time>2026-03-12T08:02:57Z</time></trkpt><trkpt lat="60.23865" lon="24.664793"><ele>22.7</ele><time>2026-03-12T08:02:58Z</time><extensions><gpxtpx:TrackPointExtension><gpxtpx:hr>130</gpxtpx:hr></gpxtpx:TrackPointExtension></extensions></trkpt><trkpt lat="60.238655" lon="24.66473"><ele>22.9</ele><time>2026-03-12T08:02:59Z</time></trkpt><trkpt lat="60.238658" lon="24.66465"><ele>22.8</ele><time>2026-03-12T08:03:00Z</time></trkpt><trkpt lat="60.238665" lon="24.664562"><ele>22.9</ele><time>2026-03-12T08:03:01Z</time></trkpt><trkpt lat="60.238672" lon="24.664478"><ele>23.1</ele><time>2026-03-12T08:03:02Z</time></trkpt><trkpt lat="60.238678" lon="24.664397"><ele>23.4</ele><time>2026-03-12T08:03:03Z</time></trkpt><trkpt lat="60.238688" lon="24.664312"><ele>23.5</ele><time>2026-03-12T08:03:04Z</time></trkpt><trkpt lat="60.2387" lon="24.664233"><ele>23.7</ele><time>2026-03-12T08:03:05Z</time></trkpt><trkpt lat="60.238727" lon="24.66417"><ele>23.8</ele><time>2026-03-12T08:03:06Z</time></trkpt><trkpt lat="60.238757" lon="24.664097"><ele>24.0</ele><time>2026-03-12T08:03:07Z</time><extensions><gpxtpx:TrackPointExtension><gpxtpx:hr>128</gpxtpx:hr></gpxtpx:TrackPointExtension></extensions></trkpt><trkpt lat="60.23879" lon="24.664037"><ele>24.0</ele><time>2026-03-12T08:03:08Z</time><extensions><gpxtpx:TrackPointExtension><gpxtpx:hr>128</gpxtpx:hr></gpxtpx:TrackPointExtension></extensions></trkpt><trkpt lat="60.238828" lon="24.663985"><ele>24.3</ele><time>2026-03-12T08:03:09Z</time></trkpt><trkpt lat="60.238863" lon="24.66393"><ele>24.4</ele><time>2026-03-12T08:03:10Z</time></trkpt><trkpt lat="60.238895" lon="24.663882"><ele>24.1</ele><time>2026-03-12T08:03:11Z</time></trkpt><trkpt lat="60.23895" lon="24.663838"><ele>25.7</ele><time>2026-03-12T08:03:12Z</time></trkpt><trkpt lat="60.238983" lon="24.663798"><ele>25.6</ele><time>2026-03-12T08:03:13Z</time></trkpt><trkpt lat="60.239022" lon="24.663755"><ele>25.6</ele><time>2026-03-12T08:03:14Z</time></trkpt><trkpt lat="60.239058" lon="24.663757"><ele>26.6</ele><time>2026-03-12T08:03:15Z</time></trkpt><trkpt lat="60.239092" lon="24.663725"><ele>26.5</ele><time>2026-03-12T08:03:16Z</time></trkpt><trkpt lat="60.239125" lon="24.663692"><ele>26.5</ele><time>2026-03-12T08:03:17Z</time><extensions><gpxtpx:TrackPointExtension><gpxtpx:hr>131</gpxtpx:hr></gpxtpx:TrackPointExtension></extensions></trkpt><trkpt lat="60.239158" lon="24.663657"><ele>26.1</ele><time>2026-03-12T08:03:18Z</time></trkpt><trkpt lat="60.239193" lon="24.663612"><ele>25.5</ele><time>2026-03-12T08:03:19Z</time><extensions><gpxtpx:TrackPointExtension><gpxtpx:hr>130</gpxtpx:hr></gpxtpx:TrackPointExtension></extensions></trkpt><trkpt lat="60.23923" lon="24.66358"><ele>25.3</ele><time>2026-03-12T08:03:20Z</time></trkpt><trkpt lat="60.239268" lon="24.663547"><ele>25.3</ele><time>2026-03-12T08:03:21Z</time></trkpt><trkpt lat="60.239308" lon="24.663522"><ele>25.2</ele><time>2026-03-12T08:03:22Z</time></trkpt><trkpt lat="60.239343" lon="24.6635"><ele>25.3</ele><time>2026-03-12T08:03:23Z</time><extensions><gpxtpx:TrackPointExtension><gpxtpx:hr>128</gpxtpx:hr></gpxtpx:TrackPointExtension></extensions></trkpt><trkpt lat="60.239378" lon="24.663483"><ele>25.1</ele><time>2026-03-12T08:03:24Z</time></trkpt><trkpt lat="60.239415" lon="24.663463"><ele>24.9</ele><time>2026-03-12T08:03:25Z</time></trkpt><trkpt lat="60.239457" lon="24.663443"><ele>24.9</ele><time>2026-03-12T08:03:26Z</time></trkpt><trkpt lat="60.239495" lon="24.663435"><ele>25.3</ele><time>2026-03-12T08:03:27Z</time></trkpt><trkpt lat="60.239528" lon="24.663432"><ele>25.8</ele><time>2026-03-12T08:03:28Z</time><extensions><gpxtpx:TrackPointExtension><gpxtpx:hr>126</gpxtpx:hr></gpxtpx:TrackPointExtension></extensions></trkpt><trkpt lat="60.239562" lon="24.66344"><ele>25.9</ele><time>2026-03-12T08:03:29Z</time></trkpt><trkpt lat="60.239588" lon="24.663452"><ele>25.7</ele><time>2026-03-12T08:03:30Z</time></trkpt><trkpt lat="60.239613" lon="24.663477"><ele>25.9</ele><time>2026-03-12T08:03:31Z</time></trkpt><trkpt lat="60.239645" lon="24.6635"><ele>26.5</ele><time>2026-03-12T08:03:32Z</time></trkpt><trkpt lat="60.239663" lon="24.663517"><ele>26.5</ele><time>2026-03-12T08:03:33Z</time><extensions><gpxtpx:TrackPointExtension><gpxtpx:hr>125</gpxtpx:hr></gpxtpx:TrackPointExtension></extensions></trkpt><trkpt lat="60.239682" lon="24.663552"><ele>26.2</ele><time>2026-03-12T08:03:34Z</time></trkpt><trkpt lat="60.239702" lon="24.663587"><ele>26.4</ele><time>2026-03-12T08:03:35Z</time></trkpt><trkpt lat="60.239722" lon="24.663637"><ele>26.2</ele><time>2026-03-12T08:03:36Z</time></trkpt><trkpt lat="60.239742" lon="24.663682"><ele>26.1</ele><time>2026-03-12T08:03:37Z</time></trkpt><trkpt lat="60.239757" lon="24.663723"><ele>26.4</ele><time>2026-03-12T08:03:38Z</time></trkpt><trkpt lat="60.239768" lon="24.663782"><ele>26.5</ele><time>2026-03-12T08:03:39Z</time><extensions><gpxtpx:TrackPointExtension><gpxtpx:hr>126</gpxtpx:hr></gpxtpx:TrackPointExtension></extensions></trkpt><trkpt lat="60.239782" lon="24.663843"><ele>26.5</ele><time>2026-03-12T08:03:40Z</time></trkpt><trkpt lat="60.239792" lon="24.663907"><ele>26.0</ele><time>2026-03-12T08:03:41Z</time></trkpt><trkpt lat="60.239793" lon="24.663967"><ele>25.7</ele><time>2026-03-12T08:03:42Z</time></trkpt><trkpt lat="60.239792" lon="24.664022"><ele>25.8</ele><time>2026-03-12T08:03:43Z</time></trkpt><trkpt lat="60.239782" lon="24.664072"><ele>25.5</ele><time>2026-03-12T08:03:44Z</time><extensions><gpxtpx:TrackPointExtension><gpxtpx:hr>128</gpxtpx:hr></gpxtpx:TrackPointExtension></extensions></trkpt><trkpt lat="60.23977" lon="24.664128"><ele>25.7</ele><time>2026-03-12T08:03:45Z</time></trkpt><trkpt lat="60.239752" lon="24.664177"><ele>25.4</ele><time>2026-03-12T08:03:46Z</time></trkpt><trkpt lat="60.239737" lon="24.664217"><ele>25.3</ele><time>2026-03-12T08:03:47Z</time></trkpt><trkpt lat="60.239712" lon="24.664257"><ele>25.1</ele><time>2026-03-12T08:03:48Z</time><extensions><gpxtpx:TrackPointExtension><gpxtpx:hr>130</gpxtpx:hr></gpxtpx:TrackPointExtension></extensions></trkpt><trkpt lat="60.239687" lon="24.664275"><ele>25.6</ele><time>2026-03-12T08:03:49Z</time></trkpt><trkpt lat="60.239663" lon="24.664295"><ele>25.3</ele><time>2026-03-12T08:03:50Z</time></trkpt><trkpt lat="60.239642" lon="24.664308"><ele>25.5</ele><time>2026-03-12T08:03:51Z</time></trkpt><trkpt lat="60.23961" lon="24.664312"><ele>25.1</ele><time>2026-03-12T08:03:52Z</time></trkpt><trkpt lat="60.239583" lon="24.664307"><ele>25.4</ele><time>2026-03-12T08:03:53Z</time></trkpt><trkpt lat="60.239558" lon="24.664312"><ele>25.7</ele><time>2026-03-12T08:03:54Z</time></trkpt><trkpt lat="60.239533" lon="24.664305"><ele>25.8</ele><time>2026-03-12T08:03:55Z</time></trkpt><trkpt lat="60.239507" lon="24.664297"><ele>26.4</ele><time>2026-03-12T08:03:56Z</time></trkpt><trkpt lat="60.239475" lon="24.664283"><ele>25.4</ele><time>2026-03-12T08:03:57Z</time><extensions><gpxtpx:TrackPointExtension><gpxtpx:hr>129</gpxtpx:hr></gpxtpx:TrackPointExtension></extensions></trkpt><trkpt lat="60.239448" lon="24.664298"><ele>25.4</ele><time>2026-03-12T08:03:58Z</time></trkpt><trkpt lat="60.239423" lon="24.664303"><ele>26.3</ele><time>2026-03-12T08:03:59Z</time></trkpt><trkpt lat="60.239395" lon="24.664308"><ele>26.8</ele><time>2026-03-12T08:04:00Z</time></trkpt><trkpt lat="60.23937" lon="24.66432"><ele>26.4</ele><time>2026-03-12T08:04:01Z</time><extensions><gpxtpx:TrackPointExtension><gpxtpx:hr>128</gpxtpx:hr></gpxtpx:TrackPointExtension></extensions></trkpt><trkpt lat="60.23934" lon="24.664323"><ele>26.7</ele><time>2026-03-12T08:04:02Z</time></trkpt><trkpt lat="60.239315" lon="24.66433"><ele>27.0</ele><time>2026-03-12T08:04:03Z</time></trkpt><trkpt lat="60.239292" lon="24.664348"><ele>27.0</ele><time>2026-03-12T08:04:04Z</time></trkpt><trkpt lat="60.239267" lon="24.664357"><ele>27.1</ele><time>2026-03-12T08:04:05Z</time></trkpt><trkpt lat="60.239245" lon="24.664372"><ele>27.0</ele><time>2026-03-12T08:04:06Z</time><extensions><gpxtpx:TrackPointExtension><gpxtpx:hr>128</gpxtpx:hr></gpxtpx:TrackPointExtension></extensions></trkpt><trkpt lat="60.239218" lon="24.66438"><ele>27.6</ele><time>2026-03-12T08:04:07Z</time></trkpt><trkpt lat="60.239193" lon="24.664387"><ele>27.6</ele><time>2026-03-12T08:04:08Z</time><extensions><gpxtpx:TrackPointExtension><gpxtpx:hr>129</gpxtpx:hr></gpxtpx:TrackPointExtension></extensions></trkpt><trkpt lat="60.239163" lon="24.664393"><ele>27.7</ele><time>2026-03-12T08:04:09Z</time></trkpt><trkpt lat="60.239138" lon="24.664418"><ele>27.6</ele><time>2026-03-12T08:04:10Z</time></trkpt><trkpt lat="60.239115" lon="24.664437"><ele>26.9</ele><time>2026-03-12T08:04:11Z</time></trkpt><trkpt lat="60.239088" lon="24.664452"><ele>26.8</ele><time>2026-03-12T08:04:12Z</time></trkpt><trkpt lat="60.239063" lon="24.664463"><ele>26.9</ele><time>2026-03-12T08:04:13Z</time></trkpt><trkpt lat="60.239038" lon="24.66448"><ele>27.0</ele><time>2026-03-12T08:04:14Z</time></trkpt><trkpt lat="60.239015" lon="24.664497"><ele>26.8</ele><time>2026-03-12T08:04:15Z</time></trkpt><trkpt lat="60.238987" lon="24.66452"><ele>26.6</ele><time>2026-03-12T08:04:16Z</time><extensions><gpxtpx:TrackPointExtension><gpxtpx:hr>128</gpxtpx:hr></gpxtpx:TrackPointExtension></extensions></trkpt><trkpt lat="60.238962" lon="24.664543"><ele>26.1</ele><time>2026-03-12T08:04:17Z</time></trkpt><trkpt lat="60.238942" lon="24.664568"><ele>27.5</ele><time>2026-03-12T08:04:18Z</time><extensions><gpxtpx:TrackPointExtension><gpxtpx:hr>129</gpxtpx:hr></gpxtpx:TrackPointExtension></extensions></trkpt><trkpt lat="60.23892" lon="24.664597"><ele>26.9</ele><time>2026-03-12T08:04:19Z</time></trkpt><trkpt lat="60.238898" lon="24.664622"><ele>27.0</ele><time>2026-03-12T08:04:20Z</time></trkpt><trkpt lat="60.238878" lon="24.66464"><ele>28.3</ele><time>2026-03-12T08:04:21Z</time></trkpt><trkpt lat="60.238858" lon="24.664687"><ele>27.7</ele><time>2026-03-12T08:04:22Z</time></trkpt><trkpt lat="60.238845" lon="24.664738"><ele>28.6</ele><time>2026-03-12T08:04:23Z</time></trkpt><trkpt lat="60.238837" lon="24.664772"><ele>28.5</ele><time>2026-03-12T08:04:24Z</time><extensions><gpxtpx:TrackPointExtension><gpxtpx:hr>130</gpxtpx:hr></gpxtpx:TrackPointExtension></extensions></trkpt><trkpt lat="60.238827" lon="24.664813"><ele>29.5</ele><time>2026-03-12T08:04:25Z</time></trkpt><trkpt lat="60.238825" lon="24.664872"><ele>29.1</ele><time>2026-03-12T08:04:26Z</time></trkpt><trkpt lat="60.238825" lon="24.664907"><ele>28.8</ele><time>2026-03-12T08:04:27Z</time></trkpt><trkpt lat="60.238832" lon="24.664967"><ele>27.9</ele><time>2026-03-12T08:04:28Z</time></trkpt><trkpt lat="60.238843" lon="24.665013"><ele>28.3</ele><time>2026-03-12T08:04:29Z</time></trkpt><trkpt lat="60.238855" lon="24.665055"><ele>28.7</ele><time>2026-03-12T08:04:30Z</time><extensions><gpxtpx:TrackPointExtension><gpxtpx:hr>131</gpxtpx:hr></gpxtpx:TrackPointExtension></extensions></trkpt><trkpt lat="60.238875" lon="24.665107"><ele>28.5</ele><time>2026-03-12T08:04:31Z</time></trkpt><trkpt lat="60.238898" lon="24.665157"><ele>27.6</ele><time>2026-03-12T08:04:32Z</time></trkpt><trkpt lat="60.238935" lon="24.665198"><ele>27.3</ele><time>2026-03-12T08:04:33Z</time></trkpt><trkpt lat="60.238977" lon="24.665208"><ele>26.8</ele><time>2026-03-12T08:04:34Z</time></trkpt><trkpt lat="60.239023" lon="24.66519"><ele>26.3</ele><time>2026-03-12T08:04:35Z</time></trkpt><trkpt lat="60.239057" lon="24.665155"><ele>26.4</ele><time>2026-03-12T08:04:36Z</time></trkpt><trkpt lat="60.239087" lon="24.665097"><ele>26.9</ele><time>2026-03-12T08:04:37Z</time><extensions><gpxtpx:TrackPointExtension><gpxtpx:hr>130</gpxtpx:hr></gpxtpx:TrackPointExtension></extensions></trkpt><trkpt lat="60.239103" lon="24.66504"><ele>24.9</ele><time>2026-03-12T08:04:38Z</time></trkpt><trkpt lat="60.239145" lon="24.664975"><ele>26.2</ele><time>2026-03-12T08:04:39Z</time></trkpt><trkpt lat="60.239168" lon="24.664923"><ele>25.1</ele><time>2026-03-12T08:04:40Z</time><extensions><gpxtpx:TrackPointExtension><gpxtpx:hr>130</gpxtpx:hr></gpxtpx:TrackPointExtension></extensions></trkpt><trkpt lat="60.239193" lon="24.664873"><ele>26.1</ele><time>2026-03-12T08:04:41Z</time></trkpt><trkpt lat="60.239217" lon="24.664837"><ele>26.0</ele><time>2026-03-12T08:04:42Z</time></trkpt><trkpt lat="60.239257" lon="24.664792"><ele>26.5</ele><time>2026-03-12T08:04:43Z</time></trkpt><trkpt lat="60.239292" lon="24.664763"><ele>26.5</ele><time>2026-03-12T08:04:44Z</time><extensions><gpxtpx:TrackPointExtension><gpxtpx:hr>129</gpxtpx:hr></gpxtpx:TrackPointExtension></extensions></trkpt><trkpt lat="60.239325" lon="24.664743"><ele>26.0</ele><time>2026-03-12T08:04:45Z</time></trkpt><trkpt lat="60.239363" lon="24.664722"><ele>25.9</ele><time>2026-03-12T08:04:46Z</time></trkpt><trkpt lat="60.239402" lon="24.664698"><ele>26.0</ele><time>2026-03-12T08:04:47Z</time></trkpt><trkpt lat="60.23944" lon="24.664673"><ele>26.5</ele><time>2026-03-12T08:04:48Z</time></trkpt><trkpt lat="60.239477" lon="24.664657"><ele>25.7</ele><time>2026-03-12T08:04:49Z</time></trkpt><trkpt lat="60.239513" lon="24.664635"><ele>25.8</ele><time>2026-03-12T08:04:50Z</time></trkpt><trkpt lat="60.23955" lon="24.664607"><ele>25.9</ele><time>2026-03-12T08:04:51Z</time></trkpt><trkpt lat="60.239583" lon="24.664582"><ele>25.7</ele><time>2026-03-12T08:04:52Z</time><extensions><gpxtpx:TrackPointExtension><gpxtpx:hr>127</gpxtpx:hr></gpxtpx:TrackPointExtension></extensions></trkpt><trkpt lat="60.239615" lon="24.664557"><ele>25.5</ele><time>2026-03-12T08:04:53Z</time></trkpt><trkpt lat="60.239658" lon="24.664535"><ele>25.8</ele><time>2026-03-12T08:04:54Z</time><extensions><gpxtpx:TrackPointExtension><gpxtpx:hr>125</gpxtpx:hr></gpxtpx:TrackPointExtension></extensions></trkpt><trkpt lat="60.239698" lon="24.664525"><ele>25.8</ele><time>2026-03-12T08:04:55Z</time></trkpt><trkpt lat="60.239737" lon="24.664507"><ele>26.0</ele><time>2026-03-12T08:04:56Z</time></trkpt><trkpt lat="60.239775" lon="24.664492"><ele>26.0</ele><time>2026-03-12T08:04:57Z</time></trkpt><trkpt lat="60.239815" lon="24.664485"><ele>26.2</ele><time>2026-03-12T08:04:58Z</time></trkpt><trkpt lat="60.239857" lon="24.664503"><ele>26.6</ele><time>2026-03-12T08:04:59Z</time><extensions><gpxtpx:TrackPointExtension><gpxtpx:hr>122</gpxtpx:hr></gpxtpx:TrackPointExtension></extensions></trkpt><trkpt lat="60.239887" lon="24.664532"><ele>26.4</ele><time>2026-03-12T08:05:00Z</time></trkpt><trkpt lat="60.23992" lon="24.664572"><ele>26.0</ele><time>2026-03-12T08:05:01Z</time></trkpt><trkpt lat="60.239947" lon="24.664608"><ele>25.9</ele><time>2026-03-12T08:05:02Z</time></trkpt><trkpt lat="60.239972" lon="24.66466"><ele>25.8</ele><time>2026-03-12T08:05:03Z</time><extensions><gpxtpx:TrackPointExtension><gpxtpx:hr>121</gpxtpx:hr></gpxtpx:TrackPointExtension></extensions></trkpt><trkpt lat="60.239998" lon="24.664705"><ele>26.0</ele><time>2026-03-12T08:05:04Z</time></trkpt><trkpt lat="60.240023" lon="24.664742"><ele>26.9</ele><time>2026-03-12T08:05:05Z</time></trkpt><trkpt lat="60.240043" lon="24.6648"><ele>26.9</ele><time>2026-03-12T08:05:06Z</time></trkpt><trkpt lat="60.240067" lon="24.66484"><ele>26.3</ele><time>2026-03-12T08:05:07Z</time></trkpt><trkpt lat="60.240092" lon="24.66489"><ele>25.6</ele><time>2026-03-12T08:05:08Z</time><extensions><gpxtpx:TrackPointExtension><gpxtpx:hr>122</gpxtpx:hr></gpxtpx:TrackPointExtension></extensions></trkpt><trkpt lat="60.240118" lon="24.664932"><ele>25.7</ele><time>2026-03-12T08:05:09Z</time></trkpt><trkpt lat="60.240143" lon="24.66497"><ele>26.1</ele><time>2026-03-12T08:05:10Z</time></trkpt><trkpt lat="60.240165" lon="24.665007"><ele>27.1</ele><time>2026-03-12T08:05:11Z</time></trkpt><trkpt lat="60.240187" lon="24.665037"><ele>27.7</ele><time>2026-03-12T08:05:12Z</time></trkpt><trkpt lat="60.240203" lon="24.665067"><ele>26.3</ele><time>2026-03-12T08:05:13Z</time></trkpt><trkpt lat="60.240223" lon="24.665103"><ele>26.4</ele><time>2026-03-12T08:05:14Z</time><extensions><gpxtpx:TrackPointExtension><gpxtpx:hr>124</gpxtpx:hr></gpxtpx:TrackPointExtension></extensions></trkpt><trkpt lat="60.24025" lon="24.665135"><ele>25.8</ele><time>2026-03-12T08:05:15Z</time></trkpt><trkpt lat="60.240277" lon="24.665172"><ele>25.9</ele><time>2026-03-12T08:05:16Z</time></trkpt><trkpt lat="60.240303" lon="24.665197"><ele>26.0</ele><time>2026-03-12T08:05:17Z</time></trkpt><trkpt lat="60.24033" lon="24.665217"><ele>26.0</ele><time>2026-03-12T08:05:18Z</time></trkpt><trkpt lat="60.240367" lon="24.665225"><ele>27.1</ele><time>2026-03-12T08:05:19Z</time></trkpt><trkpt lat="60.240397" lon="24.665242"><ele>26.4</ele><time>2026-03-12T08:05:20Z</time><extensions><gpxtpx:TrackPointExtension><gpxtpx:hr>127</gpxtpx:hr></gpxtpx:TrackPointExtension></extensions></trkpt><trkpt lat="60.24043" lon="24.665245"><ele>26.5</ele><time>2026-03-12T08:05:21Z</time></trkpt><trkpt lat="60.240457" lon="24.665253"><ele>26.6</ele><time>2026-03-12T08:05:22Z</time></trkpt><trkpt lat="60.2405" lon="24.665235"><ele>27.2</ele><time>2026-03-12T08:05:23Z</time><extensions><gpxtpx:TrackPointExtension><gpxtpx:hr>127</gpxtpx:hr></gpxtpx:TrackPointExtension></extensions></trkpt><trkpt lat="60.240527" lon="24.665243"><ele>27.5</ele><time>2026-03-12T08:05:24Z</time></trkpt><trkpt lat="60.240557" lon="24.665248"><ele>28.0</ele><time>2026-03-12T08:05:25Z</time></trkpt><trkpt lat="60.240587" lon="24.665247"><ele>28.0</ele><time>2026-03-12T08:05:26Z</time></trkpt><trkpt lat="60.240613" lon="24.665243"><ele>28.0</ele><time>2026-03-12T08:05:27Z</time></trkpt><trkpt lat="60.240645" lon="24.665262"><ele>27.2</ele><time>2026-03-12T08:05:28Z</time></trkpt><trkpt lat="60.240682" lon="24.66527"><ele>27.2</ele><time>2026-03-12T08:05:29Z</time><extensions><gpxtpx:TrackPointExtension><gpxtpx:hr>128</gpxtpx:hr></gpxtpx:TrackPointExtension></extensions></trkpt><trkpt lat="60.240722" lon="24.66529"><ele>27.1</ele><time>2026-03-12T08:05:30Z</time></trkpt><trkpt lat="60.24075" lon="24.665317"><ele>26.4</ele><time>2026-03-12T08:05:31Z</time></trkpt><trkpt lat="60.240787" lon="24.665342"><ele>26.7</ele><time>2026-03-12T08:05:32Z</time></trkpt><trkpt lat="60.240817" lon="24.665382"><ele>26.6</ele><time>2026-03-12T08:05:33Z</time><extensions><gpxtpx:TrackPointExtension><gpxtpx:hr>127</gpxtpx:hr></gpxtpx:TrackPointExtension></extensions></trkpt><trkpt lat="60.240855" lon="24.665413"><ele>26.4</ele><time>2026-03-12T08:05:34Z</time></trkpt><trkpt lat="60.240882" lon="24.665458"><ele>27.3</ele><time>2026-03-12T08:05:35Z</time></trkpt><trkpt lat="60.240912" lon="24.665517"><ele>25.7</ele><time>2026-03-12T08:05:36Z</time></trkpt><trkpt lat="60.240937" lon="24.665575"><ele>25.1</ele><time>2026-03-12T08:05:37Z</time></trkpt><trkpt lat="60.240963" lon="24.665643"><ele>26.1</ele><time>2026-03-12T08:05:38Z</time><extensions><gpxtpx:TrackPointExtension><gpxtpx:hr>126</gpxtpx:hr></gpxtpx:TrackPointExtension></extensions></trkpt><trkpt lat="60.240982" lon="24.665697"><ele>25.7</ele><time>2026-03-12T08:05:39Z</time></trkpt><trkpt lat="60.241002" lon="24.665762"><ele>26.1</ele><time>2026-03-12T08:05:40Z</time></trkpt><trkpt lat="60.241015" lon="24.66582"><ele>26.6</ele><time>2026-03-12T08:05:41Z</time></trkpt><trkpt lat="60.241035" lon="24.665877"><ele>26.6</ele><time>2026-03-12T08:05:42Z</time></trkpt><trkpt lat="60.241052" lon="24.66593"><ele>25.5</ele><time>2026-03-12T08:05:43Z</time></trkpt><trkpt lat="60.241067" lon="24.665997"><ele>25.4</ele><time>2026-03-12T08:05:44Z</time></trkpt><trkpt lat="60.24108" lon="24.666055"><ele>25.1</ele><time>2026-03-12T08:05:45Z</time></trkpt><trkpt lat="60.241093" lon="24.666123"><ele>25.1</ele><time>2026-03-12T08:05:46Z</time></trkpt><trkpt lat="60.241102" lon="24.666188"><ele>25.4</ele><time>2026-03-12T08:05:47Z</time><extensions><gpxtpx:TrackPointExtension><gpxtpx:hr>124</gpxtpx:hr></gpxtpx:TrackPointExtension></extensions></trkpt><trkpt lat="60.241113" lon="24.666262"><ele>24.7</ele><time>2026-03-12T08:05:48Z</time></trkpt><trkpt lat="60.24112" lon="24.66633"><ele>23.9</ele><time>2026-03-12T08:05:49Z</time></trkpt><trkpt lat="60.241128" lon="24.66641"><ele>23.9</ele><time>2026-03-12T08:05:50Z</time><extensions><gpxtpx:TrackPointExtension><gpxtpx:hr>124</gpxtpx:hr></gpxtpx:TrackPointExtension></extensions></trkpt><trkpt lat="60.24113" lon="24.666475"><ele>24.6</ele><time>2026-03-12T08:05:51Z</time></trkpt><trkpt lat="60.24112" lon="24.66654"><ele>23.9</ele><time>2026-03-12T08:05:52Z</time></trkpt><trkpt lat="60.241117" lon="24.666593"><ele>23.3</ele><time>2026-03-12T08:05:53Z</time></trkpt><trkpt lat="60.241103" lon="24.666665"><ele>23.3</ele><time>2026-03-12T08:05:54Z</time></trkpt><trkpt lat="60.241088" lon="24.666715"><ele>23.6</ele><time>2026-03-12T08:05:55Z</time><extensions><gpxtpx:TrackPointExtension><gpxtpx:hr>125</gpxtpx:hr></gpxtpx:TrackPointExtension></extensions></trkpt><trkpt lat="60.241078" lon="24.66676"><ele>23.9</ele><time>2026-03-12T08:05:56Z</time></trkpt><trkpt lat="60.24106" lon="24.666803"><ele>23.8</ele><time>2026-03-12T08:05:57Z</time></trkpt><trkpt lat="60.241048" lon="24.666862"><ele>25.2</ele><time>2026-03-12T08:05:58Z</time><extensions><gpxtpx:TrackPointExtension><gpxtpx:hr>126</gpxtpx:hr></gpxtpx:TrackPointExtension></extensions></trkpt><trkpt lat="60.24103" lon="24.666902"><ele>24.4</ele><time>2026-03-12T08:05:59Z</time></trkpt><trkpt lat="60.241013" lon="24.666933"><ele>25.9</ele><time>2026-03-12T08:06:00Z</time></trkpt><trkpt lat="60.241005" lon="24.666975"><ele>25.8</ele><time>2026-03-12T08:06:01Z</time></trkpt><trkpt lat="60.240987" lon="24.667"><ele>26.0</ele><time>2026-03-12T08:06:02Z</time></trkpt><trkpt lat="60.240965" lon="24.66703"><ele>26.9</ele><time>2026-03-12T08:06:03Z</time></trkpt><trkpt lat="60.240952" lon="24.667063"><ele>28.0</ele><time>2026-03-12T08:06:04Z</time></trkpt><trkpt lat="60.240938" lon="24.667092"><ele>26.8</ele><time>2026-03-12T08:06:05Z</time></trkpt><trkpt lat="60.240922" lon="24.667128"><ele>27.2</ele><time>2026-03-12T08:06:06Z</time><extensions><gpxtpx:TrackPointExtension><gpxtpx:hr>126</gpxtpx:hr></gpxtpx:TrackPointExtension></extensions></trkpt><trkpt lat="60.240907" lon="24.667162"><ele>27.7</ele><time>2026-03-12T08:06:07Z</time></trkpt><trkpt lat="60.240892" lon="24.66719"><ele>27.3</ele><time>2026-03-12T08:06:08Z</time><extensions><gpxtpx:TrackPointExtension><gpxtpx:hr>126</gpxtpx:hr></gpxtpx:TrackPointExtension></extensions></trkpt><trkpt lat="60.240875" lon="24.66724"><ele>27.6</ele><time>2026-03-12T08:06:09Z</time></trkpt><trkpt lat="60.240853" lon="24.667293"><ele>28.1</ele><time>2026-03-12T08:06:10Z</time></trkpt><trkpt lat="60.240837" lon="24.667342"><ele>26.9</ele><time>2026-03-12T08:06:10Z</time></trkpt><trkpt lat="60.24082" lon="24.66737"><ele>27.5</ele><time>2026-03-12T08:06:11Z</time></trkpt><trkpt lat="60.240805" lon="24.667407"><ele>26.7</ele><time>2026-03-12T08:06:12Z</time></trkpt><trkpt lat="60.240785" lon="24.66745"><ele>27.5</ele><time>2026-03-12T08:06:13Z</time></trkpt><trkpt lat="60.24076" lon="24.667478"><ele>28.2</ele><time>2026-03-12T08:06:14Z</time></trkpt><trkpt lat="60.240735" lon="24.667517"><ele>26.9</ele><time>2026-03-12T08:06:15Z</time></trkpt><trkpt lat="60.24071" lon="24.667548"><ele>27.4</ele><time>2026-03-12T08:06:16Z</time></trkpt><trkpt lat="60.240687" lon="24.667582"><ele>26.4</ele><time>2026-03-12T08:06:17Z</time></trkpt><trkpt lat="60.240668" lon="24.667615"><ele>26.0</ele><time>2026-03-12T08:06:18Z</time></trkpt><trkpt lat="60.240648" lon="24.667658"><ele>26.7</ele><time>2026-03-12T08:06:19Z</time></trkpt><trkpt lat="60.240635" lon="24.667703"><ele>27.2</ele><time>2026-03-12T08:06:20Z</time><extensions><gpxtpx:TrackPointExtension><gpxtpx:hr>128</gpxtpx:hr></gpxtpx:TrackPointExtension></extensions></trkpt><trkpt lat="60.240617" lon="24.667738"><ele>28.2</ele><time>2026-03-12T08:06:21Z</time></trkpt><trkpt lat="60.240598" lon="24.667775"><ele>28.3</ele><time>2026-03-12T08:06:22Z</time></trkpt><trkpt lat="60.240582" lon="24.667818"><ele>28.4</ele><time>2026-03-12T08:06:23Z</time></trkpt><trkpt lat="60.24056" lon="24.667847"><ele>29.4</ele><time>2026-03-12T08:06:24Z</time><extensions><gpxtpx:TrackPointExtension><gpxtpx:hr>128</gpxtpx:hr></gpxtpx:TrackPointExtension></extensions></trkpt><trkpt lat="60.240548" lon="24.66789"><ele>29.2</ele><time>2026-03-12T08:06:25Z</time></trkpt><trkpt lat="60.240532" lon="24.667913"><ele>28.9</ele><time>2026-03-12T08:06:26Z</time></trkpt><trkpt lat="60.240522" lon="24.667957"><ele>28.8</ele><time>2026-03-12T08:06:27Z</time></trkpt><trkpt lat="60.240502" lon="24.668002"><ele>29.3</ele><time>2026-03-12T08:06:28Z</time></trkpt><trkpt lat="60.240485" lon="24.668035"><ele>30.0</ele><time>2026-03-12T08:06:29Z</time></trkpt><trkpt lat="60.240473" lon="24.668073"><ele>29.6</ele><time>2026-03-12T08:06:30Z</time></trkpt><trkpt lat="60.240455" lon="24.668093"><ele>30.7</ele><time>2026-03-12T08:06:31Z</time><extensions><gpxtpx:TrackPointExtension><gpxtpx:hr>129</gpxtpx:hr></gpxtpx:TrackPointExtension></extensions></trkpt><trkpt lat="60.240438" lon="24.66812"><ele>30.4</ele><time>2026-03-12T08:06:32Z</time></trkpt><trkpt lat="60.240418" lon="24.668143"><ele>30.1</ele><time>2026-03-12T08:06:33Z</time><extensions><gpxtpx:TrackPointExtension><gpxtpx:hr>130</gpxtpx:hr></gpxtpx:TrackPointExtension></extensions></trkpt><trkpt lat="60.240402" lon="24.668178"><ele>30.6</ele><time>2026-03-12T08:06:34Z</time></trkpt><trkpt lat="60.240245" lon="24.66834"><ele>28.1</ele><time>2026-03-12T08:06:40Z</time><extensions><gpxtpx:TrackPointExtension><gpxtpx:hr>132</gpxtpx:hr></gpxtpx:TrackPointExtension></extensions></trkpt><trkpt lat="60.240255" lon="24.668437"><ele>17.5</ele><time>2026-03-12T08:06:41Z</time></trkpt><trkpt lat="60.24026" lon="24.668453"><ele>17.0</ele><time>2026-03-12T08:06:42Z</time></trkpt><trkpt lat="60.24023" lon="24.668468"><ele>21.4</ele><time>2026-03-12T08:06:43Z</time></trkpt><trkpt lat="60.240217" lon="24.66851"><ele>24.1</ele><time>2026-03-12T08:06:44Z</time></trkpt><trkpt lat="60.240208" lon="24.668533"><ele>26.0</ele><time>2026-03-12T08:06:45Z</time></trkpt><trkpt lat="60.240192" lon="24.668565"><ele>27.9</ele><time>2026-03-12T08:06:46Z</time></trkpt><trkpt lat="60.240178" lon="24.668602"><ele>29.1</ele><time>2026-03-12T08:06:47Z</time></trkpt><trkpt lat="60.240163" lon="24.668632"><ele>30.1</ele><time>2026-03-12T08:06:48Z</time></trkpt><trkpt lat="60.24015" lon="24.66866"><ele>29.7</ele><time>2026-03-12T08:06:49Z</time></trkpt><trkpt lat="60.240135" lon="24.668687"><ele>29.8</ele><time>2026-03-12T08:06:50Z</time></trkpt><trkpt lat="60.240122" lon="24.668712"><ele>29.8</ele><time>2026-03-12T08:06:51Z</time></trkpt><trkpt lat="60.240103" lon="24.668743"><ele>29.7</ele><time>2026-03-12T08:06:52Z</time><extensions><gpxtpx:TrackPointExtension><gpxtpx:hr>133</gpxtpx:hr></gpxtpx:TrackPointExtension></extensions></trkpt><trkpt lat="60.240085" lon="24.66879"><ele>29.3</ele><time>2026-03-12T08:06:53Z</time></trkpt><trkpt lat="60.240068" lon="24.668815"><ele>28.7</ele><time>2026-03-12T08:06:54Z</time></trkpt><trkpt lat="60.24005" lon="24.668845"><ele>28.4</ele><time>2026-03-12T08:06:55Z</time><extensions><gpxtpx:TrackPointExtension><gpxtpx:hr>133</gpxtpx:hr></gpxtpx:TrackPointExtension></extensions></trkpt><trkpt lat="60.240018" lon="24.668895"><ele>27.3</ele><time>2026-03-12T08:06:57Z</time></trkpt><trkpt lat="60.240002" lon="24.668925"><ele>27.3</ele><time>2026-03-12T08:06:58Z</time></trkpt><trkpt lat="60.239973" lon="24.668967"><ele>26.9</ele><time>2026-03-12T08:06:59Z</time><extensions><gpxtpx:TrackPointExtension><gpxtpx:hr>133</gpxtpx:hr></gpxtpx:TrackPointExtension></extensions></trkpt><trkpt lat="60.239937" lon="24.668992"><ele>26.5</ele><time>2026-03-12T08:07:00Z</time></trkpt><trkpt lat="60.239903" lon="24.669008"><ele>25.9</ele><time>2026-03-12T08:07:01Z</time></trkpt><trkpt lat="60.239872" lon="24.669027"><ele>25.5</ele><time>2026-03-12T08:07:02Z</time></trkpt><trkpt lat="60.239845" lon="24.669023"><ele>24.8</ele><time>2026-03-12T08:07:03Z</time></trkpt><trkpt lat="60.239823" lon="24.66901"><ele>24.8</ele><time>2026-03-12T08:07:04Z</time></trkpt><trkpt lat="60.239803" lon="24.668997"><ele>24.8</ele><time>2026-03-12T08:07:05Z</time></trkpt><trkpt lat="60.239547" lon="24.668618"><ele>28.2</ele><time>2026-03-12T08:07:13Z</time></trkpt><trkpt lat="60.239415" lon="24.667987"><ele>37.8</ele><time>2026-03-12T08:07:24Z</time><extensions><gpxtpx:TrackPointExtension><gpxtpx:hr>133</gpxtpx:hr></gpxtpx:TrackPointExtension></extensions></trkpt><trkpt lat="60.239415" lon="24.667987"><ele>37.8</ele><time>2026-03-12T08:07:20Z</time><extensions><gpxtpx:TrackPointExtension><gpxtpx:hr>132</gpxtpx:hr></gpxtpx:TrackPointExtension></extensions></trkpt><trkpt lat="60.239415" lon="24.667987"><ele>37.8</ele><time>2026-03-12T08:07:23Z</time><extensions><gpxtpx:TrackPointExtension><gpxtpx:hr>131</gpxtpx:hr></gpxtpx:TrackPointExtension></extensions></trkpt><trkpt lat="60.239382" lon="24.66792"><ele>36.9</ele><time>2026-03-12T08:07:25Z</time></trkpt><trkpt lat="60.239368" lon="24.66787"><ele>36.9</ele><time>2026-03-12T08:07:26Z</time></trkpt><trkpt lat="60.239338" lon="24.667822"><ele>37.0</ele><time>2026-03-12T08:07:27Z</time></trkpt><trkpt lat="60.239308" lon="24.667783"><ele>38.0</ele><time>2026-03-12T08:07:29Z</time></trkpt><trkpt lat="60.23929" lon="24.66776"><ele>38.0</ele><time>2026-03-12T08:07:30Z</time></trkpt><trkpt lat="60.239268" lon="24.66774"><ele>38.2</ele><time>2026-03-12T08:07:31Z</time></trkpt><trkpt lat="60.239263" lon="24.667743"><ele>38.2</ele><time>2026-03-12T08:07:32Z</time><extensions><gpxtpx:TrackPointExtension><gpxtpx:hr>127</gpxtpx:hr></gpxtpx:TrackPointExtension></extensions></trkpt><trkpt lat="60.239247" lon="24.667733"><ele>39.3</ele><time>2026-03-12T08:07:33Z</time><extensions><gpxtpx:TrackPointExtension><gpxtpx:hr>127</gpxtpx:hr></gpxtpx:TrackPointExtension></extensions></trkpt><trkpt lat="60.239233" lon="24.667713"><ele>39.5</ele><time>2026-03-12T08:07:34Z</time></trkpt><trkpt lat="60.239222" lon="24.667703"><ele>39.5</ele><time>2026-03-12T08:07:35Z</time></trkpt><trkpt lat="60.239208" lon="24.66769"><ele>39.3</ele><time>2026-03-12T08:07:36Z</time></trkpt><trkpt lat="60.239188" lon="24.667688"><ele>39.7</ele><time>2026-03-12T08:07:37Z</time></trkpt><trkpt lat="60.239168" lon="24.667693"><ele>38.6</ele><time>2026-03-12T08:07:38Z</time></trkpt><trkpt lat="60.239148" lon="24.667683"><ele>38.4</ele><time>2026-03-12T08:07:39Z</time><extensions><gpxtpx:TrackPointExtension><gpxtpx:hr>129</gpxtpx:hr></gpxtpx:TrackPointExtension></extensions></trkpt><trkpt lat="60.239133" lon="24.667678"><ele>39.3</ele><time>2026-03-12T08:07:40Z</time></trkpt><trkpt lat="60.239113" lon="24.66768"><ele>40.0</ele><time>2026-03-12T08:07:41Z</time></trkpt><trkpt lat="60.239093" lon="24.66769"><ele>39.2</ele><time>2026-03-12T08:07:42Z</time></trkpt><trkpt lat="60.239067" lon="24.667698"><ele>38.7</ele><time>2026-03-12T08:07:43Z</time></trkpt><trkpt lat="60.239038" lon="24.667705"><ele>40.2</ele><time>2026-03-12T08:07:44Z</time></trkpt><trkpt lat="60.23901" lon="24.667715"><ele>41.1</ele><time>2026-03-12T08:07:45Z</time></trkpt><trkpt lat="60.238982" lon="24.667722"><ele>40.8</ele><time>2026-03-12T08:07:46Z</time></trkpt><trkpt lat="60.238933" lon="24.667777"><ele>49.7</ele><time>2026-03-12T08:07:47Z</time></trkpt><trkpt lat="60.238912" lon="24.667823"><ele>47.4</ele><time>2026-03-12T08:07:48Z</time></trkpt><trkpt lat="60.238907" lon="24.667807"><ele>45.2</ele><time>2026-03-12T08:07:49Z</time></trkpt><trkpt lat="60.238887" lon="24.667815"><ele>45.0</ele><time>2026-03-12T08:07:50Z</time></trkpt><trkpt lat="60.238857" lon="24.667843"><ele>44.3</ele><time>2026-03-12T08:07:51Z</time></trkpt><trkpt lat="60.238845" lon="24.667867"><ele>45.8</ele><time>2026-03-12T08:07:52Z</time></trkpt><trkpt lat="60.23883" lon="24.667877"><ele>45.5</ele><time>2026-03-12T08:07:53Z</time></trkpt><trkpt lat="60.2388" lon="24.667912"><ele>44.7</ele><time>2026-03-12T08:07:54Z</time></trkpt><trkpt lat="60.238777" lon="24.66792"><ele>44.3</ele><time>2026-03-12T08:07:55Z</time></trkpt><trkpt lat="60.23875" lon="24.66794"><ele>44.0</ele><time>2026-03-12T08:07:56Z</time></trkpt><trkpt lat="60.238738" lon="24.667962"><ele>43.9</ele><time>2026-03-12T08:07:57Z</time></trkpt><trkpt lat="60.238713" lon="24.667968"><ele>43.8</ele><time>2026-03-12T08:07:58Z</time></trkpt><trkpt lat="60.238697" lon="24.66801"><ele>43.1</ele><time>2026-03-12T08:07:59Z</time></trkpt><trkpt lat="60.238688" lon="24.668022"><ele>43.8</ele><time>2026-03-12T08:08:00Z</time></trkpt><trkpt lat="60.238663" lon="24.668052"><ele>44.5</ele><time>2026-03-12T08:08:01Z</time></trkpt><trkpt lat="60.238648" lon="24.668065"><ele>44.6</ele><time>2026-03-12T08:08:02Z</time></trkpt><trkpt lat="60.238625" lon="24.668073"><ele>45.9</ele><time>2026-03-12T08:08:03Z</time></trkpt><trkpt lat="60.238603" lon="24.668095"><ele>45.6</ele><time>2026-03-12T08:08:04Z</time></trkpt><trkpt lat="60.238563" lon="24.668077"><ele>45.9</ele><time>2026-03-12T08:08:05Z</time></trkpt><trkpt lat="60.238567" lon="24.66813"><ele>46.3</ele><time>2026-03-12T08:08:06Z</time></trkpt><trkpt lat="60.238548" lon="24.66817"><ele>46.7</ele><time>2026-03-12T08:08:07Z</time></trkpt><trkpt lat="60.238533" lon="24.668187"><ele>46.1</ele><time>2026-03-12T08:08:08Z</time></trkpt><trkpt lat="60.238517" lon="24.668212"><ele>46.5</ele><time>2026-03-12T08:08:09Z</time></trkpt><trkpt lat="60.238493" lon="24.668248"><ele>46.1</ele><time>2026-03-12T08:08:10Z</time></trkpt><trkpt lat="60.23847" lon="24.668275"><ele>46.8</ele><time>2026-03-12T08:08:11Z</time></trkpt><trkpt lat="60.238445" lon="24.66829"><ele>45.8</ele><time>2026-03-12T08:08:12Z</time></trkpt><trkpt lat="60.238443" lon="24.668328"><ele>45.9</ele><time>2026-03-12T08:08:13Z</time></trkpt><trkpt lat="60.238432" lon="24.668358"><ele>46.4</ele><time>2026-03-12T08:08:14Z</time></trkpt><trkpt lat="60.23841" lon="24.668392"><ele>46.8</ele><time>2026-03-12T08:08:15Z</time></trkpt><trkpt lat="60.238392" lon="24.668452"><ele>45.7</ele><time>2026-03-12T08:08:16Z</time></trkpt><trkpt lat="60.238377" lon="24.66847"><ele>46.5</ele><time>2026-03-12T08:08:17Z</time></trkpt><trkpt lat="60.238357" lon="24.668497"><ele>45.7</ele><time>2026-03-12T08:08:18Z</time></trkpt><trkpt lat="60.238345" lon="24.668542"><ele>44.9</ele><time>2026-03-12T08:08:19Z</time></trkpt><trkpt lat="60.238332" lon="24.668582"><ele>45.8</ele><time>2026-03-12T08:08:20Z</time></trkpt><trkpt lat="60.23831" lon="24.668643"><ele>45.5</ele><time>2026-03-12T08:08:21Z</time></trkpt><trkpt lat="60.238317" lon="24.668693"><ele>45.8</ele><time>2026-03-12T08:08:22Z</time></trkpt><trkpt lat="60.23831" lon="24.668722"><ele>46.7</ele><time>2026-03-12T08:08:23Z</time></trkpt><trkpt lat="60.238302" lon="24.668758"><ele>46.4</ele><time>2026-03-12T08:08:24Z</time></trkpt><trkpt lat="60.238308" lon="24.668782"><ele>46.6</ele><time>2026-03-12T08:08:25Z</time></trkpt><trkpt lat="60.238307" lon="24.668803"><ele>47.4</ele><time>2026-03-12T08:08:26Z</time></trkpt><trkpt lat="60.2383" lon="24.668837"><ele>48.3</ele><time>2026-03-12T08:08:27Z</time></trkpt><trkpt lat="60.238292" lon="24.668867"><ele>47.9</ele><time>2026-03-12T08:08:28Z</time></trkpt><trkpt lat="60.238288" lon="24.668883"><ele>47.2</ele><time>2026-03-12T08:08:29Z</time></trkpt><trkpt lat="60.238285" lon="24.668905"><ele>47.4</ele><time>2026-03-12T08:08:30Z</time></trkpt><trkpt lat="60.23828" lon="24.668923"><ele>47.4</ele><time>2026-03-12T08:08:31Z</time></trkpt><trkpt lat="60.238278" lon="24.668938"><ele>46.5</ele><time>2026-03-12T08:08:32Z</time></trkpt><trkpt lat="60.238282" lon="24.668953"><ele>46.6</ele><time>2026-03-12T08:08:33Z</time></trkpt><trkpt lat="60.238278" lon="24.668977"><ele>46.3</ele><time>2026-03-12T08:08:34Z</time></trkpt><trkpt lat="60.238278" lon="24.668995"><ele>45.9</ele><time>2026-03-12T08:08:35Z</time></trkpt><trkpt lat="60.238282" lon="24.669012"><ele>45.6</ele><time>2026-03-12T08:08:36Z</time></trkpt><trkpt lat="60.238285" lon="24.669028"><ele>45.8</ele><time>2026-03-12T08:08:37Z</time><extensions><gpxtpx:TrackPointExtension><gpxtpx:hr>141</gpxtpx:hr></gpxtpx:TrackPointExtension></extensions></trkpt><trkpt lat="60.238285" lon="24.669063"><ele>46.0</ele><time>2026-03-12T08:08:38Z</time></trkpt><trkpt lat="60.238287" lon="24.66908"><ele>46.1</ele><time>2026-03-12T08:08:39Z</time></trkpt><trkpt lat="60.238288" lon="24.6691"><ele>46.6</ele><time>2026-03-12T08:08:40Z</time></trkpt><trkpt lat="60.238287" lon="24.669118"><ele>46.5</ele><time>2026-03-12T08:08:41Z</time></trkpt><trkpt lat="60.238292" lon="24.669143"><ele>46.9</ele><time>2026-03-12T08:08:42Z</time><extensions><gpxtpx:TrackPointExtension><gpxtpx:hr>138</gpxtpx:hr></gpxtpx:TrackPointExtension></extensions></trkpt><trkpt lat="60.238297" lon="24.669155"><ele>46.9</ele><time>2026-03-12T08:08:43Z</time><extensions><gpxtpx:TrackPointExtension><gpxtpx:hr>137</gpxtpx:hr></gpxtpx:TrackPointExtension></extensions></trkpt><trkpt lat="60.23831" lon="24.669182"><ele>47.0</ele><time>2026-03-12T08:08:44Z</time></trkpt><trkpt lat="60.238318" lon="24.669218"><ele>46.7</ele><time>2026-03-12T08:08:45Z</time></trkpt><trkpt lat="60.238328" lon="24.669257"><ele>46.5</ele><time>2026-03-12T08:08:46Z</time></trkpt><trkpt lat="60.238342" lon="24.6693"><ele>47.0</ele><time>2026-03-12T08:08:47Z</time></trkpt><trkpt lat="60.238352" lon="24.669332"><ele>47.4</ele><time>2026-03-12T08:08:48Z</time><extensions><gpxtpx:TrackPointExtension><gpxtpx:hr>134</gpxtpx:hr></gpxtpx:TrackPointExtension></extensions></trkpt><trkpt lat="60.23836" lon="24.669352"><ele>48.2</ele><time>2026-03-12T08:08:49Z</time></trkpt><trkpt lat="60.238367" lon="24.66938"><ele>47.9</ele><time>2026-03-12T08:08:50Z</time></trkpt><trkpt lat="60.238375" lon="24.66941"><ele>48.8</ele><time>2026-03-12T08:08:51Z</time></trkpt><trkpt lat="60.238368" lon="24.669442"><ele>49.2</ele><time>2026-03-12T08:08:52Z</time></trkpt><trkpt lat="60.238372" lon="24.669447"><ele>49.9</ele><time>2026-03-12T08:08:53Z</time></trkpt><trkpt lat="60.238372" lon="24.669463"><ele>49.9</ele><time>2026-03-12T08:08:54Z</time><extensions><gpxtpx:TrackPointExtension><gpxtpx:hr>130</gpxtpx:hr></gpxtpx:TrackPointExtension></extensions></trkpt><trkpt lat="60.238372" lon="24.669478"><ele>49.5</ele><time>2026-03-12T08:08:55Z</time></trkpt><trkpt lat="60.23838" lon="24.669517"><ele>49.1</ele><time>2026-03-12T08:08:56Z</time></trkpt><trkpt lat="60.23838" lon="24.669542"><ele>49.6</ele><time>2026-03-12T08:08:57Z</time></trkpt><trkpt lat="60.238375" lon="24.669587"><ele>49.3</ele><time>2026-03-12T08:08:58Z</time></trkpt><trkpt lat="60.238373" lon="24.669618"><ele>48.8</ele><time>2026-03-12T08:08:59Z</time></trkpt><trkpt lat="60.238378" lon="24.66964"><ele>49.1</ele><time>2026-03-12T08:09:00Z</time></trkpt><trkpt lat="60.238372" lon="24.669655"><ele>49.1</ele><time>2026-03-12T08:09:01Z</time></trkpt><trkpt lat="60.238363" lon="24.669708"><ele>49.1</ele><time>2026-03-12T08:09:02Z</time><extensions><gpxtpx:TrackPointExtension><gpxtpx:hr>128</gpxtpx:hr></gpxtpx:TrackPointExtension></extensions></trkpt><trkpt lat="60.238357" lon="24.66973"><ele>49.8</ele><time>2026-03-12T08:09:03Z</time><extensions><gpxtpx:TrackPointExtension><gpxtpx:hr>127</gpxtpx:hr></gpxtpx:TrackPointExtension></extensions></trkpt><trkpt lat="60.238347" lon="24.669717"><ele>49.3</ele><time>2026-03-12T08:09:04Z</time></trkpt><trkpt lat="60.238343" lon="24.669738"><ele>48.7</ele><time>2026-03-12T08:09:05Z</time></trkpt><trkpt lat="60.23834" lon="24.669783"><ele>47.6</ele><time>2026-03-12T08:09:06Z</time></trkpt><trkpt lat="60.238325" lon="24.669833"><ele>46.9</ele><time>2026-03-12T08:09:07Z</time></trkpt><trkpt lat="60.238325" lon="24.669875"><ele>47.8</ele><time>2026-03-12T08:09:08Z</time><extensions><gpxtpx:TrackPointExtension><gpxtpx:hr>129</gpxtpx:hr></gpxtpx:TrackPointExtension></extensions></trkpt><trkpt lat="60.238328" lon="24.669912"><ele>48.0</ele><time>2026-03-12T08:09:09Z</time></trkpt><trkpt lat="60.238323" lon="24.669948"><ele>47.8</ele><time>2026-03-12T08:09:10Z</time></trkpt><trkpt lat="60.23831" lon="24.669975"><ele>48.1</ele><time>2026-03-12T08:09:11Z</time></trkpt><trkpt lat="60.23829" lon="24.670013"><ele>47.8</ele><time>2026-03-12T08:09:12Z</time></trkpt><trkpt lat="60.238285" lon="24.67005"><ele>48.3</ele><time>2026-03-12T08:09:13Z</time></trkpt><trkpt lat="60.238268" lon="24.670102"><ele>48.5</ele><time>2026-03-12T08:09:14Z</time></trkpt><trkpt lat="60.23825" lon="24.670152"><ele>47.6</ele><time>2026-03-12T08:09:15Z</time></trkpt><trkpt lat="60.238233" lon="24.670203"><ele>47.3</ele><time>2026-03-12T08:09:16Z</time></trkpt><trkpt lat="60.238232" lon="24.670255"><ele>47.6</ele><time>2026-03-12T08:09:17Z</time><extensions><gpxtpx:TrackPointExtension><gpxtpx:hr>123</gpxtpx:hr></gpxtpx:TrackPointExtension></extensions></trkpt><trkpt lat="60.238203" lon="24.670292"><ele>47.4</ele><time>2026-03-12T08:09:18Z</time></trkpt><trkpt lat="60.238198" lon="24.670333"><ele>46.5</ele><time>2026-03-12T08:09:19Z</time><extensions><gpxtpx:TrackPointExtension><gpxtpx:hr>123</gpxtpx:hr></gpxtpx:TrackPointExtension></extensions></trkpt><trkpt lat="60.238172" lon="24.670358"><ele>47.0</ele><time>2026-03-12T08:09:20Z</time></trkpt><trkpt lat="60.238148" lon="24.670382"><ele>48.6</ele><time>2026-03-12T08:09:21Z</time></trkpt><trkpt lat="60.238138" lon="24.670412"><ele>46.8</ele><time>2026-03-12T08:09:22Z</time></trkpt><trkpt lat="60.238125" lon="24.67045"><ele>48.0</ele><time>2026-03-12T08:09:23Z</time><extensions><gpxtpx:TrackPointExtension><gpxtpx:hr>125</gpxtpx:hr></gpxtpx:TrackPointExtension></extensions></trkpt><trkpt lat="60.238102" lon="24.6705"><ele>47.2</ele><time>2026-03-12T08:09:24Z</time></trkpt><trkpt lat="60.238085" lon="24.670532"><ele>47.2</ele><time>2026-03-12T08:09:25Z</time></trkpt><trkpt lat="60.238083" lon="24.670523"><ele>49.0</ele><time>2026-03-12T08:09:26Z</time></trkpt><trkpt lat="60.238083" lon="24.670542"><ele>49.1</ele><time>2026-03-12T08:09:27Z</time></trkpt><trkpt lat="60.238067" lon="24.67056"><ele>50.6</ele><time>2026-03-12T08:09:28Z</time><extensions><gpxtpx:TrackPointExtension><gpxtpx:hr>126</gpxtpx:hr></gpxtpx:TrackPointExtension></extensions></trkpt><trkpt lat="60.23805" lon="24.670575"><ele>51.6</ele><time>2026-03-12T08:09:29Z</time></trkpt><trkpt lat="60.238042" lon="24.670598"><ele>51.2</ele><time>2026-03-12T08:09:30Z</time></trkpt><trkpt lat="60.238035" lon="24.670617"><ele>51.3</ele><time>2026-03-12T08:09:31Z</time></trkpt><trkpt lat="60.238015" lon="24.670635"><ele>51.8</ele><time>2026-03-12T08:09:32Z</time></trkpt><trkpt lat="60.238007" lon="24.670667"><ele>52.1</ele><time>2026-03-12T08:09:33Z</time><extensions><gpxtpx:TrackPointExtension><gpxtpx:hr>128</gpxtpx:hr></gpxtpx:TrackPointExtension></extensions></trkpt><trkpt lat="60.238005" lon="24.670697"><ele>52.4</ele><time>2026-03-12T08:09:34Z</time></trkpt><trkpt lat="60.237983" lon="24.670727"><ele>51.3</ele><time>2026-03-12T08:09:35Z</time></trkpt><trkpt lat="60.237982" lon="24.67077"><ele>50.7</ele><time>2026-03-12T08:09:36Z</time></trkpt><trkpt lat="60.237992" lon="24.670825"><ele>51.2</ele><time>2026-03-12T08:09:37Z</time></trkpt><trkpt lat="60.238002" lon="24.67086"><ele>51.2</ele><time>2026-03-12T08:09:38Z</time></trkpt><trkpt lat="60.23802" lon="24.67087"><ele>51.1</ele><time>2026-03-12T08:09:39Z</time></trkpt><trkpt lat="60.238037" lon="24.670867"><ele>51.7</ele><time>2026-03-12T08:09:40Z</time></trkpt><trkpt lat="60.238043" lon="24.670855"><ele>51.1</ele><time>2026-03-12T08:09:41Z</time></trkpt><trkpt lat="60.238058" lon="24.670837"><ele>52.1</ele><time>2026-03-12T08:09:42Z</time><extensions><gpxtpx:TrackPointExtension><gpxtpx:hr>131</gpxtpx:hr></gpxtpx:TrackPointExtension></extensions></trkpt><trkpt lat="60.238068" lon="24.670828"><ele>51.4</ele><time>2026-03-12T08:09:43Z</time></trkpt><trkpt lat="60.238082" lon="24.670815"><ele>51.5</ele><time>2026-03-12T08:09:44Z</time><extensions><gpxtpx:TrackPointExtension><gpxtpx:hr>131</gpxtpx:hr></gpxtpx:TrackPointExtension></extensions></trkpt><trkpt lat="60.238102" lon="24.670802"><ele>52.3</ele><time>2026-03-12T08:09:45Z</time></trkpt><trkpt lat="60.238122" lon="24.670775"><ele>52.5</ele><time>2026-03-12T08:09:46Z</time></trkpt><trkpt lat="60.238135" lon="24.67075"><ele>52.6</ele><time>2026-03-12T08:09:47Z</time></trkpt><trkpt lat="60.238195" lon="24.670807"><ele>47.3</ele><time>2026-03-12T08:09:47Z</time></trkpt><trkpt lat="60.23821" lon="24.6708"><ele>46.5</ele><time>2026-03-12T08:09:48Z</time></trkpt><trkpt lat="60.238228" lon="24.670792"><ele>46.6</ele><time>2026-03-12T08:09:49Z</time></trkpt><trkpt lat="60.238248" lon="24.670792"><ele>46.8</ele><time>2026-03-12T08:09:50Z</time><extensions><gpxtpx:TrackPointExtension><gpxtpx:hr>131</gpxtpx:hr></gpxtpx:TrackPointExtension></extensions></trkpt><trkpt lat="60.238263" lon="24.670788"><ele>46.8</ele><time>2026-03-12T08:09:51Z</time></trkpt><trkpt lat="60.238287" lon="24.67079"><ele>46.4</ele><time>2026-03-12T08:09:52Z</time></trkpt><trkpt lat="60.238307" lon="24.670792"><ele>45.8</ele><time>2026-03-12T08:09:53Z</time></trkpt><trkpt lat="60.238328" lon="24.67078"><ele>45.6</ele><time>2026-03-12T08:09:54Z</time></trkpt><trkpt lat="60.23836" lon="24.670788"><ele>45.4</ele><time>2026-03-12T08:09:55Z</time></trkpt><trkpt lat="60.238395" lon="24.670788"><ele>45.2</ele><time>2026-03-12T08:09:57Z</time><extensions><gpxtpx:TrackPointExtension><gpxtpx:hr>128</gpxtpx:hr></gpxtpx:TrackPointExtension></extensions></trkpt><trkpt lat="60.23848" lon="24.670807"><ele>44.4</ele><time>2026-03-12T08:09:58Z</time><extensions><gpxtpx:TrackPointExtension><gpxtpx:hr>127</gpxtpx:hr></gpxtpx:TrackPointExtension></extensions></trkpt><trkpt lat="60.238578" lon="24.670845"><ele>42.3</ele><time>2026-03-12T08:09:59Z</time></trkpt><trkpt lat="60.238657" lon="24.670865"><ele>42.0</ele><time>2026-03-12T08:10:00Z</time></trkpt><trkpt lat="60.238715" lon="24.670883"><ele>41.5</ele><time>2026-03-12T08:10:01Z</time></trkpt><trkpt lat="60.238763" lon="24.670898"><ele>40.0</ele><time>2026-03-12T08:10:02Z</time></trkpt><trkpt lat="60.238798" lon="24.670963"><ele>36.0</ele><time>2026-03-12T08:10:03Z</time><extensions><gpxtpx:TrackPointExtension><gpxtpx:hr>123</gpxtpx:hr></gpxtpx:TrackPointExtension></extensions></trkpt><trkpt lat="60.238845" lon="24.671003"><ele>33.4</ele><time>2026-03-12T08:10:04Z</time></trkpt><trkpt lat="60.238893" lon="24.671038"><ele>30.8</ele><time>2026-03-12T08:10:05Z</time></trkpt><trkpt lat="60.23896" lon="24.671102"><ele>27.8</ele><time>2026-03-12T08:10:06Z</time></trkpt><trkpt lat="60.239023" lon="24.671117"><ele>25.3</ele><time>2026-03-12T08:10:07Z</time></trkpt><trkpt lat="60.239087" lon="24.671172"><ele>21.5</ele><time>2026-03-12T08:10:08Z</time></trkpt><trkpt lat="60.239142" lon="24.671218"><ele>18.4</ele><time>2026-03-12T08:10:09Z</time></trkpt><trkpt lat="60.239208" lon="24.67125"><ele>18.5</ele><time>2026-03-12T08:10:10Z</time></trkpt><trkpt lat="60.239273" lon="24.671262"><ele>18.3</ele><time>2026-03-12T08:10:11Z</time></trkpt><trkpt lat="60.239608" lon="24.671652"><ele>15.9</ele><time>2026-03-12T08:10:12Z</time><extensions><gpxtpx:TrackPointExtension><gpxtpx:hr>115</gpxtpx:hr></gpxtpx:TrackPointExtension></extensions></trkpt><trkpt lat="60.239693" lon="24.671817"><ele>16.6</ele><time>2026-03-12T08:10:13Z</time></trkpt><trkpt lat="60.239772" lon="24.67175"><ele>18.5</ele><time>2026-03-12T08:10:14Z</time></trkpt><trkpt lat="60.239848" lon="24.671688"><ele>24.4</ele><time>2026-03-12T08:10:15Z</time><extensions><gpxtpx:TrackPointExtension><gpxtpx:hr>113</gpxtpx:hr></gpxtpx:TrackPointExtension></extensions></trkpt><trkpt lat="60.239882" lon="24.671675"><ele>24.5</ele><time>2026-03-12T08:10:16Z</time></trkpt><trkpt lat="60.239927" lon="24.671648"><ele>25.8</ele><time>2026-03-12T08:10:17Z</time></trkpt><trkpt lat="60.23996" lon="24.671435"><ele>25.4</ele><time>2026-03-12T08:10:18Z</time><extensions><gpxtpx:TrackPointExtension><gpxtpx:hr>114</gpxtpx:hr></gpxtpx:TrackPointExtension></extensions></trkpt><trkpt lat="60.239978" lon="24.671367"><ele>26.2</ele><time>2026-03-12T08:10:19Z</time></trkpt><trkpt lat="60.239997" lon="24.6713"><ele>27.1</ele><time>2026-03-12T08:10:20Z</time></trkpt><trkpt lat="60.240018" lon="24.671242"><ele>27.1</ele><time>2026-03-12T08:10:21Z</time></trkpt><trkpt lat="60.240027" lon="24.671207"><ele>27.9</ele><time>2026-03-12T08:10:22Z</time></trkpt><trkpt lat="60.240052" lon="24.671103"><ele>27.1</ele><time>2026-03-12T08:10:23Z</time></trkpt><trkpt lat="60.240057" lon="24.671025"><ele>26.6</ele><time>2026-03-12T08:10:24Z</time></trkpt><trkpt lat="60.24006" lon="24.670887"><ele>25.9</ele><time>2026-03-12T08:10:25Z</time><extensions><gpxtpx:TrackPointExtension><gpxtpx:hr>114</gpxtpx:hr></gpxtpx:TrackPointExtension></extensions></trkpt><trkpt lat="60.240052" lon="24.670787"><ele>26.8</ele><time>2026-03-12T08:10:26Z</time></trkpt><trkpt lat="60.240043" lon="24.670708"><ele>26.9</ele><time>2026-03-12T08:10:27Z</time></trkpt><trkpt lat="60.240033" lon="24.67066"><ele>26.1</ele><time>2026-03-12T08:10:28Z</time><extensions><gpxtpx:TrackPointExtension><gpxtpx:hr>113</gpxtpx:hr></gpxtpx:TrackPointExtension></extensions></trkpt><trkpt lat="60.240022" lon="24.670585"><ele>26.7</ele><time>2026-03-12T08:10:29Z</time></trkpt><trkpt lat="60.240012" lon="24.670532"><ele>26.6</ele><time>2026-03-12T08:10:30Z</time></trkpt><trkpt lat="60.24" lon="24.67046"><ele>28.0</ele><time>2026-03-12T08:10:31Z</time></trkpt><trkpt lat="60.239987" lon="24.67039"><ele>28.3</ele><time>2026-03-12T08:10:32Z</time></trkpt><trkpt lat="60.239967" lon="24.670333"><ele>29.3</ele><time>2026-03-12T08:10:33Z</time><extensions><gpxtpx:TrackPointExtension><gpxtpx:hr>112</gpxtpx:hr></gpxtpx:TrackPointExtension></extensions></trkpt><trkpt lat="60.239967" lon="24.670268"><ele>29.8</ele><time>2026-03-12T08:10:34Z</time></trkpt><trkpt lat="60.239968" lon="24.670198"><ele>30.6</ele><time>2026-03-12T08:10:35Z</time></trkpt><trkpt lat="60.239965" lon="24.67014"><ele>31.6</ele><time>2026-03-12T08:10:36Z</time></trkpt><trkpt lat="60.239967" lon="24.670083"><ele>32.4</ele><time>2026-03-12T08:10:37Z</time></trkpt><trkpt lat="60.239968" lon="24.670053"><ele>32.8</ele><time>2026-03-12T08:10:38Z</time><extensions><gpxtpx:TrackPointExtension><gpxtpx:hr>113</gpxtpx:hr></gpxtpx:TrackPointExtension></extensions></trkpt><trkpt lat="60.23997" lon="24.670018"><ele>32.5</ele><time>2026-03-12T08:10:39Z</time></trkpt><trkpt lat="60.23997" lon="24.669977"><ele>32.3</ele><time>2026-03-12T08:10:40Z</time></trkpt><trkpt lat="60.239968" lon="24.669953"><ele>32.9</ele><time>2026-03-12T08:10:41Z</time></trkpt><trkpt lat="60.239972" lon="24.669917"><ele>33.4</ele><time>2026-03-12T08:10:42Z</time></trkpt><trkpt lat="60.239973" lon="24.669883"><ele>33.2</ele><time>2026-03-12T08:10:43Z</time><extensions><gpxtpx:TrackPointExtension><gpxtpx:hr>115</gpxtpx:hr></gpxtpx:TrackPointExtension></extensions></trkpt><trkpt lat="60.239975" lon="24.669845"><ele>32.7</ele><time>2026-03-12T08:10:44Z</time></trkpt><trkpt lat="60.239978" lon="24.669797"><ele>31.9</ele><time>2026-03-12T08:10:45Z</time></trkpt><trkpt lat="60.239995" lon="24.669717"><ele>31.6</ele><time>2026-03-12T08:10:46Z</time></trkpt><trkpt lat="60.240007" lon="24.669628"><ele>31.0</ele><time>2026-03-12T08:10:47Z</time></trkpt><trkpt lat="60.24003" lon="24.669532"><ele>31.7</ele><time>2026-03-12T08:10:48Z</time></trkpt><trkpt lat="60.24005" lon="24.669443"><ele>31.3</ele><time>2026-03-12T08:10:49Z</time></trkpt><trkpt lat="60.240072" lon="24.66936"><ele>31.3</ele><time>2026-03-12T08:10:50Z</time></trkpt><trkpt lat="60.240098" lon="24.669288"><ele>31.9</ele><time>2026-03-12T08:10:51Z</time></trkpt><trkpt lat="60.240113" lon="24.66923"><ele>32.1</ele><time>2026-03-12T08:10:52Z</time><extensions><gpxtpx:TrackPointExtension><gpxtpx:hr>115</gpxtpx:hr></gpxtpx:TrackPointExtension></extensions></trkpt><trkpt lat="60.240135" lon="24.669172"><ele>33.3</ele><time>2026-03-12T08:10:53Z</time><extensions><gpxtpx:TrackPointExtension><gpxtpx:hr>115</gpxtpx:hr></gpxtpx:TrackPointExtension></extensions></trkpt><trkpt lat="60.240145" lon="24.669123"><ele>33.4</ele><time>2026-03-12T08:10:54Z</time></trkpt><trkpt lat="60.240157" lon="24.669052"><ele>32.8</ele><time>2026-03-12T08:10:55Z</time></trkpt><trkpt lat="60.24017" lon="24.668992"><ele>33.4</ele><time>2026-03-12T08:10:56Z</time></trkpt><trkpt lat="60.24018" lon="24.66894"><ele>33.5</ele><time>2026-03-12T08:10:57Z</time></trkpt><trkpt lat="60.240192" lon="24.668882"><ele>33.0</ele><time>2026-03-12T08:10:58Z</time></trkpt><trkpt lat="60.240203" lon="24.668832"><ele>32.6</ele><time>2026-03-12T08:10:59Z</time></trkpt><trkpt lat="60.240215" lon="24.668782"><ele>32.4</ele><time>2026-03-12T08:11:00Z</time></trkpt><trkpt lat="60.240228" lon="24.66872"><ele>32.3</ele><time>2026-03-12T08:11:01Z</time></trkpt><trkpt lat="60.240238" lon="24.668672"><ele>31.4</ele><time>2026-03-12T08:11:02Z</time><extensions><gpxtpx:TrackPointExtension><gpxtpx:hr>115</gpxtpx:hr></gpxtpx:TrackPointExtension></extensions></trkpt><trkpt lat="60.240262" lon="24.668603"><ele>32.3</ele><time>2026-03-12T08:11:03Z</time></trkpt><trkpt lat="60.240282" lon="24.668523"><ele>32.5</ele><time>2026-03-12T08:11:04Z</time></trkpt><trkpt lat="60.2403" lon="24.66845"><ele>33.1</ele><time>2026-03-12T08:11:05Z</time></trkpt><trkpt lat="60.240333" lon="24.668393"><ele>32.9</ele><time>2026-03-12T08:11:06Z</time></trkpt><trkpt lat="60.240355" lon="24.668328"><ele>32.0</ele><time>2026-03-12T08:11:07Z</time><extensions><gpxtpx:TrackPointExtension><gpxtpx:hr>114</gpxtpx:hr></gpxtpx:TrackPointExtension></extensions></trkpt><trkpt lat="60.240383" lon="24.668267"><ele>31.7</ele><time>2026-03-12T08:11:08Z</time></trkpt><trkpt lat="60.240427" lon="24.668205"><ele>31.8</ele><time>2026-03-12T08:11:09Z</time></trkpt><trkpt lat="60.240458" lon="24.668157"><ele>31.5</ele><time>2026-03-12T08:11:10Z</time><extensions><gpxtpx:TrackPointExtension><gpxtpx:hr>114</gpxtpx:hr></gpxtpx:TrackPointExtension></extensions></trkpt><trkpt lat="60.240492" lon="24.668083"><ele>31.2</ele><time>2026-03-12T08:11:11Z</time></trkpt><trkpt lat="60.240527" lon="24.668017"><ele>31.3</ele><time>2026-03-12T08:11:12Z</time></trkpt><trkpt lat="60.240562" lon="24.667937"><ele>31.9</ele><time>2026-03-12T08:11:13Z</time><extensions><gpxtpx:TrackPointExtension><gpxtpx:hr>114</gpxtpx:hr></gpxtpx:TrackPointExtension></extensions></trkpt><trkpt lat="60.240598" lon="24.667868"><ele>31.7</ele><time>2026-03-12T08:11:14Z</time></trkpt><trkpt lat="60.240632" lon="24.667807"><ele>30.7</ele><time>2026-03-12T08:11:15Z</time></trkpt><trkpt lat="60.240663" lon="24.667742"><ele>30.4</ele><time>2026-03-12T08:11:16Z</time></trkpt><trkpt lat="60.240698" lon="24.667678"><ele>30.1</ele><time>2026-03-12T08:11:17Z</time></trkpt><trkpt lat="60.240727" lon="24.667602"><ele>30.6</ele><time>2026-03-12T08:11:18Z</time></trkpt><trkpt lat="60.240755" lon="24.667543"><ele>30.0</ele><time>2026-03-12T08:11:19Z</time></trkpt><trkpt lat="60.240788" lon="24.66747"><ele>31.9</ele><time>2026-03-12T08:11:20Z</time></trkpt><trkpt lat="60.240813" lon="24.667425"><ele>31.3</ele><time>2026-03-12T08:11:21Z</time></trkpt><trkpt lat="60.240838" lon="24.667365"><ele>30.9</ele><time>2026-03-12T08:11:22Z</time><extensions><gpxtpx:TrackPointExtension><gpxtpx:hr>112</gpxtpx:hr></gpxtpx:TrackPointExtension></extensions></trkpt><trkpt lat="60.240867" lon="24.66731"><ele>30.6</ele><time>2026-03-12T08:11:23Z</time><extensions><gpxtpx:TrackPointExtension><gpxtpx:hr>112</gpxtpx:hr></gpxtpx:TrackPointExtension></extensions></trkpt><trkpt lat="60.240897" lon="24.667252"><ele>30.7</ele><time>2026-03-12T08:11:24Z</time></trkpt><trkpt lat="60.240913" lon="24.66719"><ele>30.3</ele><time>2026-03-12T08:11:25Z</time></trkpt><trkpt lat="60.240935" lon="24.66715"><ele>29.7</ele><time>2026-03-12T08:11:26Z</time></trkpt><trkpt lat="60.240953" lon="24.667108"><ele>29.0</ele><time>2026-03-12T08:11:27Z</time></trkpt><trkpt lat="60.24098" lon="24.66705"><ele>29.3</ele><time>2026-03-12T08:11:28Z</time></trkpt><trkpt lat="60.241007" lon="24.666997"><ele>29.0</ele><time>2026-03-12T08:11:29Z</time><extensions><gpxtpx:TrackPointExtension><gpxtpx:hr>111</gpxtpx:hr></gpxtpx:TrackPointExtension></extensions></trkpt><trkpt lat="60.241032" lon="24.666942"><ele>27.7</ele><time>2026-03-12T08:11:30Z</time></trkpt><trkpt lat="60.241058" lon="24.666872"><ele>26.9</ele><time>2026-03-12T08:11:31Z</time></trkpt><trkpt lat="60.241082" lon="24.666798"><ele>26.7</ele><time>2026-03-12T08:11:32Z</time></trkpt><trkpt lat="60.241097" lon="24.666718"><ele>26.4</ele><time>2026-03-12T08:11:33Z</time></trkpt><trkpt lat="60.241113" lon="24.666635"><ele>26.5</ele><time>2026-03-12T08:11:34Z</time><extensions><gpxtpx:TrackPointExtension><gpxtpx:hr>110</gpxtpx:hr></gpxtpx:TrackPointExtension></extensions></trkpt><trkpt lat="60.241128" lon="24.666563"><ele>26.6</ele><time>2026-03-12T08:11:35Z</time></trkpt><trkpt lat="60.241107" lon="24.666608"><ele>26.6</ele><time>2026-03-12T08:11:35Z</time></trkpt><trkpt lat="60.240122" lon="24.669282"><ele>40.6</ele><time>2026-03-12T08:11:39Z</time></trkpt><trkpt lat="60.2411" lon="24.665998"><ele>20.8</ele><time>2026-03-12T08:11:40Z</time><extensions><gpxtpx:TrackPointExtension><gpxtpx:hr>109</gpxtpx:hr></gpxtpx:TrackPointExtension></extensions></trkpt><trkpt lat="60.24109" lon="24.665958"><ele>22.0</ele><time>2026-03-12T08:11:41Z</time></trkpt><trkpt lat="60.241082" lon="24.665963"><ele>23.3</ele><time>2026-03-12T08:11:42Z</time></trkpt><trkpt lat="60.241057" lon="24.665925"><ele>25.7</ele><time>2026-03-12T08:11:43Z</time><extensions><gpxtpx:TrackPointExtension><gpxtpx:hr>109</gpxtpx:hr></gpxtpx:TrackPointExtension></extensions></trkpt><trkpt lat="60.24104" lon="24.665892"><ele>25.5</ele><time>2026-03-12T08:11:44Z</time></trkpt><trkpt lat="60.241025" lon="24.665848"><ele>25.0</ele><time>2026-03-12T08:11:45Z</time></trkpt><trkpt lat="60.241007" lon="24.6658"><ele>25.4</ele><time>2026-03-12T08:11:46Z</time></trkpt><trkpt lat="60.240993" lon="24.66575"><ele>25.2</ele><time>2026-03-12T08:11:47Z</time></trkpt><trkpt lat="60.240978" lon="24.665703"><ele>25.1</ele><time>2026-03-12T08:11:48Z</time><extensions><gpxtpx:TrackPointExtension><gpxtpx:hr>111</gpxtpx:hr></gpxtpx:TrackPointExtension></extensions></trkpt><trkpt lat="60.240963" lon="24.665657"><ele>24.9</ele><time>2026-03-12T08:11:49Z</time></trkpt><trkpt lat="60.240952" lon="24.665615"><ele>24.9</ele><time>2026-03-12T08:11:50Z</time></trkpt><trkpt lat="60.240937" lon="24.665573"><ele>24.9</ele><time>2026-03-12T08:11:51Z</time></trkpt><trkpt lat="60.24092" lon="24.665537"><ele>24.9</ele><time>2026-03-12T08:11:52Z</time></trkpt><trkpt lat="60.2409" lon="24.665512"><ele>25.0</ele><time>2026-03-12T08:11:53Z</time><extensions><gpxtpx:TrackPointExtension><gpxtpx:hr>115</gpxtpx:hr></gpxtpx:TrackPointExtension></extensions></trkpt><trkpt lat="60.240885" lon="24.665477"><ele>25.2</ele><time>2026-03-12T08:11:54Z</time></trkpt><trkpt lat="60.240867" lon="24.665458"><ele>25.1</ele><time>2026-03-12T08:11:55Z</time></trkpt><trkpt lat="60.240845" lon="24.665437"><ele>25.6</ele><time>2026-03-12T08:11:56Z</time></trkpt><trkpt lat="60.240823" lon="24.665423"><ele>26.3</ele><time>2026-03-12T08:11:57Z</time></trkpt><trkpt lat="60.240797" lon="24.665392"><ele>26.3</ele><time>2026-03-12T08:11:58Z</time><extensions><gpxtpx:TrackPointExtension><gpxtpx:hr>119</gpxtpx:hr></gpxtpx:TrackPointExtension></extensions></trkpt><trkpt lat="60.240777" lon="24.66536"><ele>26.6</ele><time>2026-03-12T08:11:59Z</time></trkpt><trkpt lat="60.24076" lon="24.665337"><ele>26.6</ele><time>2026-03-12T08:12:00Z</time></trkpt><trkpt lat="60.240738" lon="24.665308"><ele>26.6</ele><time>2026-03-12T08:12:01Z</time></trkpt><trkpt lat="60.240718" lon="24.66529"><ele>26.4</ele><time>2026-03-12T08:12:02Z</time></trkpt><trkpt lat="60.240695" lon="24.665275"><ele>26.0</ele><time>2026-03-12T08:12:04Z</time></trkpt><trkpt lat="60.240678" lon="24.665255"><ele>26.0</ele><time>2026-03-12T08:12:05Z</time></trkpt><trkpt lat="60.240447" lon="24.665053"><ele>27.4</ele><time>2026-03-12T08:12:10Z</time><extensions><gpxtpx:TrackPointExtension><gpxtpx:hr>122</gpxtpx:hr></gpxtpx:TrackPointExtension></extensions></trkpt><trkpt lat="60.240447" lon="24.665053"><ele>27.4</ele><time>2026-03-12T08:12:08Z</time><extensions><gpxtpx:TrackPointExtension><gpxtpx:hr>124</gpxtpx:hr></gpxtpx:TrackPointExtension></extensions></trkpt><trkpt lat="60.240435" lon="24.66501"><ele>25.1</ele><time>2026-03-12T08:12:11Z</time></trkpt><trkpt lat="60.240412" lon="24.664967"><ele>25.3</ele><time>2026-03-12T08:12:12Z</time></trkpt><trkpt lat="60.2404" lon="24.664962"><ele>24.3</ele><time>2026-03-12T08:12:13Z</time></trkpt><trkpt lat="60.240388" lon="24.664932"><ele>24.7</ele><time>2026-03-12T08:12:14Z</time></trkpt><trkpt lat="60.240382" lon="24.66491"><ele>24.1</ele><time>2026-03-12T08:12:16Z</time><extensions><gpxtpx:TrackPointExtension><gpxtpx:hr>124</gpxtpx:hr></gpxtpx:TrackPointExtension></extensions></trkpt><trkpt lat="60.240363" lon="24.664868"><ele>24.1</ele><time>2026-03-12T08:12:17Z</time></trkpt><trkpt lat="60.240348" lon="24.664828"><ele>23.8</ele><time>2026-03-12T08:12:18Z</time></trkpt><trkpt lat="60.240338" lon="24.664793"><ele>23.3</ele><time>2026-03-12T08:12:19Z</time><extensions><gpxtpx:TrackPointExtension><gpxtpx:hr>124</gpxtpx:hr></gpxtpx:TrackPointExtension></extensions></trkpt><trkpt lat="60.240328" lon="24.664755"><ele>22.7</ele><time>2026-03-12T08:12:20Z</time></trkpt><trkpt lat="60.240318" lon="24.664723"><ele>22.5</ele><time>2026-03-12T08:12:21Z</time></trkpt><trkpt lat="60.240308" lon="24.664693"><ele>22.5</ele><time>2026-03-12T08:12:22Z</time></trkpt><trkpt lat="60.240297" lon="24.664645"><ele>21.6</ele><time>2026-03-12T08:12:23Z</time><extensions><gpxtpx:TrackPointExtension><gpxtpx:hr>125</gpxtpx:hr></gpxtpx:TrackPointExtension></extensions></trkpt><trkpt lat="60.240282" lon="24.664602"><ele>21.2</ele><time>2026-03-12T08:12:24Z</time></trkpt><trkpt lat="60.240267" lon="24.664563"><ele>20.6</ele><time>2026-03-12T08:12:25Z</time></trkpt><trkpt lat="60.24026" lon="24.664442"><ele>23.0</ele><time>2026-03-12T08:12:26Z</time></trkpt><trkpt lat="60.240247" lon="24.664325"><ele>23.2</ele><time>2026-03-12T08:12:27Z</time></trkpt><trkpt lat="60.24024" lon="24.66424"><ele>23.2</ele><time>2026-03-12T08:12:28Z</time><extensions><gpxtpx:TrackPointExtension><gpxtpx:hr>125</gpxtpx:hr></gpxtpx:TrackPointExtension></extensions></trkpt><trkpt lat="60.240238" lon="24.664167"><ele>23.1</ele><time>2026-03-12T08:12:29Z</time></trkpt><trkpt lat="60.240243" lon="24.664102"><ele>22.9</ele><time>2026-03-12T08:12:30Z</time></trkpt><trkpt lat="60.240243" lon="24.664042"><ele>23.1</ele><time>2026-03-12T08:12:31Z</time></trkpt><trkpt lat="60.240232" lon="24.663967"><ele>23.5</ele><time>2026-03-12T08:12:32Z</time></trkpt><trkpt lat="60.240227" lon="24.663903"><ele>24.0</ele><time>2026-03-12T08:12:33Z</time></trkpt><trkpt lat="60.240223" lon="24.663845"><ele>24.1</ele><time>2026-03-12T08:12:34Z</time><extensions><gpxtpx:TrackPointExtension><gpxtpx:hr>127</gpxtpx:hr></gpxtpx:TrackPointExtension></extensions></trkpt><trkpt lat="60.240223" lon="24.663783"><ele>24.3</ele><time>2026-03-12T08:12:35Z</time></trkpt><trkpt lat="60.240217" lon="24.663735"><ele>24.3</ele><time>2026-03-12T08:12:36Z</time></trkpt><trkpt lat="60.240208" lon="24.663685"><ele>24.2</ele><time>2026-03-12T08:12:37Z</time></trkpt><trkpt lat="60.240202" lon="24.66363"><ele>24.2</ele><time>2026-03-12T08:12:38Z</time></trkpt><trkpt lat="60.240187" lon="24.663578"><ele>24.3</ele><time>2026-03-12T08:12:39Z</time><extensions><gpxtpx:TrackPointExtension><gpxtpx:hr>127</gpxtpx:hr></gpxtpx:TrackPointExtension></extensions></trkpt><trkpt lat="60.240183" lon="24.663527"><ele>24.3</ele><time>2026-03-12T08:12:40Z</time></trkpt><trkpt lat="60.240177" lon="24.66348"><ele>24.2</ele><time>2026-03-12T08:12:41Z</time></trkpt><trkpt lat="60.240195" lon="24.663443"><ele>26.2</ele><time>2026-03-12T08:12:42Z</time></trkpt><trkpt lat="60.240188" lon="24.663408"><ele>26.0</ele><time>2026-03-12T08:12:43Z</time></trkpt><trkpt lat="60.240185" lon="24.66336"><ele>25.5</ele><time>2026-03-12T08:12:44Z</time></trkpt><trkpt lat="60.240172" lon="24.663308"><ele>25.0</ele><time>2026-03-12T08:12:45Z</time></trkpt><trkpt lat="60.240167" lon="24.663252"><ele>24.6</ele><time>2026-03-12T08:12:46Z</time></trkpt><trkpt lat="60.240163" lon="24.663187"><ele>24.7</ele><time>2026-03-12T08:12:47Z</time><extensions><gpxtpx:TrackPointExtension><gpxtpx:hr>124</gpxtpx:hr></gpxtpx:TrackPointExtension></extensions></trkpt><trkpt lat="60.24016" lon="24.663138"><ele>25.5</ele><time>2026-03-12T08:12:48Z</time></trkpt><trkpt lat="60.24016" lon="24.663082"><ele>25.1</ele><time>2026-03-12T08:12:49Z</time></trkpt><trkpt lat="60.240152" lon="24.66301"><ele>24.7</ele><time>2026-03-12T08:12:50Z</time></trkpt><trkpt lat="60.240153" lon="24.662923"><ele>24.2</ele><time>2026-03-12T08:12:51Z</time></trkpt><trkpt lat="60.24015" lon="24.662833"><ele>23.8</ele><time>2026-03-12T08:12:52Z</time><extensions><gpxtpx:TrackPointExtension><gpxtpx:hr>115</gpxtpx:hr></gpxtpx:TrackPointExtension></extensions></trkpt><trkpt lat="60.240157" lon="24.662737"><ele>23.6</ele><time>2026-03-12T08:12:53Z</time></trkpt><trkpt lat="60.24016" lon="24.662635"><ele>22.9</ele><time>2026-03-12T08:12:54Z</time></trkpt><trkpt lat="60.240165" lon="24.662522"><ele>23.3</ele><time>2026-03-12T08:12:55Z</time></trkpt><trkpt lat="60.240173" lon="24.662422"><ele>23.3</ele><time>2026-03-12T08:12:56Z</time></trkpt><trkpt lat="60.240182" lon="24.66233"><ele>23.2</ele><time>2026-03-12T08:12:57Z</time><extensions><gpxtpx:TrackPointExtension><gpxtpx:hr>111</gpxtpx:hr></gpxtpx:TrackPointExtension></extensions></trkpt><trkpt lat="60.24018" lon="24.66224"><ele>22.6</ele><time>2026-03-12T08:12:58Z</time></trkpt><trkpt lat="60.240177" lon="24.662158"><ele>22.3</ele><time>2026-03-12T08:12:59Z</time></trkpt><trkpt lat="60.240177" lon="24.66207"><ele>21.7</ele><time>2026-03-12T08:13:00Z</time><extensions><gpxtpx:TrackPointExtension><gpxtpx:hr>111</gpxtpx:hr></gpxtpx:TrackPointExtension></extensions></trkpt><trkpt lat="60.240177" lon="24.661977"><ele>21.5</ele><time>2026-03-12T08:13:01Z</time></trkpt><trkpt lat="60.240178" lon="24.661882"><ele>21.6</ele><time>2026-03-12T08:13:02Z</time></trkpt><trkpt lat="60.240175" lon="24.661805"><ele>22.2</ele><time>2026-03-12T08:13:03Z</time><extensions><gpxtpx:TrackPointExtension><gpxtpx:hr>111</gpxtpx:hr></gpxtpx:TrackPointExtension></extensions></trkpt><trkpt lat="60.240173" lon="24.66173"><ele>22.2</ele><time>2026-03-12T08:13:04Z</time></trkpt><trkpt lat="60.240178" lon="24.661642"><ele>22.1</ele><time>2026-03-12T08:13:05Z</time></trkpt><trkpt lat="60.24018" lon="24.66156"><ele>22.4</ele><time>2026-03-12T08:13:06Z</time></trkpt><trkpt lat="60.240182" lon="24.661488"><ele>22.9</ele><time>2026-03-12T08:13:07Z</time></trkpt><trkpt lat="60.240185" lon="24.661427"><ele>22.9</ele><time>2026-03-12T08:13:08Z</time><extensions><gpxtpx:TrackPointExtension><gpxtpx:hr>108</gpxtpx:hr></gpxtpx:TrackPointExtension></extensions></trkpt><trkpt lat="60.240187" lon="24.661372"><ele>22.7</ele><time>2026-03-12T08:13:09Z</time></trkpt><trkpt lat="60.240192" lon="24.661308"><ele>22.4</ele><time>2026-03-12T08:13:10Z</time></trkpt><trkpt lat="60.24019" lon="24.661243"><ele>22.3</ele><time>2026-03-12T08:13:11Z</time></trkpt><trkpt lat="60.240192" lon="24.661172"><ele>22.4</ele><time>2026-03-12T08:13:12Z</time></trkpt><trkpt lat="60.240187" lon="24.661103"><ele>22.1</ele><time>2026-03-12T08:13:13Z</time><extensions><gpxtpx:TrackPointExtension><gpxtpx:hr>108</gpxtpx:hr></gpxtpx:TrackPointExtension></extensions></trkpt><trkpt lat="60.240185" lon="24.661037"><ele>22.2</ele><time>2026-03-12T08:13:14Z</time></trkpt><trkpt lat="60.240187" lon="24.660965"><ele>22.3</ele><time>2026-03-12T08:13:15Z</time></trkpt><trkpt lat="60.240188" lon="24.660878"><ele>23.3</ele><time>2026-03-12T08:13:16Z</time></trkpt><trkpt lat="60.240183" lon="24.660827"><ele>22.0</ele><time>2026-03-12T08:13:17Z</time></trkpt><trkpt lat="60.240173" lon="24.660765"><ele>22.2</ele><time>2026-03-12T08:13:18Z</time><extensions><gpxtpx:TrackPointExtension><gpxtpx:hr>108</gpxtpx:hr></gpxtpx:TrackPointExtension></extensions></trkpt><trkpt lat="60.240173" lon="24.660693"><ele>21.9</ele><time>2026-03-12T08:13:19Z</time></trkpt><trkpt lat="60.240175" lon="24.660617"><ele>22.4</ele><time>2026-03-12T08:13:20Z</time></trkpt><trkpt lat="60.240173" lon="24.660555"><ele>22.4</ele><time>2026-03-12T08:13:21Z</time></trkpt><trkpt lat="60.240172" lon="24.660495"><ele>22.2</ele><time>2026-03-12T08:13:22Z</time></trkpt><trkpt lat="60.240165" lon="24.660438"><ele>22.2</ele><time>2026-03-12T08:13:23Z</time><extensions><gpxtpx:TrackPointExtension><gpxtpx:hr>109</gpxtpx:hr></gpxtpx:TrackPointExtension></extensions></trkpt><trkpt lat="60.240162" lon="24.66038"><ele>21.9</ele><time>2026-03-12T08:13:24Z</time></trkpt><trkpt lat="60.24016" lon="24.660313"><ele>22.0</ele><time>2026-03-12T08:13:25Z</time></trkpt><trkpt lat="60.240155" lon="24.660257"><ele>22.0</ele><time>2026-03-12T08:13:26Z</time></trkpt><trkpt lat="60.240158" lon="24.660193"><ele>22.1</ele><time>2026-03-12T08:13:27Z</time></trkpt><trkpt lat="60.240153" lon="24.660137"><ele>22.2</ele><time>2026-03-12T08:13:28Z</time><extensions><gpxtpx:TrackPointExtension><gpxtpx:hr>112</gpxtpx:hr></gpxtpx:TrackPointExtension></extensions></trkpt><trkpt lat="60.240153" lon="24.660072"><ele>22.2</ele><time>2026-03-12T08:13:29Z</time></trkpt><trkpt lat="60.24015" lon="24.660015"><ele>22.0</ele><time>2026-03-12T08:13:30Z</time></trkpt><trkpt lat="60.240148" lon="24.659942"><ele>22.1</ele><time>2026-03-12T08:13:31Z</time></trkpt><trkpt lat="60.240145" lon="24.659877"><ele>22.0</ele><time>2026-03-12T08:13:32Z</time></trkpt><trkpt lat="60.240148" lon="24.659815"><ele>22.5</ele><time>2026-03-12T08:13:33Z</time></trkpt><trkpt lat="60.24015" lon="24.659757"><ele>23.1</ele><time>2026-03-12T08:13:34Z</time></trkpt><trkpt lat="60.240145" lon="24.659697"><ele>23.1</ele><time>2026-03-12T08:13:35Z</time></trkpt><trkpt lat="60.240145" lon="24.659637"><ele>23.0</ele><time>2026-03-12T08:13:36Z</time></trkpt><trkpt lat="60.240142" lon="24.659572"><ele>23.0</ele><time>2026-03-12T08:13:37Z</time><extensions><gpxtpx:TrackPointExtension><gpxtpx:hr>115</gpxtpx:hr></gpxtpx:TrackPointExtension></extensions></trkpt><trkpt lat="60.24014" lon="24.659512"><ele>23.4</ele><time>2026-03-12T08:13:38Z</time><extensions><gpxtpx:TrackPointExtension><gpxtpx:hr>117</gpxtpx:hr></gpxtpx:TrackPointExtension></extensions></trkpt><trkpt lat="60.240138" lon="24.659442"><ele>23.9</ele><time>2026-03-12T08:13:39Z</time></trkpt><trkpt lat="60.240135" lon="24.659382"><ele>24.0</ele><time>2026-03-12T08:13:40Z</time></trkpt><trkpt lat="60.240133" lon="24.659327"><ele>23.6</ele><time>2026-03-12T08:13:41Z</time></trkpt><trkpt lat="60.240118" lon="24.659268"><ele>23.1</ele><time>2026-03-12T08:13:42Z</time></trkpt><trkpt lat="60.240123" lon="24.659223"><ele>23.3</ele><time>2026-03-12T08:13:43Z</time></trkpt><trkpt lat="60.240125" lon="24.659167"><ele>23.5</ele><time>2026-03-12T08:13:44Z</time></trkpt><trkpt lat="60.24012" lon="24.659102"><ele>23.0</ele><time>2026-03-12T08:13:45Z</time></trkpt><trkpt lat="60.24012" lon="24.659037"><ele>23.6</ele><time>2026-03-12T08:13:46Z</time></trkpt><trkpt lat="60.24012" lon="24.658977"><ele>23.9</ele><time>2026-03-12T08:13:47Z</time><extensions><gpxtpx:TrackPointExtension><gpxtpx:hr>117</gpxtpx:hr></gpxtpx:TrackPointExtension></extensions></trkpt><trkpt lat="60.240118" lon="24.658928"><ele>23.3</ele><time>2026-03-12T08:13:48Z</time></trkpt><trkpt lat="60.240115" lon="24.658872"><ele>23.1</ele><time>2026-03-12T08:13:49Z</time></trkpt><trkpt lat="60.240112" lon="24.65881"><ele>22.9</ele><time>2026-03-12T08:13:50Z</time><extensions><gpxtpx:TrackPointExtension><gpxtpx:hr>117</gpxtpx:hr></gpxtpx:TrackPointExtension></extensions></trkpt><trkpt lat="60.240113" lon="24.658757"><ele>23.3</ele><time>2026-03-12T08:13:51Z</time></trkpt><trkpt lat="60.240108" lon="24.658695"><ele>23.6</ele><time>2026-03-12T08:13:52Z</time></trkpt><trkpt lat="60.240107" lon="24.658653"><ele>22.6</ele><time>2026-03-12T08:13:53Z</time></trkpt><trkpt lat="60.24011" lon="24.658613"><ele>23.0</ele><time>2026-03-12T08:13:54Z</time><extensions><gpxtpx:TrackPointExtension><gpxtpx:hr>118</gpxtpx:hr></gpxtpx:TrackPointExtension></extensions></trkpt><trkpt lat="60.240113" lon="24.658558"><ele>23.0</ele><time>2026-03-12T08:13:55Z</time></trkpt><trkpt lat="60.240125" lon="24.658515"><ele>23.6</ele><time>2026-03-12T08:13:56Z</time></trkpt><trkpt lat="60.240123" lon="24.658472"><ele>23.1</ele><time>2026-03-12T08:13:57Z</time></trkpt><trkpt lat="60.240128" lon="24.658422"><ele>23.1</ele><time>2026-03-12T08:13:58Z</time></trkpt><trkpt lat="60.240137" lon="24.658377"><ele>23.5</ele><time>2026-03-12T08:13:59Z</time><extensions><gpxtpx:TrackPointExtension><gpxtpx:hr>118</gpxtpx:hr></gpxtpx:TrackPointExtension></extensions></trkpt><trkpt lat="60.24014" lon="24.658335"><ele>23.7</ele><time>2026-03-12T08:14:00Z</time></trkpt><trkpt lat="60.240143" lon="24.658292"><ele>23.8</ele><time>2026-03-12T08:14:01Z</time></trkpt><trkpt lat="60.240147" lon="24.658245"><ele>23.9</ele><time>2026-03-12T08:14:02Z</time></trkpt><trkpt lat="60.240147" lon="24.658192"><ele>23.0</ele><time>2026-03-12T08:14:03Z</time></trkpt><trkpt lat="60.24015" lon="24.658153"><ele>21.7</ele><time>2026-03-12T08:14:04Z</time></trkpt><trkpt lat="60.240158" lon="24.658098"><ele>21.4</ele><time>2026-03-12T08:14:05Z</time></trkpt><trkpt lat="60.240173" lon="24.658053"><ele>21.9</ele><time>2026-03-12T08:14:06Z</time></trkpt><trkpt lat="60.240185" lon="24.658"><ele>22.8</ele><time>2026-03-12T08:14:07Z</time><extensions><gpxtpx:TrackPointExtension><gpxtpx:hr>119</gpxtpx:hr></gpxtpx:TrackPointExtension></extensions></trkpt><trkpt lat="60.240192" lon="24.657948"><ele>23.0</ele><time>2026-03-12T08:14:08Z</time></trkpt><trkpt lat="60.240195" lon="24.657903"><ele>23.0</ele><time>2026-03-12T08:14:09Z</time></trkpt><trkpt lat="60.240203" lon="24.65786"><ele>23.1</ele><time>2026-03-12T08:14:10Z</time><extensions><gpxtpx:TrackPointExtension><gpxtpx:hr>119</gpxtpx:hr></gpxtpx:TrackPointExtension></extensions></trkpt><trkpt lat="60.240213" lon="24.657812"><ele>23.2</ele><time>2026-03-12T08:14:11Z</time></trkpt><trkpt lat="60.240223" lon="24.657762"><ele>23.1</ele><time>2026-03-12T08:14:12Z</time></trkpt><trkpt lat="60.240225" lon="24.657713"><ele>23.1</ele><time>2026-03-12T08:14:13Z</time></trkpt><trkpt lat="60.24023" lon="24.65767"><ele>23.5</ele><time>2026-03-12T08:14:14Z</time></trkpt><trkpt lat="60.240238" lon="24.65762"><ele>24.0</ele><time>2026-03-12T08:14:15Z</time></trkpt><trkpt lat="60.240248" lon="24.657582"><ele>23.7</ele><time>2026-03-12T08:14:16Z</time><extensions><gpxtpx:TrackPointExtension><gpxtpx:hr>119</gpxtpx:hr></gpxtpx:TrackPointExtension></extensions></trkpt><trkpt lat="60.240262" lon="24.657533"><ele>23.9</ele><time>2026-03-12T08:14:17Z</time></trkpt><trkpt lat="60.240272" lon="24.65748"><ele>23.6</ele><time>2026-03-12T08:14:18Z</time><extensions><gpxtpx:TrackPointExtension><gpxtpx:hr>118</gpxtpx:hr></gpxtpx:TrackPointExtension></extensions></trkpt><trkpt lat="60.240287" lon="24.657437"><ele>24.1</ele><time>2026-03-12T08:14:19Z</time></trkpt><trkpt lat="60.240305" lon="24.65738"><ele>24.0</ele><time>2026-03-12T08:14:20Z</time></trkpt><trkpt lat="60.240325" lon="24.657338"><ele>23.3</ele><time>2026-03-12T08:14:21Z</time></trkpt><trkpt lat="60.240347" lon="24.657312"><ele>23.2</ele><time>2026-03-12T08:14:22Z</time></trkpt><trkpt lat="60.24037" lon="24.657298"><ele>23.6</ele><time>2026-03-12T08:14:23Z</time></trkpt><trkpt lat="60.2404" lon="24.657278"><ele>24.0</ele><time>2026-03-12T08:14:24Z</time><extensions><gpxtpx:TrackPointExtension><gpxtpx:hr>118</gpxtpx:hr></gpxtpx:TrackPointExtension></extensions></trkpt><trkpt lat="60.24043" lon="24.657267"><ele>24.5</ele><time>2026-03-12T08:14:25Z</time></trkpt><trkpt lat="60.240448" lon="24.657262"><ele>23.8</ele><time>2026-03-12T08:14:26Z</time></trkpt><trkpt lat="60.24047" lon="24.657265"><ele>24.0</ele><time>2026-03-12T08:14:27Z</time></trkpt><trkpt lat="60.240495" lon="24.657275"><ele>24.1</ele><time>2026-03-12T08:14:28Z</time></trkpt><trkpt lat="60.24052" lon="24.657283"><ele>24.2</ele><time>2026-03-12T08:14:29Z</time></trkpt><trkpt lat="60.240545" lon="24.657287"><ele>24.7</ele><time>2026-03-12T08:14:30Z</time><extensions><gpxtpx:TrackPointExtension><gpxtpx:hr>119</gpxtpx:hr></gpxtpx:TrackPointExtension></extensions></trkpt><trkpt lat="60.240567" lon="24.657297"><ele>24.5</ele><time>2026-03-12T08:14:31Z</time></trkpt><trkpt lat="60.240583" lon="24.657308"><ele>24.2</ele><time>2026-03-12T08:14:32Z</time></trkpt><trkpt lat="60.24061" lon="24.657322"><ele>24.5</ele><time>2026-03-12T08:14:33Z</time></trkpt><trkpt lat="60.240638" lon="24.657325"><ele>25.7</ele><time>2026-03-12T08:14:34Z</time><extensions><gpxtpx:TrackPointExtension><gpxtpx:hr>120</gpxtpx:hr></gpxtpx:TrackPointExtension></extensions></trkpt><trkpt lat="60.240662" lon="24.657327"><ele>25.5</ele><time>2026-03-12T08:14:35Z</time></trkpt><trkpt lat="60.24069" lon="24.657327"><ele>26.0</ele><time>2026-03-12T08:14:36Z</time></trkpt><trkpt lat="60.240712" lon="24.65734"><ele>26.5</ele><time>2026-03-12T08:14:37Z</time></trkpt><trkpt lat="60.240728" lon="24.657357"><ele>27.0</ele><time>2026-03-12T08:14:38Z</time></trkpt><trkpt lat="60.240752" lon="24.657355"><ele>27.0</ele><time>2026-03-12T08:14:39Z</time><extensions><gpxtpx:TrackPointExtension><gpxtpx:hr>121</gpxtpx:hr></gpxtpx:TrackPointExtension></extensions></trkpt><trkpt lat="60.240768" lon="24.657362"><ele>27.3</ele><time>2026-03-12T08:14:40Z</time></trkpt><trkpt lat="60.240795" lon="24.657373"><ele>26.8</ele><time>2026-03-12T08:14:41Z</time></trkpt><trkpt lat="60.240822" lon="24.657382"><ele>27.0</ele><time>2026-03-12T08:14:42Z</time></trkpt><trkpt lat="60.240847" lon="24.657403"><ele>27.7</ele><time>2026-03-12T08:14:43Z</time><extensions><gpxtpx:TrackPointExtension><gpxtpx:hr>121</gpxtpx:hr></gpxtpx:TrackPointExtension></extensions></trkpt><trkpt lat="60.240867" lon="24.657425"><ele>27.4</ele><time>2026-03-12T08:14:44Z</time></trkpt><trkpt lat="60.24089" lon="24.65743"><ele>27.8</ele><time>2026-03-12T08:14:45Z</time></trkpt><trkpt lat="60.240912" lon="24.65745"><ele>28.2</ele><time>2026-03-12T08:14:46Z</time></trkpt><trkpt lat="60.240937" lon="24.657475"><ele>28.2</ele><time>2026-03-12T08:14:47Z</time></trkpt><trkpt lat="60.240957" lon="24.657478"><ele>27.5</ele><time>2026-03-12T08:14:48Z</time></trkpt><trkpt lat="60.240982" lon="24.657495"><ele>28.5</ele><time>2026-03-12T08:14:49Z</time></trkpt><trkpt lat="60.241005" lon="24.657523"><ele>27.4</ele><time>2026-03-12T08:14:50Z</time></trkpt><trkpt lat="60.241028" lon="24.65755"><ele>27.6</ele><time>2026-03-12T08:14:51Z</time></trkpt><trkpt lat="60.241047" lon="24.657577"><ele>28.3</ele><time>2026-03-12T08:14:52Z</time><extensions><gpxtpx:TrackPointExtension><gpxtpx:hr>123</gpxtpx:hr></gpxtpx:TrackPointExtension></extensions></trkpt><trkpt lat="60.241068" lon="24.657597"><ele>29.0</ele><time>2026-03-12T08:14:53Z</time></trkpt><trkpt lat="60.241093" lon="24.657612"><ele>30.1</ele><time>2026-03-12T08:14:54Z</time></trkpt><trkpt lat="60.241112" lon="24.657615"><ele>29.5</ele><time>2026-03-12T08:14:55Z</time></trkpt><trkpt lat="60.241127" lon="24.657617"><ele>29.2</ele><time>2026-03-12T08:14:56Z</time></trkpt><trkpt lat="60.24114" lon="24.657633"><ele>29.6</ele><time>2026-03-12T08:14:57Z</time><extensions><gpxtpx:TrackPointExtension><gpxtpx:hr>123</gpxtpx:hr></gpxtpx:TrackPointExtension></extensions></trkpt><trkpt lat="60.241157" lon="24.657637"><ele>29.6</ele><time>2026-03-12T08:14:58Z</time><extensions><gpxtpx:TrackPointExtension><gpxtpx:hr>123</gpxtpx:hr></gpxtpx:TrackPointExtension></extensions></trkpt><trkpt lat="60.241173" lon="24.657645"><ele>29.0</ele><time>2026-03-12T08:14:59Z</time></trkpt><trkpt lat="60.241193" lon="24.657647"><ele>29.7</ele><time>2026-03-12T08:15:00Z</time></trkpt><trkpt lat="60.241222" lon="24.657642"><ele>30.1</ele><time>2026-03-12T08:15:01Z</time></trkpt><trkpt lat="60.241242" lon="24.657647"><ele>30.0</ele><time>2026-03-12T08:15:02Z</time></trkpt><trkpt lat="60.241267" lon="24.65764"><ele>29.7</ele><time>2026-03-12T08:15:03Z</time><extensions><gpxtpx:TrackPointExtension><gpxtpx:hr>124</gpxtpx:hr></gpxtpx:TrackPointExtension></extensions></trkpt><trkpt lat="60.241292" lon="24.657628"><ele>30.2</ele><time>2026-03-12T08:15:04Z</time></trkpt><trkpt lat="60.24132" lon="24.657603"><ele>30.1</ele><time>2026-03-12T08:15:05Z</time></trkpt><trkpt lat="60.24075" lon="24.657663"><ele>41.4</ele><time>2026-03-12T08:15:09Z</time></trkpt><trkpt lat="60.24117" lon="24.657548"><ele>31.8</ele><time>2026-03-12T08:15:10Z</time><extensions><gpxtpx:TrackPointExtension><gpxtpx:hr>125</gpxtpx:hr></gpxtpx:TrackPointExtension></extensions></trkpt><trkpt lat="60.24123" lon="24.657487"><ele>28.3</ele><time>2026-03-12T08:15:11Z</time></trkpt><trkpt lat="60.241323" lon="24.657415"><ele>29.0</ele><time>2026-03-12T08:15:12Z</time></trkpt><trkpt lat="60.241425" lon="24.657353"><ele>30.6</ele><time>2026-03-12T08:15:13Z</time></trkpt><trkpt lat="60.241438" lon="24.657358"><ele>30.0</ele><time>2026-03-12T08:15:14Z</time></trkpt><trkpt lat="60.241457" lon="24.657347"><ele>30.3</ele><time>2026-03-12T08:15:16Z</time></trkpt><trkpt lat="60.241462" lon="24.65735"><ele>29.9</ele><time>2026-03-12T08:15:17Z</time><extensions><gpxtpx:TrackPointExtension><gpxtpx:hr>124</gpxtpx:hr></gpxtpx:TrackPointExtension></extensions></trkpt><trkpt lat="60.241462" lon="24.657342"><ele>29.7</ele><time>2026-03-12T08:15:20Z</time></trkpt><trkpt lat="60.241458" lon="24.65733"><ele>29.9</ele><time>2026-03-12T08:15:21Z</time></trkpt><trkpt lat="60.241453" lon="24.657333"><ele>30.2</ele><time>2026-03-12T08:15:26Z</time><extensions><gpxtpx:TrackPointExtension><gpxtpx:hr>121</gpxtpx:hr></gpxtpx:TrackPointExtension></extensions></trkpt><trkpt lat="60.241453" lon="24.657333"><ele>30.2</ele><time>2026-03-12T08:15:23Z</time><extensions><gpxtpx:TrackPointExtension><gpxtpx:hr>120</gpxtpx:hr></gpxtpx:TrackPointExtension></extensions></trkpt><trkpt lat="60.241452" lon="24.657337"><ele>30.0</ele><time>2026-03-12T08:15:27Z</time></trkpt><trkpt lat="60.241452" lon="24.657337"><ele>30.0</ele><time>2026-03-12T08:15:28Z</time><extensions><gpxtpx:TrackPointExtension><gpxtpx:hr>117</gpxtpx:hr></gpxtpx:TrackPointExtension></extensions></trkpt><trkpt lat="60.24145" lon="24.657338"><ele>30.2</ele><time>2026-03-12T08:15:29Z</time></trkpt><trkpt lat="60.241448" lon="24.657342"><ele>30.1</ele><time>2026-03-12T08:15:30Z</time></trkpt><trkpt lat="60.241443" lon="24.657342"><ele>30.0</ele><time>2026-03-12T08:15:31Z</time></trkpt><trkpt lat="60.241443" lon="24.657345"><ele>29.8</ele><time>2026-03-12T08:15:33Z</time></trkpt><trkpt lat="60.241443" lon="24.657345"><ele>29.8</ele><time>2026-03-12T08:15:37Z</time><extensions><gpxtpx:TrackPointExtension><gpxtpx:hr>116</gpxtpx:hr></gpxtpx:TrackPointExtension></extensions></trkpt></trkseg></trk></gpx>