<?xml version="1.0" encoding="UTF-8" standalone="no"?><gpx xmlns="http://www.topografix.com/GPX/1/1" xmlns:gpxtpx="http://www.garmin.com/xmlschemas/TrackPointExtension/v1" xmlns:xsi="http://www.w3.org/2001/XMLSchema-instance" creator="Sports Tracker" version="1.1" xsi:schemaLocation="http://www.topografix.com/GPX/1/1 http://www.topografix.com/GPX/1/1/gpx.xsd http://www.garmin.com/xmlschemas/TrackPointExtension/v1 http://www.garmin.com/xmlschemas/TrackPointExtensionv1.xsd"><metadata><name/><desc/><author><name>anttipehkonen240</name></author></metadata><trk><name/><trkseg><trkpt lat="64.701035" lon="24.476727"><ele>-1.9</ele><time>2026-06-23T13:39:59Z</time></trkpt><trkpt lat="64.701035" lon="24.476727"><ele>-1.9</ele><time>2026-06-23T13:40:11Z</time><extensions><gpxtpx:TrackPointExtension><gpxtpx:hr>88</gpxtpx:hr></gpxtpx:TrackPointExtension></extensions></trkpt><trkpt lat="64.701035" lon="24.476727"><ele>-1.9</ele><time>2026-06-23T13:40:16Z</time><extensions><gpxtpx:TrackPointExtension><gpxtpx:hr>86</gpxtpx:hr></gpxtpx:TrackPointExtension></extensions></trkpt><trkpt lat="64.701035" lon="24.476727"><ele>-1.9</ele><time>2026-06-23T13:40:21Z</time><extensions><gpxtpx:TrackPointExtension><gpxtpx:hr>85</gpxtpx:hr></gpxtpx:TrackPointExtension></extensions></trkpt><trkpt lat="64.701035" lon="24.476727"><ele>-1.9</ele><time>2026-06-23T13:40:25Z</time><extensions><gpxtpx:TrackPointExtension><gpxtpx:hr>83</gpxtpx:hr></gpxtpx:TrackPointExtension></extensions></trkpt><trkpt lat="64.701035" lon="24.476727"><ele>-1.9</ele><time>2026-06-23T13:40:27Z</time><extensions><gpxtpx:TrackPointExtension><gpxtpx:hr>84</gpxtpx:hr></gpxtpx:TrackPointExtension></extensions></trkpt><trkpt lat="64.701035" lon="24.476727"><ele>-1.9</ele><time>2026-06-23T13:40:32Z</time><extensions><gpxtpx:TrackPointExtension><gpxtpx:hr>84</gpxtpx:hr></gpxtpx:TrackPointExtension></extensions></trkpt><trkpt lat="64.701035" lon="24.476727"><ele>-1.9</ele><time>2026-06-23T13:40:41Z</time><extensions><gpxtpx:TrackPointExtension><gpxtpx:hr>88</gpxtpx:hr></gpxtpx:TrackPointExtension></extensions></trkpt><trkpt lat="64.701035" lon="24.476727"><ele>-1.9</ele><time>2026-06-23T13:40:45Z</time><extensions><gpxtpx:TrackPointExtension><gpxtpx:hr>88</gpxtpx:hr></gpxtpx:TrackPointExtension></extensions></trkpt><trkpt lat="64.701035" lon="24.476727"><ele>-1.9</ele><time>2026-06-23T13:40:47Z</time><extensions><gpxtpx:TrackPointExtension><gpxtpx:hr>87</gpxtpx:hr></gpxtpx:TrackPointExtension></extensions></trkpt><trkpt lat="64.701035" lon="24.476727"><ele>-1.9</ele><time>2026-06-23T13:40:52Z</time><extensions><gpxtpx:TrackPointExtension><gpxtpx:hr>89</gpxtpx:hr></gpxtpx:TrackPointExtension></extensions></trkpt><trkpt lat="64.701035" lon="24.476727"><ele>-1.9</ele><time>2026-06-23T13:40:57Z</time><extensions><gpxtpx:TrackPointExtension><gpxtpx:hr>90</gpxtpx:hr></gpxtpx:TrackPointExtension></extensions></trkpt><trkpt lat="64.701035" lon="24.476727"><ele>-1.9</ele><time>2026-06-23T13:41:04Z</time><extensions><gpxtpx:TrackPointExtension><gpxtpx:hr>92</gpxtpx:hr></gpxtpx:TrackPointExtension></extensions></trkpt><trkpt lat="64.701035" lon="24.476727"><ele>-1.9</ele><time>2026-06-23T13:41:11Z</time><extensions><gpxtpx:TrackPointExtension><gpxtpx:hr>90</gpxtpx:hr></gpxtpx:TrackPointExtension></extensions></trkpt><trkpt lat="64.701035" lon="24.476727"><ele>-1.9</ele><time>2026-06-23T13:41:16Z</time><extensions><gpxtpx:TrackPointExtension><gpxtpx:hr>87</gpxtpx:hr></gpxtpx:TrackPointExtension></extensions></trkpt><trkpt lat="64.701035" lon="24.476727"><ele>-1.9</ele><time>2026-06-23T13:41:17Z</time><extensions><gpxtpx:TrackPointExtension><gpxtpx:hr>85</gpxtpx:hr></gpxtpx:TrackPointExtension></extensions></trkpt><trkpt lat="64.701035" lon="24.476727"><ele>-1.9</ele><time>2026-06-23T13:41:22Z</time><extensions><gpxtpx:TrackPointExtension><gpxtpx:hr>83</gpxtpx:hr></gpxtpx:TrackPointExtension></extensions></trkpt><trkpt lat="64.701035" lon="24.476727"><ele>-1.9</ele><time>2026-06-23T13:41:30Z</time><extensions><gpxtpx:TrackPointExtension><gpxtpx:hr>88</gpxtpx:hr></gpxtpx:TrackPointExtension></extensions></trkpt><trkpt lat="64.701035" lon="24.476727"><ele>-1.9</ele><time>2026-06-23T13:41:32Z</time><extensions><gpxtpx:TrackPointExtension><gpxtpx:hr>89</gpxtpx:hr></gpxtpx:TrackPointExtension></extensions></trkpt><trkpt lat="64.701035" lon="24.476727"><ele>-1.9</ele><time>2026-06-23T13:41:37Z</time><extensions><gpxtpx:TrackPointExtension><gpxtpx:hr>90</gpxtpx:hr></gpxtpx:TrackPointExtension></extensions></trkpt><trkpt lat="64.701035" lon="24.476727"><ele>-1.9</ele><time>2026-06-23T13:41:46Z</time><extensions><gpxtpx:TrackPointExtension><gpxtpx:hr>95</gpxtpx:hr></gpxtpx:TrackPointExtension></extensions></trkpt><trkpt lat="64.701035" lon="24.476727"><ele>-1.9</ele><time>2026-06-23T13:41:51Z</time><extensions><gpxtpx:TrackPointExtension><gpxtpx:hr>99</gpxtpx:hr></gpxtpx:TrackPointExtension></extensions></trkpt><trkpt lat="64.701035" lon="24.476727"><ele>-1.9</ele><time>2026-06-23T13:41:52Z</time><extensions><gpxtpx:TrackPointExtension><gpxtpx:hr>100</gpxtpx:hr></gpxtpx:TrackPointExtension></extensions></trkpt><trkpt lat="64.701035" lon="24.476727"><ele>-1.9</ele><time>2026-06-23T13:41:58Z</time><extensions><gpxtpx:TrackPointExtension><gpxtpx:hr>92</gpxtpx:hr></gpxtpx:TrackPointExtension></extensions></trkpt><trkpt lat="64.701035" lon="24.476727"><ele>-1.9</ele><time>2026-06-23T13:42:04Z</time><extensions><gpxtpx:TrackPointExtension><gpxtpx:hr>86</gpxtpx:hr></gpxtpx:TrackPointExtension></extensions></trkpt><trkpt lat="64.701035" lon="24.476727"><ele>-1.9</ele><time>2026-06-23T13:42:07Z</time><extensions><gpxtpx:TrackPointExtension><gpxtpx:hr>88</gpxtpx:hr></gpxtpx:TrackPointExtension></extensions></trkpt><trkpt lat="64.701035" lon="24.476727"><ele>-1.9</ele><time>2026-06-23T13:42:16Z</time><extensions><gpxtpx:TrackPointExtension><gpxtpx:hr>88</gpxtpx:hr></gpxtpx:TrackPointExtension></extensions></trkpt><trkpt lat="64.701035" lon="24.476727"><ele>-1.9</ele><time>2026-06-23T13:42:17Z</time><extensions><gpxtpx:TrackPointExtension><gpxtpx:hr>88</gpxtpx:hr></gpxtpx:TrackPointExtension></extensions></trkpt><trkpt lat="64.701035" lon="24.476727"><ele>-1.9</ele><time>2026-06-23T13:42:22Z</time><extensions><gpxtpx:TrackPointExtension><gpxtpx:hr>87</gpxtpx:hr></gpxtpx:TrackPointExtension></extensions></trkpt><trkpt lat="64.701035" lon="24.476727"><ele>-1.9</ele><time>2026-06-23T13:42:31Z</time><extensions><gpxtpx:TrackPointExtension><gpxtpx:hr>87</gpxtpx:hr></gpxtpx:TrackPointExtension></extensions></trkpt><trkpt lat="64.701035" lon="24.476727"><ele>-1.9</ele><time>2026-06-23T13:42:33Z</time><extensions><gpxtpx:TrackPointExtension><gpxtpx:hr>89</gpxtpx:hr></gpxtpx:TrackPointExtension></extensions></trkpt><trkpt lat="64.701035" lon="24.476727"><ele>-1.9</ele><time>2026-06-23T13:42:37Z</time><extensions><gpxtpx:TrackPointExtension><gpxtpx:hr>91</gpxtpx:hr></gpxtpx:TrackPointExtension></extensions></trkpt><trkpt lat="64.701035" lon="24.476727"><ele>-1.9</ele><time>2026-06-23T13:42:46Z</time><extensions><gpxtpx:TrackPointExtension><gpxtpx:hr>93</gpxtpx:hr></gpxtpx:TrackPointExtension></extensions></trkpt><trkpt lat="64.701035" lon="24.476727"><ele>-1.9</ele><time>2026-06-23T13:42:50Z</time><extensions><gpxtpx:TrackPointExtension><gpxtpx:hr>90</gpxtpx:hr></gpxtpx:TrackPointExtension></extensions></trkpt><trkpt lat="64.701035" lon="24.476727"><ele>-1.9</ele><time>2026-06-23T13:42:52Z</time><extensions><gpxtpx:TrackPointExtension><gpxtpx:hr>90</gpxtpx:hr></gpxtpx:TrackPointExtension></extensions></trkpt><trkpt lat="64.701035" lon="24.476727"><ele>-1.9</ele><time>2026-06-23T13:43:01Z</time><extensions><gpxtpx:TrackPointExtension><gpxtpx:hr>95</gpxtpx:hr></gpxtpx:TrackPointExtension></extensions></trkpt><trkpt lat="64.701035" lon="24.476727"><ele>-1.9</ele><time>2026-06-23T13:43:02Z</time><extensions><gpxtpx:TrackPointExtension><gpxtpx:hr>96</gpxtpx:hr></gpxtpx:TrackPointExtension></extensions></trkpt><trkpt lat="64.701035" lon="24.476727"><ele>-1.9</ele><time>2026-06-23T13:43:11Z</time><extensions><gpxtpx:TrackPointExtension><gpxtpx:hr>92</gpxtpx:hr></gpxtpx:TrackPointExtension></extensions></trkpt><trkpt lat="64.701035" lon="24.476727"><ele>-1.9</ele><time>2026-06-23T13:43:16Z</time><extensions><gpxtpx:TrackPointExtension><gpxtpx:hr>94</gpxtpx:hr></gpxtpx:TrackPointExtension></extensions></trkpt><trkpt lat="64.701035" lon="24.476727"><ele>-1.9</ele><time>2026-06-23T13:43:18Z</time><extensions><gpxtpx:TrackPointExtension><gpxtpx:hr>93</gpxtpx:hr></gpxtpx:TrackPointExtension></extensions></trkpt><trkpt lat="64.701035" lon="24.476727"><ele>-1.9</ele><time>2026-06-23T13:43:22Z</time><extensions><gpxtpx:TrackPointExtension><gpxtpx:hr>96</gpxtpx:hr></gpxtpx:TrackPointExtension></extensions></trkpt><trkpt lat="64.701035" lon="24.476727"><ele>-1.9</ele><time>2026-06-23T13:43:31Z</time><extensions><gpxtpx:TrackPointExtension><gpxtpx:hr>97</gpxtpx:hr></gpxtpx:TrackPointExtension></extensions></trkpt><trkpt lat="64.701035" lon="24.476727"><ele>-1.9</ele><time>2026-06-23T13:43:32Z</time><extensions><gpxtpx:TrackPointExtension><gpxtpx:hr>97</gpxtpx:hr></gpxtpx:TrackPointExtension></extensions></trkpt><trkpt lat="64.701035" lon="24.476727"><ele>-1.9</ele><time>2026-06-23T13:43:37Z</time><extensions><gpxtpx:TrackPointExtension><gpxtpx:hr>96</gpxtpx:hr></gpxtpx:TrackPointExtension></extensions></trkpt><trkpt lat="64.701035" lon="24.476727"><ele>-1.9</ele><time>2026-06-23T13:43:45Z</time><extensions><gpxtpx:TrackPointExtension><gpxtpx:hr>94</gpxtpx:hr></gpxtpx:TrackPointExtension></extensions></trkpt><trkpt lat="64.701035" lon="24.476727"><ele>-1.9</ele><time>2026-06-23T13:43:49Z</time><extensions><gpxtpx:TrackPointExtension><gpxtpx:hr>94</gpxtpx:hr></gpxtpx:TrackPointExtension></extensions></trkpt><trkpt lat="64.701035" lon="24.476727"><ele>-1.9</ele><time>2026-06-23T13:43:54Z</time><extensions><gpxtpx:TrackPointExtension><gpxtpx:hr>95</gpxtpx:hr></gpxtpx:TrackPointExtension></extensions></trkpt><trkpt lat="64.701035" lon="24.476727"><ele>-1.9</ele><time>2026-06-23T13:44:01Z</time><extensions><gpxtpx:TrackPointExtension><gpxtpx:hr>96</gpxtpx:hr></gpxtpx:TrackPointExtension></extensions></trkpt><trkpt lat="64.701035" lon="24.476727"><ele>-1.9</ele><time>2026-06-23T13:44:04Z</time><extensions><gpxtpx:TrackPointExtension><gpxtpx:hr>95</gpxtpx:hr></gpxtpx:TrackPointExtension></extensions></trkpt><trkpt lat="64.701035" lon="24.476727"><ele>-1.9</ele><time>2026-06-23T13:44:07Z</time><extensions><gpxtpx:TrackPointExtension><gpxtpx:hr>96</gpxtpx:hr></gpxtpx:TrackPointExtension></extensions></trkpt><trkpt lat="64.701035" lon="24.476727"><ele>-1.9</ele><time>2026-06-23T13:44:15Z</time><extensions><gpxtpx:TrackPointExtension><gpxtpx:hr>99</gpxtpx:hr></gpxtpx:TrackPointExtension></extensions></trkpt><trkpt lat="64.701035" lon="24.476727"><ele>-1.9</ele><time>2026-06-23T13:44:17Z</time><extensions><gpxtpx:TrackPointExtension><gpxtpx:hr>99</gpxtpx:hr></gpxtpx:TrackPointExtension></extensions></trkpt><trkpt lat="64.701035" lon="24.476727"><ele>-1.9</ele><time>2026-06-23T13:44:26Z</time><extensions><gpxtpx:TrackPointExtension><gpxtpx:hr>100</gpxtpx:hr></gpxtpx:TrackPointExtension></extensions></trkpt><trkpt lat="64.701035" lon="24.476727"><ele>-1.9</ele><time>2026-06-23T13:44:27Z</time><extensions><gpxtpx:TrackPointExtension><gpxtpx:hr>100</gpxtpx:hr></gpxtpx:TrackPointExtension></extensions></trkpt><trkpt lat="64.701035" lon="24.476727"><ele>-1.9</ele><time>2026-06-23T13:44:32Z</time><extensions><gpxtpx:TrackPointExtension><gpxtpx:hr>101</gpxtpx:hr></gpxtpx:TrackPointExtension></extensions></trkpt><trkpt lat="64.701035" lon="24.476727"><ele>-1.9</ele><time>2026-06-23T13:44:38Z</time><extensions><gpxtpx:TrackPointExtension><gpxtpx:hr>98</gpxtpx:hr></gpxtpx:TrackPointExtension></extensions></trkpt><trkpt lat="64.701035" lon="24.476727"><ele>-1.9</ele><time>2026-06-23T13:44:42Z</time><extensions><gpxtpx:TrackPointExtension><gpxtpx:hr>98</gpxtpx:hr></gpxtpx:TrackPointExtension></extensions></trkpt><trkpt lat="64.701035" lon="24.476727"><ele>-1.9</ele><time>2026-06-23T13:44:47Z</time><extensions><gpxtpx:TrackPointExtension><gpxtpx:hr>95</gpxtpx:hr></gpxtpx:TrackPointExtension></extensions></trkpt><trkpt lat="64.701035" lon="24.476727"><ele>-1.9</ele><time>2026-06-23T13:44:52Z</time><extensions><gpxtpx:TrackPointExtension><gpxtpx:hr>94</gpxtpx:hr></gpxtpx:TrackPointExtension></extensions></trkpt><trkpt lat="64.701035" lon="24.476727"><ele>-1.9</ele><time>2026-06-23T13:45:00Z</time><extensions><gpxtpx:TrackPointExtension><gpxtpx:hr>89</gpxtpx:hr></gpxtpx:TrackPointExtension></extensions></trkpt><trkpt lat="64.701035" lon="24.476727"><ele>-1.9</ele><time>2026-06-23T13:45:02Z</time><extensions><gpxtpx:TrackPointExtension><gpxtpx:hr>89</gpxtpx:hr></gpxtpx:TrackPointExtension></extensions></trkpt><trkpt lat="64.701035" lon="24.476727"><ele>-1.9</ele><time>2026-06-23T13:45:11Z</time><extensions><gpxtpx:TrackPointExtension><gpxtpx:hr>86</gpxtpx:hr></gpxtpx:TrackPointExtension></extensions></trkpt><trkpt lat="64.701035" lon="24.476727"><ele>-1.9</ele><time>2026-06-23T13:45:13Z</time><extensions><gpxtpx:TrackPointExtension><gpxtpx:hr>87</gpxtpx:hr></gpxtpx:TrackPointExtension></extensions></trkpt><trkpt lat="64.701035" lon="24.476727"><ele>-1.9</ele><time>2026-06-23T13:45:20Z</time><extensions><gpxtpx:TrackPointExtension><gpxtpx:hr>85</gpxtpx:hr></gpxtpx:TrackPointExtension></extensions></trkpt><trkpt lat="64.701035" lon="24.476727"><ele>-1.9</ele><time>2026-06-23T13:45:23Z</time><extensions><gpxtpx:TrackPointExtension><gpxtpx:hr>86</gpxtpx:hr></gpxtpx:TrackPointExtension></extensions></trkpt><trkpt lat="64.701035" lon="24.476727"><ele>-1.9</ele><time>2026-06-23T13:45:27Z</time><extensions><gpxtpx:TrackPointExtension><gpxtpx:hr>88</gpxtpx:hr></gpxtpx:TrackPointExtension></extensions></trkpt><trkpt lat="64.701035" lon="24.476727"><ele>-1.9</ele><time>2026-06-23T13:45:32Z</time><extensions><gpxtpx:TrackPointExtension><gpxtpx:hr>85</gpxtpx:hr></gpxtpx:TrackPointExtension></extensions></trkpt><trkpt lat="64.701035" lon="24.476727"><ele>-1.9</ele><time>2026-06-23T13:45:37Z</time><extensions><gpxtpx:TrackPointExtension><gpxtpx:hr>88</gpxtpx:hr></gpxtpx:TrackPointExtension></extensions></trkpt><trkpt lat="64.701035" lon="24.476727"><ele>-1.9</ele><time>2026-06-23T13:45:46Z</time><extensions><gpxtpx:TrackPointExtension><gpxtpx:hr>87</gpxtpx:hr></gpxtpx:TrackPointExtension></extensions></trkpt><trkpt lat="64.701035" lon="24.476727"><ele>-1.9</ele><time>2026-06-23T13:45:50Z</time><extensions><gpxtpx:TrackPointExtension><gpxtpx:hr>85</gpxtpx:hr></gpxtpx:TrackPointExtension></extensions></trkpt><trkpt lat="64.701035" lon="24.476727"><ele>-1.9</ele><time>2026-06-23T13:45:52Z</time><extensions><gpxtpx:TrackPointExtension><gpxtpx:hr>85</gpxtpx:hr></gpxtpx:TrackPointExtension></extensions></trkpt><trkpt lat="64.701035" lon="24.476727"><ele>-1.9</ele><time>2026-06-23T13:45:57Z</time><extensions><gpxtpx:TrackPointExtension><gpxtpx:hr>85</gpxtpx:hr></gpxtpx:TrackPointExtension></extensions></trkpt><trkpt lat="64.701035" lon="24.476727"><ele>-1.9</ele><time>2026-06-23T13:46:04Z</time><extensions><gpxtpx:TrackPointExtension><gpxtpx:hr>85</gpxtpx:hr></gpxtpx:TrackPointExtension></extensions></trkpt><trkpt lat="64.701035" lon="24.476727"><ele>-1.9</ele><time>2026-06-23T13:46:07Z</time><extensions><gpxtpx:TrackPointExtension><gpxtpx:hr>86</gpxtpx:hr></gpxtpx:TrackPointExtension></extensions></trkpt><trkpt lat="64.701035" lon="24.476727"><ele>-1.9</ele><time>2026-06-23T13:46:16Z</time><extensions><gpxtpx:TrackPointExtension><gpxtpx:hr>89</gpxtpx:hr></gpxtpx:TrackPointExtension></extensions></trkpt><trkpt lat="64.701035" lon="24.476727"><ele>-1.9</ele><time>2026-06-23T13:46:21Z</time><extensions><gpxtpx:TrackPointExtension><gpxtpx:hr>89</gpxtpx:hr></gpxtpx:TrackPointExtension></extensions></trkpt><trkpt lat="64.701035" lon="24.476727"><ele>-1.9</ele><time>2026-06-23T13:46:23Z</time><extensions><gpxtpx:TrackPointExtension><gpxtpx:hr>90</gpxtpx:hr></gpxtpx:TrackPointExtension></extensions></trkpt><trkpt lat="64.701035" lon="24.476727"><ele>-1.9</ele><time>2026-06-23T13:46:31Z</time><extensions><gpxtpx:TrackPointExtension><gpxtpx:hr>87</gpxtpx:hr></gpxtpx:TrackPointExtension></extensions></trkpt><trkpt lat="64.701035" lon="24.476727"><ele>-1.9</ele><time>2026-06-23T13:46:32Z</time><extensions><gpxtpx:TrackPointExtension><gpxtpx:hr>88</gpxtpx:hr></gpxtpx:TrackPointExtension></extensions></trkpt><trkpt lat="64.701035" lon="24.476727"><ele>-1.9</ele><time>2026-06-23T13:46:38Z</time><extensions><gpxtpx:TrackPointExtension><gpxtpx:hr>89</gpxtpx:hr></gpxtpx:TrackPointExtension></extensions></trkpt><trkpt lat="64.701035" lon="24.476727"><ele>-1.9</ele><time>2026-06-23T13:46:42Z</time><extensions><gpxtpx:TrackPointExtension><gpxtpx:hr>90</gpxtpx:hr></gpxtpx:TrackPointExtension></extensions></trkpt><trkpt lat="64.701035" lon="24.476727"><ele>-1.9</ele><time>2026-06-23T13:46:47Z</time><extensions><gpxtpx:TrackPointExtension><gpxtpx:hr>90</gpxtpx:hr></gpxtpx:TrackPointExtension></extensions></trkpt><trkpt lat="64.701035" lon="24.476727"><ele>-1.9</ele><time>2026-06-23T13:46:56Z</time><extensions><gpxtpx:TrackPointExtension><gpxtpx:hr>92</gpxtpx:hr></gpxtpx:TrackPointExtension></extensions></trkpt><trkpt lat="64.701035" lon="24.476727"><ele>-1.9</ele><time>2026-06-23T13:47:01Z</time><extensions><gpxtpx:TrackPointExtension><gpxtpx:hr>93</gpxtpx:hr></gpxtpx:TrackPointExtension></extensions></trkpt><trkpt lat="64.701035" lon="24.476727"><ele>-1.9</ele><time>2026-06-23T13:47:04Z</time><extensions><gpxtpx:TrackPointExtension><gpxtpx:hr>91</gpxtpx:hr></gpxtpx:TrackPointExtension></extensions></trkpt><trkpt lat="64.701035" lon="24.476727"><ele>-1.9</ele><time>2026-06-23T13:47:10Z</time><extensions><gpxtpx:TrackPointExtension><gpxtpx:hr>95</gpxtpx:hr></gpxtpx:TrackPointExtension></extensions></trkpt><trkpt lat="64.701035" lon="24.476727"><ele>-1.9</ele><time>2026-06-23T13:47:15Z</time><extensions><gpxtpx:TrackPointExtension><gpxtpx:hr>97</gpxtpx:hr></gpxtpx:TrackPointExtension></extensions></trkpt><trkpt lat="64.701035" lon="24.476727"><ele>-1.9</ele><time>2026-06-23T13:47:17Z</time><extensions><gpxtpx:TrackPointExtension><gpxtpx:hr>95</gpxtpx:hr></gpxtpx:TrackPointExtension></extensions></trkpt><trkpt lat="64.701035" lon="24.476727"><ele>-1.9</ele><time>2026-06-23T13:47:22Z</time><extensions><gpxtpx:TrackPointExtension><gpxtpx:hr>91</gpxtpx:hr></gpxtpx:TrackPointExtension></extensions></trkpt><trkpt lat="64.701035" lon="24.476727"><ele>-1.9</ele><time>2026-06-23T13:47:31Z</time><extensions><gpxtpx:TrackPointExtension><gpxtpx:hr>92</gpxtpx:hr></gpxtpx:TrackPointExtension></extensions></trkpt><trkpt lat="64.701035" lon="24.476727"><ele>-1.9</ele><time>2026-06-23T13:47:36Z</time><extensions><gpxtpx:TrackPointExtension><gpxtpx:hr>92</gpxtpx:hr></gpxtpx:TrackPointExtension></extensions></trkpt><trkpt lat="64.701035" lon="24.476727"><ele>-1.9</ele><time>2026-06-23T13:47:39Z</time><extensions><gpxtpx:TrackPointExtension><gpxtpx:hr>90</gpxtpx:hr></gpxtpx:TrackPointExtension></extensions></trkpt><trkpt lat="64.701035" lon="24.476727"><ele>-1.9</ele><time>2026-06-23T13:47:42Z</time><extensions><gpxtpx:TrackPointExtension><gpxtpx:hr>90</gpxtpx:hr></gpxtpx:TrackPointExtension></extensions></trkpt><trkpt lat="64.701035" lon="24.476727"><ele>-1.9</ele><time>2026-06-23T13:47:47Z</time><extensions><gpxtpx:TrackPointExtension><gpxtpx:hr>91</gpxtpx:hr></gpxtpx:TrackPointExtension></extensions></trkpt><trkpt lat="64.701035" lon="24.476727"><ele>-1.9</ele><time>2026-06-23T13:47:53Z</time><extensions><gpxtpx:TrackPointExtension><gpxtpx:hr>89</gpxtpx:hr></gpxtpx:TrackPointExtension></extensions></trkpt><trkpt lat="64.701035" lon="24.476727"><ele>-1.9</ele><time>2026-06-23T13:47:57Z</time><extensions><gpxtpx:TrackPointExtension><gpxtpx:hr>88</gpxtpx:hr></gpxtpx:TrackPointExtension></extensions></trkpt><trkpt lat="64.701035" lon="24.476727"><ele>-1.9</ele><time>2026-06-23T13:48:02Z</time><extensions><gpxtpx:TrackPointExtension><gpxtpx:hr>88</gpxtpx:hr></gpxtpx:TrackPointExtension></extensions></trkpt><trkpt lat="64.701035" lon="24.476727"><ele>-1.9</ele><time>2026-06-23T13:48:11Z</time><extensions><gpxtpx:TrackPointExtension><gpxtpx:hr>93</gpxtpx:hr></gpxtpx:TrackPointExtension></extensions></trkpt><trkpt lat="64.701035" lon="24.476727"><ele>-1.9</ele><time>2026-06-23T13:48:15Z</time><extensions><gpxtpx:TrackPointExtension><gpxtpx:hr>93</gpxtpx:hr></gpxtpx:TrackPointExtension></extensions></trkpt><trkpt lat="64.701035" lon="24.476727"><ele>-1.9</ele><time>2026-06-23T13:48:17Z</time><extensions><gpxtpx:TrackPointExtension><gpxtpx:hr>94</gpxtpx:hr></gpxtpx:TrackPointExtension></extensions></trkpt><trkpt lat="64.701035" lon="24.476727"><ele>-1.9</ele><time>2026-06-23T13:48:22Z</time><extensions><gpxtpx:TrackPointExtension><gpxtpx:hr>95</gpxtpx:hr></gpxtpx:TrackPointExtension></extensions></trkpt><trkpt lat="64.701035" lon="24.476727"><ele>-1.9</ele><time>2026-06-23T13:48:31Z</time><extensions><gpxtpx:TrackPointExtension><gpxtpx:hr>100</gpxtpx:hr></gpxtpx:TrackPointExtension></extensions></trkpt><trkpt lat="64.701035" lon="24.476727"><ele>-1.9</ele><time>2026-06-23T13:48:35Z</time><extensions><gpxtpx:TrackPointExtension><gpxtpx:hr>103</gpxtpx:hr></gpxtpx:TrackPointExtension></extensions></trkpt><trkpt lat="64.701035" lon="24.476727"><ele>-1.9</ele><time>2026-06-23T13:48:37Z</time><extensions><gpxtpx:TrackPointExtension><gpxtpx:hr>99</gpxtpx:hr></gpxtpx:TrackPointExtension></extensions></trkpt><trkpt lat="64.701035" lon="24.476727"><ele>-1.9</ele><time>2026-06-23T13:48:46Z</time><extensions><gpxtpx:TrackPointExtension><gpxtpx:hr>84</gpxtpx:hr></gpxtpx:TrackPointExtension></extensions></trkpt><trkpt lat="64.701035" lon="24.476727"><ele>-1.9</ele><time>2026-06-23T13:48:51Z</time><extensions><gpxtpx:TrackPointExtension><gpxtpx:hr>82</gpxtpx:hr></gpxtpx:TrackPointExtension></extensions></trkpt><trkpt lat="64.701035" lon="24.476727"><ele>-1.9</ele><time>2026-06-23T13:48:55Z</time><extensions><gpxtpx:TrackPointExtension><gpxtpx:hr>81</gpxtpx:hr></gpxtpx:TrackPointExtension></extensions></trkpt><trkpt lat="64.701035" lon="24.476727"><ele>-1.9</ele><time>2026-06-23T13:48:59Z</time><extensions><gpxtpx:TrackPointExtension><gpxtpx:hr>86</gpxtpx:hr></gpxtpx:TrackPointExtension></extensions></trkpt><trkpt lat="64.701035" lon="24.476727"><ele>-1.9</ele><time>2026-06-23T13:49:06Z</time><extensions><gpxtpx:TrackPointExtension><gpxtpx:hr>89</gpxtpx:hr></gpxtpx:TrackPointExtension></extensions></trkpt><trkpt lat="64.701035" lon="24.476727"><ele>-1.9</ele><time>2026-06-23T13:49:10Z</time><extensions><gpxtpx:TrackPointExtension><gpxtpx:hr>88</gpxtpx:hr></gpxtpx:TrackPointExtension></extensions></trkpt><trkpt lat="64.701035" lon="24.476727"><ele>-1.9</ele><time>2026-06-23T13:49:16Z</time><extensions><gpxtpx:TrackPointExtension><gpxtpx:hr>86</gpxtpx:hr></gpxtpx:TrackPointExtension></extensions></trkpt><trkpt lat="64.701035" lon="24.476727"><ele>-1.9</ele><time>2026-06-23T13:49:20Z</time><extensions><gpxtpx:TrackPointExtension><gpxtpx:hr>88</gpxtpx:hr></gpxtpx:TrackPointExtension></extensions></trkpt><trkpt lat="64.701035" lon="24.476727"><ele>-1.9</ele><time>2026-06-23T13:49:22Z</time><extensions><gpxtpx:TrackPointExtension><gpxtpx:hr>88</gpxtpx:hr></gpxtpx:TrackPointExtension></extensions></trkpt><trkpt lat="64.701035" lon="24.476727"><ele>-1.9</ele><time>2026-06-23T13:49:28Z</time><extensions><gpxtpx:TrackPointExtension><gpxtpx:hr>88</gpxtpx:hr></gpxtpx:TrackPointExtension></extensions></trkpt><trkpt lat="64.701035" lon="24.476727"><ele>-1.9</ele><time>2026-06-23T13:49:32Z</time><extensions><gpxtpx:TrackPointExtension><gpxtpx:hr>92</gpxtpx:hr></gpxtpx:TrackPointExtension></extensions></trkpt><trkpt lat="64.701035" lon="24.476727"><ele>-1.9</ele><time>2026-06-23T13:49:40Z</time><extensions><gpxtpx:TrackPointExtension><gpxtpx:hr>97</gpxtpx:hr></gpxtpx:TrackPointExtension></extensions></trkpt><trkpt lat="64.701035" lon="24.476727"><ele>-1.9</ele><time>2026-06-23T13:49:44Z</time><extensions><gpxtpx:TrackPointExtension><gpxtpx:hr>99</gpxtpx:hr></gpxtpx:TrackPointExtension></extensions></trkpt><trkpt lat="64.701035" lon="24.476727"><ele>-1.9</ele><time>2026-06-23T13:49:49Z</time><extensions><gpxtpx:TrackPointExtension><gpxtpx:hr>101</gpxtpx:hr></gpxtpx:TrackPointExtension></extensions></trkpt><trkpt lat="64.701035" lon="24.476727"><ele>-1.9</ele><time>2026-06-23T13:49:55Z</time><extensions><gpxtpx:TrackPointExtension><gpxtpx:hr>95</gpxtpx:hr></gpxtpx:TrackPointExtension></extensions></trkpt><trkpt lat="64.701035" lon="24.476727"><ele>-1.9</ele><time>2026-06-23T13:50:01Z</time><extensions><gpxtpx:TrackPointExtension><gpxtpx:hr>87</gpxtpx:hr></gpxtpx:TrackPointExtension></extensions></trkpt><trkpt lat="64.701035" lon="24.476727"><ele>-1.9</ele><time>2026-06-23T13:50:04Z</time><extensions><gpxtpx:TrackPointExtension><gpxtpx:hr>88</gpxtpx:hr></gpxtpx:TrackPointExtension></extensions></trkpt><trkpt lat="64.701035" lon="24.476727"><ele>-1.9</ele><time>2026-06-23T13:50:07Z</time><extensions><gpxtpx:TrackPointExtension><gpxtpx:hr>90</gpxtpx:hr></gpxtpx:TrackPointExtension></extensions></trkpt><trkpt lat="64.701035" lon="24.476727"><ele>-1.9</ele><time>2026-06-23T13:50:15Z</time><extensions><gpxtpx:TrackPointExtension><gpxtpx:hr>90</gpxtpx:hr></gpxtpx:TrackPointExtension></extensions></trkpt><trkpt lat="64.701035" lon="24.476727"><ele>-1.9</ele><time>2026-06-23T13:50:17Z</time><extensions><gpxtpx:TrackPointExtension><gpxtpx:hr>90</gpxtpx:hr></gpxtpx:TrackPointExtension></extensions></trkpt><trkpt lat="64.701035" lon="24.476727"><ele>-1.9</ele><time>2026-06-23T13:50:22Z</time><extensions><gpxtpx:TrackPointExtension><gpxtpx:hr>92</gpxtpx:hr></gpxtpx:TrackPointExtension></extensions></trkpt><trkpt lat="64.701035" lon="24.476727"><ele>-1.9</ele><time>2026-06-23T13:50:27Z</time><extensions><gpxtpx:TrackPointExtension><gpxtpx:hr>92</gpxtpx:hr></gpxtpx:TrackPointExtension></extensions></trkpt><trkpt lat="64.701035" lon="24.476727"><ele>-1.9</ele><time>2026-06-23T13:50:36Z</time><extensions><gpxtpx:TrackPointExtension><gpxtpx:hr>96</gpxtpx:hr></gpxtpx:TrackPointExtension></extensions></trkpt><trkpt lat="64.701035" lon="24.476727"><ele>-1.9</ele><time>2026-06-23T13:50:38Z</time><extensions><gpxtpx:TrackPointExtension><gpxtpx:hr>98</gpxtpx:hr></gpxtpx:TrackPointExtension></extensions></trkpt><trkpt lat="64.701035" lon="24.476727"><ele>-1.9</ele><time>2026-06-23T13:50:43Z</time><extensions><gpxtpx:TrackPointExtension><gpxtpx:hr>98</gpxtpx:hr></gpxtpx:TrackPointExtension></extensions></trkpt><trkpt lat="64.701035" lon="24.476727"><ele>-1.9</ele><time>2026-06-23T13:50:47Z</time><extensions><gpxtpx:TrackPointExtension><gpxtpx:hr>101</gpxtpx:hr></gpxtpx:TrackPointExtension></extensions></trkpt><trkpt lat="64.701035" lon="24.476727"><ele>-1.9</ele><time>2026-06-23T13:50:56Z</time><extensions><gpxtpx:TrackPointExtension><gpxtpx:hr>102</gpxtpx:hr></gpxtpx:TrackPointExtension></extensions></trkpt><trkpt lat="64.701035" lon="24.476727"><ele>-1.9</ele><time>2026-06-23T13:51:01Z</time><extensions><gpxtpx:TrackPointExtension><gpxtpx:hr>99</gpxtpx:hr></gpxtpx:TrackPointExtension></extensions></trkpt><trkpt lat="64.701035" lon="24.476727"><ele>-1.9</ele><time>2026-06-23T13:51:02Z</time><extensions><gpxtpx:TrackPointExtension><gpxtpx:hr>100</gpxtpx:hr></gpxtpx:TrackPointExtension></extensions></trkpt><trkpt lat="64.701035" lon="24.476727"><ele>-1.9</ele><time>2026-06-23T13:51:07Z</time><extensions><gpxtpx:TrackPointExtension><gpxtpx:hr>95</gpxtpx:hr></gpxtpx:TrackPointExtension></extensions></trkpt><trkpt lat="64.701035" lon="24.476727"><ele>-1.9</ele><time>2026-06-23T13:51:16Z</time><extensions><gpxtpx:TrackPointExtension><gpxtpx:hr>92</gpxtpx:hr></gpxtpx:TrackPointExtension></extensions></trkpt><trkpt lat="64.701035" lon="24.476727"><ele>-1.9</ele><time>2026-06-23T13:51:20Z</time><extensions><gpxtpx:TrackPointExtension><gpxtpx:hr>96</gpxtpx:hr></gpxtpx:TrackPointExtension></extensions></trkpt><trkpt lat="64.701035" lon="24.476727"><ele>-1.9</ele><time>2026-06-23T13:51:22Z</time><extensions><gpxtpx:TrackPointExtension><gpxtpx:hr>97</gpxtpx:hr></gpxtpx:TrackPointExtension></extensions></trkpt><trkpt lat="64.701035" lon="24.476727"><ele>-1.9</ele><time>2026-06-23T13:51:27Z</time><extensions><gpxtpx:TrackPointExtension><gpxtpx:hr>96</gpxtpx:hr></gpxtpx:TrackPointExtension></extensions></trkpt><trkpt lat="64.701035" lon="24.476727"><ele>-1.9</ele><time>2026-06-23T13:51:33Z</time><extensions><gpxtpx:TrackPointExtension><gpxtpx:hr>96</gpxtpx:hr></gpxtpx:TrackPointExtension></extensions></trkpt><trkpt lat="64.701035" lon="24.476727"><ele>-1.9</ele><time>2026-06-23T13:51:41Z</time><extensions><gpxtpx:TrackPointExtension><gpxtpx:hr>98</gpxtpx:hr></gpxtpx:TrackPointExtension></extensions></trkpt><trkpt lat="64.701035" lon="24.476727"><ele>-1.9</ele><time>2026-06-23T13:51:42Z</time><extensions><gpxtpx:TrackPointExtension><gpxtpx:hr>96</gpxtpx:hr></gpxtpx:TrackPointExtension></extensions></trkpt><trkpt lat="64.701035" lon="24.476727"><ele>-1.9</ele><time>2026-06-23T13:51:47Z</time><extensions><gpxtpx:TrackPointExtension><gpxtpx:hr>98</gpxtpx:hr></gpxtpx:TrackPointExtension></extensions></trkpt><trkpt lat="64.701035" lon="24.476727"><ele>-1.9</ele><time>2026-06-23T13:51:52Z</time><extensions><gpxtpx:TrackPointExtension><gpxtpx:hr>99</gpxtpx:hr></gpxtpx:TrackPointExtension></extensions></trkpt><trkpt lat="64.701035" lon="24.476727"><ele>-1.9</ele><time>2026-06-23T13:51:57Z</time><extensions><gpxtpx:TrackPointExtension><gpxtpx:hr>100</gpxtpx:hr></gpxtpx:TrackPointExtension></extensions></trkpt><trkpt lat="64.701035" lon="24.476727"><ele>-1.9</ele><time>2026-06-23T13:52:06Z</time><extensions><gpxtpx:TrackPointExtension><gpxtpx:hr>95</gpxtpx:hr></gpxtpx:TrackPointExtension></extensions></trkpt><trkpt lat="64.701035" lon="24.476727"><ele>-1.9</ele><time>2026-06-23T13:52:11Z</time><extensions><gpxtpx:TrackPointExtension><gpxtpx:hr>91</gpxtpx:hr></gpxtpx:TrackPointExtension></extensions></trkpt><trkpt lat="64.701035" lon="24.476727"><ele>-1.9</ele><time>2026-06-23T13:52:13Z</time><extensions><gpxtpx:TrackPointExtension><gpxtpx:hr>91</gpxtpx:hr></gpxtpx:TrackPointExtension></extensions></trkpt><trkpt lat="64.701035" lon="24.476727"><ele>-1.9</ele><time>2026-06-23T13:52:17Z</time><extensions><gpxtpx:TrackPointExtension><gpxtpx:hr>91</gpxtpx:hr></gpxtpx:TrackPointExtension></extensions></trkpt><trkpt lat="64.701035" lon="24.476727"><ele>-1.9</ele><time>2026-06-23T13:52:22Z</time><extensions><gpxtpx:TrackPointExtension><gpxtpx:hr>90</gpxtpx:hr></gpxtpx:TrackPointExtension></extensions></trkpt><trkpt lat="64.701035" lon="24.476727"><ele>-1.9</ele><time>2026-06-23T13:52:27Z</time><extensions><gpxtpx:TrackPointExtension><gpxtpx:hr>89</gpxtpx:hr></gpxtpx:TrackPointExtension></extensions></trkpt><trkpt lat="64.701035" lon="24.476727"><ele>-1.9</ele><time>2026-06-23T13:52:32Z</time><extensions><gpxtpx:TrackPointExtension><gpxtpx:hr>90</gpxtpx:hr></gpxtpx:TrackPointExtension></extensions></trkpt><trkpt lat="64.701035" lon="24.476727"><ele>-1.9</ele><time>2026-06-23T13:52:37Z</time><extensions><gpxtpx:TrackPointExtension><gpxtpx:hr>94</gpxtpx:hr></gpxtpx:TrackPointExtension></extensions></trkpt><trkpt lat="64.701035" lon="24.476727"><ele>-1.9</ele><time>2026-06-23T13:52:46Z</time><extensions><gpxtpx:TrackPointExtension><gpxtpx:hr>111</gpxtpx:hr></gpxtpx:TrackPointExtension></extensions></trkpt><trkpt lat="64.701035" lon="24.476727"><ele>-1.9</ele><time>2026-06-23T13:52:51Z</time><extensions><gpxtpx:TrackPointExtension><gpxtpx:hr>121</gpxtpx:hr></gpxtpx:TrackPointExtension></extensions></trkpt><trkpt lat="64.701035" lon="24.476727"><ele>-1.9</ele><time>2026-06-23T13:52:56Z</time><extensions><gpxtpx:TrackPointExtension><gpxtpx:hr>124</gpxtpx:hr></gpxtpx:TrackPointExtension></extensions></trkpt><trkpt lat="64.701035" lon="24.476727"><ele>-1.9</ele><time>2026-06-23T13:52:58Z</time><extensions><gpxtpx:TrackPointExtension><gpxtpx:hr>124</gpxtpx:hr></gpxtpx:TrackPointExtension></extensions></trkpt><trkpt lat="64.701035" lon="24.476727"><ele>-1.9</ele><time>2026-06-23T13:53:02Z</time><extensions><gpxtpx:TrackPointExtension><gpxtpx:hr>121</gpxtpx:hr></gpxtpx:TrackPointExtension></extensions></trkpt><trkpt lat="64.701035" lon="24.476727"><ele>-1.9</ele><time>2026-06-23T13:53:08Z</time><extensions><gpxtpx:TrackPointExtension><gpxtpx:hr>113</gpxtpx:hr></gpxtpx:TrackPointExtension></extensions></trkpt><trkpt lat="64.701035" lon="24.476727"><ele>-1.9</ele><time>2026-06-23T13:53:14Z</time><extensions><gpxtpx:TrackPointExtension><gpxtpx:hr>109</gpxtpx:hr></gpxtpx:TrackPointExtension></extensions></trkpt><trkpt lat="64.701035" lon="24.476727"><ele>-1.9</ele><time>2026-06-23T13:53:19Z</time><extensions><gpxtpx:TrackPointExtension><gpxtpx:hr>108</gpxtpx:hr></gpxtpx:TrackPointExtension></extensions></trkpt><trkpt lat="64.701035" lon="24.476727"><ele>-1.9</ele><time>2026-06-23T13:53:26Z</time><extensions><gpxtpx:TrackPointExtension><gpxtpx:hr>107</gpxtpx:hr></gpxtpx:TrackPointExtension></extensions></trkpt><trkpt lat="64.701035" lon="24.476727"><ele>-1.9</ele><time>2026-06-23T13:53:27Z</time><extensions><gpxtpx:TrackPointExtension><gpxtpx:hr>107</gpxtpx:hr></gpxtpx:TrackPointExtension></extensions></trkpt><trkpt lat="64.701035" lon="24.476727"><ele>-1.9</ele><time>2026-06-23T13:53:36Z</time><extensions><gpxtpx:TrackPointExtension><gpxtpx:hr>107</gpxtpx:hr></gpxtpx:TrackPointExtension></extensions></trkpt><trkpt lat="64.701035" lon="24.476727"><ele>-1.9</ele><time>2026-06-23T13:53:40Z</time><extensions><gpxtpx:TrackPointExtension><gpxtpx:hr>106</gpxtpx:hr></gpxtpx:TrackPointExtension></extensions></trkpt><trkpt lat="64.701035" lon="24.476727"><ele>-1.9</ele><time>2026-06-23T13:53:42Z</time><extensions><gpxtpx:TrackPointExtension><gpxtpx:hr>106</gpxtpx:hr></gpxtpx:TrackPointExtension></extensions></trkpt><trkpt lat="64.701035" lon="24.476727"><ele>-1.9</ele><time>2026-06-23T13:53:47Z</time><extensions><gpxtpx:TrackPointExtension><gpxtpx:hr>104</gpxtpx:hr></gpxtpx:TrackPointExtension></extensions></trkpt><trkpt lat="64.701035" lon="24.476727"><ele>-1.9</ele><time>2026-06-23T13:53:52Z</time><extensions><gpxtpx:TrackPointExtension><gpxtpx:hr>102</gpxtpx:hr></gpxtpx:TrackPointExtension></extensions></trkpt><trkpt lat="64.701035" lon="24.476727"><ele>-1.9</ele><time>2026-06-23T13:53:57Z</time><extensions><gpxtpx:TrackPointExtension><gpxtpx:hr>102</gpxtpx:hr></gpxtpx:TrackPointExtension></extensions></trkpt><trkpt lat="64.701035" lon="24.476727"><ele>-1.9</ele><time>2026-06-23T13:54:02Z</time><extensions><gpxtpx:TrackPointExtension><gpxtpx:hr>103</gpxtpx:hr></gpxtpx:TrackPointExtension></extensions></trkpt><trkpt lat="64.701035" lon="24.476727"><ele>-1.9</ele><time>2026-06-23T13:54:11Z</time><extensions><gpxtpx:TrackPointExtension><gpxtpx:hr>99</gpxtpx:hr></gpxtpx:TrackPointExtension></extensions></trkpt><trkpt lat="64.701035" lon="24.476727"><ele>-1.9</ele><time>2026-06-23T13:54:14Z</time><extensions><gpxtpx:TrackPointExtension><gpxtpx:hr>99</gpxtpx:hr></gpxtpx:TrackPointExtension></extensions></trkpt><trkpt lat="64.701035" lon="24.476727"><ele>-1.9</ele><time>2026-06-23T13:54:20Z</time><extensions><gpxtpx:TrackPointExtension><gpxtpx:hr>100</gpxtpx:hr></gpxtpx:TrackPointExtension></extensions></trkpt><trkpt lat="64.701035" lon="24.476727"><ele>-1.9</ele><time>2026-06-23T13:54:23Z</time><extensions><gpxtpx:TrackPointExtension><gpxtpx:hr>102</gpxtpx:hr></gpxtpx:TrackPointExtension></extensions></trkpt><trkpt lat="64.701035" lon="24.476727"><ele>-1.9</ele><time>2026-06-23T13:54:27Z</time><extensions><gpxtpx:TrackPointExtension><gpxtpx:hr>99</gpxtpx:hr></gpxtpx:TrackPointExtension></extensions></trkpt><trkpt lat="64.701035" lon="24.476727"><ele>-1.9</ele><time>2026-06-23T13:54:36Z</time><extensions><gpxtpx:TrackPointExtension><gpxtpx:hr>98</gpxtpx:hr></gpxtpx:TrackPointExtension></extensions></trkpt><trkpt lat="64.701035" lon="24.476727"><ele>-1.9</ele><time>2026-06-23T13:54:38Z</time><extensions><gpxtpx:TrackPointExtension><gpxtpx:hr>97</gpxtpx:hr></gpxtpx:TrackPointExtension></extensions></trkpt><trkpt lat="64.701035" lon="24.476727"><ele>-1.9</ele><time>2026-06-23T13:54:42Z</time><extensions><gpxtpx:TrackPointExtension><gpxtpx:hr>96</gpxtpx:hr></gpxtpx:TrackPointExtension></extensions></trkpt><trkpt lat="64.701035" lon="24.476727"><ele>-1.9</ele><time>2026-06-23T13:54:47Z</time><extensions><gpxtpx:TrackPointExtension><gpxtpx:hr>101</gpxtpx:hr></gpxtpx:TrackPointExtension></extensions></trkpt><trkpt lat="64.701035" lon="24.476727"><ele>-1.9</ele><time>2026-06-23T13:54:56Z</time><extensions><gpxtpx:TrackPointExtension><gpxtpx:hr>114</gpxtpx:hr></gpxtpx:TrackPointExtension></extensions></trkpt><trkpt lat="64.701035" lon="24.476727"><ele>-1.9</ele><time>2026-06-23T13:54:59Z</time><extensions><gpxtpx:TrackPointExtension><gpxtpx:hr>117</gpxtpx:hr></gpxtpx:TrackPointExtension></extensions></trkpt><trkpt lat="64.701035" lon="24.476727"><ele>-1.9</ele><time>2026-06-23T13:55:05Z</time><extensions><gpxtpx:TrackPointExtension><gpxtpx:hr>125</gpxtpx:hr></gpxtpx:TrackPointExtension></extensions></trkpt><trkpt lat="64.701035" lon="24.476727"><ele>-1.9</ele><time>2026-06-23T13:55:07Z</time><extensions><gpxtpx:TrackPointExtension><gpxtpx:hr>125</gpxtpx:hr></gpxtpx:TrackPointExtension></extensions></trkpt><trkpt lat="64.701035" lon="24.476727"><ele>-1.9</ele><time>2026-06-23T13:55:12Z</time><extensions><gpxtpx:TrackPointExtension><gpxtpx:hr>129</gpxtpx:hr></gpxtpx:TrackPointExtension></extensions></trkpt><trkpt lat="64.701035" lon="24.476727"><ele>-1.9</ele><time>2026-06-23T13:55:18Z</time><extensions><gpxtpx:TrackPointExtension><gpxtpx:hr>126</gpxtpx:hr></gpxtpx:TrackPointExtension></extensions></trkpt><trkpt lat="64.701035" lon="24.476727"><ele>-1.9</ele><time>2026-06-23T13:55:24Z</time><extensions><gpxtpx:TrackPointExtension><gpxtpx:hr>124</gpxtpx:hr></gpxtpx:TrackPointExtension></extensions></trkpt><trkpt lat="64.701035" lon="24.476727"><ele>-1.9</ele><time>2026-06-23T13:55:27Z</time><extensions><gpxtpx:TrackPointExtension><gpxtpx:hr>122</gpxtpx:hr></gpxtpx:TrackPointExtension></extensions></trkpt><trkpt lat="64.701035" lon="24.476727"><ele>-1.9</ele><time>2026-06-23T13:55:36Z</time><extensions><gpxtpx:TrackPointExtension><gpxtpx:hr>125</gpxtpx:hr></gpxtpx:TrackPointExtension></extensions></trkpt><trkpt lat="64.701035" lon="24.476727"><ele>-1.9</ele><time>2026-06-23T13:55:41Z</time><extensions><gpxtpx:TrackPointExtension><gpxtpx:hr>128</gpxtpx:hr></gpxtpx:TrackPointExtension></extensions></trkpt><trkpt lat="64.701035" lon="24.476727"><ele>-1.9</ele><time>2026-06-23T13:55:46Z</time><extensions><gpxtpx:TrackPointExtension><gpxtpx:hr>130</gpxtpx:hr></gpxtpx:TrackPointExtension></extensions></trkpt><trkpt lat="64.701035" lon="24.476727"><ele>-1.9</ele><time>2026-06-23T13:55:51Z</time><extensions><gpxtpx:TrackPointExtension><gpxtpx:hr>130</gpxtpx:hr></gpxtpx:TrackPointExtension></extensions></trkpt><trkpt lat="64.701035" lon="24.476727"><ele>-1.9</ele><time>2026-06-23T13:55:52Z</time><extensions><gpxtpx:TrackPointExtension><gpxtpx:hr>131</gpxtpx:hr></gpxtpx:TrackPointExtension></extensions></trkpt><trkpt lat="64.701035" lon="24.476727"><ele>-1.9</ele><time>2026-06-23T13:56:01Z</time><extensions><gpxtpx:TrackPointExtension><gpxtpx:hr>125</gpxtpx:hr></gpxtpx:TrackPointExtension></extensions></trkpt><trkpt lat="64.701035" lon="24.476727"><ele>-1.9</ele><time>2026-06-23T13:56:05Z</time><extensions><gpxtpx:TrackPointExtension><gpxtpx:hr>120</gpxtpx:hr></gpxtpx:TrackPointExtension></extensions></trkpt><trkpt lat="64.701035" lon="24.476727"><ele>-1.9</ele><time>2026-06-23T13:56:11Z</time><extensions><gpxtpx:TrackPointExtension><gpxtpx:hr>108</gpxtpx:hr></gpxtpx:TrackPointExtension></extensions></trkpt><trkpt lat="64.701035" lon="24.476727"><ele>-1.9</ele><time>2026-06-23T13:56:14Z</time><extensions><gpxtpx:TrackPointExtension><gpxtpx:hr>104</gpxtpx:hr></gpxtpx:TrackPointExtension></extensions></trkpt><trkpt lat="64.701035" lon="24.476727"><ele>-1.9</ele><time>2026-06-23T13:56:21Z</time><extensions><gpxtpx:TrackPointExtension><gpxtpx:hr>100</gpxtpx:hr></gpxtpx:TrackPointExtension></extensions></trkpt><trkpt lat="64.701035" lon="24.476727"><ele>-1.9</ele><time>2026-06-23T13:56:22Z</time><extensions><gpxtpx:TrackPointExtension><gpxtpx:hr>100</gpxtpx:hr></gpxtpx:TrackPointExtension></extensions></trkpt><trkpt lat="64.701035" lon="24.476727"><ele>-1.9</ele><time>2026-06-23T13:56:29Z</time><extensions><gpxtpx:TrackPointExtension><gpxtpx:hr>102</gpxtpx:hr></gpxtpx:TrackPointExtension></extensions></trkpt><trkpt lat="64.701035" lon="24.476727"><ele>-1.9</ele><time>2026-06-23T13:56:32Z</time><extensions><gpxtpx:TrackPointExtension><gpxtpx:hr>100</gpxtpx:hr></gpxtpx:TrackPointExtension></extensions></trkpt><trkpt lat="64.701035" lon="24.476727"><ele>-1.9</ele><time>2026-06-23T13:56:41Z</time><extensions><gpxtpx:TrackPointExtension><gpxtpx:hr>99</gpxtpx:hr></gpxtpx:TrackPointExtension></extensions></trkpt><trkpt lat="64.701035" lon="24.476727"><ele>-1.9</ele><time>2026-06-23T13:56:46Z</time><extensions><gpxtpx:TrackPointExtension><gpxtpx:hr>101</gpxtpx:hr></gpxtpx:TrackPointExtension></extensions></trkpt><trkpt lat="64.701035" lon="24.476727"><ele>-1.9</ele><time>2026-06-23T13:56:51Z</time><extensions><gpxtpx:TrackPointExtension><gpxtpx:hr>102</gpxtpx:hr></gpxtpx:TrackPointExtension></extensions></trkpt><trkpt lat="64.701035" lon="24.476727"><ele>-1.9</ele><time>2026-06-23T13:56:53Z</time><extensions><gpxtpx:TrackPointExtension><gpxtpx:hr>101</gpxtpx:hr></gpxtpx:TrackPointExtension></extensions></trkpt><trkpt lat="64.701035" lon="24.476727"><ele>-1.9</ele><time>2026-06-23T13:56:57Z</time><extensions><gpxtpx:TrackPointExtension><gpxtpx:hr>100</gpxtpx:hr></gpxtpx:TrackPointExtension></extensions></trkpt><trkpt lat="64.701035" lon="24.476727"><ele>-1.9</ele><time>2026-06-23T13:57:02Z</time><extensions><gpxtpx:TrackPointExtension><gpxtpx:hr>99</gpxtpx:hr></gpxtpx:TrackPointExtension></extensions></trkpt><trkpt lat="64.701035" lon="24.476727"><ele>-1.9</ele><time>2026-06-23T13:57:11Z</time><extensions><gpxtpx:TrackPointExtension><gpxtpx:hr>108</gpxtpx:hr></gpxtpx:TrackPointExtension></extensions></trkpt><trkpt lat="64.701035" lon="24.476727"><ele>-1.9</ele><time>2026-06-23T13:57:12Z</time><extensions><gpxtpx:TrackPointExtension><gpxtpx:hr>109</gpxtpx:hr></gpxtpx:TrackPointExtension></extensions></trkpt><trkpt lat="64.701035" lon="24.476727"><ele>-1.9</ele><time>2026-06-23T13:57:21Z</time><extensions><gpxtpx:TrackPointExtension><gpxtpx:hr>125</gpxtpx:hr></gpxtpx:TrackPointExtension></extensions></trkpt><trkpt lat="64.701035" lon="24.476727"><ele>-1.9</ele><time>2026-06-23T13:57:26Z</time><extensions><gpxtpx:TrackPointExtension><gpxtpx:hr>130</gpxtpx:hr></gpxtpx:TrackPointExtension></extensions></trkpt><trkpt lat="64.701035" lon="24.476727"><ele>-1.9</ele><time>2026-06-23T13:57:28Z</time><extensions><gpxtpx:TrackPointExtension><gpxtpx:hr>131</gpxtpx:hr></gpxtpx:TrackPointExtension></extensions></trkpt><trkpt lat="64.701035" lon="24.476727"><ele>-1.9</ele><time>2026-06-23T13:57:32Z</time><extensions><gpxtpx:TrackPointExtension><gpxtpx:hr>127</gpxtpx:hr></gpxtpx:TrackPointExtension></extensions></trkpt><trkpt lat="64.701035" lon="24.476727"><ele>-1.9</ele><time>2026-06-23T13:57:41Z</time><extensions><gpxtpx:TrackPointExtension><gpxtpx:hr>108</gpxtpx:hr></gpxtpx:TrackPointExtension></extensions></trkpt><trkpt lat="64.701035" lon="24.476727"><ele>-1.9</ele><time>2026-06-23T13:57:43Z</time><extensions><gpxtpx:TrackPointExtension><gpxtpx:hr>108</gpxtpx:hr></gpxtpx:TrackPointExtension></extensions></trkpt><trkpt lat="64.701035" lon="24.476727"><ele>-1.9</ele><time>2026-06-23T13:57:51Z</time><extensions><gpxtpx:TrackPointExtension><gpxtpx:hr>114</gpxtpx:hr></gpxtpx:TrackPointExtension></extensions></trkpt><trkpt lat="64.701035" lon="24.476727"><ele>-1.9</ele><time>2026-06-23T13:57:55Z</time><extensions><gpxtpx:TrackPointExtension><gpxtpx:hr>115</gpxtpx:hr></gpxtpx:TrackPointExtension></extensions></trkpt><trkpt lat="64.701035" lon="24.476727"><ele>-1.9</ele><time>2026-06-23T13:57:59Z</time><extensions><gpxtpx:TrackPointExtension><gpxtpx:hr>116</gpxtpx:hr></gpxtpx:TrackPointExtension></extensions></trkpt><trkpt lat="64.701035" lon="24.476727"><ele>-1.9</ele><time>2026-06-23T13:58:05Z</time><extensions><gpxtpx:TrackPointExtension><gpxtpx:hr>117</gpxtpx:hr></gpxtpx:TrackPointExtension></extensions></trkpt><trkpt lat="64.701035" lon="24.476727"><ele>-1.9</ele><time>2026-06-23T13:58:10Z</time><extensions><gpxtpx:TrackPointExtension><gpxtpx:hr>115</gpxtpx:hr></gpxtpx:TrackPointExtension></extensions></trkpt><trkpt lat="64.701035" lon="24.476727"><ele>-1.9</ele><time>2026-06-23T13:58:15Z</time><extensions><gpxtpx:TrackPointExtension><gpxtpx:hr>108</gpxtpx:hr></gpxtpx:TrackPointExtension></extensions></trkpt><trkpt lat="64.701035" lon="24.476727"><ele>-1.9</ele><time>2026-06-23T13:58:17Z</time><extensions><gpxtpx:TrackPointExtension><gpxtpx:hr>106</gpxtpx:hr></gpxtpx:TrackPointExtension></extensions></trkpt><trkpt lat="64.701035" lon="24.476727"><ele>-1.9</ele><time>2026-06-23T13:58:26Z</time><extensions><gpxtpx:TrackPointExtension><gpxtpx:hr>106</gpxtpx:hr></gpxtpx:TrackPointExtension></extensions></trkpt><trkpt lat="64.701035" lon="24.476727"><ele>-1.9</ele><time>2026-06-23T13:58:28Z</time><extensions><gpxtpx:TrackPointExtension><gpxtpx:hr>106</gpxtpx:hr></gpxtpx:TrackPointExtension></extensions></trkpt><trkpt lat="64.701035" lon="24.476727"><ele>-1.9</ele><time>2026-06-23T13:58:34Z</time><extensions><gpxtpx:TrackPointExtension><gpxtpx:hr>105</gpxtpx:hr></gpxtpx:TrackPointExtension></extensions></trkpt><trkpt lat="64.701035" lon="24.476727"><ele>-1.9</ele><time>2026-06-23T13:58:37Z</time><extensions><gpxtpx:TrackPointExtension><gpxtpx:hr>105</gpxtpx:hr></gpxtpx:TrackPointExtension></extensions></trkpt><trkpt lat="64.701035" lon="24.476727"><ele>-1.9</ele><time>2026-06-23T13:58:44Z</time><extensions><gpxtpx:TrackPointExtension><gpxtpx:hr>105</gpxtpx:hr></gpxtpx:TrackPointExtension></extensions></trkpt><trkpt lat="64.701035" lon="24.476727"><ele>-1.9</ele><time>2026-06-23T13:58:47Z</time><extensions><gpxtpx:TrackPointExtension><gpxtpx:hr>104</gpxtpx:hr></gpxtpx:TrackPointExtension></extensions></trkpt><trkpt lat="64.701035" lon="24.476727"><ele>-1.9</ele><time>2026-06-23T13:58:52Z</time><extensions><gpxtpx:TrackPointExtension><gpxtpx:hr>103</gpxtpx:hr></gpxtpx:TrackPointExtension></extensions></trkpt><trkpt lat="64.701035" lon="24.476727"><ele>-1.9</ele><time>2026-06-23T13:58:57Z</time><extensions><gpxtpx:TrackPointExtension><gpxtpx:hr>103</gpxtpx:hr></gpxtpx:TrackPointExtension></extensions></trkpt><trkpt lat="64.701035" lon="24.476727"><ele>-1.9</ele><time>2026-06-23T13:59:02Z</time><extensions><gpxtpx:TrackPointExtension><gpxtpx:hr>104</gpxtpx:hr></gpxtpx:TrackPointExtension></extensions></trkpt><trkpt lat="64.701035" lon="24.476727"><ele>-1.9</ele><time>2026-06-23T13:59:11Z</time><extensions><gpxtpx:TrackPointExtension><gpxtpx:hr>102</gpxtpx:hr></gpxtpx:TrackPointExtension></extensions></trkpt><trkpt lat="64.701035" lon="24.476727"><ele>-1.9</ele><time>2026-06-23T13:59:12Z</time><extensions><gpxtpx:TrackPointExtension><gpxtpx:hr>102</gpxtpx:hr></gpxtpx:TrackPointExtension></extensions></trkpt><trkpt lat="64.701035" lon="24.476727"><ele>-1.9</ele><time>2026-06-23T13:59:17Z</time><extensions><gpxtpx:TrackPointExtension><gpxtpx:hr>100</gpxtpx:hr></gpxtpx:TrackPointExtension></extensions></trkpt><trkpt lat="64.701035" lon="24.476727"><ele>-1.9</ele><time>2026-06-23T13:59:25Z</time><extensions><gpxtpx:TrackPointExtension><gpxtpx:hr>96</gpxtpx:hr></gpxtpx:TrackPointExtension></extensions></trkpt><trkpt lat="64.701035" lon="24.476727"><ele>-1.9</ele><time>2026-06-23T13:59:30Z</time><extensions><gpxtpx:TrackPointExtension><gpxtpx:hr>90</gpxtpx:hr></gpxtpx:TrackPointExtension></extensions></trkpt><trkpt lat="64.701035" lon="24.476727"><ele>-1.9</ele><time>2026-06-23T13:59:32Z</time><extensions><gpxtpx:TrackPointExtension><gpxtpx:hr>90</gpxtpx:hr></gpxtpx:TrackPointExtension></extensions></trkpt><trkpt lat="64.701035" lon="24.476727"><ele>-1.9</ele><time>2026-06-23T13:59:41Z</time><extensions><gpxtpx:TrackPointExtension><gpxtpx:hr>97</gpxtpx:hr></gpxtpx:TrackPointExtension></extensions></trkpt><trkpt lat="64.701035" lon="24.476727"><ele>-1.9</ele><time>2026-06-23T13:59:45Z</time><extensions><gpxtpx:TrackPointExtension><gpxtpx:hr>99</gpxtpx:hr></gpxtpx:TrackPointExtension></extensions></trkpt><trkpt lat="64.701035" lon="24.476727"><ele>-1.9</ele><time>2026-06-23T13:59:49Z</time><extensions><gpxtpx:TrackPointExtension><gpxtpx:hr>93</gpxtpx:hr></gpxtpx:TrackPointExtension></extensions></trkpt><trkpt lat="64.701035" lon="24.476727"><ele>-1.9</ele><time>2026-06-23T13:59:56Z</time><extensions><gpxtpx:TrackPointExtension><gpxtpx:hr>97</gpxtpx:hr></gpxtpx:TrackPointExtension></extensions></trkpt><trkpt lat="64.701035" lon="24.476727"><ele>-1.9</ele><time>2026-06-23T13:59:59Z</time><extensions><gpxtpx:TrackPointExtension><gpxtpx:hr>94</gpxtpx:hr></gpxtpx:TrackPointExtension></extensions></trkpt><trkpt lat="64.701035" lon="24.476727"><ele>-1.9</ele><time>2026-06-23T14:00:02Z</time><extensions><gpxtpx:TrackPointExtension><gpxtpx:hr>95</gpxtpx:hr></gpxtpx:TrackPointExtension></extensions></trkpt><trkpt lat="64.701035" lon="24.476727"><ele>-1.9</ele><time>2026-06-23T14:00:07Z</time><extensions><gpxtpx:TrackPointExtension><gpxtpx:hr>96</gpxtpx:hr></gpxtpx:TrackPointExtension></extensions></trkpt><trkpt lat="64.701035" lon="24.476727"><ele>-1.9</ele><time>2026-06-23T14:00:16Z</time><extensions><gpxtpx:TrackPointExtension><gpxtpx:hr>95</gpxtpx:hr></gpxtpx:TrackPointExtension></extensions></trkpt><trkpt lat="64.701035" lon="24.476727"><ele>-1.9</ele><time>2026-06-23T14:00:17Z</time><extensions><gpxtpx:TrackPointExtension><gpxtpx:hr>95</gpxtpx:hr></gpxtpx:TrackPointExtension></extensions></trkpt><trkpt lat="64.701035" lon="24.476727"><ele>-1.9</ele><time>2026-06-23T14:00:25Z</time><extensions><gpxtpx:TrackPointExtension><gpxtpx:hr>105</gpxtpx:hr></gpxtpx:TrackPointExtension></extensions></trkpt><trkpt lat="64.701035" lon="24.476727"><ele>-1.9</ele><time>2026-06-23T14:00:31Z</time><extensions><gpxtpx:TrackPointExtension><gpxtpx:hr>117</gpxtpx:hr></gpxtpx:TrackPointExtension></extensions></trkpt><trkpt lat="64.701035" lon="24.476727"><ele>-1.9</ele><time>2026-06-23T14:00:33Z</time><extensions><gpxtpx:TrackPointExtension><gpxtpx:hr>121</gpxtpx:hr></gpxtpx:TrackPointExtension></extensions></trkpt><trkpt lat="64.701035" lon="24.476727"><ele>-1.9</ele><time>2026-06-23T14:00:39Z</time><extensions><gpxtpx:TrackPointExtension><gpxtpx:hr>127</gpxtpx:hr></gpxtpx:TrackPointExtension></extensions></trkpt><trkpt lat="64.701035" lon="24.476727"><ele>-1.9</ele><time>2026-06-23T14:00:43Z</time><extensions><gpxtpx:TrackPointExtension><gpxtpx:hr>126</gpxtpx:hr></gpxtpx:TrackPointExtension></extensions></trkpt><trkpt lat="64.701035" lon="24.476727"><ele>-1.9</ele><time>2026-06-23T14:00:51Z</time><extensions><gpxtpx:TrackPointExtension><gpxtpx:hr>120</gpxtpx:hr></gpxtpx:TrackPointExtension></extensions></trkpt><trkpt lat="64.701035" lon="24.476727"><ele>-1.9</ele><time>2026-06-23T14:00:52Z</time><extensions><gpxtpx:TrackPointExtension><gpxtpx:hr>119</gpxtpx:hr></gpxtpx:TrackPointExtension></extensions></trkpt><trkpt lat="64.701035" lon="24.476727"><ele>-1.9</ele><time>2026-06-23T14:00:58Z</time><extensions><gpxtpx:TrackPointExtension><gpxtpx:hr>117</gpxtpx:hr></gpxtpx:TrackPointExtension></extensions></trkpt><trkpt lat="64.701035" lon="24.476727"><ele>-1.9</ele><time>2026-06-23T14:01:06Z</time><extensions><gpxtpx:TrackPointExtension><gpxtpx:hr>113</gpxtpx:hr></gpxtpx:TrackPointExtension></extensions></trkpt><trkpt lat="64.701035" lon="24.476727"><ele>-1.9</ele><time>2026-06-23T14:01:10Z</time><extensions><gpxtpx:TrackPointExtension><gpxtpx:hr>114</gpxtpx:hr></gpxtpx:TrackPointExtension></extensions></trkpt><trkpt lat="64.701035" lon="24.476727"><ele>-1.9</ele><time>2026-06-23T14:01:13Z</time><extensions><gpxtpx:TrackPointExtension><gpxtpx:hr>114</gpxtpx:hr></gpxtpx:TrackPointExtension></extensions></trkpt><trkpt lat="64.701035" lon="24.476727"><ele>-1.9</ele><time>2026-06-23T14:01:22Z</time><extensions><gpxtpx:TrackPointExtension><gpxtpx:hr>110</gpxtpx:hr></gpxtpx:TrackPointExtension></extensions></trkpt><trkpt lat="64.701035" lon="24.476727"><ele>-1.9</ele><time>2026-06-23T14:01:23Z</time><extensions><gpxtpx:TrackPointExtension><gpxtpx:hr>109</gpxtpx:hr></gpxtpx:TrackPointExtension></extensions></trkpt><trkpt lat="64.701035" lon="24.476727"><ele>-1.9</ele><time>2026-06-23T14:01:28Z</time><extensions><gpxtpx:TrackPointExtension><gpxtpx:hr>106</gpxtpx:hr></gpxtpx:TrackPointExtension></extensions></trkpt><trkpt lat="64.701035" lon="24.476727"><ele>-1.9</ele><time>2026-06-23T14:01:37Z</time><extensions><gpxtpx:TrackPointExtension><gpxtpx:hr>104</gpxtpx:hr></gpxtpx:TrackPointExtension></extensions></trkpt><trkpt lat="64.701035" lon="24.476727"><ele>-1.9</ele><time>2026-06-23T14:01:38Z</time><extensions><gpxtpx:TrackPointExtension><gpxtpx:hr>105</gpxtpx:hr></gpxtpx:TrackPointExtension></extensions></trkpt><trkpt lat="64.701035" lon="24.476727"><ele>-1.9</ele><time>2026-06-23T14:01:47Z</time><extensions><gpxtpx:TrackPointExtension><gpxtpx:hr>104</gpxtpx:hr></gpxtpx:TrackPointExtension></extensions></trkpt><trkpt lat="64.701035" lon="24.476727"><ele>-1.9</ele><time>2026-06-23T14:01:49Z</time><extensions><gpxtpx:TrackPointExtension><gpxtpx:hr>104</gpxtpx:hr></gpxtpx:TrackPointExtension></extensions></trkpt><trkpt lat="64.701035" lon="24.476727"><ele>-1.9</ele><time>2026-06-23T14:01:53Z</time><extensions><gpxtpx:TrackPointExtension><gpxtpx:hr>106</gpxtpx:hr></gpxtpx:TrackPointExtension></extensions></trkpt><trkpt lat="64.701035" lon="24.476727"><ele>-1.9</ele><time>2026-06-23T14:01:58Z</time><extensions><gpxtpx:TrackPointExtension><gpxtpx:hr>101</gpxtpx:hr></gpxtpx:TrackPointExtension></extensions></trkpt><trkpt lat="64.701035" lon="24.476727"><ele>-1.9</ele><time>2026-06-23T14:02:07Z</time><extensions><gpxtpx:TrackPointExtension><gpxtpx:hr>98</gpxtpx:hr></gpxtpx:TrackPointExtension></extensions></trkpt><trkpt lat="64.701035" lon="24.476727"><ele>-1.9</ele><time>2026-06-23T14:02:11Z</time><extensions><gpxtpx:TrackPointExtension><gpxtpx:hr>101</gpxtpx:hr></gpxtpx:TrackPointExtension></extensions></trkpt><trkpt lat="64.701035" lon="24.476727"><ele>-1.9</ele><time>2026-06-23T14:02:13Z</time><extensions><gpxtpx:TrackPointExtension><gpxtpx:hr>103</gpxtpx:hr></gpxtpx:TrackPointExtension></extensions></trkpt><trkpt lat="64.701035" lon="24.476727"><ele>-1.9</ele><time>2026-06-23T14:02:22Z</time><extensions><gpxtpx:TrackPointExtension><gpxtpx:hr>111</gpxtpx:hr></gpxtpx:TrackPointExtension></extensions></trkpt><trkpt lat="64.701035" lon="24.476727"><ele>-1.9</ele><time>2026-06-23T14:02:23Z</time><extensions><gpxtpx:TrackPointExtension><gpxtpx:hr>111</gpxtpx:hr></gpxtpx:TrackPointExtension></extensions></trkpt><trkpt lat="64.701035" lon="24.476727"><ele>-1.9</ele><time>2026-06-23T14:02:28Z</time><extensions><gpxtpx:TrackPointExtension><gpxtpx:hr>117</gpxtpx:hr></gpxtpx:TrackPointExtension></extensions></trkpt><trkpt lat="64.701035" lon="24.476727"><ele>-1.9</ele><time>2026-06-23T14:02:33Z</time><extensions><gpxtpx:TrackPointExtension><gpxtpx:hr>119</gpxtpx:hr></gpxtpx:TrackPointExtension></extensions></trkpt><trkpt lat="64.701035" lon="24.476727"><ele>-1.9</ele><time>2026-06-23T14:02:42Z</time><extensions><gpxtpx:TrackPointExtension><gpxtpx:hr>119</gpxtpx:hr></gpxtpx:TrackPointExtension></extensions></trkpt><trkpt lat="64.701035" lon="24.476727"><ele>-1.9</ele><time>2026-06-23T14:02:45Z</time><extensions><gpxtpx:TrackPointExtension><gpxtpx:hr>118</gpxtpx:hr></gpxtpx:TrackPointExtension></extensions></trkpt><trkpt lat="64.701035" lon="24.476727"><ele>-1.9</ele><time>2026-06-23T14:02:49Z</time><extensions><gpxtpx:TrackPointExtension><gpxtpx:hr>114</gpxtpx:hr></gpxtpx:TrackPointExtension></extensions></trkpt><trkpt lat="64.701035" lon="24.476727"><ele>-1.9</ele><time>2026-06-23T14:02:55Z</time><extensions><gpxtpx:TrackPointExtension><gpxtpx:hr>113</gpxtpx:hr></gpxtpx:TrackPointExtension></extensions></trkpt><trkpt lat="64.701035" lon="24.476727"><ele>-1.9</ele><time>2026-06-23T14:02:58Z</time><extensions><gpxtpx:TrackPointExtension><gpxtpx:hr>113</gpxtpx:hr></gpxtpx:TrackPointExtension></extensions></trkpt><trkpt lat="64.701035" lon="24.476727"><ele>-1.9</ele><time>2026-06-23T14:03:04Z</time><extensions><gpxtpx:TrackPointExtension><gpxtpx:hr>116</gpxtpx:hr></gpxtpx:TrackPointExtension></extensions></trkpt><trkpt lat="64.701035" lon="24.476727"><ele>-1.9</ele><time>2026-06-23T14:03:08Z</time><extensions><gpxtpx:TrackPointExtension><gpxtpx:hr>116</gpxtpx:hr></gpxtpx:TrackPointExtension></extensions></trkpt><trkpt lat="64.701035" lon="24.476727"><ele>-1.9</ele><time>2026-06-23T14:03:28Z</time><extensions><gpxtpx:TrackPointExtension><gpxtpx:hr>119</gpxtpx:hr></gpxtpx:TrackPointExtension></extensions></trkpt><trkpt lat="64.701035" lon="24.476727"><ele>-1.9</ele><time>2026-06-23T14:03:30Z</time><extensions><gpxtpx:TrackPointExtension><gpxtpx:hr>120</gpxtpx:hr></gpxtpx:TrackPointExtension></extensions></trkpt><trkpt lat="64.701035" lon="24.476727"><ele>-1.9</ele><time>2026-06-23T14:03:38Z</time><extensions><gpxtpx:TrackPointExtension><gpxtpx:hr>112</gpxtpx:hr></gpxtpx:TrackPointExtension></extensions></trkpt><trkpt lat="64.701035" lon="24.476727"><ele>-1.9</ele><time>2026-06-23T14:03:43Z</time><extensions><gpxtpx:TrackPointExtension><gpxtpx:hr>107</gpxtpx:hr></gpxtpx:TrackPointExtension></extensions></trkpt><trkpt lat="64.701035" lon="24.476727"><ele>-1.9</ele><time>2026-06-23T14:03:48Z</time><extensions><gpxtpx:TrackPointExtension><gpxtpx:hr>106</gpxtpx:hr></gpxtpx:TrackPointExtension></extensions></trkpt><trkpt lat="64.701035" lon="24.476727"><ele>-1.9</ele><time>2026-06-23T14:03:49Z</time><extensions><gpxtpx:TrackPointExtension><gpxtpx:hr>106</gpxtpx:hr></gpxtpx:TrackPointExtension></extensions></trkpt><trkpt lat="64.701035" lon="24.476727"><ele>-1.9</ele><time>2026-06-23T14:03:58Z</time><extensions><gpxtpx:TrackPointExtension><gpxtpx:hr>108</gpxtpx:hr></gpxtpx:TrackPointExtension></extensions></trkpt><trkpt lat="64.701035" lon="24.476727"><ele>-1.9</ele><time>2026-06-23T14:04:03Z</time><extensions><gpxtpx:TrackPointExtension><gpxtpx:hr>107</gpxtpx:hr></gpxtpx:TrackPointExtension></extensions></trkpt><trkpt lat="64.701035" lon="24.476727"><ele>-1.9</ele><time>2026-06-23T14:04:04Z</time><extensions><gpxtpx:TrackPointExtension><gpxtpx:hr>107</gpxtpx:hr></gpxtpx:TrackPointExtension></extensions></trkpt><trkpt lat="64.701035" lon="24.476727"><ele>-1.9</ele><time>2026-06-23T14:04:13Z</time><extensions><gpxtpx:TrackPointExtension><gpxtpx:hr>105</gpxtpx:hr></gpxtpx:TrackPointExtension></extensions></trkpt><trkpt lat="64.701035" lon="24.476727"><ele>-1.9</ele><time>2026-06-23T14:04:14Z</time><extensions><gpxtpx:TrackPointExtension><gpxtpx:hr>104</gpxtpx:hr></gpxtpx:TrackPointExtension></extensions></trkpt><trkpt lat="64.701035" lon="24.476727"><ele>-1.9</ele><time>2026-06-23T14:04:19Z</time><extensions><gpxtpx:TrackPointExtension><gpxtpx:hr>101</gpxtpx:hr></gpxtpx:TrackPointExtension></extensions></trkpt><trkpt lat="64.701035" lon="24.476727"><ele>-1.9</ele><time>2026-06-23T14:04:24Z</time><extensions><gpxtpx:TrackPointExtension><gpxtpx:hr>106</gpxtpx:hr></gpxtpx:TrackPointExtension></extensions></trkpt><trkpt lat="64.701035" lon="24.476727"><ele>-1.9</ele><time>2026-06-23T14:04:29Z</time><extensions><gpxtpx:TrackPointExtension><gpxtpx:hr>113</gpxtpx:hr></gpxtpx:TrackPointExtension></extensions></trkpt><trkpt lat="64.701035" lon="24.476727"><ele>-1.9</ele><time>2026-06-23T14:04:36Z</time><extensions><gpxtpx:TrackPointExtension><gpxtpx:hr>115</gpxtpx:hr></gpxtpx:TrackPointExtension></extensions></trkpt><trkpt lat="64.701035" lon="24.476727"><ele>-1.9</ele><time>2026-06-23T14:04:43Z</time><extensions><gpxtpx:TrackPointExtension><gpxtpx:hr>114</gpxtpx:hr></gpxtpx:TrackPointExtension></extensions></trkpt><trkpt lat="64.701035" lon="24.476727"><ele>-1.9</ele><time>2026-06-23T14:04:46Z</time><extensions><gpxtpx:TrackPointExtension><gpxtpx:hr>109</gpxtpx:hr></gpxtpx:TrackPointExtension></extensions></trkpt><trkpt lat="64.701035" lon="24.476727"><ele>-1.9</ele><time>2026-06-23T14:04:49Z</time><extensions><gpxtpx:TrackPointExtension><gpxtpx:hr>107</gpxtpx:hr></gpxtpx:TrackPointExtension></extensions></trkpt><trkpt lat="64.701035" lon="24.476727"><ele>-1.9</ele><time>2026-06-23T14:04:54Z</time><extensions><gpxtpx:TrackPointExtension><gpxtpx:hr>105</gpxtpx:hr></gpxtpx:TrackPointExtension></extensions></trkpt><trkpt lat="64.701035" lon="24.476727"><ele>-1.9</ele><time>2026-06-23T14:04:59Z</time><extensions><gpxtpx:TrackPointExtension><gpxtpx:hr>107</gpxtpx:hr></gpxtpx:TrackPointExtension></extensions></trkpt><trkpt lat="64.701035" lon="24.476727"><ele>-1.9</ele><time>2026-06-23T14:05:04Z</time><extensions><gpxtpx:TrackPointExtension><gpxtpx:hr>111</gpxtpx:hr></gpxtpx:TrackPointExtension></extensions></trkpt><trkpt lat="64.701035" lon="24.476727"><ele>-1.9</ele><time>2026-06-23T14:05:13Z</time><extensions><gpxtpx:TrackPointExtension><gpxtpx:hr>115</gpxtpx:hr></gpxtpx:TrackPointExtension></extensions></trkpt><trkpt lat="64.701035" lon="24.476727"><ele>-1.9</ele><time>2026-06-23T14:05:14Z</time><extensions><gpxtpx:TrackPointExtension><gpxtpx:hr>115</gpxtpx:hr></gpxtpx:TrackPointExtension></extensions></trkpt><trkpt lat="64.701035" lon="24.476727"><ele>-1.9</ele><time>2026-06-23T14:05:22Z</time><extensions><gpxtpx:TrackPointExtension><gpxtpx:hr>116</gpxtpx:hr></gpxtpx:TrackPointExtension></extensions></trkpt><trkpt lat="64.701035" lon="24.476727"><ele>-1.9</ele><time>2026-06-23T14:05:24Z</time><extensions><gpxtpx:TrackPointExtension><gpxtpx:hr>116</gpxtpx:hr></gpxtpx:TrackPointExtension></extensions></trkpt><trkpt lat="64.701035" lon="24.476727"><ele>-1.9</ele><time>2026-06-23T14:05:33Z</time><extensions><gpxtpx:TrackPointExtension><gpxtpx:hr>118</gpxtpx:hr></gpxtpx:TrackPointExtension></extensions></trkpt><trkpt lat="64.701035" lon="24.476727"><ele>-1.9</ele><time>2026-06-23T14:05:38Z</time><extensions><gpxtpx:TrackPointExtension><gpxtpx:hr>111</gpxtpx:hr></gpxtpx:TrackPointExtension></extensions></trkpt><trkpt lat="64.701035" lon="24.476727"><ele>-1.9</ele><time>2026-06-23T14:05:41Z</time><extensions><gpxtpx:TrackPointExtension><gpxtpx:hr>107</gpxtpx:hr></gpxtpx:TrackPointExtension></extensions></trkpt><trkpt lat="64.701035" lon="24.476727"><ele>-1.9</ele><time>2026-06-23T14:05:48Z</time><extensions><gpxtpx:TrackPointExtension><gpxtpx:hr>104</gpxtpx:hr></gpxtpx:TrackPointExtension></extensions></trkpt><trkpt lat="64.701035" lon="24.476727"><ele>-1.9</ele><time>2026-06-23T14:05:53Z</time><extensions><gpxtpx:TrackPointExtension><gpxtpx:hr>102</gpxtpx:hr></gpxtpx:TrackPointExtension></extensions></trkpt><trkpt lat="64.701035" lon="24.476727"><ele>-1.9</ele><time>2026-06-23T14:05:54Z</time><extensions><gpxtpx:TrackPointExtension><gpxtpx:hr>102</gpxtpx:hr></gpxtpx:TrackPointExtension></extensions></trkpt><trkpt lat="64.701035" lon="24.476727"><ele>-1.9</ele><time>2026-06-23T14:06:03Z</time><extensions><gpxtpx:TrackPointExtension><gpxtpx:hr>98</gpxtpx:hr></gpxtpx:TrackPointExtension></extensions></trkpt><trkpt lat="64.701035" lon="24.476727"><ele>-1.9</ele><time>2026-06-23T14:06:07Z</time><extensions><gpxtpx:TrackPointExtension><gpxtpx:hr>94</gpxtpx:hr></gpxtpx:TrackPointExtension></extensions></trkpt><trkpt lat="64.701035" lon="24.476727"><ele>-1.9</ele><time>2026-06-23T14:06:10Z</time><extensions><gpxtpx:TrackPointExtension><gpxtpx:hr>95</gpxtpx:hr></gpxtpx:TrackPointExtension></extensions></trkpt><trkpt lat="64.701035" lon="24.476727"><ele>-1.9</ele><time>2026-06-23T14:06:14Z</time><extensions><gpxtpx:TrackPointExtension><gpxtpx:hr>97</gpxtpx:hr></gpxtpx:TrackPointExtension></extensions></trkpt><trkpt lat="64.701035" lon="24.476727"><ele>-1.9</ele><time>2026-06-23T14:06:23Z</time><extensions><gpxtpx:TrackPointExtension><gpxtpx:hr>94</gpxtpx:hr></gpxtpx:TrackPointExtension></extensions></trkpt><trkpt lat="64.701035" lon="24.476727"><ele>-1.9</ele><time>2026-06-23T14:06:28Z</time><extensions><gpxtpx:TrackPointExtension><gpxtpx:hr>95</gpxtpx:hr></gpxtpx:TrackPointExtension></extensions></trkpt><trkpt lat="64.701035" lon="24.476727"><ele>-1.9</ele><time>2026-06-23T14:06:30Z</time><extensions><gpxtpx:TrackPointExtension><gpxtpx:hr>96</gpxtpx:hr></gpxtpx:TrackPointExtension></extensions></trkpt><trkpt lat="64.701035" lon="24.476727"><ele>-1.9</ele><time>2026-06-23T14:06:37Z</time><extensions><gpxtpx:TrackPointExtension><gpxtpx:hr>86</gpxtpx:hr></gpxtpx:TrackPointExtension></extensions></trkpt><trkpt lat="64.701035" lon="24.476727"><ele>-1.9</ele><time>2026-06-23T14:06:39Z</time><extensions><gpxtpx:TrackPointExtension><gpxtpx:hr>86</gpxtpx:hr></gpxtpx:TrackPointExtension></extensions></trkpt><trkpt lat="64.701035" lon="24.476727"><ele>-1.9</ele><time>2026-06-23T14:06:44Z</time><extensions><gpxtpx:TrackPointExtension><gpxtpx:hr>93</gpxtpx:hr></gpxtpx:TrackPointExtension></extensions></trkpt><trkpt lat="64.701035" lon="24.476727"><ele>-1.9</ele><time>2026-06-23T14:06:49Z</time><extensions><gpxtpx:TrackPointExtension><gpxtpx:hr>98</gpxtpx:hr></gpxtpx:TrackPointExtension></extensions></trkpt><trkpt lat="64.701035" lon="24.476727"><ele>-1.9</ele><time>2026-06-23T14:06:59Z</time><extensions><gpxtpx:TrackPointExtension><gpxtpx:hr>96</gpxtpx:hr></gpxtpx:TrackPointExtension></extensions></trkpt><trkpt lat="64.701035" lon="24.476727"><ele>-1.9</ele><time>2026-06-23T14:07:02Z</time><extensions><gpxtpx:TrackPointExtension><gpxtpx:hr>95</gpxtpx:hr></gpxtpx:TrackPointExtension></extensions></trkpt><trkpt lat="64.701035" lon="24.476727"><ele>-1.9</ele><time>2026-06-23T14:07:05Z</time><extensions><gpxtpx:TrackPointExtension><gpxtpx:hr>95</gpxtpx:hr></gpxtpx:TrackPointExtension></extensions></trkpt><trkpt lat="64.701035" lon="24.476727"><ele>-1.9</ele><time>2026-06-23T14:07:14Z</time><extensions><gpxtpx:TrackPointExtension><gpxtpx:hr>95</gpxtpx:hr></gpxtpx:TrackPointExtension></extensions></trkpt><trkpt lat="64.701035" lon="24.476727"><ele>-1.9</ele><time>2026-06-23T14:07:17Z</time><extensions><gpxtpx:TrackPointExtension><gpxtpx:hr>95</gpxtpx:hr></gpxtpx:TrackPointExtension></extensions></trkpt><trkpt lat="64.701035" lon="24.476727"><ele>-1.9</ele><time>2026-06-23T14:07:20Z</time><extensions><gpxtpx:TrackPointExtension><gpxtpx:hr>92</gpxtpx:hr></gpxtpx:TrackPointExtension></extensions></trkpt><trkpt lat="64.701035" lon="24.476727"><ele>-1.9</ele><time>2026-06-23T14:07:25Z</time><extensions><gpxtpx:TrackPointExtension><gpxtpx:hr>91</gpxtpx:hr></gpxtpx:TrackPointExtension></extensions></trkpt><trkpt lat="64.701035" lon="24.476727"><ele>-1.9</ele><time>2026-06-23T14:07:30Z</time><extensions><gpxtpx:TrackPointExtension><gpxtpx:hr>91</gpxtpx:hr></gpxtpx:TrackPointExtension></extensions></trkpt><trkpt lat="64.701035" lon="24.476727"><ele>-1.9</ele><time>2026-06-23T14:07:39Z</time><extensions><gpxtpx:TrackPointExtension><gpxtpx:hr>87</gpxtpx:hr></gpxtpx:TrackPointExtension></extensions></trkpt><trkpt lat="64.701035" lon="24.476727"><ele>-1.9</ele><time>2026-06-23T14:07:44Z</time><extensions><gpxtpx:TrackPointExtension><gpxtpx:hr>85</gpxtpx:hr></gpxtpx:TrackPointExtension></extensions></trkpt><trkpt lat="64.701035" lon="24.476727"><ele>-1.9</ele><time>2026-06-23T14:07:46Z</time><extensions><gpxtpx:TrackPointExtension><gpxtpx:hr>84</gpxtpx:hr></gpxtpx:TrackPointExtension></extensions></trkpt><trkpt lat="64.701035" lon="24.476727"><ele>-1.9</ele><time>2026-06-23T14:07:50Z</time><extensions><gpxtpx:TrackPointExtension><gpxtpx:hr>84</gpxtpx:hr></gpxtpx:TrackPointExtension></extensions></trkpt><trkpt lat="64.701035" lon="24.476727"><ele>-1.9</ele><time>2026-06-23T14:07:55Z</time><extensions><gpxtpx:TrackPointExtension><gpxtpx:hr>87</gpxtpx:hr></gpxtpx:TrackPointExtension></extensions></trkpt><trkpt lat="64.701035" lon="24.476727"><ele>-1.9</ele><time>2026-06-23T14:08:05Z</time><extensions><gpxtpx:TrackPointExtension><gpxtpx:hr>85</gpxtpx:hr></gpxtpx:TrackPointExtension></extensions></trkpt><trkpt lat="64.701035" lon="24.476727"><ele>-1.9</ele><time>2026-06-23T14:08:10Z</time><extensions><gpxtpx:TrackPointExtension><gpxtpx:hr>84</gpxtpx:hr></gpxtpx:TrackPointExtension></extensions></trkpt><trkpt lat="64.701035" lon="24.476727"><ele>-1.9</ele><time>2026-06-23T14:08:14Z</time><extensions><gpxtpx:TrackPointExtension><gpxtpx:hr>87</gpxtpx:hr></gpxtpx:TrackPointExtension></extensions></trkpt><trkpt lat="64.701035" lon="24.476727"><ele>-1.9</ele><time>2026-06-23T14:08:20Z</time><extensions><gpxtpx:TrackPointExtension><gpxtpx:hr>86</gpxtpx:hr></gpxtpx:TrackPointExtension></extensions></trkpt><trkpt lat="64.701035" lon="24.476727"><ele>-1.9</ele><time>2026-06-23T14:08:24Z</time><extensions><gpxtpx:TrackPointExtension><gpxtpx:hr>85</gpxtpx:hr></gpxtpx:TrackPointExtension></extensions></trkpt><trkpt lat="64.701035" lon="24.476727"><ele>-1.9</ele><time>2026-06-23T14:08:30Z</time><extensions><gpxtpx:TrackPointExtension><gpxtpx:hr>80</gpxtpx:hr></gpxtpx:TrackPointExtension></extensions></trkpt><trkpt lat="64.701035" lon="24.476727"><ele>-1.9</ele><time>2026-06-23T14:08:32Z</time><extensions><gpxtpx:TrackPointExtension><gpxtpx:hr>80</gpxtpx:hr></gpxtpx:TrackPointExtension></extensions></trkpt><trkpt lat="64.701035" lon="24.476727"><ele>-1.9</ele><time>2026-06-23T14:08:36Z</time><extensions><gpxtpx:TrackPointExtension><gpxtpx:hr>84</gpxtpx:hr></gpxtpx:TrackPointExtension></extensions></trkpt><trkpt lat="64.701035" lon="24.476727"><ele>-1.9</ele><time>2026-06-23T14:08:41Z</time><extensions><gpxtpx:TrackPointExtension><gpxtpx:hr>86</gpxtpx:hr></gpxtpx:TrackPointExtension></extensions></trkpt><trkpt lat="64.701035" lon="24.476727"><ele>-1.9</ele><time>2026-06-23T14:08:46Z</time><extensions><gpxtpx:TrackPointExtension><gpxtpx:hr>90</gpxtpx:hr></gpxtpx:TrackPointExtension></extensions></trkpt><trkpt lat="64.701035" lon="24.476727"><ele>-1.9</ele><time>2026-06-23T14:08:51Z</time><extensions><gpxtpx:TrackPointExtension><gpxtpx:hr>96</gpxtpx:hr></gpxtpx:TrackPointExtension></extensions></trkpt><trkpt lat="64.701035" lon="24.476727"><ele>-1.9</ele><time>2026-06-23T14:08:59Z</time><extensions><gpxtpx:TrackPointExtension><gpxtpx:hr>99</gpxtpx:hr></gpxtpx:TrackPointExtension></extensions></trkpt><trkpt lat="64.701035" lon="24.476727"><ele>-1.9</ele><time>2026-06-23T14:09:05Z</time><extensions><gpxtpx:TrackPointExtension><gpxtpx:hr>96</gpxtpx:hr></gpxtpx:TrackPointExtension></extensions></trkpt><trkpt lat="64.701035" lon="24.476727"><ele>-1.9</ele><time>2026-06-23T14:09:10Z</time><extensions><gpxtpx:TrackPointExtension><gpxtpx:hr>95</gpxtpx:hr></gpxtpx:TrackPointExtension></extensions></trkpt><trkpt lat="64.701035" lon="24.476727"><ele>-1.9</ele><time>2026-06-23T14:09:20Z</time><extensions><gpxtpx:TrackPointExtension><gpxtpx:hr>96</gpxtpx:hr></gpxtpx:TrackPointExtension></extensions></trkpt><trkpt lat="64.701035" lon="24.476727"><ele>-1.9</ele><time>2026-06-23T14:09:22Z</time><extensions><gpxtpx:TrackPointExtension><gpxtpx:hr>97</gpxtpx:hr></gpxtpx:TrackPointExtension></extensions></trkpt><trkpt lat="64.701035" lon="24.476727"><ele>-1.9</ele><time>2026-06-23T14:09:26Z</time><extensions><gpxtpx:TrackPointExtension><gpxtpx:hr>101</gpxtpx:hr></gpxtpx:TrackPointExtension></extensions></trkpt><trkpt lat="64.701035" lon="24.476727"><ele>-1.9</ele><time>2026-06-23T14:09:31Z</time><extensions><gpxtpx:TrackPointExtension><gpxtpx:hr>100</gpxtpx:hr></gpxtpx:TrackPointExtension></extensions></trkpt><trkpt lat="64.701035" lon="24.476727"><ele>-1.9</ele><time>2026-06-23T14:09:36Z</time><extensions><gpxtpx:TrackPointExtension><gpxtpx:hr>106</gpxtpx:hr></gpxtpx:TrackPointExtension></extensions></trkpt><trkpt lat="64.701035" lon="24.476727"><ele>-1.9</ele><time>2026-06-23T14:09:44Z</time><extensions><gpxtpx:TrackPointExtension><gpxtpx:hr>114</gpxtpx:hr></gpxtpx:TrackPointExtension></extensions></trkpt><trkpt lat="64.701035" lon="24.476727"><ele>-1.9</ele><time>2026-06-23T14:09:46Z</time><extensions><gpxtpx:TrackPointExtension><gpxtpx:hr>113</gpxtpx:hr></gpxtpx:TrackPointExtension></extensions></trkpt><trkpt lat="64.701035" lon="24.476727"><ele>-1.9</ele><time>2026-06-23T14:09:51Z</time><extensions><gpxtpx:TrackPointExtension><gpxtpx:hr>112</gpxtpx:hr></gpxtpx:TrackPointExtension></extensions></trkpt><trkpt lat="64.701035" lon="24.476727"><ele>-1.9</ele><time>2026-06-23T14:09:56Z</time><extensions><gpxtpx:TrackPointExtension><gpxtpx:hr>114</gpxtpx:hr></gpxtpx:TrackPointExtension></extensions></trkpt><trkpt lat="64.701035" lon="24.476727"><ele>-1.9</ele><time>2026-06-23T14:10:02Z</time><extensions><gpxtpx:TrackPointExtension><gpxtpx:hr>116</gpxtpx:hr></gpxtpx:TrackPointExtension></extensions></trkpt><trkpt lat="64.701035" lon="24.476727"><ele>-1.9</ele><time>2026-06-23T14:10:15Z</time><extensions><gpxtpx:TrackPointExtension><gpxtpx:hr>109</gpxtpx:hr></gpxtpx:TrackPointExtension></extensions></trkpt><trkpt lat="64.701035" lon="24.476727"><ele>-1.9</ele><time>2026-06-23T14:10:20Z</time><extensions><gpxtpx:TrackPointExtension><gpxtpx:hr>111</gpxtpx:hr></gpxtpx:TrackPointExtension></extensions></trkpt><trkpt lat="64.701035" lon="24.476727"><ele>-1.9</ele><time>2026-06-23T14:10:25Z</time><extensions><gpxtpx:TrackPointExtension><gpxtpx:hr>111</gpxtpx:hr></gpxtpx:TrackPointExtension></extensions></trkpt><trkpt lat="64.701035" lon="24.476727"><ele>-1.9</ele><time>2026-06-23T14:10:29Z</time><extensions><gpxtpx:TrackPointExtension><gpxtpx:hr>110</gpxtpx:hr></gpxtpx:TrackPointExtension></extensions></trkpt><trkpt lat="64.701035" lon="24.476727"><ele>-1.9</ele><time>2026-06-23T14:10:35Z</time><extensions><gpxtpx:TrackPointExtension><gpxtpx:hr>109</gpxtpx:hr></gpxtpx:TrackPointExtension></extensions></trkpt><trkpt lat="64.701035" lon="24.476727"><ele>-1.9</ele><time>2026-06-23T14:10:37Z</time><extensions><gpxtpx:TrackPointExtension><gpxtpx:hr>108</gpxtpx:hr></gpxtpx:TrackPointExtension></extensions></trkpt><trkpt lat="64.701035" lon="24.476727"><ele>-1.9</ele><time>2026-06-23T14:10:42Z</time><extensions><gpxtpx:TrackPointExtension><gpxtpx:hr>106</gpxtpx:hr></gpxtpx:TrackPointExtension></extensions></trkpt><trkpt lat="64.701035" lon="24.476727"><ele>-1.9</ele><time>2026-06-23T14:10:50Z</time><extensions><gpxtpx:TrackPointExtension><gpxtpx:hr>104</gpxtpx:hr></gpxtpx:TrackPointExtension></extensions></trkpt><trkpt lat="64.701035" lon="24.476727"><ele>-1.9</ele><time>2026-06-23T14:10:51Z</time><extensions><gpxtpx:TrackPointExtension><gpxtpx:hr>105</gpxtpx:hr></gpxtpx:TrackPointExtension></extensions></trkpt><trkpt lat="64.701035" lon="24.476727"><ele>-1.9</ele><time>2026-06-23T14:11:00Z</time><extensions><gpxtpx:TrackPointExtension><gpxtpx:hr>105</gpxtpx:hr></gpxtpx:TrackPointExtension></extensions></trkpt><trkpt lat="64.701035" lon="24.476727"><ele>-1.9</ele><time>2026-06-23T14:11:05Z</time><extensions><gpxtpx:TrackPointExtension><gpxtpx:hr>104</gpxtpx:hr></gpxtpx:TrackPointExtension></extensions></trkpt><trkpt lat="64.701035" lon="24.476727"><ele>-1.9</ele><time>2026-06-23T14:11:06Z</time><extensions><gpxtpx:TrackPointExtension><gpxtpx:hr>105</gpxtpx:hr></gpxtpx:TrackPointExtension></extensions></trkpt><trkpt lat="64.701035" lon="24.476727"><ele>-1.9</ele><time>2026-06-23T14:11:15Z</time><extensions><gpxtpx:TrackPointExtension><gpxtpx:hr>107</gpxtpx:hr></gpxtpx:TrackPointExtension></extensions></trkpt><trkpt lat="64.701035" lon="24.476727"><ele>-1.9</ele><time>2026-06-23T14:11:17Z</time><extensions><gpxtpx:TrackPointExtension><gpxtpx:hr>107</gpxtpx:hr></gpxtpx:TrackPointExtension></extensions></trkpt><trkpt lat="64.701035" lon="24.476727"><ele>-1.9</ele><time>2026-06-23T14:11:21Z</time><extensions><gpxtpx:TrackPointExtension><gpxtpx:hr>103</gpxtpx:hr></gpxtpx:TrackPointExtension></extensions></trkpt><trkpt lat="64.701035" lon="24.476727"><ele>-1.9</ele><time>2026-06-23T14:11:29Z</time><extensions><gpxtpx:TrackPointExtension><gpxtpx:hr>103</gpxtpx:hr></gpxtpx:TrackPointExtension></extensions></trkpt><trkpt lat="64.701035" lon="24.476727"><ele>-1.9</ele><time>2026-06-23T14:11:31Z</time><extensions><gpxtpx:TrackPointExtension><gpxtpx:hr>105</gpxtpx:hr></gpxtpx:TrackPointExtension></extensions></trkpt><trkpt lat="64.701035" lon="24.476727"><ele>-1.9</ele><time>2026-06-23T14:11:40Z</time><extensions><gpxtpx:TrackPointExtension><gpxtpx:hr>113</gpxtpx:hr></gpxtpx:TrackPointExtension></extensions></trkpt><trkpt lat="64.701035" lon="24.476727"><ele>-1.9</ele><time>2026-06-23T14:11:45Z</time><extensions><gpxtpx:TrackPointExtension><gpxtpx:hr>111</gpxtpx:hr></gpxtpx:TrackPointExtension></extensions></trkpt><trkpt lat="64.701035" lon="24.476727"><ele>-1.9</ele><time>2026-06-23T14:11:46Z</time><extensions><gpxtpx:TrackPointExtension><gpxtpx:hr>109</gpxtpx:hr></gpxtpx:TrackPointExtension></extensions></trkpt><trkpt lat="64.701035" lon="24.476727"><ele>-1.9</ele><time>2026-06-23T14:11:55Z</time><extensions><gpxtpx:TrackPointExtension><gpxtpx:hr>91</gpxtpx:hr></gpxtpx:TrackPointExtension></extensions></trkpt><trkpt lat="64.701035" lon="24.476727"><ele>-1.9</ele><time>2026-06-23T14:11:57Z</time><extensions><gpxtpx:TrackPointExtension><gpxtpx:hr>92</gpxtpx:hr></gpxtpx:TrackPointExtension></extensions></trkpt><trkpt lat="64.701035" lon="24.476727"><ele>-1.9</ele><time>2026-06-23T14:12:04Z</time><extensions><gpxtpx:TrackPointExtension><gpxtpx:hr>98</gpxtpx:hr></gpxtpx:TrackPointExtension></extensions></trkpt><trkpt lat="64.701035" lon="24.476727"><ele>-1.9</ele><time>2026-06-23T14:12:06Z</time><extensions><gpxtpx:TrackPointExtension><gpxtpx:hr>98</gpxtpx:hr></gpxtpx:TrackPointExtension></extensions></trkpt><trkpt lat="64.701035" lon="24.476727"><ele>-1.9</ele><time>2026-06-23T14:12:14Z</time><extensions><gpxtpx:TrackPointExtension><gpxtpx:hr>97</gpxtpx:hr></gpxtpx:TrackPointExtension></extensions></trkpt><trkpt lat="64.701035" lon="24.476727"><ele>-1.9</ele><time>2026-06-23T14:12:17Z</time><extensions><gpxtpx:TrackPointExtension><gpxtpx:hr>98</gpxtpx:hr></gpxtpx:TrackPointExtension></extensions></trkpt><trkpt lat="64.701035" lon="24.476727"><ele>-1.9</ele><time>2026-06-23T14:12:21Z</time><extensions><gpxtpx:TrackPointExtension><gpxtpx:hr>99</gpxtpx:hr></gpxtpx:TrackPointExtension></extensions></trkpt><trkpt lat="64.701035" lon="24.476727"><ele>-1.9</ele><time>2026-06-23T14:12:26Z</time><extensions><gpxtpx:TrackPointExtension><gpxtpx:hr>99</gpxtpx:hr></gpxtpx:TrackPointExtension></extensions></trkpt><trkpt lat="64.701035" lon="24.476727"><ele>-1.9</ele><time>2026-06-23T14:12:36Z</time><extensions><gpxtpx:TrackPointExtension><gpxtpx:hr>97</gpxtpx:hr></gpxtpx:TrackPointExtension></extensions></trkpt><trkpt lat="64.701035" lon="24.476727"><ele>-1.9</ele><time>2026-06-23T14:12:37Z</time><extensions><gpxtpx:TrackPointExtension><gpxtpx:hr>96</gpxtpx:hr></gpxtpx:TrackPointExtension></extensions></trkpt><trkpt lat="64.701035" lon="24.476727"><ele>-1.9</ele><time>2026-06-23T14:12:45Z</time><extensions><gpxtpx:TrackPointExtension><gpxtpx:hr>96</gpxtpx:hr></gpxtpx:TrackPointExtension></extensions></trkpt><trkpt lat="64.701035" lon="24.476727"><ele>-1.9</ele><time>2026-06-23T14:12:48Z</time><extensions><gpxtpx:TrackPointExtension><gpxtpx:hr>96</gpxtpx:hr></gpxtpx:TrackPointExtension></extensions></trkpt><trkpt lat="64.701035" lon="24.476727"><ele>-1.9</ele><time>2026-06-23T14:12:56Z</time><extensions><gpxtpx:TrackPointExtension><gpxtpx:hr>87</gpxtpx:hr></gpxtpx:TrackPointExtension></extensions></trkpt><trkpt lat="64.701035" lon="24.476727"><ele>-1.9</ele><time>2026-06-23T14:12:57Z</time><extensions><gpxtpx:TrackPointExtension><gpxtpx:hr>88</gpxtpx:hr></gpxtpx:TrackPointExtension></extensions></trkpt><trkpt lat="64.701035" lon="24.476727"><ele>-1.9</ele><time>2026-06-23T14:13:06Z</time><extensions><gpxtpx:TrackPointExtension><gpxtpx:hr>79</gpxtpx:hr></gpxtpx:TrackPointExtension></extensions></trkpt><trkpt lat="64.701035" lon="24.476727"><ele>-1.9</ele><time>2026-06-23T14:13:07Z</time><extensions><gpxtpx:TrackPointExtension><gpxtpx:hr>80</gpxtpx:hr></gpxtpx:TrackPointExtension></extensions></trkpt><trkpt lat="64.701035" lon="24.476727"><ele>-1.9</ele><time>2026-06-23T14:13:12Z</time><extensions><gpxtpx:TrackPointExtension><gpxtpx:hr>82</gpxtpx:hr></gpxtpx:TrackPointExtension></extensions></trkpt><trkpt lat="64.701035" lon="24.476727"><ele>-1.9</ele><time>2026-06-23T14:13:19Z</time><extensions><gpxtpx:TrackPointExtension><gpxtpx:hr>96</gpxtpx:hr></gpxtpx:TrackPointExtension></extensions></trkpt><trkpt lat="64.701035" lon="24.476727"><ele>-1.9</ele><time>2026-06-23T14:13:22Z</time><extensions><gpxtpx:TrackPointExtension><gpxtpx:hr>101</gpxtpx:hr></gpxtpx:TrackPointExtension></extensions></trkpt><trkpt lat="64.701035" lon="24.476727"><ele>-1.9</ele><time>2026-06-23T14:13:29Z</time><extensions><gpxtpx:TrackPointExtension><gpxtpx:hr>108</gpxtpx:hr></gpxtpx:TrackPointExtension></extensions></trkpt><trkpt lat="64.701035" lon="24.476727"><ele>-1.9</ele><time>2026-06-23T14:14:13Z</time><extensions><gpxtpx:TrackPointExtension><gpxtpx:hr>113</gpxtpx:hr></gpxtpx:TrackPointExtension></extensions></trkpt><trkpt lat="64.701035" lon="24.476727"><ele>-1.9</ele><time>2026-06-23T14:14:23Z</time><extensions><gpxtpx:TrackPointExtension><gpxtpx:hr>108</gpxtpx:hr></gpxtpx:TrackPointExtension></extensions></trkpt><trkpt lat="64.701035" lon="24.476727"><ele>-1.9</ele><time>2026-06-23T14:14:28Z</time><extensions><gpxtpx:TrackPointExtension><gpxtpx:hr>104</gpxtpx:hr></gpxtpx:TrackPointExtension></extensions></trkpt><trkpt lat="64.701035" lon="24.476727"><ele>-1.9</ele><time>2026-06-23T14:14:32Z</time><extensions><gpxtpx:TrackPointExtension><gpxtpx:hr>104</gpxtpx:hr></gpxtpx:TrackPointExtension></extensions></trkpt><trkpt lat="64.701035" lon="24.476727"><ele>-1.9</ele><time>2026-06-23T14:14:37Z</time><extensions><gpxtpx:TrackPointExtension><gpxtpx:hr>106</gpxtpx:hr></gpxtpx:TrackPointExtension></extensions></trkpt><trkpt lat="64.701035" lon="24.476727"><ele>-1.9</ele><time>2026-06-23T14:14:40Z</time><extensions><gpxtpx:TrackPointExtension><gpxtpx:hr>108</gpxtpx:hr></gpxtpx:TrackPointExtension></extensions></trkpt><trkpt lat="64.701035" lon="24.476727"><ele>-1.9</ele><time>2026-06-23T14:14:46Z</time><extensions><gpxtpx:TrackPointExtension><gpxtpx:hr>104</gpxtpx:hr></gpxtpx:TrackPointExtension></extensions></trkpt><trkpt lat="64.701035" lon="24.476727"><ele>-1.9</ele><time>2026-06-23T14:14:53Z</time><extensions><gpxtpx:TrackPointExtension><gpxtpx:hr>93</gpxtpx:hr></gpxtpx:TrackPointExtension></extensions></trkpt><trkpt lat="64.701035" lon="24.476727"><ele>-1.9</ele><time>2026-06-23T14:14:58Z</time><extensions><gpxtpx:TrackPointExtension><gpxtpx:hr>87</gpxtpx:hr></gpxtpx:TrackPointExtension></extensions></trkpt><trkpt lat="64.701035" lon="24.476727"><ele>-1.9</ele><time>2026-06-23T14:15:03Z</time><extensions><gpxtpx:TrackPointExtension><gpxtpx:hr>90</gpxtpx:hr></gpxtpx:TrackPointExtension></extensions></trkpt><trkpt lat="64.701035" lon="24.476727"><ele>-1.9</ele><time>2026-06-23T14:15:07Z</time><extensions><gpxtpx:TrackPointExtension><gpxtpx:hr>92</gpxtpx:hr></gpxtpx:TrackPointExtension></extensions></trkpt><trkpt lat="64.701035" lon="24.476727"><ele>-1.9</ele><time>2026-06-23T14:15:09Z</time><extensions><gpxtpx:TrackPointExtension><gpxtpx:hr>93</gpxtpx:hr></gpxtpx:TrackPointExtension></extensions></trkpt><trkpt lat="64.701035" lon="24.476727"><ele>-1.9</ele><time>2026-06-23T14:15:14Z</time><extensions><gpxtpx:TrackPointExtension><gpxtpx:hr>93</gpxtpx:hr></gpxtpx:TrackPointExtension></extensions></trkpt><trkpt lat="64.701035" lon="24.476727"><ele>-1.9</ele><time>2026-06-23T14:15:19Z</time><extensions><gpxtpx:TrackPointExtension><gpxtpx:hr>93</gpxtpx:hr></gpxtpx:TrackPointExtension></extensions></trkpt><trkpt lat="64.701035" lon="24.476727"><ele>-1.9</ele><time>2026-06-23T14:15:25Z</time><extensions><gpxtpx:TrackPointExtension><gpxtpx:hr>97</gpxtpx:hr></gpxtpx:TrackPointExtension></extensions></trkpt><trkpt lat="64.701035" lon="24.476727"><ele>-1.9</ele><time>2026-06-23T14:15:33Z</time><extensions><gpxtpx:TrackPointExtension><gpxtpx:hr>107</gpxtpx:hr></gpxtpx:TrackPointExtension></extensions></trkpt><trkpt lat="64.701035" lon="24.476727"><ele>-1.9</ele><time>2026-06-23T14:15:37Z</time><extensions><gpxtpx:TrackPointExtension><gpxtpx:hr>114</gpxtpx:hr></gpxtpx:TrackPointExtension></extensions></trkpt><trkpt lat="64.701035" lon="24.476727"><ele>-1.9</ele><time>2026-06-23T14:15:42Z</time><extensions><gpxtpx:TrackPointExtension><gpxtpx:hr>119</gpxtpx:hr></gpxtpx:TrackPointExtension></extensions></trkpt><trkpt lat="64.701035" lon="24.476727"><ele>-1.9</ele><time>2026-06-23T14:15:48Z</time><extensions><gpxtpx:TrackPointExtension><gpxtpx:hr>110</gpxtpx:hr></gpxtpx:TrackPointExtension></extensions></trkpt><trkpt lat="64.701035" lon="24.476727"><ele>-1.9</ele><time>2026-06-23T14:15:51Z</time><extensions><gpxtpx:TrackPointExtension><gpxtpx:hr>108</gpxtpx:hr></gpxtpx:TrackPointExtension></extensions></trkpt><trkpt lat="64.701035" lon="24.476727"><ele>-1.9</ele><time>2026-06-23T14:15:54Z</time><extensions><gpxtpx:TrackPointExtension><gpxtpx:hr>107</gpxtpx:hr></gpxtpx:TrackPointExtension></extensions></trkpt><trkpt lat="64.701035" lon="24.476727"><ele>-1.9</ele><time>2026-06-23T14:16:02Z</time><extensions><gpxtpx:TrackPointExtension><gpxtpx:hr>111</gpxtpx:hr></gpxtpx:TrackPointExtension></extensions></trkpt><trkpt lat="64.701035" lon="24.476727"><ele>-1.9</ele><time>2026-06-23T14:16:05Z</time><extensions><gpxtpx:TrackPointExtension><gpxtpx:hr>112</gpxtpx:hr></gpxtpx:TrackPointExtension></extensions></trkpt><trkpt lat="64.701035" lon="24.476727"><ele>-1.9</ele><time>2026-06-23T14:16:09Z</time><extensions><gpxtpx:TrackPointExtension><gpxtpx:hr>113</gpxtpx:hr></gpxtpx:TrackPointExtension></extensions></trkpt><trkpt lat="64.701035" lon="24.476727"><ele>-1.9</ele><time>2026-06-23T14:16:14Z</time><extensions><gpxtpx:TrackPointExtension><gpxtpx:hr>113</gpxtpx:hr></gpxtpx:TrackPointExtension></extensions></trkpt><trkpt lat="64.701035" lon="24.476727"><ele>-1.9</ele><time>2026-06-23T14:16:19Z</time><extensions><gpxtpx:TrackPointExtension><gpxtpx:hr>115</gpxtpx:hr></gpxtpx:TrackPointExtension></extensions></trkpt><trkpt lat="64.701035" lon="24.476727"><ele>-1.9</ele><time>2026-06-23T14:16:28Z</time><extensions><gpxtpx:TrackPointExtension><gpxtpx:hr>119</gpxtpx:hr></gpxtpx:TrackPointExtension></extensions></trkpt><trkpt lat="64.701035" lon="24.476727"><ele>-1.9</ele><time>2026-06-23T14:16:31Z</time><extensions><gpxtpx:TrackPointExtension><gpxtpx:hr>119</gpxtpx:hr></gpxtpx:TrackPointExtension></extensions></trkpt><trkpt lat="64.701035" lon="24.476727"><ele>-1.9</ele><time>2026-06-23T14:16:38Z</time><extensions><gpxtpx:TrackPointExtension><gpxtpx:hr>116</gpxtpx:hr></gpxtpx:TrackPointExtension></extensions></trkpt><trkpt lat="64.701035" lon="24.476727"><ele>-1.9</ele><time>2026-06-23T14:16:42Z</time><extensions><gpxtpx:TrackPointExtension><gpxtpx:hr>115</gpxtpx:hr></gpxtpx:TrackPointExtension></extensions></trkpt><trkpt lat="64.701035" lon="24.476727"><ele>-1.9</ele><time>2026-06-23T14:16:48Z</time><extensions><gpxtpx:TrackPointExtension><gpxtpx:hr>116</gpxtpx:hr></gpxtpx:TrackPointExtension></extensions></trkpt><trkpt lat="64.701035" lon="24.476727"><ele>-1.9</ele><time>2026-06-23T14:16:49Z</time><extensions><gpxtpx:TrackPointExtension><gpxtpx:hr>116</gpxtpx:hr></gpxtpx:TrackPointExtension></extensions></trkpt><trkpt lat="64.701035" lon="24.476727"><ele>-1.9</ele><time>2026-06-23T14:16:54Z</time><extensions><gpxtpx:TrackPointExtension><gpxtpx:hr>109</gpxtpx:hr></gpxtpx:TrackPointExtension></extensions></trkpt><trkpt lat="64.701035" lon="24.476727"><ele>-1.9</ele><time>2026-06-23T14:17:02Z</time><extensions><gpxtpx:TrackPointExtension><gpxtpx:hr>101</gpxtpx:hr></gpxtpx:TrackPointExtension></extensions></trkpt><trkpt lat="64.701035" lon="24.476727"><ele>-1.9</ele><time>2026-06-23T14:17:04Z</time><extensions><gpxtpx:TrackPointExtension><gpxtpx:hr>100</gpxtpx:hr></gpxtpx:TrackPointExtension></extensions></trkpt><trkpt lat="64.701035" lon="24.476727"><ele>-1.9</ele><time>2026-06-23T14:17:12Z</time><extensions><gpxtpx:TrackPointExtension><gpxtpx:hr>94</gpxtpx:hr></gpxtpx:TrackPointExtension></extensions></trkpt><trkpt lat="64.701035" lon="24.476727"><ele>-1.9</ele><time>2026-06-23T14:17:16Z</time><extensions><gpxtpx:TrackPointExtension><gpxtpx:hr>92</gpxtpx:hr></gpxtpx:TrackPointExtension></extensions></trkpt><trkpt lat="64.701035" lon="24.476727"><ele>-1.9</ele><time>2026-06-23T14:17:19Z</time><extensions><gpxtpx:TrackPointExtension><gpxtpx:hr>96</gpxtpx:hr></gpxtpx:TrackPointExtension></extensions></trkpt><trkpt lat="64.701035" lon="24.476727"><ele>-1.9</ele><time>2026-06-23T14:17:27Z</time><extensions><gpxtpx:TrackPointExtension><gpxtpx:hr>110</gpxtpx:hr></gpxtpx:TrackPointExtension></extensions></trkpt><trkpt lat="64.701035" lon="24.476727"><ele>-1.9</ele><time>2026-06-23T14:17:43Z</time><extensions><gpxtpx:TrackPointExtension><gpxtpx:hr>118</gpxtpx:hr></gpxtpx:TrackPointExtension></extensions></trkpt><trkpt lat="64.701035" lon="24.476727"><ele>-1.9</ele><time>2026-06-23T14:17:48Z</time><extensions><gpxtpx:TrackPointExtension><gpxtpx:hr>116</gpxtpx:hr></gpxtpx:TrackPointExtension></extensions></trkpt><trkpt lat="64.701035" lon="24.476727"><ele>-1.9</ele><time>2026-06-23T14:17:52Z</time><extensions><gpxtpx:TrackPointExtension><gpxtpx:hr>114</gpxtpx:hr></gpxtpx:TrackPointExtension></extensions></trkpt><trkpt lat="64.701035" lon="24.476727"><ele>-1.9</ele><time>2026-06-23T14:17:54Z</time><extensions><gpxtpx:TrackPointExtension><gpxtpx:hr>113</gpxtpx:hr></gpxtpx:TrackPointExtension></extensions></trkpt><trkpt lat="64.701035" lon="24.476727"><ele>-1.9</ele><time>2026-06-23T14:17:59Z</time><extensions><gpxtpx:TrackPointExtension><gpxtpx:hr>111</gpxtpx:hr></gpxtpx:TrackPointExtension></extensions></trkpt><trkpt lat="64.701035" lon="24.476727"><ele>-1.9</ele><time>2026-06-23T14:18:04Z</time><extensions><gpxtpx:TrackPointExtension><gpxtpx:hr>106</gpxtpx:hr></gpxtpx:TrackPointExtension></extensions></trkpt><trkpt lat="64.701035" lon="24.476727"><ele>-1.9</ele><time>2026-06-23T14:18:11Z</time><extensions><gpxtpx:TrackPointExtension><gpxtpx:hr>110</gpxtpx:hr></gpxtpx:TrackPointExtension></extensions></trkpt><trkpt lat="64.701035" lon="24.476727"><ele>-1.9</ele><time>2026-06-23T14:18:18Z</time><extensions><gpxtpx:TrackPointExtension><gpxtpx:hr>107</gpxtpx:hr></gpxtpx:TrackPointExtension></extensions></trkpt><trkpt lat="64.701035" lon="24.476727"><ele>-1.9</ele><time>2026-06-23T14:18:23Z</time><extensions><gpxtpx:TrackPointExtension><gpxtpx:hr>110</gpxtpx:hr></gpxtpx:TrackPointExtension></extensions></trkpt><trkpt lat="64.701035" lon="24.476727"><ele>-1.9</ele><time>2026-06-23T14:18:27Z</time><extensions><gpxtpx:TrackPointExtension><gpxtpx:hr>112</gpxtpx:hr></gpxtpx:TrackPointExtension></extensions></trkpt><trkpt lat="64.701035" lon="24.476727"><ele>-1.9</ele><time>2026-06-23T14:18:33Z</time><extensions><gpxtpx:TrackPointExtension><gpxtpx:hr>114</gpxtpx:hr></gpxtpx:TrackPointExtension></extensions></trkpt><trkpt lat="64.701035" lon="24.476727"><ele>-1.9</ele><time>2026-06-23T14:18:38Z</time><extensions><gpxtpx:TrackPointExtension><gpxtpx:hr>112</gpxtpx:hr></gpxtpx:TrackPointExtension></extensions></trkpt><trkpt lat="64.701035" lon="24.476727"><ele>-1.9</ele><time>2026-06-23T14:18:39Z</time><extensions><gpxtpx:TrackPointExtension><gpxtpx:hr>111</gpxtpx:hr></gpxtpx:TrackPointExtension></extensions></trkpt><trkpt lat="64.701035" lon="24.476727"><ele>-1.9</ele><time>2026-06-23T14:18:46Z</time><extensions><gpxtpx:TrackPointExtension><gpxtpx:hr>107</gpxtpx:hr></gpxtpx:TrackPointExtension></extensions></trkpt><trkpt lat="64.701035" lon="24.476727"><ele>-1.9</ele><time>2026-06-23T14:18:49Z</time><extensions><gpxtpx:TrackPointExtension><gpxtpx:hr>105</gpxtpx:hr></gpxtpx:TrackPointExtension></extensions></trkpt><trkpt lat="64.701035" lon="24.476727"><ele>-1.9</ele><time>2026-06-23T14:18:58Z</time><extensions><gpxtpx:TrackPointExtension><gpxtpx:hr>100</gpxtpx:hr></gpxtpx:TrackPointExtension></extensions></trkpt><trkpt lat="64.701035" lon="24.476727"><ele>-1.9</ele><time>2026-06-23T14:19:03Z</time><extensions><gpxtpx:TrackPointExtension><gpxtpx:hr>99</gpxtpx:hr></gpxtpx:TrackPointExtension></extensions></trkpt><trkpt lat="64.701035" lon="24.476727"><ele>-1.9</ele><time>2026-06-23T14:19:07Z</time><extensions><gpxtpx:TrackPointExtension><gpxtpx:hr>103</gpxtpx:hr></gpxtpx:TrackPointExtension></extensions></trkpt><trkpt lat="64.701035" lon="24.476727"><ele>-1.9</ele><time>2026-06-23T14:19:09Z</time><extensions><gpxtpx:TrackPointExtension><gpxtpx:hr>103</gpxtpx:hr></gpxtpx:TrackPointExtension></extensions></trkpt><trkpt lat="64.701035" lon="24.476727"><ele>-1.9</ele><time>2026-06-23T14:19:17Z</time><extensions><gpxtpx:TrackPointExtension><gpxtpx:hr>102</gpxtpx:hr></gpxtpx:TrackPointExtension></extensions></trkpt><trkpt lat="64.701035" lon="24.476727"><ele>-1.9</ele><time>2026-06-23T14:19:19Z</time><extensions><gpxtpx:TrackPointExtension><gpxtpx:hr>101</gpxtpx:hr></gpxtpx:TrackPointExtension></extensions></trkpt><trkpt lat="64.701035" lon="24.476727"><ele>-1.9</ele><time>2026-06-23T14:19:26Z</time><extensions><gpxtpx:TrackPointExtension><gpxtpx:hr>100</gpxtpx:hr></gpxtpx:TrackPointExtension></extensions></trkpt><trkpt lat="64.701035" lon="24.476727"><ele>-1.9</ele><time>2026-06-23T14:19:30Z</time><extensions><gpxtpx:TrackPointExtension><gpxtpx:hr>100</gpxtpx:hr></gpxtpx:TrackPointExtension></extensions></trkpt><trkpt lat="64.701035" lon="24.476727"><ele>-1.9</ele><time>2026-06-23T14:19:34Z</time><extensions><gpxtpx:TrackPointExtension><gpxtpx:hr>100</gpxtpx:hr></gpxtpx:TrackPointExtension></extensions></trkpt><trkpt lat="64.701035" lon="24.476727"><ele>-1.9</ele><time>2026-06-23T14:19:39Z</time><extensions><gpxtpx:TrackPointExtension><gpxtpx:hr>102</gpxtpx:hr></gpxtpx:TrackPointExtension></extensions></trkpt><trkpt lat="64.701035" lon="24.476727"><ele>-1.9</ele><time>2026-06-23T14:19:44Z</time><extensions><gpxtpx:TrackPointExtension><gpxtpx:hr>104</gpxtpx:hr></gpxtpx:TrackPointExtension></extensions></trkpt><trkpt lat="64.701035" lon="24.476727"><ele>-1.9</ele><time>2026-06-23T14:19:53Z</time><extensions><gpxtpx:TrackPointExtension><gpxtpx:hr>99</gpxtpx:hr></gpxtpx:TrackPointExtension></extensions></trkpt><trkpt lat="64.701035" lon="24.476727"><ele>-1.9</ele><time>2026-06-23T14:19:57Z</time><extensions><gpxtpx:TrackPointExtension><gpxtpx:hr>98</gpxtpx:hr></gpxtpx:TrackPointExtension></extensions></trkpt><trkpt lat="64.701035" lon="24.476727"><ele>-1.9</ele><time>2026-06-23T14:19:59Z</time><extensions><gpxtpx:TrackPointExtension><gpxtpx:hr>96</gpxtpx:hr></gpxtpx:TrackPointExtension></extensions></trkpt><trkpt lat="64.701035" lon="24.476727"><ele>-1.9</ele><time>2026-06-23T14:20:04Z</time><extensions><gpxtpx:TrackPointExtension><gpxtpx:hr>101</gpxtpx:hr></gpxtpx:TrackPointExtension></extensions></trkpt><trkpt lat="64.701035" lon="24.476727"><ele>-1.9</ele><time>2026-06-23T14:20:10Z</time><extensions><gpxtpx:TrackPointExtension><gpxtpx:hr>114</gpxtpx:hr></gpxtpx:TrackPointExtension></extensions></trkpt><trkpt lat="64.701035" lon="24.476727"><ele>-1.9</ele><time>2026-06-23T14:20:23Z</time><extensions><gpxtpx:TrackPointExtension><gpxtpx:hr>107</gpxtpx:hr></gpxtpx:TrackPointExtension></extensions></trkpt><trkpt lat="64.701035" lon="24.476727"><ele>-1.9</ele><time>2026-06-23T14:20:28Z</time><extensions><gpxtpx:TrackPointExtension><gpxtpx:hr>106</gpxtpx:hr></gpxtpx:TrackPointExtension></extensions></trkpt><trkpt lat="64.701035" lon="24.476727"><ele>-1.9</ele><time>2026-06-23T14:20:30Z</time><extensions><gpxtpx:TrackPointExtension><gpxtpx:hr>106</gpxtpx:hr></gpxtpx:TrackPointExtension></extensions></trkpt><trkpt lat="64.701035" lon="24.476727"><ele>-1.9</ele><time>2026-06-23T14:20:34Z</time><extensions><gpxtpx:TrackPointExtension><gpxtpx:hr>107</gpxtpx:hr></gpxtpx:TrackPointExtension></extensions></trkpt><trkpt lat="64.701035" lon="24.476727"><ele>-1.9</ele><time>2026-06-23T14:20:39Z</time><extensions><gpxtpx:TrackPointExtension><gpxtpx:hr>107</gpxtpx:hr></gpxtpx:TrackPointExtension></extensions></trkpt><trkpt lat="64.701035" lon="24.476727"><ele>-1.9</ele><time>2026-06-23T14:20:48Z</time><extensions><gpxtpx:TrackPointExtension><gpxtpx:hr>106</gpxtpx:hr></gpxtpx:TrackPointExtension></extensions></trkpt><trkpt lat="64.701035" lon="24.476727"><ele>-1.9</ele><time>2026-06-23T14:20:53Z</time><extensions><gpxtpx:TrackPointExtension><gpxtpx:hr>100</gpxtpx:hr></gpxtpx:TrackPointExtension></extensions></trkpt><trkpt lat="64.701035" lon="24.476727"><ele>-1.9</ele><time>2026-06-23T14:20:58Z</time><extensions><gpxtpx:TrackPointExtension><gpxtpx:hr>98</gpxtpx:hr></gpxtpx:TrackPointExtension></extensions></trkpt><trkpt lat="64.701035" lon="24.476727"><ele>-1.9</ele><time>2026-06-23T14:21:01Z</time><extensions><gpxtpx:TrackPointExtension><gpxtpx:hr>100</gpxtpx:hr></gpxtpx:TrackPointExtension></extensions></trkpt><trkpt lat="64.701035" lon="24.476727"><ele>-1.9</ele><time>2026-06-23T14:21:05Z</time><extensions><gpxtpx:TrackPointExtension><gpxtpx:hr>100</gpxtpx:hr></gpxtpx:TrackPointExtension></extensions></trkpt><trkpt lat="64.701035" lon="24.476727"><ele>-1.9</ele><time>2026-06-23T14:21:12Z</time><extensions><gpxtpx:TrackPointExtension><gpxtpx:hr>98</gpxtpx:hr></gpxtpx:TrackPointExtension></extensions></trkpt><trkpt lat="64.701035" lon="24.476727"><ele>-1.9</ele><time>2026-06-23T14:21:18Z</time><extensions><gpxtpx:TrackPointExtension><gpxtpx:hr>98</gpxtpx:hr></gpxtpx:TrackPointExtension></extensions></trkpt><trkpt lat="64.701035" lon="24.476727"><ele>-1.9</ele><time>2026-06-23T14:21:21Z</time><extensions><gpxtpx:TrackPointExtension><gpxtpx:hr>97</gpxtpx:hr></gpxtpx:TrackPointExtension></extensions></trkpt><trkpt lat="64.701035" lon="24.476727"><ele>-1.9</ele><time>2026-06-23T14:21:28Z</time><extensions><gpxtpx:TrackPointExtension><gpxtpx:hr>98</gpxtpx:hr></gpxtpx:TrackPointExtension></extensions></trkpt><trkpt lat="64.701035" lon="24.476727"><ele>-1.9</ele><time>2026-06-23T14:21:32Z</time><extensions><gpxtpx:TrackPointExtension><gpxtpx:hr>96</gpxtpx:hr></gpxtpx:TrackPointExtension></extensions></trkpt><trkpt lat="64.701035" lon="24.476727"><ele>-1.9</ele><time>2026-06-23T14:21:39Z</time><extensions><gpxtpx:TrackPointExtension><gpxtpx:hr>95</gpxtpx:hr></gpxtpx:TrackPointExtension></extensions></trkpt><trkpt lat="64.701035" lon="24.476727"><ele>-1.9</ele><time>2026-06-23T14:21:44Z</time><extensions><gpxtpx:TrackPointExtension><gpxtpx:hr>93</gpxtpx:hr></gpxtpx:TrackPointExtension></extensions></trkpt><trkpt lat="64.701035" lon="24.476727"><ele>-1.9</ele><time>2026-06-23T14:21:45Z</time><extensions><gpxtpx:TrackPointExtension><gpxtpx:hr>94</gpxtpx:hr></gpxtpx:TrackPointExtension></extensions></trkpt><trkpt lat="64.701035" lon="24.476727"><ele>-1.9</ele><time>2026-06-23T14:21:50Z</time><extensions><gpxtpx:TrackPointExtension><gpxtpx:hr>92</gpxtpx:hr></gpxtpx:TrackPointExtension></extensions></trkpt><trkpt lat="64.701035" lon="24.476727"><ele>-1.9</ele><time>2026-06-23T14:21:59Z</time><extensions><gpxtpx:TrackPointExtension><gpxtpx:hr>95</gpxtpx:hr></gpxtpx:TrackPointExtension></extensions></trkpt><trkpt lat="64.701035" lon="24.476727"><ele>-1.9</ele><time>2026-06-23T14:22:01Z</time><extensions><gpxtpx:TrackPointExtension><gpxtpx:hr>97</gpxtpx:hr></gpxtpx:TrackPointExtension></extensions></trkpt><trkpt lat="64.701035" lon="24.476727"><ele>-1.9</ele><time>2026-06-23T14:22:05Z</time><extensions><gpxtpx:TrackPointExtension><gpxtpx:hr>99</gpxtpx:hr></gpxtpx:TrackPointExtension></extensions></trkpt><trkpt lat="64.701035" lon="24.476727"><ele>-1.9</ele><time>2026-06-23T14:22:10Z</time><extensions><gpxtpx:TrackPointExtension><gpxtpx:hr>106</gpxtpx:hr></gpxtpx:TrackPointExtension></extensions></trkpt><trkpt lat="64.701035" lon="24.476727"><ele>-1.9</ele><time>2026-06-23T14:22:15Z</time><extensions><gpxtpx:TrackPointExtension><gpxtpx:hr>110</gpxtpx:hr></gpxtpx:TrackPointExtension></extensions></trkpt><trkpt lat="64.701035" lon="24.476727"><ele>-1.9</ele><time>2026-06-23T14:22:24Z</time><extensions><gpxtpx:TrackPointExtension><gpxtpx:hr>109</gpxtpx:hr></gpxtpx:TrackPointExtension></extensions></trkpt><trkpt lat="64.701035" lon="24.476727"><ele>-1.9</ele><time>2026-06-23T14:22:29Z</time><extensions><gpxtpx:TrackPointExtension><gpxtpx:hr>108</gpxtpx:hr></gpxtpx:TrackPointExtension></extensions></trkpt><trkpt lat="64.701035" lon="24.476727"><ele>-1.9</ele><time>2026-06-23T14:22:30Z</time><extensions><gpxtpx:TrackPointExtension><gpxtpx:hr>107</gpxtpx:hr></gpxtpx:TrackPointExtension></extensions></trkpt><trkpt lat="64.701035" lon="24.476727"><ele>-1.9</ele><time>2026-06-23T14:22:35Z</time><extensions><gpxtpx:TrackPointExtension><gpxtpx:hr>104</gpxtpx:hr></gpxtpx:TrackPointExtension></extensions></trkpt><trkpt lat="64.701035" lon="24.476727"><ele>-1.9</ele><time>2026-06-23T14:22:44Z</time><extensions><gpxtpx:TrackPointExtension><gpxtpx:hr>104</gpxtpx:hr></gpxtpx:TrackPointExtension></extensions></trkpt><trkpt lat="64.701035" lon="24.476727"><ele>-1.9</ele><time>2026-06-23T14:22:49Z</time><extensions><gpxtpx:TrackPointExtension><gpxtpx:hr>101</gpxtpx:hr></gpxtpx:TrackPointExtension></extensions></trkpt><trkpt lat="64.701035" lon="24.476727"><ele>-1.9</ele><time>2026-06-23T14:22:54Z</time><extensions><gpxtpx:TrackPointExtension><gpxtpx:hr>100</gpxtpx:hr></gpxtpx:TrackPointExtension></extensions></trkpt><trkpt lat="64.701035" lon="24.476727"><ele>-1.9</ele><time>2026-06-23T14:22:56Z</time><extensions><gpxtpx:TrackPointExtension><gpxtpx:hr>101</gpxtpx:hr></gpxtpx:TrackPointExtension></extensions></trkpt><trkpt lat="64.701035" lon="24.476727"><ele>-1.9</ele><time>2026-06-23T14:23:04Z</time><extensions><gpxtpx:TrackPointExtension><gpxtpx:hr>98</gpxtpx:hr></gpxtpx:TrackPointExtension></extensions></trkpt><trkpt lat="64.701035" lon="24.476727"><ele>-1.9</ele><time>2026-06-23T14:23:09Z</time><extensions><gpxtpx:TrackPointExtension><gpxtpx:hr>95</gpxtpx:hr></gpxtpx:TrackPointExtension></extensions></trkpt><trkpt lat="64.701035" lon="24.476727"><ele>-1.9</ele><time>2026-06-23T14:23:10Z</time><extensions><gpxtpx:TrackPointExtension><gpxtpx:hr>95</gpxtpx:hr></gpxtpx:TrackPointExtension></extensions></trkpt><trkpt lat="64.701035" lon="24.476727"><ele>-1.9</ele><time>2026-06-23T14:23:15Z</time><extensions><gpxtpx:TrackPointExtension><gpxtpx:hr>97</gpxtpx:hr></gpxtpx:TrackPointExtension></extensions></trkpt><trkpt lat="64.701035" lon="24.476727"><ele>-1.9</ele><time>2026-06-23T14:23:20Z</time><extensions><gpxtpx:TrackPointExtension><gpxtpx:hr>97</gpxtpx:hr></gpxtpx:TrackPointExtension></extensions></trkpt><trkpt lat="64.701035" lon="24.476727"><ele>-1.9</ele><time>2026-06-23T14:23:25Z</time><extensions><gpxtpx:TrackPointExtension><gpxtpx:hr>100</gpxtpx:hr></gpxtpx:TrackPointExtension></extensions></trkpt><trkpt lat="64.701035" lon="24.476727"><ele>-1.9</ele><time>2026-06-23T14:23:30Z</time><extensions><gpxtpx:TrackPointExtension><gpxtpx:hr>105</gpxtpx:hr></gpxtpx:TrackPointExtension></extensions></trkpt><trkpt lat="64.701035" lon="24.476727"><ele>-1.9</ele><time>2026-06-23T14:23:35Z</time><extensions><gpxtpx:TrackPointExtension><gpxtpx:hr>111</gpxtpx:hr></gpxtpx:TrackPointExtension></extensions></trkpt><trkpt lat="64.701035" lon="24.476727"><ele>-1.9</ele><time>2026-06-23T14:23:44Z</time><extensions><gpxtpx:TrackPointExtension><gpxtpx:hr>111</gpxtpx:hr></gpxtpx:TrackPointExtension></extensions></trkpt><trkpt lat="64.701035" lon="24.476727"><ele>-1.9</ele><time>2026-06-23T14:23:47Z</time><extensions><gpxtpx:TrackPointExtension><gpxtpx:hr>108</gpxtpx:hr></gpxtpx:TrackPointExtension></extensions></trkpt><trkpt lat="64.701035" lon="24.476727"><ele>-1.9</ele><time>2026-06-23T14:23:54Z</time><extensions><gpxtpx:TrackPointExtension><gpxtpx:hr>100</gpxtpx:hr></gpxtpx:TrackPointExtension></extensions></trkpt><trkpt lat="64.701035" lon="24.476727"><ele>-1.9</ele><time>2026-06-23T14:23:55Z</time><extensions><gpxtpx:TrackPointExtension><gpxtpx:hr>99</gpxtpx:hr></gpxtpx:TrackPointExtension></extensions></trkpt><trkpt lat="64.701035" lon="24.476727"><ele>-1.9</ele><time>2026-06-23T14:24:00Z</time><extensions><gpxtpx:TrackPointExtension><gpxtpx:hr>100</gpxtpx:hr></gpxtpx:TrackPointExtension></extensions></trkpt><trkpt lat="64.701035" lon="24.476727"><ele>-1.9</ele><time>2026-06-23T14:24:05Z</time><extensions><gpxtpx:TrackPointExtension><gpxtpx:hr>101</gpxtpx:hr></gpxtpx:TrackPointExtension></extensions></trkpt><trkpt lat="64.701035" lon="24.476727"><ele>-1.9</ele><time>2026-06-23T14:24:13Z</time><extensions><gpxtpx:TrackPointExtension><gpxtpx:hr>104</gpxtpx:hr></gpxtpx:TrackPointExtension></extensions></trkpt><trkpt lat="64.701035" lon="24.476727"><ele>-1.9</ele><time>2026-06-23T14:24:19Z</time><extensions><gpxtpx:TrackPointExtension><gpxtpx:hr>105</gpxtpx:hr></gpxtpx:TrackPointExtension></extensions></trkpt><trkpt lat="64.701035" lon="24.476727"><ele>-1.9</ele><time>2026-06-23T14:24:20Z</time><extensions><gpxtpx:TrackPointExtension><gpxtpx:hr>105</gpxtpx:hr></gpxtpx:TrackPointExtension></extensions></trkpt><trkpt lat="64.701035" lon="24.476727"><ele>-1.9</ele><time>2026-06-23T14:24:29Z</time><extensions><gpxtpx:TrackPointExtension><gpxtpx:hr>102</gpxtpx:hr></gpxtpx:TrackPointExtension></extensions></trkpt><trkpt lat="64.701035" lon="24.476727"><ele>-1.9</ele><time>2026-06-23T14:24:34Z</time><extensions><gpxtpx:TrackPointExtension><gpxtpx:hr>98</gpxtpx:hr></gpxtpx:TrackPointExtension></extensions></trkpt><trkpt lat="64.701035" lon="24.476727"><ele>-1.9</ele><time>2026-06-23T14:24:35Z</time><extensions><gpxtpx:TrackPointExtension><gpxtpx:hr>98</gpxtpx:hr></gpxtpx:TrackPointExtension></extensions></trkpt><trkpt lat="64.701035" lon="24.476727"><ele>-1.9</ele><time>2026-06-23T14:24:44Z</time><extensions><gpxtpx:TrackPointExtension><gpxtpx:hr>94</gpxtpx:hr></gpxtpx:TrackPointExtension></extensions></trkpt><trkpt lat="64.701035" lon="24.476727"><ele>-1.9</ele><time>2026-06-23T14:24:49Z</time><extensions><gpxtpx:TrackPointExtension><gpxtpx:hr>90</gpxtpx:hr></gpxtpx:TrackPointExtension></extensions></trkpt><trkpt lat="64.701035" lon="24.476727"><ele>-1.9</ele><time>2026-06-23T14:24:54Z</time><extensions><gpxtpx:TrackPointExtension><gpxtpx:hr>95</gpxtpx:hr></gpxtpx:TrackPointExtension></extensions></trkpt><trkpt lat="64.701035" lon="24.476727"><ele>-1.9</ele><time>2026-06-23T14:24:59Z</time><extensions><gpxtpx:TrackPointExtension><gpxtpx:hr>89</gpxtpx:hr></gpxtpx:TrackPointExtension></extensions></trkpt><trkpt lat="64.701035" lon="24.476727"><ele>-1.9</ele><time>2026-06-23T14:25:02Z</time><extensions><gpxtpx:TrackPointExtension><gpxtpx:hr>90</gpxtpx:hr></gpxtpx:TrackPointExtension></extensions></trkpt><trkpt lat="64.701035" lon="24.476727"><ele>-1.9</ele><time>2026-06-23T14:25:05Z</time><extensions><gpxtpx:TrackPointExtension><gpxtpx:hr>91</gpxtpx:hr></gpxtpx:TrackPointExtension></extensions></trkpt><trkpt lat="64.701035" lon="24.476727"><ele>-1.9</ele><time>2026-06-23T14:25:10Z</time><extensions><gpxtpx:TrackPointExtension><gpxtpx:hr>93</gpxtpx:hr></gpxtpx:TrackPointExtension></extensions></trkpt><trkpt lat="64.701035" lon="24.476727"><ele>-1.9</ele><time>2026-06-23T14:25:19Z</time><extensions><gpxtpx:TrackPointExtension><gpxtpx:hr>94</gpxtpx:hr></gpxtpx:TrackPointExtension></extensions></trkpt><trkpt lat="64.701035" lon="24.476727"><ele>-1.9</ele><time>2026-06-23T14:25:20Z</time><extensions><gpxtpx:TrackPointExtension><gpxtpx:hr>95</gpxtpx:hr></gpxtpx:TrackPointExtension></extensions></trkpt><trkpt lat="64.701035" lon="24.476727"><ele>-1.9</ele><time>2026-06-23T14:25:26Z</time><extensions><gpxtpx:TrackPointExtension><gpxtpx:hr>96</gpxtpx:hr></gpxtpx:TrackPointExtension></extensions></trkpt><trkpt lat="64.701035" lon="24.476727"><ele>-1.9</ele><time>2026-06-23T14:25:30Z</time><extensions><gpxtpx:TrackPointExtension><gpxtpx:hr>99</gpxtpx:hr></gpxtpx:TrackPointExtension></extensions></trkpt><trkpt lat="64.701035" lon="24.476727"><ele>-1.9</ele><time>2026-06-23T14:25:37Z</time><extensions><gpxtpx:TrackPointExtension><gpxtpx:hr>98</gpxtpx:hr></gpxtpx:TrackPointExtension></extensions></trkpt><trkpt lat="64.701035" lon="24.476727"><ele>-1.9</ele><time>2026-06-23T14:25:40Z</time><extensions><gpxtpx:TrackPointExtension><gpxtpx:hr>101</gpxtpx:hr></gpxtpx:TrackPointExtension></extensions></trkpt><trkpt lat="64.701035" lon="24.476727"><ele>-1.9</ele><time>2026-06-23T14:25:49Z</time><extensions><gpxtpx:TrackPointExtension><gpxtpx:hr>102</gpxtpx:hr></gpxtpx:TrackPointExtension></extensions></trkpt><trkpt lat="64.701035" lon="24.476727"><ele>-1.9</ele><time>2026-06-23T14:25:54Z</time><extensions><gpxtpx:TrackPointExtension><gpxtpx:hr>101</gpxtpx:hr></gpxtpx:TrackPointExtension></extensions></trkpt><trkpt lat="64.701035" lon="24.476727"><ele>-1.9</ele><time>2026-06-23T14:25:58Z</time><extensions><gpxtpx:TrackPointExtension><gpxtpx:hr>100</gpxtpx:hr></gpxtpx:TrackPointExtension></extensions></trkpt><trkpt lat="64.701035" lon="24.476727"><ele>-1.9</ele><time>2026-06-23T14:26:03Z</time><extensions><gpxtpx:TrackPointExtension><gpxtpx:hr>98</gpxtpx:hr></gpxtpx:TrackPointExtension></extensions></trkpt><trkpt lat="64.701035" lon="24.476727"><ele>-1.9</ele><time>2026-06-23T14:26:05Z</time><extensions><gpxtpx:TrackPointExtension><gpxtpx:hr>98</gpxtpx:hr></gpxtpx:TrackPointExtension></extensions></trkpt><trkpt lat="64.701035" lon="24.476727"><ele>-1.9</ele><time>2026-06-23T14:26:14Z</time><extensions><gpxtpx:TrackPointExtension><gpxtpx:hr>96</gpxtpx:hr></gpxtpx:TrackPointExtension></extensions></trkpt><trkpt lat="64.701035" lon="24.476727"><ele>-1.9</ele><time>2026-06-23T14:26:18Z</time><extensions><gpxtpx:TrackPointExtension><gpxtpx:hr>96</gpxtpx:hr></gpxtpx:TrackPointExtension></extensions></trkpt><trkpt lat="64.701035" lon="24.476727"><ele>-1.9</ele><time>2026-06-23T14:26:22Z</time><extensions><gpxtpx:TrackPointExtension><gpxtpx:hr>96</gpxtpx:hr></gpxtpx:TrackPointExtension></extensions></trkpt><trkpt lat="64.701035" lon="24.476727"><ele>-1.9</ele><time>2026-06-23T14:26:25Z</time><extensions><gpxtpx:TrackPointExtension><gpxtpx:hr>96</gpxtpx:hr></gpxtpx:TrackPointExtension></extensions></trkpt><trkpt lat="64.701035" lon="24.476727"><ele>-1.9</ele><time>2026-06-23T14:26:32Z</time><extensions><gpxtpx:TrackPointExtension><gpxtpx:hr>98</gpxtpx:hr></gpxtpx:TrackPointExtension></extensions></trkpt><trkpt lat="64.701035" lon="24.476727"><ele>-1.9</ele><time>2026-06-23T14:26:38Z</time><extensions><gpxtpx:TrackPointExtension><gpxtpx:hr>95</gpxtpx:hr></gpxtpx:TrackPointExtension></extensions></trkpt><trkpt lat="64.701035" lon="24.476727"><ele>-1.9</ele><time>2026-06-23T14:26:40Z</time><extensions><gpxtpx:TrackPointExtension><gpxtpx:hr>93</gpxtpx:hr></gpxtpx:TrackPointExtension></extensions></trkpt><trkpt lat="64.701035" lon="24.476727"><ele>-1.9</ele><time>2026-06-23T14:26:45Z</time><extensions><gpxtpx:TrackPointExtension><gpxtpx:hr>95</gpxtpx:hr></gpxtpx:TrackPointExtension></extensions></trkpt><trkpt lat="64.701035" lon="24.476727"><ele>-1.9</ele><time>2026-06-23T14:26:50Z</time><extensions><gpxtpx:TrackPointExtension><gpxtpx:hr>92</gpxtpx:hr></gpxtpx:TrackPointExtension></extensions></trkpt><trkpt lat="64.701035" lon="24.476727"><ele>-1.9</ele><time>2026-06-23T14:26:58Z</time><extensions><gpxtpx:TrackPointExtension><gpxtpx:hr>94</gpxtpx:hr></gpxtpx:TrackPointExtension></extensions></trkpt><trkpt lat="64.701035" lon="24.476727"><ele>-1.9</ele><time>2026-06-23T14:27:04Z</time><extensions><gpxtpx:TrackPointExtension><gpxtpx:hr>93</gpxtpx:hr></gpxtpx:TrackPointExtension></extensions></trkpt><trkpt lat="64.701035" lon="24.476727"><ele>-1.9</ele><time>2026-06-23T14:27:05Z</time><extensions><gpxtpx:TrackPointExtension><gpxtpx:hr>93</gpxtpx:hr></gpxtpx:TrackPointExtension></extensions></trkpt><trkpt lat="64.701035" lon="24.476727"><ele>-1.9</ele><time>2026-06-23T14:27:10Z</time><extensions><gpxtpx:TrackPointExtension><gpxtpx:hr>95</gpxtpx:hr></gpxtpx:TrackPointExtension></extensions></trkpt><trkpt lat="64.701035" lon="24.476727"><ele>-1.9</ele><time>2026-06-23T14:27:19Z</time><extensions><gpxtpx:TrackPointExtension><gpxtpx:hr>98</gpxtpx:hr></gpxtpx:TrackPointExtension></extensions></trkpt><trkpt lat="64.701035" lon="24.476727"><ele>-1.9</ele><time>2026-06-23T14:27:22Z</time><extensions><gpxtpx:TrackPointExtension><gpxtpx:hr>99</gpxtpx:hr></gpxtpx:TrackPointExtension></extensions></trkpt><trkpt lat="64.701035" lon="24.476727"><ele>-1.9</ele><time>2026-06-23T14:27:29Z</time><extensions><gpxtpx:TrackPointExtension><gpxtpx:hr>95</gpxtpx:hr></gpxtpx:TrackPointExtension></extensions></trkpt><trkpt lat="64.701035" lon="24.476727"><ele>-1.9</ele><time>2026-06-23T14:27:31Z</time><extensions><gpxtpx:TrackPointExtension><gpxtpx:hr>95</gpxtpx:hr></gpxtpx:TrackPointExtension></extensions></trkpt><trkpt lat="64.701035" lon="24.476727"><ele>-1.9</ele><time>2026-06-23T14:27:37Z</time><extensions><gpxtpx:TrackPointExtension><gpxtpx:hr>98</gpxtpx:hr></gpxtpx:TrackPointExtension></extensions></trkpt><trkpt lat="64.701035" lon="24.476727"><ele>-1.9</ele><time>2026-06-23T14:27:40Z</time><extensions><gpxtpx:TrackPointExtension><gpxtpx:hr>99</gpxtpx:hr></gpxtpx:TrackPointExtension></extensions></trkpt><trkpt lat="64.701035" lon="24.476727"><ele>-1.9</ele><time>2026-06-23T14:27:49Z</time><extensions><gpxtpx:TrackPointExtension><gpxtpx:hr>100</gpxtpx:hr></gpxtpx:TrackPointExtension></extensions></trkpt><trkpt lat="64.701035" lon="24.476727"><ele>-1.9</ele><time>2026-06-23T14:27:50Z</time><extensions><gpxtpx:TrackPointExtension><gpxtpx:hr>100</gpxtpx:hr></gpxtpx:TrackPointExtension></extensions></trkpt><trkpt lat="64.701035" lon="24.476727"><ele>-1.9</ele><time>2026-06-23T14:27:58Z</time><extensions><gpxtpx:TrackPointExtension><gpxtpx:hr>101</gpxtpx:hr></gpxtpx:TrackPointExtension></extensions></trkpt><trkpt lat="64.701035" lon="24.476727"><ele>-1.9</ele><time>2026-06-23T14:28:00Z</time><extensions><gpxtpx:TrackPointExtension><gpxtpx:hr>101</gpxtpx:hr></gpxtpx:TrackPointExtension></extensions></trkpt><trkpt lat="64.701035" lon="24.476727"><ele>-1.9</ele><time>2026-06-23T14:28:05Z</time><extensions><gpxtpx:TrackPointExtension><gpxtpx:hr>100</gpxtpx:hr></gpxtpx:TrackPointExtension></extensions></trkpt><trkpt lat="64.701035" lon="24.476727"><ele>-1.9</ele><time>2026-06-23T14:28:10Z</time><extensions><gpxtpx:TrackPointExtension><gpxtpx:hr>99</gpxtpx:hr></gpxtpx:TrackPointExtension></extensions></trkpt><trkpt lat="64.701035" lon="24.476727"><ele>-1.9</ele><time>2026-06-23T14:28:19Z</time><extensions><gpxtpx:TrackPointExtension><gpxtpx:hr>101</gpxtpx:hr></gpxtpx:TrackPointExtension></extensions></trkpt><trkpt lat="64.701035" lon="24.476727"><ele>-1.9</ele><time>2026-06-23T14:28:21Z</time><extensions><gpxtpx:TrackPointExtension><gpxtpx:hr>101</gpxtpx:hr></gpxtpx:TrackPointExtension></extensions></trkpt><trkpt lat="64.701035" lon="24.476727"><ele>-1.9</ele><time>2026-06-23T14:28:30Z</time><extensions><gpxtpx:TrackPointExtension><gpxtpx:hr>102</gpxtpx:hr></gpxtpx:TrackPointExtension></extensions></trkpt><trkpt lat="64.701035" lon="24.476727"><ele>-1.9</ele><time>2026-06-23T14:28:32Z</time><extensions><gpxtpx:TrackPointExtension><gpxtpx:hr>103</gpxtpx:hr></gpxtpx:TrackPointExtension></extensions></trkpt><trkpt lat="64.701035" lon="24.476727"><ele>-1.9</ele><time>2026-06-23T14:28:36Z</time><extensions><gpxtpx:TrackPointExtension><gpxtpx:hr>104</gpxtpx:hr></gpxtpx:TrackPointExtension></extensions></trkpt><trkpt lat="64.701035" lon="24.476727"><ele>-1.9</ele><time>2026-06-23T14:28:45Z</time><extensions><gpxtpx:TrackPointExtension><gpxtpx:hr>100</gpxtpx:hr></gpxtpx:TrackPointExtension></extensions></trkpt><trkpt lat="64.701035" lon="24.476727"><ele>-1.9</ele><time>2026-06-23T14:28:50Z</time><extensions><gpxtpx:TrackPointExtension><gpxtpx:hr>102</gpxtpx:hr></gpxtpx:TrackPointExtension></extensions></trkpt><trkpt lat="64.701035" lon="24.476727"><ele>-1.9</ele><time>2026-06-23T14:28:51Z</time><extensions><gpxtpx:TrackPointExtension><gpxtpx:hr>102</gpxtpx:hr></gpxtpx:TrackPointExtension></extensions></trkpt><trkpt lat="64.701035" lon="24.476727"><ele>-1.9</ele><time>2026-06-23T14:28:59Z</time><extensions><gpxtpx:TrackPointExtension><gpxtpx:hr>105</gpxtpx:hr></gpxtpx:TrackPointExtension></extensions></trkpt><trkpt lat="64.701035" lon="24.476727"><ele>-1.9</ele><time>2026-06-23T14:29:05Z</time><extensions><gpxtpx:TrackPointExtension><gpxtpx:hr>101</gpxtpx:hr></gpxtpx:TrackPointExtension></extensions></trkpt><trkpt lat="64.701035" lon="24.476727"><ele>-1.9</ele><time>2026-06-23T14:29:10Z</time><extensions><gpxtpx:TrackPointExtension><gpxtpx:hr>97</gpxtpx:hr></gpxtpx:TrackPointExtension></extensions></trkpt><trkpt lat="64.701035" lon="24.476727"><ele>-1.9</ele><time>2026-06-23T14:29:13Z</time><extensions><gpxtpx:TrackPointExtension><gpxtpx:hr>99</gpxtpx:hr></gpxtpx:TrackPointExtension></extensions></trkpt><trkpt lat="64.701035" lon="24.476727"><ele>-1.9</ele><time>2026-06-23T14:29:19Z</time><extensions><gpxtpx:TrackPointExtension><gpxtpx:hr>98</gpxtpx:hr></gpxtpx:TrackPointExtension></extensions></trkpt><trkpt lat="64.701035" lon="24.476727"><ele>-1.9</ele><time>2026-06-23T14:29:25Z</time><extensions><gpxtpx:TrackPointExtension><gpxtpx:hr>100</gpxtpx:hr></gpxtpx:TrackPointExtension></extensions></trkpt><trkpt lat="64.701035" lon="24.476727"><ele>-1.9</ele><time>2026-06-23T14:29:27Z</time><extensions><gpxtpx:TrackPointExtension><gpxtpx:hr>100</gpxtpx:hr></gpxtpx:TrackPointExtension></extensions></trkpt><trkpt lat="64.701035" lon="24.476727"><ele>-1.9</ele><time>2026-06-23T14:29:31Z</time><extensions><gpxtpx:TrackPointExtension><gpxtpx:hr>100</gpxtpx:hr></gpxtpx:TrackPointExtension></extensions></trkpt><trkpt lat="64.701035" lon="24.476727"><ele>-1.9</ele><time>2026-06-23T14:29:36Z</time><extensions><gpxtpx:TrackPointExtension><gpxtpx:hr>99</gpxtpx:hr></gpxtpx:TrackPointExtension></extensions></trkpt><trkpt lat="64.701035" lon="24.476727"><ele>-1.9</ele><time>2026-06-23T14:29:45Z</time><extensions><gpxtpx:TrackPointExtension><gpxtpx:hr>97</gpxtpx:hr></gpxtpx:TrackPointExtension></extensions></trkpt><trkpt lat="64.701035" lon="24.476727"><ele>-1.9</ele><time>2026-06-23T14:29:46Z</time><extensions><gpxtpx:TrackPointExtension><gpxtpx:hr>96</gpxtpx:hr></gpxtpx:TrackPointExtension></extensions></trkpt><trkpt lat="64.701035" lon="24.476727"><ele>-1.9</ele><time>2026-06-23T14:29:53Z</time><extensions><gpxtpx:TrackPointExtension><gpxtpx:hr>94</gpxtpx:hr></gpxtpx:TrackPointExtension></extensions></trkpt><trkpt lat="64.701035" lon="24.476727"><ele>-1.9</ele><time>2026-06-23T14:30:00Z</time><extensions><gpxtpx:TrackPointExtension><gpxtpx:hr>94</gpxtpx:hr></gpxtpx:TrackPointExtension></extensions></trkpt><trkpt lat="64.701035" lon="24.476727"><ele>-1.9</ele><time>2026-06-23T14:30:01Z</time><extensions><gpxtpx:TrackPointExtension><gpxtpx:hr>95</gpxtpx:hr></gpxtpx:TrackPointExtension></extensions></trkpt><trkpt lat="64.701035" lon="24.476727"><ele>-1.9</ele><time>2026-06-23T14:30:06Z</time><extensions><gpxtpx:TrackPointExtension><gpxtpx:hr>98</gpxtpx:hr></gpxtpx:TrackPointExtension></extensions></trkpt><trkpt lat="64.701035" lon="24.476727"><ele>-1.9</ele><time>2026-06-23T14:30:15Z</time><extensions><gpxtpx:TrackPointExtension><gpxtpx:hr>98</gpxtpx:hr></gpxtpx:TrackPointExtension></extensions></trkpt><trkpt lat="64.701035" lon="24.476727"><ele>-1.9</ele><time>2026-06-23T14:30:16Z</time><extensions><gpxtpx:TrackPointExtension><gpxtpx:hr>98</gpxtpx:hr></gpxtpx:TrackPointExtension></extensions></trkpt><trkpt lat="64.701035" lon="24.476727"><ele>-1.9</ele><time>2026-06-23T14:30:25Z</time><extensions><gpxtpx:TrackPointExtension><gpxtpx:hr>98</gpxtpx:hr></gpxtpx:TrackPointExtension></extensions></trkpt><trkpt lat="64.701035" lon="24.476727"><ele>-1.9</ele><time>2026-06-23T14:30:27Z</time><extensions><gpxtpx:TrackPointExtension><gpxtpx:hr>97</gpxtpx:hr></gpxtpx:TrackPointExtension></extensions></trkpt><trkpt lat="64.701035" lon="24.476727"><ele>-1.9</ele><time>2026-06-23T14:30:35Z</time><extensions><gpxtpx:TrackPointExtension><gpxtpx:hr>90</gpxtpx:hr></gpxtpx:TrackPointExtension></extensions></trkpt><trkpt lat="64.701035" lon="24.476727"><ele>-1.9</ele><time>2026-06-23T14:30:36Z</time><extensions><gpxtpx:TrackPointExtension><gpxtpx:hr>90</gpxtpx:hr></gpxtpx:TrackPointExtension></extensions></trkpt><trkpt lat="64.701035" lon="24.476727"><ele>-1.9</ele><time>2026-06-23T14:30:44Z</time><extensions><gpxtpx:TrackPointExtension><gpxtpx:hr>95</gpxtpx:hr></gpxtpx:TrackPointExtension></extensions></trkpt><trkpt lat="64.701035" lon="24.476727"><ele>-1.9</ele><time>2026-06-23T14:30:46Z</time><extensions><gpxtpx:TrackPointExtension><gpxtpx:hr>94</gpxtpx:hr></gpxtpx:TrackPointExtension></extensions></trkpt><trkpt lat="64.701035" lon="24.476727"><ele>-1.9</ele><time>2026-06-23T14:30:55Z</time><extensions><gpxtpx:TrackPointExtension><gpxtpx:hr>96</gpxtpx:hr></gpxtpx:TrackPointExtension></extensions></trkpt><trkpt lat="64.701035" lon="24.476727"><ele>-1.9</ele><time>2026-06-23T14:30:56Z</time><extensions><gpxtpx:TrackPointExtension><gpxtpx:hr>95</gpxtpx:hr></gpxtpx:TrackPointExtension></extensions></trkpt><trkpt lat="64.701035" lon="24.476727"><ele>-1.9</ele><time>2026-06-23T14:31:05Z</time><extensions><gpxtpx:TrackPointExtension><gpxtpx:hr>98</gpxtpx:hr></gpxtpx:TrackPointExtension></extensions></trkpt><trkpt lat="64.701035" lon="24.476727"><ele>-1.9</ele><time>2026-06-23T14:31:10Z</time><extensions><gpxtpx:TrackPointExtension><gpxtpx:hr>99</gpxtpx:hr></gpxtpx:TrackPointExtension></extensions></trkpt><trkpt lat="64.701035" lon="24.476727"><ele>-1.9</ele><time>2026-06-23T14:31:15Z</time><extensions><gpxtpx:TrackPointExtension><gpxtpx:hr>96</gpxtpx:hr></gpxtpx:TrackPointExtension></extensions></trkpt><trkpt lat="64.701035" lon="24.476727"><ele>-1.9</ele><time>2026-06-23T14:31:17Z</time><extensions><gpxtpx:TrackPointExtension><gpxtpx:hr>96</gpxtpx:hr></gpxtpx:TrackPointExtension></extensions></trkpt><trkpt lat="64.701035" lon="24.476727"><ele>-1.9</ele><time>2026-06-23T14:31:21Z</time><extensions><gpxtpx:TrackPointExtension><gpxtpx:hr>97</gpxtpx:hr></gpxtpx:TrackPointExtension></extensions></trkpt><trkpt lat="64.701035" lon="24.476727"><ele>-1.9</ele><time>2026-06-23T14:31:26Z</time><extensions><gpxtpx:TrackPointExtension><gpxtpx:hr>100</gpxtpx:hr></gpxtpx:TrackPointExtension></extensions></trkpt><trkpt lat="64.701035" lon="24.476727"><ele>-1.9</ele><time>2026-06-23T14:31:31Z</time><extensions><gpxtpx:TrackPointExtension><gpxtpx:hr>105</gpxtpx:hr></gpxtpx:TrackPointExtension></extensions></trkpt><trkpt lat="64.701035" lon="24.476727"><ele>-1.9</ele><time>2026-06-23T14:31:40Z</time><extensions><gpxtpx:TrackPointExtension><gpxtpx:hr>113</gpxtpx:hr></gpxtpx:TrackPointExtension></extensions></trkpt><trkpt lat="64.701035" lon="24.476727"><ele>-1.9</ele><time>2026-06-23T14:31:44Z</time><extensions><gpxtpx:TrackPointExtension><gpxtpx:hr>114</gpxtpx:hr></gpxtpx:TrackPointExtension></extensions></trkpt><trkpt lat="64.701035" lon="24.476727"><ele>-1.9</ele><time>2026-06-23T14:31:46Z</time><extensions><gpxtpx:TrackPointExtension><gpxtpx:hr>112</gpxtpx:hr></gpxtpx:TrackPointExtension></extensions></trkpt><trkpt lat="64.701035" lon="24.476727"><ele>-1.9</ele><time>2026-06-23T14:31:54Z</time><extensions><gpxtpx:TrackPointExtension><gpxtpx:hr>108</gpxtpx:hr></gpxtpx:TrackPointExtension></extensions></trkpt><trkpt lat="64.701035" lon="24.476727"><ele>-1.9</ele><time>2026-06-23T14:31:56Z</time><extensions><gpxtpx:TrackPointExtension><gpxtpx:hr>109</gpxtpx:hr></gpxtpx:TrackPointExtension></extensions></trkpt></trkseg></trk></gpx>