<?xml version="1.0" encoding="UTF-8" standalone="no"?><gpx xmlns="http://www.topografix.com/GPX/1/1" xmlns:gpxtpx="http://www.garmin.com/xmlschemas/TrackPointExtension/v1" xmlns:xsi="http://www.w3.org/2001/XMLSchema-instance" creator="Sports Tracker" version="1.1" xsi:schemaLocation="http://www.topografix.com/GPX/1/1 http://www.topografix.com/GPX/1/1/gpx.xsd http://www.garmin.com/xmlschemas/TrackPointExtension/v1 http://www.garmin.com/xmlschemas/TrackPointExtensionv1.xsd"><metadata><name/><desc/><author><name>anttipehkonen240</name></author></metadata><trk><name/><trkseg><trkpt lat="60.230238" lon="24.966043"><ele>26.4</ele><time>2026-04-22T06:04:19Z</time></trkpt><trkpt lat="60.230238" lon="24.966043"><ele>26.4</ele><time>2026-04-22T06:04:34Z</time><extensions><gpxtpx:TrackPointExtension><gpxtpx:hr>97</gpxtpx:hr></gpxtpx:TrackPointExtension></extensions></trkpt><trkpt lat="60.230238" lon="24.966043"><ele>26.4</ele><time>2026-04-22T06:04:35Z</time><extensions><gpxtpx:TrackPointExtension><gpxtpx:hr>98</gpxtpx:hr></gpxtpx:TrackPointExtension></extensions></trkpt><trkpt lat="60.230238" lon="24.966043"><ele>26.4</ele><time>2026-04-22T06:04:41Z</time><extensions><gpxtpx:TrackPointExtension><gpxtpx:hr>95</gpxtpx:hr></gpxtpx:TrackPointExtension></extensions></trkpt><trkpt lat="60.230238" lon="24.966043"><ele>26.4</ele><time>2026-04-22T06:04:49Z</time><extensions><gpxtpx:TrackPointExtension><gpxtpx:hr>93</gpxtpx:hr></gpxtpx:TrackPointExtension></extensions></trkpt><trkpt lat="60.230238" lon="24.966043"><ele>26.4</ele><time>2026-04-22T06:04:54Z</time><extensions><gpxtpx:TrackPointExtension><gpxtpx:hr>96</gpxtpx:hr></gpxtpx:TrackPointExtension></extensions></trkpt><trkpt lat="60.230238" lon="24.966043"><ele>26.4</ele><time>2026-04-22T06:04:59Z</time><extensions><gpxtpx:TrackPointExtension><gpxtpx:hr>94</gpxtpx:hr></gpxtpx:TrackPointExtension></extensions></trkpt><trkpt lat="60.230238" lon="24.966043"><ele>26.4</ele><time>2026-04-22T06:05:00Z</time><extensions><gpxtpx:TrackPointExtension><gpxtpx:hr>94</gpxtpx:hr></gpxtpx:TrackPointExtension></extensions></trkpt><trkpt lat="60.230238" lon="24.966043"><ele>26.4</ele><time>2026-04-22T06:05:09Z</time><extensions><gpxtpx:TrackPointExtension><gpxtpx:hr>94</gpxtpx:hr></gpxtpx:TrackPointExtension></extensions></trkpt><trkpt lat="60.230238" lon="24.966043"><ele>26.4</ele><time>2026-04-22T06:05:14Z</time><extensions><gpxtpx:TrackPointExtension><gpxtpx:hr>96</gpxtpx:hr></gpxtpx:TrackPointExtension></extensions></trkpt><trkpt lat="60.230238" lon="24.966043"><ele>26.4</ele><time>2026-04-22T06:05:19Z</time><extensions><gpxtpx:TrackPointExtension><gpxtpx:hr>95</gpxtpx:hr></gpxtpx:TrackPointExtension></extensions></trkpt><trkpt lat="60.230238" lon="24.966043"><ele>26.4</ele><time>2026-04-22T06:05:21Z</time><extensions><gpxtpx:TrackPointExtension><gpxtpx:hr>95</gpxtpx:hr></gpxtpx:TrackPointExtension></extensions></trkpt><trkpt lat="60.230238" lon="24.966043"><ele>26.4</ele><time>2026-04-22T06:05:29Z</time><extensions><gpxtpx:TrackPointExtension><gpxtpx:hr>96</gpxtpx:hr></gpxtpx:TrackPointExtension></extensions></trkpt><trkpt lat="60.230238" lon="24.966043"><ele>26.4</ele><time>2026-04-22T06:05:34Z</time><extensions><gpxtpx:TrackPointExtension><gpxtpx:hr>96</gpxtpx:hr></gpxtpx:TrackPointExtension></extensions></trkpt><trkpt lat="60.230238" lon="24.966043"><ele>26.4</ele><time>2026-04-22T06:05:35Z</time><extensions><gpxtpx:TrackPointExtension><gpxtpx:hr>96</gpxtpx:hr></gpxtpx:TrackPointExtension></extensions></trkpt><trkpt lat="60.230238" lon="24.966043"><ele>26.4</ele><time>2026-04-22T06:05:40Z</time><extensions><gpxtpx:TrackPointExtension><gpxtpx:hr>97</gpxtpx:hr></gpxtpx:TrackPointExtension></extensions></trkpt><trkpt lat="60.230238" lon="24.966043"><ele>26.4</ele><time>2026-04-22T06:05:49Z</time><extensions><gpxtpx:TrackPointExtension><gpxtpx:hr>99</gpxtpx:hr></gpxtpx:TrackPointExtension></extensions></trkpt><trkpt lat="60.230238" lon="24.966043"><ele>26.4</ele><time>2026-04-22T06:05:54Z</time><extensions><gpxtpx:TrackPointExtension><gpxtpx:hr>99</gpxtpx:hr></gpxtpx:TrackPointExtension></extensions></trkpt><trkpt lat="60.230238" lon="24.966043"><ele>26.4</ele><time>2026-04-22T06:05:55Z</time><extensions><gpxtpx:TrackPointExtension><gpxtpx:hr>99</gpxtpx:hr></gpxtpx:TrackPointExtension></extensions></trkpt><trkpt lat="60.230238" lon="24.966043"><ele>26.4</ele><time>2026-04-22T06:06:03Z</time><extensions><gpxtpx:TrackPointExtension><gpxtpx:hr>100</gpxtpx:hr></gpxtpx:TrackPointExtension></extensions></trkpt><trkpt lat="60.230238" lon="24.966043"><ele>26.4</ele><time>2026-04-22T06:06:06Z</time><extensions><gpxtpx:TrackPointExtension><gpxtpx:hr>100</gpxtpx:hr></gpxtpx:TrackPointExtension></extensions></trkpt><trkpt lat="60.230238" lon="24.966043"><ele>26.4</ele><time>2026-04-22T06:06:14Z</time><extensions><gpxtpx:TrackPointExtension><gpxtpx:hr>100</gpxtpx:hr></gpxtpx:TrackPointExtension></extensions></trkpt><trkpt lat="60.230238" lon="24.966043"><ele>26.4</ele><time>2026-04-22T06:06:16Z</time><extensions><gpxtpx:TrackPointExtension><gpxtpx:hr>101</gpxtpx:hr></gpxtpx:TrackPointExtension></extensions></trkpt><trkpt lat="60.230238" lon="24.966043"><ele>26.4</ele><time>2026-04-22T06:06:20Z</time><extensions><gpxtpx:TrackPointExtension><gpxtpx:hr>102</gpxtpx:hr></gpxtpx:TrackPointExtension></extensions></trkpt><trkpt lat="60.230238" lon="24.966043"><ele>26.4</ele><time>2026-04-22T06:06:26Z</time><extensions><gpxtpx:TrackPointExtension><gpxtpx:hr>102</gpxtpx:hr></gpxtpx:TrackPointExtension></extensions></trkpt><trkpt lat="60.230238" lon="24.966043"><ele>26.4</ele><time>2026-04-22T06:06:33Z</time><extensions><gpxtpx:TrackPointExtension><gpxtpx:hr>103</gpxtpx:hr></gpxtpx:TrackPointExtension></extensions></trkpt><trkpt lat="60.230238" lon="24.966043"><ele>26.4</ele><time>2026-04-22T06:06:38Z</time><extensions><gpxtpx:TrackPointExtension><gpxtpx:hr>105</gpxtpx:hr></gpxtpx:TrackPointExtension></extensions></trkpt><trkpt lat="60.230238" lon="24.966043"><ele>26.4</ele><time>2026-04-22T06:06:41Z</time><extensions><gpxtpx:TrackPointExtension><gpxtpx:hr>105</gpxtpx:hr></gpxtpx:TrackPointExtension></extensions></trkpt><trkpt lat="60.230238" lon="24.966043"><ele>26.4</ele><time>2026-04-22T06:06:49Z</time><extensions><gpxtpx:TrackPointExtension><gpxtpx:hr>106</gpxtpx:hr></gpxtpx:TrackPointExtension></extensions></trkpt><trkpt lat="60.230238" lon="24.966043"><ele>26.4</ele><time>2026-04-22T06:06:50Z</time><extensions><gpxtpx:TrackPointExtension><gpxtpx:hr>106</gpxtpx:hr></gpxtpx:TrackPointExtension></extensions></trkpt><trkpt lat="60.230238" lon="24.966043"><ele>26.4</ele><time>2026-04-22T06:06:59Z</time><extensions><gpxtpx:TrackPointExtension><gpxtpx:hr>103</gpxtpx:hr></gpxtpx:TrackPointExtension></extensions></trkpt><trkpt lat="60.230238" lon="24.966043"><ele>26.4</ele><time>2026-04-22T06:07:04Z</time><extensions><gpxtpx:TrackPointExtension><gpxtpx:hr>104</gpxtpx:hr></gpxtpx:TrackPointExtension></extensions></trkpt><trkpt lat="60.230238" lon="24.966043"><ele>26.4</ele><time>2026-04-22T06:07:05Z</time><extensions><gpxtpx:TrackPointExtension><gpxtpx:hr>105</gpxtpx:hr></gpxtpx:TrackPointExtension></extensions></trkpt><trkpt lat="60.230238" lon="24.966043"><ele>26.4</ele><time>2026-04-22T06:07:14Z</time><extensions><gpxtpx:TrackPointExtension><gpxtpx:hr>103</gpxtpx:hr></gpxtpx:TrackPointExtension></extensions></trkpt><trkpt lat="60.230238" lon="24.966043"><ele>26.4</ele><time>2026-04-22T06:07:16Z</time><extensions><gpxtpx:TrackPointExtension><gpxtpx:hr>103</gpxtpx:hr></gpxtpx:TrackPointExtension></extensions></trkpt><trkpt lat="60.230238" lon="24.966043"><ele>26.4</ele><time>2026-04-22T06:07:21Z</time><extensions><gpxtpx:TrackPointExtension><gpxtpx:hr>104</gpxtpx:hr></gpxtpx:TrackPointExtension></extensions></trkpt><trkpt lat="60.230238" lon="24.966043"><ele>26.4</ele><time>2026-04-22T06:07:28Z</time><extensions><gpxtpx:TrackPointExtension><gpxtpx:hr>101</gpxtpx:hr></gpxtpx:TrackPointExtension></extensions></trkpt><trkpt lat="60.230238" lon="24.966043"><ele>26.4</ele><time>2026-04-22T06:07:31Z</time><extensions><gpxtpx:TrackPointExtension><gpxtpx:hr>102</gpxtpx:hr></gpxtpx:TrackPointExtension></extensions></trkpt><trkpt lat="60.230238" lon="24.966043"><ele>26.4</ele><time>2026-04-22T06:07:36Z</time><extensions><gpxtpx:TrackPointExtension><gpxtpx:hr>102</gpxtpx:hr></gpxtpx:TrackPointExtension></extensions></trkpt><trkpt lat="60.230238" lon="24.966043"><ele>26.4</ele><time>2026-04-22T06:07:40Z</time><extensions><gpxtpx:TrackPointExtension><gpxtpx:hr>101</gpxtpx:hr></gpxtpx:TrackPointExtension></extensions></trkpt><trkpt lat="60.230238" lon="24.966043"><ele>26.4</ele><time>2026-04-22T06:07:45Z</time><extensions><gpxtpx:TrackPointExtension><gpxtpx:hr>102</gpxtpx:hr></gpxtpx:TrackPointExtension></extensions></trkpt><trkpt lat="60.230238" lon="24.966043"><ele>26.4</ele><time>2026-04-22T06:07:52Z</time><extensions><gpxtpx:TrackPointExtension><gpxtpx:hr>102</gpxtpx:hr></gpxtpx:TrackPointExtension></extensions></trkpt><trkpt lat="60.230238" lon="24.966043"><ele>26.4</ele><time>2026-04-22T06:07:57Z</time><extensions><gpxtpx:TrackPointExtension><gpxtpx:hr>104</gpxtpx:hr></gpxtpx:TrackPointExtension></extensions></trkpt><trkpt lat="60.230238" lon="24.966043"><ele>26.4</ele><time>2026-04-22T06:08:04Z</time><extensions><gpxtpx:TrackPointExtension><gpxtpx:hr>105</gpxtpx:hr></gpxtpx:TrackPointExtension></extensions></trkpt><trkpt lat="60.230238" lon="24.966043"><ele>26.4</ele><time>2026-04-22T06:08:05Z</time><extensions><gpxtpx:TrackPointExtension><gpxtpx:hr>104</gpxtpx:hr></gpxtpx:TrackPointExtension></extensions></trkpt><trkpt lat="60.230238" lon="24.966043"><ele>26.4</ele><time>2026-04-22T06:08:11Z</time><extensions><gpxtpx:TrackPointExtension><gpxtpx:hr>104</gpxtpx:hr></gpxtpx:TrackPointExtension></extensions></trkpt><trkpt lat="60.230238" lon="24.966043"><ele>26.4</ele><time>2026-04-22T06:08:19Z</time><extensions><gpxtpx:TrackPointExtension><gpxtpx:hr>100</gpxtpx:hr></gpxtpx:TrackPointExtension></extensions></trkpt><trkpt lat="60.230238" lon="24.966043"><ele>26.4</ele><time>2026-04-22T06:08:23Z</time><extensions><gpxtpx:TrackPointExtension><gpxtpx:hr>99</gpxtpx:hr></gpxtpx:TrackPointExtension></extensions></trkpt><trkpt lat="60.230238" lon="24.966043"><ele>26.4</ele><time>2026-04-22T06:08:28Z</time><extensions><gpxtpx:TrackPointExtension><gpxtpx:hr>99</gpxtpx:hr></gpxtpx:TrackPointExtension></extensions></trkpt><trkpt lat="60.230238" lon="24.966043"><ele>26.4</ele><time>2026-04-22T06:08:30Z</time><extensions><gpxtpx:TrackPointExtension><gpxtpx:hr>98</gpxtpx:hr></gpxtpx:TrackPointExtension></extensions></trkpt><trkpt lat="60.230238" lon="24.966043"><ele>26.4</ele><time>2026-04-22T06:08:35Z</time><extensions><gpxtpx:TrackPointExtension><gpxtpx:hr>97</gpxtpx:hr></gpxtpx:TrackPointExtension></extensions></trkpt><trkpt lat="60.230238" lon="24.966043"><ele>26.4</ele><time>2026-04-22T06:08:41Z</time><extensions><gpxtpx:TrackPointExtension><gpxtpx:hr>98</gpxtpx:hr></gpxtpx:TrackPointExtension></extensions></trkpt><trkpt lat="60.230238" lon="24.966043"><ele>26.4</ele><time>2026-04-22T06:08:46Z</time><extensions><gpxtpx:TrackPointExtension><gpxtpx:hr>97</gpxtpx:hr></gpxtpx:TrackPointExtension></extensions></trkpt><trkpt lat="60.230238" lon="24.966043"><ele>26.4</ele><time>2026-04-22T06:08:53Z</time><extensions><gpxtpx:TrackPointExtension><gpxtpx:hr>98</gpxtpx:hr></gpxtpx:TrackPointExtension></extensions></trkpt><trkpt lat="60.230238" lon="24.966043"><ele>26.4</ele><time>2026-04-22T06:08:59Z</time><extensions><gpxtpx:TrackPointExtension><gpxtpx:hr>95</gpxtpx:hr></gpxtpx:TrackPointExtension></extensions></trkpt><trkpt lat="60.230238" lon="24.966043"><ele>26.4</ele><time>2026-04-22T06:09:04Z</time><extensions><gpxtpx:TrackPointExtension><gpxtpx:hr>94</gpxtpx:hr></gpxtpx:TrackPointExtension></extensions></trkpt><trkpt lat="60.230238" lon="24.966043"><ele>26.4</ele><time>2026-04-22T06:09:09Z</time><extensions><gpxtpx:TrackPointExtension><gpxtpx:hr>96</gpxtpx:hr></gpxtpx:TrackPointExtension></extensions></trkpt><trkpt lat="60.230238" lon="24.966043"><ele>26.4</ele><time>2026-04-22T06:09:13Z</time><extensions><gpxtpx:TrackPointExtension><gpxtpx:hr>96</gpxtpx:hr></gpxtpx:TrackPointExtension></extensions></trkpt><trkpt lat="60.230238" lon="24.966043"><ele>26.4</ele><time>2026-04-22T06:09:18Z</time><extensions><gpxtpx:TrackPointExtension><gpxtpx:hr>95</gpxtpx:hr></gpxtpx:TrackPointExtension></extensions></trkpt><trkpt lat="60.230238" lon="24.966043"><ele>26.4</ele><time>2026-04-22T06:09:20Z</time><extensions><gpxtpx:TrackPointExtension><gpxtpx:hr>94</gpxtpx:hr></gpxtpx:TrackPointExtension></extensions></trkpt><trkpt lat="60.230238" lon="24.966043"><ele>26.4</ele><time>2026-04-22T06:09:29Z</time><extensions><gpxtpx:TrackPointExtension><gpxtpx:hr>97</gpxtpx:hr></gpxtpx:TrackPointExtension></extensions></trkpt><trkpt lat="60.230238" lon="24.966043"><ele>26.4</ele><time>2026-04-22T06:09:30Z</time><extensions><gpxtpx:TrackPointExtension><gpxtpx:hr>97</gpxtpx:hr></gpxtpx:TrackPointExtension></extensions></trkpt><trkpt lat="60.230238" lon="24.966043"><ele>26.4</ele><time>2026-04-22T06:09:37Z</time><extensions><gpxtpx:TrackPointExtension><gpxtpx:hr>99</gpxtpx:hr></gpxtpx:TrackPointExtension></extensions></trkpt><trkpt lat="60.230238" lon="24.966043"><ele>26.4</ele><time>2026-04-22T06:09:44Z</time><extensions><gpxtpx:TrackPointExtension><gpxtpx:hr>97</gpxtpx:hr></gpxtpx:TrackPointExtension></extensions></trkpt><trkpt lat="60.230238" lon="24.966043"><ele>26.4</ele><time>2026-04-22T06:09:49Z</time><extensions><gpxtpx:TrackPointExtension><gpxtpx:hr>96</gpxtpx:hr></gpxtpx:TrackPointExtension></extensions></trkpt><trkpt lat="60.230238" lon="24.966043"><ele>26.4</ele><time>2026-04-22T06:09:54Z</time><extensions><gpxtpx:TrackPointExtension><gpxtpx:hr>97</gpxtpx:hr></gpxtpx:TrackPointExtension></extensions></trkpt><trkpt lat="60.230238" lon="24.966043"><ele>26.4</ele><time>2026-04-22T06:09:55Z</time><extensions><gpxtpx:TrackPointExtension><gpxtpx:hr>97</gpxtpx:hr></gpxtpx:TrackPointExtension></extensions></trkpt><trkpt lat="60.230238" lon="24.966043"><ele>26.4</ele><time>2026-04-22T06:10:04Z</time><extensions><gpxtpx:TrackPointExtension><gpxtpx:hr>100</gpxtpx:hr></gpxtpx:TrackPointExtension></extensions></trkpt><trkpt lat="60.230238" lon="24.966043"><ele>26.4</ele><time>2026-04-22T06:10:06Z</time><extensions><gpxtpx:TrackPointExtension><gpxtpx:hr>100</gpxtpx:hr></gpxtpx:TrackPointExtension></extensions></trkpt><trkpt lat="60.230238" lon="24.966043"><ele>26.4</ele><time>2026-04-22T06:10:10Z</time><extensions><gpxtpx:TrackPointExtension><gpxtpx:hr>99</gpxtpx:hr></gpxtpx:TrackPointExtension></extensions></trkpt><trkpt lat="60.230238" lon="24.966043"><ele>26.4</ele><time>2026-04-22T06:10:19Z</time><extensions><gpxtpx:TrackPointExtension><gpxtpx:hr>100</gpxtpx:hr></gpxtpx:TrackPointExtension></extensions></trkpt><trkpt lat="60.230238" lon="24.966043"><ele>26.4</ele><time>2026-04-22T06:10:24Z</time><extensions><gpxtpx:TrackPointExtension><gpxtpx:hr>101</gpxtpx:hr></gpxtpx:TrackPointExtension></extensions></trkpt><trkpt lat="60.230238" lon="24.966043"><ele>26.4</ele><time>2026-04-22T06:10:27Z</time><extensions><gpxtpx:TrackPointExtension><gpxtpx:hr>101</gpxtpx:hr></gpxtpx:TrackPointExtension></extensions></trkpt><trkpt lat="60.230238" lon="24.966043"><ele>26.4</ele><time>2026-04-22T06:10:34Z</time><extensions><gpxtpx:TrackPointExtension><gpxtpx:hr>101</gpxtpx:hr></gpxtpx:TrackPointExtension></extensions></trkpt><trkpt lat="60.230238" lon="24.966043"><ele>26.4</ele><time>2026-04-22T06:10:36Z</time><extensions><gpxtpx:TrackPointExtension><gpxtpx:hr>101</gpxtpx:hr></gpxtpx:TrackPointExtension></extensions></trkpt><trkpt lat="60.230238" lon="24.966043"><ele>26.4</ele><time>2026-04-22T06:10:41Z</time><extensions><gpxtpx:TrackPointExtension><gpxtpx:hr>101</gpxtpx:hr></gpxtpx:TrackPointExtension></extensions></trkpt><trkpt lat="60.230238" lon="24.966043"><ele>26.4</ele><time>2026-04-22T06:10:49Z</time><extensions><gpxtpx:TrackPointExtension><gpxtpx:hr>101</gpxtpx:hr></gpxtpx:TrackPointExtension></extensions></trkpt><trkpt lat="60.230238" lon="24.966043"><ele>26.4</ele><time>2026-04-22T06:10:50Z</time><extensions><gpxtpx:TrackPointExtension><gpxtpx:hr>101</gpxtpx:hr></gpxtpx:TrackPointExtension></extensions></trkpt><trkpt lat="60.230238" lon="24.966043"><ele>26.4</ele><time>2026-04-22T06:10:55Z</time><extensions><gpxtpx:TrackPointExtension><gpxtpx:hr>101</gpxtpx:hr></gpxtpx:TrackPointExtension></extensions></trkpt><trkpt lat="60.230238" lon="24.966043"><ele>26.4</ele><time>2026-04-22T06:11:04Z</time><extensions><gpxtpx:TrackPointExtension><gpxtpx:hr>101</gpxtpx:hr></gpxtpx:TrackPointExtension></extensions></trkpt><trkpt lat="60.230238" lon="24.966043"><ele>26.4</ele><time>2026-04-22T06:11:07Z</time><extensions><gpxtpx:TrackPointExtension><gpxtpx:hr>100</gpxtpx:hr></gpxtpx:TrackPointExtension></extensions></trkpt><trkpt lat="60.230238" lon="24.966043"><ele>26.4</ele><time>2026-04-22T06:11:14Z</time><extensions><gpxtpx:TrackPointExtension><gpxtpx:hr>101</gpxtpx:hr></gpxtpx:TrackPointExtension></extensions></trkpt><trkpt lat="60.230238" lon="24.966043"><ele>26.4</ele><time>2026-04-22T06:11:15Z</time><extensions><gpxtpx:TrackPointExtension><gpxtpx:hr>100</gpxtpx:hr></gpxtpx:TrackPointExtension></extensions></trkpt><trkpt lat="60.230238" lon="24.966043"><ele>26.4</ele><time>2026-04-22T06:11:23Z</time><extensions><gpxtpx:TrackPointExtension><gpxtpx:hr>99</gpxtpx:hr></gpxtpx:TrackPointExtension></extensions></trkpt><trkpt lat="60.230238" lon="24.966043"><ele>26.4</ele><time>2026-04-22T06:11:29Z</time><extensions><gpxtpx:TrackPointExtension><gpxtpx:hr>98</gpxtpx:hr></gpxtpx:TrackPointExtension></extensions></trkpt><trkpt lat="60.230238" lon="24.966043"><ele>26.4</ele><time>2026-04-22T06:11:34Z</time><extensions><gpxtpx:TrackPointExtension><gpxtpx:hr>100</gpxtpx:hr></gpxtpx:TrackPointExtension></extensions></trkpt><trkpt lat="60.230238" lon="24.966043"><ele>26.4</ele><time>2026-04-22T06:11:39Z</time><extensions><gpxtpx:TrackPointExtension><gpxtpx:hr>100</gpxtpx:hr></gpxtpx:TrackPointExtension></extensions></trkpt><trkpt lat="60.230238" lon="24.966043"><ele>26.4</ele><time>2026-04-22T06:11:42Z</time><extensions><gpxtpx:TrackPointExtension><gpxtpx:hr>100</gpxtpx:hr></gpxtpx:TrackPointExtension></extensions></trkpt><trkpt lat="60.230238" lon="24.966043"><ele>26.4</ele><time>2026-04-22T06:11:46Z</time><extensions><gpxtpx:TrackPointExtension><gpxtpx:hr>101</gpxtpx:hr></gpxtpx:TrackPointExtension></extensions></trkpt><trkpt lat="60.230238" lon="24.966043"><ele>26.4</ele><time>2026-04-22T06:11:54Z</time><extensions><gpxtpx:TrackPointExtension><gpxtpx:hr>101</gpxtpx:hr></gpxtpx:TrackPointExtension></extensions></trkpt><trkpt lat="60.230238" lon="24.966043"><ele>26.4</ele><time>2026-04-22T06:11:59Z</time><extensions><gpxtpx:TrackPointExtension><gpxtpx:hr>101</gpxtpx:hr></gpxtpx:TrackPointExtension></extensions></trkpt><trkpt lat="60.230238" lon="24.966043"><ele>26.4</ele><time>2026-04-22T06:12:03Z</time><extensions><gpxtpx:TrackPointExtension><gpxtpx:hr>102</gpxtpx:hr></gpxtpx:TrackPointExtension></extensions></trkpt><trkpt lat="60.230238" lon="24.966043"><ele>26.4</ele><time>2026-04-22T06:12:08Z</time><extensions><gpxtpx:TrackPointExtension><gpxtpx:hr>104</gpxtpx:hr></gpxtpx:TrackPointExtension></extensions></trkpt><trkpt lat="60.230238" lon="24.966043"><ele>26.4</ele><time>2026-04-22T06:12:14Z</time><extensions><gpxtpx:TrackPointExtension><gpxtpx:hr>104</gpxtpx:hr></gpxtpx:TrackPointExtension></extensions></trkpt><trkpt lat="60.230238" lon="24.966043"><ele>26.4</ele><time>2026-04-22T06:12:15Z</time><extensions><gpxtpx:TrackPointExtension><gpxtpx:hr>103</gpxtpx:hr></gpxtpx:TrackPointExtension></extensions></trkpt><trkpt lat="60.230238" lon="24.966043"><ele>26.4</ele><time>2026-04-22T06:12:24Z</time><extensions><gpxtpx:TrackPointExtension><gpxtpx:hr>102</gpxtpx:hr></gpxtpx:TrackPointExtension></extensions></trkpt><trkpt lat="60.230238" lon="24.966043"><ele>26.4</ele><time>2026-04-22T06:12:28Z</time><extensions><gpxtpx:TrackPointExtension><gpxtpx:hr>102</gpxtpx:hr></gpxtpx:TrackPointExtension></extensions></trkpt><trkpt lat="60.230238" lon="24.966043"><ele>26.4</ele><time>2026-04-22T06:12:30Z</time><extensions><gpxtpx:TrackPointExtension><gpxtpx:hr>102</gpxtpx:hr></gpxtpx:TrackPointExtension></extensions></trkpt><trkpt lat="60.230238" lon="24.966043"><ele>26.4</ele><time>2026-04-22T06:12:38Z</time><extensions><gpxtpx:TrackPointExtension><gpxtpx:hr>102</gpxtpx:hr></gpxtpx:TrackPointExtension></extensions></trkpt><trkpt lat="60.230238" lon="24.966043"><ele>26.4</ele><time>2026-04-22T06:12:41Z</time><extensions><gpxtpx:TrackPointExtension><gpxtpx:hr>101</gpxtpx:hr></gpxtpx:TrackPointExtension></extensions></trkpt><trkpt lat="60.230238" lon="24.966043"><ele>26.4</ele><time>2026-04-22T06:12:48Z</time><extensions><gpxtpx:TrackPointExtension><gpxtpx:hr>99</gpxtpx:hr></gpxtpx:TrackPointExtension></extensions></trkpt><trkpt lat="60.230238" lon="24.966043"><ele>26.4</ele><time>2026-04-22T06:12:50Z</time><extensions><gpxtpx:TrackPointExtension><gpxtpx:hr>100</gpxtpx:hr></gpxtpx:TrackPointExtension></extensions></trkpt><trkpt lat="60.230238" lon="24.966043"><ele>26.4</ele><time>2026-04-22T06:12:57Z</time><extensions><gpxtpx:TrackPointExtension><gpxtpx:hr>97</gpxtpx:hr></gpxtpx:TrackPointExtension></extensions></trkpt><trkpt lat="60.230238" lon="24.966043"><ele>26.4</ele><time>2026-04-22T06:13:01Z</time><extensions><gpxtpx:TrackPointExtension><gpxtpx:hr>99</gpxtpx:hr></gpxtpx:TrackPointExtension></extensions></trkpt><trkpt lat="60.230238" lon="24.966043"><ele>26.4</ele><time>2026-04-22T06:13:07Z</time><extensions><gpxtpx:TrackPointExtension><gpxtpx:hr>98</gpxtpx:hr></gpxtpx:TrackPointExtension></extensions></trkpt><trkpt lat="60.230238" lon="24.966043"><ele>26.4</ele><time>2026-04-22T06:13:10Z</time><extensions><gpxtpx:TrackPointExtension><gpxtpx:hr>99</gpxtpx:hr></gpxtpx:TrackPointExtension></extensions></trkpt><trkpt lat="60.230238" lon="24.966043"><ele>26.4</ele><time>2026-04-22T06:13:19Z</time><extensions><gpxtpx:TrackPointExtension><gpxtpx:hr>99</gpxtpx:hr></gpxtpx:TrackPointExtension></extensions></trkpt><trkpt lat="60.230238" lon="24.966043"><ele>26.4</ele><time>2026-04-22T06:13:24Z</time><extensions><gpxtpx:TrackPointExtension><gpxtpx:hr>101</gpxtpx:hr></gpxtpx:TrackPointExtension></extensions></trkpt><trkpt lat="60.230238" lon="24.966043"><ele>26.4</ele><time>2026-04-22T06:13:27Z</time><extensions><gpxtpx:TrackPointExtension><gpxtpx:hr>101</gpxtpx:hr></gpxtpx:TrackPointExtension></extensions></trkpt><trkpt lat="60.230238" lon="24.966043"><ele>26.4</ele><time>2026-04-22T06:13:31Z</time><extensions><gpxtpx:TrackPointExtension><gpxtpx:hr>100</gpxtpx:hr></gpxtpx:TrackPointExtension></extensions></trkpt><trkpt lat="60.230238" lon="24.966043"><ele>26.4</ele><time>2026-04-22T06:13:37Z</time><extensions><gpxtpx:TrackPointExtension><gpxtpx:hr>101</gpxtpx:hr></gpxtpx:TrackPointExtension></extensions></trkpt><trkpt lat="60.230238" lon="24.966043"><ele>26.4</ele><time>2026-04-22T06:13:40Z</time><extensions><gpxtpx:TrackPointExtension><gpxtpx:hr>100</gpxtpx:hr></gpxtpx:TrackPointExtension></extensions></trkpt><trkpt lat="60.230238" lon="24.966043"><ele>26.4</ele><time>2026-04-22T06:13:47Z</time><extensions><gpxtpx:TrackPointExtension><gpxtpx:hr>102</gpxtpx:hr></gpxtpx:TrackPointExtension></extensions></trkpt><trkpt lat="60.230238" lon="24.966043"><ele>26.4</ele><time>2026-04-22T06:13:51Z</time><extensions><gpxtpx:TrackPointExtension><gpxtpx:hr>101</gpxtpx:hr></gpxtpx:TrackPointExtension></extensions></trkpt><trkpt lat="60.230238" lon="24.966043"><ele>26.4</ele><time>2026-04-22T06:13:59Z</time><extensions><gpxtpx:TrackPointExtension><gpxtpx:hr>103</gpxtpx:hr></gpxtpx:TrackPointExtension></extensions></trkpt><trkpt lat="60.230238" lon="24.966043"><ele>26.4</ele><time>2026-04-22T06:14:00Z</time><extensions><gpxtpx:TrackPointExtension><gpxtpx:hr>103</gpxtpx:hr></gpxtpx:TrackPointExtension></extensions></trkpt><trkpt lat="60.230238" lon="24.966043"><ele>26.4</ele><time>2026-04-22T06:14:08Z</time><extensions><gpxtpx:TrackPointExtension><gpxtpx:hr>104</gpxtpx:hr></gpxtpx:TrackPointExtension></extensions></trkpt><trkpt lat="60.230238" lon="24.966043"><ele>26.4</ele><time>2026-04-22T06:14:14Z</time><extensions><gpxtpx:TrackPointExtension><gpxtpx:hr>105</gpxtpx:hr></gpxtpx:TrackPointExtension></extensions></trkpt><trkpt lat="60.230238" lon="24.966043"><ele>26.4</ele><time>2026-04-22T06:14:15Z</time><extensions><gpxtpx:TrackPointExtension><gpxtpx:hr>105</gpxtpx:hr></gpxtpx:TrackPointExtension></extensions></trkpt><trkpt lat="60.230238" lon="24.966043"><ele>26.4</ele><time>2026-04-22T06:14:24Z</time><extensions><gpxtpx:TrackPointExtension><gpxtpx:hr>103</gpxtpx:hr></gpxtpx:TrackPointExtension></extensions></trkpt><trkpt lat="60.230238" lon="24.966043"><ele>26.4</ele><time>2026-04-22T06:14:25Z</time><extensions><gpxtpx:TrackPointExtension><gpxtpx:hr>103</gpxtpx:hr></gpxtpx:TrackPointExtension></extensions></trkpt><trkpt lat="60.230238" lon="24.966043"><ele>26.4</ele><time>2026-04-22T06:14:34Z</time><extensions><gpxtpx:TrackPointExtension><gpxtpx:hr>101</gpxtpx:hr></gpxtpx:TrackPointExtension></extensions></trkpt><trkpt lat="60.230238" lon="24.966043"><ele>26.4</ele><time>2026-04-22T06:14:38Z</time><extensions><gpxtpx:TrackPointExtension><gpxtpx:hr>102</gpxtpx:hr></gpxtpx:TrackPointExtension></extensions></trkpt><trkpt lat="60.230238" lon="24.966043"><ele>26.4</ele><time>2026-04-22T06:14:44Z</time><extensions><gpxtpx:TrackPointExtension><gpxtpx:hr>103</gpxtpx:hr></gpxtpx:TrackPointExtension></extensions></trkpt><trkpt lat="60.230238" lon="24.966043"><ele>26.4</ele><time>2026-04-22T06:14:47Z</time><extensions><gpxtpx:TrackPointExtension><gpxtpx:hr>103</gpxtpx:hr></gpxtpx:TrackPointExtension></extensions></trkpt><trkpt lat="60.230238" lon="24.966043"><ele>26.4</ele><time>2026-04-22T06:14:51Z</time><extensions><gpxtpx:TrackPointExtension><gpxtpx:hr>102</gpxtpx:hr></gpxtpx:TrackPointExtension></extensions></trkpt><trkpt lat="60.230238" lon="24.966043"><ele>26.4</ele><time>2026-04-22T06:14:56Z</time><extensions><gpxtpx:TrackPointExtension><gpxtpx:hr>100</gpxtpx:hr></gpxtpx:TrackPointExtension></extensions></trkpt><trkpt lat="60.230238" lon="24.966043"><ele>26.4</ele><time>2026-04-22T06:15:00Z</time><extensions><gpxtpx:TrackPointExtension><gpxtpx:hr>99</gpxtpx:hr></gpxtpx:TrackPointExtension></extensions></trkpt><trkpt lat="60.230238" lon="24.966043"><ele>26.4</ele><time>2026-04-22T06:15:09Z</time><extensions><gpxtpx:TrackPointExtension><gpxtpx:hr>100</gpxtpx:hr></gpxtpx:TrackPointExtension></extensions></trkpt><trkpt lat="60.230238" lon="24.966043"><ele>26.4</ele><time>2026-04-22T06:15:14Z</time><extensions><gpxtpx:TrackPointExtension><gpxtpx:hr>99</gpxtpx:hr></gpxtpx:TrackPointExtension></extensions></trkpt><trkpt lat="60.230238" lon="24.966043"><ele>26.4</ele><time>2026-04-22T06:15:15Z</time><extensions><gpxtpx:TrackPointExtension><gpxtpx:hr>99</gpxtpx:hr></gpxtpx:TrackPointExtension></extensions></trkpt><trkpt lat="60.230238" lon="24.966043"><ele>26.4</ele><time>2026-04-22T06:15:24Z</time><extensions><gpxtpx:TrackPointExtension><gpxtpx:hr>98</gpxtpx:hr></gpxtpx:TrackPointExtension></extensions></trkpt><trkpt lat="60.230238" lon="24.966043"><ele>26.4</ele><time>2026-04-22T06:15:29Z</time><extensions><gpxtpx:TrackPointExtension><gpxtpx:hr>97</gpxtpx:hr></gpxtpx:TrackPointExtension></extensions></trkpt><trkpt lat="60.230238" lon="24.966043"><ele>26.4</ele><time>2026-04-22T06:15:34Z</time><extensions><gpxtpx:TrackPointExtension><gpxtpx:hr>101</gpxtpx:hr></gpxtpx:TrackPointExtension></extensions></trkpt><trkpt lat="60.230238" lon="24.966043"><ele>26.4</ele><time>2026-04-22T06:15:39Z</time><extensions><gpxtpx:TrackPointExtension><gpxtpx:hr>100</gpxtpx:hr></gpxtpx:TrackPointExtension></extensions></trkpt><trkpt lat="60.230238" lon="24.966043"><ele>26.4</ele><time>2026-04-22T06:15:40Z</time><extensions><gpxtpx:TrackPointExtension><gpxtpx:hr>100</gpxtpx:hr></gpxtpx:TrackPointExtension></extensions></trkpt><trkpt lat="60.230238" lon="24.966043"><ele>26.4</ele><time>2026-04-22T06:15:45Z</time><extensions><gpxtpx:TrackPointExtension><gpxtpx:hr>102</gpxtpx:hr></gpxtpx:TrackPointExtension></extensions></trkpt><trkpt lat="60.230238" lon="24.966043"><ele>26.4</ele><time>2026-04-22T06:15:54Z</time><extensions><gpxtpx:TrackPointExtension><gpxtpx:hr>102</gpxtpx:hr></gpxtpx:TrackPointExtension></extensions></trkpt><trkpt lat="60.230238" lon="24.966043"><ele>26.4</ele><time>2026-04-22T06:15:56Z</time><extensions><gpxtpx:TrackPointExtension><gpxtpx:hr>103</gpxtpx:hr></gpxtpx:TrackPointExtension></extensions></trkpt><trkpt lat="60.230238" lon="24.966043"><ele>26.4</ele><time>2026-04-22T06:16:05Z</time><extensions><gpxtpx:TrackPointExtension><gpxtpx:hr>102</gpxtpx:hr></gpxtpx:TrackPointExtension></extensions></trkpt><trkpt lat="60.230238" lon="24.966043"><ele>26.4</ele><time>2026-04-22T06:16:09Z</time><extensions><gpxtpx:TrackPointExtension><gpxtpx:hr>104</gpxtpx:hr></gpxtpx:TrackPointExtension></extensions></trkpt><trkpt lat="60.230238" lon="24.966043"><ele>26.4</ele><time>2026-04-22T06:16:11Z</time><extensions><gpxtpx:TrackPointExtension><gpxtpx:hr>103</gpxtpx:hr></gpxtpx:TrackPointExtension></extensions></trkpt><trkpt lat="60.230238" lon="24.966043"><ele>26.4</ele><time>2026-04-22T06:16:18Z</time><extensions><gpxtpx:TrackPointExtension><gpxtpx:hr>103</gpxtpx:hr></gpxtpx:TrackPointExtension></extensions></trkpt><trkpt lat="60.230238" lon="24.966043"><ele>26.4</ele><time>2026-04-22T06:16:21Z</time><extensions><gpxtpx:TrackPointExtension><gpxtpx:hr>103</gpxtpx:hr></gpxtpx:TrackPointExtension></extensions></trkpt><trkpt lat="60.230238" lon="24.966043"><ele>26.4</ele><time>2026-04-22T06:16:30Z</time><extensions><gpxtpx:TrackPointExtension><gpxtpx:hr>103</gpxtpx:hr></gpxtpx:TrackPointExtension></extensions></trkpt><trkpt lat="60.230238" lon="24.966043"><ele>26.4</ele><time>2026-04-22T06:16:35Z</time><extensions><gpxtpx:TrackPointExtension><gpxtpx:hr>102</gpxtpx:hr></gpxtpx:TrackPointExtension></extensions></trkpt><trkpt lat="60.230238" lon="24.966043"><ele>26.4</ele><time>2026-04-22T06:16:39Z</time><extensions><gpxtpx:TrackPointExtension><gpxtpx:hr>103</gpxtpx:hr></gpxtpx:TrackPointExtension></extensions></trkpt><trkpt lat="60.230238" lon="24.966043"><ele>26.4</ele><time>2026-04-22T06:16:45Z</time><extensions><gpxtpx:TrackPointExtension><gpxtpx:hr>103</gpxtpx:hr></gpxtpx:TrackPointExtension></extensions></trkpt><trkpt lat="60.230238" lon="24.966043"><ele>26.4</ele><time>2026-04-22T06:16:49Z</time><extensions><gpxtpx:TrackPointExtension><gpxtpx:hr>103</gpxtpx:hr></gpxtpx:TrackPointExtension></extensions></trkpt><trkpt lat="60.230238" lon="24.966043"><ele>26.4</ele><time>2026-04-22T06:16:51Z</time><extensions><gpxtpx:TrackPointExtension><gpxtpx:hr>103</gpxtpx:hr></gpxtpx:TrackPointExtension></extensions></trkpt><trkpt lat="60.230238" lon="24.966043"><ele>26.4</ele><time>2026-04-22T06:16:58Z</time><extensions><gpxtpx:TrackPointExtension><gpxtpx:hr>97</gpxtpx:hr></gpxtpx:TrackPointExtension></extensions></trkpt><trkpt lat="60.230238" lon="24.966043"><ele>26.4</ele><time>2026-04-22T06:17:04Z</time><extensions><gpxtpx:TrackPointExtension><gpxtpx:hr>99</gpxtpx:hr></gpxtpx:TrackPointExtension></extensions></trkpt><trkpt lat="60.230238" lon="24.966043"><ele>26.4</ele><time>2026-04-22T06:17:06Z</time><extensions><gpxtpx:TrackPointExtension><gpxtpx:hr>100</gpxtpx:hr></gpxtpx:TrackPointExtension></extensions></trkpt><trkpt lat="60.230238" lon="24.966043"><ele>26.4</ele><time>2026-04-22T06:17:12Z</time><extensions><gpxtpx:TrackPointExtension><gpxtpx:hr>101</gpxtpx:hr></gpxtpx:TrackPointExtension></extensions></trkpt><trkpt lat="60.230238" lon="24.966043"><ele>26.4</ele><time>2026-04-22T06:17:20Z</time><extensions><gpxtpx:TrackPointExtension><gpxtpx:hr>98</gpxtpx:hr></gpxtpx:TrackPointExtension></extensions></trkpt><trkpt lat="60.230238" lon="24.966043"><ele>26.4</ele><time>2026-04-22T06:17:25Z</time><extensions><gpxtpx:TrackPointExtension><gpxtpx:hr>96</gpxtpx:hr></gpxtpx:TrackPointExtension></extensions></trkpt><trkpt lat="60.230238" lon="24.966043"><ele>26.4</ele><time>2026-04-22T06:17:30Z</time><extensions><gpxtpx:TrackPointExtension><gpxtpx:hr>96</gpxtpx:hr></gpxtpx:TrackPointExtension></extensions></trkpt><trkpt lat="60.230238" lon="24.966043"><ele>26.4</ele><time>2026-04-22T06:17:33Z</time><extensions><gpxtpx:TrackPointExtension><gpxtpx:hr>95</gpxtpx:hr></gpxtpx:TrackPointExtension></extensions></trkpt><trkpt lat="60.230238" lon="24.966043"><ele>26.4</ele><time>2026-04-22T06:17:37Z</time><extensions><gpxtpx:TrackPointExtension><gpxtpx:hr>95</gpxtpx:hr></gpxtpx:TrackPointExtension></extensions></trkpt><trkpt lat="60.230238" lon="24.966043"><ele>26.4</ele><time>2026-04-22T06:17:42Z</time><extensions><gpxtpx:TrackPointExtension><gpxtpx:hr>95</gpxtpx:hr></gpxtpx:TrackPointExtension></extensions></trkpt><trkpt lat="60.230238" lon="24.966043"><ele>26.4</ele><time>2026-04-22T06:17:46Z</time><extensions><gpxtpx:TrackPointExtension><gpxtpx:hr>93</gpxtpx:hr></gpxtpx:TrackPointExtension></extensions></trkpt><trkpt lat="60.230238" lon="24.966043"><ele>26.4</ele><time>2026-04-22T06:17:51Z</time><extensions><gpxtpx:TrackPointExtension><gpxtpx:hr>94</gpxtpx:hr></gpxtpx:TrackPointExtension></extensions></trkpt><trkpt lat="60.230238" lon="24.966043"><ele>26.4</ele><time>2026-04-22T06:17:56Z</time><extensions><gpxtpx:TrackPointExtension><gpxtpx:hr>95</gpxtpx:hr></gpxtpx:TrackPointExtension></extensions></trkpt><trkpt lat="60.230238" lon="24.966043"><ele>26.4</ele><time>2026-04-22T06:18:01Z</time><extensions><gpxtpx:TrackPointExtension><gpxtpx:hr>104</gpxtpx:hr></gpxtpx:TrackPointExtension></extensions></trkpt><trkpt lat="60.230238" lon="24.966043"><ele>26.4</ele><time>2026-04-22T06:18:25Z</time><extensions><gpxtpx:TrackPointExtension><gpxtpx:hr>98</gpxtpx:hr></gpxtpx:TrackPointExtension></extensions></trkpt><trkpt lat="60.230238" lon="24.966043"><ele>26.4</ele><time>2026-04-22T06:18:30Z</time><extensions><gpxtpx:TrackPointExtension><gpxtpx:hr>94</gpxtpx:hr></gpxtpx:TrackPointExtension></extensions></trkpt><trkpt lat="60.230238" lon="24.966043"><ele>26.4</ele><time>2026-04-22T06:18:33Z</time><extensions><gpxtpx:TrackPointExtension><gpxtpx:hr>95</gpxtpx:hr></gpxtpx:TrackPointExtension></extensions></trkpt><trkpt lat="60.230238" lon="24.966043"><ele>26.4</ele><time>2026-04-22T06:18:36Z</time><extensions><gpxtpx:TrackPointExtension><gpxtpx:hr>97</gpxtpx:hr></gpxtpx:TrackPointExtension></extensions></trkpt><trkpt lat="60.230238" lon="24.966043"><ele>26.4</ele><time>2026-04-22T06:18:41Z</time><extensions><gpxtpx:TrackPointExtension><gpxtpx:hr>105</gpxtpx:hr></gpxtpx:TrackPointExtension></extensions></trkpt><trkpt lat="60.230238" lon="24.966043"><ele>26.4</ele><time>2026-04-22T06:18:47Z</time><extensions><gpxtpx:TrackPointExtension><gpxtpx:hr>111</gpxtpx:hr></gpxtpx:TrackPointExtension></extensions></trkpt><trkpt lat="60.230238" lon="24.966043"><ele>26.4</ele><time>2026-04-22T06:18:56Z</time><extensions><gpxtpx:TrackPointExtension><gpxtpx:hr>119</gpxtpx:hr></gpxtpx:TrackPointExtension></extensions></trkpt><trkpt lat="60.230238" lon="24.966043"><ele>26.4</ele><time>2026-04-22T06:19:00Z</time><extensions><gpxtpx:TrackPointExtension><gpxtpx:hr>117</gpxtpx:hr></gpxtpx:TrackPointExtension></extensions></trkpt><trkpt lat="60.230238" lon="24.966043"><ele>26.4</ele><time>2026-04-22T06:19:04Z</time><extensions><gpxtpx:TrackPointExtension><gpxtpx:hr>112</gpxtpx:hr></gpxtpx:TrackPointExtension></extensions></trkpt><trkpt lat="60.230238" lon="24.966043"><ele>26.4</ele><time>2026-04-22T06:19:11Z</time><extensions><gpxtpx:TrackPointExtension><gpxtpx:hr>105</gpxtpx:hr></gpxtpx:TrackPointExtension></extensions></trkpt><trkpt lat="60.230238" lon="24.966043"><ele>26.4</ele><time>2026-04-22T06:19:16Z</time><extensions><gpxtpx:TrackPointExtension><gpxtpx:hr>99</gpxtpx:hr></gpxtpx:TrackPointExtension></extensions></trkpt><trkpt lat="60.230238" lon="24.966043"><ele>26.4</ele><time>2026-04-22T06:19:21Z</time><extensions><gpxtpx:TrackPointExtension><gpxtpx:hr>96</gpxtpx:hr></gpxtpx:TrackPointExtension></extensions></trkpt><trkpt lat="60.230238" lon="24.966043"><ele>26.4</ele><time>2026-04-22T06:19:24Z</time><extensions><gpxtpx:TrackPointExtension><gpxtpx:hr>95</gpxtpx:hr></gpxtpx:TrackPointExtension></extensions></trkpt><trkpt lat="60.230238" lon="24.966043"><ele>26.4</ele><time>2026-04-22T06:19:30Z</time><extensions><gpxtpx:TrackPointExtension><gpxtpx:hr>94</gpxtpx:hr></gpxtpx:TrackPointExtension></extensions></trkpt><trkpt lat="60.230238" lon="24.966043"><ele>26.4</ele><time>2026-04-22T06:19:34Z</time><extensions><gpxtpx:TrackPointExtension><gpxtpx:hr>94</gpxtpx:hr></gpxtpx:TrackPointExtension></extensions></trkpt><trkpt lat="60.230238" lon="24.966043"><ele>26.4</ele><time>2026-04-22T06:19:38Z</time><extensions><gpxtpx:TrackPointExtension><gpxtpx:hr>92</gpxtpx:hr></gpxtpx:TrackPointExtension></extensions></trkpt><trkpt lat="60.230238" lon="24.966043"><ele>26.4</ele><time>2026-04-22T06:19:46Z</time><extensions><gpxtpx:TrackPointExtension><gpxtpx:hr>86</gpxtpx:hr></gpxtpx:TrackPointExtension></extensions></trkpt><trkpt lat="60.230238" lon="24.966043"><ele>26.4</ele><time>2026-04-22T06:19:47Z</time><extensions><gpxtpx:TrackPointExtension><gpxtpx:hr>86</gpxtpx:hr></gpxtpx:TrackPointExtension></extensions></trkpt><trkpt lat="60.230238" lon="24.966043"><ele>26.4</ele><time>2026-04-22T06:19:54Z</time><extensions><gpxtpx:TrackPointExtension><gpxtpx:hr>90</gpxtpx:hr></gpxtpx:TrackPointExtension></extensions></trkpt><trkpt lat="60.230238" lon="24.966043"><ele>26.4</ele><time>2026-04-22T06:20:00Z</time><extensions><gpxtpx:TrackPointExtension><gpxtpx:hr>97</gpxtpx:hr></gpxtpx:TrackPointExtension></extensions></trkpt><trkpt lat="60.230238" lon="24.966043"><ele>26.4</ele><time>2026-04-22T06:20:02Z</time><extensions><gpxtpx:TrackPointExtension><gpxtpx:hr>98</gpxtpx:hr></gpxtpx:TrackPointExtension></extensions></trkpt><trkpt lat="60.230238" lon="24.966043"><ele>26.4</ele><time>2026-04-22T06:20:11Z</time><extensions><gpxtpx:TrackPointExtension><gpxtpx:hr>88</gpxtpx:hr></gpxtpx:TrackPointExtension></extensions></trkpt><trkpt lat="60.230238" lon="24.966043"><ele>26.4</ele><time>2026-04-22T06:20:15Z</time><extensions><gpxtpx:TrackPointExtension><gpxtpx:hr>86</gpxtpx:hr></gpxtpx:TrackPointExtension></extensions></trkpt><trkpt lat="60.230238" lon="24.966043"><ele>26.4</ele><time>2026-04-22T06:20:17Z</time><extensions><gpxtpx:TrackPointExtension><gpxtpx:hr>86</gpxtpx:hr></gpxtpx:TrackPointExtension></extensions></trkpt><trkpt lat="60.230238" lon="24.966043"><ele>26.4</ele><time>2026-04-22T06:20:26Z</time><extensions><gpxtpx:TrackPointExtension><gpxtpx:hr>77</gpxtpx:hr></gpxtpx:TrackPointExtension></extensions></trkpt><trkpt lat="60.230238" lon="24.966043"><ele>26.4</ele><time>2026-04-22T06:20:31Z</time><extensions><gpxtpx:TrackPointExtension><gpxtpx:hr>76</gpxtpx:hr></gpxtpx:TrackPointExtension></extensions></trkpt><trkpt lat="60.230238" lon="24.966043"><ele>26.4</ele><time>2026-04-22T06:20:32Z</time><extensions><gpxtpx:TrackPointExtension><gpxtpx:hr>76</gpxtpx:hr></gpxtpx:TrackPointExtension></extensions></trkpt><trkpt lat="60.230238" lon="24.966043"><ele>26.4</ele><time>2026-04-22T06:20:40Z</time><extensions><gpxtpx:TrackPointExtension><gpxtpx:hr>75</gpxtpx:hr></gpxtpx:TrackPointExtension></extensions></trkpt><trkpt lat="60.230238" lon="24.966043"><ele>26.4</ele><time>2026-04-22T06:20:46Z</time><extensions><gpxtpx:TrackPointExtension><gpxtpx:hr>73</gpxtpx:hr></gpxtpx:TrackPointExtension></extensions></trkpt><trkpt lat="60.230238" lon="24.966043"><ele>26.4</ele><time>2026-04-22T06:20:51Z</time><extensions><gpxtpx:TrackPointExtension><gpxtpx:hr>74</gpxtpx:hr></gpxtpx:TrackPointExtension></extensions></trkpt><trkpt lat="60.230238" lon="24.966043"><ele>26.4</ele><time>2026-04-22T06:20:56Z</time><extensions><gpxtpx:TrackPointExtension><gpxtpx:hr>74</gpxtpx:hr></gpxtpx:TrackPointExtension></extensions></trkpt><trkpt lat="60.230238" lon="24.966043"><ele>26.4</ele><time>2026-04-22T06:20:58Z</time><extensions><gpxtpx:TrackPointExtension><gpxtpx:hr>73</gpxtpx:hr></gpxtpx:TrackPointExtension></extensions></trkpt><trkpt lat="60.230238" lon="24.966043"><ele>26.4</ele><time>2026-04-22T06:21:05Z</time><extensions><gpxtpx:TrackPointExtension><gpxtpx:hr>73</gpxtpx:hr></gpxtpx:TrackPointExtension></extensions></trkpt><trkpt lat="60.230238" lon="24.966043"><ele>26.4</ele><time>2026-04-22T06:21:07Z</time><extensions><gpxtpx:TrackPointExtension><gpxtpx:hr>72</gpxtpx:hr></gpxtpx:TrackPointExtension></extensions></trkpt><trkpt lat="60.230238" lon="24.966043"><ele>26.4</ele><time>2026-04-22T06:21:12Z</time><extensions><gpxtpx:TrackPointExtension><gpxtpx:hr>75</gpxtpx:hr></gpxtpx:TrackPointExtension></extensions></trkpt><trkpt lat="60.230238" lon="24.966043"><ele>26.4</ele><time>2026-04-22T06:21:21Z</time><extensions><gpxtpx:TrackPointExtension><gpxtpx:hr>94</gpxtpx:hr></gpxtpx:TrackPointExtension></extensions></trkpt><trkpt lat="60.230238" lon="24.966043"><ele>26.4</ele><time>2026-04-22T06:21:23Z</time><extensions><gpxtpx:TrackPointExtension><gpxtpx:hr>97</gpxtpx:hr></gpxtpx:TrackPointExtension></extensions></trkpt><trkpt lat="60.230238" lon="24.966043"><ele>26.4</ele><time>2026-04-22T06:21:28Z</time><extensions><gpxtpx:TrackPointExtension><gpxtpx:hr>92</gpxtpx:hr></gpxtpx:TrackPointExtension></extensions></trkpt><trkpt lat="60.230238" lon="24.966043"><ele>26.4</ele><time>2026-04-22T06:21:35Z</time><extensions><gpxtpx:TrackPointExtension><gpxtpx:hr>87</gpxtpx:hr></gpxtpx:TrackPointExtension></extensions></trkpt><trkpt lat="60.230238" lon="24.966043"><ele>26.4</ele><time>2026-04-22T06:21:41Z</time><extensions><gpxtpx:TrackPointExtension><gpxtpx:hr>87</gpxtpx:hr></gpxtpx:TrackPointExtension></extensions></trkpt><trkpt lat="60.230238" lon="24.966043"><ele>26.4</ele><time>2026-04-22T06:21:46Z</time><extensions><gpxtpx:TrackPointExtension><gpxtpx:hr>89</gpxtpx:hr></gpxtpx:TrackPointExtension></extensions></trkpt><trkpt lat="60.230238" lon="24.966043"><ele>26.4</ele><time>2026-04-22T06:21:48Z</time><extensions><gpxtpx:TrackPointExtension><gpxtpx:hr>90</gpxtpx:hr></gpxtpx:TrackPointExtension></extensions></trkpt><trkpt lat="60.230238" lon="24.966043"><ele>26.4</ele><time>2026-04-22T06:21:52Z</time><extensions><gpxtpx:TrackPointExtension><gpxtpx:hr>92</gpxtpx:hr></gpxtpx:TrackPointExtension></extensions></trkpt><trkpt lat="60.230238" lon="24.966043"><ele>26.4</ele><time>2026-04-22T06:21:57Z</time><extensions><gpxtpx:TrackPointExtension><gpxtpx:hr>90</gpxtpx:hr></gpxtpx:TrackPointExtension></extensions></trkpt><trkpt lat="60.230238" lon="24.966043"><ele>26.4</ele><time>2026-04-22T06:22:06Z</time><extensions><gpxtpx:TrackPointExtension><gpxtpx:hr>86</gpxtpx:hr></gpxtpx:TrackPointExtension></extensions></trkpt><trkpt lat="60.230238" lon="24.966043"><ele>26.4</ele><time>2026-04-22T06:22:11Z</time><extensions><gpxtpx:TrackPointExtension><gpxtpx:hr>88</gpxtpx:hr></gpxtpx:TrackPointExtension></extensions></trkpt><trkpt lat="60.230238" lon="24.966043"><ele>26.4</ele><time>2026-04-22T06:22:12Z</time><extensions><gpxtpx:TrackPointExtension><gpxtpx:hr>88</gpxtpx:hr></gpxtpx:TrackPointExtension></extensions></trkpt><trkpt lat="60.230238" lon="24.966043"><ele>26.4</ele><time>2026-04-22T06:22:21Z</time><extensions><gpxtpx:TrackPointExtension><gpxtpx:hr>90</gpxtpx:hr></gpxtpx:TrackPointExtension></extensions></trkpt><trkpt lat="60.230238" lon="24.966043"><ele>26.4</ele><time>2026-04-22T06:22:24Z</time><extensions><gpxtpx:TrackPointExtension><gpxtpx:hr>93</gpxtpx:hr></gpxtpx:TrackPointExtension></extensions></trkpt><trkpt lat="60.230238" lon="24.966043"><ele>26.4</ele><time>2026-04-22T06:22:31Z</time><extensions><gpxtpx:TrackPointExtension><gpxtpx:hr>89</gpxtpx:hr></gpxtpx:TrackPointExtension></extensions></trkpt><trkpt lat="60.230238" lon="24.966043"><ele>26.4</ele><time>2026-04-22T06:22:34Z</time><extensions><gpxtpx:TrackPointExtension><gpxtpx:hr>88</gpxtpx:hr></gpxtpx:TrackPointExtension></extensions></trkpt><trkpt lat="60.230238" lon="24.966043"><ele>26.4</ele><time>2026-04-22T06:22:38Z</time><extensions><gpxtpx:TrackPointExtension><gpxtpx:hr>88</gpxtpx:hr></gpxtpx:TrackPointExtension></extensions></trkpt><trkpt lat="60.230238" lon="24.966043"><ele>26.4</ele><time>2026-04-22T06:22:46Z</time><extensions><gpxtpx:TrackPointExtension><gpxtpx:hr>83</gpxtpx:hr></gpxtpx:TrackPointExtension></extensions></trkpt><trkpt lat="60.230238" lon="24.966043"><ele>26.4</ele><time>2026-04-22T06:22:47Z</time><extensions><gpxtpx:TrackPointExtension><gpxtpx:hr>82</gpxtpx:hr></gpxtpx:TrackPointExtension></extensions></trkpt><trkpt lat="60.230238" lon="24.966043"><ele>26.4</ele><time>2026-04-22T06:22:53Z</time><extensions><gpxtpx:TrackPointExtension><gpxtpx:hr>81</gpxtpx:hr></gpxtpx:TrackPointExtension></extensions></trkpt><trkpt lat="60.230238" lon="24.966043"><ele>26.4</ele><time>2026-04-22T06:22:58Z</time><extensions><gpxtpx:TrackPointExtension><gpxtpx:hr>78</gpxtpx:hr></gpxtpx:TrackPointExtension></extensions></trkpt><trkpt lat="60.230238" lon="24.966043"><ele>26.4</ele><time>2026-04-22T06:23:06Z</time><extensions><gpxtpx:TrackPointExtension><gpxtpx:hr>74</gpxtpx:hr></gpxtpx:TrackPointExtension></extensions></trkpt><trkpt lat="60.230238" lon="24.966043"><ele>26.4</ele><time>2026-04-22T06:23:10Z</time><extensions><gpxtpx:TrackPointExtension><gpxtpx:hr>74</gpxtpx:hr></gpxtpx:TrackPointExtension></extensions></trkpt><trkpt lat="60.230238" lon="24.966043"><ele>26.4</ele><time>2026-04-22T06:23:12Z</time><extensions><gpxtpx:TrackPointExtension><gpxtpx:hr>74</gpxtpx:hr></gpxtpx:TrackPointExtension></extensions></trkpt><trkpt lat="60.230238" lon="24.966043"><ele>26.4</ele><time>2026-04-22T06:23:21Z</time><extensions><gpxtpx:TrackPointExtension><gpxtpx:hr>74</gpxtpx:hr></gpxtpx:TrackPointExtension></extensions></trkpt><trkpt lat="60.230238" lon="24.966043"><ele>26.4</ele><time>2026-04-22T06:23:23Z</time><extensions><gpxtpx:TrackPointExtension><gpxtpx:hr>74</gpxtpx:hr></gpxtpx:TrackPointExtension></extensions></trkpt><trkpt lat="60.230238" lon="24.966043"><ele>26.4</ele><time>2026-04-22T06:23:27Z</time><extensions><gpxtpx:TrackPointExtension><gpxtpx:hr>74</gpxtpx:hr></gpxtpx:TrackPointExtension></extensions></trkpt><trkpt lat="60.230238" lon="24.966043"><ele>26.4</ele><time>2026-04-22T06:23:32Z</time><extensions><gpxtpx:TrackPointExtension><gpxtpx:hr>77</gpxtpx:hr></gpxtpx:TrackPointExtension></extensions></trkpt><trkpt lat="60.230238" lon="24.966043"><ele>26.4</ele><time>2026-04-22T06:23:37Z</time><extensions><gpxtpx:TrackPointExtension><gpxtpx:hr>84</gpxtpx:hr></gpxtpx:TrackPointExtension></extensions></trkpt><trkpt lat="60.230238" lon="24.966043"><ele>26.4</ele><time>2026-04-22T06:23:42Z</time><extensions><gpxtpx:TrackPointExtension><gpxtpx:hr>95</gpxtpx:hr></gpxtpx:TrackPointExtension></extensions></trkpt><trkpt lat="60.230238" lon="24.966043"><ele>26.4</ele><time>2026-04-22T06:23:51Z</time><extensions><gpxtpx:TrackPointExtension><gpxtpx:hr>100</gpxtpx:hr></gpxtpx:TrackPointExtension></extensions></trkpt><trkpt lat="60.230238" lon="24.966043"><ele>26.4</ele><time>2026-04-22T06:23:56Z</time><extensions><gpxtpx:TrackPointExtension><gpxtpx:hr>98</gpxtpx:hr></gpxtpx:TrackPointExtension></extensions></trkpt><trkpt lat="60.230238" lon="24.966043"><ele>26.4</ele><time>2026-04-22T06:23:59Z</time><extensions><gpxtpx:TrackPointExtension><gpxtpx:hr>99</gpxtpx:hr></gpxtpx:TrackPointExtension></extensions></trkpt><trkpt lat="60.230238" lon="24.966043"><ele>26.4</ele><time>2026-04-22T06:24:03Z</time><extensions><gpxtpx:TrackPointExtension><gpxtpx:hr>98</gpxtpx:hr></gpxtpx:TrackPointExtension></extensions></trkpt><trkpt lat="60.230238" lon="24.966043"><ele>26.4</ele><time>2026-04-22T06:24:09Z</time><extensions><gpxtpx:TrackPointExtension><gpxtpx:hr>95</gpxtpx:hr></gpxtpx:TrackPointExtension></extensions></trkpt><trkpt lat="60.230238" lon="24.966043"><ele>26.4</ele><time>2026-04-22T06:24:16Z</time><extensions><gpxtpx:TrackPointExtension><gpxtpx:hr>93</gpxtpx:hr></gpxtpx:TrackPointExtension></extensions></trkpt><trkpt lat="60.230238" lon="24.966043"><ele>26.4</ele><time>2026-04-22T06:24:21Z</time><extensions><gpxtpx:TrackPointExtension><gpxtpx:hr>94</gpxtpx:hr></gpxtpx:TrackPointExtension></extensions></trkpt><trkpt lat="60.230238" lon="24.966043"><ele>26.4</ele><time>2026-04-22T06:24:25Z</time><extensions><gpxtpx:TrackPointExtension><gpxtpx:hr>93</gpxtpx:hr></gpxtpx:TrackPointExtension></extensions></trkpt><trkpt lat="60.230238" lon="24.966043"><ele>26.4</ele><time>2026-04-22T06:24:31Z</time><extensions><gpxtpx:TrackPointExtension><gpxtpx:hr>94</gpxtpx:hr></gpxtpx:TrackPointExtension></extensions></trkpt><trkpt lat="60.230238" lon="24.966043"><ele>26.4</ele><time>2026-04-22T06:24:32Z</time><extensions><gpxtpx:TrackPointExtension><gpxtpx:hr>94</gpxtpx:hr></gpxtpx:TrackPointExtension></extensions></trkpt><trkpt lat="60.230238" lon="24.966043"><ele>26.4</ele><time>2026-04-22T06:24:37Z</time><extensions><gpxtpx:TrackPointExtension><gpxtpx:hr>94</gpxtpx:hr></gpxtpx:TrackPointExtension></extensions></trkpt><trkpt lat="60.230238" lon="24.966043"><ele>26.4</ele><time>2026-04-22T06:24:43Z</time><extensions><gpxtpx:TrackPointExtension><gpxtpx:hr>93</gpxtpx:hr></gpxtpx:TrackPointExtension></extensions></trkpt><trkpt lat="60.230238" lon="24.966043"><ele>26.4</ele><time>2026-04-22T06:24:47Z</time><extensions><gpxtpx:TrackPointExtension><gpxtpx:hr>93</gpxtpx:hr></gpxtpx:TrackPointExtension></extensions></trkpt><trkpt lat="60.230238" lon="24.966043"><ele>26.4</ele><time>2026-04-22T06:24:52Z</time><extensions><gpxtpx:TrackPointExtension><gpxtpx:hr>92</gpxtpx:hr></gpxtpx:TrackPointExtension></extensions></trkpt><trkpt lat="60.230238" lon="24.966043"><ele>26.4</ele><time>2026-04-22T06:24:57Z</time><extensions><gpxtpx:TrackPointExtension><gpxtpx:hr>93</gpxtpx:hr></gpxtpx:TrackPointExtension></extensions></trkpt><trkpt lat="60.230238" lon="24.966043"><ele>26.4</ele><time>2026-04-22T06:25:06Z</time><extensions><gpxtpx:TrackPointExtension><gpxtpx:hr>82</gpxtpx:hr></gpxtpx:TrackPointExtension></extensions></trkpt><trkpt lat="60.230238" lon="24.966043"><ele>26.4</ele><time>2026-04-22T06:25:11Z</time><extensions><gpxtpx:TrackPointExtension><gpxtpx:hr>80</gpxtpx:hr></gpxtpx:TrackPointExtension></extensions></trkpt><trkpt lat="60.230238" lon="24.966043"><ele>26.4</ele><time>2026-04-22T06:25:16Z</time><extensions><gpxtpx:TrackPointExtension><gpxtpx:hr>79</gpxtpx:hr></gpxtpx:TrackPointExtension></extensions></trkpt><trkpt lat="60.230238" lon="24.966043"><ele>26.4</ele><time>2026-04-22T06:25:21Z</time><extensions><gpxtpx:TrackPointExtension><gpxtpx:hr>81</gpxtpx:hr></gpxtpx:TrackPointExtension></extensions></trkpt><trkpt lat="60.230238" lon="24.966043"><ele>26.4</ele><time>2026-04-22T06:25:24Z</time><extensions><gpxtpx:TrackPointExtension><gpxtpx:hr>80</gpxtpx:hr></gpxtpx:TrackPointExtension></extensions></trkpt><trkpt lat="60.230238" lon="24.966043"><ele>26.4</ele><time>2026-04-22T06:25:27Z</time><extensions><gpxtpx:TrackPointExtension><gpxtpx:hr>79</gpxtpx:hr></gpxtpx:TrackPointExtension></extensions></trkpt><trkpt lat="60.230238" lon="24.966043"><ele>26.4</ele><time>2026-04-22T06:25:36Z</time><extensions><gpxtpx:TrackPointExtension><gpxtpx:hr>78</gpxtpx:hr></gpxtpx:TrackPointExtension></extensions></trkpt><trkpt lat="60.230238" lon="24.966043"><ele>26.4</ele><time>2026-04-22T06:25:41Z</time><extensions><gpxtpx:TrackPointExtension><gpxtpx:hr>85</gpxtpx:hr></gpxtpx:TrackPointExtension></extensions></trkpt><trkpt lat="60.230238" lon="24.966043"><ele>26.4</ele><time>2026-04-22T06:25:46Z</time><extensions><gpxtpx:TrackPointExtension><gpxtpx:hr>87</gpxtpx:hr></gpxtpx:TrackPointExtension></extensions></trkpt><trkpt lat="60.230238" lon="24.966043"><ele>26.4</ele><time>2026-04-22T06:25:50Z</time><extensions><gpxtpx:TrackPointExtension><gpxtpx:hr>84</gpxtpx:hr></gpxtpx:TrackPointExtension></extensions></trkpt><trkpt lat="60.230238" lon="24.966043"><ele>26.4</ele><time>2026-04-22T06:25:56Z</time><extensions><gpxtpx:TrackPointExtension><gpxtpx:hr>84</gpxtpx:hr></gpxtpx:TrackPointExtension></extensions></trkpt><trkpt lat="60.230238" lon="24.966043"><ele>26.4</ele><time>2026-04-22T06:26:01Z</time><extensions><gpxtpx:TrackPointExtension><gpxtpx:hr>84</gpxtpx:hr></gpxtpx:TrackPointExtension></extensions></trkpt><trkpt lat="60.230238" lon="24.966043"><ele>26.4</ele><time>2026-04-22T06:26:02Z</time><extensions><gpxtpx:TrackPointExtension><gpxtpx:hr>84</gpxtpx:hr></gpxtpx:TrackPointExtension></extensions></trkpt><trkpt lat="60.230238" lon="24.966043"><ele>26.4</ele><time>2026-04-22T06:26:09Z</time><extensions><gpxtpx:TrackPointExtension><gpxtpx:hr>82</gpxtpx:hr></gpxtpx:TrackPointExtension></extensions></trkpt><trkpt lat="60.230238" lon="24.966043"><ele>26.4</ele><time>2026-04-22T06:26:12Z</time><extensions><gpxtpx:TrackPointExtension><gpxtpx:hr>82</gpxtpx:hr></gpxtpx:TrackPointExtension></extensions></trkpt><trkpt lat="60.230238" lon="24.966043"><ele>26.4</ele><time>2026-04-22T06:26:17Z</time><extensions><gpxtpx:TrackPointExtension><gpxtpx:hr>85</gpxtpx:hr></gpxtpx:TrackPointExtension></extensions></trkpt><trkpt lat="60.230238" lon="24.966043"><ele>26.4</ele><time>2026-04-22T06:26:22Z</time><extensions><gpxtpx:TrackPointExtension><gpxtpx:hr>86</gpxtpx:hr></gpxtpx:TrackPointExtension></extensions></trkpt><trkpt lat="60.230238" lon="24.966043"><ele>26.4</ele><time>2026-04-22T06:26:28Z</time><extensions><gpxtpx:TrackPointExtension><gpxtpx:hr>84</gpxtpx:hr></gpxtpx:TrackPointExtension></extensions></trkpt><trkpt lat="60.230238" lon="24.966043"><ele>26.4</ele><time>2026-04-22T06:26:34Z</time><extensions><gpxtpx:TrackPointExtension><gpxtpx:hr>83</gpxtpx:hr></gpxtpx:TrackPointExtension></extensions></trkpt><trkpt lat="60.230238" lon="24.966043"><ele>26.4</ele><time>2026-04-22T06:26:41Z</time><extensions><gpxtpx:TrackPointExtension><gpxtpx:hr>85</gpxtpx:hr></gpxtpx:TrackPointExtension></extensions></trkpt><trkpt lat="60.230238" lon="24.966043"><ele>26.4</ele><time>2026-04-22T06:26:46Z</time><extensions><gpxtpx:TrackPointExtension><gpxtpx:hr>85</gpxtpx:hr></gpxtpx:TrackPointExtension></extensions></trkpt><trkpt lat="60.230238" lon="24.966043"><ele>26.4</ele><time>2026-04-22T06:26:50Z</time><extensions><gpxtpx:TrackPointExtension><gpxtpx:hr>86</gpxtpx:hr></gpxtpx:TrackPointExtension></extensions></trkpt><trkpt lat="60.230238" lon="24.966043"><ele>26.4</ele><time>2026-04-22T06:26:52Z</time><extensions><gpxtpx:TrackPointExtension><gpxtpx:hr>86</gpxtpx:hr></gpxtpx:TrackPointExtension></extensions></trkpt><trkpt lat="60.230238" lon="24.966043"><ele>26.4</ele><time>2026-04-22T06:26:57Z</time><extensions><gpxtpx:TrackPointExtension><gpxtpx:hr>86</gpxtpx:hr></gpxtpx:TrackPointExtension></extensions></trkpt><trkpt lat="60.230238" lon="24.966043"><ele>26.4</ele><time>2026-04-22T06:27:06Z</time><extensions><gpxtpx:TrackPointExtension><gpxtpx:hr>94</gpxtpx:hr></gpxtpx:TrackPointExtension></extensions></trkpt><trkpt lat="60.230238" lon="24.966043"><ele>26.4</ele><time>2026-04-22T06:27:11Z</time><extensions><gpxtpx:TrackPointExtension><gpxtpx:hr>94</gpxtpx:hr></gpxtpx:TrackPointExtension></extensions></trkpt><trkpt lat="60.230238" lon="24.966043"><ele>26.4</ele><time>2026-04-22T06:27:16Z</time><extensions><gpxtpx:TrackPointExtension><gpxtpx:hr>90</gpxtpx:hr></gpxtpx:TrackPointExtension></extensions></trkpt><trkpt lat="60.230238" lon="24.966043"><ele>26.4</ele><time>2026-04-22T06:27:20Z</time><extensions><gpxtpx:TrackPointExtension><gpxtpx:hr>91</gpxtpx:hr></gpxtpx:TrackPointExtension></extensions></trkpt><trkpt lat="60.230238" lon="24.966043"><ele>26.4</ele><time>2026-04-22T06:27:22Z</time><extensions><gpxtpx:TrackPointExtension><gpxtpx:hr>91</gpxtpx:hr></gpxtpx:TrackPointExtension></extensions></trkpt><trkpt lat="60.230238" lon="24.966043"><ele>26.4</ele><time>2026-04-22T06:27:27Z</time><extensions><gpxtpx:TrackPointExtension><gpxtpx:hr>84</gpxtpx:hr></gpxtpx:TrackPointExtension></extensions></trkpt><trkpt lat="60.230238" lon="24.966043"><ele>26.4</ele><time>2026-04-22T06:27:35Z</time><extensions><gpxtpx:TrackPointExtension><gpxtpx:hr>89</gpxtpx:hr></gpxtpx:TrackPointExtension></extensions></trkpt><trkpt lat="60.230238" lon="24.966043"><ele>26.4</ele><time>2026-04-22T06:27:41Z</time><extensions><gpxtpx:TrackPointExtension><gpxtpx:hr>81</gpxtpx:hr></gpxtpx:TrackPointExtension></extensions></trkpt><trkpt lat="60.230238" lon="24.966043"><ele>26.4</ele><time>2026-04-22T06:27:46Z</time><extensions><gpxtpx:TrackPointExtension><gpxtpx:hr>83</gpxtpx:hr></gpxtpx:TrackPointExtension></extensions></trkpt><trkpt lat="60.230238" lon="24.966043"><ele>26.4</ele><time>2026-04-22T06:27:48Z</time><extensions><gpxtpx:TrackPointExtension><gpxtpx:hr>82</gpxtpx:hr></gpxtpx:TrackPointExtension></extensions></trkpt><trkpt lat="60.230238" lon="24.966043"><ele>26.4</ele><time>2026-04-22T06:27:53Z</time><extensions><gpxtpx:TrackPointExtension><gpxtpx:hr>86</gpxtpx:hr></gpxtpx:TrackPointExtension></extensions></trkpt><trkpt lat="60.230238" lon="24.966043"><ele>26.4</ele><time>2026-04-22T06:27:59Z</time><extensions><gpxtpx:TrackPointExtension><gpxtpx:hr>82</gpxtpx:hr></gpxtpx:TrackPointExtension></extensions></trkpt><trkpt lat="60.230238" lon="24.966043"><ele>26.4</ele><time>2026-04-22T06:28:06Z</time><extensions><gpxtpx:TrackPointExtension><gpxtpx:hr>83</gpxtpx:hr></gpxtpx:TrackPointExtension></extensions></trkpt><trkpt lat="60.230238" lon="24.966043"><ele>26.4</ele><time>2026-04-22T06:28:07Z</time><extensions><gpxtpx:TrackPointExtension><gpxtpx:hr>82</gpxtpx:hr></gpxtpx:TrackPointExtension></extensions></trkpt><trkpt lat="60.230238" lon="24.966043"><ele>26.4</ele><time>2026-04-22T06:28:16Z</time><extensions><gpxtpx:TrackPointExtension><gpxtpx:hr>83</gpxtpx:hr></gpxtpx:TrackPointExtension></extensions></trkpt><trkpt lat="60.230238" lon="24.966043"><ele>26.4</ele><time>2026-04-22T06:28:19Z</time><extensions><gpxtpx:TrackPointExtension><gpxtpx:hr>81</gpxtpx:hr></gpxtpx:TrackPointExtension></extensions></trkpt><trkpt lat="60.230238" lon="24.966043"><ele>26.4</ele><time>2026-04-22T06:28:22Z</time><extensions><gpxtpx:TrackPointExtension><gpxtpx:hr>82</gpxtpx:hr></gpxtpx:TrackPointExtension></extensions></trkpt><trkpt lat="60.230238" lon="24.966043"><ele>26.4</ele><time>2026-04-22T06:28:27Z</time><extensions><gpxtpx:TrackPointExtension><gpxtpx:hr>85</gpxtpx:hr></gpxtpx:TrackPointExtension></extensions></trkpt><trkpt lat="60.230238" lon="24.966043"><ele>26.4</ele><time>2026-04-22T06:28:32Z</time><extensions><gpxtpx:TrackPointExtension><gpxtpx:hr>92</gpxtpx:hr></gpxtpx:TrackPointExtension></extensions></trkpt><trkpt lat="60.230238" lon="24.966043"><ele>26.4</ele><time>2026-04-22T06:28:38Z</time><extensions><gpxtpx:TrackPointExtension><gpxtpx:hr>99</gpxtpx:hr></gpxtpx:TrackPointExtension></extensions></trkpt><trkpt lat="60.230238" lon="24.966043"><ele>26.4</ele><time>2026-04-22T06:28:46Z</time><extensions><gpxtpx:TrackPointExtension><gpxtpx:hr>97</gpxtpx:hr></gpxtpx:TrackPointExtension></extensions></trkpt><trkpt lat="60.230238" lon="24.966043"><ele>26.4</ele><time>2026-04-22T06:28:51Z</time><extensions><gpxtpx:TrackPointExtension><gpxtpx:hr>96</gpxtpx:hr></gpxtpx:TrackPointExtension></extensions></trkpt><trkpt lat="60.230238" lon="24.966043"><ele>26.4</ele><time>2026-04-22T06:28:56Z</time><extensions><gpxtpx:TrackPointExtension><gpxtpx:hr>92</gpxtpx:hr></gpxtpx:TrackPointExtension></extensions></trkpt><trkpt lat="60.230238" lon="24.966043"><ele>26.4</ele><time>2026-04-22T06:28:57Z</time><extensions><gpxtpx:TrackPointExtension><gpxtpx:hr>93</gpxtpx:hr></gpxtpx:TrackPointExtension></extensions></trkpt><trkpt lat="60.230238" lon="24.966043"><ele>26.4</ele><time>2026-04-22T06:29:02Z</time><extensions><gpxtpx:TrackPointExtension><gpxtpx:hr>96</gpxtpx:hr></gpxtpx:TrackPointExtension></extensions></trkpt><trkpt lat="60.230238" lon="24.966043"><ele>26.4</ele><time>2026-04-22T06:29:11Z</time><extensions><gpxtpx:TrackPointExtension><gpxtpx:hr>95</gpxtpx:hr></gpxtpx:TrackPointExtension></extensions></trkpt><trkpt lat="60.230238" lon="24.966043"><ele>26.4</ele><time>2026-04-22T06:29:16Z</time><extensions><gpxtpx:TrackPointExtension><gpxtpx:hr>96</gpxtpx:hr></gpxtpx:TrackPointExtension></extensions></trkpt><trkpt lat="60.230238" lon="24.966043"><ele>26.4</ele><time>2026-04-22T06:29:17Z</time><extensions><gpxtpx:TrackPointExtension><gpxtpx:hr>96</gpxtpx:hr></gpxtpx:TrackPointExtension></extensions></trkpt><trkpt lat="60.230238" lon="24.966043"><ele>26.4</ele><time>2026-04-22T06:29:26Z</time><extensions><gpxtpx:TrackPointExtension><gpxtpx:hr>97</gpxtpx:hr></gpxtpx:TrackPointExtension></extensions></trkpt><trkpt lat="60.230238" lon="24.966043"><ele>26.4</ele><time>2026-04-22T06:29:28Z</time><extensions><gpxtpx:TrackPointExtension><gpxtpx:hr>95</gpxtpx:hr></gpxtpx:TrackPointExtension></extensions></trkpt><trkpt lat="60.230238" lon="24.966043"><ele>26.4</ele><time>2026-04-22T06:29:35Z</time><extensions><gpxtpx:TrackPointExtension><gpxtpx:hr>91</gpxtpx:hr></gpxtpx:TrackPointExtension></extensions></trkpt><trkpt lat="60.230238" lon="24.966043"><ele>26.4</ele><time>2026-04-22T06:29:41Z</time><extensions><gpxtpx:TrackPointExtension><gpxtpx:hr>87</gpxtpx:hr></gpxtpx:TrackPointExtension></extensions></trkpt><trkpt lat="60.230238" lon="24.966043"><ele>26.4</ele><time>2026-04-22T06:29:46Z</time><extensions><gpxtpx:TrackPointExtension><gpxtpx:hr>87</gpxtpx:hr></gpxtpx:TrackPointExtension></extensions></trkpt><trkpt lat="60.230238" lon="24.966043"><ele>26.4</ele><time>2026-04-22T06:29:48Z</time><extensions><gpxtpx:TrackPointExtension><gpxtpx:hr>87</gpxtpx:hr></gpxtpx:TrackPointExtension></extensions></trkpt><trkpt lat="60.230238" lon="24.966043"><ele>26.4</ele><time>2026-04-22T06:29:56Z</time><extensions><gpxtpx:TrackPointExtension><gpxtpx:hr>88</gpxtpx:hr></gpxtpx:TrackPointExtension></extensions></trkpt><trkpt lat="60.230238" lon="24.966043"><ele>26.4</ele><time>2026-04-22T06:29:57Z</time><extensions><gpxtpx:TrackPointExtension><gpxtpx:hr>88</gpxtpx:hr></gpxtpx:TrackPointExtension></extensions></trkpt><trkpt lat="60.230238" lon="24.966043"><ele>26.4</ele><time>2026-04-22T06:30:04Z</time><extensions><gpxtpx:TrackPointExtension><gpxtpx:hr>88</gpxtpx:hr></gpxtpx:TrackPointExtension></extensions></trkpt><trkpt lat="60.230238" lon="24.966043"><ele>26.4</ele><time>2026-04-22T06:30:11Z</time><extensions><gpxtpx:TrackPointExtension><gpxtpx:hr>87</gpxtpx:hr></gpxtpx:TrackPointExtension></extensions></trkpt><trkpt lat="60.230238" lon="24.966043"><ele>26.4</ele><time>2026-04-22T06:30:13Z</time><extensions><gpxtpx:TrackPointExtension><gpxtpx:hr>86</gpxtpx:hr></gpxtpx:TrackPointExtension></extensions></trkpt><trkpt lat="60.230238" lon="24.966043"><ele>26.4</ele><time>2026-04-22T06:30:21Z</time><extensions><gpxtpx:TrackPointExtension><gpxtpx:hr>84</gpxtpx:hr></gpxtpx:TrackPointExtension></extensions></trkpt><trkpt lat="60.230238" lon="24.966043"><ele>26.4</ele><time>2026-04-22T06:30:24Z</time><extensions><gpxtpx:TrackPointExtension><gpxtpx:hr>83</gpxtpx:hr></gpxtpx:TrackPointExtension></extensions></trkpt><trkpt lat="60.230238" lon="24.966043"><ele>26.4</ele><time>2026-04-22T06:30:28Z</time><extensions><gpxtpx:TrackPointExtension><gpxtpx:hr>81</gpxtpx:hr></gpxtpx:TrackPointExtension></extensions></trkpt><trkpt lat="60.230238" lon="24.966043"><ele>26.4</ele><time>2026-04-22T06:30:32Z</time><extensions><gpxtpx:TrackPointExtension><gpxtpx:hr>84</gpxtpx:hr></gpxtpx:TrackPointExtension></extensions></trkpt><trkpt lat="60.230238" lon="24.966043"><ele>26.4</ele><time>2026-04-22T06:30:41Z</time><extensions><gpxtpx:TrackPointExtension><gpxtpx:hr>93</gpxtpx:hr></gpxtpx:TrackPointExtension></extensions></trkpt><trkpt lat="60.230238" lon="24.966043"><ele>26.4</ele><time>2026-04-22T06:30:46Z</time><extensions><gpxtpx:TrackPointExtension><gpxtpx:hr>88</gpxtpx:hr></gpxtpx:TrackPointExtension></extensions></trkpt><trkpt lat="60.230238" lon="24.966043"><ele>26.4</ele><time>2026-04-22T06:30:47Z</time><extensions><gpxtpx:TrackPointExtension><gpxtpx:hr>88</gpxtpx:hr></gpxtpx:TrackPointExtension></extensions></trkpt><trkpt lat="60.230238" lon="24.966043"><ele>26.4</ele><time>2026-04-22T06:30:54Z</time><extensions><gpxtpx:TrackPointExtension><gpxtpx:hr>91</gpxtpx:hr></gpxtpx:TrackPointExtension></extensions></trkpt><trkpt lat="60.230238" lon="24.966043"><ele>26.4</ele><time>2026-04-22T06:31:01Z</time><extensions><gpxtpx:TrackPointExtension><gpxtpx:hr>82</gpxtpx:hr></gpxtpx:TrackPointExtension></extensions></trkpt><trkpt lat="60.230238" lon="24.966043"><ele>26.4</ele><time>2026-04-22T06:31:04Z</time><extensions><gpxtpx:TrackPointExtension><gpxtpx:hr>84</gpxtpx:hr></gpxtpx:TrackPointExtension></extensions></trkpt><trkpt lat="60.230238" lon="24.966043"><ele>26.4</ele><time>2026-04-22T06:31:11Z</time><extensions><gpxtpx:TrackPointExtension><gpxtpx:hr>80</gpxtpx:hr></gpxtpx:TrackPointExtension></extensions></trkpt><trkpt lat="60.230238" lon="24.966043"><ele>26.4</ele><time>2026-04-22T06:31:15Z</time><extensions><gpxtpx:TrackPointExtension><gpxtpx:hr>80</gpxtpx:hr></gpxtpx:TrackPointExtension></extensions></trkpt><trkpt lat="60.230238" lon="24.966043"><ele>26.4</ele><time>2026-04-22T06:31:20Z</time><extensions><gpxtpx:TrackPointExtension><gpxtpx:hr>80</gpxtpx:hr></gpxtpx:TrackPointExtension></extensions></trkpt><trkpt lat="60.230238" lon="24.966043"><ele>26.4</ele><time>2026-04-22T06:31:22Z</time><extensions><gpxtpx:TrackPointExtension><gpxtpx:hr>81</gpxtpx:hr></gpxtpx:TrackPointExtension></extensions></trkpt><trkpt lat="60.230238" lon="24.966043"><ele>26.4</ele><time>2026-04-22T06:31:28Z</time><extensions><gpxtpx:TrackPointExtension><gpxtpx:hr>78</gpxtpx:hr></gpxtpx:TrackPointExtension></extensions></trkpt><trkpt lat="60.230238" lon="24.966043"><ele>26.4</ele><time>2026-04-22T06:31:34Z</time><extensions><gpxtpx:TrackPointExtension><gpxtpx:hr>82</gpxtpx:hr></gpxtpx:TrackPointExtension></extensions></trkpt><trkpt lat="60.230238" lon="24.966043"><ele>26.4</ele><time>2026-04-22T06:31:39Z</time><extensions><gpxtpx:TrackPointExtension><gpxtpx:hr>85</gpxtpx:hr></gpxtpx:TrackPointExtension></extensions></trkpt><trkpt lat="60.230238" lon="24.966043"><ele>26.4</ele><time>2026-04-22T06:31:42Z</time><extensions><gpxtpx:TrackPointExtension><gpxtpx:hr>85</gpxtpx:hr></gpxtpx:TrackPointExtension></extensions></trkpt><trkpt lat="60.230238" lon="24.966043"><ele>26.4</ele><time>2026-04-22T06:31:51Z</time><extensions><gpxtpx:TrackPointExtension><gpxtpx:hr>88</gpxtpx:hr></gpxtpx:TrackPointExtension></extensions></trkpt><trkpt lat="60.230238" lon="24.966043"><ele>26.4</ele><time>2026-04-22T06:31:56Z</time><extensions><gpxtpx:TrackPointExtension><gpxtpx:hr>84</gpxtpx:hr></gpxtpx:TrackPointExtension></extensions></trkpt><trkpt lat="60.230238" lon="24.966043"><ele>26.4</ele><time>2026-04-22T06:31:58Z</time><extensions><gpxtpx:TrackPointExtension><gpxtpx:hr>85</gpxtpx:hr></gpxtpx:TrackPointExtension></extensions></trkpt><trkpt lat="60.230238" lon="24.966043"><ele>26.4</ele><time>2026-04-22T06:32:04Z</time><extensions><gpxtpx:TrackPointExtension><gpxtpx:hr>87</gpxtpx:hr></gpxtpx:TrackPointExtension></extensions></trkpt><trkpt lat="60.230238" lon="24.966043"><ele>26.4</ele><time>2026-04-22T06:32:07Z</time><extensions><gpxtpx:TrackPointExtension><gpxtpx:hr>87</gpxtpx:hr></gpxtpx:TrackPointExtension></extensions></trkpt><trkpt lat="60.230238" lon="24.966043"><ele>26.4</ele><time>2026-04-22T06:32:16Z</time><extensions><gpxtpx:TrackPointExtension><gpxtpx:hr>92</gpxtpx:hr></gpxtpx:TrackPointExtension></extensions></trkpt><trkpt lat="60.230238" lon="24.966043"><ele>26.4</ele><time>2026-04-22T06:32:21Z</time><extensions><gpxtpx:TrackPointExtension><gpxtpx:hr>88</gpxtpx:hr></gpxtpx:TrackPointExtension></extensions></trkpt><trkpt lat="60.230238" lon="24.966043"><ele>26.4</ele><time>2026-04-22T06:32:22Z</time><extensions><gpxtpx:TrackPointExtension><gpxtpx:hr>87</gpxtpx:hr></gpxtpx:TrackPointExtension></extensions></trkpt><trkpt lat="60.230238" lon="24.966043"><ele>26.4</ele><time>2026-04-22T06:32:29Z</time><extensions><gpxtpx:TrackPointExtension><gpxtpx:hr>79</gpxtpx:hr></gpxtpx:TrackPointExtension></extensions></trkpt><trkpt lat="60.230238" lon="24.966043"><ele>26.4</ele><time>2026-04-22T06:32:33Z</time><extensions><gpxtpx:TrackPointExtension><gpxtpx:hr>79</gpxtpx:hr></gpxtpx:TrackPointExtension></extensions></trkpt><trkpt lat="60.230238" lon="24.966043"><ele>26.4</ele><time>2026-04-22T06:32:37Z</time><extensions><gpxtpx:TrackPointExtension><gpxtpx:hr>78</gpxtpx:hr></gpxtpx:TrackPointExtension></extensions></trkpt><trkpt lat="60.230238" lon="24.966043"><ele>26.4</ele><time>2026-04-22T06:32:42Z</time><extensions><gpxtpx:TrackPointExtension><gpxtpx:hr>83</gpxtpx:hr></gpxtpx:TrackPointExtension></extensions></trkpt><trkpt lat="60.230238" lon="24.966043"><ele>26.4</ele><time>2026-04-22T06:32:51Z</time><extensions><gpxtpx:TrackPointExtension><gpxtpx:hr>92</gpxtpx:hr></gpxtpx:TrackPointExtension></extensions></trkpt><trkpt lat="60.230238" lon="24.966043"><ele>26.4</ele><time>2026-04-22T06:32:54Z</time><extensions><gpxtpx:TrackPointExtension><gpxtpx:hr>96</gpxtpx:hr></gpxtpx:TrackPointExtension></extensions></trkpt><trkpt lat="60.230238" lon="24.966043"><ele>26.4</ele><time>2026-04-22T06:33:01Z</time><extensions><gpxtpx:TrackPointExtension><gpxtpx:hr>97</gpxtpx:hr></gpxtpx:TrackPointExtension></extensions></trkpt><trkpt lat="60.230238" lon="24.966043"><ele>26.4</ele><time>2026-04-22T06:33:05Z</time><extensions><gpxtpx:TrackPointExtension><gpxtpx:hr>96</gpxtpx:hr></gpxtpx:TrackPointExtension></extensions></trkpt><trkpt lat="60.230238" lon="24.966043"><ele>26.4</ele><time>2026-04-22T06:33:07Z</time><extensions><gpxtpx:TrackPointExtension><gpxtpx:hr>96</gpxtpx:hr></gpxtpx:TrackPointExtension></extensions></trkpt><trkpt lat="60.230238" lon="24.966043"><ele>26.4</ele><time>2026-04-22T06:33:16Z</time><extensions><gpxtpx:TrackPointExtension><gpxtpx:hr>98</gpxtpx:hr></gpxtpx:TrackPointExtension></extensions></trkpt><trkpt lat="60.230238" lon="24.966043"><ele>26.4</ele><time>2026-04-22T06:33:19Z</time><extensions><gpxtpx:TrackPointExtension><gpxtpx:hr>97</gpxtpx:hr></gpxtpx:TrackPointExtension></extensions></trkpt><trkpt lat="60.230238" lon="24.966043"><ele>26.4</ele><time>2026-04-22T06:33:23Z</time><extensions><gpxtpx:TrackPointExtension><gpxtpx:hr>99</gpxtpx:hr></gpxtpx:TrackPointExtension></extensions></trkpt><trkpt lat="60.230238" lon="24.966043"><ele>26.4</ele><time>2026-04-22T06:33:27Z</time><extensions><gpxtpx:TrackPointExtension><gpxtpx:hr>98</gpxtpx:hr></gpxtpx:TrackPointExtension></extensions></trkpt><trkpt lat="60.230238" lon="24.966043"><ele>26.4</ele><time>2026-04-22T06:33:32Z</time><extensions><gpxtpx:TrackPointExtension><gpxtpx:hr>93</gpxtpx:hr></gpxtpx:TrackPointExtension></extensions></trkpt><trkpt lat="60.230238" lon="24.966043"><ele>26.4</ele><time>2026-04-22T06:33:41Z</time><extensions><gpxtpx:TrackPointExtension><gpxtpx:hr>92</gpxtpx:hr></gpxtpx:TrackPointExtension></extensions></trkpt><trkpt lat="60.230238" lon="24.966043"><ele>26.4</ele><time>2026-04-22T06:33:46Z</time><extensions><gpxtpx:TrackPointExtension><gpxtpx:hr>94</gpxtpx:hr></gpxtpx:TrackPointExtension></extensions></trkpt><trkpt lat="60.230238" lon="24.966043"><ele>26.4</ele><time>2026-04-22T06:33:51Z</time><extensions><gpxtpx:TrackPointExtension><gpxtpx:hr>93</gpxtpx:hr></gpxtpx:TrackPointExtension></extensions></trkpt><trkpt lat="60.230238" lon="24.966043"><ele>26.4</ele><time>2026-04-22T06:33:55Z</time><extensions><gpxtpx:TrackPointExtension><gpxtpx:hr>94</gpxtpx:hr></gpxtpx:TrackPointExtension></extensions></trkpt><trkpt lat="60.230238" lon="24.966043"><ele>26.4</ele><time>2026-04-22T06:33:57Z</time><extensions><gpxtpx:TrackPointExtension><gpxtpx:hr>94</gpxtpx:hr></gpxtpx:TrackPointExtension></extensions></trkpt><trkpt lat="60.230238" lon="24.966043"><ele>26.4</ele><time>2026-04-22T06:34:03Z</time><extensions><gpxtpx:TrackPointExtension><gpxtpx:hr>92</gpxtpx:hr></gpxtpx:TrackPointExtension></extensions></trkpt><trkpt lat="60.230238" lon="24.966043"><ele>26.4</ele><time>2026-04-22T06:34:11Z</time><extensions><gpxtpx:TrackPointExtension><gpxtpx:hr>89</gpxtpx:hr></gpxtpx:TrackPointExtension></extensions></trkpt><trkpt lat="60.230238" lon="24.966043"><ele>26.4</ele><time>2026-04-22T06:34:12Z</time><extensions><gpxtpx:TrackPointExtension><gpxtpx:hr>89</gpxtpx:hr></gpxtpx:TrackPointExtension></extensions></trkpt><trkpt lat="60.230238" lon="24.966043"><ele>26.4</ele><time>2026-04-22T06:34:21Z</time><extensions><gpxtpx:TrackPointExtension><gpxtpx:hr>89</gpxtpx:hr></gpxtpx:TrackPointExtension></extensions></trkpt><trkpt lat="60.230238" lon="24.966043"><ele>26.4</ele><time>2026-04-22T06:34:22Z</time><extensions><gpxtpx:TrackPointExtension><gpxtpx:hr>89</gpxtpx:hr></gpxtpx:TrackPointExtension></extensions></trkpt><trkpt lat="60.230238" lon="24.966043"><ele>26.4</ele><time>2026-04-22T06:34:31Z</time><extensions><gpxtpx:TrackPointExtension><gpxtpx:hr>94</gpxtpx:hr></gpxtpx:TrackPointExtension></extensions></trkpt><trkpt lat="60.230238" lon="24.966043"><ele>26.4</ele><time>2026-04-22T06:34:35Z</time><extensions><gpxtpx:TrackPointExtension><gpxtpx:hr>94</gpxtpx:hr></gpxtpx:TrackPointExtension></extensions></trkpt><trkpt lat="60.230238" lon="24.966043"><ele>26.4</ele><time>2026-04-22T06:34:37Z</time><extensions><gpxtpx:TrackPointExtension><gpxtpx:hr>94</gpxtpx:hr></gpxtpx:TrackPointExtension></extensions></trkpt><trkpt lat="60.230238" lon="24.966043"><ele>26.4</ele><time>2026-04-22T06:34:42Z</time><extensions><gpxtpx:TrackPointExtension><gpxtpx:hr>93</gpxtpx:hr></gpxtpx:TrackPointExtension></extensions></trkpt><trkpt lat="60.230238" lon="24.966043"><ele>26.4</ele><time>2026-04-22T06:34:47Z</time><extensions><gpxtpx:TrackPointExtension><gpxtpx:hr>93</gpxtpx:hr></gpxtpx:TrackPointExtension></extensions></trkpt><trkpt lat="60.230238" lon="24.966043"><ele>26.4</ele><time>2026-04-22T06:34:52Z</time><extensions><gpxtpx:TrackPointExtension><gpxtpx:hr>93</gpxtpx:hr></gpxtpx:TrackPointExtension></extensions></trkpt><trkpt lat="60.230238" lon="24.966043"><ele>26.4</ele><time>2026-04-22T06:35:01Z</time><extensions><gpxtpx:TrackPointExtension><gpxtpx:hr>97</gpxtpx:hr></gpxtpx:TrackPointExtension></extensions></trkpt><trkpt lat="60.230238" lon="24.966043"><ele>26.4</ele><time>2026-04-22T06:35:06Z</time><extensions><gpxtpx:TrackPointExtension><gpxtpx:hr>91</gpxtpx:hr></gpxtpx:TrackPointExtension></extensions></trkpt><trkpt lat="60.230238" lon="24.966043"><ele>26.4</ele><time>2026-04-22T06:35:09Z</time><extensions><gpxtpx:TrackPointExtension><gpxtpx:hr>87</gpxtpx:hr></gpxtpx:TrackPointExtension></extensions></trkpt><trkpt lat="60.230238" lon="24.966043"><ele>26.4</ele><time>2026-04-22T06:35:16Z</time><extensions><gpxtpx:TrackPointExtension><gpxtpx:hr>83</gpxtpx:hr></gpxtpx:TrackPointExtension></extensions></trkpt><trkpt lat="60.230238" lon="24.966043"><ele>26.4</ele><time>2026-04-22T06:35:21Z</time><extensions><gpxtpx:TrackPointExtension><gpxtpx:hr>82</gpxtpx:hr></gpxtpx:TrackPointExtension></extensions></trkpt><trkpt lat="60.230238" lon="24.966043"><ele>26.4</ele><time>2026-04-22T06:35:24Z</time><extensions><gpxtpx:TrackPointExtension><gpxtpx:hr>80</gpxtpx:hr></gpxtpx:TrackPointExtension></extensions></trkpt><trkpt lat="60.230238" lon="24.966043"><ele>26.4</ele><time>2026-04-22T06:35:27Z</time><extensions><gpxtpx:TrackPointExtension><gpxtpx:hr>80</gpxtpx:hr></gpxtpx:TrackPointExtension></extensions></trkpt><trkpt lat="60.230238" lon="24.966043"><ele>26.4</ele><time>2026-04-22T06:35:32Z</time><extensions><gpxtpx:TrackPointExtension><gpxtpx:hr>85</gpxtpx:hr></gpxtpx:TrackPointExtension></extensions></trkpt><trkpt lat="60.230238" lon="24.966043"><ele>26.4</ele><time>2026-04-22T06:35:41Z</time><extensions><gpxtpx:TrackPointExtension><gpxtpx:hr>83</gpxtpx:hr></gpxtpx:TrackPointExtension></extensions></trkpt><trkpt lat="60.230238" lon="24.966043"><ele>26.4</ele><time>2026-04-22T06:35:46Z</time><extensions><gpxtpx:TrackPointExtension><gpxtpx:hr>82</gpxtpx:hr></gpxtpx:TrackPointExtension></extensions></trkpt><trkpt lat="60.230238" lon="24.966043"><ele>26.4</ele><time>2026-04-22T06:35:51Z</time><extensions><gpxtpx:TrackPointExtension><gpxtpx:hr>81</gpxtpx:hr></gpxtpx:TrackPointExtension></extensions></trkpt><trkpt lat="60.230238" lon="24.966043"><ele>26.4</ele><time>2026-04-22T06:35:56Z</time><extensions><gpxtpx:TrackPointExtension><gpxtpx:hr>79</gpxtpx:hr></gpxtpx:TrackPointExtension></extensions></trkpt><trkpt lat="60.230238" lon="24.966043"><ele>26.4</ele><time>2026-04-22T06:36:00Z</time><extensions><gpxtpx:TrackPointExtension><gpxtpx:hr>80</gpxtpx:hr></gpxtpx:TrackPointExtension></extensions></trkpt><trkpt lat="60.230238" lon="24.966043"><ele>26.4</ele><time>2026-04-22T06:36:06Z</time><extensions><gpxtpx:TrackPointExtension><gpxtpx:hr>77</gpxtpx:hr></gpxtpx:TrackPointExtension></extensions></trkpt><trkpt lat="60.230238" lon="24.966043"><ele>26.4</ele><time>2026-04-22T06:36:09Z</time><extensions><gpxtpx:TrackPointExtension><gpxtpx:hr>78</gpxtpx:hr></gpxtpx:TrackPointExtension></extensions></trkpt><trkpt lat="60.230238" lon="24.966043"><ele>26.4</ele><time>2026-04-22T06:36:13Z</time><extensions><gpxtpx:TrackPointExtension><gpxtpx:hr>79</gpxtpx:hr></gpxtpx:TrackPointExtension></extensions></trkpt><trkpt lat="60.230238" lon="24.966043"><ele>26.4</ele><time>2026-04-22T06:36:20Z</time><extensions><gpxtpx:TrackPointExtension><gpxtpx:hr>75</gpxtpx:hr></gpxtpx:TrackPointExtension></extensions></trkpt><trkpt lat="60.230238" lon="24.966043"><ele>26.4</ele><time>2026-04-22T06:36:26Z</time><extensions><gpxtpx:TrackPointExtension><gpxtpx:hr>75</gpxtpx:hr></gpxtpx:TrackPointExtension></extensions></trkpt><trkpt lat="60.230238" lon="24.966043"><ele>26.4</ele><time>2026-04-22T06:36:29Z</time><extensions><gpxtpx:TrackPointExtension><gpxtpx:hr>75</gpxtpx:hr></gpxtpx:TrackPointExtension></extensions></trkpt><trkpt lat="60.230238" lon="24.966043"><ele>26.4</ele><time>2026-04-22T06:36:32Z</time><extensions><gpxtpx:TrackPointExtension><gpxtpx:hr>75</gpxtpx:hr></gpxtpx:TrackPointExtension></extensions></trkpt><trkpt lat="60.230238" lon="24.966043"><ele>26.4</ele><time>2026-04-22T06:36:38Z</time><extensions><gpxtpx:TrackPointExtension><gpxtpx:hr>75</gpxtpx:hr></gpxtpx:TrackPointExtension></extensions></trkpt><trkpt lat="60.230238" lon="24.966043"><ele>26.4</ele><time>2026-04-22T06:36:43Z</time><extensions><gpxtpx:TrackPointExtension><gpxtpx:hr>75</gpxtpx:hr></gpxtpx:TrackPointExtension></extensions></trkpt><trkpt lat="60.230238" lon="24.966043"><ele>26.4</ele><time>2026-04-22T06:36:51Z</time><extensions><gpxtpx:TrackPointExtension><gpxtpx:hr>77</gpxtpx:hr></gpxtpx:TrackPointExtension></extensions></trkpt><trkpt lat="60.230238" lon="24.966043"><ele>26.4</ele><time>2026-04-22T06:36:52Z</time><extensions><gpxtpx:TrackPointExtension><gpxtpx:hr>77</gpxtpx:hr></gpxtpx:TrackPointExtension></extensions></trkpt><trkpt lat="60.230238" lon="24.966043"><ele>26.4</ele><time>2026-04-22T06:37:01Z</time><extensions><gpxtpx:TrackPointExtension><gpxtpx:hr>77</gpxtpx:hr></gpxtpx:TrackPointExtension></extensions></trkpt><trkpt lat="60.230238" lon="24.966043"><ele>26.4</ele><time>2026-04-22T06:37:02Z</time><extensions><gpxtpx:TrackPointExtension><gpxtpx:hr>77</gpxtpx:hr></gpxtpx:TrackPointExtension></extensions></trkpt><trkpt lat="60.230238" lon="24.966043"><ele>26.4</ele><time>2026-04-22T06:37:10Z</time><extensions><gpxtpx:TrackPointExtension><gpxtpx:hr>77</gpxtpx:hr></gpxtpx:TrackPointExtension></extensions></trkpt><trkpt lat="60.230238" lon="24.966043"><ele>26.4</ele><time>2026-04-22T06:37:13Z</time><extensions><gpxtpx:TrackPointExtension><gpxtpx:hr>77</gpxtpx:hr></gpxtpx:TrackPointExtension></extensions></trkpt><trkpt lat="60.230238" lon="24.966043"><ele>26.4</ele><time>2026-04-22T06:37:19Z</time><extensions><gpxtpx:TrackPointExtension><gpxtpx:hr>78</gpxtpx:hr></gpxtpx:TrackPointExtension></extensions></trkpt><trkpt lat="60.230238" lon="24.966043"><ele>26.4</ele><time>2026-04-22T06:37:25Z</time><extensions><gpxtpx:TrackPointExtension><gpxtpx:hr>78</gpxtpx:hr></gpxtpx:TrackPointExtension></extensions></trkpt><trkpt lat="60.230238" lon="24.966043"><ele>26.4</ele><time>2026-04-22T06:37:30Z</time><extensions><gpxtpx:TrackPointExtension><gpxtpx:hr>78</gpxtpx:hr></gpxtpx:TrackPointExtension></extensions></trkpt><trkpt lat="60.230238" lon="24.966043"><ele>26.4</ele><time>2026-04-22T06:37:32Z</time><extensions><gpxtpx:TrackPointExtension><gpxtpx:hr>78</gpxtpx:hr></gpxtpx:TrackPointExtension></extensions></trkpt><trkpt lat="60.230238" lon="24.966043"><ele>26.4</ele><time>2026-04-22T06:37:37Z</time><extensions><gpxtpx:TrackPointExtension><gpxtpx:hr>85</gpxtpx:hr></gpxtpx:TrackPointExtension></extensions></trkpt><trkpt lat="60.230238" lon="24.966043"><ele>26.4</ele><time>2026-04-22T06:37:42Z</time><extensions><gpxtpx:TrackPointExtension><gpxtpx:hr>93</gpxtpx:hr></gpxtpx:TrackPointExtension></extensions></trkpt><trkpt lat="60.230238" lon="24.966043"><ele>26.4</ele><time>2026-04-22T06:37:47Z</time><extensions><gpxtpx:TrackPointExtension><gpxtpx:hr>102</gpxtpx:hr></gpxtpx:TrackPointExtension></extensions></trkpt><trkpt lat="60.230238" lon="24.966043"><ele>26.4</ele><time>2026-04-22T06:37:56Z</time><extensions><gpxtpx:TrackPointExtension><gpxtpx:hr>98</gpxtpx:hr></gpxtpx:TrackPointExtension></extensions></trkpt><trkpt lat="60.230238" lon="24.966043"><ele>26.4</ele><time>2026-04-22T06:38:01Z</time><extensions><gpxtpx:TrackPointExtension><gpxtpx:hr>97</gpxtpx:hr></gpxtpx:TrackPointExtension></extensions></trkpt><trkpt lat="60.230238" lon="24.966043"><ele>26.4</ele><time>2026-04-22T06:38:02Z</time><extensions><gpxtpx:TrackPointExtension><gpxtpx:hr>97</gpxtpx:hr></gpxtpx:TrackPointExtension></extensions></trkpt><trkpt lat="60.230238" lon="24.966043"><ele>26.4</ele><time>2026-04-22T06:38:07Z</time><extensions><gpxtpx:TrackPointExtension><gpxtpx:hr>97</gpxtpx:hr></gpxtpx:TrackPointExtension></extensions></trkpt><trkpt lat="60.230238" lon="24.966043"><ele>26.4</ele><time>2026-04-22T06:38:12Z</time><extensions><gpxtpx:TrackPointExtension><gpxtpx:hr>103</gpxtpx:hr></gpxtpx:TrackPointExtension></extensions></trkpt><trkpt lat="60.230238" lon="24.966043"><ele>26.4</ele><time>2026-04-22T06:38:21Z</time><extensions><gpxtpx:TrackPointExtension><gpxtpx:hr>104</gpxtpx:hr></gpxtpx:TrackPointExtension></extensions></trkpt><trkpt lat="60.230238" lon="24.966043"><ele>26.4</ele><time>2026-04-22T06:38:26Z</time><extensions><gpxtpx:TrackPointExtension><gpxtpx:hr>105</gpxtpx:hr></gpxtpx:TrackPointExtension></extensions></trkpt><trkpt lat="60.230238" lon="24.966043"><ele>26.4</ele><time>2026-04-22T06:38:31Z</time><extensions><gpxtpx:TrackPointExtension><gpxtpx:hr>102</gpxtpx:hr></gpxtpx:TrackPointExtension></extensions></trkpt><trkpt lat="60.230238" lon="24.966043"><ele>26.4</ele><time>2026-04-22T06:38:36Z</time><extensions><gpxtpx:TrackPointExtension><gpxtpx:hr>100</gpxtpx:hr></gpxtpx:TrackPointExtension></extensions></trkpt><trkpt lat="60.230238" lon="24.966043"><ele>26.4</ele><time>2026-04-22T06:38:41Z</time><extensions><gpxtpx:TrackPointExtension><gpxtpx:hr>97</gpxtpx:hr></gpxtpx:TrackPointExtension></extensions></trkpt><trkpt lat="60.230238" lon="24.966043"><ele>26.4</ele><time>2026-04-22T06:38:44Z</time><extensions><gpxtpx:TrackPointExtension><gpxtpx:hr>96</gpxtpx:hr></gpxtpx:TrackPointExtension></extensions></trkpt><trkpt lat="60.230238" lon="24.966043"><ele>26.4</ele><time>2026-04-22T06:38:47Z</time><extensions><gpxtpx:TrackPointExtension><gpxtpx:hr>97</gpxtpx:hr></gpxtpx:TrackPointExtension></extensions></trkpt><trkpt lat="60.230238" lon="24.966043"><ele>26.4</ele><time>2026-04-22T06:38:52Z</time><extensions><gpxtpx:TrackPointExtension><gpxtpx:hr>97</gpxtpx:hr></gpxtpx:TrackPointExtension></extensions></trkpt><trkpt lat="60.230238" lon="24.966043"><ele>26.4</ele><time>2026-04-22T06:38:59Z</time><extensions><gpxtpx:TrackPointExtension><gpxtpx:hr>96</gpxtpx:hr></gpxtpx:TrackPointExtension></extensions></trkpt><trkpt lat="60.230238" lon="24.966043"><ele>26.4</ele><time>2026-04-22T06:39:02Z</time><extensions><gpxtpx:TrackPointExtension><gpxtpx:hr>97</gpxtpx:hr></gpxtpx:TrackPointExtension></extensions></trkpt><trkpt lat="60.230238" lon="24.966043"><ele>26.4</ele><time>2026-04-22T06:39:07Z</time><extensions><gpxtpx:TrackPointExtension><gpxtpx:hr>103</gpxtpx:hr></gpxtpx:TrackPointExtension></extensions></trkpt><trkpt lat="60.230238" lon="24.966043"><ele>26.4</ele><time>2026-04-22T06:39:12Z</time><extensions><gpxtpx:TrackPointExtension><gpxtpx:hr>112</gpxtpx:hr></gpxtpx:TrackPointExtension></extensions></trkpt><trkpt lat="60.230238" lon="24.966043"><ele>26.4</ele><time>2026-04-22T06:39:21Z</time><extensions><gpxtpx:TrackPointExtension><gpxtpx:hr>119</gpxtpx:hr></gpxtpx:TrackPointExtension></extensions></trkpt><trkpt lat="60.230238" lon="24.966043"><ele>26.4</ele><time>2026-04-22T06:39:26Z</time><extensions><gpxtpx:TrackPointExtension><gpxtpx:hr>108</gpxtpx:hr></gpxtpx:TrackPointExtension></extensions></trkpt><trkpt lat="60.230238" lon="24.966043"><ele>26.4</ele><time>2026-04-22T06:39:30Z</time><extensions><gpxtpx:TrackPointExtension><gpxtpx:hr>102</gpxtpx:hr></gpxtpx:TrackPointExtension></extensions></trkpt><trkpt lat="60.230238" lon="24.966043"><ele>26.4</ele><time>2026-04-22T06:39:35Z</time><extensions><gpxtpx:TrackPointExtension><gpxtpx:hr>98</gpxtpx:hr></gpxtpx:TrackPointExtension></extensions></trkpt><trkpt lat="60.230238" lon="24.966043"><ele>26.4</ele><time>2026-04-22T06:39:41Z</time><extensions><gpxtpx:TrackPointExtension><gpxtpx:hr>95</gpxtpx:hr></gpxtpx:TrackPointExtension></extensions></trkpt><trkpt lat="60.230238" lon="24.966043"><ele>26.4</ele><time>2026-04-22T06:39:43Z</time><extensions><gpxtpx:TrackPointExtension><gpxtpx:hr>95</gpxtpx:hr></gpxtpx:TrackPointExtension></extensions></trkpt><trkpt lat="60.230238" lon="24.966043"><ele>26.4</ele><time>2026-04-22T06:39:49Z</time><extensions><gpxtpx:TrackPointExtension><gpxtpx:hr>94</gpxtpx:hr></gpxtpx:TrackPointExtension></extensions></trkpt><trkpt lat="60.230238" lon="24.966043"><ele>26.4</ele><time>2026-04-22T06:39:55Z</time><extensions><gpxtpx:TrackPointExtension><gpxtpx:hr>95</gpxtpx:hr></gpxtpx:TrackPointExtension></extensions></trkpt><trkpt lat="60.230238" lon="24.966043"><ele>26.4</ele><time>2026-04-22T06:39:57Z</time><extensions><gpxtpx:TrackPointExtension><gpxtpx:hr>96</gpxtpx:hr></gpxtpx:TrackPointExtension></extensions></trkpt><trkpt lat="60.230238" lon="24.966043"><ele>26.4</ele><time>2026-04-22T06:40:03Z</time><extensions><gpxtpx:TrackPointExtension><gpxtpx:hr>95</gpxtpx:hr></gpxtpx:TrackPointExtension></extensions></trkpt><trkpt lat="60.230238" lon="24.966043"><ele>26.4</ele><time>2026-04-22T06:40:11Z</time><extensions><gpxtpx:TrackPointExtension><gpxtpx:hr>92</gpxtpx:hr></gpxtpx:TrackPointExtension></extensions></trkpt><trkpt lat="60.230238" lon="24.966043"><ele>26.4</ele><time>2026-04-22T06:40:15Z</time><extensions><gpxtpx:TrackPointExtension><gpxtpx:hr>91</gpxtpx:hr></gpxtpx:TrackPointExtension></extensions></trkpt><trkpt lat="60.230238" lon="24.966043"><ele>26.4</ele><time>2026-04-22T06:40:17Z</time><extensions><gpxtpx:TrackPointExtension><gpxtpx:hr>91</gpxtpx:hr></gpxtpx:TrackPointExtension></extensions></trkpt><trkpt lat="60.230238" lon="24.966043"><ele>26.4</ele><time>2026-04-22T06:40:25Z</time><extensions><gpxtpx:TrackPointExtension><gpxtpx:hr>89</gpxtpx:hr></gpxtpx:TrackPointExtension></extensions></trkpt><trkpt lat="60.230238" lon="24.966043"><ele>26.4</ele><time>2026-04-22T06:40:27Z</time><extensions><gpxtpx:TrackPointExtension><gpxtpx:hr>90</gpxtpx:hr></gpxtpx:TrackPointExtension></extensions></trkpt><trkpt lat="60.230238" lon="24.966043"><ele>26.4</ele><time>2026-04-22T06:40:32Z</time><extensions><gpxtpx:TrackPointExtension><gpxtpx:hr>91</gpxtpx:hr></gpxtpx:TrackPointExtension></extensions></trkpt><trkpt lat="60.230238" lon="24.966043"><ele>26.4</ele><time>2026-04-22T06:40:41Z</time><extensions><gpxtpx:TrackPointExtension><gpxtpx:hr>90</gpxtpx:hr></gpxtpx:TrackPointExtension></extensions></trkpt><trkpt lat="60.230238" lon="24.966043"><ele>26.4</ele><time>2026-04-22T06:40:46Z</time><extensions><gpxtpx:TrackPointExtension><gpxtpx:hr>87</gpxtpx:hr></gpxtpx:TrackPointExtension></extensions></trkpt><trkpt lat="60.230238" lon="24.966043"><ele>26.4</ele><time>2026-04-22T06:40:51Z</time><extensions><gpxtpx:TrackPointExtension><gpxtpx:hr>87</gpxtpx:hr></gpxtpx:TrackPointExtension></extensions></trkpt><trkpt lat="60.230238" lon="24.966043"><ele>26.4</ele><time>2026-04-22T06:40:52Z</time><extensions><gpxtpx:TrackPointExtension><gpxtpx:hr>87</gpxtpx:hr></gpxtpx:TrackPointExtension></extensions></trkpt><trkpt lat="60.230238" lon="24.966043"><ele>26.4</ele><time>2026-04-22T06:40:57Z</time><extensions><gpxtpx:TrackPointExtension><gpxtpx:hr>88</gpxtpx:hr></gpxtpx:TrackPointExtension></extensions></trkpt><trkpt lat="60.230238" lon="24.966043"><ele>26.4</ele><time>2026-04-22T06:41:02Z</time><extensions><gpxtpx:TrackPointExtension><gpxtpx:hr>92</gpxtpx:hr></gpxtpx:TrackPointExtension></extensions></trkpt><trkpt lat="60.230238" lon="24.966043"><ele>26.4</ele><time>2026-04-22T06:41:07Z</time><extensions><gpxtpx:TrackPointExtension><gpxtpx:hr>105</gpxtpx:hr></gpxtpx:TrackPointExtension></extensions></trkpt><trkpt lat="60.230238" lon="24.966043"><ele>26.4</ele><time>2026-04-22T06:41:16Z</time><extensions><gpxtpx:TrackPointExtension><gpxtpx:hr>116</gpxtpx:hr></gpxtpx:TrackPointExtension></extensions></trkpt><trkpt lat="60.230238" lon="24.966043"><ele>26.4</ele><time>2026-04-22T06:41:21Z</time><extensions><gpxtpx:TrackPointExtension><gpxtpx:hr>112</gpxtpx:hr></gpxtpx:TrackPointExtension></extensions></trkpt><trkpt lat="60.230238" lon="24.966043"><ele>26.4</ele><time>2026-04-22T06:41:25Z</time><extensions><gpxtpx:TrackPointExtension><gpxtpx:hr>106</gpxtpx:hr></gpxtpx:TrackPointExtension></extensions></trkpt><trkpt lat="60.230238" lon="24.966043"><ele>26.4</ele><time>2026-04-22T06:41:27Z</time><extensions><gpxtpx:TrackPointExtension><gpxtpx:hr>104</gpxtpx:hr></gpxtpx:TrackPointExtension></extensions></trkpt><trkpt lat="60.230238" lon="24.966043"><ele>26.4</ele><time>2026-04-22T06:41:36Z</time><extensions><gpxtpx:TrackPointExtension><gpxtpx:hr>100</gpxtpx:hr></gpxtpx:TrackPointExtension></extensions></trkpt><trkpt lat="60.230238" lon="24.966043"><ele>26.4</ele><time>2026-04-22T06:41:41Z</time><extensions><gpxtpx:TrackPointExtension><gpxtpx:hr>99</gpxtpx:hr></gpxtpx:TrackPointExtension></extensions></trkpt><trkpt lat="60.230238" lon="24.966043"><ele>26.4</ele><time>2026-04-22T06:41:46Z</time><extensions><gpxtpx:TrackPointExtension><gpxtpx:hr>98</gpxtpx:hr></gpxtpx:TrackPointExtension></extensions></trkpt><trkpt lat="60.230238" lon="24.966043"><ele>26.4</ele><time>2026-04-22T06:41:47Z</time><extensions><gpxtpx:TrackPointExtension><gpxtpx:hr>99</gpxtpx:hr></gpxtpx:TrackPointExtension></extensions></trkpt><trkpt lat="60.230238" lon="24.966043"><ele>26.4</ele><time>2026-04-22T06:41:54Z</time><extensions><gpxtpx:TrackPointExtension><gpxtpx:hr>95</gpxtpx:hr></gpxtpx:TrackPointExtension></extensions></trkpt><trkpt lat="60.230238" lon="24.966043"><ele>26.4</ele><time>2026-04-22T06:42:00Z</time><extensions><gpxtpx:TrackPointExtension><gpxtpx:hr>94</gpxtpx:hr></gpxtpx:TrackPointExtension></extensions></trkpt><trkpt lat="60.230238" lon="24.966043"><ele>26.4</ele><time>2026-04-22T06:42:04Z</time><extensions><gpxtpx:TrackPointExtension><gpxtpx:hr>92</gpxtpx:hr></gpxtpx:TrackPointExtension></extensions></trkpt><trkpt lat="60.230238" lon="24.966043"><ele>26.4</ele><time>2026-04-22T06:42:09Z</time><extensions><gpxtpx:TrackPointExtension><gpxtpx:hr>91</gpxtpx:hr></gpxtpx:TrackPointExtension></extensions></trkpt><trkpt lat="60.230238" lon="24.966043"><ele>26.4</ele><time>2026-04-22T06:42:14Z</time><extensions><gpxtpx:TrackPointExtension><gpxtpx:hr>89</gpxtpx:hr></gpxtpx:TrackPointExtension></extensions></trkpt><trkpt lat="60.230238" lon="24.966043"><ele>26.4</ele><time>2026-04-22T06:42:20Z</time><extensions><gpxtpx:TrackPointExtension><gpxtpx:hr>88</gpxtpx:hr></gpxtpx:TrackPointExtension></extensions></trkpt><trkpt lat="60.230238" lon="24.966043"><ele>26.4</ele><time>2026-04-22T06:42:22Z</time><extensions><gpxtpx:TrackPointExtension><gpxtpx:hr>88</gpxtpx:hr></gpxtpx:TrackPointExtension></extensions></trkpt><trkpt lat="60.230238" lon="24.966043"><ele>26.4</ele><time>2026-04-22T06:42:31Z</time><extensions><gpxtpx:TrackPointExtension><gpxtpx:hr>89</gpxtpx:hr></gpxtpx:TrackPointExtension></extensions></trkpt><trkpt lat="60.230238" lon="24.966043"><ele>26.4</ele><time>2026-04-22T06:42:32Z</time><extensions><gpxtpx:TrackPointExtension><gpxtpx:hr>89</gpxtpx:hr></gpxtpx:TrackPointExtension></extensions></trkpt><trkpt lat="60.230238" lon="24.966043"><ele>26.4</ele><time>2026-04-22T06:42:39Z</time><extensions><gpxtpx:TrackPointExtension><gpxtpx:hr>89</gpxtpx:hr></gpxtpx:TrackPointExtension></extensions></trkpt><trkpt lat="60.230238" lon="24.966043"><ele>26.4</ele><time>2026-04-22T06:42:44Z</time><extensions><gpxtpx:TrackPointExtension><gpxtpx:hr>90</gpxtpx:hr></gpxtpx:TrackPointExtension></extensions></trkpt><trkpt lat="60.230238" lon="24.966043"><ele>26.4</ele><time>2026-04-22T06:42:51Z</time><extensions><gpxtpx:TrackPointExtension><gpxtpx:hr>87</gpxtpx:hr></gpxtpx:TrackPointExtension></extensions></trkpt><trkpt lat="60.230238" lon="24.966043"><ele>26.4</ele><time>2026-04-22T06:42:52Z</time><extensions><gpxtpx:TrackPointExtension><gpxtpx:hr>87</gpxtpx:hr></gpxtpx:TrackPointExtension></extensions></trkpt><trkpt lat="60.230238" lon="24.966043"><ele>26.4</ele><time>2026-04-22T06:42:57Z</time><extensions><gpxtpx:TrackPointExtension><gpxtpx:hr>95</gpxtpx:hr></gpxtpx:TrackPointExtension></extensions></trkpt><trkpt lat="60.230238" lon="24.966043"><ele>26.4</ele><time>2026-04-22T06:43:02Z</time><extensions><gpxtpx:TrackPointExtension><gpxtpx:hr>106</gpxtpx:hr></gpxtpx:TrackPointExtension></extensions></trkpt><trkpt lat="60.230238" lon="24.966043"><ele>26.4</ele><time>2026-04-22T06:43:11Z</time><extensions><gpxtpx:TrackPointExtension><gpxtpx:hr>113</gpxtpx:hr></gpxtpx:TrackPointExtension></extensions></trkpt><trkpt lat="60.230238" lon="24.966043"><ele>26.4</ele><time>2026-04-22T06:43:15Z</time><extensions><gpxtpx:TrackPointExtension><gpxtpx:hr>109</gpxtpx:hr></gpxtpx:TrackPointExtension></extensions></trkpt><trkpt lat="60.230238" lon="24.966043"><ele>26.4</ele><time>2026-04-22T06:43:17Z</time><extensions><gpxtpx:TrackPointExtension><gpxtpx:hr>108</gpxtpx:hr></gpxtpx:TrackPointExtension></extensions></trkpt><trkpt lat="60.230238" lon="24.966043"><ele>26.4</ele><time>2026-04-22T06:43:26Z</time><extensions><gpxtpx:TrackPointExtension><gpxtpx:hr>109</gpxtpx:hr></gpxtpx:TrackPointExtension></extensions></trkpt><trkpt lat="60.230238" lon="24.966043"><ele>26.4</ele><time>2026-04-22T06:43:30Z</time><extensions><gpxtpx:TrackPointExtension><gpxtpx:hr>108</gpxtpx:hr></gpxtpx:TrackPointExtension></extensions></trkpt><trkpt lat="60.230238" lon="24.966043"><ele>26.4</ele><time>2026-04-22T06:43:34Z</time><extensions><gpxtpx:TrackPointExtension><gpxtpx:hr>104</gpxtpx:hr></gpxtpx:TrackPointExtension></extensions></trkpt><trkpt lat="60.230238" lon="24.966043"><ele>26.4</ele><time>2026-04-22T06:43:37Z</time><extensions><gpxtpx:TrackPointExtension><gpxtpx:hr>102</gpxtpx:hr></gpxtpx:TrackPointExtension></extensions></trkpt><trkpt lat="60.230238" lon="24.966043"><ele>26.4</ele><time>2026-04-22T06:43:42Z</time><extensions><gpxtpx:TrackPointExtension><gpxtpx:hr>104</gpxtpx:hr></gpxtpx:TrackPointExtension></extensions></trkpt><trkpt lat="60.230238" lon="24.966043"><ele>26.4</ele><time>2026-04-22T06:43:50Z</time><extensions><gpxtpx:TrackPointExtension><gpxtpx:hr>110</gpxtpx:hr></gpxtpx:TrackPointExtension></extensions></trkpt><trkpt lat="60.230238" lon="24.966043"><ele>26.4</ele><time>2026-04-22T06:43:55Z</time><extensions><gpxtpx:TrackPointExtension><gpxtpx:hr>103</gpxtpx:hr></gpxtpx:TrackPointExtension></extensions></trkpt><trkpt lat="60.230238" lon="24.966043"><ele>26.4</ele><time>2026-04-22T06:43:57Z</time><extensions><gpxtpx:TrackPointExtension><gpxtpx:hr>101</gpxtpx:hr></gpxtpx:TrackPointExtension></extensions></trkpt><trkpt lat="60.230238" lon="24.966043"><ele>26.4</ele><time>2026-04-22T06:44:06Z</time><extensions><gpxtpx:TrackPointExtension><gpxtpx:hr>98</gpxtpx:hr></gpxtpx:TrackPointExtension></extensions></trkpt><trkpt lat="60.230238" lon="24.966043"><ele>26.4</ele><time>2026-04-22T06:44:10Z</time><extensions><gpxtpx:TrackPointExtension><gpxtpx:hr>96</gpxtpx:hr></gpxtpx:TrackPointExtension></extensions></trkpt><trkpt lat="60.230238" lon="24.966043"><ele>26.4</ele><time>2026-04-22T06:44:15Z</time><extensions><gpxtpx:TrackPointExtension><gpxtpx:hr>94</gpxtpx:hr></gpxtpx:TrackPointExtension></extensions></trkpt><trkpt lat="60.230238" lon="24.966043"><ele>26.4</ele><time>2026-04-22T06:44:20Z</time><extensions><gpxtpx:TrackPointExtension><gpxtpx:hr>95</gpxtpx:hr></gpxtpx:TrackPointExtension></extensions></trkpt><trkpt lat="60.230238" lon="24.966043"><ele>26.4</ele><time>2026-04-22T06:44:22Z</time><extensions><gpxtpx:TrackPointExtension><gpxtpx:hr>95</gpxtpx:hr></gpxtpx:TrackPointExtension></extensions></trkpt><trkpt lat="60.230238" lon="24.966043"><ele>26.4</ele><time>2026-04-22T06:44:29Z</time><extensions><gpxtpx:TrackPointExtension><gpxtpx:hr>97</gpxtpx:hr></gpxtpx:TrackPointExtension></extensions></trkpt><trkpt lat="60.230238" lon="24.966043"><ele>26.4</ele><time>2026-04-22T06:44:34Z</time><extensions><gpxtpx:TrackPointExtension><gpxtpx:hr>93</gpxtpx:hr></gpxtpx:TrackPointExtension></extensions></trkpt><trkpt lat="60.230238" lon="24.966043"><ele>26.4</ele><time>2026-04-22T06:44:40Z</time><extensions><gpxtpx:TrackPointExtension><gpxtpx:hr>95</gpxtpx:hr></gpxtpx:TrackPointExtension></extensions></trkpt><trkpt lat="60.230238" lon="24.966043"><ele>26.4</ele><time>2026-04-22T06:44:44Z</time><extensions><gpxtpx:TrackPointExtension><gpxtpx:hr>94</gpxtpx:hr></gpxtpx:TrackPointExtension></extensions></trkpt><trkpt lat="60.230238" lon="24.966043"><ele>26.4</ele><time>2026-04-22T06:44:48Z</time><extensions><gpxtpx:TrackPointExtension><gpxtpx:hr>94</gpxtpx:hr></gpxtpx:TrackPointExtension></extensions></trkpt><trkpt lat="60.230238" lon="24.966043"><ele>26.4</ele><time>2026-04-22T06:44:52Z</time><extensions><gpxtpx:TrackPointExtension><gpxtpx:hr>100</gpxtpx:hr></gpxtpx:TrackPointExtension></extensions></trkpt><trkpt lat="60.230238" lon="24.966043"><ele>26.4</ele><time>2026-04-22T06:45:01Z</time><extensions><gpxtpx:TrackPointExtension><gpxtpx:hr>107</gpxtpx:hr></gpxtpx:TrackPointExtension></extensions></trkpt><trkpt lat="60.230238" lon="24.966043"><ele>26.4</ele><time>2026-04-22T06:45:04Z</time><extensions><gpxtpx:TrackPointExtension><gpxtpx:hr>106</gpxtpx:hr></gpxtpx:TrackPointExtension></extensions></trkpt><trkpt lat="60.230238" lon="24.966043"><ele>26.4</ele><time>2026-04-22T06:45:11Z</time><extensions><gpxtpx:TrackPointExtension><gpxtpx:hr>97</gpxtpx:hr></gpxtpx:TrackPointExtension></extensions></trkpt><trkpt lat="60.230238" lon="24.966043"><ele>26.4</ele><time>2026-04-22T06:45:16Z</time><extensions><gpxtpx:TrackPointExtension><gpxtpx:hr>96</gpxtpx:hr></gpxtpx:TrackPointExtension></extensions></trkpt><trkpt lat="60.230238" lon="24.966043"><ele>26.4</ele><time>2026-04-22T06:45:20Z</time><extensions><gpxtpx:TrackPointExtension><gpxtpx:hr>93</gpxtpx:hr></gpxtpx:TrackPointExtension></extensions></trkpt><trkpt lat="60.230238" lon="24.966043"><ele>26.4</ele><time>2026-04-22T06:45:26Z</time><extensions><gpxtpx:TrackPointExtension><gpxtpx:hr>93</gpxtpx:hr></gpxtpx:TrackPointExtension></extensions></trkpt><trkpt lat="60.230238" lon="24.966043"><ele>26.4</ele><time>2026-04-22T06:45:31Z</time><extensions><gpxtpx:TrackPointExtension><gpxtpx:hr>92</gpxtpx:hr></gpxtpx:TrackPointExtension></extensions></trkpt><trkpt lat="60.230238" lon="24.966043"><ele>26.4</ele><time>2026-04-22T06:45:36Z</time><extensions><gpxtpx:TrackPointExtension><gpxtpx:hr>91</gpxtpx:hr></gpxtpx:TrackPointExtension></extensions></trkpt><trkpt lat="60.230238" lon="24.966043"><ele>26.4</ele><time>2026-04-22T06:45:37Z</time><extensions><gpxtpx:TrackPointExtension><gpxtpx:hr>91</gpxtpx:hr></gpxtpx:TrackPointExtension></extensions></trkpt><trkpt lat="60.230238" lon="24.966043"><ele>26.4</ele><time>2026-04-22T06:45:42Z</time><extensions><gpxtpx:TrackPointExtension><gpxtpx:hr>90</gpxtpx:hr></gpxtpx:TrackPointExtension></extensions></trkpt><trkpt lat="60.230238" lon="24.966043"><ele>26.4</ele><time>2026-04-22T06:45:47Z</time><extensions><gpxtpx:TrackPointExtension><gpxtpx:hr>88</gpxtpx:hr></gpxtpx:TrackPointExtension></extensions></trkpt><trkpt lat="60.230238" lon="24.966043"><ele>26.4</ele><time>2026-04-22T06:45:52Z</time><extensions><gpxtpx:TrackPointExtension><gpxtpx:hr>96</gpxtpx:hr></gpxtpx:TrackPointExtension></extensions></trkpt><trkpt lat="60.230238" lon="24.966043"><ele>26.4</ele><time>2026-04-22T06:46:01Z</time><extensions><gpxtpx:TrackPointExtension><gpxtpx:hr>105</gpxtpx:hr></gpxtpx:TrackPointExtension></extensions></trkpt><trkpt lat="60.230238" lon="24.966043"><ele>26.4</ele><time>2026-04-22T06:46:06Z</time><extensions><gpxtpx:TrackPointExtension><gpxtpx:hr>103</gpxtpx:hr></gpxtpx:TrackPointExtension></extensions></trkpt><trkpt lat="60.230238" lon="24.966043"><ele>26.4</ele><time>2026-04-22T06:46:11Z</time><extensions><gpxtpx:TrackPointExtension><gpxtpx:hr>100</gpxtpx:hr></gpxtpx:TrackPointExtension></extensions></trkpt><trkpt lat="60.230238" lon="24.966043"><ele>26.4</ele><time>2026-04-22T06:46:13Z</time><extensions><gpxtpx:TrackPointExtension><gpxtpx:hr>99</gpxtpx:hr></gpxtpx:TrackPointExtension></extensions></trkpt><trkpt lat="60.230238" lon="24.966043"><ele>26.4</ele><time>2026-04-22T06:46:19Z</time><extensions><gpxtpx:TrackPointExtension><gpxtpx:hr>101</gpxtpx:hr></gpxtpx:TrackPointExtension></extensions></trkpt><trkpt lat="60.230238" lon="24.966043"><ele>26.4</ele><time>2026-04-22T06:46:26Z</time><extensions><gpxtpx:TrackPointExtension><gpxtpx:hr>100</gpxtpx:hr></gpxtpx:TrackPointExtension></extensions></trkpt><trkpt lat="60.230238" lon="24.966043"><ele>26.4</ele><time>2026-04-22T06:46:28Z</time><extensions><gpxtpx:TrackPointExtension><gpxtpx:hr>99</gpxtpx:hr></gpxtpx:TrackPointExtension></extensions></trkpt><trkpt lat="60.230238" lon="24.966043"><ele>26.4</ele><time>2026-04-22T06:46:32Z</time><extensions><gpxtpx:TrackPointExtension><gpxtpx:hr>97</gpxtpx:hr></gpxtpx:TrackPointExtension></extensions></trkpt><trkpt lat="60.230238" lon="24.966043"><ele>26.4</ele><time>2026-04-22T06:46:41Z</time><extensions><gpxtpx:TrackPointExtension><gpxtpx:hr>102</gpxtpx:hr></gpxtpx:TrackPointExtension></extensions></trkpt><trkpt lat="60.230238" lon="24.966043"><ele>26.4</ele><time>2026-04-22T06:46:42Z</time><extensions><gpxtpx:TrackPointExtension><gpxtpx:hr>102</gpxtpx:hr></gpxtpx:TrackPointExtension></extensions></trkpt><trkpt lat="60.230238" lon="24.966043"><ele>26.4</ele><time>2026-04-22T06:46:50Z</time><extensions><gpxtpx:TrackPointExtension><gpxtpx:hr>100</gpxtpx:hr></gpxtpx:TrackPointExtension></extensions></trkpt><trkpt lat="60.230238" lon="24.966043"><ele>26.4</ele><time>2026-04-22T06:46:56Z</time><extensions><gpxtpx:TrackPointExtension><gpxtpx:hr>100</gpxtpx:hr></gpxtpx:TrackPointExtension></extensions></trkpt><trkpt lat="60.230238" lon="24.966043"><ele>26.4</ele><time>2026-04-22T06:46:57Z</time><extensions><gpxtpx:TrackPointExtension><gpxtpx:hr>100</gpxtpx:hr></gpxtpx:TrackPointExtension></extensions></trkpt><trkpt lat="60.230238" lon="24.966043"><ele>26.4</ele><time>2026-04-22T06:47:02Z</time><extensions><gpxtpx:TrackPointExtension><gpxtpx:hr>101</gpxtpx:hr></gpxtpx:TrackPointExtension></extensions></trkpt><trkpt lat="60.230238" lon="24.966043"><ele>26.4</ele><time>2026-04-22T06:47:07Z</time><extensions><gpxtpx:TrackPointExtension><gpxtpx:hr>103</gpxtpx:hr></gpxtpx:TrackPointExtension></extensions></trkpt><trkpt lat="60.230238" lon="24.966043"><ele>26.4</ele><time>2026-04-22T06:47:13Z</time><extensions><gpxtpx:TrackPointExtension><gpxtpx:hr>99</gpxtpx:hr></gpxtpx:TrackPointExtension></extensions></trkpt><trkpt lat="60.230238" lon="24.966043"><ele>26.4</ele><time>2026-04-22T06:47:21Z</time><extensions><gpxtpx:TrackPointExtension><gpxtpx:hr>97</gpxtpx:hr></gpxtpx:TrackPointExtension></extensions></trkpt><trkpt lat="60.230238" lon="24.966043"><ele>26.4</ele><time>2026-04-22T06:47:26Z</time><extensions><gpxtpx:TrackPointExtension><gpxtpx:hr>98</gpxtpx:hr></gpxtpx:TrackPointExtension></extensions></trkpt><trkpt lat="60.230238" lon="24.966043"><ele>26.4</ele><time>2026-04-22T06:47:27Z</time><extensions><gpxtpx:TrackPointExtension><gpxtpx:hr>98</gpxtpx:hr></gpxtpx:TrackPointExtension></extensions></trkpt><trkpt lat="60.230238" lon="24.966043"><ele>26.4</ele><time>2026-04-22T06:47:32Z</time><extensions><gpxtpx:TrackPointExtension><gpxtpx:hr>97</gpxtpx:hr></gpxtpx:TrackPointExtension></extensions></trkpt><trkpt lat="60.230238" lon="24.966043"><ele>26.4</ele><time>2026-04-22T06:47:41Z</time><extensions><gpxtpx:TrackPointExtension><gpxtpx:hr>99</gpxtpx:hr></gpxtpx:TrackPointExtension></extensions></trkpt><trkpt lat="60.230238" lon="24.966043"><ele>26.4</ele><time>2026-04-22T06:47:42Z</time><extensions><gpxtpx:TrackPointExtension><gpxtpx:hr>99</gpxtpx:hr></gpxtpx:TrackPointExtension></extensions></trkpt><trkpt lat="60.230238" lon="24.966043"><ele>26.4</ele><time>2026-04-22T06:47:47Z</time><extensions><gpxtpx:TrackPointExtension><gpxtpx:hr>98</gpxtpx:hr></gpxtpx:TrackPointExtension></extensions></trkpt><trkpt lat="60.230238" lon="24.966043"><ele>26.4</ele><time>2026-04-22T06:47:56Z</time><extensions><gpxtpx:TrackPointExtension><gpxtpx:hr>99</gpxtpx:hr></gpxtpx:TrackPointExtension></extensions></trkpt><trkpt lat="60.230238" lon="24.966043"><ele>26.4</ele><time>2026-04-22T06:47:59Z</time><extensions><gpxtpx:TrackPointExtension><gpxtpx:hr>97</gpxtpx:hr></gpxtpx:TrackPointExtension></extensions></trkpt><trkpt lat="60.230238" lon="24.966043"><ele>26.4</ele><time>2026-04-22T06:48:05Z</time><extensions><gpxtpx:TrackPointExtension><gpxtpx:hr>97</gpxtpx:hr></gpxtpx:TrackPointExtension></extensions></trkpt><trkpt lat="60.230238" lon="24.966043"><ele>26.4</ele><time>2026-04-22T06:48:07Z</time><extensions><gpxtpx:TrackPointExtension><gpxtpx:hr>99</gpxtpx:hr></gpxtpx:TrackPointExtension></extensions></trkpt><trkpt lat="60.230238" lon="24.966043"><ele>26.4</ele><time>2026-04-22T06:48:15Z</time><extensions><gpxtpx:TrackPointExtension><gpxtpx:hr>99</gpxtpx:hr></gpxtpx:TrackPointExtension></extensions></trkpt><trkpt lat="60.230238" lon="24.966043"><ele>26.4</ele><time>2026-04-22T06:48:18Z</time><extensions><gpxtpx:TrackPointExtension><gpxtpx:hr>98</gpxtpx:hr></gpxtpx:TrackPointExtension></extensions></trkpt><trkpt lat="60.230238" lon="24.966043"><ele>26.4</ele><time>2026-04-22T06:48:25Z</time><extensions><gpxtpx:TrackPointExtension><gpxtpx:hr>99</gpxtpx:hr></gpxtpx:TrackPointExtension></extensions></trkpt><trkpt lat="60.230238" lon="24.966043"><ele>26.4</ele><time>2026-04-22T06:48:27Z</time><extensions><gpxtpx:TrackPointExtension><gpxtpx:hr>99</gpxtpx:hr></gpxtpx:TrackPointExtension></extensions></trkpt><trkpt lat="60.230238" lon="24.966043"><ele>26.4</ele><time>2026-04-22T06:48:36Z</time><extensions><gpxtpx:TrackPointExtension><gpxtpx:hr>100</gpxtpx:hr></gpxtpx:TrackPointExtension></extensions></trkpt><trkpt lat="60.230238" lon="24.966043"><ele>26.4</ele><time>2026-04-22T06:48:37Z</time><extensions><gpxtpx:TrackPointExtension><gpxtpx:hr>99</gpxtpx:hr></gpxtpx:TrackPointExtension></extensions></trkpt><trkpt lat="60.230238" lon="24.966043"><ele>26.4</ele><time>2026-04-22T06:48:45Z</time><extensions><gpxtpx:TrackPointExtension><gpxtpx:hr>100</gpxtpx:hr></gpxtpx:TrackPointExtension></extensions></trkpt><trkpt lat="60.230238" lon="24.966043"><ele>26.4</ele><time>2026-04-22T06:48:47Z</time><extensions><gpxtpx:TrackPointExtension><gpxtpx:hr>99</gpxtpx:hr></gpxtpx:TrackPointExtension></extensions></trkpt><trkpt lat="60.230238" lon="24.966043"><ele>26.4</ele><time>2026-04-22T06:48:56Z</time><extensions><gpxtpx:TrackPointExtension><gpxtpx:hr>98</gpxtpx:hr></gpxtpx:TrackPointExtension></extensions></trkpt><trkpt lat="60.230238" lon="24.966043"><ele>26.4</ele><time>2026-04-22T06:48:59Z</time><extensions><gpxtpx:TrackPointExtension><gpxtpx:hr>98</gpxtpx:hr></gpxtpx:TrackPointExtension></extensions></trkpt><trkpt lat="60.230238" lon="24.966043"><ele>26.4</ele><time>2026-04-22T06:49:06Z</time><extensions><gpxtpx:TrackPointExtension><gpxtpx:hr>99</gpxtpx:hr></gpxtpx:TrackPointExtension></extensions></trkpt><trkpt lat="60.230238" lon="24.966043"><ele>26.4</ele><time>2026-04-22T06:49:10Z</time><extensions><gpxtpx:TrackPointExtension><gpxtpx:hr>100</gpxtpx:hr></gpxtpx:TrackPointExtension></extensions></trkpt><trkpt lat="60.230238" lon="24.966043"><ele>26.4</ele><time>2026-04-22T06:49:16Z</time><extensions><gpxtpx:TrackPointExtension><gpxtpx:hr>100</gpxtpx:hr></gpxtpx:TrackPointExtension></extensions></trkpt><trkpt lat="60.230238" lon="24.966043"><ele>26.4</ele><time>2026-04-22T06:49:21Z</time><extensions><gpxtpx:TrackPointExtension><gpxtpx:hr>102</gpxtpx:hr></gpxtpx:TrackPointExtension></extensions></trkpt><trkpt lat="60.230238" lon="24.966043"><ele>26.4</ele><time>2026-04-22T06:49:23Z</time><extensions><gpxtpx:TrackPointExtension><gpxtpx:hr>102</gpxtpx:hr></gpxtpx:TrackPointExtension></extensions></trkpt><trkpt lat="60.230238" lon="24.966043"><ele>26.4</ele><time>2026-04-22T06:49:27Z</time><extensions><gpxtpx:TrackPointExtension><gpxtpx:hr>102</gpxtpx:hr></gpxtpx:TrackPointExtension></extensions></trkpt><trkpt lat="60.230238" lon="24.966043"><ele>26.4</ele><time>2026-04-22T06:49:35Z</time><extensions><gpxtpx:TrackPointExtension><gpxtpx:hr>102</gpxtpx:hr></gpxtpx:TrackPointExtension></extensions></trkpt><trkpt lat="60.230238" lon="24.966043"><ele>26.4</ele><time>2026-04-22T06:49:41Z</time><extensions><gpxtpx:TrackPointExtension><gpxtpx:hr>102</gpxtpx:hr></gpxtpx:TrackPointExtension></extensions></trkpt><trkpt lat="60.230238" lon="24.966043"><ele>26.4</ele><time>2026-04-22T06:49:43Z</time><extensions><gpxtpx:TrackPointExtension><gpxtpx:hr>102</gpxtpx:hr></gpxtpx:TrackPointExtension></extensions></trkpt><trkpt lat="60.230238" lon="24.966043"><ele>26.4</ele><time>2026-04-22T06:49:48Z</time><extensions><gpxtpx:TrackPointExtension><gpxtpx:hr>101</gpxtpx:hr></gpxtpx:TrackPointExtension></extensions></trkpt><trkpt lat="60.230238" lon="24.966043"><ele>26.4</ele><time>2026-04-22T06:49:53Z</time><extensions><gpxtpx:TrackPointExtension><gpxtpx:hr>101</gpxtpx:hr></gpxtpx:TrackPointExtension></extensions></trkpt><trkpt lat="60.230238" lon="24.966043"><ele>26.4</ele><time>2026-04-22T06:49:57Z</time><extensions><gpxtpx:TrackPointExtension><gpxtpx:hr>101</gpxtpx:hr></gpxtpx:TrackPointExtension></extensions></trkpt><trkpt lat="60.230238" lon="24.966043"><ele>26.4</ele><time>2026-04-22T06:50:02Z</time><extensions><gpxtpx:TrackPointExtension><gpxtpx:hr>102</gpxtpx:hr></gpxtpx:TrackPointExtension></extensions></trkpt><trkpt lat="60.230238" lon="24.966043"><ele>26.4</ele><time>2026-04-22T06:50:11Z</time><extensions><gpxtpx:TrackPointExtension><gpxtpx:hr>104</gpxtpx:hr></gpxtpx:TrackPointExtension></extensions></trkpt><trkpt lat="60.230238" lon="24.966043"><ele>26.4</ele><time>2026-04-22T06:50:14Z</time><extensions><gpxtpx:TrackPointExtension><gpxtpx:hr>103</gpxtpx:hr></gpxtpx:TrackPointExtension></extensions></trkpt><trkpt lat="60.230238" lon="24.966043"><ele>26.4</ele><time>2026-04-22T06:50:17Z</time><extensions><gpxtpx:TrackPointExtension><gpxtpx:hr>103</gpxtpx:hr></gpxtpx:TrackPointExtension></extensions></trkpt><trkpt lat="60.230238" lon="24.966043"><ele>26.4</ele><time>2026-04-22T06:50:22Z</time><extensions><gpxtpx:TrackPointExtension><gpxtpx:hr>105</gpxtpx:hr></gpxtpx:TrackPointExtension></extensions></trkpt><trkpt lat="60.230238" lon="24.966043"><ele>26.4</ele><time>2026-04-22T06:50:31Z</time><extensions><gpxtpx:TrackPointExtension><gpxtpx:hr>103</gpxtpx:hr></gpxtpx:TrackPointExtension></extensions></trkpt><trkpt lat="60.230238" lon="24.966043"><ele>26.4</ele><time>2026-04-22T06:50:36Z</time><extensions><gpxtpx:TrackPointExtension><gpxtpx:hr>102</gpxtpx:hr></gpxtpx:TrackPointExtension></extensions></trkpt><trkpt lat="60.230238" lon="24.966043"><ele>26.4</ele><time>2026-04-22T06:50:38Z</time><extensions><gpxtpx:TrackPointExtension><gpxtpx:hr>102</gpxtpx:hr></gpxtpx:TrackPointExtension></extensions></trkpt><trkpt lat="60.230238" lon="24.966043"><ele>26.4</ele><time>2026-04-22T06:50:46Z</time><extensions><gpxtpx:TrackPointExtension><gpxtpx:hr>103</gpxtpx:hr></gpxtpx:TrackPointExtension></extensions></trkpt><trkpt lat="60.230238" lon="24.966043"><ele>26.4</ele><time>2026-04-22T06:50:49Z</time><extensions><gpxtpx:TrackPointExtension><gpxtpx:hr>104</gpxtpx:hr></gpxtpx:TrackPointExtension></extensions></trkpt><trkpt lat="60.230238" lon="24.966043"><ele>26.4</ele><time>2026-04-22T06:50:52Z</time><extensions><gpxtpx:TrackPointExtension><gpxtpx:hr>104</gpxtpx:hr></gpxtpx:TrackPointExtension></extensions></trkpt><trkpt lat="60.230238" lon="24.966043"><ele>26.4</ele><time>2026-04-22T06:51:01Z</time><extensions><gpxtpx:TrackPointExtension><gpxtpx:hr>103</gpxtpx:hr></gpxtpx:TrackPointExtension></extensions></trkpt><trkpt lat="60.230238" lon="24.966043"><ele>26.4</ele><time>2026-04-22T06:51:02Z</time><extensions><gpxtpx:TrackPointExtension><gpxtpx:hr>104</gpxtpx:hr></gpxtpx:TrackPointExtension></extensions></trkpt><trkpt lat="60.230238" lon="24.966043"><ele>26.4</ele><time>2026-04-22T06:51:10Z</time><extensions><gpxtpx:TrackPointExtension><gpxtpx:hr>104</gpxtpx:hr></gpxtpx:TrackPointExtension></extensions></trkpt><trkpt lat="60.230238" lon="24.966043"><ele>26.4</ele><time>2026-04-22T06:51:13Z</time><extensions><gpxtpx:TrackPointExtension><gpxtpx:hr>104</gpxtpx:hr></gpxtpx:TrackPointExtension></extensions></trkpt><trkpt lat="60.230238" lon="24.966043"><ele>26.4</ele><time>2026-04-22T06:51:21Z</time><extensions><gpxtpx:TrackPointExtension><gpxtpx:hr>104</gpxtpx:hr></gpxtpx:TrackPointExtension></extensions></trkpt><trkpt lat="60.230238" lon="24.966043"><ele>26.4</ele><time>2026-04-22T06:51:25Z</time><extensions><gpxtpx:TrackPointExtension><gpxtpx:hr>103</gpxtpx:hr></gpxtpx:TrackPointExtension></extensions></trkpt><trkpt lat="60.230238" lon="24.966043"><ele>26.4</ele><time>2026-04-22T06:51:27Z</time><extensions><gpxtpx:TrackPointExtension><gpxtpx:hr>103</gpxtpx:hr></gpxtpx:TrackPointExtension></extensions></trkpt><trkpt lat="60.230238" lon="24.966043"><ele>26.4</ele><time>2026-04-22T06:51:36Z</time><extensions><gpxtpx:TrackPointExtension><gpxtpx:hr>103</gpxtpx:hr></gpxtpx:TrackPointExtension></extensions></trkpt><trkpt lat="60.230238" lon="24.966043"><ele>26.4</ele><time>2026-04-22T06:51:37Z</time><extensions><gpxtpx:TrackPointExtension><gpxtpx:hr>104</gpxtpx:hr></gpxtpx:TrackPointExtension></extensions></trkpt><trkpt lat="60.230238" lon="24.966043"><ele>26.4</ele><time>2026-04-22T06:51:43Z</time><extensions><gpxtpx:TrackPointExtension><gpxtpx:hr>105</gpxtpx:hr></gpxtpx:TrackPointExtension></extensions></trkpt><trkpt lat="60.230238" lon="24.966043"><ele>26.4</ele><time>2026-04-22T06:51:47Z</time><extensions><gpxtpx:TrackPointExtension><gpxtpx:hr>104</gpxtpx:hr></gpxtpx:TrackPointExtension></extensions></trkpt><trkpt lat="60.230238" lon="24.966043"><ele>26.4</ele><time>2026-04-22T06:51:56Z</time><extensions><gpxtpx:TrackPointExtension><gpxtpx:hr>103</gpxtpx:hr></gpxtpx:TrackPointExtension></extensions></trkpt><trkpt lat="60.230238" lon="24.966043"><ele>26.4</ele><time>2026-04-22T06:51:59Z</time><extensions><gpxtpx:TrackPointExtension><gpxtpx:hr>103</gpxtpx:hr></gpxtpx:TrackPointExtension></extensions></trkpt><trkpt lat="60.230238" lon="24.966043"><ele>26.4</ele><time>2026-04-22T06:52:06Z</time><extensions><gpxtpx:TrackPointExtension><gpxtpx:hr>101</gpxtpx:hr></gpxtpx:TrackPointExtension></extensions></trkpt><trkpt lat="60.230238" lon="24.966043"><ele>26.4</ele><time>2026-04-22T06:52:07Z</time><extensions><gpxtpx:TrackPointExtension><gpxtpx:hr>101</gpxtpx:hr></gpxtpx:TrackPointExtension></extensions></trkpt><trkpt lat="60.230238" lon="24.966043"><ele>26.4</ele><time>2026-04-22T06:52:16Z</time><extensions><gpxtpx:TrackPointExtension><gpxtpx:hr>101</gpxtpx:hr></gpxtpx:TrackPointExtension></extensions></trkpt><trkpt lat="60.230238" lon="24.966043"><ele>26.4</ele><time>2026-04-22T06:52:18Z</time><extensions><gpxtpx:TrackPointExtension><gpxtpx:hr>100</gpxtpx:hr></gpxtpx:TrackPointExtension></extensions></trkpt><trkpt lat="60.230238" lon="24.966043"><ele>26.4</ele><time>2026-04-22T06:52:22Z</time><extensions><gpxtpx:TrackPointExtension><gpxtpx:hr>99</gpxtpx:hr></gpxtpx:TrackPointExtension></extensions></trkpt><trkpt lat="60.230238" lon="24.966043"><ele>26.4</ele><time>2026-04-22T06:52:30Z</time><extensions><gpxtpx:TrackPointExtension><gpxtpx:hr>100</gpxtpx:hr></gpxtpx:TrackPointExtension></extensions></trkpt><trkpt lat="60.230238" lon="24.966043"><ele>26.4</ele><time>2026-04-22T06:52:36Z</time><extensions><gpxtpx:TrackPointExtension><gpxtpx:hr>100</gpxtpx:hr></gpxtpx:TrackPointExtension></extensions></trkpt><trkpt lat="60.230238" lon="24.966043"><ele>26.4</ele><time>2026-04-22T06:52:41Z</time><extensions><gpxtpx:TrackPointExtension><gpxtpx:hr>99</gpxtpx:hr></gpxtpx:TrackPointExtension></extensions></trkpt><trkpt lat="60.230238" lon="24.966043"><ele>26.4</ele><time>2026-04-22T06:52:43Z</time><extensions><gpxtpx:TrackPointExtension><gpxtpx:hr>99</gpxtpx:hr></gpxtpx:TrackPointExtension></extensions></trkpt><trkpt lat="60.230238" lon="24.966043"><ele>26.4</ele><time>2026-04-22T06:52:49Z</time><extensions><gpxtpx:TrackPointExtension><gpxtpx:hr>101</gpxtpx:hr></gpxtpx:TrackPointExtension></extensions></trkpt><trkpt lat="60.230238" lon="24.966043"><ele>26.4</ele><time>2026-04-22T06:52:52Z</time><extensions><gpxtpx:TrackPointExtension><gpxtpx:hr>101</gpxtpx:hr></gpxtpx:TrackPointExtension></extensions></trkpt><trkpt lat="60.230238" lon="24.966043"><ele>26.4</ele><time>2026-04-22T06:53:01Z</time><extensions><gpxtpx:TrackPointExtension><gpxtpx:hr>99</gpxtpx:hr></gpxtpx:TrackPointExtension></extensions></trkpt><trkpt lat="60.230238" lon="24.966043"><ele>26.4</ele><time>2026-04-22T06:53:04Z</time><extensions><gpxtpx:TrackPointExtension><gpxtpx:hr>100</gpxtpx:hr></gpxtpx:TrackPointExtension></extensions></trkpt><trkpt lat="60.230238" lon="24.966043"><ele>26.4</ele><time>2026-04-22T06:53:07Z</time><extensions><gpxtpx:TrackPointExtension><gpxtpx:hr>100</gpxtpx:hr></gpxtpx:TrackPointExtension></extensions></trkpt><trkpt lat="60.230238" lon="24.966043"><ele>26.4</ele><time>2026-04-22T06:53:16Z</time><extensions><gpxtpx:TrackPointExtension><gpxtpx:hr>98</gpxtpx:hr></gpxtpx:TrackPointExtension></extensions></trkpt><trkpt lat="60.230238" lon="24.966043"><ele>26.4</ele><time>2026-04-22T06:53:17Z</time><extensions><gpxtpx:TrackPointExtension><gpxtpx:hr>98</gpxtpx:hr></gpxtpx:TrackPointExtension></extensions></trkpt><trkpt lat="60.230238" lon="24.966043"><ele>26.4</ele><time>2026-04-22T06:53:22Z</time><extensions><gpxtpx:TrackPointExtension><gpxtpx:hr>98</gpxtpx:hr></gpxtpx:TrackPointExtension></extensions></trkpt><trkpt lat="60.230238" lon="24.966043"><ele>26.4</ele><time>2026-04-22T06:53:31Z</time><extensions><gpxtpx:TrackPointExtension><gpxtpx:hr>98</gpxtpx:hr></gpxtpx:TrackPointExtension></extensions></trkpt><trkpt lat="60.230238" lon="24.966043"><ele>26.4</ele><time>2026-04-22T06:53:36Z</time><extensions><gpxtpx:TrackPointExtension><gpxtpx:hr>98</gpxtpx:hr></gpxtpx:TrackPointExtension></extensions></trkpt><trkpt lat="60.230238" lon="24.966043"><ele>26.4</ele><time>2026-04-22T06:53:37Z</time><extensions><gpxtpx:TrackPointExtension><gpxtpx:hr>98</gpxtpx:hr></gpxtpx:TrackPointExtension></extensions></trkpt><trkpt lat="60.230238" lon="24.966043"><ele>26.4</ele><time>2026-04-22T06:53:46Z</time><extensions><gpxtpx:TrackPointExtension><gpxtpx:hr>100</gpxtpx:hr></gpxtpx:TrackPointExtension></extensions></trkpt><trkpt lat="60.230238" lon="24.966043"><ele>26.4</ele><time>2026-04-22T06:53:48Z</time><extensions><gpxtpx:TrackPointExtension><gpxtpx:hr>101</gpxtpx:hr></gpxtpx:TrackPointExtension></extensions></trkpt><trkpt lat="60.230238" lon="24.966043"><ele>26.4</ele><time>2026-04-22T06:53:52Z</time><extensions><gpxtpx:TrackPointExtension><gpxtpx:hr>101</gpxtpx:hr></gpxtpx:TrackPointExtension></extensions></trkpt><trkpt lat="60.230238" lon="24.966043"><ele>26.4</ele><time>2026-04-22T06:53:57Z</time><extensions><gpxtpx:TrackPointExtension><gpxtpx:hr>100</gpxtpx:hr></gpxtpx:TrackPointExtension></extensions></trkpt><trkpt lat="60.230238" lon="24.966043"><ele>26.4</ele><time>2026-04-22T06:54:02Z</time><extensions><gpxtpx:TrackPointExtension><gpxtpx:hr>100</gpxtpx:hr></gpxtpx:TrackPointExtension></extensions></trkpt><trkpt lat="60.230238" lon="24.966043"><ele>26.4</ele><time>2026-04-22T06:54:07Z</time><extensions><gpxtpx:TrackPointExtension><gpxtpx:hr>100</gpxtpx:hr></gpxtpx:TrackPointExtension></extensions></trkpt><trkpt lat="60.230238" lon="24.966043"><ele>26.4</ele><time>2026-04-22T06:54:12Z</time><extensions><gpxtpx:TrackPointExtension><gpxtpx:hr>100</gpxtpx:hr></gpxtpx:TrackPointExtension></extensions></trkpt><trkpt lat="60.230238" lon="24.966043"><ele>26.4</ele><time>2026-04-22T06:54:19Z</time><extensions><gpxtpx:TrackPointExtension><gpxtpx:hr>101</gpxtpx:hr></gpxtpx:TrackPointExtension></extensions></trkpt><trkpt lat="60.230238" lon="24.966043"><ele>26.4</ele><time>2026-04-22T06:54:25Z</time><extensions><gpxtpx:TrackPointExtension><gpxtpx:hr>102</gpxtpx:hr></gpxtpx:TrackPointExtension></extensions></trkpt><trkpt lat="60.230238" lon="24.966043"><ele>26.4</ele><time>2026-04-22T06:54:29Z</time><extensions><gpxtpx:TrackPointExtension><gpxtpx:hr>102</gpxtpx:hr></gpxtpx:TrackPointExtension></extensions></trkpt><trkpt lat="60.230238" lon="24.966043"><ele>26.4</ele><time>2026-04-22T06:54:35Z</time><extensions><gpxtpx:TrackPointExtension><gpxtpx:hr>103</gpxtpx:hr></gpxtpx:TrackPointExtension></extensions></trkpt><trkpt lat="60.230238" lon="24.966043"><ele>26.4</ele><time>2026-04-22T06:54:40Z</time><extensions><gpxtpx:TrackPointExtension><gpxtpx:hr>103</gpxtpx:hr></gpxtpx:TrackPointExtension></extensions></trkpt><trkpt lat="60.230238" lon="24.966043"><ele>26.4</ele><time>2026-04-22T06:54:43Z</time><extensions><gpxtpx:TrackPointExtension><gpxtpx:hr>104</gpxtpx:hr></gpxtpx:TrackPointExtension></extensions></trkpt><trkpt lat="60.230238" lon="24.966043"><ele>26.4</ele><time>2026-04-22T06:54:47Z</time><extensions><gpxtpx:TrackPointExtension><gpxtpx:hr>104</gpxtpx:hr></gpxtpx:TrackPointExtension></extensions></trkpt><trkpt lat="60.230238" lon="24.966043"><ele>26.4</ele><time>2026-04-22T06:54:52Z</time><extensions><gpxtpx:TrackPointExtension><gpxtpx:hr>104</gpxtpx:hr></gpxtpx:TrackPointExtension></extensions></trkpt><trkpt lat="60.230238" lon="24.966043"><ele>26.4</ele><time>2026-04-22T06:54:58Z</time><extensions><gpxtpx:TrackPointExtension><gpxtpx:hr>102</gpxtpx:hr></gpxtpx:TrackPointExtension></extensions></trkpt><trkpt lat="60.230238" lon="24.966043"><ele>26.4</ele><time>2026-04-22T06:55:06Z</time><extensions><gpxtpx:TrackPointExtension><gpxtpx:hr>103</gpxtpx:hr></gpxtpx:TrackPointExtension></extensions></trkpt><trkpt lat="60.230238" lon="24.966043"><ele>26.4</ele><time>2026-04-22T06:55:08Z</time><extensions><gpxtpx:TrackPointExtension><gpxtpx:hr>104</gpxtpx:hr></gpxtpx:TrackPointExtension></extensions></trkpt><trkpt lat="60.230238" lon="24.966043"><ele>26.4</ele><time>2026-04-22T06:55:12Z</time><extensions><gpxtpx:TrackPointExtension><gpxtpx:hr>103</gpxtpx:hr></gpxtpx:TrackPointExtension></extensions></trkpt><trkpt lat="60.230238" lon="24.966043"><ele>26.4</ele><time>2026-04-22T06:55:21Z</time><extensions><gpxtpx:TrackPointExtension><gpxtpx:hr>101</gpxtpx:hr></gpxtpx:TrackPointExtension></extensions></trkpt><trkpt lat="60.230238" lon="24.966043"><ele>26.4</ele><time>2026-04-22T06:55:24Z</time><extensions><gpxtpx:TrackPointExtension><gpxtpx:hr>102</gpxtpx:hr></gpxtpx:TrackPointExtension></extensions></trkpt><trkpt lat="60.230238" lon="24.966043"><ele>26.4</ele><time>2026-04-22T06:55:27Z</time><extensions><gpxtpx:TrackPointExtension><gpxtpx:hr>103</gpxtpx:hr></gpxtpx:TrackPointExtension></extensions></trkpt><trkpt lat="60.230238" lon="24.966043"><ele>26.4</ele><time>2026-04-22T06:55:33Z</time><extensions><gpxtpx:TrackPointExtension><gpxtpx:hr>103</gpxtpx:hr></gpxtpx:TrackPointExtension></extensions></trkpt><trkpt lat="60.230238" lon="24.966043"><ele>26.4</ele><time>2026-04-22T06:55:41Z</time><extensions><gpxtpx:TrackPointExtension><gpxtpx:hr>103</gpxtpx:hr></gpxtpx:TrackPointExtension></extensions></trkpt><trkpt lat="60.230238" lon="24.966043"><ele>26.4</ele><time>2026-04-22T06:55:42Z</time><extensions><gpxtpx:TrackPointExtension><gpxtpx:hr>102</gpxtpx:hr></gpxtpx:TrackPointExtension></extensions></trkpt><trkpt lat="60.230238" lon="24.966043"><ele>26.4</ele><time>2026-04-22T06:55:51Z</time><extensions><gpxtpx:TrackPointExtension><gpxtpx:hr>100</gpxtpx:hr></gpxtpx:TrackPointExtension></extensions></trkpt><trkpt lat="60.230238" lon="24.966043"><ele>26.4</ele><time>2026-04-22T06:55:56Z</time><extensions><gpxtpx:TrackPointExtension><gpxtpx:hr>98</gpxtpx:hr></gpxtpx:TrackPointExtension></extensions></trkpt><trkpt lat="60.230238" lon="24.966043"><ele>26.4</ele><time>2026-04-22T06:55:57Z</time><extensions><gpxtpx:TrackPointExtension><gpxtpx:hr>98</gpxtpx:hr></gpxtpx:TrackPointExtension></extensions></trkpt><trkpt lat="60.230238" lon="24.966043"><ele>26.4</ele><time>2026-04-22T06:56:03Z</time><extensions><gpxtpx:TrackPointExtension><gpxtpx:hr>98</gpxtpx:hr></gpxtpx:TrackPointExtension></extensions></trkpt><trkpt lat="60.230238" lon="24.966043"><ele>26.4</ele><time>2026-04-22T06:56:07Z</time><extensions><gpxtpx:TrackPointExtension><gpxtpx:hr>99</gpxtpx:hr></gpxtpx:TrackPointExtension></extensions></trkpt><trkpt lat="60.230238" lon="24.966043"><ele>26.4</ele><time>2026-04-22T06:56:12Z</time><extensions><gpxtpx:TrackPointExtension><gpxtpx:hr>100</gpxtpx:hr></gpxtpx:TrackPointExtension></extensions></trkpt><trkpt lat="60.230238" lon="24.966043"><ele>26.4</ele><time>2026-04-22T06:56:17Z</time><extensions><gpxtpx:TrackPointExtension><gpxtpx:hr>101</gpxtpx:hr></gpxtpx:TrackPointExtension></extensions></trkpt><trkpt lat="60.230238" lon="24.966043"><ele>26.4</ele><time>2026-04-22T06:56:22Z</time><extensions><gpxtpx:TrackPointExtension><gpxtpx:hr>103</gpxtpx:hr></gpxtpx:TrackPointExtension></extensions></trkpt><trkpt lat="60.230238" lon="24.966043"><ele>26.4</ele><time>2026-04-22T06:56:28Z</time><extensions><gpxtpx:TrackPointExtension><gpxtpx:hr>100</gpxtpx:hr></gpxtpx:TrackPointExtension></extensions></trkpt><trkpt lat="60.230238" lon="24.966043"><ele>26.4</ele><time>2026-04-22T06:56:36Z</time><extensions><gpxtpx:TrackPointExtension><gpxtpx:hr>101</gpxtpx:hr></gpxtpx:TrackPointExtension></extensions></trkpt><trkpt lat="60.230238" lon="24.966043"><ele>26.4</ele><time>2026-04-22T06:56:40Z</time><extensions><gpxtpx:TrackPointExtension><gpxtpx:hr>100</gpxtpx:hr></gpxtpx:TrackPointExtension></extensions></trkpt><trkpt lat="60.230238" lon="24.966043"><ele>26.4</ele><time>2026-04-22T06:56:46Z</time><extensions><gpxtpx:TrackPointExtension><gpxtpx:hr>101</gpxtpx:hr></gpxtpx:TrackPointExtension></extensions></trkpt><trkpt lat="60.230238" lon="24.966043"><ele>26.4</ele><time>2026-04-22T06:56:51Z</time><extensions><gpxtpx:TrackPointExtension><gpxtpx:hr>102</gpxtpx:hr></gpxtpx:TrackPointExtension></extensions></trkpt><trkpt lat="60.230238" lon="24.966043"><ele>26.4</ele><time>2026-04-22T06:56:53Z</time><extensions><gpxtpx:TrackPointExtension><gpxtpx:hr>102</gpxtpx:hr></gpxtpx:TrackPointExtension></extensions></trkpt><trkpt lat="60.230238" lon="24.966043"><ele>26.4</ele><time>2026-04-22T06:56:59Z</time><extensions><gpxtpx:TrackPointExtension><gpxtpx:hr>102</gpxtpx:hr></gpxtpx:TrackPointExtension></extensions></trkpt><trkpt lat="60.230238" lon="24.966043"><ele>26.4</ele><time>2026-04-22T06:57:06Z</time><extensions><gpxtpx:TrackPointExtension><gpxtpx:hr>103</gpxtpx:hr></gpxtpx:TrackPointExtension></extensions></trkpt><trkpt lat="60.230238" lon="24.966043"><ele>26.4</ele><time>2026-04-22T06:57:11Z</time><extensions><gpxtpx:TrackPointExtension><gpxtpx:hr>102</gpxtpx:hr></gpxtpx:TrackPointExtension></extensions></trkpt><trkpt lat="60.230238" lon="24.966043"><ele>26.4</ele><time>2026-04-22T06:57:13Z</time><extensions><gpxtpx:TrackPointExtension><gpxtpx:hr>102</gpxtpx:hr></gpxtpx:TrackPointExtension></extensions></trkpt><trkpt lat="60.230238" lon="24.966043"><ele>26.4</ele><time>2026-04-22T06:57:21Z</time><extensions><gpxtpx:TrackPointExtension><gpxtpx:hr>103</gpxtpx:hr></gpxtpx:TrackPointExtension></extensions></trkpt><trkpt lat="60.230238" lon="24.966043"><ele>26.4</ele><time>2026-04-22T06:57:22Z</time><extensions><gpxtpx:TrackPointExtension><gpxtpx:hr>103</gpxtpx:hr></gpxtpx:TrackPointExtension></extensions></trkpt><trkpt lat="60.230238" lon="24.966043"><ele>26.4</ele><time>2026-04-22T06:57:28Z</time><extensions><gpxtpx:TrackPointExtension><gpxtpx:hr>103</gpxtpx:hr></gpxtpx:TrackPointExtension></extensions></trkpt></trkseg></trk></gpx>