<?xml version="1.0" encoding="UTF-8" standalone="no"?><gpx xmlns="http://www.topografix.com/GPX/1/1" xmlns:gpxtpx="http://www.garmin.com/xmlschemas/TrackPointExtension/v1" xmlns:xsi="http://www.w3.org/2001/XMLSchema-instance" creator="Sports Tracker" version="1.1" xsi:schemaLocation="http://www.topografix.com/GPX/1/1 http://www.topografix.com/GPX/1/1/gpx.xsd http://www.garmin.com/xmlschemas/TrackPointExtension/v1 http://www.garmin.com/xmlschemas/TrackPointExtensionv1.xsd"><metadata><name/><desc/><author><name>anttipehkonen240</name></author></metadata><trk><name/><trkseg><trkpt lat="0.0" lon="0.0"><time>2026-01-14T17:05:01Z</time><extensions><gpxtpx:TrackPointExtension><gpxtpx:hr>68</gpxtpx:hr></gpxtpx:TrackPointExtension></extensions></trkpt><trkpt lat="0.0" lon="0.0"><time>2026-01-14T17:05:06Z</time><extensions><gpxtpx:TrackPointExtension><gpxtpx:hr>68</gpxtpx:hr></gpxtpx:TrackPointExtension></extensions></trkpt><trkpt lat="0.0" lon="0.0"><time>2026-01-14T17:05:07Z</time><extensions><gpxtpx:TrackPointExtension><gpxtpx:hr>68</gpxtpx:hr></gpxtpx:TrackPointExtension></extensions></trkpt><trkpt lat="0.0" lon="0.0"><time>2026-01-14T17:05:14Z</time><extensions><gpxtpx:TrackPointExtension><gpxtpx:hr>68</gpxtpx:hr></gpxtpx:TrackPointExtension></extensions></trkpt><trkpt lat="0.0" lon="0.0"><time>2026-01-14T17:05:18Z</time><extensions><gpxtpx:TrackPointExtension><gpxtpx:hr>69</gpxtpx:hr></gpxtpx:TrackPointExtension></extensions></trkpt><trkpt lat="0.0" lon="0.0"><time>2026-01-14T17:05:22Z</time><extensions><gpxtpx:TrackPointExtension><gpxtpx:hr>70</gpxtpx:hr></gpxtpx:TrackPointExtension></extensions></trkpt><trkpt lat="0.0" lon="0.0"><time>2026-01-14T17:05:27Z</time><extensions><gpxtpx:TrackPointExtension><gpxtpx:hr>75</gpxtpx:hr></gpxtpx:TrackPointExtension></extensions></trkpt><trkpt lat="0.0" lon="0.0"><time>2026-01-14T17:05:51Z</time><extensions><gpxtpx:TrackPointExtension><gpxtpx:hr>83</gpxtpx:hr></gpxtpx:TrackPointExtension></extensions></trkpt><trkpt lat="0.0" lon="0.0"><time>2026-01-14T17:05:52Z</time><extensions><gpxtpx:TrackPointExtension><gpxtpx:hr>83</gpxtpx:hr></gpxtpx:TrackPointExtension></extensions></trkpt><trkpt lat="0.0" lon="0.0"><time>2026-01-14T17:06:07Z</time><extensions><gpxtpx:TrackPointExtension><gpxtpx:hr>79</gpxtpx:hr></gpxtpx:TrackPointExtension></extensions></trkpt><trkpt lat="0.0" lon="0.0"><time>2026-01-14T17:06:16Z</time><extensions><gpxtpx:TrackPointExtension><gpxtpx:hr>76</gpxtpx:hr></gpxtpx:TrackPointExtension></extensions></trkpt><trkpt lat="0.0" lon="0.0"><time>2026-01-14T17:06:17Z</time><extensions><gpxtpx:TrackPointExtension><gpxtpx:hr>78</gpxtpx:hr></gpxtpx:TrackPointExtension></extensions></trkpt><trkpt lat="0.0" lon="0.0"><time>2026-01-14T17:06:24Z</time><extensions><gpxtpx:TrackPointExtension><gpxtpx:hr>76</gpxtpx:hr></gpxtpx:TrackPointExtension></extensions></trkpt><trkpt lat="0.0" lon="0.0"><time>2026-01-14T17:06:28Z</time><extensions><gpxtpx:TrackPointExtension><gpxtpx:hr>81</gpxtpx:hr></gpxtpx:TrackPointExtension></extensions></trkpt><trkpt lat="0.0" lon="0.0"><time>2026-01-14T17:06:35Z</time><extensions><gpxtpx:TrackPointExtension><gpxtpx:hr>75</gpxtpx:hr></gpxtpx:TrackPointExtension></extensions></trkpt><trkpt lat="0.0" lon="0.0"><time>2026-01-14T17:06:41Z</time><extensions><gpxtpx:TrackPointExtension><gpxtpx:hr>76</gpxtpx:hr></gpxtpx:TrackPointExtension></extensions></trkpt><trkpt lat="0.0" lon="0.0"><time>2026-01-14T17:06:46Z</time><extensions><gpxtpx:TrackPointExtension><gpxtpx:hr>68</gpxtpx:hr></gpxtpx:TrackPointExtension></extensions></trkpt><trkpt lat="0.0" lon="0.0"><time>2026-01-14T17:06:51Z</time><extensions><gpxtpx:TrackPointExtension><gpxtpx:hr>66</gpxtpx:hr></gpxtpx:TrackPointExtension></extensions></trkpt><trkpt lat="0.0" lon="0.0"><time>2026-01-14T17:06:52Z</time><extensions><gpxtpx:TrackPointExtension><gpxtpx:hr>66</gpxtpx:hr></gpxtpx:TrackPointExtension></extensions></trkpt><trkpt lat="0.0" lon="0.0"><time>2026-01-14T17:06:59Z</time><extensions><gpxtpx:TrackPointExtension><gpxtpx:hr>68</gpxtpx:hr></gpxtpx:TrackPointExtension></extensions></trkpt><trkpt lat="0.0" lon="0.0"><time>2026-01-14T17:07:02Z</time><extensions><gpxtpx:TrackPointExtension><gpxtpx:hr>70</gpxtpx:hr></gpxtpx:TrackPointExtension></extensions></trkpt><trkpt lat="0.0" lon="0.0"><time>2026-01-14T17:07:07Z</time><extensions><gpxtpx:TrackPointExtension><gpxtpx:hr>71</gpxtpx:hr></gpxtpx:TrackPointExtension></extensions></trkpt><trkpt lat="0.0" lon="0.0"><time>2026-01-14T17:07:16Z</time><extensions><gpxtpx:TrackPointExtension><gpxtpx:hr>71</gpxtpx:hr></gpxtpx:TrackPointExtension></extensions></trkpt><trkpt lat="0.0" lon="0.0"><time>2026-01-14T17:07:21Z</time><extensions><gpxtpx:TrackPointExtension><gpxtpx:hr>69</gpxtpx:hr></gpxtpx:TrackPointExtension></extensions></trkpt><trkpt lat="0.0" lon="0.0"><time>2026-01-14T17:07:26Z</time><extensions><gpxtpx:TrackPointExtension><gpxtpx:hr>69</gpxtpx:hr></gpxtpx:TrackPointExtension></extensions></trkpt><trkpt lat="0.0" lon="0.0"><time>2026-01-14T17:07:27Z</time><extensions><gpxtpx:TrackPointExtension><gpxtpx:hr>69</gpxtpx:hr></gpxtpx:TrackPointExtension></extensions></trkpt><trkpt lat="0.0" lon="0.0"><time>2026-01-14T17:07:32Z</time><extensions><gpxtpx:TrackPointExtension><gpxtpx:hr>70</gpxtpx:hr></gpxtpx:TrackPointExtension></extensions></trkpt><trkpt lat="0.0" lon="0.0"><time>2026-01-14T17:07:41Z</time><extensions><gpxtpx:TrackPointExtension><gpxtpx:hr>79</gpxtpx:hr></gpxtpx:TrackPointExtension></extensions></trkpt><trkpt lat="0.0" lon="0.0"><time>2026-01-14T17:07:42Z</time><extensions><gpxtpx:TrackPointExtension><gpxtpx:hr>79</gpxtpx:hr></gpxtpx:TrackPointExtension></extensions></trkpt><trkpt lat="0.0" lon="0.0"><time>2026-01-14T17:07:51Z</time><extensions><gpxtpx:TrackPointExtension><gpxtpx:hr>80</gpxtpx:hr></gpxtpx:TrackPointExtension></extensions></trkpt><trkpt lat="0.0" lon="0.0"><time>2026-01-14T17:07:55Z</time><extensions><gpxtpx:TrackPointExtension><gpxtpx:hr>83</gpxtpx:hr></gpxtpx:TrackPointExtension></extensions></trkpt><trkpt lat="0.0" lon="0.0"><time>2026-01-14T17:07:57Z</time><extensions><gpxtpx:TrackPointExtension><gpxtpx:hr>84</gpxtpx:hr></gpxtpx:TrackPointExtension></extensions></trkpt><trkpt lat="0.0" lon="0.0"><time>2026-01-14T17:08:03Z</time><extensions><gpxtpx:TrackPointExtension><gpxtpx:hr>95</gpxtpx:hr></gpxtpx:TrackPointExtension></extensions></trkpt><trkpt lat="0.0" lon="0.0"><time>2026-01-14T17:08:08Z</time><extensions><gpxtpx:TrackPointExtension><gpxtpx:hr>97</gpxtpx:hr></gpxtpx:TrackPointExtension></extensions></trkpt><trkpt lat="0.0" lon="0.0"><time>2026-01-14T17:08:12Z</time><extensions><gpxtpx:TrackPointExtension><gpxtpx:hr>95</gpxtpx:hr></gpxtpx:TrackPointExtension></extensions></trkpt><trkpt lat="0.0" lon="0.0"><time>2026-01-14T17:08:19Z</time><extensions><gpxtpx:TrackPointExtension><gpxtpx:hr>94</gpxtpx:hr></gpxtpx:TrackPointExtension></extensions></trkpt><trkpt lat="0.0" lon="0.0"><time>2026-01-14T17:08:22Z</time><extensions><gpxtpx:TrackPointExtension><gpxtpx:hr>91</gpxtpx:hr></gpxtpx:TrackPointExtension></extensions></trkpt><trkpt lat="0.0" lon="0.0"><time>2026-01-14T17:08:31Z</time><extensions><gpxtpx:TrackPointExtension><gpxtpx:hr>93</gpxtpx:hr></gpxtpx:TrackPointExtension></extensions></trkpt><trkpt lat="0.0" lon="0.0"><time>2026-01-14T17:08:33Z</time><extensions><gpxtpx:TrackPointExtension><gpxtpx:hr>91</gpxtpx:hr></gpxtpx:TrackPointExtension></extensions></trkpt><trkpt lat="0.0" lon="0.0"><time>2026-01-14T17:08:41Z</time><extensions><gpxtpx:TrackPointExtension><gpxtpx:hr>90</gpxtpx:hr></gpxtpx:TrackPointExtension></extensions></trkpt><trkpt lat="0.0" lon="0.0"><time>2026-01-14T17:08:46Z</time><extensions><gpxtpx:TrackPointExtension><gpxtpx:hr>91</gpxtpx:hr></gpxtpx:TrackPointExtension></extensions></trkpt><trkpt lat="0.0" lon="0.0"><time>2026-01-14T17:08:47Z</time><extensions><gpxtpx:TrackPointExtension><gpxtpx:hr>90</gpxtpx:hr></gpxtpx:TrackPointExtension></extensions></trkpt><trkpt lat="0.0" lon="0.0"><time>2026-01-14T17:08:56Z</time><extensions><gpxtpx:TrackPointExtension><gpxtpx:hr>88</gpxtpx:hr></gpxtpx:TrackPointExtension></extensions></trkpt><trkpt lat="0.0" lon="0.0"><time>2026-01-14T17:08:58Z</time><extensions><gpxtpx:TrackPointExtension><gpxtpx:hr>87</gpxtpx:hr></gpxtpx:TrackPointExtension></extensions></trkpt><trkpt lat="0.0" lon="0.0"><time>2026-01-14T17:09:02Z</time><extensions><gpxtpx:TrackPointExtension><gpxtpx:hr>86</gpxtpx:hr></gpxtpx:TrackPointExtension></extensions></trkpt><trkpt lat="0.0" lon="0.0"><time>2026-01-14T17:09:07Z</time><extensions><gpxtpx:TrackPointExtension><gpxtpx:hr>88</gpxtpx:hr></gpxtpx:TrackPointExtension></extensions></trkpt><trkpt lat="0.0" lon="0.0"><time>2026-01-14T17:09:12Z</time><extensions><gpxtpx:TrackPointExtension><gpxtpx:hr>89</gpxtpx:hr></gpxtpx:TrackPointExtension></extensions></trkpt><trkpt lat="0.0" lon="0.0"><time>2026-01-14T17:09:21Z</time><extensions><gpxtpx:TrackPointExtension><gpxtpx:hr>86</gpxtpx:hr></gpxtpx:TrackPointExtension></extensions></trkpt><trkpt lat="0.0" lon="0.0"><time>2026-01-14T17:09:23Z</time><extensions><gpxtpx:TrackPointExtension><gpxtpx:hr>85</gpxtpx:hr></gpxtpx:TrackPointExtension></extensions></trkpt><trkpt lat="0.0" lon="0.0"><time>2026-01-14T17:09:27Z</time><extensions><gpxtpx:TrackPointExtension><gpxtpx:hr>83</gpxtpx:hr></gpxtpx:TrackPointExtension></extensions></trkpt><trkpt lat="0.0" lon="0.0"><time>2026-01-14T17:09:32Z</time><extensions><gpxtpx:TrackPointExtension><gpxtpx:hr>84</gpxtpx:hr></gpxtpx:TrackPointExtension></extensions></trkpt><trkpt lat="0.0" lon="0.0"><time>2026-01-14T17:09:41Z</time><extensions><gpxtpx:TrackPointExtension><gpxtpx:hr>86</gpxtpx:hr></gpxtpx:TrackPointExtension></extensions></trkpt><trkpt lat="0.0" lon="0.0"><time>2026-01-14T17:09:46Z</time><extensions><gpxtpx:TrackPointExtension><gpxtpx:hr>85</gpxtpx:hr></gpxtpx:TrackPointExtension></extensions></trkpt><trkpt lat="0.0" lon="0.0"><time>2026-01-14T17:09:51Z</time><extensions><gpxtpx:TrackPointExtension><gpxtpx:hr>80</gpxtpx:hr></gpxtpx:TrackPointExtension></extensions></trkpt><trkpt lat="0.0" lon="0.0"><time>2026-01-14T17:09:52Z</time><extensions><gpxtpx:TrackPointExtension><gpxtpx:hr>79</gpxtpx:hr></gpxtpx:TrackPointExtension></extensions></trkpt><trkpt lat="0.0" lon="0.0"><time>2026-01-14T17:09:57Z</time><extensions><gpxtpx:TrackPointExtension><gpxtpx:hr>79</gpxtpx:hr></gpxtpx:TrackPointExtension></extensions></trkpt><trkpt lat="0.0" lon="0.0"><time>2026-01-14T17:10:06Z</time><extensions><gpxtpx:TrackPointExtension><gpxtpx:hr>80</gpxtpx:hr></gpxtpx:TrackPointExtension></extensions></trkpt><trkpt lat="0.0" lon="0.0"><time>2026-01-14T17:10:11Z</time><extensions><gpxtpx:TrackPointExtension><gpxtpx:hr>79</gpxtpx:hr></gpxtpx:TrackPointExtension></extensions></trkpt><trkpt lat="0.0" lon="0.0"><time>2026-01-14T17:10:13Z</time><extensions><gpxtpx:TrackPointExtension><gpxtpx:hr>78</gpxtpx:hr></gpxtpx:TrackPointExtension></extensions></trkpt><trkpt lat="0.0" lon="0.0"><time>2026-01-14T17:10:17Z</time><extensions><gpxtpx:TrackPointExtension><gpxtpx:hr>79</gpxtpx:hr></gpxtpx:TrackPointExtension></extensions></trkpt><trkpt lat="0.0" lon="0.0"><time>2026-01-14T17:10:22Z</time><extensions><gpxtpx:TrackPointExtension><gpxtpx:hr>84</gpxtpx:hr></gpxtpx:TrackPointExtension></extensions></trkpt><trkpt lat="0.0" lon="0.0"><time>2026-01-14T17:10:31Z</time><extensions><gpxtpx:TrackPointExtension><gpxtpx:hr>84</gpxtpx:hr></gpxtpx:TrackPointExtension></extensions></trkpt><trkpt lat="0.0" lon="0.0"><time>2026-01-14T17:10:36Z</time><extensions><gpxtpx:TrackPointExtension><gpxtpx:hr>79</gpxtpx:hr></gpxtpx:TrackPointExtension></extensions></trkpt><trkpt lat="0.0" lon="0.0"><time>2026-01-14T17:10:41Z</time><extensions><gpxtpx:TrackPointExtension><gpxtpx:hr>78</gpxtpx:hr></gpxtpx:TrackPointExtension></extensions></trkpt><trkpt lat="0.0" lon="0.0"><time>2026-01-14T17:10:46Z</time><extensions><gpxtpx:TrackPointExtension><gpxtpx:hr>78</gpxtpx:hr></gpxtpx:TrackPointExtension></extensions></trkpt><trkpt lat="0.0" lon="0.0"><time>2026-01-14T17:10:49Z</time><extensions><gpxtpx:TrackPointExtension><gpxtpx:hr>79</gpxtpx:hr></gpxtpx:TrackPointExtension></extensions></trkpt><trkpt lat="0.0" lon="0.0"><time>2026-01-14T17:10:52Z</time><extensions><gpxtpx:TrackPointExtension><gpxtpx:hr>78</gpxtpx:hr></gpxtpx:TrackPointExtension></extensions></trkpt><trkpt lat="0.0" lon="0.0"><time>2026-01-14T17:10:57Z</time><extensions><gpxtpx:TrackPointExtension><gpxtpx:hr>78</gpxtpx:hr></gpxtpx:TrackPointExtension></extensions></trkpt><trkpt lat="0.0" lon="0.0"><time>2026-01-14T17:11:06Z</time><extensions><gpxtpx:TrackPointExtension><gpxtpx:hr>76</gpxtpx:hr></gpxtpx:TrackPointExtension></extensions></trkpt><trkpt lat="0.0" lon="0.0"><time>2026-01-14T17:11:11Z</time><extensions><gpxtpx:TrackPointExtension><gpxtpx:hr>77</gpxtpx:hr></gpxtpx:TrackPointExtension></extensions></trkpt><trkpt lat="0.0" lon="0.0"><time>2026-01-14T17:11:16Z</time><extensions><gpxtpx:TrackPointExtension><gpxtpx:hr>76</gpxtpx:hr></gpxtpx:TrackPointExtension></extensions></trkpt><trkpt lat="0.0" lon="0.0"><time>2026-01-14T17:11:21Z</time><extensions><gpxtpx:TrackPointExtension><gpxtpx:hr>74</gpxtpx:hr></gpxtpx:TrackPointExtension></extensions></trkpt><trkpt lat="0.0" lon="0.0"><time>2026-01-14T17:11:25Z</time><extensions><gpxtpx:TrackPointExtension><gpxtpx:hr>73</gpxtpx:hr></gpxtpx:TrackPointExtension></extensions></trkpt><trkpt lat="0.0" lon="0.0"><time>2026-01-14T17:11:27Z</time><extensions><gpxtpx:TrackPointExtension><gpxtpx:hr>73</gpxtpx:hr></gpxtpx:TrackPointExtension></extensions></trkpt><trkpt lat="0.0" lon="0.0"><time>2026-01-14T17:11:36Z</time><extensions><gpxtpx:TrackPointExtension><gpxtpx:hr>68</gpxtpx:hr></gpxtpx:TrackPointExtension></extensions></trkpt><trkpt lat="0.0" lon="0.0"><time>2026-01-14T17:11:41Z</time><extensions><gpxtpx:TrackPointExtension><gpxtpx:hr>67</gpxtpx:hr></gpxtpx:TrackPointExtension></extensions></trkpt><trkpt lat="0.0" lon="0.0"><time>2026-01-14T17:11:42Z</time><extensions><gpxtpx:TrackPointExtension><gpxtpx:hr>66</gpxtpx:hr></gpxtpx:TrackPointExtension></extensions></trkpt><trkpt lat="0.0" lon="0.0"><time>2026-01-14T17:11:51Z</time><extensions><gpxtpx:TrackPointExtension><gpxtpx:hr>73</gpxtpx:hr></gpxtpx:TrackPointExtension></extensions></trkpt><trkpt lat="0.0" lon="0.0"><time>2026-01-14T17:11:56Z</time><extensions><gpxtpx:TrackPointExtension><gpxtpx:hr>74</gpxtpx:hr></gpxtpx:TrackPointExtension></extensions></trkpt><trkpt lat="0.0" lon="0.0"><time>2026-01-14T17:12:01Z</time><extensions><gpxtpx:TrackPointExtension><gpxtpx:hr>71</gpxtpx:hr></gpxtpx:TrackPointExtension></extensions></trkpt><trkpt lat="0.0" lon="0.0"><time>2026-01-14T17:12:04Z</time><extensions><gpxtpx:TrackPointExtension><gpxtpx:hr>70</gpxtpx:hr></gpxtpx:TrackPointExtension></extensions></trkpt><trkpt lat="0.0" lon="0.0"><time>2026-01-14T17:12:07Z</time><extensions><gpxtpx:TrackPointExtension><gpxtpx:hr>71</gpxtpx:hr></gpxtpx:TrackPointExtension></extensions></trkpt><trkpt lat="0.0" lon="0.0"><time>2026-01-14T17:12:14Z</time><extensions><gpxtpx:TrackPointExtension><gpxtpx:hr>70</gpxtpx:hr></gpxtpx:TrackPointExtension></extensions></trkpt><trkpt lat="0.0" lon="0.0"><time>2026-01-14T17:12:17Z</time><extensions><gpxtpx:TrackPointExtension><gpxtpx:hr>67</gpxtpx:hr></gpxtpx:TrackPointExtension></extensions></trkpt><trkpt lat="0.0" lon="0.0"><time>2026-01-14T17:12:22Z</time><extensions><gpxtpx:TrackPointExtension><gpxtpx:hr>65</gpxtpx:hr></gpxtpx:TrackPointExtension></extensions></trkpt><trkpt lat="0.0" lon="0.0"><time>2026-01-14T17:12:30Z</time><extensions><gpxtpx:TrackPointExtension><gpxtpx:hr>68</gpxtpx:hr></gpxtpx:TrackPointExtension></extensions></trkpt><trkpt lat="0.0" lon="0.0"><time>2026-01-14T17:12:32Z</time><extensions><gpxtpx:TrackPointExtension><gpxtpx:hr>69</gpxtpx:hr></gpxtpx:TrackPointExtension></extensions></trkpt><trkpt lat="0.0" lon="0.0"><time>2026-01-14T17:12:37Z</time><extensions><gpxtpx:TrackPointExtension><gpxtpx:hr>70</gpxtpx:hr></gpxtpx:TrackPointExtension></extensions></trkpt><trkpt lat="0.0" lon="0.0"><time>2026-01-14T17:12:45Z</time><extensions><gpxtpx:TrackPointExtension><gpxtpx:hr>70</gpxtpx:hr></gpxtpx:TrackPointExtension></extensions></trkpt><trkpt lat="0.0" lon="0.0"><time>2026-01-14T17:12:51Z</time><extensions><gpxtpx:TrackPointExtension><gpxtpx:hr>73</gpxtpx:hr></gpxtpx:TrackPointExtension></extensions></trkpt><trkpt lat="0.0" lon="0.0"><time>2026-01-14T17:12:52Z</time><extensions><gpxtpx:TrackPointExtension><gpxtpx:hr>73</gpxtpx:hr></gpxtpx:TrackPointExtension></extensions></trkpt><trkpt lat="0.0" lon="0.0"><time>2026-01-14T17:13:01Z</time><extensions><gpxtpx:TrackPointExtension><gpxtpx:hr>74</gpxtpx:hr></gpxtpx:TrackPointExtension></extensions></trkpt><trkpt lat="0.0" lon="0.0"><time>2026-01-14T17:13:02Z</time><extensions><gpxtpx:TrackPointExtension><gpxtpx:hr>74</gpxtpx:hr></gpxtpx:TrackPointExtension></extensions></trkpt><trkpt lat="0.0" lon="0.0"><time>2026-01-14T17:13:11Z</time><extensions><gpxtpx:TrackPointExtension><gpxtpx:hr>74</gpxtpx:hr></gpxtpx:TrackPointExtension></extensions></trkpt><trkpt lat="0.0" lon="0.0"><time>2026-01-14T17:13:15Z</time><extensions><gpxtpx:TrackPointExtension><gpxtpx:hr>73</gpxtpx:hr></gpxtpx:TrackPointExtension></extensions></trkpt><trkpt lat="0.0" lon="0.0"><time>2026-01-14T17:13:17Z</time><extensions><gpxtpx:TrackPointExtension><gpxtpx:hr>74</gpxtpx:hr></gpxtpx:TrackPointExtension></extensions></trkpt><trkpt lat="0.0" lon="0.0"><time>2026-01-14T17:13:22Z</time><extensions><gpxtpx:TrackPointExtension><gpxtpx:hr>74</gpxtpx:hr></gpxtpx:TrackPointExtension></extensions></trkpt><trkpt lat="0.0" lon="0.0"><time>2026-01-14T17:13:31Z</time><extensions><gpxtpx:TrackPointExtension><gpxtpx:hr>72</gpxtpx:hr></gpxtpx:TrackPointExtension></extensions></trkpt><trkpt lat="0.0" lon="0.0"><time>2026-01-14T17:13:34Z</time><extensions><gpxtpx:TrackPointExtension><gpxtpx:hr>70</gpxtpx:hr></gpxtpx:TrackPointExtension></extensions></trkpt><trkpt lat="0.0" lon="0.0"><time>2026-01-14T17:13:37Z</time><extensions><gpxtpx:TrackPointExtension><gpxtpx:hr>69</gpxtpx:hr></gpxtpx:TrackPointExtension></extensions></trkpt><trkpt lat="0.0" lon="0.0"><time>2026-01-14T17:13:46Z</time><extensions><gpxtpx:TrackPointExtension><gpxtpx:hr>70</gpxtpx:hr></gpxtpx:TrackPointExtension></extensions></trkpt><trkpt lat="0.0" lon="0.0"><time>2026-01-14T17:13:51Z</time><extensions><gpxtpx:TrackPointExtension><gpxtpx:hr>70</gpxtpx:hr></gpxtpx:TrackPointExtension></extensions></trkpt><trkpt lat="0.0" lon="0.0"><time>2026-01-14T17:13:56Z</time><extensions><gpxtpx:TrackPointExtension><gpxtpx:hr>70</gpxtpx:hr></gpxtpx:TrackPointExtension></extensions></trkpt><trkpt lat="0.0" lon="0.0"><time>2026-01-14T17:13:58Z</time><extensions><gpxtpx:TrackPointExtension><gpxtpx:hr>71</gpxtpx:hr></gpxtpx:TrackPointExtension></extensions></trkpt><trkpt lat="0.0" lon="0.0"><time>2026-01-14T17:14:03Z</time><extensions><gpxtpx:TrackPointExtension><gpxtpx:hr>72</gpxtpx:hr></gpxtpx:TrackPointExtension></extensions></trkpt><trkpt lat="0.0" lon="0.0"><time>2026-01-14T17:14:07Z</time><extensions><gpxtpx:TrackPointExtension><gpxtpx:hr>72</gpxtpx:hr></gpxtpx:TrackPointExtension></extensions></trkpt><trkpt lat="0.0" lon="0.0"><time>2026-01-14T17:14:12Z</time><extensions><gpxtpx:TrackPointExtension><gpxtpx:hr>75</gpxtpx:hr></gpxtpx:TrackPointExtension></extensions></trkpt><trkpt lat="0.0" lon="0.0"><time>2026-01-14T17:14:21Z</time><extensions><gpxtpx:TrackPointExtension><gpxtpx:hr>77</gpxtpx:hr></gpxtpx:TrackPointExtension></extensions></trkpt><trkpt lat="0.0" lon="0.0"><time>2026-01-14T17:14:25Z</time><extensions><gpxtpx:TrackPointExtension><gpxtpx:hr>75</gpxtpx:hr></gpxtpx:TrackPointExtension></extensions></trkpt><trkpt lat="0.0" lon="0.0"><time>2026-01-14T17:14:31Z</time><extensions><gpxtpx:TrackPointExtension><gpxtpx:hr>71</gpxtpx:hr></gpxtpx:TrackPointExtension></extensions></trkpt><trkpt lat="0.0" lon="0.0"><time>2026-01-14T17:14:35Z</time><extensions><gpxtpx:TrackPointExtension><gpxtpx:hr>71</gpxtpx:hr></gpxtpx:TrackPointExtension></extensions></trkpt><trkpt lat="0.0" lon="0.0"><time>2026-01-14T17:14:37Z</time><extensions><gpxtpx:TrackPointExtension><gpxtpx:hr>71</gpxtpx:hr></gpxtpx:TrackPointExtension></extensions></trkpt><trkpt lat="0.0" lon="0.0"><time>2026-01-14T17:14:42Z</time><extensions><gpxtpx:TrackPointExtension><gpxtpx:hr>74</gpxtpx:hr></gpxtpx:TrackPointExtension></extensions></trkpt><trkpt lat="0.0" lon="0.0"><time>2026-01-14T17:14:49Z</time><extensions><gpxtpx:TrackPointExtension><gpxtpx:hr>84</gpxtpx:hr></gpxtpx:TrackPointExtension></extensions></trkpt><trkpt lat="0.0" lon="0.0"><time>2026-01-14T17:14:52Z</time><extensions><gpxtpx:TrackPointExtension><gpxtpx:hr>86</gpxtpx:hr></gpxtpx:TrackPointExtension></extensions></trkpt><trkpt lat="0.0" lon="0.0"><time>2026-01-14T17:15:00Z</time><extensions><gpxtpx:TrackPointExtension><gpxtpx:hr>94</gpxtpx:hr></gpxtpx:TrackPointExtension></extensions></trkpt><trkpt lat="0.0" lon="0.0"><time>2026-01-14T17:15:02Z</time><extensions><gpxtpx:TrackPointExtension><gpxtpx:hr>93</gpxtpx:hr></gpxtpx:TrackPointExtension></extensions></trkpt><trkpt lat="0.0" lon="0.0"><time>2026-01-14T17:15:07Z</time><extensions><gpxtpx:TrackPointExtension><gpxtpx:hr>91</gpxtpx:hr></gpxtpx:TrackPointExtension></extensions></trkpt><trkpt lat="0.0" lon="0.0"><time>2026-01-14T17:15:16Z</time><extensions><gpxtpx:TrackPointExtension><gpxtpx:hr>81</gpxtpx:hr></gpxtpx:TrackPointExtension></extensions></trkpt><trkpt lat="0.0" lon="0.0"><time>2026-01-14T17:15:21Z</time><extensions><gpxtpx:TrackPointExtension><gpxtpx:hr>82</gpxtpx:hr></gpxtpx:TrackPointExtension></extensions></trkpt><trkpt lat="0.0" lon="0.0"><time>2026-01-14T17:15:26Z</time><extensions><gpxtpx:TrackPointExtension><gpxtpx:hr>82</gpxtpx:hr></gpxtpx:TrackPointExtension></extensions></trkpt><trkpt lat="0.0" lon="0.0"><time>2026-01-14T17:15:27Z</time><extensions><gpxtpx:TrackPointExtension><gpxtpx:hr>82</gpxtpx:hr></gpxtpx:TrackPointExtension></extensions></trkpt><trkpt lat="0.0" lon="0.0"><time>2026-01-14T17:15:34Z</time><extensions><gpxtpx:TrackPointExtension><gpxtpx:hr>76</gpxtpx:hr></gpxtpx:TrackPointExtension></extensions></trkpt><trkpt lat="0.0" lon="0.0"><time>2026-01-14T17:15:41Z</time><extensions><gpxtpx:TrackPointExtension><gpxtpx:hr>73</gpxtpx:hr></gpxtpx:TrackPointExtension></extensions></trkpt><trkpt lat="0.0" lon="0.0"><time>2026-01-14T17:15:42Z</time><extensions><gpxtpx:TrackPointExtension><gpxtpx:hr>73</gpxtpx:hr></gpxtpx:TrackPointExtension></extensions></trkpt><trkpt lat="0.0" lon="0.0"><time>2026-01-14T17:15:51Z</time><extensions><gpxtpx:TrackPointExtension><gpxtpx:hr>81</gpxtpx:hr></gpxtpx:TrackPointExtension></extensions></trkpt><trkpt lat="0.0" lon="0.0"><time>2026-01-14T17:15:53Z</time><extensions><gpxtpx:TrackPointExtension><gpxtpx:hr>82</gpxtpx:hr></gpxtpx:TrackPointExtension></extensions></trkpt><trkpt lat="0.0" lon="0.0"><time>2026-01-14T17:15:57Z</time><extensions><gpxtpx:TrackPointExtension><gpxtpx:hr>80</gpxtpx:hr></gpxtpx:TrackPointExtension></extensions></trkpt><trkpt lat="0.0" lon="0.0"><time>2026-01-14T17:16:06Z</time><extensions><gpxtpx:TrackPointExtension><gpxtpx:hr>74</gpxtpx:hr></gpxtpx:TrackPointExtension></extensions></trkpt><trkpt lat="0.0" lon="0.0"><time>2026-01-14T17:16:08Z</time><extensions><gpxtpx:TrackPointExtension><gpxtpx:hr>74</gpxtpx:hr></gpxtpx:TrackPointExtension></extensions></trkpt><trkpt lat="0.0" lon="0.0"><time>2026-01-14T17:16:12Z</time><extensions><gpxtpx:TrackPointExtension><gpxtpx:hr>76</gpxtpx:hr></gpxtpx:TrackPointExtension></extensions></trkpt><trkpt lat="0.0" lon="0.0"><time>2026-01-14T17:16:17Z</time><extensions><gpxtpx:TrackPointExtension><gpxtpx:hr>76</gpxtpx:hr></gpxtpx:TrackPointExtension></extensions></trkpt><trkpt lat="0.0" lon="0.0"><time>2026-01-14T17:16:26Z</time><extensions><gpxtpx:TrackPointExtension><gpxtpx:hr>80</gpxtpx:hr></gpxtpx:TrackPointExtension></extensions></trkpt><trkpt lat="0.0" lon="0.0"><time>2026-01-14T17:16:27Z</time><extensions><gpxtpx:TrackPointExtension><gpxtpx:hr>80</gpxtpx:hr></gpxtpx:TrackPointExtension></extensions></trkpt><trkpt lat="0.0" lon="0.0"><time>2026-01-14T17:16:34Z</time><extensions><gpxtpx:TrackPointExtension><gpxtpx:hr>83</gpxtpx:hr></gpxtpx:TrackPointExtension></extensions></trkpt><trkpt lat="0.0" lon="0.0"><time>2026-01-14T17:16:41Z</time><extensions><gpxtpx:TrackPointExtension><gpxtpx:hr>83</gpxtpx:hr></gpxtpx:TrackPointExtension></extensions></trkpt><trkpt lat="0.0" lon="0.0"><time>2026-01-14T17:16:46Z</time><extensions><gpxtpx:TrackPointExtension><gpxtpx:hr>81</gpxtpx:hr></gpxtpx:TrackPointExtension></extensions></trkpt><trkpt lat="0.0" lon="0.0"><time>2026-01-14T17:16:51Z</time><extensions><gpxtpx:TrackPointExtension><gpxtpx:hr>78</gpxtpx:hr></gpxtpx:TrackPointExtension></extensions></trkpt><trkpt lat="0.0" lon="0.0"><time>2026-01-14T17:16:52Z</time><extensions><gpxtpx:TrackPointExtension><gpxtpx:hr>78</gpxtpx:hr></gpxtpx:TrackPointExtension></extensions></trkpt><trkpt lat="0.0" lon="0.0"><time>2026-01-14T17:16:57Z</time><extensions><gpxtpx:TrackPointExtension><gpxtpx:hr>80</gpxtpx:hr></gpxtpx:TrackPointExtension></extensions></trkpt><trkpt lat="0.0" lon="0.0"><time>2026-01-14T17:17:06Z</time><extensions><gpxtpx:TrackPointExtension><gpxtpx:hr>79</gpxtpx:hr></gpxtpx:TrackPointExtension></extensions></trkpt><trkpt lat="0.0" lon="0.0"><time>2026-01-14T17:17:11Z</time><extensions><gpxtpx:TrackPointExtension><gpxtpx:hr>78</gpxtpx:hr></gpxtpx:TrackPointExtension></extensions></trkpt><trkpt lat="0.0" lon="0.0"><time>2026-01-14T17:17:12Z</time><extensions><gpxtpx:TrackPointExtension><gpxtpx:hr>78</gpxtpx:hr></gpxtpx:TrackPointExtension></extensions></trkpt><trkpt lat="0.0" lon="0.0"><time>2026-01-14T17:17:20Z</time><extensions><gpxtpx:TrackPointExtension><gpxtpx:hr>75</gpxtpx:hr></gpxtpx:TrackPointExtension></extensions></trkpt><trkpt lat="0.0" lon="0.0"><time>2026-01-14T17:17:22Z</time><extensions><gpxtpx:TrackPointExtension><gpxtpx:hr>76</gpxtpx:hr></gpxtpx:TrackPointExtension></extensions></trkpt><trkpt lat="0.0" lon="0.0"><time>2026-01-14T17:17:27Z</time><extensions><gpxtpx:TrackPointExtension><gpxtpx:hr>77</gpxtpx:hr></gpxtpx:TrackPointExtension></extensions></trkpt><trkpt lat="0.0" lon="0.0"><time>2026-01-14T17:17:32Z</time><extensions><gpxtpx:TrackPointExtension><gpxtpx:hr>78</gpxtpx:hr></gpxtpx:TrackPointExtension></extensions></trkpt><trkpt lat="0.0" lon="0.0"><time>2026-01-14T17:17:41Z</time><extensions><gpxtpx:TrackPointExtension><gpxtpx:hr>88</gpxtpx:hr></gpxtpx:TrackPointExtension></extensions></trkpt><trkpt lat="0.0" lon="0.0"><time>2026-01-14T17:17:44Z</time><extensions><gpxtpx:TrackPointExtension><gpxtpx:hr>90</gpxtpx:hr></gpxtpx:TrackPointExtension></extensions></trkpt><trkpt lat="0.0" lon="0.0"><time>2026-01-14T17:17:51Z</time><extensions><gpxtpx:TrackPointExtension><gpxtpx:hr>88</gpxtpx:hr></gpxtpx:TrackPointExtension></extensions></trkpt><trkpt lat="0.0" lon="0.0"><time>2026-01-14T17:17:52Z</time><extensions><gpxtpx:TrackPointExtension><gpxtpx:hr>87</gpxtpx:hr></gpxtpx:TrackPointExtension></extensions></trkpt><trkpt lat="0.0" lon="0.0"><time>2026-01-14T17:17:57Z</time><extensions><gpxtpx:TrackPointExtension><gpxtpx:hr>85</gpxtpx:hr></gpxtpx:TrackPointExtension></extensions></trkpt><trkpt lat="0.0" lon="0.0"><time>2026-01-14T17:18:06Z</time><extensions><gpxtpx:TrackPointExtension><gpxtpx:hr>71</gpxtpx:hr></gpxtpx:TrackPointExtension></extensions></trkpt><trkpt lat="0.0" lon="0.0"><time>2026-01-14T17:18:11Z</time><extensions><gpxtpx:TrackPointExtension><gpxtpx:hr>69</gpxtpx:hr></gpxtpx:TrackPointExtension></extensions></trkpt><trkpt lat="0.0" lon="0.0"><time>2026-01-14T17:18:12Z</time><extensions><gpxtpx:TrackPointExtension><gpxtpx:hr>69</gpxtpx:hr></gpxtpx:TrackPointExtension></extensions></trkpt><trkpt lat="0.0" lon="0.0"><time>2026-01-14T17:18:17Z</time><extensions><gpxtpx:TrackPointExtension><gpxtpx:hr>72</gpxtpx:hr></gpxtpx:TrackPointExtension></extensions></trkpt><trkpt lat="0.0" lon="0.0"><time>2026-01-14T17:18:22Z</time><extensions><gpxtpx:TrackPointExtension><gpxtpx:hr>77</gpxtpx:hr></gpxtpx:TrackPointExtension></extensions></trkpt><trkpt lat="0.0" lon="0.0"><time>2026-01-14T17:18:27Z</time><extensions><gpxtpx:TrackPointExtension><gpxtpx:hr>82</gpxtpx:hr></gpxtpx:TrackPointExtension></extensions></trkpt><trkpt lat="0.0" lon="0.0"><time>2026-01-14T17:18:36Z</time><extensions><gpxtpx:TrackPointExtension><gpxtpx:hr>80</gpxtpx:hr></gpxtpx:TrackPointExtension></extensions></trkpt><trkpt lat="0.0" lon="0.0"><time>2026-01-14T17:18:40Z</time><extensions><gpxtpx:TrackPointExtension><gpxtpx:hr>77</gpxtpx:hr></gpxtpx:TrackPointExtension></extensions></trkpt><trkpt lat="0.0" lon="0.0"><time>2026-01-14T17:18:46Z</time><extensions><gpxtpx:TrackPointExtension><gpxtpx:hr>71</gpxtpx:hr></gpxtpx:TrackPointExtension></extensions></trkpt><trkpt lat="0.0" lon="0.0"><time>2026-01-14T17:18:51Z</time><extensions><gpxtpx:TrackPointExtension><gpxtpx:hr>69</gpxtpx:hr></gpxtpx:TrackPointExtension></extensions></trkpt><trkpt lat="0.0" lon="0.0"><time>2026-01-14T17:18:54Z</time><extensions><gpxtpx:TrackPointExtension><gpxtpx:hr>70</gpxtpx:hr></gpxtpx:TrackPointExtension></extensions></trkpt><trkpt lat="0.0" lon="0.0"><time>2026-01-14T17:19:01Z</time><extensions><gpxtpx:TrackPointExtension><gpxtpx:hr>78</gpxtpx:hr></gpxtpx:TrackPointExtension></extensions></trkpt><trkpt lat="0.0" lon="0.0"><time>2026-01-14T17:19:05Z</time><extensions><gpxtpx:TrackPointExtension><gpxtpx:hr>78</gpxtpx:hr></gpxtpx:TrackPointExtension></extensions></trkpt><trkpt lat="0.0" lon="0.0"><time>2026-01-14T17:19:07Z</time><extensions><gpxtpx:TrackPointExtension><gpxtpx:hr>78</gpxtpx:hr></gpxtpx:TrackPointExtension></extensions></trkpt><trkpt lat="0.0" lon="0.0"><time>2026-01-14T17:19:12Z</time><extensions><gpxtpx:TrackPointExtension><gpxtpx:hr>82</gpxtpx:hr></gpxtpx:TrackPointExtension></extensions></trkpt><trkpt lat="0.0" lon="0.0"><time>2026-01-14T17:19:21Z</time><extensions><gpxtpx:TrackPointExtension><gpxtpx:hr>81</gpxtpx:hr></gpxtpx:TrackPointExtension></extensions></trkpt><trkpt lat="0.0" lon="0.0"><time>2026-01-14T17:19:22Z</time><extensions><gpxtpx:TrackPointExtension><gpxtpx:hr>81</gpxtpx:hr></gpxtpx:TrackPointExtension></extensions></trkpt><trkpt lat="0.0" lon="0.0"><time>2026-01-14T17:19:27Z</time><extensions><gpxtpx:TrackPointExtension><gpxtpx:hr>84</gpxtpx:hr></gpxtpx:TrackPointExtension></extensions></trkpt><trkpt lat="0.0" lon="0.0"><time>2026-01-14T17:19:36Z</time><extensions><gpxtpx:TrackPointExtension><gpxtpx:hr>85</gpxtpx:hr></gpxtpx:TrackPointExtension></extensions></trkpt><trkpt lat="0.0" lon="0.0"><time>2026-01-14T17:19:39Z</time><extensions><gpxtpx:TrackPointExtension><gpxtpx:hr>84</gpxtpx:hr></gpxtpx:TrackPointExtension></extensions></trkpt><trkpt lat="0.0" lon="0.0"><time>2026-01-14T17:19:42Z</time><extensions><gpxtpx:TrackPointExtension><gpxtpx:hr>83</gpxtpx:hr></gpxtpx:TrackPointExtension></extensions></trkpt><trkpt lat="0.0" lon="0.0"><time>2026-01-14T17:19:51Z</time><extensions><gpxtpx:TrackPointExtension><gpxtpx:hr>85</gpxtpx:hr></gpxtpx:TrackPointExtension></extensions></trkpt><trkpt lat="0.0" lon="0.0"><time>2026-01-14T17:19:52Z</time><extensions><gpxtpx:TrackPointExtension><gpxtpx:hr>85</gpxtpx:hr></gpxtpx:TrackPointExtension></extensions></trkpt><trkpt lat="0.0" lon="0.0"><time>2026-01-14T17:20:01Z</time><extensions><gpxtpx:TrackPointExtension><gpxtpx:hr>81</gpxtpx:hr></gpxtpx:TrackPointExtension></extensions></trkpt><trkpt lat="0.0" lon="0.0"><time>2026-01-14T17:20:02Z</time><extensions><gpxtpx:TrackPointExtension><gpxtpx:hr>80</gpxtpx:hr></gpxtpx:TrackPointExtension></extensions></trkpt><trkpt lat="0.0" lon="0.0"><time>2026-01-14T17:20:11Z</time><extensions><gpxtpx:TrackPointExtension><gpxtpx:hr>81</gpxtpx:hr></gpxtpx:TrackPointExtension></extensions></trkpt><trkpt lat="0.0" lon="0.0"><time>2026-01-14T17:20:16Z</time><extensions><gpxtpx:TrackPointExtension><gpxtpx:hr>77</gpxtpx:hr></gpxtpx:TrackPointExtension></extensions></trkpt><trkpt lat="0.0" lon="0.0"><time>2026-01-14T17:20:18Z</time><extensions><gpxtpx:TrackPointExtension><gpxtpx:hr>76</gpxtpx:hr></gpxtpx:TrackPointExtension></extensions></trkpt><trkpt lat="0.0" lon="0.0"><time>2026-01-14T17:20:26Z</time><extensions><gpxtpx:TrackPointExtension><gpxtpx:hr>79</gpxtpx:hr></gpxtpx:TrackPointExtension></extensions></trkpt><trkpt lat="0.0" lon="0.0"><time>2026-01-14T17:20:31Z</time><extensions><gpxtpx:TrackPointExtension><gpxtpx:hr>80</gpxtpx:hr></gpxtpx:TrackPointExtension></extensions></trkpt><trkpt lat="0.0" lon="0.0"><time>2026-01-14T17:20:33Z</time><extensions><gpxtpx:TrackPointExtension><gpxtpx:hr>79</gpxtpx:hr></gpxtpx:TrackPointExtension></extensions></trkpt><trkpt lat="0.0" lon="0.0"><time>2026-01-14T17:20:41Z</time><extensions><gpxtpx:TrackPointExtension><gpxtpx:hr>74</gpxtpx:hr></gpxtpx:TrackPointExtension></extensions></trkpt><trkpt lat="0.0" lon="0.0"><time>2026-01-14T17:20:46Z</time><extensions><gpxtpx:TrackPointExtension><gpxtpx:hr>73</gpxtpx:hr></gpxtpx:TrackPointExtension></extensions></trkpt><trkpt lat="0.0" lon="0.0"><time>2026-01-14T17:20:47Z</time><extensions><gpxtpx:TrackPointExtension><gpxtpx:hr>73</gpxtpx:hr></gpxtpx:TrackPointExtension></extensions></trkpt><trkpt lat="0.0" lon="0.0"><time>2026-01-14T17:20:52Z</time><extensions><gpxtpx:TrackPointExtension><gpxtpx:hr>72</gpxtpx:hr></gpxtpx:TrackPointExtension></extensions></trkpt><trkpt lat="0.0" lon="0.0"><time>2026-01-14T17:21:01Z</time><extensions><gpxtpx:TrackPointExtension><gpxtpx:hr>77</gpxtpx:hr></gpxtpx:TrackPointExtension></extensions></trkpt><trkpt lat="0.0" lon="0.0"><time>2026-01-14T17:21:06Z</time><extensions><gpxtpx:TrackPointExtension><gpxtpx:hr>77</gpxtpx:hr></gpxtpx:TrackPointExtension></extensions></trkpt><trkpt lat="0.0" lon="0.0"><time>2026-01-14T17:21:08Z</time><extensions><gpxtpx:TrackPointExtension><gpxtpx:hr>76</gpxtpx:hr></gpxtpx:TrackPointExtension></extensions></trkpt><trkpt lat="0.0" lon="0.0"><time>2026-01-14T17:21:12Z</time><extensions><gpxtpx:TrackPointExtension><gpxtpx:hr>74</gpxtpx:hr></gpxtpx:TrackPointExtension></extensions></trkpt><trkpt lat="0.0" lon="0.0"><time>2026-01-14T17:21:21Z</time><extensions><gpxtpx:TrackPointExtension><gpxtpx:hr>72</gpxtpx:hr></gpxtpx:TrackPointExtension></extensions></trkpt><trkpt lat="0.0" lon="0.0"><time>2026-01-14T17:21:22Z</time><extensions><gpxtpx:TrackPointExtension><gpxtpx:hr>73</gpxtpx:hr></gpxtpx:TrackPointExtension></extensions></trkpt><trkpt lat="0.0" lon="0.0"><time>2026-01-14T17:21:27Z</time><extensions><gpxtpx:TrackPointExtension><gpxtpx:hr>78</gpxtpx:hr></gpxtpx:TrackPointExtension></extensions></trkpt><trkpt lat="0.0" lon="0.0"><time>2026-01-14T17:21:32Z</time><extensions><gpxtpx:TrackPointExtension><gpxtpx:hr>79</gpxtpx:hr></gpxtpx:TrackPointExtension></extensions></trkpt><trkpt lat="0.0" lon="0.0"><time>2026-01-14T17:21:41Z</time><extensions><gpxtpx:TrackPointExtension><gpxtpx:hr>75</gpxtpx:hr></gpxtpx:TrackPointExtension></extensions></trkpt><trkpt lat="0.0" lon="0.0"><time>2026-01-14T17:21:46Z</time><extensions><gpxtpx:TrackPointExtension><gpxtpx:hr>75</gpxtpx:hr></gpxtpx:TrackPointExtension></extensions></trkpt><trkpt lat="0.0" lon="0.0"><time>2026-01-14T17:21:49Z</time><extensions><gpxtpx:TrackPointExtension><gpxtpx:hr>75</gpxtpx:hr></gpxtpx:TrackPointExtension></extensions></trkpt><trkpt lat="0.0" lon="0.0"><time>2026-01-14T17:21:56Z</time><extensions><gpxtpx:TrackPointExtension><gpxtpx:hr>72</gpxtpx:hr></gpxtpx:TrackPointExtension></extensions></trkpt><trkpt lat="0.0" lon="0.0"><time>2026-01-14T17:21:58Z</time><extensions><gpxtpx:TrackPointExtension><gpxtpx:hr>72</gpxtpx:hr></gpxtpx:TrackPointExtension></extensions></trkpt><trkpt lat="0.0" lon="0.0"><time>2026-01-14T17:22:02Z</time><extensions><gpxtpx:TrackPointExtension><gpxtpx:hr>73</gpxtpx:hr></gpxtpx:TrackPointExtension></extensions></trkpt><trkpt lat="0.0" lon="0.0"><time>2026-01-14T17:22:11Z</time><extensions><gpxtpx:TrackPointExtension><gpxtpx:hr>72</gpxtpx:hr></gpxtpx:TrackPointExtension></extensions></trkpt><trkpt lat="0.0" lon="0.0"><time>2026-01-14T17:22:12Z</time><extensions><gpxtpx:TrackPointExtension><gpxtpx:hr>72</gpxtpx:hr></gpxtpx:TrackPointExtension></extensions></trkpt><trkpt lat="0.0" lon="0.0"><time>2026-01-14T17:22:17Z</time><extensions><gpxtpx:TrackPointExtension><gpxtpx:hr>72</gpxtpx:hr></gpxtpx:TrackPointExtension></extensions></trkpt><trkpt lat="0.0" lon="0.0"><time>2026-01-14T17:22:22Z</time><extensions><gpxtpx:TrackPointExtension><gpxtpx:hr>71</gpxtpx:hr></gpxtpx:TrackPointExtension></extensions></trkpt><trkpt lat="0.0" lon="0.0"><time>2026-01-14T17:22:31Z</time><extensions><gpxtpx:TrackPointExtension><gpxtpx:hr>71</gpxtpx:hr></gpxtpx:TrackPointExtension></extensions></trkpt><trkpt lat="0.0" lon="0.0"><time>2026-01-14T17:22:36Z</time><extensions><gpxtpx:TrackPointExtension><gpxtpx:hr>68</gpxtpx:hr></gpxtpx:TrackPointExtension></extensions></trkpt><trkpt lat="0.0" lon="0.0"><time>2026-01-14T17:22:39Z</time><extensions><gpxtpx:TrackPointExtension><gpxtpx:hr>68</gpxtpx:hr></gpxtpx:TrackPointExtension></extensions></trkpt><trkpt lat="0.0" lon="0.0"><time>2026-01-14T17:22:46Z</time><extensions><gpxtpx:TrackPointExtension><gpxtpx:hr>71</gpxtpx:hr></gpxtpx:TrackPointExtension></extensions></trkpt><trkpt lat="0.0" lon="0.0"><time>2026-01-14T17:22:51Z</time><extensions><gpxtpx:TrackPointExtension><gpxtpx:hr>69</gpxtpx:hr></gpxtpx:TrackPointExtension></extensions></trkpt><trkpt lat="0.0" lon="0.0"><time>2026-01-14T17:22:52Z</time><extensions><gpxtpx:TrackPointExtension><gpxtpx:hr>68</gpxtpx:hr></gpxtpx:TrackPointExtension></extensions></trkpt><trkpt lat="0.0" lon="0.0"><time>2026-01-14T17:22:57Z</time><extensions><gpxtpx:TrackPointExtension><gpxtpx:hr>69</gpxtpx:hr></gpxtpx:TrackPointExtension></extensions></trkpt><trkpt lat="0.0" lon="0.0"><time>2026-01-14T17:23:03Z</time><extensions><gpxtpx:TrackPointExtension><gpxtpx:hr>70</gpxtpx:hr></gpxtpx:TrackPointExtension></extensions></trkpt><trkpt lat="0.0" lon="0.0"><time>2026-01-14T17:23:11Z</time><extensions><gpxtpx:TrackPointExtension><gpxtpx:hr>73</gpxtpx:hr></gpxtpx:TrackPointExtension></extensions></trkpt><trkpt lat="0.0" lon="0.0"><time>2026-01-14T17:23:16Z</time><extensions><gpxtpx:TrackPointExtension><gpxtpx:hr>77</gpxtpx:hr></gpxtpx:TrackPointExtension></extensions></trkpt><trkpt lat="0.0" lon="0.0"><time>2026-01-14T17:23:17Z</time><extensions><gpxtpx:TrackPointExtension><gpxtpx:hr>77</gpxtpx:hr></gpxtpx:TrackPointExtension></extensions></trkpt><trkpt lat="0.0" lon="0.0"><time>2026-01-14T17:23:26Z</time><extensions><gpxtpx:TrackPointExtension><gpxtpx:hr>81</gpxtpx:hr></gpxtpx:TrackPointExtension></extensions></trkpt><trkpt lat="0.0" lon="0.0"><time>2026-01-14T17:23:31Z</time><extensions><gpxtpx:TrackPointExtension><gpxtpx:hr>84</gpxtpx:hr></gpxtpx:TrackPointExtension></extensions></trkpt><trkpt lat="0.0" lon="0.0"><time>2026-01-14T17:23:32Z</time><extensions><gpxtpx:TrackPointExtension><gpxtpx:hr>84</gpxtpx:hr></gpxtpx:TrackPointExtension></extensions></trkpt><trkpt lat="0.0" lon="0.0"><time>2026-01-14T17:23:37Z</time><extensions><gpxtpx:TrackPointExtension><gpxtpx:hr>79</gpxtpx:hr></gpxtpx:TrackPointExtension></extensions></trkpt><trkpt lat="0.0" lon="0.0"><time>2026-01-14T17:23:42Z</time><extensions><gpxtpx:TrackPointExtension><gpxtpx:hr>78</gpxtpx:hr></gpxtpx:TrackPointExtension></extensions></trkpt><trkpt lat="0.0" lon="0.0"><time>2026-01-14T17:23:51Z</time><extensions><gpxtpx:TrackPointExtension><gpxtpx:hr>86</gpxtpx:hr></gpxtpx:TrackPointExtension></extensions></trkpt><trkpt lat="0.0" lon="0.0"><time>2026-01-14T17:23:52Z</time><extensions><gpxtpx:TrackPointExtension><gpxtpx:hr>86</gpxtpx:hr></gpxtpx:TrackPointExtension></extensions></trkpt><trkpt lat="0.0" lon="0.0"><time>2026-01-14T17:24:01Z</time><extensions><gpxtpx:TrackPointExtension><gpxtpx:hr>82</gpxtpx:hr></gpxtpx:TrackPointExtension></extensions></trkpt><trkpt lat="0.0" lon="0.0"><time>2026-01-14T17:24:05Z</time><extensions><gpxtpx:TrackPointExtension><gpxtpx:hr>83</gpxtpx:hr></gpxtpx:TrackPointExtension></extensions></trkpt><trkpt lat="0.0" lon="0.0"><time>2026-01-14T17:24:07Z</time><extensions><gpxtpx:TrackPointExtension><gpxtpx:hr>82</gpxtpx:hr></gpxtpx:TrackPointExtension></extensions></trkpt><trkpt lat="0.0" lon="0.0"><time>2026-01-14T17:24:12Z</time><extensions><gpxtpx:TrackPointExtension><gpxtpx:hr>82</gpxtpx:hr></gpxtpx:TrackPointExtension></extensions></trkpt><trkpt lat="0.0" lon="0.0"><time>2026-01-14T17:24:18Z</time><extensions><gpxtpx:TrackPointExtension><gpxtpx:hr>80</gpxtpx:hr></gpxtpx:TrackPointExtension></extensions></trkpt><trkpt lat="0.0" lon="0.0"><time>2026-01-14T17:24:26Z</time><extensions><gpxtpx:TrackPointExtension><gpxtpx:hr>74</gpxtpx:hr></gpxtpx:TrackPointExtension></extensions></trkpt><trkpt lat="0.0" lon="0.0"><time>2026-01-14T17:24:31Z</time><extensions><gpxtpx:TrackPointExtension><gpxtpx:hr>74</gpxtpx:hr></gpxtpx:TrackPointExtension></extensions></trkpt><trkpt lat="0.0" lon="0.0"><time>2026-01-14T17:24:32Z</time><extensions><gpxtpx:TrackPointExtension><gpxtpx:hr>74</gpxtpx:hr></gpxtpx:TrackPointExtension></extensions></trkpt><trkpt lat="0.0" lon="0.0"><time>2026-01-14T17:24:41Z</time><extensions><gpxtpx:TrackPointExtension><gpxtpx:hr>76</gpxtpx:hr></gpxtpx:TrackPointExtension></extensions></trkpt><trkpt lat="0.0" lon="0.0"><time>2026-01-14T17:24:46Z</time><extensions><gpxtpx:TrackPointExtension><gpxtpx:hr>76</gpxtpx:hr></gpxtpx:TrackPointExtension></extensions></trkpt><trkpt lat="0.0" lon="0.0"><time>2026-01-14T17:24:47Z</time><extensions><gpxtpx:TrackPointExtension><gpxtpx:hr>75</gpxtpx:hr></gpxtpx:TrackPointExtension></extensions></trkpt><trkpt lat="0.0" lon="0.0"><time>2026-01-14T17:24:52Z</time><extensions><gpxtpx:TrackPointExtension><gpxtpx:hr>77</gpxtpx:hr></gpxtpx:TrackPointExtension></extensions></trkpt><trkpt lat="0.0" lon="0.0"><time>2026-01-14T17:25:01Z</time><extensions><gpxtpx:TrackPointExtension><gpxtpx:hr>82</gpxtpx:hr></gpxtpx:TrackPointExtension></extensions></trkpt><trkpt lat="0.0" lon="0.0"><time>2026-01-14T17:25:03Z</time><extensions><gpxtpx:TrackPointExtension><gpxtpx:hr>83</gpxtpx:hr></gpxtpx:TrackPointExtension></extensions></trkpt><trkpt lat="0.0" lon="0.0"><time>2026-01-14T17:25:11Z</time><extensions><gpxtpx:TrackPointExtension><gpxtpx:hr>80</gpxtpx:hr></gpxtpx:TrackPointExtension></extensions></trkpt><trkpt lat="0.0" lon="0.0"><time>2026-01-14T17:25:12Z</time><extensions><gpxtpx:TrackPointExtension><gpxtpx:hr>80</gpxtpx:hr></gpxtpx:TrackPointExtension></extensions></trkpt><trkpt lat="0.0" lon="0.0"><time>2026-01-14T17:25:17Z</time><extensions><gpxtpx:TrackPointExtension><gpxtpx:hr>81</gpxtpx:hr></gpxtpx:TrackPointExtension></extensions></trkpt><trkpt lat="0.0" lon="0.0"><time>2026-01-14T17:25:22Z</time><extensions><gpxtpx:TrackPointExtension><gpxtpx:hr>81</gpxtpx:hr></gpxtpx:TrackPointExtension></extensions></trkpt><trkpt lat="0.0" lon="0.0"><time>2026-01-14T17:25:31Z</time><extensions><gpxtpx:TrackPointExtension><gpxtpx:hr>83</gpxtpx:hr></gpxtpx:TrackPointExtension></extensions></trkpt><trkpt lat="0.0" lon="0.0"><time>2026-01-14T17:25:34Z</time><extensions><gpxtpx:TrackPointExtension><gpxtpx:hr>79</gpxtpx:hr></gpxtpx:TrackPointExtension></extensions></trkpt><trkpt lat="0.0" lon="0.0"><time>2026-01-14T17:25:38Z</time><extensions><gpxtpx:TrackPointExtension><gpxtpx:hr>76</gpxtpx:hr></gpxtpx:TrackPointExtension></extensions></trkpt><trkpt lat="0.0" lon="0.0"><time>2026-01-14T17:25:46Z</time><extensions><gpxtpx:TrackPointExtension><gpxtpx:hr>68</gpxtpx:hr></gpxtpx:TrackPointExtension></extensions></trkpt><trkpt lat="0.0" lon="0.0"><time>2026-01-14T17:25:50Z</time><extensions><gpxtpx:TrackPointExtension><gpxtpx:hr>68</gpxtpx:hr></gpxtpx:TrackPointExtension></extensions></trkpt><trkpt lat="0.0" lon="0.0"><time>2026-01-14T17:25:56Z</time><extensions><gpxtpx:TrackPointExtension><gpxtpx:hr>75</gpxtpx:hr></gpxtpx:TrackPointExtension></extensions></trkpt><trkpt lat="0.0" lon="0.0"><time>2026-01-14T17:25:57Z</time><extensions><gpxtpx:TrackPointExtension><gpxtpx:hr>75</gpxtpx:hr></gpxtpx:TrackPointExtension></extensions></trkpt><trkpt lat="0.0" lon="0.0"><time>2026-01-14T17:26:06Z</time><extensions><gpxtpx:TrackPointExtension><gpxtpx:hr>68</gpxtpx:hr></gpxtpx:TrackPointExtension></extensions></trkpt><trkpt lat="0.0" lon="0.0"><time>2026-01-14T17:26:07Z</time><extensions><gpxtpx:TrackPointExtension><gpxtpx:hr>68</gpxtpx:hr></gpxtpx:TrackPointExtension></extensions></trkpt><trkpt lat="0.0" lon="0.0"><time>2026-01-14T17:26:12Z</time><extensions><gpxtpx:TrackPointExtension><gpxtpx:hr>73</gpxtpx:hr></gpxtpx:TrackPointExtension></extensions></trkpt><trkpt lat="0.0" lon="0.0"><time>2026-01-14T17:26:17Z</time><extensions><gpxtpx:TrackPointExtension><gpxtpx:hr>76</gpxtpx:hr></gpxtpx:TrackPointExtension></extensions></trkpt><trkpt lat="0.0" lon="0.0"><time>2026-01-14T17:26:26Z</time><extensions><gpxtpx:TrackPointExtension><gpxtpx:hr>82</gpxtpx:hr></gpxtpx:TrackPointExtension></extensions></trkpt><trkpt lat="0.0" lon="0.0"><time>2026-01-14T17:26:27Z</time><extensions><gpxtpx:TrackPointExtension><gpxtpx:hr>83</gpxtpx:hr></gpxtpx:TrackPointExtension></extensions></trkpt><trkpt lat="0.0" lon="0.0"><time>2026-01-14T17:26:36Z</time><extensions><gpxtpx:TrackPointExtension><gpxtpx:hr>79</gpxtpx:hr></gpxtpx:TrackPointExtension></extensions></trkpt><trkpt lat="0.0" lon="0.0"><time>2026-01-14T17:26:38Z</time><extensions><gpxtpx:TrackPointExtension><gpxtpx:hr>78</gpxtpx:hr></gpxtpx:TrackPointExtension></extensions></trkpt><trkpt lat="0.0" lon="0.0"><time>2026-01-14T17:26:46Z</time><extensions><gpxtpx:TrackPointExtension><gpxtpx:hr>82</gpxtpx:hr></gpxtpx:TrackPointExtension></extensions></trkpt><trkpt lat="0.0" lon="0.0"><time>2026-01-14T17:26:51Z</time><extensions><gpxtpx:TrackPointExtension><gpxtpx:hr>84</gpxtpx:hr></gpxtpx:TrackPointExtension></extensions></trkpt><trkpt lat="0.0" lon="0.0"><time>2026-01-14T17:26:52Z</time><extensions><gpxtpx:TrackPointExtension><gpxtpx:hr>84</gpxtpx:hr></gpxtpx:TrackPointExtension></extensions></trkpt><trkpt lat="0.0" lon="0.0"><time>2026-01-14T17:26:57Z</time><extensions><gpxtpx:TrackPointExtension><gpxtpx:hr>82</gpxtpx:hr></gpxtpx:TrackPointExtension></extensions></trkpt><trkpt lat="0.0" lon="0.0"><time>2026-01-14T17:27:06Z</time><extensions><gpxtpx:TrackPointExtension><gpxtpx:hr>81</gpxtpx:hr></gpxtpx:TrackPointExtension></extensions></trkpt><trkpt lat="0.0" lon="0.0"><time>2026-01-14T17:27:10Z</time><extensions><gpxtpx:TrackPointExtension><gpxtpx:hr>81</gpxtpx:hr></gpxtpx:TrackPointExtension></extensions></trkpt><trkpt lat="0.0" lon="0.0"><time>2026-01-14T17:27:12Z</time><extensions><gpxtpx:TrackPointExtension><gpxtpx:hr>82</gpxtpx:hr></gpxtpx:TrackPointExtension></extensions></trkpt><trkpt lat="0.0" lon="0.0"><time>2026-01-14T17:27:17Z</time><extensions><gpxtpx:TrackPointExtension><gpxtpx:hr>85</gpxtpx:hr></gpxtpx:TrackPointExtension></extensions></trkpt><trkpt lat="0.0" lon="0.0"><time>2026-01-14T17:27:26Z</time><extensions><gpxtpx:TrackPointExtension><gpxtpx:hr>88</gpxtpx:hr></gpxtpx:TrackPointExtension></extensions></trkpt><trkpt lat="0.0" lon="0.0"><time>2026-01-14T17:27:30Z</time><extensions><gpxtpx:TrackPointExtension><gpxtpx:hr>91</gpxtpx:hr></gpxtpx:TrackPointExtension></extensions></trkpt><trkpt lat="0.0" lon="0.0"><time>2026-01-14T17:27:32Z</time><extensions><gpxtpx:TrackPointExtension><gpxtpx:hr>91</gpxtpx:hr></gpxtpx:TrackPointExtension></extensions></trkpt><trkpt lat="0.0" lon="0.0"><time>2026-01-14T17:27:41Z</time><extensions><gpxtpx:TrackPointExtension><gpxtpx:hr>78</gpxtpx:hr></gpxtpx:TrackPointExtension></extensions></trkpt><trkpt lat="0.0" lon="0.0"><time>2026-01-14T17:27:42Z</time><extensions><gpxtpx:TrackPointExtension><gpxtpx:hr>79</gpxtpx:hr></gpxtpx:TrackPointExtension></extensions></trkpt><trkpt lat="0.0" lon="0.0"><time>2026-01-14T17:27:47Z</time><extensions><gpxtpx:TrackPointExtension><gpxtpx:hr>83</gpxtpx:hr></gpxtpx:TrackPointExtension></extensions></trkpt><trkpt lat="0.0" lon="0.0"><time>2026-01-14T17:27:56Z</time><extensions><gpxtpx:TrackPointExtension><gpxtpx:hr>82</gpxtpx:hr></gpxtpx:TrackPointExtension></extensions></trkpt><trkpt lat="0.0" lon="0.0"><time>2026-01-14T17:28:01Z</time><extensions><gpxtpx:TrackPointExtension><gpxtpx:hr>80</gpxtpx:hr></gpxtpx:TrackPointExtension></extensions></trkpt><trkpt lat="0.0" lon="0.0"><time>2026-01-14T17:28:02Z</time><extensions><gpxtpx:TrackPointExtension><gpxtpx:hr>80</gpxtpx:hr></gpxtpx:TrackPointExtension></extensions></trkpt><trkpt lat="0.0" lon="0.0"><time>2026-01-14T17:28:07Z</time><extensions><gpxtpx:TrackPointExtension><gpxtpx:hr>79</gpxtpx:hr></gpxtpx:TrackPointExtension></extensions></trkpt><trkpt lat="0.0" lon="0.0"><time>2026-01-14T17:28:12Z</time><extensions><gpxtpx:TrackPointExtension><gpxtpx:hr>79</gpxtpx:hr></gpxtpx:TrackPointExtension></extensions></trkpt><trkpt lat="0.0" lon="0.0"><time>2026-01-14T17:28:20Z</time><extensions><gpxtpx:TrackPointExtension><gpxtpx:hr>91</gpxtpx:hr></gpxtpx:TrackPointExtension></extensions></trkpt><trkpt lat="0.0" lon="0.0"><time>2026-01-14T17:28:24Z</time><extensions><gpxtpx:TrackPointExtension><gpxtpx:hr>87</gpxtpx:hr></gpxtpx:TrackPointExtension></extensions></trkpt><trkpt lat="0.0" lon="0.0"><time>2026-01-14T17:28:27Z</time><extensions><gpxtpx:TrackPointExtension><gpxtpx:hr>84</gpxtpx:hr></gpxtpx:TrackPointExtension></extensions></trkpt><trkpt lat="0.0" lon="0.0"><time>2026-01-14T17:28:36Z</time><extensions><gpxtpx:TrackPointExtension><gpxtpx:hr>82</gpxtpx:hr></gpxtpx:TrackPointExtension></extensions></trkpt><trkpt lat="0.0" lon="0.0"><time>2026-01-14T17:28:41Z</time><extensions><gpxtpx:TrackPointExtension><gpxtpx:hr>81</gpxtpx:hr></gpxtpx:TrackPointExtension></extensions></trkpt><trkpt lat="0.0" lon="0.0"><time>2026-01-14T17:28:42Z</time><extensions><gpxtpx:TrackPointExtension><gpxtpx:hr>81</gpxtpx:hr></gpxtpx:TrackPointExtension></extensions></trkpt><trkpt lat="0.0" lon="0.0"><time>2026-01-14T17:28:47Z</time><extensions><gpxtpx:TrackPointExtension><gpxtpx:hr>76</gpxtpx:hr></gpxtpx:TrackPointExtension></extensions></trkpt><trkpt lat="0.0" lon="0.0"><time>2026-01-14T17:28:54Z</time><extensions><gpxtpx:TrackPointExtension><gpxtpx:hr>71</gpxtpx:hr></gpxtpx:TrackPointExtension></extensions></trkpt><trkpt lat="0.0" lon="0.0"><time>2026-01-14T17:29:01Z</time><extensions><gpxtpx:TrackPointExtension><gpxtpx:hr>62</gpxtpx:hr></gpxtpx:TrackPointExtension></extensions></trkpt><trkpt lat="0.0" lon="0.0"><time>2026-01-14T17:29:04Z</time><extensions><gpxtpx:TrackPointExtension><gpxtpx:hr>62</gpxtpx:hr></gpxtpx:TrackPointExtension></extensions></trkpt><trkpt lat="0.0" lon="0.0"><time>2026-01-14T17:29:09Z</time><extensions><gpxtpx:TrackPointExtension><gpxtpx:hr>64</gpxtpx:hr></gpxtpx:TrackPointExtension></extensions></trkpt><trkpt lat="0.0" lon="0.0"><time>2026-01-14T17:29:12Z</time><extensions><gpxtpx:TrackPointExtension><gpxtpx:hr>67</gpxtpx:hr></gpxtpx:TrackPointExtension></extensions></trkpt><trkpt lat="0.0" lon="0.0"><time>2026-01-14T17:29:21Z</time><extensions><gpxtpx:TrackPointExtension><gpxtpx:hr>72</gpxtpx:hr></gpxtpx:TrackPointExtension></extensions></trkpt><trkpt lat="0.0" lon="0.0"><time>2026-01-14T17:29:26Z</time><extensions><gpxtpx:TrackPointExtension><gpxtpx:hr>74</gpxtpx:hr></gpxtpx:TrackPointExtension></extensions></trkpt><trkpt lat="0.0" lon="0.0"><time>2026-01-14T17:29:31Z</time><extensions><gpxtpx:TrackPointExtension><gpxtpx:hr>71</gpxtpx:hr></gpxtpx:TrackPointExtension></extensions></trkpt><trkpt lat="0.0" lon="0.0"><time>2026-01-14T17:29:35Z</time><extensions><gpxtpx:TrackPointExtension><gpxtpx:hr>70</gpxtpx:hr></gpxtpx:TrackPointExtension></extensions></trkpt><trkpt lat="0.0" lon="0.0"><time>2026-01-14T17:29:38Z</time><extensions><gpxtpx:TrackPointExtension><gpxtpx:hr>72</gpxtpx:hr></gpxtpx:TrackPointExtension></extensions></trkpt><trkpt lat="0.0" lon="0.0"><time>2026-01-14T17:29:42Z</time><extensions><gpxtpx:TrackPointExtension><gpxtpx:hr>75</gpxtpx:hr></gpxtpx:TrackPointExtension></extensions></trkpt><trkpt lat="0.0" lon="0.0"><time>2026-01-14T17:29:47Z</time><extensions><gpxtpx:TrackPointExtension><gpxtpx:hr>78</gpxtpx:hr></gpxtpx:TrackPointExtension></extensions></trkpt><trkpt lat="0.0" lon="0.0"><time>2026-01-14T17:29:52Z</time><extensions><gpxtpx:TrackPointExtension><gpxtpx:hr>80</gpxtpx:hr></gpxtpx:TrackPointExtension></extensions></trkpt><trkpt lat="0.0" lon="0.0"><time>2026-01-14T17:29:59Z</time><extensions><gpxtpx:TrackPointExtension><gpxtpx:hr>82</gpxtpx:hr></gpxtpx:TrackPointExtension></extensions></trkpt><trkpt lat="0.0" lon="0.0"><time>2026-01-14T17:30:06Z</time><extensions><gpxtpx:TrackPointExtension><gpxtpx:hr>77</gpxtpx:hr></gpxtpx:TrackPointExtension></extensions></trkpt><trkpt lat="0.0" lon="0.0"><time>2026-01-14T17:30:10Z</time><extensions><gpxtpx:TrackPointExtension><gpxtpx:hr>75</gpxtpx:hr></gpxtpx:TrackPointExtension></extensions></trkpt><trkpt lat="0.0" lon="0.0"><time>2026-01-14T17:30:12Z</time><extensions><gpxtpx:TrackPointExtension><gpxtpx:hr>74</gpxtpx:hr></gpxtpx:TrackPointExtension></extensions></trkpt><trkpt lat="0.0" lon="0.0"><time>2026-01-14T17:30:17Z</time><extensions><gpxtpx:TrackPointExtension><gpxtpx:hr>73</gpxtpx:hr></gpxtpx:TrackPointExtension></extensions></trkpt><trkpt lat="0.0" lon="0.0"><time>2026-01-14T17:30:22Z</time><extensions><gpxtpx:TrackPointExtension><gpxtpx:hr>75</gpxtpx:hr></gpxtpx:TrackPointExtension></extensions></trkpt><trkpt lat="0.0" lon="0.0"><time>2026-01-14T17:30:27Z</time><extensions><gpxtpx:TrackPointExtension><gpxtpx:hr>80</gpxtpx:hr></gpxtpx:TrackPointExtension></extensions></trkpt><trkpt lat="0.0" lon="0.0"><time>2026-01-14T17:30:36Z</time><extensions><gpxtpx:TrackPointExtension><gpxtpx:hr>77</gpxtpx:hr></gpxtpx:TrackPointExtension></extensions></trkpt><trkpt lat="0.0" lon="0.0"><time>2026-01-14T17:30:41Z</time><extensions><gpxtpx:TrackPointExtension><gpxtpx:hr>76</gpxtpx:hr></gpxtpx:TrackPointExtension></extensions></trkpt><trkpt lat="0.0" lon="0.0"><time>2026-01-14T17:30:46Z</time><extensions><gpxtpx:TrackPointExtension><gpxtpx:hr>72</gpxtpx:hr></gpxtpx:TrackPointExtension></extensions></trkpt><trkpt lat="0.0" lon="0.0"><time>2026-01-14T17:30:49Z</time><extensions><gpxtpx:TrackPointExtension><gpxtpx:hr>70</gpxtpx:hr></gpxtpx:TrackPointExtension></extensions></trkpt><trkpt lat="0.0" lon="0.0"><time>2026-01-14T17:30:54Z</time><extensions><gpxtpx:TrackPointExtension><gpxtpx:hr>70</gpxtpx:hr></gpxtpx:TrackPointExtension></extensions></trkpt><trkpt lat="0.0" lon="0.0"><time>2026-01-14T17:30:57Z</time><extensions><gpxtpx:TrackPointExtension><gpxtpx:hr>72</gpxtpx:hr></gpxtpx:TrackPointExtension></extensions></trkpt><trkpt lat="0.0" lon="0.0"><time>2026-01-14T17:31:02Z</time><extensions><gpxtpx:TrackPointExtension><gpxtpx:hr>78</gpxtpx:hr></gpxtpx:TrackPointExtension></extensions></trkpt><trkpt lat="0.0" lon="0.0"><time>2026-01-14T17:31:08Z</time><extensions><gpxtpx:TrackPointExtension><gpxtpx:hr>80</gpxtpx:hr></gpxtpx:TrackPointExtension></extensions></trkpt><trkpt lat="0.0" lon="0.0"><time>2026-01-14T17:31:16Z</time><extensions><gpxtpx:TrackPointExtension><gpxtpx:hr>69</gpxtpx:hr></gpxtpx:TrackPointExtension></extensions></trkpt><trkpt lat="0.0" lon="0.0"><time>2026-01-14T17:31:20Z</time><extensions><gpxtpx:TrackPointExtension><gpxtpx:hr>67</gpxtpx:hr></gpxtpx:TrackPointExtension></extensions></trkpt><trkpt lat="0.0" lon="0.0"><time>2026-01-14T17:31:26Z</time><extensions><gpxtpx:TrackPointExtension><gpxtpx:hr>74</gpxtpx:hr></gpxtpx:TrackPointExtension></extensions></trkpt><trkpt lat="0.0" lon="0.0"><time>2026-01-14T17:31:27Z</time><extensions><gpxtpx:TrackPointExtension><gpxtpx:hr>74</gpxtpx:hr></gpxtpx:TrackPointExtension></extensions></trkpt><trkpt lat="0.0" lon="0.0"><time>2026-01-14T17:31:33Z</time><extensions><gpxtpx:TrackPointExtension><gpxtpx:hr>72</gpxtpx:hr></gpxtpx:TrackPointExtension></extensions></trkpt><trkpt lat="0.0" lon="0.0"><time>2026-01-14T17:31:37Z</time><extensions><gpxtpx:TrackPointExtension><gpxtpx:hr>72</gpxtpx:hr></gpxtpx:TrackPointExtension></extensions></trkpt><trkpt lat="0.0" lon="0.0"><time>2026-01-14T17:31:42Z</time><extensions><gpxtpx:TrackPointExtension><gpxtpx:hr>76</gpxtpx:hr></gpxtpx:TrackPointExtension></extensions></trkpt><trkpt lat="0.0" lon="0.0"><time>2026-01-14T17:31:51Z</time><extensions><gpxtpx:TrackPointExtension><gpxtpx:hr>81</gpxtpx:hr></gpxtpx:TrackPointExtension></extensions></trkpt><trkpt lat="0.0" lon="0.0"><time>2026-01-14T17:31:56Z</time><extensions><gpxtpx:TrackPointExtension><gpxtpx:hr>78</gpxtpx:hr></gpxtpx:TrackPointExtension></extensions></trkpt><trkpt lat="0.0" lon="0.0"><time>2026-01-14T17:32:01Z</time><extensions><gpxtpx:TrackPointExtension><gpxtpx:hr>79</gpxtpx:hr></gpxtpx:TrackPointExtension></extensions></trkpt><trkpt lat="0.0" lon="0.0"><time>2026-01-14T17:32:06Z</time><extensions><gpxtpx:TrackPointExtension><gpxtpx:hr>76</gpxtpx:hr></gpxtpx:TrackPointExtension></extensions></trkpt><trkpt lat="0.0" lon="0.0"><time>2026-01-14T17:32:09Z</time><extensions><gpxtpx:TrackPointExtension><gpxtpx:hr>76</gpxtpx:hr></gpxtpx:TrackPointExtension></extensions></trkpt><trkpt lat="0.0" lon="0.0"><time>2026-01-14T17:32:12Z</time><extensions><gpxtpx:TrackPointExtension><gpxtpx:hr>76</gpxtpx:hr></gpxtpx:TrackPointExtension></extensions></trkpt><trkpt lat="0.0" lon="0.0"><time>2026-01-14T17:32:17Z</time><extensions><gpxtpx:TrackPointExtension><gpxtpx:hr>82</gpxtpx:hr></gpxtpx:TrackPointExtension></extensions></trkpt><trkpt lat="0.0" lon="0.0"><time>2026-01-14T17:32:22Z</time><extensions><gpxtpx:TrackPointExtension><gpxtpx:hr>88</gpxtpx:hr></gpxtpx:TrackPointExtension></extensions></trkpt><trkpt lat="0.0" lon="0.0"><time>2026-01-14T17:32:28Z</time><extensions><gpxtpx:TrackPointExtension><gpxtpx:hr>89</gpxtpx:hr></gpxtpx:TrackPointExtension></extensions></trkpt><trkpt lat="0.0" lon="0.0"><time>2026-01-14T17:32:41Z</time><extensions><gpxtpx:TrackPointExtension><gpxtpx:hr>92</gpxtpx:hr></gpxtpx:TrackPointExtension></extensions></trkpt><trkpt lat="0.0" lon="0.0"><time>2026-01-14T17:32:46Z</time><extensions><gpxtpx:TrackPointExtension><gpxtpx:hr>89</gpxtpx:hr></gpxtpx:TrackPointExtension></extensions></trkpt><trkpt lat="0.0" lon="0.0"><time>2026-01-14T17:32:51Z</time><extensions><gpxtpx:TrackPointExtension><gpxtpx:hr>91</gpxtpx:hr></gpxtpx:TrackPointExtension></extensions></trkpt><trkpt lat="0.0" lon="0.0"><time>2026-01-14T17:32:52Z</time><extensions><gpxtpx:TrackPointExtension><gpxtpx:hr>91</gpxtpx:hr></gpxtpx:TrackPointExtension></extensions></trkpt><trkpt lat="0.0" lon="0.0"><time>2026-01-14T17:33:01Z</time><extensions><gpxtpx:TrackPointExtension><gpxtpx:hr>88</gpxtpx:hr></gpxtpx:TrackPointExtension></extensions></trkpt><trkpt lat="0.0" lon="0.0"><time>2026-01-14T17:33:05Z</time><extensions><gpxtpx:TrackPointExtension><gpxtpx:hr>86</gpxtpx:hr></gpxtpx:TrackPointExtension></extensions></trkpt><trkpt lat="0.0" lon="0.0"><time>2026-01-14T17:33:07Z</time><extensions><gpxtpx:TrackPointExtension><gpxtpx:hr>85</gpxtpx:hr></gpxtpx:TrackPointExtension></extensions></trkpt><trkpt lat="0.0" lon="0.0"><time>2026-01-14T17:33:12Z</time><extensions><gpxtpx:TrackPointExtension><gpxtpx:hr>85</gpxtpx:hr></gpxtpx:TrackPointExtension></extensions></trkpt><trkpt lat="0.0" lon="0.0"><time>2026-01-14T17:33:17Z</time><extensions><gpxtpx:TrackPointExtension><gpxtpx:hr>86</gpxtpx:hr></gpxtpx:TrackPointExtension></extensions></trkpt><trkpt lat="0.0" lon="0.0"><time>2026-01-14T17:33:22Z</time><extensions><gpxtpx:TrackPointExtension><gpxtpx:hr>87</gpxtpx:hr></gpxtpx:TrackPointExtension></extensions></trkpt><trkpt lat="0.0" lon="0.0"><time>2026-01-14T17:33:27Z</time><extensions><gpxtpx:TrackPointExtension><gpxtpx:hr>89</gpxtpx:hr></gpxtpx:TrackPointExtension></extensions></trkpt><trkpt lat="0.0" lon="0.0"><time>2026-01-14T17:33:35Z</time><extensions><gpxtpx:TrackPointExtension><gpxtpx:hr>92</gpxtpx:hr></gpxtpx:TrackPointExtension></extensions></trkpt><trkpt lat="0.0" lon="0.0"><time>2026-01-14T17:33:38Z</time><extensions><gpxtpx:TrackPointExtension><gpxtpx:hr>91</gpxtpx:hr></gpxtpx:TrackPointExtension></extensions></trkpt><trkpt lat="0.0" lon="0.0"><time>2026-01-14T17:33:46Z</time><extensions><gpxtpx:TrackPointExtension><gpxtpx:hr>90</gpxtpx:hr></gpxtpx:TrackPointExtension></extensions></trkpt><trkpt lat="0.0" lon="0.0"><time>2026-01-14T17:33:48Z</time><extensions><gpxtpx:TrackPointExtension><gpxtpx:hr>91</gpxtpx:hr></gpxtpx:TrackPointExtension></extensions></trkpt><trkpt lat="0.0" lon="0.0"><time>2026-01-14T17:33:56Z</time><extensions><gpxtpx:TrackPointExtension><gpxtpx:hr>92</gpxtpx:hr></gpxtpx:TrackPointExtension></extensions></trkpt><trkpt lat="0.0" lon="0.0"><time>2026-01-14T17:33:58Z</time><extensions><gpxtpx:TrackPointExtension><gpxtpx:hr>92</gpxtpx:hr></gpxtpx:TrackPointExtension></extensions></trkpt><trkpt lat="0.0" lon="0.0"><time>2026-01-14T17:34:06Z</time><extensions><gpxtpx:TrackPointExtension><gpxtpx:hr>90</gpxtpx:hr></gpxtpx:TrackPointExtension></extensions></trkpt><trkpt lat="0.0" lon="0.0"><time>2026-01-14T17:34:10Z</time><extensions><gpxtpx:TrackPointExtension><gpxtpx:hr>87</gpxtpx:hr></gpxtpx:TrackPointExtension></extensions></trkpt><trkpt lat="0.0" lon="0.0"><time>2026-01-14T17:34:16Z</time><extensions><gpxtpx:TrackPointExtension><gpxtpx:hr>85</gpxtpx:hr></gpxtpx:TrackPointExtension></extensions></trkpt><trkpt lat="0.0" lon="0.0"><time>2026-01-14T17:34:21Z</time><extensions><gpxtpx:TrackPointExtension><gpxtpx:hr>83</gpxtpx:hr></gpxtpx:TrackPointExtension></extensions></trkpt><trkpt lat="0.0" lon="0.0"><time>2026-01-14T17:34:24Z</time><extensions><gpxtpx:TrackPointExtension><gpxtpx:hr>82</gpxtpx:hr></gpxtpx:TrackPointExtension></extensions></trkpt><trkpt lat="0.0" lon="0.0"><time>2026-01-14T17:34:31Z</time><extensions><gpxtpx:TrackPointExtension><gpxtpx:hr>78</gpxtpx:hr></gpxtpx:TrackPointExtension></extensions></trkpt><trkpt lat="0.0" lon="0.0"><time>2026-01-14T17:34:33Z</time><extensions><gpxtpx:TrackPointExtension><gpxtpx:hr>80</gpxtpx:hr></gpxtpx:TrackPointExtension></extensions></trkpt><trkpt lat="0.0" lon="0.0"><time>2026-01-14T17:34:37Z</time><extensions><gpxtpx:TrackPointExtension><gpxtpx:hr>80</gpxtpx:hr></gpxtpx:TrackPointExtension></extensions></trkpt><trkpt lat="0.0" lon="0.0"><time>2026-01-14T17:34:46Z</time><extensions><gpxtpx:TrackPointExtension><gpxtpx:hr>76</gpxtpx:hr></gpxtpx:TrackPointExtension></extensions></trkpt><trkpt lat="0.0" lon="0.0"><time>2026-01-14T17:34:51Z</time><extensions><gpxtpx:TrackPointExtension><gpxtpx:hr>76</gpxtpx:hr></gpxtpx:TrackPointExtension></extensions></trkpt><trkpt lat="0.0" lon="0.0"><time>2026-01-14T17:34:56Z</time><extensions><gpxtpx:TrackPointExtension><gpxtpx:hr>75</gpxtpx:hr></gpxtpx:TrackPointExtension></extensions></trkpt><trkpt lat="0.0" lon="0.0"><time>2026-01-14T17:35:00Z</time><extensions><gpxtpx:TrackPointExtension><gpxtpx:hr>74</gpxtpx:hr></gpxtpx:TrackPointExtension></extensions></trkpt><trkpt lat="0.0" lon="0.0"><time>2026-01-14T17:35:02Z</time><extensions><gpxtpx:TrackPointExtension><gpxtpx:hr>74</gpxtpx:hr></gpxtpx:TrackPointExtension></extensions></trkpt><trkpt lat="0.0" lon="0.0"><time>2026-01-14T17:35:07Z</time><extensions><gpxtpx:TrackPointExtension><gpxtpx:hr>79</gpxtpx:hr></gpxtpx:TrackPointExtension></extensions></trkpt><trkpt lat="0.0" lon="0.0"><time>2026-01-14T17:35:12Z</time><extensions><gpxtpx:TrackPointExtension><gpxtpx:hr>83</gpxtpx:hr></gpxtpx:TrackPointExtension></extensions></trkpt><trkpt lat="0.0" lon="0.0"><time>2026-01-14T17:35:17Z</time><extensions><gpxtpx:TrackPointExtension><gpxtpx:hr>83</gpxtpx:hr></gpxtpx:TrackPointExtension></extensions></trkpt><trkpt lat="0.0" lon="0.0"><time>2026-01-14T17:35:26Z</time><extensions><gpxtpx:TrackPointExtension><gpxtpx:hr>78</gpxtpx:hr></gpxtpx:TrackPointExtension></extensions></trkpt><trkpt lat="0.0" lon="0.0"><time>2026-01-14T17:35:31Z</time><extensions><gpxtpx:TrackPointExtension><gpxtpx:hr>78</gpxtpx:hr></gpxtpx:TrackPointExtension></extensions></trkpt><trkpt lat="0.0" lon="0.0"><time>2026-01-14T17:35:36Z</time><extensions><gpxtpx:TrackPointExtension><gpxtpx:hr>72</gpxtpx:hr></gpxtpx:TrackPointExtension></extensions></trkpt><trkpt lat="0.0" lon="0.0"><time>2026-01-14T17:35:39Z</time><extensions><gpxtpx:TrackPointExtension><gpxtpx:hr>70</gpxtpx:hr></gpxtpx:TrackPointExtension></extensions></trkpt><trkpt lat="0.0" lon="0.0"><time>2026-01-14T17:35:42Z</time><extensions><gpxtpx:TrackPointExtension><gpxtpx:hr>70</gpxtpx:hr></gpxtpx:TrackPointExtension></extensions></trkpt><trkpt lat="0.0" lon="0.0"><time>2026-01-14T17:35:47Z</time><extensions><gpxtpx:TrackPointExtension><gpxtpx:hr>74</gpxtpx:hr></gpxtpx:TrackPointExtension></extensions></trkpt><trkpt lat="0.0" lon="0.0"><time>2026-01-14T17:35:56Z</time><extensions><gpxtpx:TrackPointExtension><gpxtpx:hr>81</gpxtpx:hr></gpxtpx:TrackPointExtension></extensions></trkpt><trkpt lat="0.0" lon="0.0"><time>2026-01-14T17:36:01Z</time><extensions><gpxtpx:TrackPointExtension><gpxtpx:hr>81</gpxtpx:hr></gpxtpx:TrackPointExtension></extensions></trkpt><trkpt lat="0.0" lon="0.0"><time>2026-01-14T17:36:05Z</time><extensions><gpxtpx:TrackPointExtension><gpxtpx:hr>79</gpxtpx:hr></gpxtpx:TrackPointExtension></extensions></trkpt><trkpt lat="0.0" lon="0.0"><time>2026-01-14T17:36:11Z</time><extensions><gpxtpx:TrackPointExtension><gpxtpx:hr>75</gpxtpx:hr></gpxtpx:TrackPointExtension></extensions></trkpt><trkpt lat="0.0" lon="0.0"><time>2026-01-14T17:36:14Z</time><extensions><gpxtpx:TrackPointExtension><gpxtpx:hr>73</gpxtpx:hr></gpxtpx:TrackPointExtension></extensions></trkpt><trkpt lat="0.0" lon="0.0"><time>2026-01-14T17:36:21Z</time><extensions><gpxtpx:TrackPointExtension><gpxtpx:hr>71</gpxtpx:hr></gpxtpx:TrackPointExtension></extensions></trkpt><trkpt lat="0.0" lon="0.0"><time>2026-01-14T17:36:22Z</time><extensions><gpxtpx:TrackPointExtension><gpxtpx:hr>71</gpxtpx:hr></gpxtpx:TrackPointExtension></extensions></trkpt><trkpt lat="0.0" lon="0.0"><time>2026-01-14T17:36:27Z</time><extensions><gpxtpx:TrackPointExtension><gpxtpx:hr>72</gpxtpx:hr></gpxtpx:TrackPointExtension></extensions></trkpt><trkpt lat="0.0" lon="0.0"><time>2026-01-14T17:36:32Z</time><extensions><gpxtpx:TrackPointExtension><gpxtpx:hr>76</gpxtpx:hr></gpxtpx:TrackPointExtension></extensions></trkpt><trkpt lat="0.0" lon="0.0"><time>2026-01-14T17:36:41Z</time><extensions><gpxtpx:TrackPointExtension><gpxtpx:hr>78</gpxtpx:hr></gpxtpx:TrackPointExtension></extensions></trkpt><trkpt lat="0.0" lon="0.0"><time>2026-01-14T17:36:46Z</time><extensions><gpxtpx:TrackPointExtension><gpxtpx:hr>77</gpxtpx:hr></gpxtpx:TrackPointExtension></extensions></trkpt><trkpt lat="0.0" lon="0.0"><time>2026-01-14T17:36:47Z</time><extensions><gpxtpx:TrackPointExtension><gpxtpx:hr>77</gpxtpx:hr></gpxtpx:TrackPointExtension></extensions></trkpt><trkpt lat="0.0" lon="0.0"><time>2026-01-14T17:36:52Z</time><extensions><gpxtpx:TrackPointExtension><gpxtpx:hr>77</gpxtpx:hr></gpxtpx:TrackPointExtension></extensions></trkpt><trkpt lat="0.0" lon="0.0"><time>2026-01-14T17:36:59Z</time><extensions><gpxtpx:TrackPointExtension><gpxtpx:hr>78</gpxtpx:hr></gpxtpx:TrackPointExtension></extensions></trkpt><trkpt lat="0.0" lon="0.0"><time>2026-01-14T17:37:06Z</time><extensions><gpxtpx:TrackPointExtension><gpxtpx:hr>79</gpxtpx:hr></gpxtpx:TrackPointExtension></extensions></trkpt><trkpt lat="0.0" lon="0.0"><time>2026-01-14T17:37:09Z</time><extensions><gpxtpx:TrackPointExtension><gpxtpx:hr>78</gpxtpx:hr></gpxtpx:TrackPointExtension></extensions></trkpt><trkpt lat="0.0" lon="0.0"><time>2026-01-14T17:37:12Z</time><extensions><gpxtpx:TrackPointExtension><gpxtpx:hr>78</gpxtpx:hr></gpxtpx:TrackPointExtension></extensions></trkpt><trkpt lat="0.0" lon="0.0"><time>2026-01-14T17:37:17Z</time><extensions><gpxtpx:TrackPointExtension><gpxtpx:hr>79</gpxtpx:hr></gpxtpx:TrackPointExtension></extensions></trkpt><trkpt lat="0.0" lon="0.0"><time>2026-01-14T17:37:26Z</time><extensions><gpxtpx:TrackPointExtension><gpxtpx:hr>78</gpxtpx:hr></gpxtpx:TrackPointExtension></extensions></trkpt><trkpt lat="0.0" lon="0.0"><time>2026-01-14T17:37:31Z</time><extensions><gpxtpx:TrackPointExtension><gpxtpx:hr>79</gpxtpx:hr></gpxtpx:TrackPointExtension></extensions></trkpt><trkpt lat="0.0" lon="0.0"><time>2026-01-14T17:37:34Z</time><extensions><gpxtpx:TrackPointExtension><gpxtpx:hr>80</gpxtpx:hr></gpxtpx:TrackPointExtension></extensions></trkpt><trkpt lat="0.0" lon="0.0"><time>2026-01-14T17:37:41Z</time><extensions><gpxtpx:TrackPointExtension><gpxtpx:hr>84</gpxtpx:hr></gpxtpx:TrackPointExtension></extensions></trkpt><trkpt lat="0.0" lon="0.0"><time>2026-01-14T17:37:42Z</time><extensions><gpxtpx:TrackPointExtension><gpxtpx:hr>85</gpxtpx:hr></gpxtpx:TrackPointExtension></extensions></trkpt><trkpt lat="0.0" lon="0.0"><time>2026-01-14T17:37:47Z</time><extensions><gpxtpx:TrackPointExtension><gpxtpx:hr>86</gpxtpx:hr></gpxtpx:TrackPointExtension></extensions></trkpt><trkpt lat="0.0" lon="0.0"><time>2026-01-14T17:37:52Z</time><extensions><gpxtpx:TrackPointExtension><gpxtpx:hr>90</gpxtpx:hr></gpxtpx:TrackPointExtension></extensions></trkpt><trkpt lat="0.0" lon="0.0"><time>2026-01-14T17:37:57Z</time><extensions><gpxtpx:TrackPointExtension><gpxtpx:hr>93</gpxtpx:hr></gpxtpx:TrackPointExtension></extensions></trkpt><trkpt lat="0.0" lon="0.0"><time>2026-01-14T17:38:06Z</time><extensions><gpxtpx:TrackPointExtension><gpxtpx:hr>93</gpxtpx:hr></gpxtpx:TrackPointExtension></extensions></trkpt><trkpt lat="0.0" lon="0.0"><time>2026-01-14T17:38:11Z</time><extensions><gpxtpx:TrackPointExtension><gpxtpx:hr>98</gpxtpx:hr></gpxtpx:TrackPointExtension></extensions></trkpt><trkpt lat="0.0" lon="0.0"><time>2026-01-14T17:38:14Z</time><extensions><gpxtpx:TrackPointExtension><gpxtpx:hr>99</gpxtpx:hr></gpxtpx:TrackPointExtension></extensions></trkpt><trkpt lat="0.0" lon="0.0"><time>2026-01-14T17:38:18Z</time><extensions><gpxtpx:TrackPointExtension><gpxtpx:hr>101</gpxtpx:hr></gpxtpx:TrackPointExtension></extensions></trkpt><trkpt lat="0.0" lon="0.0"><time>2026-01-14T17:38:22Z</time><extensions><gpxtpx:TrackPointExtension><gpxtpx:hr>105</gpxtpx:hr></gpxtpx:TrackPointExtension></extensions></trkpt><trkpt lat="0.0" lon="0.0"><time>2026-01-14T17:38:31Z</time><extensions><gpxtpx:TrackPointExtension><gpxtpx:hr>115</gpxtpx:hr></gpxtpx:TrackPointExtension></extensions></trkpt><trkpt lat="0.0" lon="0.0"><time>2026-01-14T17:38:33Z</time><extensions><gpxtpx:TrackPointExtension><gpxtpx:hr>114</gpxtpx:hr></gpxtpx:TrackPointExtension></extensions></trkpt><trkpt lat="0.0" lon="0.0"><time>2026-01-14T17:38:41Z</time><extensions><gpxtpx:TrackPointExtension><gpxtpx:hr>110</gpxtpx:hr></gpxtpx:TrackPointExtension></extensions></trkpt><trkpt lat="0.0" lon="0.0"><time>2026-01-14T17:38:46Z</time><extensions><gpxtpx:TrackPointExtension><gpxtpx:hr>109</gpxtpx:hr></gpxtpx:TrackPointExtension></extensions></trkpt><trkpt lat="0.0" lon="0.0"><time>2026-01-14T17:38:48Z</time><extensions><gpxtpx:TrackPointExtension><gpxtpx:hr>106</gpxtpx:hr></gpxtpx:TrackPointExtension></extensions></trkpt><trkpt lat="0.0" lon="0.0"><time>2026-01-14T17:38:52Z</time><extensions><gpxtpx:TrackPointExtension><gpxtpx:hr>101</gpxtpx:hr></gpxtpx:TrackPointExtension></extensions></trkpt><trkpt lat="0.0" lon="0.0"><time>2026-01-14T17:38:57Z</time><extensions><gpxtpx:TrackPointExtension><gpxtpx:hr>100</gpxtpx:hr></gpxtpx:TrackPointExtension></extensions></trkpt><trkpt lat="0.0" lon="0.0"><time>2026-01-14T17:39:02Z</time><extensions><gpxtpx:TrackPointExtension><gpxtpx:hr>98</gpxtpx:hr></gpxtpx:TrackPointExtension></extensions></trkpt><trkpt lat="0.0" lon="0.0"><time>2026-01-14T17:39:11Z</time><extensions><gpxtpx:TrackPointExtension><gpxtpx:hr>93</gpxtpx:hr></gpxtpx:TrackPointExtension></extensions></trkpt><trkpt lat="0.0" lon="0.0"><time>2026-01-14T17:39:16Z</time><extensions><gpxtpx:TrackPointExtension><gpxtpx:hr>90</gpxtpx:hr></gpxtpx:TrackPointExtension></extensions></trkpt><trkpt lat="0.0" lon="0.0"><time>2026-01-14T17:39:19Z</time><extensions><gpxtpx:TrackPointExtension><gpxtpx:hr>90</gpxtpx:hr></gpxtpx:TrackPointExtension></extensions></trkpt><trkpt lat="0.0" lon="0.0"><time>2026-01-14T17:39:22Z</time><extensions><gpxtpx:TrackPointExtension><gpxtpx:hr>91</gpxtpx:hr></gpxtpx:TrackPointExtension></extensions></trkpt><trkpt lat="0.0" lon="0.0"><time>2026-01-14T17:39:29Z</time><extensions><gpxtpx:TrackPointExtension><gpxtpx:hr>85</gpxtpx:hr></gpxtpx:TrackPointExtension></extensions></trkpt><trkpt lat="0.0" lon="0.0"><time>2026-01-14T17:39:36Z</time><extensions><gpxtpx:TrackPointExtension><gpxtpx:hr>79</gpxtpx:hr></gpxtpx:TrackPointExtension></extensions></trkpt><trkpt lat="0.0" lon="0.0"><time>2026-01-14T17:39:40Z</time><extensions><gpxtpx:TrackPointExtension><gpxtpx:hr>79</gpxtpx:hr></gpxtpx:TrackPointExtension></extensions></trkpt><trkpt lat="0.0" lon="0.0"><time>2026-01-14T17:39:42Z</time><extensions><gpxtpx:TrackPointExtension><gpxtpx:hr>78</gpxtpx:hr></gpxtpx:TrackPointExtension></extensions></trkpt><trkpt lat="0.0" lon="0.0"><time>2026-01-14T17:39:51Z</time><extensions><gpxtpx:TrackPointExtension><gpxtpx:hr>79</gpxtpx:hr></gpxtpx:TrackPointExtension></extensions></trkpt><trkpt lat="0.0" lon="0.0"><time>2026-01-14T17:39:56Z</time><extensions><gpxtpx:TrackPointExtension><gpxtpx:hr>77</gpxtpx:hr></gpxtpx:TrackPointExtension></extensions></trkpt><trkpt lat="0.0" lon="0.0"><time>2026-01-14T17:40:01Z</time><extensions><gpxtpx:TrackPointExtension><gpxtpx:hr>75</gpxtpx:hr></gpxtpx:TrackPointExtension></extensions></trkpt><trkpt lat="0.0" lon="0.0"><time>2026-01-14T17:40:06Z</time><extensions><gpxtpx:TrackPointExtension><gpxtpx:hr>73</gpxtpx:hr></gpxtpx:TrackPointExtension></extensions></trkpt><trkpt lat="0.0" lon="0.0"><time>2026-01-14T17:40:07Z</time><extensions><gpxtpx:TrackPointExtension><gpxtpx:hr>72</gpxtpx:hr></gpxtpx:TrackPointExtension></extensions></trkpt><trkpt lat="0.0" lon="0.0"><time>2026-01-14T17:40:12Z</time><extensions><gpxtpx:TrackPointExtension><gpxtpx:hr>72</gpxtpx:hr></gpxtpx:TrackPointExtension></extensions></trkpt><trkpt lat="0.0" lon="0.0"><time>2026-01-14T17:40:17Z</time><extensions><gpxtpx:TrackPointExtension><gpxtpx:hr>74</gpxtpx:hr></gpxtpx:TrackPointExtension></extensions></trkpt><trkpt lat="0.0" lon="0.0"><time>2026-01-14T17:40:22Z</time><extensions><gpxtpx:TrackPointExtension><gpxtpx:hr>77</gpxtpx:hr></gpxtpx:TrackPointExtension></extensions></trkpt><trkpt lat="0.0" lon="0.0"><time>2026-01-14T17:40:31Z</time><extensions><gpxtpx:TrackPointExtension><gpxtpx:hr>77</gpxtpx:hr></gpxtpx:TrackPointExtension></extensions></trkpt><trkpt lat="0.0" lon="0.0"><time>2026-01-14T17:40:36Z</time><extensions><gpxtpx:TrackPointExtension><gpxtpx:hr>79</gpxtpx:hr></gpxtpx:TrackPointExtension></extensions></trkpt><trkpt lat="0.0" lon="0.0"><time>2026-01-14T17:40:38Z</time><extensions><gpxtpx:TrackPointExtension><gpxtpx:hr>80</gpxtpx:hr></gpxtpx:TrackPointExtension></extensions></trkpt><trkpt lat="0.0" lon="0.0"><time>2026-01-14T17:40:46Z</time><extensions><gpxtpx:TrackPointExtension><gpxtpx:hr>79</gpxtpx:hr></gpxtpx:TrackPointExtension></extensions></trkpt><trkpt lat="0.0" lon="0.0"><time>2026-01-14T17:40:51Z</time><extensions><gpxtpx:TrackPointExtension><gpxtpx:hr>80</gpxtpx:hr></gpxtpx:TrackPointExtension></extensions></trkpt><trkpt lat="0.0" lon="0.0"><time>2026-01-14T17:40:54Z</time><extensions><gpxtpx:TrackPointExtension><gpxtpx:hr>79</gpxtpx:hr></gpxtpx:TrackPointExtension></extensions></trkpt><trkpt lat="0.0" lon="0.0"><time>2026-01-14T17:40:57Z</time><extensions><gpxtpx:TrackPointExtension><gpxtpx:hr>78</gpxtpx:hr></gpxtpx:TrackPointExtension></extensions></trkpt><trkpt lat="0.0" lon="0.0"><time>2026-01-14T17:41:05Z</time><extensions><gpxtpx:TrackPointExtension><gpxtpx:hr>76</gpxtpx:hr></gpxtpx:TrackPointExtension></extensions></trkpt><trkpt lat="0.0" lon="0.0"><time>2026-01-14T17:41:11Z</time><extensions><gpxtpx:TrackPointExtension><gpxtpx:hr>76</gpxtpx:hr></gpxtpx:TrackPointExtension></extensions></trkpt><trkpt lat="0.0" lon="0.0"><time>2026-01-14T17:41:16Z</time><extensions><gpxtpx:TrackPointExtension><gpxtpx:hr>74</gpxtpx:hr></gpxtpx:TrackPointExtension></extensions></trkpt><trkpt lat="0.0" lon="0.0"><time>2026-01-14T17:41:20Z</time><extensions><gpxtpx:TrackPointExtension><gpxtpx:hr>74</gpxtpx:hr></gpxtpx:TrackPointExtension></extensions></trkpt><trkpt lat="0.0" lon="0.0"><time>2026-01-14T17:41:23Z</time><extensions><gpxtpx:TrackPointExtension><gpxtpx:hr>73</gpxtpx:hr></gpxtpx:TrackPointExtension></extensions></trkpt><trkpt lat="0.0" lon="0.0"><time>2026-01-14T17:41:27Z</time><extensions><gpxtpx:TrackPointExtension><gpxtpx:hr>72</gpxtpx:hr></gpxtpx:TrackPointExtension></extensions></trkpt><trkpt lat="0.0" lon="0.0"><time>2026-01-14T17:41:34Z</time><extensions><gpxtpx:TrackPointExtension><gpxtpx:hr>74</gpxtpx:hr></gpxtpx:TrackPointExtension></extensions></trkpt><trkpt lat="0.0" lon="0.0"><time>2026-01-14T17:41:40Z</time><extensions><gpxtpx:TrackPointExtension><gpxtpx:hr>71</gpxtpx:hr></gpxtpx:TrackPointExtension></extensions></trkpt><trkpt lat="0.0" lon="0.0"><time>2026-01-14T17:41:42Z</time><extensions><gpxtpx:TrackPointExtension><gpxtpx:hr>70</gpxtpx:hr></gpxtpx:TrackPointExtension></extensions></trkpt><trkpt lat="0.0" lon="0.0"><time>2026-01-14T17:41:51Z</time><extensions><gpxtpx:TrackPointExtension><gpxtpx:hr>73</gpxtpx:hr></gpxtpx:TrackPointExtension></extensions></trkpt><trkpt lat="0.0" lon="0.0"><time>2026-01-14T17:41:56Z</time><extensions><gpxtpx:TrackPointExtension><gpxtpx:hr>75</gpxtpx:hr></gpxtpx:TrackPointExtension></extensions></trkpt><trkpt lat="0.0" lon="0.0"><time>2026-01-14T17:41:57Z</time><extensions><gpxtpx:TrackPointExtension><gpxtpx:hr>76</gpxtpx:hr></gpxtpx:TrackPointExtension></extensions></trkpt><trkpt lat="0.0" lon="0.0"><time>2026-01-14T17:42:06Z</time><extensions><gpxtpx:TrackPointExtension><gpxtpx:hr>80</gpxtpx:hr></gpxtpx:TrackPointExtension></extensions></trkpt><trkpt lat="0.0" lon="0.0"><time>2026-01-14T17:42:11Z</time><extensions><gpxtpx:TrackPointExtension><gpxtpx:hr>77</gpxtpx:hr></gpxtpx:TrackPointExtension></extensions></trkpt><trkpt lat="0.0" lon="0.0"><time>2026-01-14T17:42:16Z</time><extensions><gpxtpx:TrackPointExtension><gpxtpx:hr>75</gpxtpx:hr></gpxtpx:TrackPointExtension></extensions></trkpt><trkpt lat="0.0" lon="0.0"><time>2026-01-14T17:42:21Z</time><extensions><gpxtpx:TrackPointExtension><gpxtpx:hr>72</gpxtpx:hr></gpxtpx:TrackPointExtension></extensions></trkpt><trkpt lat="0.0" lon="0.0"><time>2026-01-14T17:42:22Z</time><extensions><gpxtpx:TrackPointExtension><gpxtpx:hr>72</gpxtpx:hr></gpxtpx:TrackPointExtension></extensions></trkpt><trkpt lat="0.0" lon="0.0"><time>2026-01-14T17:42:31Z</time><extensions><gpxtpx:TrackPointExtension><gpxtpx:hr>74</gpxtpx:hr></gpxtpx:TrackPointExtension></extensions></trkpt><trkpt lat="0.0" lon="0.0"><time>2026-01-14T17:42:32Z</time><extensions><gpxtpx:TrackPointExtension><gpxtpx:hr>74</gpxtpx:hr></gpxtpx:TrackPointExtension></extensions></trkpt><trkpt lat="0.0" lon="0.0"><time>2026-01-14T17:42:41Z</time><extensions><gpxtpx:TrackPointExtension><gpxtpx:hr>75</gpxtpx:hr></gpxtpx:TrackPointExtension></extensions></trkpt><trkpt lat="0.0" lon="0.0"><time>2026-01-14T17:42:46Z</time><extensions><gpxtpx:TrackPointExtension><gpxtpx:hr>75</gpxtpx:hr></gpxtpx:TrackPointExtension></extensions></trkpt><trkpt lat="0.0" lon="0.0"><time>2026-01-14T17:42:51Z</time><extensions><gpxtpx:TrackPointExtension><gpxtpx:hr>73</gpxtpx:hr></gpxtpx:TrackPointExtension></extensions></trkpt><trkpt lat="0.0" lon="0.0"><time>2026-01-14T17:42:56Z</time><extensions><gpxtpx:TrackPointExtension><gpxtpx:hr>72</gpxtpx:hr></gpxtpx:TrackPointExtension></extensions></trkpt><trkpt lat="0.0" lon="0.0"><time>2026-01-14T17:42:57Z</time><extensions><gpxtpx:TrackPointExtension><gpxtpx:hr>72</gpxtpx:hr></gpxtpx:TrackPointExtension></extensions></trkpt><trkpt lat="0.0" lon="0.0"><time>2026-01-14T17:43:02Z</time><extensions><gpxtpx:TrackPointExtension><gpxtpx:hr>73</gpxtpx:hr></gpxtpx:TrackPointExtension></extensions></trkpt><trkpt lat="0.0" lon="0.0"><time>2026-01-14T17:43:07Z</time><extensions><gpxtpx:TrackPointExtension><gpxtpx:hr>76</gpxtpx:hr></gpxtpx:TrackPointExtension></extensions></trkpt><trkpt lat="0.0" lon="0.0"><time>2026-01-14T17:43:12Z</time><extensions><gpxtpx:TrackPointExtension><gpxtpx:hr>76</gpxtpx:hr></gpxtpx:TrackPointExtension></extensions></trkpt><trkpt lat="0.0" lon="0.0"><time>2026-01-14T17:43:21Z</time><extensions><gpxtpx:TrackPointExtension><gpxtpx:hr>77</gpxtpx:hr></gpxtpx:TrackPointExtension></extensions></trkpt><trkpt lat="0.0" lon="0.0"><time>2026-01-14T17:43:23Z</time><extensions><gpxtpx:TrackPointExtension><gpxtpx:hr>77</gpxtpx:hr></gpxtpx:TrackPointExtension></extensions></trkpt><trkpt lat="0.0" lon="0.0"><time>2026-01-14T17:43:31Z</time><extensions><gpxtpx:TrackPointExtension><gpxtpx:hr>77</gpxtpx:hr></gpxtpx:TrackPointExtension></extensions></trkpt><trkpt lat="0.0" lon="0.0"><time>2026-01-14T17:43:35Z</time><extensions><gpxtpx:TrackPointExtension><gpxtpx:hr>78</gpxtpx:hr></gpxtpx:TrackPointExtension></extensions></trkpt><trkpt lat="0.0" lon="0.0"><time>2026-01-14T17:43:41Z</time><extensions><gpxtpx:TrackPointExtension><gpxtpx:hr>75</gpxtpx:hr></gpxtpx:TrackPointExtension></extensions></trkpt><trkpt lat="0.0" lon="0.0"><time>2026-01-14T17:43:42Z</time><extensions><gpxtpx:TrackPointExtension><gpxtpx:hr>74</gpxtpx:hr></gpxtpx:TrackPointExtension></extensions></trkpt><trkpt lat="0.0" lon="0.0"><time>2026-01-14T17:43:47Z</time><extensions><gpxtpx:TrackPointExtension><gpxtpx:hr>76</gpxtpx:hr></gpxtpx:TrackPointExtension></extensions></trkpt><trkpt lat="0.0" lon="0.0"><time>2026-01-14T17:43:56Z</time><extensions><gpxtpx:TrackPointExtension><gpxtpx:hr>80</gpxtpx:hr></gpxtpx:TrackPointExtension></extensions></trkpt><trkpt lat="0.0" lon="0.0"><time>2026-01-14T17:44:01Z</time><extensions><gpxtpx:TrackPointExtension><gpxtpx:hr>83</gpxtpx:hr></gpxtpx:TrackPointExtension></extensions></trkpt><trkpt lat="0.0" lon="0.0"><time>2026-01-14T17:44:06Z</time><extensions><gpxtpx:TrackPointExtension><gpxtpx:hr>78</gpxtpx:hr></gpxtpx:TrackPointExtension></extensions></trkpt><trkpt lat="0.0" lon="0.0"><time>2026-01-14T17:44:11Z</time><extensions><gpxtpx:TrackPointExtension><gpxtpx:hr>80</gpxtpx:hr></gpxtpx:TrackPointExtension></extensions></trkpt><trkpt lat="0.0" lon="0.0"><time>2026-01-14T17:44:13Z</time><extensions><gpxtpx:TrackPointExtension><gpxtpx:hr>80</gpxtpx:hr></gpxtpx:TrackPointExtension></extensions></trkpt><trkpt lat="0.0" lon="0.0"><time>2026-01-14T17:44:17Z</time><extensions><gpxtpx:TrackPointExtension><gpxtpx:hr>79</gpxtpx:hr></gpxtpx:TrackPointExtension></extensions></trkpt><trkpt lat="0.0" lon="0.0"><time>2026-01-14T17:44:22Z</time><extensions><gpxtpx:TrackPointExtension><gpxtpx:hr>79</gpxtpx:hr></gpxtpx:TrackPointExtension></extensions></trkpt><trkpt lat="0.0" lon="0.0"><time>2026-01-14T17:44:27Z</time><extensions><gpxtpx:TrackPointExtension><gpxtpx:hr>78</gpxtpx:hr></gpxtpx:TrackPointExtension></extensions></trkpt><trkpt lat="0.0" lon="0.0"><time>2026-01-14T17:44:36Z</time><extensions><gpxtpx:TrackPointExtension><gpxtpx:hr>76</gpxtpx:hr></gpxtpx:TrackPointExtension></extensions></trkpt><trkpt lat="0.0" lon="0.0"><time>2026-01-14T17:44:41Z</time><extensions><gpxtpx:TrackPointExtension><gpxtpx:hr>74</gpxtpx:hr></gpxtpx:TrackPointExtension></extensions></trkpt><trkpt lat="0.0" lon="0.0"><time>2026-01-14T17:44:44Z</time><extensions><gpxtpx:TrackPointExtension><gpxtpx:hr>72</gpxtpx:hr></gpxtpx:TrackPointExtension></extensions></trkpt><trkpt lat="0.0" lon="0.0"><time>2026-01-14T17:44:47Z</time><extensions><gpxtpx:TrackPointExtension><gpxtpx:hr>73</gpxtpx:hr></gpxtpx:TrackPointExtension></extensions></trkpt><trkpt lat="0.0" lon="0.0"><time>2026-01-14T17:44:56Z</time><extensions><gpxtpx:TrackPointExtension><gpxtpx:hr>76</gpxtpx:hr></gpxtpx:TrackPointExtension></extensions></trkpt><trkpt lat="0.0" lon="0.0"><time>2026-01-14T17:45:01Z</time><extensions><gpxtpx:TrackPointExtension><gpxtpx:hr>74</gpxtpx:hr></gpxtpx:TrackPointExtension></extensions></trkpt><trkpt lat="0.0" lon="0.0"><time>2026-01-14T17:45:06Z</time><extensions><gpxtpx:TrackPointExtension><gpxtpx:hr>73</gpxtpx:hr></gpxtpx:TrackPointExtension></extensions></trkpt><trkpt lat="0.0" lon="0.0"><time>2026-01-14T17:45:08Z</time><extensions><gpxtpx:TrackPointExtension><gpxtpx:hr>74</gpxtpx:hr></gpxtpx:TrackPointExtension></extensions></trkpt><trkpt lat="0.0" lon="0.0"><time>2026-01-14T17:45:12Z</time><extensions><gpxtpx:TrackPointExtension><gpxtpx:hr>74</gpxtpx:hr></gpxtpx:TrackPointExtension></extensions></trkpt><trkpt lat="0.0" lon="0.0"><time>2026-01-14T17:45:21Z</time><extensions><gpxtpx:TrackPointExtension><gpxtpx:hr>77</gpxtpx:hr></gpxtpx:TrackPointExtension></extensions></trkpt><trkpt lat="0.0" lon="0.0"><time>2026-01-14T17:45:26Z</time><extensions><gpxtpx:TrackPointExtension><gpxtpx:hr>73</gpxtpx:hr></gpxtpx:TrackPointExtension></extensions></trkpt><trkpt lat="0.0" lon="0.0"><time>2026-01-14T17:45:27Z</time><extensions><gpxtpx:TrackPointExtension><gpxtpx:hr>72</gpxtpx:hr></gpxtpx:TrackPointExtension></extensions></trkpt><trkpt lat="0.0" lon="0.0"><time>2026-01-14T17:45:32Z</time><extensions><gpxtpx:TrackPointExtension><gpxtpx:hr>72</gpxtpx:hr></gpxtpx:TrackPointExtension></extensions></trkpt><trkpt lat="0.0" lon="0.0"><time>2026-01-14T17:45:40Z</time><extensions><gpxtpx:TrackPointExtension><gpxtpx:hr>76</gpxtpx:hr></gpxtpx:TrackPointExtension></extensions></trkpt><trkpt lat="0.0" lon="0.0"><time>2026-01-14T17:45:46Z</time><extensions><gpxtpx:TrackPointExtension><gpxtpx:hr>77</gpxtpx:hr></gpxtpx:TrackPointExtension></extensions></trkpt><trkpt lat="0.0" lon="0.0"><time>2026-01-14T17:45:51Z</time><extensions><gpxtpx:TrackPointExtension><gpxtpx:hr>75</gpxtpx:hr></gpxtpx:TrackPointExtension></extensions></trkpt><trkpt lat="0.0" lon="0.0"><time>2026-01-14T17:45:55Z</time><extensions><gpxtpx:TrackPointExtension><gpxtpx:hr>74</gpxtpx:hr></gpxtpx:TrackPointExtension></extensions></trkpt><trkpt lat="0.0" lon="0.0"><time>2026-01-14T17:45:57Z</time><extensions><gpxtpx:TrackPointExtension><gpxtpx:hr>75</gpxtpx:hr></gpxtpx:TrackPointExtension></extensions></trkpt><trkpt lat="0.0" lon="0.0"><time>2026-01-14T17:46:02Z</time><extensions><gpxtpx:TrackPointExtension><gpxtpx:hr>76</gpxtpx:hr></gpxtpx:TrackPointExtension></extensions></trkpt><trkpt lat="0.0" lon="0.0"><time>2026-01-14T17:46:07Z</time><extensions><gpxtpx:TrackPointExtension><gpxtpx:hr>78</gpxtpx:hr></gpxtpx:TrackPointExtension></extensions></trkpt><trkpt lat="0.0" lon="0.0"><time>2026-01-14T17:46:16Z</time><extensions><gpxtpx:TrackPointExtension><gpxtpx:hr>79</gpxtpx:hr></gpxtpx:TrackPointExtension></extensions></trkpt><trkpt lat="0.0" lon="0.0"><time>2026-01-14T17:46:21Z</time><extensions><gpxtpx:TrackPointExtension><gpxtpx:hr>79</gpxtpx:hr></gpxtpx:TrackPointExtension></extensions></trkpt><trkpt lat="0.0" lon="0.0"><time>2026-01-14T17:46:25Z</time><extensions><gpxtpx:TrackPointExtension><gpxtpx:hr>79</gpxtpx:hr></gpxtpx:TrackPointExtension></extensions></trkpt><trkpt lat="0.0" lon="0.0"><time>2026-01-14T17:46:29Z</time><extensions><gpxtpx:TrackPointExtension><gpxtpx:hr>77</gpxtpx:hr></gpxtpx:TrackPointExtension></extensions></trkpt><trkpt lat="0.0" lon="0.0"><time>2026-01-14T17:46:36Z</time><extensions><gpxtpx:TrackPointExtension><gpxtpx:hr>74</gpxtpx:hr></gpxtpx:TrackPointExtension></extensions></trkpt><trkpt lat="0.0" lon="0.0"><time>2026-01-14T17:46:41Z</time><extensions><gpxtpx:TrackPointExtension><gpxtpx:hr>72</gpxtpx:hr></gpxtpx:TrackPointExtension></extensions></trkpt><trkpt lat="0.0" lon="0.0"><time>2026-01-14T17:46:46Z</time><extensions><gpxtpx:TrackPointExtension><gpxtpx:hr>72</gpxtpx:hr></gpxtpx:TrackPointExtension></extensions></trkpt><trkpt lat="0.0" lon="0.0"><time>2026-01-14T17:46:51Z</time><extensions><gpxtpx:TrackPointExtension><gpxtpx:hr>71</gpxtpx:hr></gpxtpx:TrackPointExtension></extensions></trkpt><trkpt lat="0.0" lon="0.0"><time>2026-01-14T17:46:52Z</time><extensions><gpxtpx:TrackPointExtension><gpxtpx:hr>70</gpxtpx:hr></gpxtpx:TrackPointExtension></extensions></trkpt><trkpt lat="0.0" lon="0.0"><time>2026-01-14T17:46:57Z</time><extensions><gpxtpx:TrackPointExtension><gpxtpx:hr>72</gpxtpx:hr></gpxtpx:TrackPointExtension></extensions></trkpt><trkpt lat="0.0" lon="0.0"><time>2026-01-14T17:47:06Z</time><extensions><gpxtpx:TrackPointExtension><gpxtpx:hr>75</gpxtpx:hr></gpxtpx:TrackPointExtension></extensions></trkpt><trkpt lat="0.0" lon="0.0"><time>2026-01-14T17:47:11Z</time><extensions><gpxtpx:TrackPointExtension><gpxtpx:hr>75</gpxtpx:hr></gpxtpx:TrackPointExtension></extensions></trkpt><trkpt lat="0.0" lon="0.0"><time>2026-01-14T17:47:12Z</time><extensions><gpxtpx:TrackPointExtension><gpxtpx:hr>75</gpxtpx:hr></gpxtpx:TrackPointExtension></extensions></trkpt><trkpt lat="0.0" lon="0.0"><time>2026-01-14T17:47:20Z</time><extensions><gpxtpx:TrackPointExtension><gpxtpx:hr>73</gpxtpx:hr></gpxtpx:TrackPointExtension></extensions></trkpt><trkpt lat="0.0" lon="0.0"><time>2026-01-14T17:47:25Z</time><extensions><gpxtpx:TrackPointExtension><gpxtpx:hr>72</gpxtpx:hr></gpxtpx:TrackPointExtension></extensions></trkpt><trkpt lat="0.0" lon="0.0"><time>2026-01-14T17:47:27Z</time><extensions><gpxtpx:TrackPointExtension><gpxtpx:hr>72</gpxtpx:hr></gpxtpx:TrackPointExtension></extensions></trkpt><trkpt lat="0.0" lon="0.0"><time>2026-01-14T17:47:32Z</time><extensions><gpxtpx:TrackPointExtension><gpxtpx:hr>74</gpxtpx:hr></gpxtpx:TrackPointExtension></extensions></trkpt><trkpt lat="0.0" lon="0.0"><time>2026-01-14T17:47:41Z</time><extensions><gpxtpx:TrackPointExtension><gpxtpx:hr>74</gpxtpx:hr></gpxtpx:TrackPointExtension></extensions></trkpt><trkpt lat="0.0" lon="0.0"><time>2026-01-14T17:47:46Z</time><extensions><gpxtpx:TrackPointExtension><gpxtpx:hr>73</gpxtpx:hr></gpxtpx:TrackPointExtension></extensions></trkpt><trkpt lat="0.0" lon="0.0"><time>2026-01-14T17:47:50Z</time><extensions><gpxtpx:TrackPointExtension><gpxtpx:hr>72</gpxtpx:hr></gpxtpx:TrackPointExtension></extensions></trkpt><trkpt lat="0.0" lon="0.0"><time>2026-01-14T17:47:52Z</time><extensions><gpxtpx:TrackPointExtension><gpxtpx:hr>73</gpxtpx:hr></gpxtpx:TrackPointExtension></extensions></trkpt><trkpt lat="0.0" lon="0.0"><time>2026-01-14T17:48:00Z</time><extensions><gpxtpx:TrackPointExtension><gpxtpx:hr>77</gpxtpx:hr></gpxtpx:TrackPointExtension></extensions></trkpt><trkpt lat="0.0" lon="0.0"><time>2026-01-14T17:48:02Z</time><extensions><gpxtpx:TrackPointExtension><gpxtpx:hr>78</gpxtpx:hr></gpxtpx:TrackPointExtension></extensions></trkpt><trkpt lat="0.0" lon="0.0"><time>2026-01-14T17:48:07Z</time><extensions><gpxtpx:TrackPointExtension><gpxtpx:hr>81</gpxtpx:hr></gpxtpx:TrackPointExtension></extensions></trkpt><trkpt lat="0.0" lon="0.0"><time>2026-01-14T17:48:12Z</time><extensions><gpxtpx:TrackPointExtension><gpxtpx:hr>83</gpxtpx:hr></gpxtpx:TrackPointExtension></extensions></trkpt><trkpt lat="0.0" lon="0.0"><time>2026-01-14T17:48:21Z</time><extensions><gpxtpx:TrackPointExtension><gpxtpx:hr>86</gpxtpx:hr></gpxtpx:TrackPointExtension></extensions></trkpt><trkpt lat="0.0" lon="0.0"><time>2026-01-14T17:48:26Z</time><extensions><gpxtpx:TrackPointExtension><gpxtpx:hr>83</gpxtpx:hr></gpxtpx:TrackPointExtension></extensions></trkpt><trkpt lat="0.0" lon="0.0"><time>2026-01-14T17:48:29Z</time><extensions><gpxtpx:TrackPointExtension><gpxtpx:hr>79</gpxtpx:hr></gpxtpx:TrackPointExtension></extensions></trkpt><trkpt lat="0.0" lon="0.0"><time>2026-01-14T17:48:32Z</time><extensions><gpxtpx:TrackPointExtension><gpxtpx:hr>79</gpxtpx:hr></gpxtpx:TrackPointExtension></extensions></trkpt><trkpt lat="0.0" lon="0.0"><time>2026-01-14T17:48:38Z</time><extensions><gpxtpx:TrackPointExtension><gpxtpx:hr>79</gpxtpx:hr></gpxtpx:TrackPointExtension></extensions></trkpt><trkpt lat="0.0" lon="0.0"><time>2026-01-14T17:48:42Z</time><extensions><gpxtpx:TrackPointExtension><gpxtpx:hr>81</gpxtpx:hr></gpxtpx:TrackPointExtension></extensions></trkpt><trkpt lat="0.0" lon="0.0"><time>2026-01-14T17:48:48Z</time><extensions><gpxtpx:TrackPointExtension><gpxtpx:hr>83</gpxtpx:hr></gpxtpx:TrackPointExtension></extensions></trkpt><trkpt lat="0.0" lon="0.0"><time>2026-01-14T17:48:56Z</time><extensions><gpxtpx:TrackPointExtension><gpxtpx:hr>79</gpxtpx:hr></gpxtpx:TrackPointExtension></extensions></trkpt><trkpt lat="0.0" lon="0.0"><time>2026-01-14T17:49:01Z</time><extensions><gpxtpx:TrackPointExtension><gpxtpx:hr>81</gpxtpx:hr></gpxtpx:TrackPointExtension></extensions></trkpt><trkpt lat="0.0" lon="0.0"><time>2026-01-14T17:49:05Z</time><extensions><gpxtpx:TrackPointExtension><gpxtpx:hr>83</gpxtpx:hr></gpxtpx:TrackPointExtension></extensions></trkpt><trkpt lat="0.0" lon="0.0"><time>2026-01-14T17:49:11Z</time><extensions><gpxtpx:TrackPointExtension><gpxtpx:hr>78</gpxtpx:hr></gpxtpx:TrackPointExtension></extensions></trkpt><trkpt lat="0.0" lon="0.0"><time>2026-01-14T17:49:13Z</time><extensions><gpxtpx:TrackPointExtension><gpxtpx:hr>78</gpxtpx:hr></gpxtpx:TrackPointExtension></extensions></trkpt><trkpt lat="0.0" lon="0.0"><time>2026-01-14T17:49:21Z</time><extensions><gpxtpx:TrackPointExtension><gpxtpx:hr>77</gpxtpx:hr></gpxtpx:TrackPointExtension></extensions></trkpt><trkpt lat="0.0" lon="0.0"><time>2026-01-14T17:49:26Z</time><extensions><gpxtpx:TrackPointExtension><gpxtpx:hr>75</gpxtpx:hr></gpxtpx:TrackPointExtension></extensions></trkpt><trkpt lat="0.0" lon="0.0"><time>2026-01-14T17:49:30Z</time><extensions><gpxtpx:TrackPointExtension><gpxtpx:hr>75</gpxtpx:hr></gpxtpx:TrackPointExtension></extensions></trkpt><trkpt lat="0.0" lon="0.0"><time>2026-01-14T17:49:36Z</time><extensions><gpxtpx:TrackPointExtension><gpxtpx:hr>73</gpxtpx:hr></gpxtpx:TrackPointExtension></extensions></trkpt><trkpt lat="0.0" lon="0.0"><time>2026-01-14T17:49:39Z</time><extensions><gpxtpx:TrackPointExtension><gpxtpx:hr>73</gpxtpx:hr></gpxtpx:TrackPointExtension></extensions></trkpt><trkpt lat="0.0" lon="0.0"><time>2026-01-14T17:49:42Z</time><extensions><gpxtpx:TrackPointExtension><gpxtpx:hr>73</gpxtpx:hr></gpxtpx:TrackPointExtension></extensions></trkpt><trkpt lat="0.0" lon="0.0"><time>2026-01-14T17:49:49Z</time><extensions><gpxtpx:TrackPointExtension><gpxtpx:hr>72</gpxtpx:hr></gpxtpx:TrackPointExtension></extensions></trkpt><trkpt lat="0.0" lon="0.0"><time>2026-01-14T17:49:52Z</time><extensions><gpxtpx:TrackPointExtension><gpxtpx:hr>72</gpxtpx:hr></gpxtpx:TrackPointExtension></extensions></trkpt><trkpt lat="0.0" lon="0.0"><time>2026-01-14T17:50:01Z</time><extensions><gpxtpx:TrackPointExtension><gpxtpx:hr>70</gpxtpx:hr></gpxtpx:TrackPointExtension></extensions></trkpt><trkpt lat="0.0" lon="0.0"><time>2026-01-14T17:50:02Z</time><extensions><gpxtpx:TrackPointExtension><gpxtpx:hr>70</gpxtpx:hr></gpxtpx:TrackPointExtension></extensions></trkpt><trkpt lat="0.0" lon="0.0"><time>2026-01-14T17:50:07Z</time><extensions><gpxtpx:TrackPointExtension><gpxtpx:hr>72</gpxtpx:hr></gpxtpx:TrackPointExtension></extensions></trkpt><trkpt lat="0.0" lon="0.0"><time>2026-01-14T17:50:12Z</time><extensions><gpxtpx:TrackPointExtension><gpxtpx:hr>76</gpxtpx:hr></gpxtpx:TrackPointExtension></extensions></trkpt><trkpt lat="0.0" lon="0.0"><time>2026-01-14T17:50:17Z</time><extensions><gpxtpx:TrackPointExtension><gpxtpx:hr>79</gpxtpx:hr></gpxtpx:TrackPointExtension></extensions></trkpt><trkpt lat="0.0" lon="0.0"><time>2026-01-14T17:50:24Z</time><extensions><gpxtpx:TrackPointExtension><gpxtpx:hr>79</gpxtpx:hr></gpxtpx:TrackPointExtension></extensions></trkpt><trkpt lat="0.0" lon="0.0"><time>2026-01-14T17:50:27Z</time><extensions><gpxtpx:TrackPointExtension><gpxtpx:hr>79</gpxtpx:hr></gpxtpx:TrackPointExtension></extensions></trkpt><trkpt lat="0.0" lon="0.0"><time>2026-01-14T17:50:36Z</time><extensions><gpxtpx:TrackPointExtension><gpxtpx:hr>86</gpxtpx:hr></gpxtpx:TrackPointExtension></extensions></trkpt><trkpt lat="0.0" lon="0.0"><time>2026-01-14T17:50:41Z</time><extensions><gpxtpx:TrackPointExtension><gpxtpx:hr>79</gpxtpx:hr></gpxtpx:TrackPointExtension></extensions></trkpt><trkpt lat="0.0" lon="0.0"><time>2026-01-14T17:50:46Z</time><extensions><gpxtpx:TrackPointExtension><gpxtpx:hr>80</gpxtpx:hr></gpxtpx:TrackPointExtension></extensions></trkpt><trkpt lat="0.0" lon="0.0"><time>2026-01-14T17:50:47Z</time><extensions><gpxtpx:TrackPointExtension><gpxtpx:hr>80</gpxtpx:hr></gpxtpx:TrackPointExtension></extensions></trkpt><trkpt lat="0.0" lon="0.0"><time>2026-01-14T17:50:52Z</time><extensions><gpxtpx:TrackPointExtension><gpxtpx:hr>75</gpxtpx:hr></gpxtpx:TrackPointExtension></extensions></trkpt><trkpt lat="0.0" lon="0.0"><time>2026-01-14T17:50:59Z</time><extensions><gpxtpx:TrackPointExtension><gpxtpx:hr>72</gpxtpx:hr></gpxtpx:TrackPointExtension></extensions></trkpt><trkpt lat="0.0" lon="0.0"><time>2026-01-14T17:51:02Z</time><extensions><gpxtpx:TrackPointExtension><gpxtpx:hr>73</gpxtpx:hr></gpxtpx:TrackPointExtension></extensions></trkpt><trkpt lat="0.0" lon="0.0"><time>2026-01-14T17:51:11Z</time><extensions><gpxtpx:TrackPointExtension><gpxtpx:hr>70</gpxtpx:hr></gpxtpx:TrackPointExtension></extensions></trkpt><trkpt lat="0.0" lon="0.0"><time>2026-01-14T17:51:15Z</time><extensions><gpxtpx:TrackPointExtension><gpxtpx:hr>69</gpxtpx:hr></gpxtpx:TrackPointExtension></extensions></trkpt><trkpt lat="0.0" lon="0.0"><time>2026-01-14T17:51:17Z</time><extensions><gpxtpx:TrackPointExtension><gpxtpx:hr>69</gpxtpx:hr></gpxtpx:TrackPointExtension></extensions></trkpt><trkpt lat="0.0" lon="0.0"><time>2026-01-14T17:51:26Z</time><extensions><gpxtpx:TrackPointExtension><gpxtpx:hr>64</gpxtpx:hr></gpxtpx:TrackPointExtension></extensions></trkpt><trkpt lat="0.0" lon="0.0"><time>2026-01-14T17:51:28Z</time><extensions><gpxtpx:TrackPointExtension><gpxtpx:hr>64</gpxtpx:hr></gpxtpx:TrackPointExtension></extensions></trkpt><trkpt lat="0.0" lon="0.0"><time>2026-01-14T17:51:32Z</time><extensions><gpxtpx:TrackPointExtension><gpxtpx:hr>66</gpxtpx:hr></gpxtpx:TrackPointExtension></extensions></trkpt><trkpt lat="0.0" lon="0.0"><time>2026-01-14T17:51:41Z</time><extensions><gpxtpx:TrackPointExtension><gpxtpx:hr>66</gpxtpx:hr></gpxtpx:TrackPointExtension></extensions></trkpt><trkpt lat="0.0" lon="0.0"><time>2026-01-14T17:51:44Z</time><extensions><gpxtpx:TrackPointExtension><gpxtpx:hr>66</gpxtpx:hr></gpxtpx:TrackPointExtension></extensions></trkpt><trkpt lat="0.0" lon="0.0"><time>2026-01-14T17:51:51Z</time><extensions><gpxtpx:TrackPointExtension><gpxtpx:hr>64</gpxtpx:hr></gpxtpx:TrackPointExtension></extensions></trkpt><trkpt lat="0.0" lon="0.0"><time>2026-01-14T17:51:54Z</time><extensions><gpxtpx:TrackPointExtension><gpxtpx:hr>64</gpxtpx:hr></gpxtpx:TrackPointExtension></extensions></trkpt><trkpt lat="0.0" lon="0.0"><time>2026-01-14T17:51:57Z</time><extensions><gpxtpx:TrackPointExtension><gpxtpx:hr>65</gpxtpx:hr></gpxtpx:TrackPointExtension></extensions></trkpt><trkpt lat="0.0" lon="0.0"><time>2026-01-14T17:52:02Z</time><extensions><gpxtpx:TrackPointExtension><gpxtpx:hr>72</gpxtpx:hr></gpxtpx:TrackPointExtension></extensions></trkpt><trkpt lat="0.0" lon="0.0"><time>2026-01-14T17:52:11Z</time><extensions><gpxtpx:TrackPointExtension><gpxtpx:hr>74</gpxtpx:hr></gpxtpx:TrackPointExtension></extensions></trkpt><trkpt lat="0.0" lon="0.0"><time>2026-01-14T17:52:13Z</time><extensions><gpxtpx:TrackPointExtension><gpxtpx:hr>74</gpxtpx:hr></gpxtpx:TrackPointExtension></extensions></trkpt><trkpt lat="0.0" lon="0.0"><time>2026-01-14T17:52:21Z</time><extensions><gpxtpx:TrackPointExtension><gpxtpx:hr>70</gpxtpx:hr></gpxtpx:TrackPointExtension></extensions></trkpt><trkpt lat="0.0" lon="0.0"><time>2026-01-14T17:52:25Z</time><extensions><gpxtpx:TrackPointExtension><gpxtpx:hr>70</gpxtpx:hr></gpxtpx:TrackPointExtension></extensions></trkpt><trkpt lat="0.0" lon="0.0"><time>2026-01-14T17:52:31Z</time><extensions><gpxtpx:TrackPointExtension><gpxtpx:hr>68</gpxtpx:hr></gpxtpx:TrackPointExtension></extensions></trkpt><trkpt lat="0.0" lon="0.0"><time>2026-01-14T17:52:36Z</time><extensions><gpxtpx:TrackPointExtension><gpxtpx:hr>67</gpxtpx:hr></gpxtpx:TrackPointExtension></extensions></trkpt><trkpt lat="0.0" lon="0.0"><time>2026-01-14T17:52:37Z</time><extensions><gpxtpx:TrackPointExtension><gpxtpx:hr>68</gpxtpx:hr></gpxtpx:TrackPointExtension></extensions></trkpt><trkpt lat="0.0" lon="0.0"><time>2026-01-14T17:52:46Z</time><extensions><gpxtpx:TrackPointExtension><gpxtpx:hr>70</gpxtpx:hr></gpxtpx:TrackPointExtension></extensions></trkpt><trkpt lat="0.0" lon="0.0"><time>2026-01-14T17:52:51Z</time><extensions><gpxtpx:TrackPointExtension><gpxtpx:hr>70</gpxtpx:hr></gpxtpx:TrackPointExtension></extensions></trkpt><trkpt lat="0.0" lon="0.0"><time>2026-01-14T17:52:52Z</time><extensions><gpxtpx:TrackPointExtension><gpxtpx:hr>70</gpxtpx:hr></gpxtpx:TrackPointExtension></extensions></trkpt><trkpt lat="0.0" lon="0.0"><time>2026-01-14T17:53:01Z</time><extensions><gpxtpx:TrackPointExtension><gpxtpx:hr>72</gpxtpx:hr></gpxtpx:TrackPointExtension></extensions></trkpt><trkpt lat="0.0" lon="0.0"><time>2026-01-14T17:53:05Z</time><extensions><gpxtpx:TrackPointExtension><gpxtpx:hr>72</gpxtpx:hr></gpxtpx:TrackPointExtension></extensions></trkpt><trkpt lat="0.0" lon="0.0"><time>2026-01-14T17:53:07Z</time><extensions><gpxtpx:TrackPointExtension><gpxtpx:hr>72</gpxtpx:hr></gpxtpx:TrackPointExtension></extensions></trkpt><trkpt lat="0.0" lon="0.0"><time>2026-01-14T17:53:16Z</time><extensions><gpxtpx:TrackPointExtension><gpxtpx:hr>69</gpxtpx:hr></gpxtpx:TrackPointExtension></extensions></trkpt><trkpt lat="0.0" lon="0.0"><time>2026-01-14T17:53:19Z</time><extensions><gpxtpx:TrackPointExtension><gpxtpx:hr>69</gpxtpx:hr></gpxtpx:TrackPointExtension></extensions></trkpt><trkpt lat="0.0" lon="0.0"><time>2026-01-14T17:53:24Z</time><extensions><gpxtpx:TrackPointExtension><gpxtpx:hr>69</gpxtpx:hr></gpxtpx:TrackPointExtension></extensions></trkpt><trkpt lat="0.0" lon="0.0"><time>2026-01-14T17:53:27Z</time><extensions><gpxtpx:TrackPointExtension><gpxtpx:hr>70</gpxtpx:hr></gpxtpx:TrackPointExtension></extensions></trkpt><trkpt lat="0.0" lon="0.0"><time>2026-01-14T17:53:32Z</time><extensions><gpxtpx:TrackPointExtension><gpxtpx:hr>74</gpxtpx:hr></gpxtpx:TrackPointExtension></extensions></trkpt><trkpt lat="0.0" lon="0.0"><time>2026-01-14T17:53:37Z</time><extensions><gpxtpx:TrackPointExtension><gpxtpx:hr>77</gpxtpx:hr></gpxtpx:TrackPointExtension></extensions></trkpt><trkpt lat="0.0" lon="0.0"><time>2026-01-14T17:53:42Z</time><extensions><gpxtpx:TrackPointExtension><gpxtpx:hr>77</gpxtpx:hr></gpxtpx:TrackPointExtension></extensions></trkpt><trkpt lat="0.0" lon="0.0"><time>2026-01-14T17:53:51Z</time><extensions><gpxtpx:TrackPointExtension><gpxtpx:hr>78</gpxtpx:hr></gpxtpx:TrackPointExtension></extensions></trkpt><trkpt lat="0.0" lon="0.0"><time>2026-01-14T17:53:56Z</time><extensions><gpxtpx:TrackPointExtension><gpxtpx:hr>79</gpxtpx:hr></gpxtpx:TrackPointExtension></extensions></trkpt><trkpt lat="0.0" lon="0.0"><time>2026-01-14T17:54:01Z</time><extensions><gpxtpx:TrackPointExtension><gpxtpx:hr>76</gpxtpx:hr></gpxtpx:TrackPointExtension></extensions></trkpt><trkpt lat="0.0" lon="0.0"><time>2026-01-14T17:54:02Z</time><extensions><gpxtpx:TrackPointExtension><gpxtpx:hr>76</gpxtpx:hr></gpxtpx:TrackPointExtension></extensions></trkpt><trkpt lat="0.0" lon="0.0"><time>2026-01-14T17:54:07Z</time><extensions><gpxtpx:TrackPointExtension><gpxtpx:hr>76</gpxtpx:hr></gpxtpx:TrackPointExtension></extensions></trkpt><trkpt lat="0.0" lon="0.0"><time>2026-01-14T17:54:15Z</time><extensions><gpxtpx:TrackPointExtension><gpxtpx:hr>79</gpxtpx:hr></gpxtpx:TrackPointExtension></extensions></trkpt><trkpt lat="0.0" lon="0.0"><time>2026-01-14T17:54:21Z</time><extensions><gpxtpx:TrackPointExtension><gpxtpx:hr>71</gpxtpx:hr></gpxtpx:TrackPointExtension></extensions></trkpt><trkpt lat="0.0" lon="0.0"><time>2026-01-14T17:54:26Z</time><extensions><gpxtpx:TrackPointExtension><gpxtpx:hr>69</gpxtpx:hr></gpxtpx:TrackPointExtension></extensions></trkpt><trkpt lat="0.0" lon="0.0"><time>2026-01-14T17:54:30Z</time><extensions><gpxtpx:TrackPointExtension><gpxtpx:hr>69</gpxtpx:hr></gpxtpx:TrackPointExtension></extensions></trkpt><trkpt lat="0.0" lon="0.0"><time>2026-01-14T17:54:34Z</time><extensions><gpxtpx:TrackPointExtension><gpxtpx:hr>69</gpxtpx:hr></gpxtpx:TrackPointExtension></extensions></trkpt><trkpt lat="0.0" lon="0.0"><time>2026-01-14T17:54:37Z</time><extensions><gpxtpx:TrackPointExtension><gpxtpx:hr>72</gpxtpx:hr></gpxtpx:TrackPointExtension></extensions></trkpt><trkpt lat="0.0" lon="0.0"><time>2026-01-14T17:54:42Z</time><extensions><gpxtpx:TrackPointExtension><gpxtpx:hr>76</gpxtpx:hr></gpxtpx:TrackPointExtension></extensions></trkpt><trkpt lat="0.0" lon="0.0"><time>2026-01-14T17:54:47Z</time><extensions><gpxtpx:TrackPointExtension><gpxtpx:hr>78</gpxtpx:hr></gpxtpx:TrackPointExtension></extensions></trkpt><trkpt lat="0.0" lon="0.0"><time>2026-01-14T17:54:56Z</time><extensions><gpxtpx:TrackPointExtension><gpxtpx:hr>76</gpxtpx:hr></gpxtpx:TrackPointExtension></extensions></trkpt><trkpt lat="0.0" lon="0.0"><time>2026-01-14T17:54:59Z</time><extensions><gpxtpx:TrackPointExtension><gpxtpx:hr>75</gpxtpx:hr></gpxtpx:TrackPointExtension></extensions></trkpt><trkpt lat="0.0" lon="0.0"><time>2026-01-14T17:55:02Z</time><extensions><gpxtpx:TrackPointExtension><gpxtpx:hr>72</gpxtpx:hr></gpxtpx:TrackPointExtension></extensions></trkpt><trkpt lat="0.0" lon="0.0"><time>2026-01-14T17:55:09Z</time><extensions><gpxtpx:TrackPointExtension><gpxtpx:hr>65</gpxtpx:hr></gpxtpx:TrackPointExtension></extensions></trkpt><trkpt lat="0.0" lon="0.0"><time>2026-01-14T17:55:12Z</time><extensions><gpxtpx:TrackPointExtension><gpxtpx:hr>69</gpxtpx:hr></gpxtpx:TrackPointExtension></extensions></trkpt><trkpt lat="0.0" lon="0.0"><time>2026-01-14T17:55:21Z</time><extensions><gpxtpx:TrackPointExtension><gpxtpx:hr>75</gpxtpx:hr></gpxtpx:TrackPointExtension></extensions></trkpt><trkpt lat="0.0" lon="0.0"><time>2026-01-14T17:55:24Z</time><extensions><gpxtpx:TrackPointExtension><gpxtpx:hr>75</gpxtpx:hr></gpxtpx:TrackPointExtension></extensions></trkpt><trkpt lat="0.0" lon="0.0"><time>2026-01-14T17:55:31Z</time><extensions><gpxtpx:TrackPointExtension><gpxtpx:hr>73</gpxtpx:hr></gpxtpx:TrackPointExtension></extensions></trkpt><trkpt lat="0.0" lon="0.0"><time>2026-01-14T17:55:33Z</time><extensions><gpxtpx:TrackPointExtension><gpxtpx:hr>73</gpxtpx:hr></gpxtpx:TrackPointExtension></extensions></trkpt><trkpt lat="0.0" lon="0.0"><time>2026-01-14T17:55:37Z</time><extensions><gpxtpx:TrackPointExtension><gpxtpx:hr>72</gpxtpx:hr></gpxtpx:TrackPointExtension></extensions></trkpt><trkpt lat="0.0" lon="0.0"><time>2026-01-14T17:55:42Z</time><extensions><gpxtpx:TrackPointExtension><gpxtpx:hr>71</gpxtpx:hr></gpxtpx:TrackPointExtension></extensions></trkpt><trkpt lat="0.0" lon="0.0"><time>2026-01-14T17:55:47Z</time><extensions><gpxtpx:TrackPointExtension><gpxtpx:hr>71</gpxtpx:hr></gpxtpx:TrackPointExtension></extensions></trkpt><trkpt lat="0.0" lon="0.0"><time>2026-01-14T17:55:53Z</time><extensions><gpxtpx:TrackPointExtension><gpxtpx:hr>70</gpxtpx:hr></gpxtpx:TrackPointExtension></extensions></trkpt><trkpt lat="0.0" lon="0.0"><time>2026-01-14T17:55:57Z</time><extensions><gpxtpx:TrackPointExtension><gpxtpx:hr>72</gpxtpx:hr></gpxtpx:TrackPointExtension></extensions></trkpt><trkpt lat="0.0" lon="0.0"><time>2026-01-14T17:56:06Z</time><extensions><gpxtpx:TrackPointExtension><gpxtpx:hr>76</gpxtpx:hr></gpxtpx:TrackPointExtension></extensions></trkpt><trkpt lat="0.0" lon="0.0"><time>2026-01-14T17:56:11Z</time><extensions><gpxtpx:TrackPointExtension><gpxtpx:hr>77</gpxtpx:hr></gpxtpx:TrackPointExtension></extensions></trkpt><trkpt lat="0.0" lon="0.0"><time>2026-01-14T17:56:12Z</time><extensions><gpxtpx:TrackPointExtension><gpxtpx:hr>77</gpxtpx:hr></gpxtpx:TrackPointExtension></extensions></trkpt><trkpt lat="0.0" lon="0.0"><time>2026-01-14T17:56:20Z</time><extensions><gpxtpx:TrackPointExtension><gpxtpx:hr>73</gpxtpx:hr></gpxtpx:TrackPointExtension></extensions></trkpt><trkpt lat="0.0" lon="0.0"><time>2026-01-14T17:56:22Z</time><extensions><gpxtpx:TrackPointExtension><gpxtpx:hr>74</gpxtpx:hr></gpxtpx:TrackPointExtension></extensions></trkpt><trkpt lat="0.0" lon="0.0"><time>2026-01-14T17:56:31Z</time><extensions><gpxtpx:TrackPointExtension><gpxtpx:hr>76</gpxtpx:hr></gpxtpx:TrackPointExtension></extensions></trkpt><trkpt lat="0.0" lon="0.0"><time>2026-01-14T17:56:36Z</time><extensions><gpxtpx:TrackPointExtension><gpxtpx:hr>74</gpxtpx:hr></gpxtpx:TrackPointExtension></extensions></trkpt><trkpt lat="0.0" lon="0.0"><time>2026-01-14T17:56:40Z</time><extensions><gpxtpx:TrackPointExtension><gpxtpx:hr>72</gpxtpx:hr></gpxtpx:TrackPointExtension></extensions></trkpt><trkpt lat="0.0" lon="0.0"><time>2026-01-14T17:56:42Z</time><extensions><gpxtpx:TrackPointExtension><gpxtpx:hr>70</gpxtpx:hr></gpxtpx:TrackPointExtension></extensions></trkpt><trkpt lat="0.0" lon="0.0"><time>2026-01-14T17:56:49Z</time><extensions><gpxtpx:TrackPointExtension><gpxtpx:hr>69</gpxtpx:hr></gpxtpx:TrackPointExtension></extensions></trkpt><trkpt lat="0.0" lon="0.0"><time>2026-01-14T17:56:52Z</time><extensions><gpxtpx:TrackPointExtension><gpxtpx:hr>71</gpxtpx:hr></gpxtpx:TrackPointExtension></extensions></trkpt><trkpt lat="0.0" lon="0.0"><time>2026-01-14T17:56:57Z</time><extensions><gpxtpx:TrackPointExtension><gpxtpx:hr>74</gpxtpx:hr></gpxtpx:TrackPointExtension></extensions></trkpt><trkpt lat="0.0" lon="0.0"><time>2026-01-14T17:57:03Z</time><extensions><gpxtpx:TrackPointExtension><gpxtpx:hr>75</gpxtpx:hr></gpxtpx:TrackPointExtension></extensions></trkpt><trkpt lat="0.0" lon="0.0"><time>2026-01-14T17:57:08Z</time><extensions><gpxtpx:TrackPointExtension><gpxtpx:hr>76</gpxtpx:hr></gpxtpx:TrackPointExtension></extensions></trkpt><trkpt lat="0.0" lon="0.0"><time>2026-01-14T17:57:12Z</time><extensions><gpxtpx:TrackPointExtension><gpxtpx:hr>82</gpxtpx:hr></gpxtpx:TrackPointExtension></extensions></trkpt><trkpt lat="0.0" lon="0.0"><time>2026-01-14T17:57:18Z</time><extensions><gpxtpx:TrackPointExtension><gpxtpx:hr>84</gpxtpx:hr></gpxtpx:TrackPointExtension></extensions></trkpt><trkpt lat="0.0" lon="0.0"><time>2026-01-14T17:57:26Z</time><extensions><gpxtpx:TrackPointExtension><gpxtpx:hr>89</gpxtpx:hr></gpxtpx:TrackPointExtension></extensions></trkpt><trkpt lat="0.0" lon="0.0"><time>2026-01-14T17:57:27Z</time><extensions><gpxtpx:TrackPointExtension><gpxtpx:hr>89</gpxtpx:hr></gpxtpx:TrackPointExtension></extensions></trkpt><trkpt lat="0.0" lon="0.0"><time>2026-01-14T17:57:36Z</time><extensions><gpxtpx:TrackPointExtension><gpxtpx:hr>92</gpxtpx:hr></gpxtpx:TrackPointExtension></extensions></trkpt><trkpt lat="0.0" lon="0.0"><time>2026-01-14T17:57:38Z</time><extensions><gpxtpx:TrackPointExtension><gpxtpx:hr>91</gpxtpx:hr></gpxtpx:TrackPointExtension></extensions></trkpt><trkpt lat="0.0" lon="0.0"><time>2026-01-14T17:57:43Z</time><extensions><gpxtpx:TrackPointExtension><gpxtpx:hr>93</gpxtpx:hr></gpxtpx:TrackPointExtension></extensions></trkpt><trkpt lat="0.0" lon="0.0"><time>2026-01-14T17:57:49Z</time><extensions><gpxtpx:TrackPointExtension><gpxtpx:hr>92</gpxtpx:hr></gpxtpx:TrackPointExtension></extensions></trkpt><trkpt lat="0.0" lon="0.0"><time>2026-01-14T17:58:06Z</time><extensions><gpxtpx:TrackPointExtension><gpxtpx:hr>95</gpxtpx:hr></gpxtpx:TrackPointExtension></extensions></trkpt><trkpt lat="0.0" lon="0.0"><time>2026-01-14T17:58:11Z</time><extensions><gpxtpx:TrackPointExtension><gpxtpx:hr>97</gpxtpx:hr></gpxtpx:TrackPointExtension></extensions></trkpt><trkpt lat="0.0" lon="0.0"><time>2026-01-14T17:58:16Z</time><extensions><gpxtpx:TrackPointExtension><gpxtpx:hr>96</gpxtpx:hr></gpxtpx:TrackPointExtension></extensions></trkpt><trkpt lat="0.0" lon="0.0"><time>2026-01-14T17:58:17Z</time><extensions><gpxtpx:TrackPointExtension><gpxtpx:hr>96</gpxtpx:hr></gpxtpx:TrackPointExtension></extensions></trkpt><trkpt lat="0.0" lon="0.0"><time>2026-01-14T17:58:22Z</time><extensions><gpxtpx:TrackPointExtension><gpxtpx:hr>94</gpxtpx:hr></gpxtpx:TrackPointExtension></extensions></trkpt><trkpt lat="0.0" lon="0.0"><time>2026-01-14T17:58:27Z</time><extensions><gpxtpx:TrackPointExtension><gpxtpx:hr>91</gpxtpx:hr></gpxtpx:TrackPointExtension></extensions></trkpt><trkpt lat="0.0" lon="0.0"><time>2026-01-14T17:58:32Z</time><extensions><gpxtpx:TrackPointExtension><gpxtpx:hr>91</gpxtpx:hr></gpxtpx:TrackPointExtension></extensions></trkpt><trkpt lat="0.0" lon="0.0"><time>2026-01-14T17:58:37Z</time><extensions><gpxtpx:TrackPointExtension><gpxtpx:hr>93</gpxtpx:hr></gpxtpx:TrackPointExtension></extensions></trkpt><trkpt lat="0.0" lon="0.0"><time>2026-01-14T17:58:43Z</time><extensions><gpxtpx:TrackPointExtension><gpxtpx:hr>100</gpxtpx:hr></gpxtpx:TrackPointExtension></extensions></trkpt><trkpt lat="0.0" lon="0.0"><time>2026-01-14T17:58:50Z</time><extensions><gpxtpx:TrackPointExtension><gpxtpx:hr>94</gpxtpx:hr></gpxtpx:TrackPointExtension></extensions></trkpt><trkpt lat="0.0" lon="0.0"><time>2026-01-14T17:58:53Z</time><extensions><gpxtpx:TrackPointExtension><gpxtpx:hr>90</gpxtpx:hr></gpxtpx:TrackPointExtension></extensions></trkpt><trkpt lat="0.0" lon="0.0"><time>2026-01-14T17:59:01Z</time><extensions><gpxtpx:TrackPointExtension><gpxtpx:hr>81</gpxtpx:hr></gpxtpx:TrackPointExtension></extensions></trkpt><trkpt lat="0.0" lon="0.0"><time>2026-01-14T17:59:06Z</time><extensions><gpxtpx:TrackPointExtension><gpxtpx:hr>81</gpxtpx:hr></gpxtpx:TrackPointExtension></extensions></trkpt><trkpt lat="0.0" lon="0.0"><time>2026-01-14T17:59:10Z</time><extensions><gpxtpx:TrackPointExtension><gpxtpx:hr>81</gpxtpx:hr></gpxtpx:TrackPointExtension></extensions></trkpt><trkpt lat="0.0" lon="0.0"><time>2026-01-14T17:59:16Z</time><extensions><gpxtpx:TrackPointExtension><gpxtpx:hr>77</gpxtpx:hr></gpxtpx:TrackPointExtension></extensions></trkpt><trkpt lat="0.0" lon="0.0"><time>2026-01-14T17:59:17Z</time><extensions><gpxtpx:TrackPointExtension><gpxtpx:hr>78</gpxtpx:hr></gpxtpx:TrackPointExtension></extensions></trkpt><trkpt lat="0.0" lon="0.0"><time>2026-01-14T17:59:25Z</time><extensions><gpxtpx:TrackPointExtension><gpxtpx:hr>75</gpxtpx:hr></gpxtpx:TrackPointExtension></extensions></trkpt><trkpt lat="0.0" lon="0.0"><time>2026-01-14T17:59:27Z</time><extensions><gpxtpx:TrackPointExtension><gpxtpx:hr>74</gpxtpx:hr></gpxtpx:TrackPointExtension></extensions></trkpt><trkpt lat="0.0" lon="0.0"><time>2026-01-14T17:59:32Z</time><extensions><gpxtpx:TrackPointExtension><gpxtpx:hr>76</gpxtpx:hr></gpxtpx:TrackPointExtension></extensions></trkpt><trkpt lat="0.0" lon="0.0"><time>2026-01-14T17:59:37Z</time><extensions><gpxtpx:TrackPointExtension><gpxtpx:hr>79</gpxtpx:hr></gpxtpx:TrackPointExtension></extensions></trkpt><trkpt lat="0.0" lon="0.0"><time>2026-01-14T17:59:42Z</time><extensions><gpxtpx:TrackPointExtension><gpxtpx:hr>79</gpxtpx:hr></gpxtpx:TrackPointExtension></extensions></trkpt><trkpt lat="0.0" lon="0.0"><time>2026-01-14T17:59:51Z</time><extensions><gpxtpx:TrackPointExtension><gpxtpx:hr>79</gpxtpx:hr></gpxtpx:TrackPointExtension></extensions></trkpt><trkpt lat="0.0" lon="0.0"><time>2026-01-14T17:59:56Z</time><extensions><gpxtpx:TrackPointExtension><gpxtpx:hr>77</gpxtpx:hr></gpxtpx:TrackPointExtension></extensions></trkpt><trkpt lat="0.0" lon="0.0"><time>2026-01-14T17:59:57Z</time><extensions><gpxtpx:TrackPointExtension><gpxtpx:hr>77</gpxtpx:hr></gpxtpx:TrackPointExtension></extensions></trkpt><trkpt lat="0.0" lon="0.0"><time>2026-01-14T18:00:02Z</time><extensions><gpxtpx:TrackPointExtension><gpxtpx:hr>80</gpxtpx:hr></gpxtpx:TrackPointExtension></extensions></trkpt><trkpt lat="0.0" lon="0.0"><time>2026-01-14T18:00:08Z</time><extensions><gpxtpx:TrackPointExtension><gpxtpx:hr>81</gpxtpx:hr></gpxtpx:TrackPointExtension></extensions></trkpt></trkseg></trk></gpx>