<?xml version="1.0" encoding="UTF-8" standalone="no"?><gpx xmlns="http://www.topografix.com/GPX/1/1" xmlns:gpxtpx="http://www.garmin.com/xmlschemas/TrackPointExtension/v1" xmlns:xsi="http://www.w3.org/2001/XMLSchema-instance" creator="Sports Tracker" version="1.1" xsi:schemaLocation="http://www.topografix.com/GPX/1/1 http://www.topografix.com/GPX/1/1/gpx.xsd http://www.garmin.com/xmlschemas/TrackPointExtension/v1 http://www.garmin.com/xmlschemas/TrackPointExtensionv1.xsd"><metadata><name/><desc/><author><name>anttipehkonen240</name></author></metadata><trk><name/><trkseg><trkpt lat="60.230123" lon="24.966282"><ele>25.5</ele><time>2026-08-02T14:07:16Z</time><extensions><gpxtpx:TrackPointExtension><gpxtpx:hr>104</gpxtpx:hr></gpxtpx:TrackPointExtension></extensions></trkpt><trkpt lat="60.230123" lon="24.966282"><ele>25.5</ele><time>2026-08-02T14:07:18Z</time><extensions><gpxtpx:TrackPointExtension><gpxtpx:hr>105</gpxtpx:hr></gpxtpx:TrackPointExtension></extensions></trkpt><trkpt lat="60.230123" lon="24.966282"><ele>25.5</ele><time>2026-08-02T14:07:19Z</time></trkpt><trkpt lat="60.230137" lon="24.966218"><ele>24.0</ele><time>2026-08-02T14:07:20Z</time></trkpt><trkpt lat="60.230168" lon="24.96625"><ele>25.2</ele><time>2026-08-02T14:07:21Z</time></trkpt><trkpt lat="60.230175" lon="24.966297"><ele>26.4</ele><time>2026-08-02T14:07:21Z</time></trkpt><trkpt lat="60.230183" lon="24.966335"><ele>25.5</ele><time>2026-08-02T14:07:22Z</time></trkpt><trkpt lat="60.230203" lon="24.966335"><ele>24.3</ele><time>2026-08-02T14:07:24Z</time></trkpt><trkpt lat="60.230222" lon="24.966302"><ele>24.3</ele><time>2026-08-02T14:07:26Z</time><extensions><gpxtpx:TrackPointExtension><gpxtpx:hr>101</gpxtpx:hr></gpxtpx:TrackPointExtension></extensions></trkpt><trkpt lat="60.23024" lon="24.966255"><ele>24.3</ele><time>2026-08-02T14:07:27Z</time><extensions><gpxtpx:TrackPointExtension><gpxtpx:hr>101</gpxtpx:hr></gpxtpx:TrackPointExtension></extensions></trkpt><trkpt lat="60.230267" lon="24.966185"><ele>23.2</ele><time>2026-08-02T14:07:28Z</time></trkpt><trkpt lat="60.230278" lon="24.966138"><ele>22.3</ele><time>2026-08-02T14:07:29Z</time></trkpt><trkpt lat="60.230285" lon="24.966102"><ele>22.2</ele><time>2026-08-02T14:07:30Z</time></trkpt><trkpt lat="60.230277" lon="24.966067"><ele>22.2</ele><time>2026-08-02T14:07:31Z</time></trkpt><trkpt lat="60.230268" lon="24.96603"><ele>22.0</ele><time>2026-08-02T14:07:32Z</time><extensions><gpxtpx:TrackPointExtension><gpxtpx:hr>99</gpxtpx:hr></gpxtpx:TrackPointExtension></extensions></trkpt><trkpt lat="60.230245" lon="24.965983"><ele>22.0</ele><time>2026-08-02T14:07:33Z</time></trkpt><trkpt lat="60.230215" lon="24.965943"><ele>22.4</ele><time>2026-08-02T14:07:34Z</time></trkpt><trkpt lat="60.230165" lon="24.965912"><ele>22.5</ele><time>2026-08-02T14:07:35Z</time></trkpt><trkpt lat="60.230115" lon="24.965865"><ele>23.6</ele><time>2026-08-02T14:07:36Z</time></trkpt><trkpt lat="60.230077" lon="24.965818"><ele>23.6</ele><time>2026-08-02T14:07:37Z</time><extensions><gpxtpx:TrackPointExtension><gpxtpx:hr>103</gpxtpx:hr></gpxtpx:TrackPointExtension></extensions></trkpt><trkpt lat="60.230047" lon="24.965765"><ele>23.9</ele><time>2026-08-02T14:07:38Z</time></trkpt><trkpt lat="60.230028" lon="24.965538"><ele>29.1</ele><time>2026-08-02T14:07:44Z</time></trkpt><trkpt lat="60.230022" lon="24.96549"><ele>29.4</ele><time>2026-08-02T14:07:45Z</time></trkpt><trkpt lat="60.230003" lon="24.965428"><ele>27.0</ele><time>2026-08-02T14:07:46Z</time><extensions><gpxtpx:TrackPointExtension><gpxtpx:hr>103</gpxtpx:hr></gpxtpx:TrackPointExtension></extensions></trkpt><trkpt lat="60.230022" lon="24.965398"><ele>29.1</ele><time>2026-08-02T14:07:47Z</time></trkpt><trkpt lat="60.230045" lon="24.965413"><ele>29.3</ele><time>2026-08-02T14:07:48Z</time><extensions><gpxtpx:TrackPointExtension><gpxtpx:hr>103</gpxtpx:hr></gpxtpx:TrackPointExtension></extensions></trkpt><trkpt lat="60.230068" lon="24.965367"><ele>27.3</ele><time>2026-08-02T14:07:49Z</time></trkpt><trkpt lat="60.230082" lon="24.96532"><ele>26.2</ele><time>2026-08-02T14:07:50Z</time></trkpt><trkpt lat="60.230077" lon="24.965262"><ele>25.1</ele><time>2026-08-02T14:07:51Z</time></trkpt><trkpt lat="60.230052" lon="24.965202"><ele>24.2</ele><time>2026-08-02T14:07:51Z</time></trkpt><trkpt lat="60.230018" lon="24.96513"><ele>24.2</ele><time>2026-08-02T14:07:52Z</time></trkpt><trkpt lat="60.229982" lon="24.965062"><ele>23.8</ele><time>2026-08-02T14:07:53Z</time></trkpt><trkpt lat="60.22994" lon="24.964987"><ele>23.4</ele><time>2026-08-02T14:07:54Z</time></trkpt><trkpt lat="60.2299" lon="24.964902"><ele>23.3</ele><time>2026-08-02T14:07:55Z</time></trkpt><trkpt lat="60.229858" lon="24.964818"><ele>23.3</ele><time>2026-08-02T14:07:56Z</time></trkpt><trkpt lat="60.229818" lon="24.964738"><ele>23.3</ele><time>2026-08-02T14:07:57Z</time></trkpt><trkpt lat="60.22977" lon="24.964652"><ele>23.2</ele><time>2026-08-02T14:07:58Z</time></trkpt><trkpt lat="60.229723" lon="24.964568"><ele>23.3</ele><time>2026-08-02T14:07:59Z</time></trkpt><trkpt lat="60.22968" lon="24.964492"><ele>23.3</ele><time>2026-08-02T14:08:00Z</time></trkpt><trkpt lat="60.229625" lon="24.964418"><ele>23.3</ele><time>2026-08-02T14:08:01Z</time><extensions><gpxtpx:TrackPointExtension><gpxtpx:hr>112</gpxtpx:hr></gpxtpx:TrackPointExtension></extensions></trkpt><trkpt lat="60.229568" lon="24.964352"><ele>22.7</ele><time>2026-08-02T14:08:02Z</time></trkpt><trkpt lat="60.229515" lon="24.964275"><ele>22.3</ele><time>2026-08-02T14:08:03Z</time><extensions><gpxtpx:TrackPointExtension><gpxtpx:hr>113</gpxtpx:hr></gpxtpx:TrackPointExtension></extensions></trkpt><trkpt lat="60.229467" lon="24.964185"><ele>21.8</ele><time>2026-08-02T14:08:04Z</time></trkpt><trkpt lat="60.22942" lon="24.9641"><ele>21.7</ele><time>2026-08-02T14:08:05Z</time></trkpt><trkpt lat="60.229377" lon="24.964017"><ele>21.5</ele><time>2026-08-02T14:08:06Z</time></trkpt><trkpt lat="60.229345" lon="24.963908"><ele>21.1</ele><time>2026-08-02T14:08:07Z</time></trkpt><trkpt lat="60.229325" lon="24.9638"><ele>21.1</ele><time>2026-08-02T14:08:08Z</time></trkpt><trkpt lat="60.229308" lon="24.963693"><ele>21.2</ele><time>2026-08-02T14:08:09Z</time></trkpt><trkpt lat="60.229298" lon="24.963608"><ele>21.0</ele><time>2026-08-02T14:08:10Z</time><extensions><gpxtpx:TrackPointExtension><gpxtpx:hr>114</gpxtpx:hr></gpxtpx:TrackPointExtension></extensions></trkpt><trkpt lat="60.229288" lon="24.963518"><ele>20.9</ele><time>2026-08-02T14:08:11Z</time></trkpt><trkpt lat="60.229277" lon="24.963443"><ele>20.8</ele><time>2026-08-02T14:08:12Z</time></trkpt><trkpt lat="60.229257" lon="24.963383"><ele>20.7</ele><time>2026-08-02T14:08:13Z</time></trkpt><trkpt lat="60.22924" lon="24.963333"><ele>20.6</ele><time>2026-08-02T14:08:14Z</time></trkpt><trkpt lat="60.229215" lon="24.963282"><ele>20.6</ele><time>2026-08-02T14:08:15Z</time></trkpt><trkpt lat="60.22919" lon="24.963235"><ele>20.6</ele><time>2026-08-02T14:08:16Z</time><extensions><gpxtpx:TrackPointExtension><gpxtpx:hr>109</gpxtpx:hr></gpxtpx:TrackPointExtension></extensions></trkpt><trkpt lat="60.229137" lon="24.963228"><ele>21.6</ele><time>2026-08-02T14:08:17Z</time></trkpt><trkpt lat="60.22909" lon="24.963217"><ele>21.4</ele><time>2026-08-02T14:08:19Z</time></trkpt><trkpt lat="60.229048" lon="24.963228"><ele>21.4</ele><time>2026-08-02T14:08:20Z</time></trkpt><trkpt lat="60.229005" lon="24.963182"><ele>21.5</ele><time>2026-08-02T14:08:21Z</time></trkpt><trkpt lat="60.228968" lon="24.963092"><ele>21.3</ele><time>2026-08-02T14:08:22Z</time><extensions><gpxtpx:TrackPointExtension><gpxtpx:hr>108</gpxtpx:hr></gpxtpx:TrackPointExtension></extensions></trkpt><trkpt lat="60.228938" lon="24.962985"><ele>21.5</ele><time>2026-08-02T14:08:23Z</time><extensions><gpxtpx:TrackPointExtension><gpxtpx:hr>109</gpxtpx:hr></gpxtpx:TrackPointExtension></extensions></trkpt><trkpt lat="60.228917" lon="24.962878"><ele>21.5</ele><time>2026-08-02T14:08:24Z</time></trkpt><trkpt lat="60.228895" lon="24.96277"><ele>21.6</ele><time>2026-08-02T14:08:25Z</time></trkpt><trkpt lat="60.22888" lon="24.96266"><ele>21.8</ele><time>2026-08-02T14:08:26Z</time></trkpt><trkpt lat="60.228868" lon="24.962548"><ele>21.7</ele><time>2026-08-02T14:08:27Z</time></trkpt><trkpt lat="60.228863" lon="24.962437"><ele>21.7</ele><time>2026-08-02T14:08:28Z</time></trkpt><trkpt lat="60.228857" lon="24.962323"><ele>21.9</ele><time>2026-08-02T14:08:29Z</time></trkpt><trkpt lat="60.228842" lon="24.962213"><ele>22.0</ele><time>2026-08-02T14:08:30Z</time></trkpt><trkpt lat="60.228825" lon="24.9621"><ele>21.9</ele><time>2026-08-02T14:08:31Z</time><extensions><gpxtpx:TrackPointExtension><gpxtpx:hr>111</gpxtpx:hr></gpxtpx:TrackPointExtension></extensions></trkpt><trkpt lat="60.228805" lon="24.961998"><ele>21.9</ele><time>2026-08-02T14:08:32Z</time></trkpt><trkpt lat="60.228777" lon="24.961885"><ele>21.7</ele><time>2026-08-02T14:08:33Z</time></trkpt><trkpt lat="60.228763" lon="24.96177"><ele>21.5</ele><time>2026-08-02T14:08:34Z</time></trkpt><trkpt lat="60.228743" lon="24.961657"><ele>21.6</ele><time>2026-08-02T14:08:35Z</time></trkpt><trkpt lat="60.228723" lon="24.961548"><ele>21.6</ele><time>2026-08-02T14:08:36Z</time><extensions><gpxtpx:TrackPointExtension><gpxtpx:hr>116</gpxtpx:hr></gpxtpx:TrackPointExtension></extensions></trkpt><trkpt lat="60.228712" lon="24.961442"><ele>21.6</ele><time>2026-08-02T14:08:37Z</time></trkpt><trkpt lat="60.228698" lon="24.961325"><ele>21.5</ele><time>2026-08-02T14:08:38Z</time></trkpt><trkpt lat="60.228682" lon="24.961203"><ele>21.6</ele><time>2026-08-02T14:08:39Z</time></trkpt><trkpt lat="60.228568" lon="24.960652"><ele>24.4</ele><time>2026-08-02T14:08:43Z</time><extensions><gpxtpx:TrackPointExtension><gpxtpx:hr>119</gpxtpx:hr></gpxtpx:TrackPointExtension></extensions></trkpt><trkpt lat="60.228553" lon="24.96054"><ele>24.1</ele><time>2026-08-02T14:08:44Z</time></trkpt><trkpt lat="60.228533" lon="24.96043"><ele>24.5</ele><time>2026-08-02T14:08:45Z</time></trkpt><trkpt lat="60.228515" lon="24.96032"><ele>24.5</ele><time>2026-08-02T14:08:46Z</time><extensions><gpxtpx:TrackPointExtension><gpxtpx:hr>123</gpxtpx:hr></gpxtpx:TrackPointExtension></extensions></trkpt><trkpt lat="60.228505" lon="24.960215"><ele>24.1</ele><time>2026-08-02T14:08:47Z</time><extensions><gpxtpx:TrackPointExtension><gpxtpx:hr>123</gpxtpx:hr></gpxtpx:TrackPointExtension></extensions></trkpt><trkpt lat="60.228495" lon="24.960117"><ele>23.4</ele><time>2026-08-02T14:08:48Z</time></trkpt><trkpt lat="60.22848" lon="24.96"><ele>23.6</ele><time>2026-08-02T14:08:49Z</time></trkpt><trkpt lat="60.22846" lon="24.959892"><ele>23.2</ele><time>2026-08-02T14:08:50Z</time></trkpt><trkpt lat="60.228445" lon="24.959787"><ele>23.7</ele><time>2026-08-02T14:08:51Z</time></trkpt><trkpt lat="60.22843" lon="24.959677"><ele>23.4</ele><time>2026-08-02T14:08:52Z</time></trkpt><trkpt lat="60.228413" lon="24.959567"><ele>24.1</ele><time>2026-08-02T14:08:53Z</time></trkpt><trkpt lat="60.2284" lon="24.95946"><ele>24.7</ele><time>2026-08-02T14:08:54Z</time></trkpt><trkpt lat="60.22838" lon="24.959363"><ele>25.4</ele><time>2026-08-02T14:08:55Z</time></trkpt><trkpt lat="60.228362" lon="24.95926"><ele>25.1</ele><time>2026-08-02T14:08:56Z</time><extensions><gpxtpx:TrackPointExtension><gpxtpx:hr>122</gpxtpx:hr></gpxtpx:TrackPointExtension></extensions></trkpt><trkpt lat="60.228343" lon="24.959158"><ele>26.0</ele><time>2026-08-02T14:08:57Z</time></trkpt><trkpt lat="60.228322" lon="24.95905"><ele>26.0</ele><time>2026-08-02T14:08:58Z</time></trkpt><trkpt lat="60.2283" lon="24.958942"><ele>26.0</ele><time>2026-08-02T14:08:59Z</time></trkpt><trkpt lat="60.228282" lon="24.958837"><ele>25.6</ele><time>2026-08-02T14:09:00Z</time></trkpt><trkpt lat="60.22826" lon="24.95874"><ele>25.9</ele><time>2026-08-02T14:09:01Z</time><extensions><gpxtpx:TrackPointExtension><gpxtpx:hr>122</gpxtpx:hr></gpxtpx:TrackPointExtension></extensions></trkpt><trkpt lat="60.22823" lon="24.958642"><ele>26.3</ele><time>2026-08-02T14:09:02Z</time></trkpt><trkpt lat="60.228207" lon="24.958547"><ele>26.1</ele><time>2026-08-02T14:09:03Z</time></trkpt><trkpt lat="60.228182" lon="24.958447"><ele>25.7</ele><time>2026-08-02T14:09:04Z</time></trkpt><trkpt lat="60.22815" lon="24.958352"><ele>25.9</ele><time>2026-08-02T14:09:05Z</time><extensions><gpxtpx:TrackPointExtension><gpxtpx:hr>124</gpxtpx:hr></gpxtpx:TrackPointExtension></extensions></trkpt><trkpt lat="60.228118" lon="24.958255"><ele>24.8</ele><time>2026-08-02T14:09:06Z</time></trkpt><trkpt lat="60.228088" lon="24.958163"><ele>25.0</ele><time>2026-08-02T14:09:07Z</time><extensions><gpxtpx:TrackPointExtension><gpxtpx:hr>124</gpxtpx:hr></gpxtpx:TrackPointExtension></extensions></trkpt><trkpt lat="60.228053" lon="24.958077"><ele>25.5</ele><time>2026-08-02T14:09:08Z</time></trkpt><trkpt lat="60.228022" lon="24.957987"><ele>24.8</ele><time>2026-08-02T14:09:09Z</time></trkpt><trkpt lat="60.227988" lon="24.957907"><ele>24.8</ele><time>2026-08-02T14:09:10Z</time></trkpt><trkpt lat="60.227958" lon="24.957835"><ele>24.7</ele><time>2026-08-02T14:09:11Z</time></trkpt><trkpt lat="60.227918" lon="24.957763"><ele>24.8</ele><time>2026-08-02T14:09:12Z</time></trkpt><trkpt lat="60.227885" lon="24.957703"><ele>25.5</ele><time>2026-08-02T14:09:13Z</time></trkpt><trkpt lat="60.22785" lon="24.957633"><ele>25.5</ele><time>2026-08-02T14:09:14Z</time></trkpt><trkpt lat="60.227813" lon="24.957568"><ele>26.0</ele><time>2026-08-02T14:09:15Z</time></trkpt><trkpt lat="60.227777" lon="24.957508"><ele>26.6</ele><time>2026-08-02T14:09:16Z</time><extensions><gpxtpx:TrackPointExtension><gpxtpx:hr>126</gpxtpx:hr></gpxtpx:TrackPointExtension></extensions></trkpt><trkpt lat="60.227737" lon="24.957435"><ele>26.6</ele><time>2026-08-02T14:09:17Z</time></trkpt><trkpt lat="60.227707" lon="24.957357"><ele>26.7</ele><time>2026-08-02T14:09:18Z</time></trkpt><trkpt lat="60.22767" lon="24.95729"><ele>27.0</ele><time>2026-08-02T14:09:19Z</time></trkpt><trkpt lat="60.227637" lon="24.957223"><ele>26.8</ele><time>2026-08-02T14:09:20Z</time><extensions><gpxtpx:TrackPointExtension><gpxtpx:hr>127</gpxtpx:hr></gpxtpx:TrackPointExtension></extensions></trkpt><trkpt lat="60.227597" lon="24.957155"><ele>27.2</ele><time>2026-08-02T14:09:21Z</time></trkpt><trkpt lat="60.227557" lon="24.957088"><ele>28.8</ele><time>2026-08-02T14:09:22Z</time><extensions><gpxtpx:TrackPointExtension><gpxtpx:hr>128</gpxtpx:hr></gpxtpx:TrackPointExtension></extensions></trkpt><trkpt lat="60.227525" lon="24.95701"><ele>28.7</ele><time>2026-08-02T14:09:23Z</time></trkpt><trkpt lat="60.227492" lon="24.956943"><ele>28.1</ele><time>2026-08-02T14:09:24Z</time></trkpt><trkpt lat="60.22746" lon="24.956878"><ele>28.6</ele><time>2026-08-02T14:09:25Z</time></trkpt><trkpt lat="60.227418" lon="24.956803"><ele>28.3</ele><time>2026-08-02T14:09:26Z</time></trkpt><trkpt lat="60.22738" lon="24.956737"><ele>28.0</ele><time>2026-08-02T14:09:27Z</time></trkpt><trkpt lat="60.227347" lon="24.956672"><ele>28.2</ele><time>2026-08-02T14:09:28Z</time><extensions><gpxtpx:TrackPointExtension><gpxtpx:hr>130</gpxtpx:hr></gpxtpx:TrackPointExtension></extensions></trkpt><trkpt lat="60.227312" lon="24.956605"><ele>28.7</ele><time>2026-08-02T14:09:29Z</time></trkpt><trkpt lat="60.227277" lon="24.956527"><ele>28.6</ele><time>2026-08-02T14:09:30Z</time></trkpt><trkpt lat="60.227243" lon="24.956455"><ele>28.7</ele><time>2026-08-02T14:09:31Z</time></trkpt><trkpt lat="60.227207" lon="24.956383"><ele>28.2</ele><time>2026-08-02T14:09:32Z</time></trkpt><trkpt lat="60.227175" lon="24.956325"><ele>28.7</ele><time>2026-08-02T14:09:33Z</time></trkpt><trkpt lat="60.227133" lon="24.956255"><ele>28.9</ele><time>2026-08-02T14:09:34Z</time></trkpt><trkpt lat="60.22709" lon="24.956182"><ele>28.5</ele><time>2026-08-02T14:09:35Z</time></trkpt><trkpt lat="60.227053" lon="24.956105"><ele>28.1</ele><time>2026-08-02T14:09:36Z</time><extensions><gpxtpx:TrackPointExtension><gpxtpx:hr>133</gpxtpx:hr></gpxtpx:TrackPointExtension></extensions></trkpt><trkpt lat="60.227013" lon="24.956033"><ele>28.5</ele><time>2026-08-02T14:09:37Z</time><extensions><gpxtpx:TrackPointExtension><gpxtpx:hr>133</gpxtpx:hr></gpxtpx:TrackPointExtension></extensions></trkpt><trkpt lat="60.226972" lon="24.955955"><ele>27.5</ele><time>2026-08-02T14:09:38Z</time></trkpt><trkpt lat="60.226935" lon="24.95588"><ele>27.2</ele><time>2026-08-02T14:09:39Z</time></trkpt><trkpt lat="60.226897" lon="24.955815"><ele>28.5</ele><time>2026-08-02T14:09:40Z</time></trkpt><trkpt lat="60.22686" lon="24.955743"><ele>27.7</ele><time>2026-08-02T14:09:41Z</time></trkpt><trkpt lat="60.226817" lon="24.955672"><ele>27.2</ele><time>2026-08-02T14:09:42Z</time><extensions><gpxtpx:TrackPointExtension><gpxtpx:hr>132</gpxtpx:hr></gpxtpx:TrackPointExtension></extensions></trkpt><trkpt lat="60.22678" lon="24.955592"><ele>26.5</ele><time>2026-08-02T14:09:43Z</time></trkpt><trkpt lat="60.226743" lon="24.95553"><ele>27.3</ele><time>2026-08-02T14:09:44Z</time></trkpt><trkpt lat="60.226705" lon="24.955465"><ele>27.0</ele><time>2026-08-02T14:09:45Z</time></trkpt><trkpt lat="60.226668" lon="24.955387"><ele>27.5</ele><time>2026-08-02T14:09:46Z</time></trkpt><trkpt lat="60.22663" lon="24.95531"><ele>27.8</ele><time>2026-08-02T14:09:47Z</time></trkpt><trkpt lat="60.226588" lon="24.955233"><ele>27.7</ele><time>2026-08-02T14:09:48Z</time></trkpt><trkpt lat="60.226543" lon="24.955155"><ele>27.1</ele><time>2026-08-02T14:09:49Z</time></trkpt><trkpt lat="60.226502" lon="24.955087"><ele>27.3</ele><time>2026-08-02T14:09:50Z</time></trkpt><trkpt lat="60.22646" lon="24.955003"><ele>27.3</ele><time>2026-08-02T14:09:51Z</time><extensions><gpxtpx:TrackPointExtension><gpxtpx:hr>124</gpxtpx:hr></gpxtpx:TrackPointExtension></extensions></trkpt><trkpt lat="60.226415" lon="24.954915"><ele>27.1</ele><time>2026-08-02T14:09:52Z</time></trkpt><trkpt lat="60.226372" lon="24.954828"><ele>26.0</ele><time>2026-08-02T14:09:53Z</time></trkpt><trkpt lat="60.22634" lon="24.954757"><ele>25.6</ele><time>2026-08-02T14:09:54Z</time></trkpt><trkpt lat="60.226295" lon="24.954672"><ele>25.5</ele><time>2026-08-02T14:09:55Z</time></trkpt><trkpt lat="60.226252" lon="24.954583"><ele>25.5</ele><time>2026-08-02T14:09:56Z</time><extensions><gpxtpx:TrackPointExtension><gpxtpx:hr>120</gpxtpx:hr></gpxtpx:TrackPointExtension></extensions></trkpt><trkpt lat="60.226203" lon="24.9545"><ele>25.8</ele><time>2026-08-02T14:09:57Z</time></trkpt><trkpt lat="60.226153" lon="24.954417"><ele>26.4</ele><time>2026-08-02T14:09:58Z</time></trkpt><trkpt lat="60.226107" lon="24.954328"><ele>25.4</ele><time>2026-08-02T14:09:59Z</time><extensions><gpxtpx:TrackPointExtension><gpxtpx:hr>120</gpxtpx:hr></gpxtpx:TrackPointExtension></extensions></trkpt><trkpt lat="60.226063" lon="24.954247"><ele>25.2</ele><time>2026-08-02T14:10:00Z</time></trkpt><trkpt lat="60.226013" lon="24.954162"><ele>25.3</ele><time>2026-08-02T14:10:01Z</time></trkpt><trkpt lat="60.225967" lon="24.954078"><ele>25.3</ele><time>2026-08-02T14:10:02Z</time></trkpt><trkpt lat="60.225918" lon="24.954002"><ele>25.3</ele><time>2026-08-02T14:10:03Z</time></trkpt><trkpt lat="60.22587" lon="24.953913"><ele>25.4</ele><time>2026-08-02T14:10:04Z</time><extensions><gpxtpx:TrackPointExtension><gpxtpx:hr>121</gpxtpx:hr></gpxtpx:TrackPointExtension></extensions></trkpt><trkpt lat="60.22582" lon="24.95383"><ele>24.8</ele><time>2026-08-02T14:10:05Z</time></trkpt><trkpt lat="60.225768" lon="24.953748"><ele>25.1</ele><time>2026-08-02T14:10:07Z</time></trkpt><trkpt lat="60.225725" lon="24.953673"><ele>25.6</ele><time>2026-08-02T14:10:08Z</time><extensions><gpxtpx:TrackPointExtension><gpxtpx:hr>121</gpxtpx:hr></gpxtpx:TrackPointExtension></extensions></trkpt><trkpt lat="60.225678" lon="24.953585"><ele>26.0</ele><time>2026-08-02T14:10:09Z</time></trkpt><trkpt lat="60.225633" lon="24.9535"><ele>24.9</ele><time>2026-08-02T14:10:10Z</time></trkpt><trkpt lat="60.225582" lon="24.953418"><ele>25.4</ele><time>2026-08-02T14:10:11Z</time></trkpt><trkpt lat="60.225535" lon="24.953337"><ele>24.4</ele><time>2026-08-02T14:10:12Z</time></trkpt><trkpt lat="60.225487" lon="24.953267"><ele>25.3</ele><time>2026-08-02T14:10:13Z</time></trkpt><trkpt lat="60.225443" lon="24.953185"><ele>25.3</ele><time>2026-08-02T14:10:14Z</time></trkpt><trkpt lat="60.225398" lon="24.95311"><ele>25.6</ele><time>2026-08-02T14:10:15Z</time></trkpt><trkpt lat="60.225355" lon="24.953038"><ele>25.8</ele><time>2026-08-02T14:10:16Z</time><extensions><gpxtpx:TrackPointExtension><gpxtpx:hr>121</gpxtpx:hr></gpxtpx:TrackPointExtension></extensions></trkpt><trkpt lat="60.225318" lon="24.952972"><ele>25.8</ele><time>2026-08-02T14:10:17Z</time></trkpt><trkpt lat="60.225282" lon="24.95291"><ele>26.4</ele><time>2026-08-02T14:10:18Z</time></trkpt><trkpt lat="60.225252" lon="24.952835"><ele>25.8</ele><time>2026-08-02T14:10:19Z</time></trkpt><trkpt lat="60.225228" lon="24.952777"><ele>26.6</ele><time>2026-08-02T14:10:20Z</time></trkpt><trkpt lat="60.225198" lon="24.952705"><ele>26.5</ele><time>2026-08-02T14:10:21Z</time><extensions><gpxtpx:TrackPointExtension><gpxtpx:hr>120</gpxtpx:hr></gpxtpx:TrackPointExtension></extensions></trkpt><trkpt lat="60.225167" lon="24.95264"><ele>27.3</ele><time>2026-08-02T14:10:22Z</time></trkpt><trkpt lat="60.225163" lon="24.952565"><ele>27.1</ele><time>2026-08-02T14:10:23Z</time><extensions><gpxtpx:TrackPointExtension><gpxtpx:hr>121</gpxtpx:hr></gpxtpx:TrackPointExtension></extensions></trkpt><trkpt lat="60.225177" lon="24.952485"><ele>27.3</ele><time>2026-08-02T14:10:24Z</time></trkpt><trkpt lat="60.225215" lon="24.952415"><ele>27.7</ele><time>2026-08-02T14:10:25Z</time></trkpt><trkpt lat="60.225257" lon="24.952337"><ele>27.5</ele><time>2026-08-02T14:10:26Z</time></trkpt><trkpt lat="60.225292" lon="24.952265"><ele>28.1</ele><time>2026-08-02T14:10:27Z</time></trkpt><trkpt lat="60.225323" lon="24.952178"><ele>28.4</ele><time>2026-08-02T14:10:28Z</time></trkpt><trkpt lat="60.225367" lon="24.952098"><ele>28.3</ele><time>2026-08-02T14:10:29Z</time></trkpt><trkpt lat="60.225413" lon="24.952027"><ele>28.9</ele><time>2026-08-02T14:10:30Z</time><extensions><gpxtpx:TrackPointExtension><gpxtpx:hr>125</gpxtpx:hr></gpxtpx:TrackPointExtension></extensions></trkpt><trkpt lat="60.225453" lon="24.951945"><ele>29.7</ele><time>2026-08-02T14:10:31Z</time></trkpt><trkpt lat="60.225493" lon="24.951868"><ele>29.9</ele><time>2026-08-02T14:10:32Z</time></trkpt><trkpt lat="60.225537" lon="24.951797"><ele>29.4</ele><time>2026-08-02T14:10:33Z</time><extensions><gpxtpx:TrackPointExtension><gpxtpx:hr>128</gpxtpx:hr></gpxtpx:TrackPointExtension></extensions></trkpt><trkpt lat="60.22558" lon="24.951732"><ele>29.6</ele><time>2026-08-02T14:10:34Z</time></trkpt><trkpt lat="60.225617" lon="24.951663"><ele>29.8</ele><time>2026-08-02T14:10:35Z</time></trkpt><trkpt lat="60.225648" lon="24.951585"><ele>30.0</ele><time>2026-08-02T14:10:36Z</time></trkpt><trkpt lat="60.225687" lon="24.951528"><ele>30.7</ele><time>2026-08-02T14:10:37Z</time></trkpt><trkpt lat="60.225725" lon="24.95147"><ele>30.0</ele><time>2026-08-02T14:10:38Z</time></trkpt><trkpt lat="60.225762" lon="24.951403"><ele>30.0</ele><time>2026-08-02T14:10:39Z</time></trkpt><trkpt lat="60.225795" lon="24.951335"><ele>31.0</ele><time>2026-08-02T14:10:40Z</time></trkpt><trkpt lat="60.225825" lon="24.951265"><ele>31.5</ele><time>2026-08-02T14:10:41Z</time></trkpt><trkpt lat="60.225862" lon="24.951192"><ele>30.3</ele><time>2026-08-02T14:10:42Z</time><extensions><gpxtpx:TrackPointExtension><gpxtpx:hr>135</gpxtpx:hr></gpxtpx:TrackPointExtension></extensions></trkpt><trkpt lat="60.225897" lon="24.951132"><ele>30.3</ele><time>2026-08-02T14:10:43Z</time></trkpt><trkpt lat="60.22594" lon="24.951073"><ele>29.8</ele><time>2026-08-02T14:10:44Z</time></trkpt><trkpt lat="60.22598" lon="24.951012"><ele>30.0</ele><time>2026-08-02T14:10:45Z</time></trkpt><trkpt lat="60.226015" lon="24.950943"><ele>30.2</ele><time>2026-08-02T14:10:46Z</time><extensions><gpxtpx:TrackPointExtension><gpxtpx:hr>138</gpxtpx:hr></gpxtpx:TrackPointExtension></extensions></trkpt><trkpt lat="60.22606" lon="24.950898"><ele>30.7</ele><time>2026-08-02T14:10:47Z</time></trkpt><trkpt lat="60.226097" lon="24.950832"><ele>30.9</ele><time>2026-08-02T14:10:48Z</time></trkpt><trkpt lat="60.226135" lon="24.950772"><ele>31.1</ele><time>2026-08-02T14:10:49Z</time></trkpt><trkpt lat="60.226177" lon="24.950707"><ele>31.3</ele><time>2026-08-02T14:10:50Z</time></trkpt><trkpt lat="60.226217" lon="24.950648"><ele>31.6</ele><time>2026-08-02T14:10:51Z</time><extensions><gpxtpx:TrackPointExtension><gpxtpx:hr>139</gpxtpx:hr></gpxtpx:TrackPointExtension></extensions></trkpt><trkpt lat="60.226257" lon="24.9506"><ele>31.8</ele><time>2026-08-02T14:10:52Z</time></trkpt><trkpt lat="60.226298" lon="24.95055"><ele>32.1</ele><time>2026-08-02T14:10:53Z</time></trkpt><trkpt lat="60.226343" lon="24.950512"><ele>32.2</ele><time>2026-08-02T14:10:54Z</time></trkpt><trkpt lat="60.226387" lon="24.950477"><ele>32.4</ele><time>2026-08-02T14:10:55Z</time><extensions><gpxtpx:TrackPointExtension><gpxtpx:hr>141</gpxtpx:hr></gpxtpx:TrackPointExtension></extensions></trkpt><trkpt lat="60.226425" lon="24.950442"><ele>32.7</ele><time>2026-08-02T14:10:56Z</time></trkpt><trkpt lat="60.226467" lon="24.950417"><ele>33.0</ele><time>2026-08-02T14:10:57Z</time></trkpt><trkpt lat="60.226503" lon="24.950398"><ele>33.3</ele><time>2026-08-02T14:10:58Z</time><extensions><gpxtpx:TrackPointExtension><gpxtpx:hr>140</gpxtpx:hr></gpxtpx:TrackPointExtension></extensions></trkpt><trkpt lat="60.226535" lon="24.950383"><ele>33.7</ele><time>2026-08-02T14:10:59Z</time></trkpt><trkpt lat="60.226555" lon="24.950377"><ele>33.9</ele><time>2026-08-02T14:11:00Z</time></trkpt><trkpt lat="60.226572" lon="24.950362"><ele>34.1</ele><time>2026-08-02T14:11:01Z</time></trkpt><trkpt lat="60.226603" lon="24.950372"><ele>34.1</ele><time>2026-08-02T14:11:03Z</time><extensions><gpxtpx:TrackPointExtension><gpxtpx:hr>142</gpxtpx:hr></gpxtpx:TrackPointExtension></extensions></trkpt><trkpt lat="60.22663" lon="24.950343"><ele>34.1</ele><time>2026-08-02T14:11:05Z</time></trkpt><trkpt lat="60.226652" lon="24.950343"><ele>34.2</ele><time>2026-08-02T14:11:06Z</time></trkpt><trkpt lat="60.22667" lon="24.950343"><ele>34.2</ele><time>2026-08-02T14:11:07Z</time></trkpt><trkpt lat="60.226693" lon="24.950345"><ele>34.2</ele><time>2026-08-02T14:11:08Z</time></trkpt><trkpt lat="60.226717" lon="24.950348"><ele>34.2</ele><time>2026-08-02T14:11:09Z</time></trkpt><trkpt lat="60.226742" lon="24.950347"><ele>34.3</ele><time>2026-08-02T14:11:10Z</time></trkpt><trkpt lat="60.22677" lon="24.950338"><ele>34.3</ele><time>2026-08-02T14:11:11Z</time><extensions><gpxtpx:TrackPointExtension><gpxtpx:hr>139</gpxtpx:hr></gpxtpx:TrackPointExtension></extensions></trkpt><trkpt lat="60.226803" lon="24.950333"><ele>34.5</ele><time>2026-08-02T14:11:12Z</time></trkpt><trkpt lat="60.226848" lon="24.950338"><ele>34.6</ele><time>2026-08-02T14:11:13Z</time></trkpt><trkpt lat="60.226893" lon="24.950342"><ele>34.6</ele><time>2026-08-02T14:11:14Z</time><extensions><gpxtpx:TrackPointExtension><gpxtpx:hr>137</gpxtpx:hr></gpxtpx:TrackPointExtension></extensions></trkpt><trkpt lat="60.226937" lon="24.950357"><ele>34.5</ele><time>2026-08-02T14:11:15Z</time></trkpt><trkpt lat="60.226977" lon="24.950367"><ele>34.6</ele><time>2026-08-02T14:11:16Z</time></trkpt><trkpt lat="60.227017" lon="24.95037"><ele>34.7</ele><time>2026-08-02T14:11:17Z</time></trkpt><trkpt lat="60.227055" lon="24.950358"><ele>34.9</ele><time>2026-08-02T14:11:18Z</time></trkpt><trkpt lat="60.227093" lon="24.950348"><ele>35.0</ele><time>2026-08-02T14:11:19Z</time></trkpt><trkpt lat="60.227138" lon="24.950345"><ele>35.2</ele><time>2026-08-02T14:11:20Z</time></trkpt><trkpt lat="60.227178" lon="24.950352"><ele>35.4</ele><time>2026-08-02T14:11:21Z</time></trkpt><trkpt lat="60.227225" lon="24.950362"><ele>35.6</ele><time>2026-08-02T14:11:22Z</time><extensions><gpxtpx:TrackPointExtension><gpxtpx:hr>135</gpxtpx:hr></gpxtpx:TrackPointExtension></extensions></trkpt><trkpt lat="60.227273" lon="24.950372"><ele>35.5</ele><time>2026-08-02T14:11:23Z</time><extensions><gpxtpx:TrackPointExtension><gpxtpx:hr>135</gpxtpx:hr></gpxtpx:TrackPointExtension></extensions></trkpt><trkpt lat="60.22732" lon="24.95037"><ele>35.6</ele><time>2026-08-02T14:11:24Z</time></trkpt><trkpt lat="60.227368" lon="24.950373"><ele>35.5</ele><time>2026-08-02T14:11:25Z</time></trkpt><trkpt lat="60.227417" lon="24.95038"><ele>35.8</ele><time>2026-08-02T14:11:26Z</time></trkpt><trkpt lat="60.227462" lon="24.950383"><ele>36.0</ele><time>2026-08-02T14:11:27Z</time></trkpt><trkpt lat="60.227505" lon="24.950387"><ele>36.4</ele><time>2026-08-02T14:11:28Z</time></trkpt><trkpt lat="60.227548" lon="24.950385"><ele>37.0</ele><time>2026-08-02T14:11:29Z</time><extensions><gpxtpx:TrackPointExtension><gpxtpx:hr>135</gpxtpx:hr></gpxtpx:TrackPointExtension></extensions></trkpt><trkpt lat="60.227592" lon="24.95038"><ele>36.8</ele><time>2026-08-02T14:11:30Z</time></trkpt><trkpt lat="60.227635" lon="24.950377"><ele>36.9</ele><time>2026-08-02T14:11:31Z</time></trkpt><trkpt lat="60.227678" lon="24.950385"><ele>36.9</ele><time>2026-08-02T14:11:32Z</time></trkpt><trkpt lat="60.227722" lon="24.950395"><ele>36.9</ele><time>2026-08-02T14:11:33Z</time><extensions><gpxtpx:TrackPointExtension><gpxtpx:hr>136</gpxtpx:hr></gpxtpx:TrackPointExtension></extensions></trkpt><trkpt lat="60.227765" lon="24.950388"><ele>37.2</ele><time>2026-08-02T14:11:34Z</time></trkpt><trkpt lat="60.227808" lon="24.950397"><ele>37.1</ele><time>2026-08-02T14:11:35Z</time></trkpt><trkpt lat="60.22785" lon="24.950402"><ele>36.9</ele><time>2026-08-02T14:11:36Z</time></trkpt><trkpt lat="60.227893" lon="24.9504"><ele>37.2</ele><time>2026-08-02T14:11:37Z</time></trkpt><trkpt lat="60.22794" lon="24.950407"><ele>37.2</ele><time>2026-08-02T14:11:38Z</time></trkpt><trkpt lat="60.227987" lon="24.95041"><ele>37.2</ele><time>2026-08-02T14:11:39Z</time></trkpt><trkpt lat="60.22803" lon="24.950407"><ele>37.1</ele><time>2026-08-02T14:11:40Z</time></trkpt><trkpt lat="60.228075" lon="24.950413"><ele>37.0</ele><time>2026-08-02T14:11:41Z</time><extensions><gpxtpx:TrackPointExtension><gpxtpx:hr>135</gpxtpx:hr></gpxtpx:TrackPointExtension></extensions></trkpt><trkpt lat="60.228122" lon="24.950405"><ele>37.0</ele><time>2026-08-02T14:11:42Z</time></trkpt><trkpt lat="60.228173" lon="24.95041"><ele>37.2</ele><time>2026-08-02T14:11:43Z</time></trkpt><trkpt lat="60.228223" lon="24.950417"><ele>36.8</ele><time>2026-08-02T14:11:44Z</time><extensions><gpxtpx:TrackPointExtension><gpxtpx:hr>136</gpxtpx:hr></gpxtpx:TrackPointExtension></extensions></trkpt><trkpt lat="60.22827" lon="24.950418"><ele>36.6</ele><time>2026-08-02T14:11:45Z</time></trkpt><trkpt lat="60.228318" lon="24.950422"><ele>36.7</ele><time>2026-08-02T14:11:46Z</time></trkpt><trkpt lat="60.228368" lon="24.950428"><ele>36.7</ele><time>2026-08-02T14:11:47Z</time></trkpt><trkpt lat="60.228415" lon="24.95043"><ele>36.6</ele><time>2026-08-02T14:11:48Z</time><extensions><gpxtpx:TrackPointExtension><gpxtpx:hr>136</gpxtpx:hr></gpxtpx:TrackPointExtension></extensions></trkpt><trkpt lat="60.228463" lon="24.950428"><ele>36.7</ele><time>2026-08-02T14:11:49Z</time></trkpt><trkpt lat="60.228508" lon="24.950427"><ele>36.5</ele><time>2026-08-02T14:11:50Z</time></trkpt><trkpt lat="60.228557" lon="24.950428"><ele>36.4</ele><time>2026-08-02T14:11:51Z</time></trkpt><trkpt lat="60.228608" lon="24.950432"><ele>36.4</ele><time>2026-08-02T14:11:52Z</time></trkpt><trkpt lat="60.228662" lon="24.950435"><ele>36.3</ele><time>2026-08-02T14:11:53Z</time></trkpt><trkpt lat="60.228712" lon="24.950443"><ele>36.3</ele><time>2026-08-02T14:11:54Z</time></trkpt><trkpt lat="60.228763" lon="24.950455"><ele>36.1</ele><time>2026-08-02T14:11:55Z</time></trkpt><trkpt lat="60.228812" lon="24.950465"><ele>36.2</ele><time>2026-08-02T14:11:56Z</time></trkpt><trkpt lat="60.22886" lon="24.950475"><ele>36.1</ele><time>2026-08-02T14:11:57Z</time><extensions><gpxtpx:TrackPointExtension><gpxtpx:hr>129</gpxtpx:hr></gpxtpx:TrackPointExtension></extensions></trkpt><trkpt lat="60.228907" lon="24.950483"><ele>35.7</ele><time>2026-08-02T14:11:58Z</time></trkpt><trkpt lat="60.228958" lon="24.950507"><ele>35.9</ele><time>2026-08-02T14:11:59Z</time><extensions><gpxtpx:TrackPointExtension><gpxtpx:hr>128</gpxtpx:hr></gpxtpx:TrackPointExtension></extensions></trkpt><trkpt lat="60.229008" lon="24.950543"><ele>35.5</ele><time>2026-08-02T14:12:00Z</time></trkpt><trkpt lat="60.229055" lon="24.950583"><ele>35.7</ele><time>2026-08-02T14:12:01Z</time></trkpt><trkpt lat="60.229102" lon="24.950627"><ele>35.5</ele><time>2026-08-02T14:12:02Z</time></trkpt><trkpt lat="60.229143" lon="24.950672"><ele>35.7</ele><time>2026-08-02T14:12:03Z</time></trkpt><trkpt lat="60.229182" lon="24.950728"><ele>35.5</ele><time>2026-08-02T14:12:04Z</time><extensions><gpxtpx:TrackPointExtension><gpxtpx:hr>126</gpxtpx:hr></gpxtpx:TrackPointExtension></extensions></trkpt><trkpt lat="60.229228" lon="24.950775"><ele>36.0</ele><time>2026-08-02T14:12:05Z</time></trkpt><trkpt lat="60.229263" lon="24.950835"><ele>36.3</ele><time>2026-08-02T14:12:06Z</time></trkpt><trkpt lat="60.2293" lon="24.950927"><ele>36.0</ele><time>2026-08-02T14:12:07Z</time></trkpt><trkpt lat="60.229333" lon="24.951018"><ele>35.6</ele><time>2026-08-02T14:12:08Z</time></trkpt><trkpt lat="60.229363" lon="24.95111"><ele>35.5</ele><time>2026-08-02T14:12:09Z</time></trkpt><trkpt lat="60.229397" lon="24.951197"><ele>35.3</ele><time>2026-08-02T14:12:10Z</time><extensions><gpxtpx:TrackPointExtension><gpxtpx:hr>123</gpxtpx:hr></gpxtpx:TrackPointExtension></extensions></trkpt><trkpt lat="60.229423" lon="24.951282"><ele>35.7</ele><time>2026-08-02T14:12:11Z</time></trkpt><trkpt lat="60.229455" lon="24.95138"><ele>35.5</ele><time>2026-08-02T14:12:12Z</time></trkpt><trkpt lat="60.229485" lon="24.95148"><ele>35.7</ele><time>2026-08-02T14:12:13Z</time><extensions><gpxtpx:TrackPointExtension><gpxtpx:hr>121</gpxtpx:hr></gpxtpx:TrackPointExtension></extensions></trkpt><trkpt lat="60.229515" lon="24.951582"><ele>35.6</ele><time>2026-08-02T14:12:14Z</time></trkpt><trkpt lat="60.229548" lon="24.951677"><ele>35.5</ele><time>2026-08-02T14:12:15Z</time></trkpt><trkpt lat="60.22958" lon="24.951772"><ele>35.7</ele><time>2026-08-02T14:12:16Z</time></trkpt><trkpt lat="60.229605" lon="24.951855"><ele>36.0</ele><time>2026-08-02T14:12:17Z</time></trkpt><trkpt lat="60.229635" lon="24.95195"><ele>36.1</ele><time>2026-08-02T14:12:18Z</time></trkpt><trkpt lat="60.229665" lon="24.952035"><ele>36.1</ele><time>2026-08-02T14:12:19Z</time></trkpt><trkpt lat="60.229693" lon="24.952123"><ele>36.0</ele><time>2026-08-02T14:12:20Z</time><extensions><gpxtpx:TrackPointExtension><gpxtpx:hr>118</gpxtpx:hr></gpxtpx:TrackPointExtension></extensions></trkpt><trkpt lat="60.229727" lon="24.952208"><ele>36.0</ele><time>2026-08-02T14:12:21Z</time></trkpt><trkpt lat="60.229757" lon="24.952303"><ele>36.0</ele><time>2026-08-02T14:12:22Z</time></trkpt><trkpt lat="60.229787" lon="24.952392"><ele>36.3</ele><time>2026-08-02T14:12:23Z</time></trkpt><trkpt lat="60.229822" lon="24.952487"><ele>36.3</ele><time>2026-08-02T14:12:24Z</time></trkpt><trkpt lat="60.22985" lon="24.952582"><ele>36.2</ele><time>2026-08-02T14:12:25Z</time></trkpt><trkpt lat="60.22988" lon="24.952675"><ele>35.9</ele><time>2026-08-02T14:12:26Z</time></trkpt><trkpt lat="60.229905" lon="24.95277"><ele>36.4</ele><time>2026-08-02T14:12:27Z</time><extensions><gpxtpx:TrackPointExtension><gpxtpx:hr>118</gpxtpx:hr></gpxtpx:TrackPointExtension></extensions></trkpt><trkpt lat="60.229935" lon="24.952867"><ele>36.4</ele><time>2026-08-02T14:12:28Z</time></trkpt><trkpt lat="60.229967" lon="24.952955"><ele>36.5</ele><time>2026-08-02T14:12:29Z</time><extensions><gpxtpx:TrackPointExtension><gpxtpx:hr>118</gpxtpx:hr></gpxtpx:TrackPointExtension></extensions></trkpt><trkpt lat="60.229995" lon="24.953038"><ele>36.5</ele><time>2026-08-02T14:12:30Z</time></trkpt><trkpt lat="60.230017" lon="24.953127"><ele>36.8</ele><time>2026-08-02T14:12:31Z</time></trkpt><trkpt lat="60.230033" lon="24.95322"><ele>36.6</ele><time>2026-08-02T14:12:32Z</time></trkpt><trkpt lat="60.230057" lon="24.953297"><ele>36.6</ele><time>2026-08-02T14:12:33Z</time><extensions><gpxtpx:TrackPointExtension><gpxtpx:hr>117</gpxtpx:hr></gpxtpx:TrackPointExtension></extensions></trkpt><trkpt lat="60.23008" lon="24.953375"><ele>36.8</ele><time>2026-08-02T14:12:34Z</time></trkpt><trkpt lat="60.230105" lon="24.953445"><ele>36.7</ele><time>2026-08-02T14:12:35Z</time></trkpt><trkpt lat="60.230125" lon="24.953502"><ele>36.7</ele><time>2026-08-02T14:12:36Z</time></trkpt><trkpt lat="60.230145" lon="24.953555"><ele>37.1</ele><time>2026-08-02T14:12:37Z</time></trkpt><trkpt lat="60.230168" lon="24.953602"><ele>36.7</ele><time>2026-08-02T14:12:38Z</time><extensions><gpxtpx:TrackPointExtension><gpxtpx:hr>116</gpxtpx:hr></gpxtpx:TrackPointExtension></extensions></trkpt><trkpt lat="60.2302" lon="24.953622"><ele>37.1</ele><time>2026-08-02T14:12:39Z</time></trkpt><trkpt lat="60.230237" lon="24.953617"><ele>37.1</ele><time>2026-08-02T14:12:40Z</time></trkpt><trkpt lat="60.230277" lon="24.953593"><ele>37.1</ele><time>2026-08-02T14:12:41Z</time></trkpt><trkpt lat="60.230317" lon="24.953568"><ele>37.0</ele><time>2026-08-02T14:12:42Z</time></trkpt><trkpt lat="60.230352" lon="24.953533"><ele>36.8</ele><time>2026-08-02T14:12:43Z</time><extensions><gpxtpx:TrackPointExtension><gpxtpx:hr>114</gpxtpx:hr></gpxtpx:TrackPointExtension></extensions></trkpt><trkpt lat="60.230392" lon="24.953495"><ele>36.8</ele><time>2026-08-02T14:12:44Z</time></trkpt><trkpt lat="60.230437" lon="24.95347"><ele>37.0</ele><time>2026-08-02T14:12:45Z</time></trkpt><trkpt lat="60.230475" lon="24.953448"><ele>36.9</ele><time>2026-08-02T14:12:46Z</time></trkpt><trkpt lat="60.230515" lon="24.953432"><ele>37.1</ele><time>2026-08-02T14:12:47Z</time></trkpt><trkpt lat="60.230555" lon="24.953393"><ele>37.3</ele><time>2026-08-02T14:12:48Z</time></trkpt><trkpt lat="60.230597" lon="24.953355"><ele>37.5</ele><time>2026-08-02T14:12:49Z</time></trkpt><trkpt lat="60.230638" lon="24.95332"><ele>37.9</ele><time>2026-08-02T14:12:50Z</time></trkpt><trkpt lat="60.230677" lon="24.953275"><ele>38.1</ele><time>2026-08-02T14:12:51Z</time><extensions><gpxtpx:TrackPointExtension><gpxtpx:hr>119</gpxtpx:hr></gpxtpx:TrackPointExtension></extensions></trkpt><trkpt lat="60.230718" lon="24.953237"><ele>38.4</ele><time>2026-08-02T14:12:52Z</time></trkpt><trkpt lat="60.230758" lon="24.953195"><ele>38.7</ele><time>2026-08-02T14:12:53Z</time><extensions><gpxtpx:TrackPointExtension><gpxtpx:hr>120</gpxtpx:hr></gpxtpx:TrackPointExtension></extensions></trkpt><trkpt lat="60.2308" lon="24.953158"><ele>39.0</ele><time>2026-08-02T14:12:54Z</time></trkpt><trkpt lat="60.230845" lon="24.953125"><ele>38.5</ele><time>2026-08-02T14:12:55Z</time></trkpt><trkpt lat="60.230878" lon="24.953092"><ele>39.0</ele><time>2026-08-02T14:12:56Z</time></trkpt><trkpt lat="60.230907" lon="24.95306"><ele>39.2</ele><time>2026-08-02T14:12:57Z</time></trkpt><trkpt lat="60.230932" lon="24.953042"><ele>39.3</ele><time>2026-08-02T14:12:58Z</time></trkpt><trkpt lat="60.23095" lon="24.95302"><ele>39.7</ele><time>2026-08-02T14:12:59Z</time></trkpt><trkpt lat="60.230972" lon="24.952998"><ele>39.8</ele><time>2026-08-02T14:13:00Z</time></trkpt><trkpt lat="60.23099" lon="24.952997"><ele>39.8</ele><time>2026-08-02T14:13:01Z</time></trkpt><trkpt lat="60.231007" lon="24.95303"><ele>39.9</ele><time>2026-08-02T14:13:02Z</time><extensions><gpxtpx:TrackPointExtension><gpxtpx:hr>120</gpxtpx:hr></gpxtpx:TrackPointExtension></extensions></trkpt><trkpt lat="60.231017" lon="24.953097"><ele>39.8</ele><time>2026-08-02T14:13:03Z</time></trkpt><trkpt lat="60.231025" lon="24.953175"><ele>39.6</ele><time>2026-08-02T14:13:04Z</time></trkpt><trkpt lat="60.23104" lon="24.953242"><ele>39.4</ele><time>2026-08-02T14:13:05Z</time></trkpt><trkpt lat="60.231062" lon="24.953308"><ele>39.4</ele><time>2026-08-02T14:13:06Z</time></trkpt><trkpt lat="60.231082" lon="24.953378"><ele>39.3</ele><time>2026-08-02T14:13:07Z</time><extensions><gpxtpx:TrackPointExtension><gpxtpx:hr>118</gpxtpx:hr></gpxtpx:TrackPointExtension></extensions></trkpt><trkpt lat="60.231098" lon="24.953458"><ele>39.3</ele><time>2026-08-02T14:13:08Z</time></trkpt><trkpt lat="60.231117" lon="24.953542"><ele>39.4</ele><time>2026-08-02T14:13:09Z</time></trkpt><trkpt lat="60.231398" lon="24.95435"><ele>46.3</ele><time>2026-08-02T14:13:18Z</time><extensions><gpxtpx:TrackPointExtension><gpxtpx:hr>118</gpxtpx:hr></gpxtpx:TrackPointExtension></extensions></trkpt><trkpt lat="60.231398" lon="24.95435"><ele>46.3</ele><time>2026-08-02T14:13:16Z</time><extensions><gpxtpx:TrackPointExtension><gpxtpx:hr>120</gpxtpx:hr></gpxtpx:TrackPointExtension></extensions></trkpt><trkpt lat="60.23137" lon="24.95442"><ele>34.9</ele><time>2026-08-02T14:13:19Z</time><extensions><gpxtpx:TrackPointExtension><gpxtpx:hr>120</gpxtpx:hr></gpxtpx:TrackPointExtension></extensions></trkpt><trkpt lat="60.231365" lon="24.954518"><ele>33.0</ele><time>2026-08-02T14:13:20Z</time></trkpt><trkpt lat="60.23133" lon="24.954658"><ele>32.4</ele><time>2026-08-02T14:13:22Z</time></trkpt><trkpt lat="60.231345" lon="24.954737"><ele>32.1</ele><time>2026-08-02T14:13:23Z</time></trkpt><trkpt lat="60.23136" lon="24.954818"><ele>32.5</ele><time>2026-08-02T14:13:24Z</time><extensions><gpxtpx:TrackPointExtension><gpxtpx:hr>119</gpxtpx:hr></gpxtpx:TrackPointExtension></extensions></trkpt><trkpt lat="60.23138" lon="24.954898"><ele>32.0</ele><time>2026-08-02T14:13:25Z</time></trkpt><trkpt lat="60.231413" lon="24.954988"><ele>33.3</ele><time>2026-08-02T14:13:26Z</time></trkpt><trkpt lat="60.231448" lon="24.955077"><ele>35.0</ele><time>2026-08-02T14:13:27Z</time></trkpt><trkpt lat="60.231475" lon="24.955163"><ele>35.3</ele><time>2026-08-02T14:13:28Z</time><extensions><gpxtpx:TrackPointExtension><gpxtpx:hr>118</gpxtpx:hr></gpxtpx:TrackPointExtension></extensions></trkpt><trkpt lat="60.231497" lon="24.955255"><ele>35.3</ele><time>2026-08-02T14:13:29Z</time></trkpt><trkpt lat="60.231517" lon="24.955355"><ele>35.6</ele><time>2026-08-02T14:13:30Z</time></trkpt><trkpt lat="60.231537" lon="24.955455"><ele>35.3</ele><time>2026-08-02T14:13:31Z</time></trkpt><trkpt lat="60.231553" lon="24.955555"><ele>35.2</ele><time>2026-08-02T14:13:32Z</time></trkpt><trkpt lat="60.231575" lon="24.95566"><ele>35.1</ele><time>2026-08-02T14:13:33Z</time></trkpt><trkpt lat="60.231598" lon="24.955763"><ele>35.0</ele><time>2026-08-02T14:13:34Z</time><extensions><gpxtpx:TrackPointExtension><gpxtpx:hr>118</gpxtpx:hr></gpxtpx:TrackPointExtension></extensions></trkpt><trkpt lat="60.231618" lon="24.955868"><ele>34.5</ele><time>2026-08-02T14:13:35Z</time></trkpt><trkpt lat="60.231645" lon="24.955973"><ele>34.7</ele><time>2026-08-02T14:13:36Z</time></trkpt><trkpt lat="60.231672" lon="24.95608"><ele>34.6</ele><time>2026-08-02T14:13:37Z</time></trkpt><trkpt lat="60.231697" lon="24.956178"><ele>34.7</ele><time>2026-08-02T14:13:38Z</time><extensions><gpxtpx:TrackPointExtension><gpxtpx:hr>116</gpxtpx:hr></gpxtpx:TrackPointExtension></extensions></trkpt><trkpt lat="60.23172" lon="24.95628"><ele>34.9</ele><time>2026-08-02T14:13:39Z</time></trkpt><trkpt lat="60.23175" lon="24.956377"><ele>34.9</ele><time>2026-08-02T14:13:40Z</time></trkpt><trkpt lat="60.231785" lon="24.956483"><ele>35.2</ele><time>2026-08-02T14:13:41Z</time></trkpt><trkpt lat="60.231817" lon="24.956592"><ele>35.3</ele><time>2026-08-02T14:13:42Z</time></trkpt><trkpt lat="60.231847" lon="24.956698"><ele>35.3</ele><time>2026-08-02T14:13:43Z</time></trkpt><trkpt lat="60.231878" lon="24.956802"><ele>35.3</ele><time>2026-08-02T14:13:44Z</time></trkpt><trkpt lat="60.231903" lon="24.956912"><ele>35.2</ele><time>2026-08-02T14:13:45Z</time></trkpt><trkpt lat="60.231927" lon="24.957022"><ele>35.0</ele><time>2026-08-02T14:13:46Z</time></trkpt><trkpt lat="60.231952" lon="24.957128"><ele>35.1</ele><time>2026-08-02T14:13:47Z</time><extensions><gpxtpx:TrackPointExtension><gpxtpx:hr>114</gpxtpx:hr></gpxtpx:TrackPointExtension></extensions></trkpt><trkpt lat="60.231975" lon="24.957232"><ele>35.1</ele><time>2026-08-02T14:13:48Z</time></trkpt><trkpt lat="60.231985" lon="24.957352"><ele>33.9</ele><time>2026-08-02T14:13:49Z</time></trkpt><trkpt lat="60.232008" lon="24.957447"><ele>34.1</ele><time>2026-08-02T14:13:50Z</time><extensions><gpxtpx:TrackPointExtension><gpxtpx:hr>114</gpxtpx:hr></gpxtpx:TrackPointExtension></extensions></trkpt><trkpt lat="60.232027" lon="24.957537"><ele>34.4</ele><time>2026-08-02T14:13:51Z</time></trkpt><trkpt lat="60.232045" lon="24.957618"><ele>34.5</ele><time>2026-08-02T14:13:52Z</time></trkpt><trkpt lat="60.232063" lon="24.957692"><ele>34.5</ele><time>2026-08-02T14:13:53Z</time><extensions><gpxtpx:TrackPointExtension><gpxtpx:hr>113</gpxtpx:hr></gpxtpx:TrackPointExtension></extensions></trkpt><trkpt lat="60.232085" lon="24.957757"><ele>34.5</ele><time>2026-08-02T14:13:54Z</time></trkpt><trkpt lat="60.232103" lon="24.95781"><ele>34.4</ele><time>2026-08-02T14:13:55Z</time></trkpt><trkpt lat="60.232123" lon="24.957863"><ele>34.4</ele><time>2026-08-02T14:13:56Z</time></trkpt><trkpt lat="60.232145" lon="24.957902"><ele>34.6</ele><time>2026-08-02T14:13:57Z</time></trkpt><trkpt lat="60.23217" lon="24.957938"><ele>34.8</ele><time>2026-08-02T14:13:58Z</time><extensions><gpxtpx:TrackPointExtension><gpxtpx:hr>110</gpxtpx:hr></gpxtpx:TrackPointExtension></extensions></trkpt><trkpt lat="60.232197" lon="24.957983"><ele>34.9</ele><time>2026-08-02T14:13:59Z</time></trkpt><trkpt lat="60.232223" lon="24.958022"><ele>35.2</ele><time>2026-08-02T14:14:00Z</time></trkpt><trkpt lat="60.232253" lon="24.958058"><ele>35.4</ele><time>2026-08-02T14:14:01Z</time></trkpt><trkpt lat="60.232273" lon="24.95811"><ele>35.2</ele><time>2026-08-02T14:14:02Z</time></trkpt><trkpt lat="60.232292" lon="24.958178"><ele>35.3</ele><time>2026-08-02T14:14:03Z</time><extensions><gpxtpx:TrackPointExtension><gpxtpx:hr>111</gpxtpx:hr></gpxtpx:TrackPointExtension></extensions></trkpt><trkpt lat="60.232305" lon="24.958258"><ele>35.2</ele><time>2026-08-02T14:14:04Z</time></trkpt><trkpt lat="60.23232" lon="24.958335"><ele>35.3</ele><time>2026-08-02T14:14:04Z</time></trkpt><trkpt lat="60.23233" lon="24.958415"><ele>35.2</ele><time>2026-08-02T14:14:05Z</time></trkpt><trkpt lat="60.232318" lon="24.9585"><ele>35.2</ele><time>2026-08-02T14:14:06Z</time></trkpt><trkpt lat="60.232297" lon="24.958578"><ele>35.0</ele><time>2026-08-02T14:14:07Z</time><extensions><gpxtpx:TrackPointExtension><gpxtpx:hr>112</gpxtpx:hr></gpxtpx:TrackPointExtension></extensions></trkpt><trkpt lat="60.232282" lon="24.958647"><ele>34.7</ele><time>2026-08-02T14:14:08Z</time></trkpt><trkpt lat="60.23228" lon="24.958713"><ele>34.5</ele><time>2026-08-02T14:14:09Z</time></trkpt><trkpt lat="60.23229" lon="24.958785"><ele>34.7</ele><time>2026-08-02T14:14:10Z</time></trkpt><trkpt lat="60.232305" lon="24.958848"><ele>35.1</ele><time>2026-08-02T14:14:11Z</time></trkpt><trkpt lat="60.232322" lon="24.958907"><ele>34.7</ele><time>2026-08-02T14:14:12Z</time><extensions><gpxtpx:TrackPointExtension><gpxtpx:hr>110</gpxtpx:hr></gpxtpx:TrackPointExtension></extensions></trkpt><trkpt lat="60.232342" lon="24.958973"><ele>35.1</ele><time>2026-08-02T14:14:13Z</time></trkpt><trkpt lat="60.232367" lon="24.959035"><ele>35.3</ele><time>2026-08-02T14:14:14Z</time></trkpt><trkpt lat="60.2324" lon="24.95908"><ele>35.5</ele><time>2026-08-02T14:14:15Z</time></trkpt><trkpt lat="60.232438" lon="24.959103"><ele>36.1</ele><time>2026-08-02T14:14:16Z</time></trkpt><trkpt lat="60.232478" lon="24.959117"><ele>36.3</ele><time>2026-08-02T14:14:17Z</time></trkpt><trkpt lat="60.232512" lon="24.959115"><ele>36.6</ele><time>2026-08-02T14:14:18Z</time></trkpt><trkpt lat="60.232547" lon="24.959142"><ele>36.4</ele><time>2026-08-02T14:14:19Z</time></trkpt><trkpt lat="60.232567" lon="24.959213"><ele>36.5</ele><time>2026-08-02T14:14:20Z</time></trkpt><trkpt lat="60.232585" lon="24.959302"><ele>36.5</ele><time>2026-08-02T14:14:21Z</time><extensions><gpxtpx:TrackPointExtension><gpxtpx:hr>112</gpxtpx:hr></gpxtpx:TrackPointExtension></extensions></trkpt><trkpt lat="60.232605" lon="24.959393"><ele>36.5</ele><time>2026-08-02T14:14:23Z</time></trkpt><trkpt lat="60.232622" lon="24.959492"><ele>36.6</ele><time>2026-08-02T14:14:24Z</time></trkpt><trkpt lat="60.23264" lon="24.959607"><ele>36.8</ele><time>2026-08-02T14:14:25Z</time></trkpt><trkpt lat="60.232653" lon="24.959725"><ele>36.8</ele><time>2026-08-02T14:14:26Z</time></trkpt><trkpt lat="60.232672" lon="24.959835"><ele>36.9</ele><time>2026-08-02T14:14:27Z</time><extensions><gpxtpx:TrackPointExtension><gpxtpx:hr>115</gpxtpx:hr></gpxtpx:TrackPointExtension></extensions></trkpt><trkpt lat="60.232693" lon="24.959942"><ele>36.9</ele><time>2026-08-02T14:14:28Z</time></trkpt><trkpt lat="60.232722" lon="24.960047"><ele>36.6</ele><time>2026-08-02T14:14:29Z</time></trkpt><trkpt lat="60.232758" lon="24.960142"><ele>36.8</ele><time>2026-08-02T14:14:30Z</time></trkpt><trkpt lat="60.232798" lon="24.96022"><ele>37.0</ele><time>2026-08-02T14:14:31Z</time></trkpt><trkpt lat="60.232835" lon="24.960312"><ele>37.4</ele><time>2026-08-02T14:14:32Z</time><extensions><gpxtpx:TrackPointExtension><gpxtpx:hr>116</gpxtpx:hr></gpxtpx:TrackPointExtension></extensions></trkpt><trkpt lat="60.232862" lon="24.960412"><ele>37.4</ele><time>2026-08-02T14:14:33Z</time></trkpt><trkpt lat="60.232883" lon="24.960522"><ele>37.3</ele><time>2026-08-02T14:14:34Z</time></trkpt><trkpt lat="60.232905" lon="24.960628"><ele>37.2</ele><time>2026-08-02T14:14:35Z</time><extensions><gpxtpx:TrackPointExtension><gpxtpx:hr>115</gpxtpx:hr></gpxtpx:TrackPointExtension></extensions></trkpt><trkpt lat="60.232928" lon="24.960733"><ele>37.1</ele><time>2026-08-02T14:14:36Z</time></trkpt><trkpt lat="60.232952" lon="24.960845"><ele>36.9</ele><time>2026-08-02T14:14:37Z</time></trkpt><trkpt lat="60.232972" lon="24.960955"><ele>36.9</ele><time>2026-08-02T14:14:38Z</time></trkpt><trkpt lat="60.232992" lon="24.961062"><ele>36.9</ele><time>2026-08-02T14:14:39Z</time><extensions><gpxtpx:TrackPointExtension><gpxtpx:hr>113</gpxtpx:hr></gpxtpx:TrackPointExtension></extensions></trkpt><trkpt lat="60.233157" lon="24.961588"><ele>41.1</ele><time>2026-08-02T14:14:44Z</time><extensions><gpxtpx:TrackPointExtension><gpxtpx:hr>111</gpxtpx:hr></gpxtpx:TrackPointExtension></extensions></trkpt><trkpt lat="60.233123" lon="24.961698"><ele>33.7</ele><time>2026-08-02T14:14:45Z</time></trkpt><trkpt lat="60.233148" lon="24.961855"><ele>31.0</ele><time>2026-08-02T14:14:46Z</time></trkpt><trkpt lat="60.233178" lon="24.96246"><ele>23.3</ele><time>2026-08-02T14:14:51Z</time><extensions><gpxtpx:TrackPointExtension><gpxtpx:hr>108</gpxtpx:hr></gpxtpx:TrackPointExtension></extensions></trkpt><trkpt lat="60.233218" lon="24.962567"><ele>25.7</ele><time>2026-08-02T14:14:52Z</time></trkpt><trkpt lat="60.233243" lon="24.962643"><ele>26.9</ele><time>2026-08-02T14:14:52Z</time></trkpt><trkpt lat="60.233273" lon="24.962758"><ele>27.4</ele><time>2026-08-02T14:14:53Z</time></trkpt><trkpt lat="60.2333" lon="24.962875"><ele>27.9</ele><time>2026-08-02T14:14:54Z</time></trkpt><trkpt lat="60.233325" lon="24.962993"><ele>28.5</ele><time>2026-08-02T14:14:55Z</time></trkpt><trkpt lat="60.233353" lon="24.963117"><ele>29.0</ele><time>2026-08-02T14:14:56Z</time><extensions><gpxtpx:TrackPointExtension><gpxtpx:hr>110</gpxtpx:hr></gpxtpx:TrackPointExtension></extensions></trkpt><trkpt lat="60.233378" lon="24.96324"><ele>29.5</ele><time>2026-08-02T14:14:57Z</time></trkpt><trkpt lat="60.2334" lon="24.96336"><ele>29.5</ele><time>2026-08-02T14:14:58Z</time></trkpt><trkpt lat="60.233427" lon="24.963487"><ele>29.5</ele><time>2026-08-02T14:14:59Z</time><extensions><gpxtpx:TrackPointExtension><gpxtpx:hr>109</gpxtpx:hr></gpxtpx:TrackPointExtension></extensions></trkpt><trkpt lat="60.23345" lon="24.963607"><ele>29.5</ele><time>2026-08-02T14:15:00Z</time></trkpt><trkpt lat="60.233477" lon="24.963725"><ele>29.7</ele><time>2026-08-02T14:15:01Z</time></trkpt><trkpt lat="60.233502" lon="24.963845"><ele>29.7</ele><time>2026-08-02T14:15:02Z</time></trkpt><trkpt lat="60.233527" lon="24.96397"><ele>29.8</ele><time>2026-08-02T14:15:03Z</time></trkpt><trkpt lat="60.23355" lon="24.964092"><ele>29.9</ele><time>2026-08-02T14:15:04Z</time><extensions><gpxtpx:TrackPointExtension><gpxtpx:hr>109</gpxtpx:hr></gpxtpx:TrackPointExtension></extensions></trkpt><trkpt lat="60.233573" lon="24.964215"><ele>29.8</ele><time>2026-08-02T14:15:05Z</time></trkpt><trkpt lat="60.233595" lon="24.964338"><ele>29.7</ele><time>2026-08-02T14:15:06Z</time></trkpt><trkpt lat="60.233613" lon="24.96446"><ele>29.6</ele><time>2026-08-02T14:15:07Z</time><extensions><gpxtpx:TrackPointExtension><gpxtpx:hr>108</gpxtpx:hr></gpxtpx:TrackPointExtension></extensions></trkpt><trkpt lat="60.233633" lon="24.964585"><ele>29.6</ele><time>2026-08-02T14:15:08Z</time></trkpt><trkpt lat="60.233652" lon="24.964705"><ele>29.6</ele><time>2026-08-02T14:15:09Z</time></trkpt><trkpt lat="60.233662" lon="24.964828"><ele>29.4</ele><time>2026-08-02T14:15:10Z</time></trkpt><trkpt lat="60.233673" lon="24.96495"><ele>29.5</ele><time>2026-08-02T14:15:11Z</time></trkpt><trkpt lat="60.23369" lon="24.965067"><ele>29.5</ele><time>2026-08-02T14:15:12Z</time><extensions><gpxtpx:TrackPointExtension><gpxtpx:hr>107</gpxtpx:hr></gpxtpx:TrackPointExtension></extensions></trkpt><trkpt lat="60.233705" lon="24.965172"><ele>29.3</ele><time>2026-08-02T14:15:13Z</time></trkpt><trkpt lat="60.233722" lon="24.965285"><ele>29.2</ele><time>2026-08-02T14:15:14Z</time></trkpt><trkpt lat="60.233745" lon="24.965397"><ele>29.6</ele><time>2026-08-02T14:15:15Z</time></trkpt><trkpt lat="60.233765" lon="24.965508"><ele>29.6</ele><time>2026-08-02T14:15:16Z</time></trkpt><trkpt lat="60.233937" lon="24.965708"><ele>34.8</ele><time>2026-08-02T14:15:17Z</time></trkpt><trkpt lat="60.233825" lon="24.965743"><ele>27.9</ele><time>2026-08-02T14:15:18Z</time><extensions><gpxtpx:TrackPointExtension><gpxtpx:hr>105</gpxtpx:hr></gpxtpx:TrackPointExtension></extensions></trkpt><trkpt lat="60.23386" lon="24.965852"><ele>28.3</ele><time>2026-08-02T14:15:19Z</time></trkpt><trkpt lat="60.233875" lon="24.965953"><ele>28.3</ele><time>2026-08-02T14:15:20Z</time></trkpt><trkpt lat="60.233878" lon="24.966013"><ele>28.4</ele><time>2026-08-02T14:15:21Z</time></trkpt><trkpt lat="60.233907" lon="24.966013"><ele>27.8</ele><time>2026-08-02T14:15:23Z</time><extensions><gpxtpx:TrackPointExtension><gpxtpx:hr>106</gpxtpx:hr></gpxtpx:TrackPointExtension></extensions></trkpt><trkpt lat="60.233957" lon="24.965963"><ele>28.2</ele><time>2026-08-02T14:15:24Z</time></trkpt><trkpt lat="60.234008" lon="24.96591"><ele>28.4</ele><time>2026-08-02T14:15:25Z</time></trkpt><trkpt lat="60.234045" lon="24.96586"><ele>29.3</ele><time>2026-08-02T14:15:26Z</time></trkpt><trkpt lat="60.234088" lon="24.96585"><ele>29.8</ele><time>2026-08-02T14:15:27Z</time></trkpt><trkpt lat="60.234133" lon="24.965913"><ele>30.7</ele><time>2026-08-02T14:15:28Z</time><extensions><gpxtpx:TrackPointExtension><gpxtpx:hr>108</gpxtpx:hr></gpxtpx:TrackPointExtension></extensions></trkpt><trkpt lat="60.234158" lon="24.96598"><ele>30.3</ele><time>2026-08-02T14:15:29Z</time></trkpt><trkpt lat="60.234193" lon="24.966022"><ele>29.8</ele><time>2026-08-02T14:15:30Z</time></trkpt><trkpt lat="60.234227" lon="24.96605"><ele>29.8</ele><time>2026-08-02T14:15:31Z</time></trkpt><trkpt lat="60.234255" lon="24.966095"><ele>29.9</ele><time>2026-08-02T14:15:32Z</time><extensions><gpxtpx:TrackPointExtension><gpxtpx:hr>113</gpxtpx:hr></gpxtpx:TrackPointExtension></extensions></trkpt><trkpt lat="60.234265" lon="24.966195"><ele>29.6</ele><time>2026-08-02T14:15:33Z</time></trkpt><trkpt lat="60.23426" lon="24.966282"><ele>28.7</ele><time>2026-08-02T14:15:34Z</time></trkpt><trkpt lat="60.234287" lon="24.966243"><ele>29.4</ele><time>2026-08-02T14:15:36Z</time></trkpt><trkpt lat="60.234373" lon="24.966155"><ele>30.0</ele><time>2026-08-02T14:15:37Z</time></trkpt><trkpt lat="60.234427" lon="24.966097"><ele>30.5</ele><time>2026-08-02T14:15:38Z</time></trkpt><trkpt lat="60.234473" lon="24.966052"><ele>29.9</ele><time>2026-08-02T14:15:39Z</time></trkpt><trkpt lat="60.234517" lon="24.966003"><ele>29.5</ele><time>2026-08-02T14:15:40Z</time></trkpt><trkpt lat="60.234562" lon="24.965948"><ele>29.5</ele><time>2026-08-02T14:15:41Z</time><extensions><gpxtpx:TrackPointExtension><gpxtpx:hr>111</gpxtpx:hr></gpxtpx:TrackPointExtension></extensions></trkpt><trkpt lat="60.234608" lon="24.965892"><ele>30.2</ele><time>2026-08-02T14:15:42Z</time></trkpt><trkpt lat="60.23466" lon="24.965848"><ele>30.2</ele><time>2026-08-02T14:15:43Z</time></trkpt><trkpt lat="60.234717" lon="24.965823"><ele>29.7</ele><time>2026-08-02T14:15:44Z</time></trkpt><trkpt lat="60.234767" lon="24.965792"><ele>30.2</ele><time>2026-08-02T14:15:45Z</time></trkpt><trkpt lat="60.234815" lon="24.96576"><ele>30.2</ele><time>2026-08-02T14:15:46Z</time><extensions><gpxtpx:TrackPointExtension><gpxtpx:hr>107</gpxtpx:hr></gpxtpx:TrackPointExtension></extensions></trkpt><trkpt lat="60.234855" lon="24.965713"><ele>30.3</ele><time>2026-08-02T14:15:47Z</time></trkpt><trkpt lat="60.2349" lon="24.96567"><ele>30.5</ele><time>2026-08-02T14:15:48Z</time><extensions><gpxtpx:TrackPointExtension><gpxtpx:hr>107</gpxtpx:hr></gpxtpx:TrackPointExtension></extensions></trkpt><trkpt lat="60.234948" lon="24.965638"><ele>30.1</ele><time>2026-08-02T14:15:49Z</time></trkpt><trkpt lat="60.235" lon="24.965595"><ele>30.1</ele><time>2026-08-02T14:15:50Z</time></trkpt><trkpt lat="60.235043" lon="24.965523"><ele>31.5</ele><time>2026-08-02T14:15:51Z</time></trkpt><trkpt lat="60.235085" lon="24.965465"><ele>32.2</ele><time>2026-08-02T14:15:52Z</time><extensions><gpxtpx:TrackPointExtension><gpxtpx:hr>108</gpxtpx:hr></gpxtpx:TrackPointExtension></extensions></trkpt><trkpt lat="60.23513" lon="24.965407"><ele>32.8</ele><time>2026-08-02T14:15:53Z</time></trkpt><trkpt lat="60.235177" lon="24.96535"><ele>32.9</ele><time>2026-08-02T14:15:54Z</time></trkpt><trkpt lat="60.23522" lon="24.965292"><ele>33.9</ele><time>2026-08-02T14:15:55Z</time></trkpt><trkpt lat="60.235267" lon="24.965243"><ele>34.0</ele><time>2026-08-02T14:15:56Z</time></trkpt><trkpt lat="60.235313" lon="24.965197"><ele>34.0</ele><time>2026-08-02T14:15:57Z</time></trkpt><trkpt lat="60.235358" lon="24.965147"><ele>34.2</ele><time>2026-08-02T14:15:58Z</time></trkpt><trkpt lat="60.2354" lon="24.965113"><ele>34.4</ele><time>2026-08-02T14:15:59Z</time></trkpt><trkpt lat="60.23544" lon="24.96508"><ele>34.0</ele><time>2026-08-02T14:16:00Z</time></trkpt><trkpt lat="60.23547" lon="24.965042"><ele>33.8</ele><time>2026-08-02T14:16:01Z</time><extensions><gpxtpx:TrackPointExtension><gpxtpx:hr>112</gpxtpx:hr></gpxtpx:TrackPointExtension></extensions></trkpt><trkpt lat="60.23551" lon="24.965012"><ele>33.8</ele><time>2026-08-02T14:16:02Z</time></trkpt><trkpt lat="60.235543" lon="24.964972"><ele>34.1</ele><time>2026-08-02T14:16:03Z</time><extensions><gpxtpx:TrackPointExtension><gpxtpx:hr>112</gpxtpx:hr></gpxtpx:TrackPointExtension></extensions></trkpt><trkpt lat="60.235587" lon="24.964925"><ele>34.3</ele><time>2026-08-02T14:16:04Z</time></trkpt><trkpt lat="60.235628" lon="24.964877"><ele>34.5</ele><time>2026-08-02T14:16:05Z</time></trkpt><trkpt lat="60.235675" lon="24.964847"><ele>34.5</ele><time>2026-08-02T14:16:06Z</time></trkpt><trkpt lat="60.235717" lon="24.964812"><ele>34.6</ele><time>2026-08-02T14:16:07Z</time></trkpt><trkpt lat="60.235757" lon="24.964778"><ele>34.9</ele><time>2026-08-02T14:16:08Z</time></trkpt><trkpt lat="60.235797" lon="24.964748"><ele>34.4</ele><time>2026-08-02T14:16:09Z</time><extensions><gpxtpx:TrackPointExtension><gpxtpx:hr>116</gpxtpx:hr></gpxtpx:TrackPointExtension></extensions></trkpt><trkpt lat="60.235837" lon="24.9647"><ele>34.6</ele><time>2026-08-02T14:16:10Z</time></trkpt><trkpt lat="60.235875" lon="24.964655"><ele>34.4</ele><time>2026-08-02T14:16:11Z</time></trkpt><trkpt lat="60.235913" lon="24.964603"><ele>35.2</ele><time>2026-08-02T14:16:12Z</time><extensions><gpxtpx:TrackPointExtension><gpxtpx:hr>118</gpxtpx:hr></gpxtpx:TrackPointExtension></extensions></trkpt><trkpt lat="60.23596" lon="24.964555"><ele>36.1</ele><time>2026-08-02T14:16:13Z</time></trkpt><trkpt lat="60.236007" lon="24.964515"><ele>35.9</ele><time>2026-08-02T14:16:14Z</time></trkpt><trkpt lat="60.236052" lon="24.964475"><ele>36.0</ele><time>2026-08-02T14:16:15Z</time></trkpt><trkpt lat="60.236098" lon="24.964438"><ele>35.7</ele><time>2026-08-02T14:16:16Z</time></trkpt><trkpt lat="60.236135" lon="24.9644"><ele>36.3</ele><time>2026-08-02T14:16:17Z</time><extensions><gpxtpx:TrackPointExtension><gpxtpx:hr>119</gpxtpx:hr></gpxtpx:TrackPointExtension></extensions></trkpt><trkpt lat="60.236178" lon="24.964363"><ele>36.2</ele><time>2026-08-02T14:16:18Z</time></trkpt><trkpt lat="60.236225" lon="24.964345"><ele>36.7</ele><time>2026-08-02T14:16:19Z</time></trkpt><trkpt lat="60.236262" lon="24.964325"><ele>37.0</ele><time>2026-08-02T14:16:20Z</time></trkpt><trkpt lat="60.236297" lon="24.964303"><ele>36.7</ele><time>2026-08-02T14:16:21Z</time></trkpt><trkpt lat="60.236327" lon="24.964275"><ele>36.2</ele><time>2026-08-02T14:16:22Z</time></trkpt><trkpt lat="60.236357" lon="24.964247"><ele>35.9</ele><time>2026-08-02T14:16:23Z</time></trkpt><trkpt lat="60.236397" lon="24.964207"><ele>36.4</ele><time>2026-08-02T14:16:24Z</time></trkpt><trkpt lat="60.236433" lon="24.964178"><ele>36.2</ele><time>2026-08-02T14:16:25Z</time></trkpt><trkpt lat="60.236472" lon="24.964155"><ele>36.8</ele><time>2026-08-02T14:16:26Z</time><extensions><gpxtpx:TrackPointExtension><gpxtpx:hr>118</gpxtpx:hr></gpxtpx:TrackPointExtension></extensions></trkpt><trkpt lat="60.236523" lon="24.964147"><ele>35.5</ele><time>2026-08-02T14:16:27Z</time></trkpt><trkpt lat="60.236572" lon="24.964122"><ele>35.2</ele><time>2026-08-02T14:16:28Z</time></trkpt><trkpt lat="60.236622" lon="24.964108"><ele>34.5</ele><time>2026-08-02T14:16:29Z</time></trkpt><trkpt lat="60.23667" lon="24.96409"><ele>34.1</ele><time>2026-08-02T14:16:30Z</time></trkpt><trkpt lat="60.236723" lon="24.964078"><ele>33.6</ele><time>2026-08-02T14:16:31Z</time><extensions><gpxtpx:TrackPointExtension><gpxtpx:hr>117</gpxtpx:hr></gpxtpx:TrackPointExtension></extensions></trkpt><trkpt lat="60.236775" lon="24.964068"><ele>32.8</ele><time>2026-08-02T14:16:32Z</time></trkpt><trkpt lat="60.23682" lon="24.964052"><ele>33.4</ele><time>2026-08-02T14:16:33Z</time></trkpt><trkpt lat="60.236867" lon="24.964032"><ele>32.8</ele><time>2026-08-02T14:16:34Z</time></trkpt><trkpt lat="60.236917" lon="24.964013"><ele>33.2</ele><time>2026-08-02T14:16:35Z</time><extensions><gpxtpx:TrackPointExtension><gpxtpx:hr>116</gpxtpx:hr></gpxtpx:TrackPointExtension></extensions></trkpt><trkpt lat="60.23697" lon="24.963982"><ele>33.7</ele><time>2026-08-02T14:16:36Z</time></trkpt><trkpt lat="60.237022" lon="24.963975"><ele>32.8</ele><time>2026-08-02T14:16:37Z</time></trkpt><trkpt lat="60.237067" lon="24.963963"><ele>32.6</ele><time>2026-08-02T14:16:38Z</time><extensions><gpxtpx:TrackPointExtension><gpxtpx:hr>114</gpxtpx:hr></gpxtpx:TrackPointExtension></extensions></trkpt><trkpt lat="60.237117" lon="24.963947"><ele>32.5</ele><time>2026-08-02T14:16:39Z</time></trkpt><trkpt lat="60.23717" lon="24.963922"><ele>33.1</ele><time>2026-08-02T14:16:40Z</time></trkpt><trkpt lat="60.237223" lon="24.963898"><ele>32.7</ele><time>2026-08-02T14:16:41Z</time></trkpt><trkpt lat="60.23728" lon="24.963863"><ele>32.7</ele><time>2026-08-02T14:16:42Z</time></trkpt><trkpt lat="60.237333" lon="24.963842"><ele>32.7</ele><time>2026-08-02T14:16:43Z</time><extensions><gpxtpx:TrackPointExtension><gpxtpx:hr>113</gpxtpx:hr></gpxtpx:TrackPointExtension></extensions></trkpt><trkpt lat="60.237393" lon="24.963822"><ele>32.0</ele><time>2026-08-02T14:16:44Z</time></trkpt><trkpt lat="60.237457" lon="24.963797"><ele>31.9</ele><time>2026-08-02T14:16:45Z</time></trkpt><trkpt lat="60.237518" lon="24.963775"><ele>32.1</ele><time>2026-08-02T14:16:46Z</time></trkpt><trkpt lat="60.237577" lon="24.963753"><ele>31.9</ele><time>2026-08-02T14:16:47Z</time></trkpt><trkpt lat="60.237635" lon="24.963722"><ele>32.2</ele><time>2026-08-02T14:16:48Z</time></trkpt><trkpt lat="60.237697" lon="24.963705"><ele>32.3</ele><time>2026-08-02T14:16:49Z</time><extensions><gpxtpx:TrackPointExtension><gpxtpx:hr>116</gpxtpx:hr></gpxtpx:TrackPointExtension></extensions></trkpt><trkpt lat="60.237758" lon="24.963678"><ele>32.2</ele><time>2026-08-02T14:16:50Z</time></trkpt><trkpt lat="60.237817" lon="24.963648"><ele>31.9</ele><time>2026-08-02T14:16:51Z</time></trkpt><trkpt lat="60.237877" lon="24.963618"><ele>31.6</ele><time>2026-08-02T14:16:52Z</time></trkpt><trkpt lat="60.237932" lon="24.963592"><ele>32.9</ele><time>2026-08-02T14:16:53Z</time></trkpt><trkpt lat="60.23799" lon="24.963567"><ele>32.5</ele><time>2026-08-02T14:16:54Z</time></trkpt><trkpt lat="60.238043" lon="24.963548"><ele>32.4</ele><time>2026-08-02T14:16:55Z</time></trkpt><trkpt lat="60.238102" lon="24.963528"><ele>32.6</ele><time>2026-08-02T14:16:56Z</time><extensions><gpxtpx:TrackPointExtension><gpxtpx:hr>115</gpxtpx:hr></gpxtpx:TrackPointExtension></extensions></trkpt><trkpt lat="60.238152" lon="24.963498"><ele>32.3</ele><time>2026-08-02T14:16:57Z</time></trkpt><trkpt lat="60.238205" lon="24.963473"><ele>31.6</ele><time>2026-08-02T14:16:58Z</time></trkpt><trkpt lat="60.23826" lon="24.963448"><ele>32.2</ele><time>2026-08-02T14:16:59Z</time></trkpt><trkpt lat="60.238312" lon="24.963418"><ele>32.4</ele><time>2026-08-02T14:17:00Z</time></trkpt><trkpt lat="60.238362" lon="24.963387"><ele>32.3</ele><time>2026-08-02T14:17:01Z</time><extensions><gpxtpx:TrackPointExtension><gpxtpx:hr>113</gpxtpx:hr></gpxtpx:TrackPointExtension></extensions></trkpt><trkpt lat="60.238412" lon="24.963353"><ele>32.6</ele><time>2026-08-02T14:17:02Z</time></trkpt><trkpt lat="60.238463" lon="24.963313"><ele>32.7</ele><time>2026-08-02T14:17:03Z</time></trkpt><trkpt lat="60.23851" lon="24.963265"><ele>33.0</ele><time>2026-08-02T14:17:04Z</time></trkpt><trkpt lat="60.238553" lon="24.963212"><ele>33.8</ele><time>2026-08-02T14:17:05Z</time></trkpt><trkpt lat="60.238602" lon="24.96316"><ele>33.7</ele><time>2026-08-02T14:17:06Z</time><extensions><gpxtpx:TrackPointExtension><gpxtpx:hr>113</gpxtpx:hr></gpxtpx:TrackPointExtension></extensions></trkpt><trkpt lat="60.238657" lon="24.96312"><ele>32.9</ele><time>2026-08-02T14:17:07Z</time></trkpt><trkpt lat="60.2387" lon="24.96307"><ele>33.2</ele><time>2026-08-02T14:17:08Z</time></trkpt><trkpt lat="60.238743" lon="24.963023"><ele>32.0</ele><time>2026-08-02T14:17:09Z</time></trkpt><trkpt lat="60.238782" lon="24.962975"><ele>32.2</ele><time>2026-08-02T14:17:10Z</time><extensions><gpxtpx:TrackPointExtension><gpxtpx:hr>115</gpxtpx:hr></gpxtpx:TrackPointExtension></extensions></trkpt><trkpt lat="60.238827" lon="24.96293"><ele>31.8</ele><time>2026-08-02T14:17:11Z</time></trkpt><trkpt lat="60.238877" lon="24.962878"><ele>31.7</ele><time>2026-08-02T14:17:12Z</time></trkpt><trkpt lat="60.238923" lon="24.962823"><ele>32.1</ele><time>2026-08-02T14:17:13Z</time><extensions><gpxtpx:TrackPointExtension><gpxtpx:hr>115</gpxtpx:hr></gpxtpx:TrackPointExtension></extensions></trkpt><trkpt lat="60.238965" lon="24.962758"><ele>32.2</ele><time>2026-08-02T14:17:14Z</time></trkpt><trkpt lat="60.239007" lon="24.962692"><ele>32.6</ele><time>2026-08-02T14:17:15Z</time></trkpt><trkpt lat="60.239047" lon="24.962612"><ele>32.7</ele><time>2026-08-02T14:17:16Z</time></trkpt><trkpt lat="60.239092" lon="24.96254"><ele>31.7</ele><time>2026-08-02T14:17:17Z</time><extensions><gpxtpx:TrackPointExtension><gpxtpx:hr>115</gpxtpx:hr></gpxtpx:TrackPointExtension></extensions></trkpt><trkpt lat="60.239133" lon="24.96247"><ele>31.5</ele><time>2026-08-02T14:17:18Z</time></trkpt><trkpt lat="60.239177" lon="24.962393"><ele>31.0</ele><time>2026-08-02T14:17:19Z</time></trkpt><trkpt lat="60.239225" lon="24.962318"><ele>30.6</ele><time>2026-08-02T14:17:20Z</time></trkpt><trkpt lat="60.239273" lon="24.962245"><ele>29.4</ele><time>2026-08-02T14:17:21Z</time></trkpt><trkpt lat="60.239318" lon="24.962153"><ele>29.2</ele><time>2026-08-02T14:17:22Z</time></trkpt><trkpt lat="60.23937" lon="24.96206"><ele>29.0</ele><time>2026-08-02T14:17:23Z</time></trkpt><trkpt lat="60.239418" lon="24.961962"><ele>28.8</ele><time>2026-08-02T14:17:24Z</time><extensions><gpxtpx:TrackPointExtension><gpxtpx:hr>117</gpxtpx:hr></gpxtpx:TrackPointExtension></extensions></trkpt><trkpt lat="60.239473" lon="24.961867"><ele>27.5</ele><time>2026-08-02T14:17:25Z</time></trkpt><trkpt lat="60.239528" lon="24.961788"><ele>26.6</ele><time>2026-08-02T14:17:26Z</time></trkpt><trkpt lat="60.23958" lon="24.961697"><ele>26.1</ele><time>2026-08-02T14:17:27Z</time></trkpt><trkpt lat="60.239623" lon="24.961613"><ele>25.4</ele><time>2026-08-02T14:17:28Z</time><extensions><gpxtpx:TrackPointExtension><gpxtpx:hr>115</gpxtpx:hr></gpxtpx:TrackPointExtension></extensions></trkpt><trkpt lat="60.23967" lon="24.96153"><ele>25.3</ele><time>2026-08-02T14:17:29Z</time></trkpt><trkpt lat="60.23972" lon="24.96145"><ele>24.8</ele><time>2026-08-02T14:17:30Z</time></trkpt><trkpt lat="60.239773" lon="24.961355"><ele>24.4</ele><time>2026-08-02T14:17:31Z</time></trkpt><trkpt lat="60.239825" lon="24.961252"><ele>24.7</ele><time>2026-08-02T14:17:32Z</time></trkpt><trkpt lat="60.239882" lon="24.961153"><ele>24.5</ele><time>2026-08-02T14:17:33Z</time><extensions><gpxtpx:TrackPointExtension><gpxtpx:hr>113</gpxtpx:hr></gpxtpx:TrackPointExtension></extensions></trkpt><trkpt lat="60.239932" lon="24.96106"><ele>24.7</ele><time>2026-08-02T14:17:34Z</time></trkpt><trkpt lat="60.239982" lon="24.96096"><ele>24.4</ele><time>2026-08-02T14:17:35Z</time></trkpt><trkpt lat="60.240035" lon="24.960858"><ele>24.7</ele><time>2026-08-02T14:17:36Z</time></trkpt><trkpt lat="60.240087" lon="24.96077"><ele>24.9</ele><time>2026-08-02T14:17:37Z</time></trkpt><trkpt lat="60.240137" lon="24.960685"><ele>25.1</ele><time>2026-08-02T14:17:38Z</time></trkpt><trkpt lat="60.240183" lon="24.960608"><ele>25.2</ele><time>2026-08-02T14:17:39Z</time></trkpt><trkpt lat="60.240232" lon="24.960527"><ele>25.4</ele><time>2026-08-02T14:17:40Z</time><extensions><gpxtpx:TrackPointExtension><gpxtpx:hr>112</gpxtpx:hr></gpxtpx:TrackPointExtension></extensions></trkpt><trkpt lat="60.24028" lon="24.960457"><ele>24.6</ele><time>2026-08-02T14:17:41Z</time></trkpt><trkpt lat="60.240332" lon="24.960385"><ele>24.7</ele><time>2026-08-02T14:17:42Z</time></trkpt><trkpt lat="60.24038" lon="24.960317"><ele>24.4</ele><time>2026-08-02T14:17:43Z</time></trkpt><trkpt lat="60.240432" lon="24.96026"><ele>24.3</ele><time>2026-08-02T14:17:44Z</time><extensions><gpxtpx:TrackPointExtension><gpxtpx:hr>112</gpxtpx:hr></gpxtpx:TrackPointExtension></extensions></trkpt><trkpt lat="60.240487" lon="24.9602"><ele>23.8</ele><time>2026-08-02T14:17:45Z</time></trkpt><trkpt lat="60.24054" lon="24.960153"><ele>24.0</ele><time>2026-08-02T14:17:46Z</time></trkpt><trkpt lat="60.240593" lon="24.960108"><ele>25.0</ele><time>2026-08-02T14:17:47Z</time><extensions><gpxtpx:TrackPointExtension><gpxtpx:hr>112</gpxtpx:hr></gpxtpx:TrackPointExtension></extensions></trkpt><trkpt lat="60.240643" lon="24.960075"><ele>25.1</ele><time>2026-08-02T14:17:48Z</time></trkpt><trkpt lat="60.24069" lon="24.960035"><ele>24.4</ele><time>2026-08-02T14:17:49Z</time></trkpt><trkpt lat="60.240742" lon="24.96001"><ele>24.5</ele><time>2026-08-02T14:17:50Z</time></trkpt><trkpt lat="60.240783" lon="24.959972"><ele>24.6</ele><time>2026-08-02T14:17:51Z</time></trkpt><trkpt lat="60.24084" lon="24.959945"><ele>24.6</ele><time>2026-08-02T14:17:52Z</time></trkpt><trkpt lat="60.240903" lon="24.959923"><ele>24.4</ele><time>2026-08-02T14:17:53Z</time></trkpt><trkpt lat="60.240977" lon="24.959905"><ele>23.8</ele><time>2026-08-02T14:17:54Z</time></trkpt><trkpt lat="60.241045" lon="24.95988"><ele>23.8</ele><time>2026-08-02T14:17:55Z</time></trkpt><trkpt lat="60.24111" lon="24.959853"><ele>23.4</ele><time>2026-08-02T14:17:56Z</time><extensions><gpxtpx:TrackPointExtension><gpxtpx:hr>110</gpxtpx:hr></gpxtpx:TrackPointExtension></extensions></trkpt><trkpt lat="60.241178" lon="24.959823"><ele>23.5</ele><time>2026-08-02T14:17:57Z</time><extensions><gpxtpx:TrackPointExtension><gpxtpx:hr>110</gpxtpx:hr></gpxtpx:TrackPointExtension></extensions></trkpt><trkpt lat="60.24125" lon="24.959798"><ele>23.4</ele><time>2026-08-02T14:17:58Z</time></trkpt><trkpt lat="60.241325" lon="24.959782"><ele>22.7</ele><time>2026-08-02T14:17:59Z</time></trkpt><trkpt lat="60.241402" lon="24.95976"><ele>22.5</ele><time>2026-08-02T14:18:00Z</time></trkpt><trkpt lat="60.241473" lon="24.959742"><ele>22.3</ele><time>2026-08-02T14:18:01Z</time></trkpt><trkpt lat="60.241538" lon="24.95973"><ele>22.0</ele><time>2026-08-02T14:18:02Z</time></trkpt><trkpt lat="60.241595" lon="24.95973"><ele>21.7</ele><time>2026-08-02T14:18:03Z</time><extensions><gpxtpx:TrackPointExtension><gpxtpx:hr>109</gpxtpx:hr></gpxtpx:TrackPointExtension></extensions></trkpt><trkpt lat="60.241657" lon="24.959727"><ele>20.8</ele><time>2026-08-02T14:18:04Z</time></trkpt><trkpt lat="60.241722" lon="24.95971"><ele>20.0</ele><time>2026-08-02T14:18:05Z</time></trkpt><trkpt lat="60.24179" lon="24.959677"><ele>19.8</ele><time>2026-08-02T14:18:06Z</time></trkpt><trkpt lat="60.241867" lon="24.959658"><ele>19.7</ele><time>2026-08-02T14:18:07Z</time></trkpt><trkpt lat="60.241935" lon="24.959642"><ele>19.7</ele><time>2026-08-02T14:18:08Z</time></trkpt><trkpt lat="60.242008" lon="24.959632"><ele>19.2</ele><time>2026-08-02T14:18:09Z</time><extensions><gpxtpx:TrackPointExtension><gpxtpx:hr>108</gpxtpx:hr></gpxtpx:TrackPointExtension></extensions></trkpt><trkpt lat="60.242087" lon="24.959617"><ele>19.3</ele><time>2026-08-02T14:18:10Z</time></trkpt><trkpt lat="60.242162" lon="24.959595"><ele>19.2</ele><time>2026-08-02T14:18:11Z</time></trkpt><trkpt lat="60.242237" lon="24.959568"><ele>18.7</ele><time>2026-08-02T14:18:12Z</time></trkpt><trkpt lat="60.242312" lon="24.959547"><ele>17.9</ele><time>2026-08-02T14:18:13Z</time></trkpt><trkpt lat="60.242385" lon="24.95952"><ele>17.7</ele><time>2026-08-02T14:18:14Z</time></trkpt><trkpt lat="60.242462" lon="24.959495"><ele>17.5</ele><time>2026-08-02T14:18:15Z</time></trkpt><trkpt lat="60.242535" lon="24.959465"><ele>17.3</ele><time>2026-08-02T14:18:16Z</time><extensions><gpxtpx:TrackPointExtension><gpxtpx:hr>107</gpxtpx:hr></gpxtpx:TrackPointExtension></extensions></trkpt><trkpt lat="60.242608" lon="24.95943"><ele>17.3</ele><time>2026-08-02T14:18:17Z</time></trkpt><trkpt lat="60.242682" lon="24.9594"><ele>17.4</ele><time>2026-08-02T14:18:18Z</time></trkpt><trkpt lat="60.24275" lon="24.959377"><ele>16.8</ele><time>2026-08-02T14:18:19Z</time></trkpt><trkpt lat="60.242823" lon="24.959352"><ele>16.5</ele><time>2026-08-02T14:18:20Z</time><extensions><gpxtpx:TrackPointExtension><gpxtpx:hr>107</gpxtpx:hr></gpxtpx:TrackPointExtension></extensions></trkpt><trkpt lat="60.242895" lon="24.959332"><ele>15.4</ele><time>2026-08-02T14:18:21Z</time></trkpt><trkpt lat="60.242965" lon="24.959313"><ele>15.0</ele><time>2026-08-02T14:18:22Z</time><extensions><gpxtpx:TrackPointExtension><gpxtpx:hr>107</gpxtpx:hr></gpxtpx:TrackPointExtension></extensions></trkpt><trkpt lat="60.243027" lon="24.95931"><ele>14.7</ele><time>2026-08-02T14:18:23Z</time></trkpt><trkpt lat="60.243092" lon="24.9593"><ele>14.9</ele><time>2026-08-02T14:18:24Z</time></trkpt><trkpt lat="60.24316" lon="24.95927"><ele>14.8</ele><time>2026-08-02T14:18:25Z</time></trkpt><trkpt lat="60.24323" lon="24.959228"><ele>14.7</ele><time>2026-08-02T14:18:26Z</time></trkpt><trkpt lat="60.243298" lon="24.959193"><ele>14.2</ele><time>2026-08-02T14:18:27Z</time><extensions><gpxtpx:TrackPointExtension><gpxtpx:hr>105</gpxtpx:hr></gpxtpx:TrackPointExtension></extensions></trkpt><trkpt lat="60.243372" lon="24.959178"><ele>14.3</ele><time>2026-08-02T14:18:28Z</time></trkpt><trkpt lat="60.243445" lon="24.959157"><ele>15.3</ele><time>2026-08-02T14:18:29Z</time></trkpt><trkpt lat="60.243522" lon="24.959128"><ele>16.4</ele><time>2026-08-02T14:18:30Z</time></trkpt><trkpt lat="60.2436" lon="24.959095"><ele>16.9</ele><time>2026-08-02T14:18:31Z</time></trkpt><trkpt lat="60.24367" lon="24.959077"><ele>16.6</ele><time>2026-08-02T14:18:32Z</time><extensions><gpxtpx:TrackPointExtension><gpxtpx:hr>108</gpxtpx:hr></gpxtpx:TrackPointExtension></extensions></trkpt><trkpt lat="60.243737" lon="24.959048"><ele>17.5</ele><time>2026-08-02T14:18:33Z</time></trkpt><trkpt lat="60.2438" lon="24.95902"><ele>18.2</ele><time>2026-08-02T14:18:34Z</time></trkpt><trkpt lat="60.243862" lon="24.958992"><ele>18.3</ele><time>2026-08-02T14:18:35Z</time></trkpt><trkpt lat="60.243927" lon="24.958973"><ele>18.9</ele><time>2026-08-02T14:18:36Z</time></trkpt><trkpt lat="60.24399" lon="24.958953"><ele>19.1</ele><time>2026-08-02T14:18:37Z</time><extensions><gpxtpx:TrackPointExtension><gpxtpx:hr>111</gpxtpx:hr></gpxtpx:TrackPointExtension></extensions></trkpt><trkpt lat="60.244052" lon="24.958932"><ele>19.6</ele><time>2026-08-02T14:18:38Z</time></trkpt><trkpt lat="60.244115" lon="24.958918"><ele>19.6</ele><time>2026-08-02T14:18:39Z</time></trkpt><trkpt lat="60.244172" lon="24.958905"><ele>20.4</ele><time>2026-08-02T14:18:40Z</time></trkpt><trkpt lat="60.24423" lon="24.95889"><ele>21.0</ele><time>2026-08-02T14:18:41Z</time></trkpt><trkpt lat="60.244288" lon="24.958873"><ele>21.2</ele><time>2026-08-02T14:18:42Z</time><extensions><gpxtpx:TrackPointExtension><gpxtpx:hr>115</gpxtpx:hr></gpxtpx:TrackPointExtension></extensions></trkpt><trkpt lat="60.244342" lon="24.95885"><ele>21.4</ele><time>2026-08-02T14:18:43Z</time></trkpt><trkpt lat="60.244397" lon="24.958833"><ele>21.3</ele><time>2026-08-02T14:18:44Z</time></trkpt><trkpt lat="60.244452" lon="24.958815"><ele>21.9</ele><time>2026-08-02T14:18:45Z</time></trkpt><trkpt lat="60.244513" lon="24.95878"><ele>21.9</ele><time>2026-08-02T14:18:47Z</time></trkpt><trkpt lat="60.244563" lon="24.95876"><ele>22.1</ele><time>2026-08-02T14:18:48Z</time></trkpt><trkpt lat="60.244615" lon="24.958743"><ele>22.4</ele><time>2026-08-02T14:18:49Z</time></trkpt><trkpt lat="60.244665" lon="24.958727"><ele>22.5</ele><time>2026-08-02T14:18:50Z</time></trkpt><trkpt lat="60.244715" lon="24.958713"><ele>22.7</ele><time>2026-08-02T14:18:51Z</time></trkpt><trkpt lat="60.244765" lon="24.958697"><ele>22.8</ele><time>2026-08-02T14:18:52Z</time><extensions><gpxtpx:TrackPointExtension><gpxtpx:hr>126</gpxtpx:hr></gpxtpx:TrackPointExtension></extensions></trkpt><trkpt lat="60.244815" lon="24.958685"><ele>22.9</ele><time>2026-08-02T14:18:53Z</time></trkpt><trkpt lat="60.244867" lon="24.958673"><ele>23.1</ele><time>2026-08-02T14:18:54Z</time></trkpt><trkpt lat="60.244917" lon="24.958658"><ele>23.3</ele><time>2026-08-02T14:18:55Z</time></trkpt><trkpt lat="60.244967" lon="24.958645"><ele>23.4</ele><time>2026-08-02T14:18:56Z</time></trkpt><trkpt lat="60.245017" lon="24.958633"><ele>23.5</ele><time>2026-08-02T14:18:57Z</time><extensions><gpxtpx:TrackPointExtension><gpxtpx:hr>126</gpxtpx:hr></gpxtpx:TrackPointExtension></extensions></trkpt><trkpt lat="60.245062" lon="24.958622"><ele>23.5</ele><time>2026-08-02T14:18:58Z</time></trkpt><trkpt lat="60.245108" lon="24.95861"><ele>23.5</ele><time>2026-08-02T14:18:59Z</time></trkpt><trkpt lat="60.245153" lon="24.958605"><ele>23.7</ele><time>2026-08-02T14:19:00Z</time></trkpt><trkpt lat="60.245198" lon="24.958605"><ele>23.7</ele><time>2026-08-02T14:19:01Z</time><extensions><gpxtpx:TrackPointExtension><gpxtpx:hr>125</gpxtpx:hr></gpxtpx:TrackPointExtension></extensions></trkpt><trkpt lat="60.245243" lon="24.958595"><ele>23.7</ele><time>2026-08-02T14:19:02Z</time></trkpt><trkpt lat="60.245293" lon="24.958585"><ele>23.7</ele><time>2026-08-02T14:19:03Z</time><extensions><gpxtpx:TrackPointExtension><gpxtpx:hr>126</gpxtpx:hr></gpxtpx:TrackPointExtension></extensions></trkpt><trkpt lat="60.245343" lon="24.958577"><ele>23.8</ele><time>2026-08-02T14:19:04Z</time></trkpt><trkpt lat="60.24539" lon="24.95856"><ele>23.8</ele><time>2026-08-02T14:19:05Z</time></trkpt><trkpt lat="60.245435" lon="24.958552"><ele>23.7</ele><time>2026-08-02T14:19:06Z</time></trkpt><trkpt lat="60.245482" lon="24.958542"><ele>23.7</ele><time>2026-08-02T14:19:07Z</time></trkpt><trkpt lat="60.245532" lon="24.95853"><ele>23.7</ele><time>2026-08-02T14:19:08Z</time></trkpt><trkpt lat="60.245582" lon="24.958517"><ele>23.9</ele><time>2026-08-02T14:19:09Z</time></trkpt><trkpt lat="60.245957" lon="24.958322"><ele>24.4</ele><time>2026-08-02T14:19:16Z</time><extensions><gpxtpx:TrackPointExtension><gpxtpx:hr>126</gpxtpx:hr></gpxtpx:TrackPointExtension></extensions></trkpt><trkpt lat="60.245957" lon="24.958322"><ele>24.4</ele><time>2026-08-02T14:19:12Z</time><extensions><gpxtpx:TrackPointExtension><gpxtpx:hr>127</gpxtpx:hr></gpxtpx:TrackPointExtension></extensions></trkpt><trkpt lat="60.246012" lon="24.958313"><ele>24.5</ele><time>2026-08-02T14:19:17Z</time></trkpt><trkpt lat="60.24606" lon="24.958317"><ele>23.9</ele><time>2026-08-02T14:19:18Z</time></trkpt><trkpt lat="60.24625" lon="24.958387"><ele>15.8</ele><time>2026-08-02T14:19:21Z</time><extensions><gpxtpx:TrackPointExtension><gpxtpx:hr>129</gpxtpx:hr></gpxtpx:TrackPointExtension></extensions></trkpt><trkpt lat="60.246287" lon="24.958335"><ele>19.8</ele><time>2026-08-02T14:19:22Z</time></trkpt><trkpt lat="60.246318" lon="24.958325"><ele>21.8</ele><time>2026-08-02T14:19:22Z</time></trkpt><trkpt lat="60.246375" lon="24.958312"><ele>22.2</ele><time>2026-08-02T14:19:23Z</time></trkpt><trkpt lat="60.24643" lon="24.95828"><ele>23.2</ele><time>2026-08-02T14:19:24Z</time></trkpt><trkpt lat="60.246488" lon="24.958263"><ele>23.2</ele><time>2026-08-02T14:19:25Z</time></trkpt><trkpt lat="60.24655" lon="24.95827"><ele>21.9</ele><time>2026-08-02T14:19:26Z</time><extensions><gpxtpx:TrackPointExtension><gpxtpx:hr>127</gpxtpx:hr></gpxtpx:TrackPointExtension></extensions></trkpt><trkpt lat="60.24661" lon="24.958277"><ele>21.8</ele><time>2026-08-02T14:19:27Z</time></trkpt><trkpt lat="60.246667" lon="24.958278"><ele>21.8</ele><time>2026-08-02T14:19:28Z</time></trkpt><trkpt lat="60.246725" lon="24.958275"><ele>21.8</ele><time>2026-08-02T14:19:29Z</time></trkpt><trkpt lat="60.24677" lon="24.958277"><ele>22.2</ele><time>2026-08-02T14:19:30Z</time></trkpt><trkpt lat="60.246817" lon="24.958288"><ele>22.2</ele><time>2026-08-02T14:19:31Z</time><extensions><gpxtpx:TrackPointExtension><gpxtpx:hr>124</gpxtpx:hr></gpxtpx:TrackPointExtension></extensions></trkpt><trkpt lat="60.246863" lon="24.958293"><ele>22.2</ele><time>2026-08-02T14:19:32Z</time><extensions><gpxtpx:TrackPointExtension><gpxtpx:hr>123</gpxtpx:hr></gpxtpx:TrackPointExtension></extensions></trkpt><trkpt lat="60.246907" lon="24.958287"><ele>23.0</ele><time>2026-08-02T14:19:33Z</time></trkpt><trkpt lat="60.246955" lon="24.958268"><ele>22.4</ele><time>2026-08-02T14:19:34Z</time></trkpt><trkpt lat="60.24702" lon="24.958263"><ele>22.1</ele><time>2026-08-02T14:19:35Z</time></trkpt><trkpt lat="60.247087" lon="24.958267"><ele>22.1</ele><time>2026-08-02T14:19:36Z</time></trkpt><trkpt lat="60.24715" lon="24.958265"><ele>21.9</ele><time>2026-08-02T14:19:37Z</time></trkpt><trkpt lat="60.247213" lon="24.95827"><ele>21.7</ele><time>2026-08-02T14:19:38Z</time></trkpt><trkpt lat="60.247273" lon="24.95827"><ele>21.4</ele><time>2026-08-02T14:19:39Z</time><extensions><gpxtpx:TrackPointExtension><gpxtpx:hr>118</gpxtpx:hr></gpxtpx:TrackPointExtension></extensions></trkpt><trkpt lat="60.247338" lon="24.958268"><ele>21.4</ele><time>2026-08-02T14:19:40Z</time></trkpt><trkpt lat="60.247402" lon="24.958272"><ele>21.2</ele><time>2026-08-02T14:19:41Z</time></trkpt><trkpt lat="60.247468" lon="24.95827"><ele>20.3</ele><time>2026-08-02T14:19:42Z</time></trkpt><trkpt lat="60.247532" lon="24.95827"><ele>20.2</ele><time>2026-08-02T14:19:43Z</time></trkpt><trkpt lat="60.247598" lon="24.958272"><ele>20.0</ele><time>2026-08-02T14:19:44Z</time><extensions><gpxtpx:TrackPointExtension><gpxtpx:hr>116</gpxtpx:hr></gpxtpx:TrackPointExtension></extensions></trkpt><trkpt lat="60.247663" lon="24.958273"><ele>20.0</ele><time>2026-08-02T14:19:45Z</time></trkpt><trkpt lat="60.247728" lon="24.958275"><ele>20.0</ele><time>2026-08-02T14:19:46Z</time></trkpt><trkpt lat="60.247787" lon="24.958268"><ele>19.9</ele><time>2026-08-02T14:19:47Z</time><extensions><gpxtpx:TrackPointExtension><gpxtpx:hr>116</gpxtpx:hr></gpxtpx:TrackPointExtension></extensions></trkpt><trkpt lat="60.247847" lon="24.958262"><ele>19.7</ele><time>2026-08-02T14:19:48Z</time></trkpt><trkpt lat="60.247888" lon="24.958218"><ele>17.3</ele><time>2026-08-02T14:19:49Z</time></trkpt><trkpt lat="60.247935" lon="24.958222"><ele>16.8</ele><time>2026-08-02T14:19:50Z</time></trkpt><trkpt lat="60.247975" lon="24.958232"><ele>17.0</ele><time>2026-08-02T14:19:51Z</time></trkpt><trkpt lat="60.248002" lon="24.958253"><ele>17.7</ele><time>2026-08-02T14:19:52Z</time></trkpt><trkpt lat="60.248042" lon="24.958225"><ele>18.5</ele><time>2026-08-02T14:19:53Z</time></trkpt><trkpt lat="60.248073" lon="24.958212"><ele>18.2</ele><time>2026-08-02T14:19:54Z</time><extensions><gpxtpx:TrackPointExtension><gpxtpx:hr>115</gpxtpx:hr></gpxtpx:TrackPointExtension></extensions></trkpt><trkpt lat="60.248095" lon="24.958212"><ele>18.5</ele><time>2026-08-02T14:19:55Z</time></trkpt><trkpt lat="60.248127" lon="24.958185"><ele>18.8</ele><time>2026-08-02T14:19:56Z</time></trkpt><trkpt lat="60.248163" lon="24.958185"><ele>18.9</ele><time>2026-08-02T14:19:57Z</time><extensions><gpxtpx:TrackPointExtension><gpxtpx:hr>115</gpxtpx:hr></gpxtpx:TrackPointExtension></extensions></trkpt><trkpt lat="60.248205" lon="24.958193"><ele>19.1</ele><time>2026-08-02T14:19:58Z</time></trkpt><trkpt lat="60.24826" lon="24.95819"><ele>19.2</ele><time>2026-08-02T14:19:59Z</time></trkpt><trkpt lat="60.248305" lon="24.958203"><ele>19.1</ele><time>2026-08-02T14:20:00Z</time></trkpt><trkpt lat="60.248355" lon="24.95821"><ele>19.3</ele><time>2026-08-02T14:20:01Z</time></trkpt><trkpt lat="60.248393" lon="24.958213"><ele>19.1</ele><time>2026-08-02T14:20:02Z</time><extensions><gpxtpx:TrackPointExtension><gpxtpx:hr>118</gpxtpx:hr></gpxtpx:TrackPointExtension></extensions></trkpt><trkpt lat="60.248433" lon="24.958227"><ele>19.2</ele><time>2026-08-02T14:20:03Z</time></trkpt><trkpt lat="60.248482" lon="24.958228"><ele>19.6</ele><time>2026-08-02T14:20:04Z</time></trkpt><trkpt lat="60.248527" lon="24.958235"><ele>19.8</ele><time>2026-08-02T14:20:05Z</time></trkpt><trkpt lat="60.248573" lon="24.958243"><ele>20.4</ele><time>2026-08-02T14:20:06Z</time></trkpt><trkpt lat="60.248613" lon="24.958263"><ele>21.0</ele><time>2026-08-02T14:20:07Z</time><extensions><gpxtpx:TrackPointExtension><gpxtpx:hr>125</gpxtpx:hr></gpxtpx:TrackPointExtension></extensions></trkpt><trkpt lat="60.248657" lon="24.958277"><ele>21.2</ele><time>2026-08-02T14:20:08Z</time></trkpt><trkpt lat="60.248702" lon="24.958297"><ele>21.2</ele><time>2026-08-02T14:20:09Z</time></trkpt><trkpt lat="60.248747" lon="24.95832"><ele>21.9</ele><time>2026-08-02T14:20:10Z</time></trkpt><trkpt lat="60.248783" lon="24.958347"><ele>22.3</ele><time>2026-08-02T14:20:11Z</time></trkpt><trkpt lat="60.24882" lon="24.958373"><ele>22.6</ele><time>2026-08-02T14:20:12Z</time></trkpt><trkpt lat="60.248847" lon="24.958388"><ele>22.8</ele><time>2026-08-02T14:20:13Z</time></trkpt><trkpt lat="60.248883" lon="24.958388"><ele>22.6</ele><time>2026-08-02T14:20:14Z</time></trkpt><trkpt lat="60.248915" lon="24.958388"><ele>22.8</ele><time>2026-08-02T14:20:15Z</time><extensions><gpxtpx:TrackPointExtension><gpxtpx:hr>134</gpxtpx:hr></gpxtpx:TrackPointExtension></extensions></trkpt><trkpt lat="60.248945" lon="24.958392"><ele>23.1</ele><time>2026-08-02T14:20:16Z</time></trkpt><trkpt lat="60.248965" lon="24.958382"><ele>23.2</ele><time>2026-08-02T14:20:17Z</time></trkpt><trkpt lat="60.248993" lon="24.95838"><ele>22.7</ele><time>2026-08-02T14:20:18Z</time></trkpt><trkpt lat="60.249027" lon="24.958393"><ele>23.4</ele><time>2026-08-02T14:20:19Z</time></trkpt><trkpt lat="60.249068" lon="24.958415"><ele>23.8</ele><time>2026-08-02T14:20:20Z</time></trkpt><trkpt lat="60.249115" lon="24.95843"><ele>23.9</ele><time>2026-08-02T14:20:21Z</time><extensions><gpxtpx:TrackPointExtension><gpxtpx:hr>139</gpxtpx:hr></gpxtpx:TrackPointExtension></extensions></trkpt><trkpt lat="60.249158" lon="24.958437"><ele>23.3</ele><time>2026-08-02T14:20:22Z</time><extensions><gpxtpx:TrackPointExtension><gpxtpx:hr>135</gpxtpx:hr></gpxtpx:TrackPointExtension></extensions></trkpt><trkpt lat="60.249193" lon="24.958445"><ele>23.4</ele><time>2026-08-02T14:20:23Z</time></trkpt><trkpt lat="60.249238" lon="24.95842"><ele>23.4</ele><time>2026-08-02T14:20:24Z</time></trkpt><trkpt lat="60.249283" lon="24.958393"><ele>23.3</ele><time>2026-08-02T14:20:25Z</time></trkpt><trkpt lat="60.249312" lon="24.958372"><ele>22.9</ele><time>2026-08-02T14:20:26Z</time></trkpt><trkpt lat="60.249337" lon="24.958345"><ele>23.0</ele><time>2026-08-02T14:20:27Z</time><extensions><gpxtpx:TrackPointExtension><gpxtpx:hr>136</gpxtpx:hr></gpxtpx:TrackPointExtension></extensions></trkpt><trkpt lat="60.249363" lon="24.958308"><ele>23.4</ele><time>2026-08-02T14:20:28Z</time></trkpt><trkpt lat="60.249395" lon="24.958273"><ele>24.5</ele><time>2026-08-02T14:20:29Z</time></trkpt><trkpt lat="60.249435" lon="24.95822"><ele>24.4</ele><time>2026-08-02T14:20:30Z</time></trkpt><trkpt lat="60.249482" lon="24.95816"><ele>24.2</ele><time>2026-08-02T14:20:31Z</time></trkpt><trkpt lat="60.249525" lon="24.9581"><ele>25.2</ele><time>2026-08-02T14:20:32Z</time></trkpt><trkpt lat="60.249573" lon="24.958055"><ele>24.6</ele><time>2026-08-02T14:20:33Z</time></trkpt><trkpt lat="60.249622" lon="24.95801"><ele>24.3</ele><time>2026-08-02T14:20:34Z</time></trkpt><trkpt lat="60.249668" lon="24.957958"><ele>25.3</ele><time>2026-08-02T14:20:35Z</time></trkpt><trkpt lat="60.24971" lon="24.957907"><ele>25.4</ele><time>2026-08-02T14:20:36Z</time><extensions><gpxtpx:TrackPointExtension><gpxtpx:hr>138</gpxtpx:hr></gpxtpx:TrackPointExtension></extensions></trkpt><trkpt lat="60.24975" lon="24.957853"><ele>25.2</ele><time>2026-08-02T14:20:37Z</time><extensions><gpxtpx:TrackPointExtension><gpxtpx:hr>139</gpxtpx:hr></gpxtpx:TrackPointExtension></extensions></trkpt><trkpt lat="60.249787" lon="24.957805"><ele>24.5</ele><time>2026-08-02T14:20:38Z</time></trkpt><trkpt lat="60.249828" lon="24.95777"><ele>24.6</ele><time>2026-08-02T14:20:39Z</time></trkpt><trkpt lat="60.249877" lon="24.957732"><ele>24.3</ele><time>2026-08-02T14:20:40Z</time></trkpt><trkpt lat="60.249918" lon="24.957683"><ele>24.6</ele><time>2026-08-02T14:20:41Z</time></trkpt><trkpt lat="60.249958" lon="24.957632"><ele>24.8</ele><time>2026-08-02T14:20:42Z</time><extensions><gpxtpx:TrackPointExtension><gpxtpx:hr>138</gpxtpx:hr></gpxtpx:TrackPointExtension></extensions></trkpt><trkpt lat="60.250002" lon="24.957577"><ele>24.1</ele><time>2026-08-02T14:20:43Z</time></trkpt><trkpt lat="60.250045" lon="24.957522"><ele>24.0</ele><time>2026-08-02T14:20:44Z</time></trkpt><trkpt lat="60.250093" lon="24.957463"><ele>23.9</ele><time>2026-08-02T14:20:45Z</time></trkpt><trkpt lat="60.250112" lon="24.957477"><ele>23.8</ele><time>2026-08-02T14:20:46Z</time></trkpt><trkpt lat="60.250158" lon="24.95742"><ele>23.7</ele><time>2026-08-02T14:20:47Z</time></trkpt><trkpt lat="60.250208" lon="24.957352"><ele>23.7</ele><time>2026-08-02T14:20:48Z</time></trkpt><trkpt lat="60.250263" lon="24.957288"><ele>23.6</ele><time>2026-08-02T14:20:49Z</time></trkpt><trkpt lat="60.250312" lon="24.957228"><ele>23.6</ele><time>2026-08-02T14:20:50Z</time></trkpt><trkpt lat="60.250357" lon="24.957165"><ele>23.5</ele><time>2026-08-02T14:20:51Z</time><extensions><gpxtpx:TrackPointExtension><gpxtpx:hr>134</gpxtpx:hr></gpxtpx:TrackPointExtension></extensions></trkpt><trkpt lat="60.250407" lon="24.957105"><ele>23.3</ele><time>2026-08-02T14:20:52Z</time></trkpt><trkpt lat="60.250458" lon="24.957047"><ele>23.2</ele><time>2026-08-02T14:20:53Z</time><extensions><gpxtpx:TrackPointExtension><gpxtpx:hr>134</gpxtpx:hr></gpxtpx:TrackPointExtension></extensions></trkpt><trkpt lat="60.250507" lon="24.956983"><ele>23.2</ele><time>2026-08-02T14:20:54Z</time></trkpt><trkpt lat="60.250552" lon="24.95692"><ele>23.0</ele><time>2026-08-02T14:20:55Z</time></trkpt><trkpt lat="60.250598" lon="24.956862"><ele>23.0</ele><time>2026-08-02T14:20:56Z</time></trkpt><trkpt lat="60.250643" lon="24.956807"><ele>22.9</ele><time>2026-08-02T14:20:57Z</time></trkpt><trkpt lat="60.250687" lon="24.956757"><ele>22.9</ele><time>2026-08-02T14:20:58Z</time></trkpt><trkpt lat="60.250732" lon="24.9567"><ele>22.7</ele><time>2026-08-02T14:20:59Z</time></trkpt><trkpt lat="60.250777" lon="24.956645"><ele>22.8</ele><time>2026-08-02T14:21:00Z</time></trkpt><trkpt lat="60.250825" lon="24.956595"><ele>22.9</ele><time>2026-08-02T14:21:01Z</time><extensions><gpxtpx:TrackPointExtension><gpxtpx:hr>130</gpxtpx:hr></gpxtpx:TrackPointExtension></extensions></trkpt><trkpt lat="60.250872" lon="24.956535"><ele>22.9</ele><time>2026-08-02T14:21:02Z</time></trkpt><trkpt lat="60.250918" lon="24.956475"><ele>23.0</ele><time>2026-08-02T14:21:03Z</time></trkpt><trkpt lat="60.250965" lon="24.95642"><ele>23.0</ele><time>2026-08-02T14:21:04Z</time></trkpt><trkpt lat="60.251007" lon="24.956368"><ele>23.0</ele><time>2026-08-02T14:21:05Z</time><extensions><gpxtpx:TrackPointExtension><gpxtpx:hr>128</gpxtpx:hr></gpxtpx:TrackPointExtension></extensions></trkpt><trkpt lat="60.251052" lon="24.956322"><ele>23.3</ele><time>2026-08-02T14:21:06Z</time></trkpt><trkpt lat="60.251093" lon="24.956275"><ele>23.2</ele><time>2026-08-02T14:21:07Z</time></trkpt><trkpt lat="60.251142" lon="24.95622"><ele>23.2</ele><time>2026-08-02T14:21:08Z</time></trkpt><trkpt lat="60.251195" lon="24.956168"><ele>23.3</ele><time>2026-08-02T14:21:09Z</time></trkpt><trkpt lat="60.251503" lon="24.955905"><ele>22.4</ele><time>2026-08-02T14:21:15Z</time><extensions><gpxtpx:TrackPointExtension><gpxtpx:hr>126</gpxtpx:hr></gpxtpx:TrackPointExtension></extensions></trkpt><trkpt lat="60.251503" lon="24.955905"><ele>22.4</ele><time>2026-08-02T14:21:12Z</time><extensions><gpxtpx:TrackPointExtension><gpxtpx:hr>126</gpxtpx:hr></gpxtpx:TrackPointExtension></extensions></trkpt><trkpt lat="60.251573" lon="24.955947"><ele>18.8</ele><time>2026-08-02T14:21:16Z</time></trkpt><trkpt lat="60.251648" lon="24.955923"><ele>19.3</ele><time>2026-08-02T14:21:18Z</time></trkpt><trkpt lat="60.251752" lon="24.955812"><ele>22.6</ele><time>2026-08-02T14:21:20Z</time></trkpt><trkpt lat="60.251793" lon="24.955773"><ele>22.4</ele><time>2026-08-02T14:21:21Z</time></trkpt><trkpt lat="60.251822" lon="24.955728"><ele>23.2</ele><time>2026-08-02T14:21:21Z</time><extensions><gpxtpx:TrackPointExtension><gpxtpx:hr>122</gpxtpx:hr></gpxtpx:TrackPointExtension></extensions></trkpt><trkpt lat="60.251875" lon="24.955727"><ele>21.7</ele><time>2026-08-02T14:21:22Z</time></trkpt><trkpt lat="60.251927" lon="24.955717"><ele>20.3</ele><time>2026-08-02T14:21:23Z</time><extensions><gpxtpx:TrackPointExtension><gpxtpx:hr>122</gpxtpx:hr></gpxtpx:TrackPointExtension></extensions></trkpt><trkpt lat="60.251978" lon="24.955698"><ele>20.4</ele><time>2026-08-02T14:21:24Z</time></trkpt><trkpt lat="60.25203" lon="24.95568"><ele>20.1</ele><time>2026-08-02T14:21:25Z</time></trkpt><trkpt lat="60.25208" lon="24.955657"><ele>19.2</ele><time>2026-08-02T14:21:26Z</time></trkpt><trkpt lat="60.252127" lon="24.955627"><ele>18.8</ele><time>2026-08-02T14:21:27Z</time></trkpt><trkpt lat="60.252173" lon="24.955595"><ele>18.8</ele><time>2026-08-02T14:21:28Z</time><extensions><gpxtpx:TrackPointExtension><gpxtpx:hr>121</gpxtpx:hr></gpxtpx:TrackPointExtension></extensions></trkpt><trkpt lat="60.252223" lon="24.955558"><ele>18.7</ele><time>2026-08-02T14:21:29Z</time></trkpt><trkpt lat="60.252273" lon="24.955532"><ele>18.7</ele><time>2026-08-02T14:21:30Z</time></trkpt><trkpt lat="60.25233" lon="24.9555"><ele>18.0</ele><time>2026-08-02T14:21:31Z</time></trkpt><trkpt lat="60.252383" lon="24.955468"><ele>17.8</ele><time>2026-08-02T14:21:32Z</time></trkpt><trkpt lat="60.252437" lon="24.955437"><ele>17.3</ele><time>2026-08-02T14:21:33Z</time><extensions><gpxtpx:TrackPointExtension><gpxtpx:hr>120</gpxtpx:hr></gpxtpx:TrackPointExtension></extensions></trkpt><trkpt lat="60.252492" lon="24.955407"><ele>17.6</ele><time>2026-08-02T14:21:34Z</time></trkpt><trkpt lat="60.252545" lon="24.955372"><ele>18.2</ele><time>2026-08-02T14:21:35Z</time></trkpt><trkpt lat="60.2526" lon="24.955345"><ele>17.9</ele><time>2026-08-02T14:21:36Z</time></trkpt><trkpt lat="60.252653" lon="24.955323"><ele>17.8</ele><time>2026-08-02T14:21:37Z</time></trkpt><trkpt lat="60.252708" lon="24.9553"><ele>17.5</ele><time>2026-08-02T14:21:38Z</time></trkpt><trkpt lat="60.252765" lon="24.955278"><ele>18.0</ele><time>2026-08-02T14:21:39Z</time></trkpt><trkpt lat="60.252822" lon="24.955252"><ele>17.4</ele><time>2026-08-02T14:21:40Z</time></trkpt><trkpt lat="60.252878" lon="24.955223"><ele>17.4</ele><time>2026-08-02T14:21:41Z</time><extensions><gpxtpx:TrackPointExtension><gpxtpx:hr>117</gpxtpx:hr></gpxtpx:TrackPointExtension></extensions></trkpt><trkpt lat="60.252935" lon="24.955195"><ele>17.3</ele><time>2026-08-02T14:21:42Z</time></trkpt><trkpt lat="60.252997" lon="24.955163"><ele>17.3</ele><time>2026-08-02T14:21:43Z</time><extensions><gpxtpx:TrackPointExtension><gpxtpx:hr>118</gpxtpx:hr></gpxtpx:TrackPointExtension></extensions></trkpt><trkpt lat="60.253062" lon="24.955138"><ele>17.5</ele><time>2026-08-02T14:21:44Z</time></trkpt><trkpt lat="60.25312" lon="24.955112"><ele>17.9</ele><time>2026-08-02T14:21:45Z</time></trkpt><trkpt lat="60.253178" lon="24.955078"><ele>18.4</ele><time>2026-08-02T14:21:46Z</time></trkpt><trkpt lat="60.253232" lon="24.955045"><ele>18.1</ele><time>2026-08-02T14:21:47Z</time></trkpt><trkpt lat="60.253292" lon="24.954987"><ele>24.8</ele><time>2026-08-02T14:21:48Z</time><extensions><gpxtpx:TrackPointExtension><gpxtpx:hr>116</gpxtpx:hr></gpxtpx:TrackPointExtension></extensions></trkpt><trkpt lat="60.253355" lon="24.954992"><ele>23.2</ele><time>2026-08-02T14:21:49Z</time></trkpt><trkpt lat="60.253408" lon="24.95495"><ele>23.3</ele><time>2026-08-02T14:21:50Z</time></trkpt><trkpt lat="60.253458" lon="24.954908"><ele>24.2</ele><time>2026-08-02T14:21:51Z</time></trkpt><trkpt lat="60.253512" lon="24.954883"><ele>24.4</ele><time>2026-08-02T14:21:52Z</time></trkpt><trkpt lat="60.25356" lon="24.95486"><ele>24.9</ele><time>2026-08-02T14:21:53Z</time></trkpt><trkpt lat="60.253615" lon="24.954838"><ele>24.8</ele><time>2026-08-02T14:21:54Z</time></trkpt><trkpt lat="60.253667" lon="24.954803"><ele>24.8</ele><time>2026-08-02T14:21:55Z</time><extensions><gpxtpx:TrackPointExtension><gpxtpx:hr>125</gpxtpx:hr></gpxtpx:TrackPointExtension></extensions></trkpt><trkpt lat="60.253725" lon="24.95477"><ele>25.8</ele><time>2026-08-02T14:21:56Z</time></trkpt><trkpt lat="60.253782" lon="24.954717"><ele>24.6</ele><time>2026-08-02T14:21:57Z</time><extensions><gpxtpx:TrackPointExtension><gpxtpx:hr>124</gpxtpx:hr></gpxtpx:TrackPointExtension></extensions></trkpt><trkpt lat="60.253827" lon="24.954657"><ele>24.7</ele><time>2026-08-02T14:21:58Z</time></trkpt><trkpt lat="60.253878" lon="24.95461"><ele>25.3</ele><time>2026-08-02T14:21:59Z</time></trkpt><trkpt lat="60.253928" lon="24.954547"><ele>25.6</ele><time>2026-08-02T14:22:00Z</time></trkpt><trkpt lat="60.253977" lon="24.954502"><ele>26.8</ele><time>2026-08-02T14:22:01Z</time></trkpt><trkpt lat="60.254018" lon="24.954502"><ele>26.1</ele><time>2026-08-02T14:22:02Z</time><extensions><gpxtpx:TrackPointExtension><gpxtpx:hr>121</gpxtpx:hr></gpxtpx:TrackPointExtension></extensions></trkpt><trkpt lat="60.254042" lon="24.954545"><ele>25.5</ele><time>2026-08-02T14:22:03Z</time></trkpt><trkpt lat="60.254073" lon="24.954597"><ele>25.3</ele><time>2026-08-02T14:22:04Z</time></trkpt><trkpt lat="60.254118" lon="24.954633"><ele>25.0</ele><time>2026-08-02T14:22:05Z</time></trkpt><trkpt lat="60.254173" lon="24.954658"><ele>24.3</ele><time>2026-08-02T14:22:06Z</time></trkpt><trkpt lat="60.254223" lon="24.954687"><ele>24.2</ele><time>2026-08-02T14:22:07Z</time></trkpt><trkpt lat="60.254272" lon="24.954718"><ele>24.0</ele><time>2026-08-02T14:22:08Z</time></trkpt><trkpt lat="60.254322" lon="24.954738"><ele>24.4</ele><time>2026-08-02T14:22:09Z</time></trkpt><trkpt lat="60.25438" lon="24.954738"><ele>24.5</ele><time>2026-08-02T14:22:10Z</time></trkpt><trkpt lat="60.254425" lon="24.954763"><ele>25.0</ele><time>2026-08-02T14:22:11Z</time><extensions><gpxtpx:TrackPointExtension><gpxtpx:hr>118</gpxtpx:hr></gpxtpx:TrackPointExtension></extensions></trkpt><trkpt lat="60.254462" lon="24.954837"><ele>24.0</ele><time>2026-08-02T14:22:12Z</time><extensions><gpxtpx:TrackPointExtension><gpxtpx:hr>117</gpxtpx:hr></gpxtpx:TrackPointExtension></extensions></trkpt><trkpt lat="60.254493" lon="24.954948"><ele>24.2</ele><time>2026-08-02T14:22:13Z</time></trkpt><trkpt lat="60.254517" lon="24.95506"><ele>24.1</ele><time>2026-08-02T14:22:14Z</time></trkpt><trkpt lat="60.254545" lon="24.955047"><ele>23.0</ele><time>2026-08-02T14:22:15Z</time></trkpt><trkpt lat="60.25458" lon="24.955155"><ele>22.7</ele><time>2026-08-02T14:22:16Z</time></trkpt><trkpt lat="60.254617" lon="24.955267"><ele>22.9</ele><time>2026-08-02T14:22:17Z</time></trkpt><trkpt lat="60.254647" lon="24.955378"><ele>22.7</ele><time>2026-08-02T14:22:18Z</time><extensions><gpxtpx:TrackPointExtension><gpxtpx:hr>118</gpxtpx:hr></gpxtpx:TrackPointExtension></extensions></trkpt><trkpt lat="60.254682" lon="24.955492"><ele>22.6</ele><time>2026-08-02T14:22:19Z</time></trkpt><trkpt lat="60.254713" lon="24.955602"><ele>22.1</ele><time>2026-08-02T14:22:20Z</time></trkpt><trkpt lat="60.254745" lon="24.955718"><ele>21.8</ele><time>2026-08-02T14:22:21Z</time></trkpt><trkpt lat="60.254778" lon="24.955835"><ele>21.6</ele><time>2026-08-02T14:22:22Z</time></trkpt><trkpt lat="60.254807" lon="24.955952"><ele>21.4</ele><time>2026-08-02T14:22:23Z</time></trkpt><trkpt lat="60.254835" lon="24.95606"><ele>20.8</ele><time>2026-08-02T14:22:24Z</time></trkpt><trkpt lat="60.254862" lon="24.956162"><ele>20.1</ele><time>2026-08-02T14:22:25Z</time></trkpt><trkpt lat="60.254888" lon="24.956267"><ele>20.0</ele><time>2026-08-02T14:22:26Z</time></trkpt><trkpt lat="60.254923" lon="24.956367"><ele>20.1</ele><time>2026-08-02T14:22:27Z</time><extensions><gpxtpx:TrackPointExtension><gpxtpx:hr>111</gpxtpx:hr></gpxtpx:TrackPointExtension></extensions></trkpt><trkpt lat="60.254957" lon="24.95647"><ele>20.4</ele><time>2026-08-02T14:22:28Z</time></trkpt><trkpt lat="60.25499" lon="24.95658"><ele>20.5</ele><time>2026-08-02T14:22:29Z</time></trkpt><trkpt lat="60.255023" lon="24.956687"><ele>20.9</ele><time>2026-08-02T14:22:30Z</time></trkpt><trkpt lat="60.255055" lon="24.956788"><ele>20.8</ele><time>2026-08-02T14:22:31Z</time><extensions><gpxtpx:TrackPointExtension><gpxtpx:hr>107</gpxtpx:hr></gpxtpx:TrackPointExtension></extensions></trkpt><trkpt lat="60.255088" lon="24.956892"><ele>20.8</ele><time>2026-08-02T14:22:32Z</time></trkpt><trkpt lat="60.255123" lon="24.956997"><ele>20.5</ele><time>2026-08-02T14:22:33Z</time></trkpt><trkpt lat="60.255162" lon="24.957103"><ele>20.5</ele><time>2026-08-02T14:22:34Z</time></trkpt><trkpt lat="60.255197" lon="24.957208"><ele>20.3</ele><time>2026-08-02T14:22:35Z</time></trkpt><trkpt lat="60.25523" lon="24.957313"><ele>20.1</ele><time>2026-08-02T14:22:36Z</time></trkpt><trkpt lat="60.255267" lon="24.957432"><ele>19.6</ele><time>2026-08-02T14:22:37Z</time><extensions><gpxtpx:TrackPointExtension><gpxtpx:hr>107</gpxtpx:hr></gpxtpx:TrackPointExtension></extensions></trkpt><trkpt lat="60.255307" lon="24.957543"><ele>19.3</ele><time>2026-08-02T14:22:38Z</time></trkpt><trkpt lat="60.25535" lon="24.957647"><ele>19.0</ele><time>2026-08-02T14:22:39Z</time></trkpt><trkpt lat="60.255402" lon="24.957757"><ele>18.1</ele><time>2026-08-02T14:22:40Z</time></trkpt><trkpt lat="60.25546" lon="24.957855"><ele>17.7</ele><time>2026-08-02T14:22:41Z</time><extensions><gpxtpx:TrackPointExtension><gpxtpx:hr>110</gpxtpx:hr></gpxtpx:TrackPointExtension></extensions></trkpt><trkpt lat="60.255517" lon="24.957962"><ele>17.1</ele><time>2026-08-02T14:22:42Z</time></trkpt><trkpt lat="60.255575" lon="24.958065"><ele>16.4</ele><time>2026-08-02T14:22:43Z</time><extensions><gpxtpx:TrackPointExtension><gpxtpx:hr>110</gpxtpx:hr></gpxtpx:TrackPointExtension></extensions></trkpt><trkpt lat="60.255638" lon="24.958172"><ele>15.9</ele><time>2026-08-02T14:22:44Z</time></trkpt><trkpt lat="60.25571" lon="24.958295"><ele>16.7</ele><time>2026-08-02T14:22:45Z</time></trkpt><trkpt lat="60.255775" lon="24.958403"><ele>16.4</ele><time>2026-08-02T14:22:46Z</time></trkpt><trkpt lat="60.255837" lon="24.958513"><ele>16.2</ele><time>2026-08-02T14:22:47Z</time></trkpt><trkpt lat="60.255895" lon="24.958625"><ele>15.8</ele><time>2026-08-02T14:22:48Z</time></trkpt><trkpt lat="60.255953" lon="24.95873"><ele>15.3</ele><time>2026-08-02T14:22:49Z</time></trkpt><trkpt lat="60.256015" lon="24.958838"><ele>15.3</ele><time>2026-08-02T14:22:50Z</time><extensions><gpxtpx:TrackPointExtension><gpxtpx:hr>107</gpxtpx:hr></gpxtpx:TrackPointExtension></extensions></trkpt><trkpt lat="60.256073" lon="24.958942"><ele>15.3</ele><time>2026-08-02T14:22:51Z</time></trkpt><trkpt lat="60.256133" lon="24.959035"><ele>15.0</ele><time>2026-08-02T14:22:52Z</time></trkpt><trkpt lat="60.256193" lon="24.95913"><ele>14.9</ele><time>2026-08-02T14:22:53Z</time><extensions><gpxtpx:TrackPointExtension><gpxtpx:hr>104</gpxtpx:hr></gpxtpx:TrackPointExtension></extensions></trkpt><trkpt lat="60.256258" lon="24.959218"><ele>14.9</ele><time>2026-08-02T14:22:54Z</time></trkpt><trkpt lat="60.25632" lon="24.959287"><ele>15.0</ele><time>2026-08-02T14:22:55Z</time></trkpt><trkpt lat="60.25638" lon="24.959345"><ele>15.2</ele><time>2026-08-02T14:22:56Z</time></trkpt><trkpt lat="60.256438" lon="24.95939"><ele>15.5</ele><time>2026-08-02T14:22:57Z</time></trkpt><trkpt lat="60.256497" lon="24.959418"><ele>15.5</ele><time>2026-08-02T14:22:58Z</time></trkpt><trkpt lat="60.25655" lon="24.959447"><ele>15.6</ele><time>2026-08-02T14:22:59Z</time></trkpt><trkpt lat="60.256612" lon="24.959478"><ele>15.4</ele><time>2026-08-02T14:23:00Z</time></trkpt><trkpt lat="60.256678" lon="24.959508"><ele>15.3</ele><time>2026-08-02T14:23:01Z</time></trkpt><trkpt lat="60.256747" lon="24.959537"><ele>15.3</ele><time>2026-08-02T14:23:02Z</time><extensions><gpxtpx:TrackPointExtension><gpxtpx:hr>106</gpxtpx:hr></gpxtpx:TrackPointExtension></extensions></trkpt><trkpt lat="60.256818" lon="24.959548"><ele>15.4</ele><time>2026-08-02T14:23:03Z</time><extensions><gpxtpx:TrackPointExtension><gpxtpx:hr>106</gpxtpx:hr></gpxtpx:TrackPointExtension></extensions></trkpt><trkpt lat="60.256885" lon="24.95956"><ele>15.3</ele><time>2026-08-02T14:23:04Z</time></trkpt><trkpt lat="60.256955" lon="24.959567"><ele>15.3</ele><time>2026-08-02T14:23:05Z</time></trkpt><trkpt lat="60.257025" lon="24.959573"><ele>15.4</ele><time>2026-08-02T14:23:06Z</time></trkpt><trkpt lat="60.257092" lon="24.959582"><ele>15.3</ele><time>2026-08-02T14:23:07Z</time></trkpt><trkpt lat="60.257162" lon="24.9596"><ele>15.4</ele><time>2026-08-02T14:23:08Z</time><extensions><gpxtpx:TrackPointExtension><gpxtpx:hr>109</gpxtpx:hr></gpxtpx:TrackPointExtension></extensions></trkpt><trkpt lat="60.257228" lon="24.95964"><ele>15.2</ele><time>2026-08-02T14:23:09Z</time></trkpt><trkpt lat="60.257295" lon="24.959687"><ele>15.2</ele><time>2026-08-02T14:23:10Z</time></trkpt><trkpt lat="60.257362" lon="24.959752"><ele>15.0</ele><time>2026-08-02T14:23:11Z</time></trkpt><trkpt lat="60.257427" lon="24.95982"><ele>15.0</ele><time>2026-08-02T14:23:12Z</time></trkpt><trkpt lat="60.257492" lon="24.95988"><ele>15.0</ele><time>2026-08-02T14:23:13Z</time><extensions><gpxtpx:TrackPointExtension><gpxtpx:hr>112</gpxtpx:hr></gpxtpx:TrackPointExtension></extensions></trkpt><trkpt lat="60.257558" lon="24.95995"><ele>15.0</ele><time>2026-08-02T14:23:14Z</time></trkpt><trkpt lat="60.257622" lon="24.960017"><ele>15.0</ele><time>2026-08-02T14:23:15Z</time></trkpt><trkpt lat="60.25769" lon="24.960082"><ele>15.0</ele><time>2026-08-02T14:23:16Z</time></trkpt><trkpt lat="60.257755" lon="24.960147"><ele>15.0</ele><time>2026-08-02T14:23:17Z</time></trkpt><trkpt lat="60.257817" lon="24.960218"><ele>14.9</ele><time>2026-08-02T14:23:18Z</time><extensions><gpxtpx:TrackPointExtension><gpxtpx:hr>116</gpxtpx:hr></gpxtpx:TrackPointExtension></extensions></trkpt><trkpt lat="60.257882" lon="24.960292"><ele>14.9</ele><time>2026-08-02T14:23:19Z</time></trkpt><trkpt lat="60.257948" lon="24.960358"><ele>14.8</ele><time>2026-08-02T14:23:20Z</time></trkpt><trkpt lat="60.258013" lon="24.960443"><ele>14.8</ele><time>2026-08-02T14:23:21Z</time></trkpt><trkpt lat="60.258082" lon="24.96052"><ele>14.8</ele><time>2026-08-02T14:23:22Z</time></trkpt><trkpt lat="60.258147" lon="24.960608"><ele>14.7</ele><time>2026-08-02T14:23:23Z</time></trkpt><trkpt lat="60.258213" lon="24.960677"><ele>14.9</ele><time>2026-08-02T14:23:24Z</time></trkpt><trkpt lat="60.258278" lon="24.960753"><ele>14.8</ele><time>2026-08-02T14:23:25Z</time></trkpt><trkpt lat="60.258342" lon="24.960835"><ele>14.7</ele><time>2026-08-02T14:23:26Z</time></trkpt><trkpt lat="60.258403" lon="24.960915"><ele>14.7</ele><time>2026-08-02T14:23:27Z</time><extensions><gpxtpx:TrackPointExtension><gpxtpx:hr>118</gpxtpx:hr></gpxtpx:TrackPointExtension></extensions></trkpt><trkpt lat="60.258463" lon="24.960995"><ele>14.6</ele><time>2026-08-02T14:23:28Z</time><extensions><gpxtpx:TrackPointExtension><gpxtpx:hr>118</gpxtpx:hr></gpxtpx:TrackPointExtension></extensions></trkpt><trkpt lat="60.258522" lon="24.961078"><ele>14.6</ele><time>2026-08-02T14:23:29Z</time></trkpt><trkpt lat="60.258585" lon="24.961158"><ele>14.4</ele><time>2026-08-02T14:23:30Z</time></trkpt><trkpt lat="60.258647" lon="24.961243"><ele>14.5</ele><time>2026-08-02T14:23:31Z</time></trkpt><trkpt lat="60.258707" lon="24.961322"><ele>14.4</ele><time>2026-08-02T14:23:32Z</time></trkpt><trkpt lat="60.258768" lon="24.961402"><ele>14.3</ele><time>2026-08-02T14:23:33Z</time></trkpt><trkpt lat="60.258825" lon="24.961488"><ele>14.4</ele><time>2026-08-02T14:23:34Z</time></trkpt><trkpt lat="60.258883" lon="24.961568"><ele>14.3</ele><time>2026-08-02T14:23:35Z</time></trkpt><trkpt lat="60.258943" lon="24.961655"><ele>14.1</ele><time>2026-08-02T14:23:36Z</time></trkpt><trkpt lat="60.259002" lon="24.961745"><ele>13.9</ele><time>2026-08-02T14:23:37Z</time><extensions><gpxtpx:TrackPointExtension><gpxtpx:hr>120</gpxtpx:hr></gpxtpx:TrackPointExtension></extensions></trkpt><trkpt lat="60.25906" lon="24.961843"><ele>13.7</ele><time>2026-08-02T14:23:38Z</time><extensions><gpxtpx:TrackPointExtension><gpxtpx:hr>121</gpxtpx:hr></gpxtpx:TrackPointExtension></extensions></trkpt><trkpt lat="60.25912" lon="24.961945"><ele>13.7</ele><time>2026-08-02T14:23:39Z</time></trkpt><trkpt lat="60.259177" lon="24.962045"><ele>13.6</ele><time>2026-08-02T14:23:40Z</time></trkpt><trkpt lat="60.259232" lon="24.962142"><ele>13.7</ele><time>2026-08-02T14:23:41Z</time></trkpt><trkpt lat="60.25929" lon="24.962237"><ele>13.6</ele><time>2026-08-02T14:23:42Z</time></trkpt><trkpt lat="60.259348" lon="24.962333"><ele>13.5</ele><time>2026-08-02T14:23:43Z</time></trkpt><trkpt lat="60.259407" lon="24.962428"><ele>13.5</ele><time>2026-08-02T14:23:44Z</time><extensions><gpxtpx:TrackPointExtension><gpxtpx:hr>123</gpxtpx:hr></gpxtpx:TrackPointExtension></extensions></trkpt><trkpt lat="60.259465" lon="24.962523"><ele>13.4</ele><time>2026-08-02T14:23:45Z</time></trkpt><trkpt lat="60.259525" lon="24.962617"><ele>13.5</ele><time>2026-08-02T14:23:46Z</time></trkpt><trkpt lat="60.259583" lon="24.962712"><ele>13.4</ele><time>2026-08-02T14:23:47Z</time></trkpt><trkpt lat="60.259642" lon="24.962813"><ele>13.5</ele><time>2026-08-02T14:23:48Z</time></trkpt><trkpt lat="60.259702" lon="24.962913"><ele>13.4</ele><time>2026-08-02T14:23:49Z</time></trkpt><trkpt lat="60.259758" lon="24.96302"><ele>13.3</ele><time>2026-08-02T14:23:50Z</time></trkpt><trkpt lat="60.259812" lon="24.963127"><ele>13.2</ele><time>2026-08-02T14:23:51Z</time><extensions><gpxtpx:TrackPointExtension><gpxtpx:hr>124</gpxtpx:hr></gpxtpx:TrackPointExtension></extensions></trkpt><trkpt lat="60.259875" lon="24.963225"><ele>13.3</ele><time>2026-08-02T14:23:52Z</time></trkpt><trkpt lat="60.259937" lon="24.963323"><ele>13.3</ele><time>2026-08-02T14:23:53Z</time></trkpt><trkpt lat="60.259997" lon="24.963425"><ele>13.2</ele><time>2026-08-02T14:23:54Z</time></trkpt><trkpt lat="60.260053" lon="24.963522"><ele>12.9</ele><time>2026-08-02T14:23:55Z</time></trkpt><trkpt lat="60.260113" lon="24.963625"><ele>13.0</ele><time>2026-08-02T14:23:56Z</time></trkpt><trkpt lat="60.260175" lon="24.963723"><ele>12.8</ele><time>2026-08-02T14:23:57Z</time><extensions><gpxtpx:TrackPointExtension><gpxtpx:hr>125</gpxtpx:hr></gpxtpx:TrackPointExtension></extensions></trkpt><trkpt lat="60.260235" lon="24.963827"><ele>12.9</ele><time>2026-08-02T14:23:58Z</time></trkpt><trkpt lat="60.260293" lon="24.963927"><ele>12.9</ele><time>2026-08-02T14:23:59Z</time><extensions><gpxtpx:TrackPointExtension><gpxtpx:hr>126</gpxtpx:hr></gpxtpx:TrackPointExtension></extensions></trkpt><trkpt lat="60.26035" lon="24.964028"><ele>12.8</ele><time>2026-08-02T14:24:00Z</time></trkpt><trkpt lat="60.260408" lon="24.96413"><ele>12.8</ele><time>2026-08-02T14:24:01Z</time></trkpt><trkpt lat="60.260467" lon="24.964235"><ele>12.6</ele><time>2026-08-02T14:24:02Z</time></trkpt><trkpt lat="60.260525" lon="24.964345"><ele>12.5</ele><time>2026-08-02T14:24:03Z</time><extensions><gpxtpx:TrackPointExtension><gpxtpx:hr>126</gpxtpx:hr></gpxtpx:TrackPointExtension></extensions></trkpt><trkpt lat="60.260582" lon="24.964448"><ele>12.5</ele><time>2026-08-02T14:24:04Z</time></trkpt><trkpt lat="60.26064" lon="24.964555"><ele>11.9</ele><time>2026-08-02T14:24:05Z</time></trkpt><trkpt lat="60.260703" lon="24.964665"><ele>12.1</ele><time>2026-08-02T14:24:06Z</time></trkpt><trkpt lat="60.26076" lon="24.964772"><ele>12.4</ele><time>2026-08-02T14:24:07Z</time></trkpt><trkpt lat="60.260818" lon="24.96488"><ele>12.3</ele><time>2026-08-02T14:24:08Z</time></trkpt><trkpt lat="60.260875" lon="24.964982"><ele>12.3</ele><time>2026-08-02T14:24:09Z</time></trkpt><trkpt lat="60.26124" lon="24.96586"><ele>14.6</ele><time>2026-08-02T14:24:16Z</time><extensions><gpxtpx:TrackPointExtension><gpxtpx:hr>125</gpxtpx:hr></gpxtpx:TrackPointExtension></extensions></trkpt><trkpt lat="60.26124" lon="24.96586"><ele>14.6</ele><time>2026-08-02T14:24:13Z</time><extensions><gpxtpx:TrackPointExtension><gpxtpx:hr>124</gpxtpx:hr></gpxtpx:TrackPointExtension></extensions></trkpt><trkpt lat="60.261302" lon="24.966012"><ele>17.2</ele><time>2026-08-02T14:24:17Z</time></trkpt><trkpt lat="60.261357" lon="24.966137"><ele>12.7</ele><time>2026-08-02T14:24:18Z</time><extensions><gpxtpx:TrackPointExtension><gpxtpx:hr>125</gpxtpx:hr></gpxtpx:TrackPointExtension></extensions></trkpt><trkpt lat="60.261432" lon="24.966243"><ele>11.0</ele><time>2026-08-02T14:24:19Z</time></trkpt><trkpt lat="60.261487" lon="24.966373"><ele>10.8</ele><time>2026-08-02T14:24:20Z</time></trkpt><trkpt lat="60.261548" lon="24.966485"><ele>9.1</ele><time>2026-08-02T14:24:21Z</time></trkpt><trkpt lat="60.261627" lon="24.966603"><ele>11.0</ele><time>2026-08-02T14:24:22Z</time></trkpt><trkpt lat="60.261702" lon="24.966707"><ele>12.3</ele><time>2026-08-02T14:24:23Z</time></trkpt><trkpt lat="60.261763" lon="24.966822"><ele>12.2</ele><time>2026-08-02T14:24:24Z</time></trkpt><trkpt lat="60.261827" lon="24.966918"><ele>11.6</ele><time>2026-08-02T14:24:25Z</time></trkpt><trkpt lat="60.261912" lon="24.967073"><ele>11.1</ele><time>2026-08-02T14:24:27Z</time><extensions><gpxtpx:TrackPointExtension><gpxtpx:hr>127</gpxtpx:hr></gpxtpx:TrackPointExtension></extensions></trkpt><trkpt lat="60.261968" lon="24.967195"><ele>11.1</ele><time>2026-08-02T14:24:28Z</time></trkpt><trkpt lat="60.262027" lon="24.967322"><ele>11.1</ele><time>2026-08-02T14:24:29Z</time></trkpt><trkpt lat="60.262082" lon="24.967452"><ele>10.6</ele><time>2026-08-02T14:24:30Z</time><extensions><gpxtpx:TrackPointExtension><gpxtpx:hr>128</gpxtpx:hr></gpxtpx:TrackPointExtension></extensions></trkpt><trkpt lat="60.262138" lon="24.96758"><ele>10.6</ele><time>2026-08-02T14:24:31Z</time></trkpt><trkpt lat="60.262198" lon="24.967708"><ele>10.6</ele><time>2026-08-02T14:24:32Z</time></trkpt><trkpt lat="60.262255" lon="24.96783"><ele>10.7</ele><time>2026-08-02T14:24:33Z</time></trkpt><trkpt lat="60.262307" lon="24.967948"><ele>10.7</ele><time>2026-08-02T14:24:34Z</time><extensions><gpxtpx:TrackPointExtension><gpxtpx:hr>128</gpxtpx:hr></gpxtpx:TrackPointExtension></extensions></trkpt><trkpt lat="60.262358" lon="24.968072"><ele>10.7</ele><time>2026-08-02T14:24:35Z</time></trkpt><trkpt lat="60.262413" lon="24.968193"><ele>10.8</ele><time>2026-08-02T14:24:36Z</time></trkpt><trkpt lat="60.262468" lon="24.968318"><ele>10.8</ele><time>2026-08-02T14:24:37Z</time></trkpt><trkpt lat="60.262525" lon="24.968443"><ele>10.8</ele><time>2026-08-02T14:24:38Z</time><extensions><gpxtpx:TrackPointExtension><gpxtpx:hr>128</gpxtpx:hr></gpxtpx:TrackPointExtension></extensions></trkpt><trkpt lat="60.262582" lon="24.968568"><ele>10.9</ele><time>2026-08-02T14:24:39Z</time></trkpt><trkpt lat="60.262635" lon="24.968695"><ele>10.9</ele><time>2026-08-02T14:24:40Z</time></trkpt><trkpt lat="60.262688" lon="24.968823"><ele>11.1</ele><time>2026-08-02T14:24:41Z</time></trkpt><trkpt lat="60.262745" lon="24.968953"><ele>11.2</ele><time>2026-08-02T14:24:42Z</time></trkpt><trkpt lat="60.262798" lon="24.969078"><ele>11.3</ele><time>2026-08-02T14:24:43Z</time></trkpt><trkpt lat="60.262853" lon="24.969207"><ele>11.5</ele><time>2026-08-02T14:24:44Z</time></trkpt><trkpt lat="60.262907" lon="24.969338"><ele>11.5</ele><time>2026-08-02T14:24:45Z</time></trkpt><trkpt lat="60.262962" lon="24.969465"><ele>11.6</ele><time>2026-08-02T14:24:46Z</time><extensions><gpxtpx:TrackPointExtension><gpxtpx:hr>126</gpxtpx:hr></gpxtpx:TrackPointExtension></extensions></trkpt><trkpt lat="60.263017" lon="24.96959"><ele>11.7</ele><time>2026-08-02T14:24:47Z</time></trkpt><trkpt lat="60.263082" lon="24.969715"><ele>11.0</ele><time>2026-08-02T14:24:48Z</time></trkpt><trkpt lat="60.263137" lon="24.969848"><ele>11.2</ele><time>2026-08-02T14:24:49Z</time></trkpt><trkpt lat="60.26319" lon="24.969987"><ele>11.1</ele><time>2026-08-02T14:24:50Z</time><extensions><gpxtpx:TrackPointExtension><gpxtpx:hr>125</gpxtpx:hr></gpxtpx:TrackPointExtension></extensions></trkpt><trkpt lat="60.26324" lon="24.970123"><ele>11.1</ele><time>2026-08-02T14:24:51Z</time></trkpt><trkpt lat="60.263292" lon="24.970258"><ele>11.2</ele><time>2026-08-02T14:24:52Z</time></trkpt><trkpt lat="60.26334" lon="24.970387"><ele>11.1</ele><time>2026-08-02T14:24:53Z</time><extensions><gpxtpx:TrackPointExtension><gpxtpx:hr>124</gpxtpx:hr></gpxtpx:TrackPointExtension></extensions></trkpt><trkpt lat="60.26339" lon="24.970513"><ele>11.0</ele><time>2026-08-02T14:24:54Z</time></trkpt><trkpt lat="60.263443" lon="24.970633"><ele>10.9</ele><time>2026-08-02T14:24:55Z</time></trkpt><trkpt lat="60.2635" lon="24.970755"><ele>11.0</ele><time>2026-08-02T14:24:56Z</time></trkpt><trkpt lat="60.263562" lon="24.970885"><ele>10.8</ele><time>2026-08-02T14:24:57Z</time></trkpt><trkpt lat="60.263618" lon="24.971015"><ele>11.0</ele><time>2026-08-02T14:24:58Z</time></trkpt><trkpt lat="60.263673" lon="24.971147"><ele>11.2</ele><time>2026-08-02T14:24:59Z</time></trkpt><trkpt lat="60.263735" lon="24.971268"><ele>11.6</ele><time>2026-08-02T14:25:00Z</time><extensions><gpxtpx:TrackPointExtension><gpxtpx:hr>123</gpxtpx:hr></gpxtpx:TrackPointExtension></extensions></trkpt><trkpt lat="60.263798" lon="24.971385"><ele>11.8</ele><time>2026-08-02T14:25:01Z</time></trkpt><trkpt lat="60.263862" lon="24.97149"><ele>12.1</ele><time>2026-08-02T14:25:02Z</time></trkpt><trkpt lat="60.263925" lon="24.971577"><ele>12.4</ele><time>2026-08-02T14:25:03Z</time></trkpt><trkpt lat="60.26399" lon="24.971657"><ele>12.8</ele><time>2026-08-02T14:25:04Z</time></trkpt><trkpt lat="60.264055" lon="24.971745"><ele>13.0</ele><time>2026-08-02T14:25:05Z</time></trkpt><trkpt lat="60.264118" lon="24.971832"><ele>13.2</ele><time>2026-08-02T14:25:06Z</time></trkpt><trkpt lat="60.26418" lon="24.971927"><ele>13.2</ele><time>2026-08-02T14:25:07Z</time><extensions><gpxtpx:TrackPointExtension><gpxtpx:hr>119</gpxtpx:hr></gpxtpx:TrackPointExtension></extensions></trkpt><trkpt lat="60.26424" lon="24.972025"><ele>13.2</ele><time>2026-08-02T14:25:08Z</time><extensions><gpxtpx:TrackPointExtension><gpxtpx:hr>119</gpxtpx:hr></gpxtpx:TrackPointExtension></extensions></trkpt><trkpt lat="60.264298" lon="24.972113"><ele>13.1</ele><time>2026-08-02T14:25:09Z</time></trkpt><trkpt lat="60.264948" lon="24.972617"><ele>12.7</ele><time>2026-08-02T14:25:19Z</time><extensions><gpxtpx:TrackPointExtension><gpxtpx:hr>123</gpxtpx:hr></gpxtpx:TrackPointExtension></extensions></trkpt><trkpt lat="60.264948" lon="24.972617"><ele>12.7</ele><time>2026-08-02T14:25:18Z</time><extensions><gpxtpx:TrackPointExtension><gpxtpx:hr>126</gpxtpx:hr></gpxtpx:TrackPointExtension></extensions></trkpt><trkpt lat="60.265002" lon="24.972673"><ele>13.3</ele><time>2026-08-02T14:25:20Z</time></trkpt><trkpt lat="60.265033" lon="24.972727"><ele>12.5</ele><time>2026-08-02T14:25:20Z</time></trkpt><trkpt lat="60.265088" lon="24.972778"><ele>14.5</ele><time>2026-08-02T14:25:21Z</time></trkpt><trkpt lat="60.26513" lon="24.97285"><ele>13.8</ele><time>2026-08-02T14:25:22Z</time></trkpt><trkpt lat="60.26517" lon="24.972918"><ele>13.6</ele><time>2026-08-02T14:25:23Z</time></trkpt><trkpt lat="60.265207" lon="24.972982"><ele>13.1</ele><time>2026-08-02T14:25:24Z</time><extensions><gpxtpx:TrackPointExtension><gpxtpx:hr>125</gpxtpx:hr></gpxtpx:TrackPointExtension></extensions></trkpt><trkpt lat="60.265238" lon="24.973025"><ele>12.9</ele><time>2026-08-02T14:25:25Z</time></trkpt><trkpt lat="60.265272" lon="24.973063"><ele>13.0</ele><time>2026-08-02T14:25:26Z</time></trkpt><trkpt lat="60.265303" lon="24.973098"><ele>13.1</ele><time>2026-08-02T14:25:27Z</time></trkpt><trkpt lat="60.265335" lon="24.973132"><ele>13.1</ele><time>2026-08-02T14:25:28Z</time></trkpt><trkpt lat="60.265362" lon="24.973162"><ele>13.4</ele><time>2026-08-02T14:25:29Z</time></trkpt><trkpt lat="60.265392" lon="24.973197"><ele>13.2</ele><time>2026-08-02T14:25:31Z</time><extensions><gpxtpx:TrackPointExtension><gpxtpx:hr>123</gpxtpx:hr></gpxtpx:TrackPointExtension></extensions></trkpt><trkpt lat="60.265418" lon="24.973223"><ele>12.9</ele><time>2026-08-02T14:25:45Z</time><extensions><gpxtpx:TrackPointExtension><gpxtpx:hr>121</gpxtpx:hr></gpxtpx:TrackPointExtension></extensions></trkpt><trkpt lat="60.265418" lon="24.973223"><ele>12.9</ele><time>2026-08-02T14:25:41Z</time><extensions><gpxtpx:TrackPointExtension><gpxtpx:hr>118</gpxtpx:hr></gpxtpx:TrackPointExtension></extensions></trkpt><trkpt lat="60.265418" lon="24.973223"><ele>12.9</ele><time>2026-08-02T14:25:43Z</time><extensions><gpxtpx:TrackPointExtension><gpxtpx:hr>117</gpxtpx:hr></gpxtpx:TrackPointExtension></extensions></trkpt><trkpt lat="60.265438" lon="24.973233"><ele>12.7</ele><time>2026-08-02T14:25:46Z</time></trkpt><trkpt lat="60.265468" lon="24.973243"><ele>12.8</ele><time>2026-08-02T14:25:47Z</time></trkpt><trkpt lat="60.265498" lon="24.973255"><ele>13.0</ele><time>2026-08-02T14:25:48Z</time><extensions><gpxtpx:TrackPointExtension><gpxtpx:hr>117</gpxtpx:hr></gpxtpx:TrackPointExtension></extensions></trkpt><trkpt lat="60.265533" lon="24.97322"><ele>10.4</ele><time>2026-08-02T14:25:49Z</time></trkpt><trkpt lat="60.265572" lon="24.973235"><ele>10.1</ele><time>2026-08-02T14:25:50Z</time></trkpt><trkpt lat="60.265618" lon="24.973255"><ele>10.8</ele><time>2026-08-02T14:25:51Z</time></trkpt><trkpt lat="60.265675" lon="24.973272"><ele>12.4</ele><time>2026-08-02T14:25:52Z</time></trkpt><trkpt lat="60.26572" lon="24.973263"><ele>12.8</ele><time>2026-08-02T14:25:53Z</time><extensions><gpxtpx:TrackPointExtension><gpxtpx:hr>119</gpxtpx:hr></gpxtpx:TrackPointExtension></extensions></trkpt><trkpt lat="60.26577" lon="24.973272"><ele>12.8</ele><time>2026-08-02T14:25:54Z</time></trkpt><trkpt lat="60.265822" lon="24.97329"><ele>13.1</ele><time>2026-08-02T14:25:55Z</time></trkpt><trkpt lat="60.265868" lon="24.973308"><ele>13.2</ele><time>2026-08-02T14:25:56Z</time></trkpt><trkpt lat="60.265918" lon="24.973313"><ele>13.0</ele><time>2026-08-02T14:25:57Z</time></trkpt><trkpt lat="60.265973" lon="24.973303"><ele>12.5</ele><time>2026-08-02T14:25:58Z</time><extensions><gpxtpx:TrackPointExtension><gpxtpx:hr>126</gpxtpx:hr></gpxtpx:TrackPointExtension></extensions></trkpt><trkpt lat="60.266028" lon="24.973318"><ele>12.4</ele><time>2026-08-02T14:25:59Z</time></trkpt><trkpt lat="60.266083" lon="24.973332"><ele>12.6</ele><time>2026-08-02T14:26:00Z</time></trkpt><trkpt lat="60.26614" lon="24.973343"><ele>12.2</ele><time>2026-08-02T14:26:01Z</time></trkpt><trkpt lat="60.266198" lon="24.973343"><ele>12.2</ele><time>2026-08-02T14:26:02Z</time></trkpt><trkpt lat="60.266253" lon="24.97335"><ele>11.4</ele><time>2026-08-02T14:26:03Z</time><extensions><gpxtpx:TrackPointExtension><gpxtpx:hr>131</gpxtpx:hr></gpxtpx:TrackPointExtension></extensions></trkpt><trkpt lat="60.266312" lon="24.97336"><ele>11.6</ele><time>2026-08-02T14:26:04Z</time></trkpt><trkpt lat="60.266368" lon="24.97337"><ele>11.6</ele><time>2026-08-02T14:26:05Z</time></trkpt><trkpt lat="60.266427" lon="24.973393"><ele>11.3</ele><time>2026-08-02T14:26:06Z</time></trkpt><trkpt lat="60.266482" lon="24.973415"><ele>10.9</ele><time>2026-08-02T14:26:07Z</time></trkpt><trkpt lat="60.266543" lon="24.973433"><ele>10.8</ele><time>2026-08-02T14:26:08Z</time></trkpt><trkpt lat="60.266607" lon="24.973457"><ele>11.1</ele><time>2026-08-02T14:26:09Z</time></trkpt><trkpt lat="60.266667" lon="24.973488"><ele>11.4</ele><time>2026-08-02T14:26:10Z</time></trkpt><trkpt lat="60.266732" lon="24.97352"><ele>11.0</ele><time>2026-08-02T14:26:11Z</time></trkpt><trkpt lat="60.266793" lon="24.97355"><ele>11.4</ele><time>2026-08-02T14:26:12Z</time><extensions><gpxtpx:TrackPointExtension><gpxtpx:hr>121</gpxtpx:hr></gpxtpx:TrackPointExtension></extensions></trkpt><trkpt lat="60.266858" lon="24.973577"><ele>12.1</ele><time>2026-08-02T14:26:13Z</time></trkpt><trkpt lat="60.266905" lon="24.973635"><ele>12.3</ele><time>2026-08-02T14:26:14Z</time><extensions><gpxtpx:TrackPointExtension><gpxtpx:hr>120</gpxtpx:hr></gpxtpx:TrackPointExtension></extensions></trkpt><trkpt lat="60.266948" lon="24.973733"><ele>12.6</ele><time>2026-08-02T14:26:15Z</time></trkpt><trkpt lat="60.266985" lon="24.973848"><ele>12.4</ele><time>2026-08-02T14:26:16Z</time></trkpt><trkpt lat="60.267017" lon="24.973958"><ele>12.2</ele><time>2026-08-02T14:26:17Z</time></trkpt><trkpt lat="60.267057" lon="24.97406"><ele>12.3</ele><time>2026-08-02T14:26:18Z</time><extensions><gpxtpx:TrackPointExtension><gpxtpx:hr>119</gpxtpx:hr></gpxtpx:TrackPointExtension></extensions></trkpt><trkpt lat="60.267103" lon="24.974162"><ele>11.4</ele><time>2026-08-02T14:26:19Z</time></trkpt><trkpt lat="60.26716" lon="24.974257"><ele>11.7</ele><time>2026-08-02T14:26:20Z</time></trkpt><trkpt lat="60.267212" lon="24.974352"><ele>12.2</ele><time>2026-08-02T14:26:21Z</time></trkpt><trkpt lat="60.267257" lon="24.974445"><ele>12.5</ele><time>2026-08-02T14:26:22Z</time></trkpt><trkpt lat="60.26731" lon="24.97452"><ele>12.1</ele><time>2026-08-02T14:26:23Z</time></trkpt><trkpt lat="60.267367" lon="24.974602"><ele>12.3</ele><time>2026-08-02T14:26:24Z</time></trkpt><trkpt lat="60.267425" lon="24.974678"><ele>12.2</ele><time>2026-08-02T14:26:25Z</time></trkpt><trkpt lat="60.267482" lon="24.974743"><ele>11.9</ele><time>2026-08-02T14:26:26Z</time><extensions><gpxtpx:TrackPointExtension><gpxtpx:hr>117</gpxtpx:hr></gpxtpx:TrackPointExtension></extensions></trkpt><trkpt lat="60.267545" lon="24.974797"><ele>11.9</ele><time>2026-08-02T14:26:27Z</time></trkpt><trkpt lat="60.26761" lon="24.974842"><ele>11.9</ele><time>2026-08-02T14:26:28Z</time><extensions><gpxtpx:TrackPointExtension><gpxtpx:hr>117</gpxtpx:hr></gpxtpx:TrackPointExtension></extensions></trkpt><trkpt lat="60.267677" lon="24.974882"><ele>11.7</ele><time>2026-08-02T14:26:29Z</time></trkpt><trkpt lat="60.267743" lon="24.97492"><ele>11.6</ele><time>2026-08-02T14:26:30Z</time></trkpt><trkpt lat="60.267813" lon="24.974955"><ele>11.5</ele><time>2026-08-02T14:26:31Z</time></trkpt><trkpt lat="60.267882" lon="24.974982"><ele>11.8</ele><time>2026-08-02T14:26:32Z</time></trkpt><trkpt lat="60.267948" lon="24.974998"><ele>10.8</ele><time>2026-08-02T14:26:33Z</time></trkpt><trkpt lat="60.268013" lon="24.974995"><ele>10.6</ele><time>2026-08-02T14:26:34Z</time><extensions><gpxtpx:TrackPointExtension><gpxtpx:hr>115</gpxtpx:hr></gpxtpx:TrackPointExtension></extensions></trkpt><trkpt lat="60.268082" lon="24.974988"><ele>10.3</ele><time>2026-08-02T14:26:35Z</time></trkpt><trkpt lat="60.268145" lon="24.974987"><ele>10.8</ele><time>2026-08-02T14:26:36Z</time></trkpt><trkpt lat="60.268215" lon="24.974982"><ele>10.8</ele><time>2026-08-02T14:26:37Z</time></trkpt><trkpt lat="60.268283" lon="24.974977"><ele>10.5</ele><time>2026-08-02T14:26:38Z</time></trkpt><trkpt lat="60.26835" lon="24.974968"><ele>10.7</ele><time>2026-08-02T14:26:39Z</time></trkpt><trkpt lat="60.268413" lon="24.974962"><ele>10.8</ele><time>2026-08-02T14:26:40Z</time></trkpt><trkpt lat="60.268482" lon="24.974952"><ele>11.1</ele><time>2026-08-02T14:26:41Z</time></trkpt><trkpt lat="60.268542" lon="24.974948"><ele>10.7</ele><time>2026-08-02T14:26:42Z</time><extensions><gpxtpx:TrackPointExtension><gpxtpx:hr>120</gpxtpx:hr></gpxtpx:TrackPointExtension></extensions></trkpt><trkpt lat="60.2686" lon="24.974947"><ele>10.9</ele><time>2026-08-02T14:26:43Z</time></trkpt><trkpt lat="60.268657" lon="24.974932"><ele>11.6</ele><time>2026-08-02T14:26:44Z</time></trkpt><trkpt lat="60.268717" lon="24.974913"><ele>11.5</ele><time>2026-08-02T14:26:45Z</time></trkpt><trkpt lat="60.268782" lon="24.974898"><ele>11.4</ele><time>2026-08-02T14:26:46Z</time><extensions><gpxtpx:TrackPointExtension><gpxtpx:hr>121</gpxtpx:hr></gpxtpx:TrackPointExtension></extensions></trkpt><trkpt lat="60.268847" lon="24.974882"><ele>11.6</ele><time>2026-08-02T14:26:47Z</time></trkpt><trkpt lat="60.268908" lon="24.974858"><ele>11.1</ele><time>2026-08-02T14:26:48Z</time><extensions><gpxtpx:TrackPointExtension><gpxtpx:hr>121</gpxtpx:hr></gpxtpx:TrackPointExtension></extensions></trkpt><trkpt lat="60.268965" lon="24.974833"><ele>11.1</ele><time>2026-08-02T14:26:49Z</time></trkpt><trkpt lat="60.269022" lon="24.974807"><ele>10.3</ele><time>2026-08-02T14:26:50Z</time></trkpt><trkpt lat="60.269078" lon="24.974783"><ele>9.5</ele><time>2026-08-02T14:26:51Z</time></trkpt><trkpt lat="60.269143" lon="24.974755"><ele>10.5</ele><time>2026-08-02T14:26:52Z</time></trkpt><trkpt lat="60.269205" lon="24.97473"><ele>10.3</ele><time>2026-08-02T14:26:53Z</time><extensions><gpxtpx:TrackPointExtension><gpxtpx:hr>120</gpxtpx:hr></gpxtpx:TrackPointExtension></extensions></trkpt><trkpt lat="60.269263" lon="24.9747"><ele>10.2</ele><time>2026-08-02T14:26:54Z</time></trkpt><trkpt lat="60.269323" lon="24.97467"><ele>10.4</ele><time>2026-08-02T14:26:55Z</time></trkpt><trkpt lat="60.269395" lon="24.974653"><ele>9.9</ele><time>2026-08-02T14:26:56Z</time></trkpt><trkpt lat="60.269462" lon="24.97466"><ele>8.9</ele><time>2026-08-02T14:26:57Z</time></trkpt><trkpt lat="60.269525" lon="24.97466"><ele>10.0</ele><time>2026-08-02T14:26:58Z</time><extensions><gpxtpx:TrackPointExtension><gpxtpx:hr>120</gpxtpx:hr></gpxtpx:TrackPointExtension></extensions></trkpt><trkpt lat="60.269595" lon="24.974658"><ele>10.6</ele><time>2026-08-02T14:26:59Z</time></trkpt><trkpt lat="60.269665" lon="24.974668"><ele>10.6</ele><time>2026-08-02T14:27:00Z</time></trkpt><trkpt lat="60.269735" lon="24.974692"><ele>11.1</ele><time>2026-08-02T14:27:01Z</time></trkpt><trkpt lat="60.269803" lon="24.974725"><ele>11.3</ele><time>2026-08-02T14:27:02Z</time></trkpt><trkpt lat="60.26987" lon="24.974757"><ele>11.0</ele><time>2026-08-02T14:27:03Z</time></trkpt><trkpt lat="60.269937" lon="24.974787"><ele>11.4</ele><time>2026-08-02T14:27:04Z</time></trkpt><trkpt lat="60.27" lon="24.97482"><ele>11.3</ele><time>2026-08-02T14:27:05Z</time><extensions><gpxtpx:TrackPointExtension><gpxtpx:hr>118</gpxtpx:hr></gpxtpx:TrackPointExtension></extensions></trkpt><trkpt lat="60.270068" lon="24.97486"><ele>11.3</ele><time>2026-08-02T14:27:06Z</time></trkpt><trkpt lat="60.270133" lon="24.974895"><ele>11.3</ele><time>2026-08-02T14:27:07Z</time></trkpt><trkpt lat="60.270203" lon="24.974933"><ele>11.8</ele><time>2026-08-02T14:27:08Z</time></trkpt><trkpt lat="60.270268" lon="24.974972"><ele>11.5</ele><time>2026-08-02T14:27:09Z</time></trkpt><trkpt lat="60.270332" lon="24.975013"><ele>11.4</ele><time>2026-08-02T14:27:10Z</time></trkpt><trkpt lat="60.270397" lon="24.975047"><ele>12.1</ele><time>2026-08-02T14:27:11Z</time><extensions><gpxtpx:TrackPointExtension><gpxtpx:hr>120</gpxtpx:hr></gpxtpx:TrackPointExtension></extensions></trkpt><trkpt lat="60.270457" lon="24.975085"><ele>12.0</ele><time>2026-08-02T14:27:12Z</time></trkpt><trkpt lat="60.27052" lon="24.975118"><ele>11.7</ele><time>2026-08-02T14:27:13Z</time></trkpt><trkpt lat="60.270588" lon="24.97515"><ele>12.0</ele><time>2026-08-02T14:27:14Z</time><extensions><gpxtpx:TrackPointExtension><gpxtpx:hr>118</gpxtpx:hr></gpxtpx:TrackPointExtension></extensions></trkpt><trkpt lat="60.270655" lon="24.975183"><ele>12.4</ele><time>2026-08-02T14:27:15Z</time></trkpt><trkpt lat="60.270718" lon="24.975222"><ele>12.3</ele><time>2026-08-02T14:27:16Z</time></trkpt><trkpt lat="60.270787" lon="24.975257"><ele>11.9</ele><time>2026-08-02T14:27:17Z</time></trkpt><trkpt lat="60.270848" lon="24.975292"><ele>11.9</ele><time>2026-08-02T14:27:18Z</time><extensions><gpxtpx:TrackPointExtension><gpxtpx:hr>118</gpxtpx:hr></gpxtpx:TrackPointExtension></extensions></trkpt><trkpt lat="60.27091" lon="24.975313"><ele>12.5</ele><time>2026-08-02T14:27:19Z</time></trkpt><trkpt lat="60.270975" lon="24.975308"><ele>12.6</ele><time>2026-08-02T14:27:20Z</time></trkpt><trkpt lat="60.271045" lon="24.975317"><ele>12.6</ele><time>2026-08-02T14:27:21Z</time></trkpt><trkpt lat="60.271108" lon="24.975352"><ele>12.8</ele><time>2026-08-02T14:27:22Z</time></trkpt><trkpt lat="60.271172" lon="24.975387"><ele>13.1</ele><time>2026-08-02T14:27:23Z</time></trkpt><trkpt lat="60.271237" lon="24.975408"><ele>13.3</ele><time>2026-08-02T14:27:24Z</time></trkpt><trkpt lat="60.271303" lon="24.97544"><ele>12.8</ele><time>2026-08-02T14:27:25Z</time></trkpt><trkpt lat="60.271368" lon="24.97547"><ele>12.5</ele><time>2026-08-02T14:27:26Z</time></trkpt><trkpt lat="60.271432" lon="24.975503"><ele>12.5</ele><time>2026-08-02T14:27:27Z</time><extensions><gpxtpx:TrackPointExtension><gpxtpx:hr>117</gpxtpx:hr></gpxtpx:TrackPointExtension></extensions></trkpt><trkpt lat="60.271497" lon="24.975537"><ele>12.6</ele><time>2026-08-02T14:27:28Z</time><extensions><gpxtpx:TrackPointExtension><gpxtpx:hr>116</gpxtpx:hr></gpxtpx:TrackPointExtension></extensions></trkpt><trkpt lat="60.271562" lon="24.975573"><ele>12.2</ele><time>2026-08-02T14:27:29Z</time></trkpt><trkpt lat="60.271628" lon="24.975597"><ele>12.4</ele><time>2026-08-02T14:27:30Z</time></trkpt><trkpt lat="60.271692" lon="24.975628"><ele>12.7</ele><time>2026-08-02T14:27:31Z</time></trkpt><trkpt lat="60.271755" lon="24.975655"><ele>12.7</ele><time>2026-08-02T14:27:32Z</time></trkpt><trkpt lat="60.27182" lon="24.975677"><ele>13.1</ele><time>2026-08-02T14:27:33Z</time><extensions><gpxtpx:TrackPointExtension><gpxtpx:hr>117</gpxtpx:hr></gpxtpx:TrackPointExtension></extensions></trkpt><trkpt lat="60.271888" lon="24.975708"><ele>12.7</ele><time>2026-08-02T14:27:34Z</time></trkpt><trkpt lat="60.271953" lon="24.975722"><ele>13.4</ele><time>2026-08-02T14:27:35Z</time></trkpt><trkpt lat="60.272015" lon="24.975738"><ele>14.5</ele><time>2026-08-02T14:27:36Z</time></trkpt><trkpt lat="60.272087" lon="24.97578"><ele>13.8</ele><time>2026-08-02T14:27:37Z</time></trkpt><trkpt lat="60.272173" lon="24.975813"><ele>13.5</ele><time>2026-08-02T14:27:38Z</time><extensions><gpxtpx:TrackPointExtension><gpxtpx:hr>117</gpxtpx:hr></gpxtpx:TrackPointExtension></extensions></trkpt><trkpt lat="60.272237" lon="24.975832"><ele>13.1</ele><time>2026-08-02T14:27:38Z</time></trkpt><trkpt lat="60.272307" lon="24.975855"><ele>12.7</ele><time>2026-08-02T14:27:39Z</time></trkpt><trkpt lat="60.272377" lon="24.975887"><ele>12.4</ele><time>2026-08-02T14:27:40Z</time></trkpt><trkpt lat="60.272442" lon="24.975913"><ele>12.4</ele><time>2026-08-02T14:27:41Z</time></trkpt><trkpt lat="60.272512" lon="24.975925"><ele>12.6</ele><time>2026-08-02T14:27:42Z</time></trkpt><trkpt lat="60.272578" lon="24.975943"><ele>12.8</ele><time>2026-08-02T14:27:43Z</time></trkpt><trkpt lat="60.272645" lon="24.975962"><ele>12.8</ele><time>2026-08-02T14:27:44Z</time></trkpt><trkpt lat="60.272713" lon="24.975983"><ele>12.8</ele><time>2026-08-02T14:27:45Z</time></trkpt><trkpt lat="60.27278" lon="24.976012"><ele>12.8</ele><time>2026-08-02T14:27:46Z</time><extensions><gpxtpx:TrackPointExtension><gpxtpx:hr>119</gpxtpx:hr></gpxtpx:TrackPointExtension></extensions></trkpt><trkpt lat="60.27285" lon="24.976033"><ele>12.8</ele><time>2026-08-02T14:27:47Z</time></trkpt><trkpt lat="60.272918" lon="24.976057"><ele>12.8</ele><time>2026-08-02T14:27:48Z</time></trkpt><trkpt lat="60.272982" lon="24.97608"><ele>13.2</ele><time>2026-08-02T14:27:49Z</time></trkpt><trkpt lat="60.273042" lon="24.976103"><ele>13.1</ele><time>2026-08-02T14:27:50Z</time><extensions><gpxtpx:TrackPointExtension><gpxtpx:hr>122</gpxtpx:hr></gpxtpx:TrackPointExtension></extensions></trkpt><trkpt lat="60.273103" lon="24.97612"><ele>13.7</ele><time>2026-08-02T14:27:51Z</time></trkpt><trkpt lat="60.273165" lon="24.976133"><ele>13.6</ele><time>2026-08-02T14:27:52Z</time><extensions><gpxtpx:TrackPointExtension><gpxtpx:hr>122</gpxtpx:hr></gpxtpx:TrackPointExtension></extensions></trkpt><trkpt lat="60.273218" lon="24.976148"><ele>13.4</ele><time>2026-08-02T14:27:53Z</time></trkpt><trkpt lat="60.273283" lon="24.976173"><ele>12.2</ele><time>2026-08-02T14:27:54Z</time></trkpt><trkpt lat="60.27335" lon="24.976187"><ele>12.3</ele><time>2026-08-02T14:27:55Z</time></trkpt><trkpt lat="60.273405" lon="24.9762"><ele>12.0</ele><time>2026-08-02T14:27:56Z</time></trkpt><trkpt lat="60.273462" lon="24.976217"><ele>12.0</ele><time>2026-08-02T14:27:57Z</time><extensions><gpxtpx:TrackPointExtension><gpxtpx:hr>120</gpxtpx:hr></gpxtpx:TrackPointExtension></extensions></trkpt><trkpt lat="60.273518" lon="24.976238"><ele>11.6</ele><time>2026-08-02T14:27:58Z</time></trkpt><trkpt lat="60.273578" lon="24.976262"><ele>12.0</ele><time>2026-08-02T14:27:59Z</time></trkpt><trkpt lat="60.273637" lon="24.976282"><ele>11.7</ele><time>2026-08-02T14:28:00Z</time></trkpt><trkpt lat="60.273695" lon="24.976302"><ele>11.5</ele><time>2026-08-02T14:28:01Z</time></trkpt><trkpt lat="60.273745" lon="24.976317"><ele>11.3</ele><time>2026-08-02T14:28:02Z</time></trkpt><trkpt lat="60.273805" lon="24.976328"><ele>11.4</ele><time>2026-08-02T14:28:03Z</time></trkpt><trkpt lat="60.273865" lon="24.976347"><ele>11.5</ele><time>2026-08-02T14:28:04Z</time></trkpt><trkpt lat="60.273925" lon="24.976365"><ele>12.2</ele><time>2026-08-02T14:28:05Z</time></trkpt><trkpt lat="60.273985" lon="24.976393"><ele>12.0</ele><time>2026-08-02T14:28:06Z</time><extensions><gpxtpx:TrackPointExtension><gpxtpx:hr>118</gpxtpx:hr></gpxtpx:TrackPointExtension></extensions></trkpt><trkpt lat="60.27405" lon="24.976413"><ele>11.7</ele><time>2026-08-02T14:28:07Z</time></trkpt><trkpt lat="60.274115" lon="24.976442"><ele>11.7</ele><time>2026-08-02T14:28:08Z</time></trkpt><trkpt lat="60.274178" lon="24.97647"><ele>12.0</ele><time>2026-08-02T14:28:09Z</time></trkpt><trkpt lat="60.274235" lon="24.976498"><ele>12.1</ele><time>2026-08-02T14:28:10Z</time></trkpt><trkpt lat="60.274292" lon="24.976523"><ele>11.9</ele><time>2026-08-02T14:28:11Z</time><extensions><gpxtpx:TrackPointExtension><gpxtpx:hr>119</gpxtpx:hr></gpxtpx:TrackPointExtension></extensions></trkpt><trkpt lat="60.274353" lon="24.976545"><ele>11.8</ele><time>2026-08-02T14:28:12Z</time><extensions><gpxtpx:TrackPointExtension><gpxtpx:hr>119</gpxtpx:hr></gpxtpx:TrackPointExtension></extensions></trkpt><trkpt lat="60.274413" lon="24.976573"><ele>11.7</ele><time>2026-08-02T14:28:13Z</time></trkpt><trkpt lat="60.274473" lon="24.976607"><ele>11.9</ele><time>2026-08-02T14:28:14Z</time></trkpt><trkpt lat="60.274533" lon="24.976642"><ele>11.9</ele><time>2026-08-02T14:28:15Z</time></trkpt><trkpt lat="60.27459" lon="24.976665"><ele>12.2</ele><time>2026-08-02T14:28:16Z</time></trkpt><trkpt lat="60.27464" lon="24.976705"><ele>12.0</ele><time>2026-08-02T14:28:17Z</time><extensions><gpxtpx:TrackPointExtension><gpxtpx:hr>119</gpxtpx:hr></gpxtpx:TrackPointExtension></extensions></trkpt><trkpt lat="60.274703" lon="24.976737"><ele>11.0</ele><time>2026-08-02T14:28:18Z</time></trkpt><trkpt lat="60.274765" lon="24.976767"><ele>11.6</ele><time>2026-08-02T14:28:19Z</time></trkpt><trkpt lat="60.274827" lon="24.976798"><ele>12.2</ele><time>2026-08-02T14:28:20Z</time></trkpt><trkpt lat="60.274887" lon="24.976828"><ele>11.4</ele><time>2026-08-02T14:28:21Z</time></trkpt><trkpt lat="60.274942" lon="24.976855"><ele>12.1</ele><time>2026-08-02T14:28:22Z</time></trkpt><trkpt lat="60.275008" lon="24.97689"><ele>11.9</ele><time>2026-08-02T14:28:23Z</time><extensions><gpxtpx:TrackPointExtension><gpxtpx:hr>118</gpxtpx:hr></gpxtpx:TrackPointExtension></extensions></trkpt><trkpt lat="60.27507" lon="24.97692"><ele>11.3</ele><time>2026-08-02T14:28:24Z</time></trkpt><trkpt lat="60.275133" lon="24.97695"><ele>11.4</ele><time>2026-08-02T14:28:25Z</time></trkpt><trkpt lat="60.275197" lon="24.976983"><ele>11.3</ele><time>2026-08-02T14:28:26Z</time></trkpt><trkpt lat="60.275268" lon="24.977017"><ele>12.1</ele><time>2026-08-02T14:28:27Z</time></trkpt><trkpt lat="60.275338" lon="24.97705"><ele>12.3</ele><time>2026-08-02T14:28:28Z</time></trkpt><trkpt lat="60.275393" lon="24.977082"><ele>12.0</ele><time>2026-08-02T14:28:29Z</time><extensions><gpxtpx:TrackPointExtension><gpxtpx:hr>119</gpxtpx:hr></gpxtpx:TrackPointExtension></extensions></trkpt><trkpt lat="60.275457" lon="24.97712"><ele>11.7</ele><time>2026-08-02T14:28:30Z</time></trkpt><trkpt lat="60.275525" lon="24.977157"><ele>12.0</ele><time>2026-08-02T14:28:31Z</time></trkpt><trkpt lat="60.275583" lon="24.977182"><ele>12.4</ele><time>2026-08-02T14:28:32Z</time><extensions><gpxtpx:TrackPointExtension><gpxtpx:hr>119</gpxtpx:hr></gpxtpx:TrackPointExtension></extensions></trkpt><trkpt lat="60.275643" lon="24.9772"><ele>12.1</ele><time>2026-08-02T14:28:33Z</time></trkpt><trkpt lat="60.275683" lon="24.977225"><ele>11.8</ele><time>2026-08-02T14:28:34Z</time></trkpt><trkpt lat="60.275738" lon="24.977252"><ele>12.5</ele><time>2026-08-02T14:28:35Z</time></trkpt><trkpt lat="60.275807" lon="24.977288"><ele>12.9</ele><time>2026-08-02T14:28:36Z</time></trkpt><trkpt lat="60.275873" lon="24.977327"><ele>12.8</ele><time>2026-08-02T14:28:37Z</time><extensions><gpxtpx:TrackPointExtension><gpxtpx:hr>117</gpxtpx:hr></gpxtpx:TrackPointExtension></extensions></trkpt><trkpt lat="60.275942" lon="24.977358"><ele>13.8</ele><time>2026-08-02T14:28:38Z</time></trkpt><trkpt lat="60.276007" lon="24.977393"><ele>14.1</ele><time>2026-08-02T14:28:39Z</time></trkpt><trkpt lat="60.276077" lon="24.977428"><ele>14.1</ele><time>2026-08-02T14:28:40Z</time></trkpt><trkpt lat="60.276153" lon="24.977455"><ele>14.4</ele><time>2026-08-02T14:28:41Z</time></trkpt><trkpt lat="60.276233" lon="24.977507"><ele>13.8</ele><time>2026-08-02T14:28:42Z</time></trkpt><trkpt lat="60.276302" lon="24.977535"><ele>13.8</ele><time>2026-08-02T14:28:43Z</time></trkpt><trkpt lat="60.276365" lon="24.97757"><ele>14.1</ele><time>2026-08-02T14:28:44Z</time></trkpt><trkpt lat="60.276432" lon="24.977603"><ele>14.2</ele><time>2026-08-02T14:28:45Z</time></trkpt><trkpt lat="60.276497" lon="24.977633"><ele>14.2</ele><time>2026-08-02T14:28:46Z</time><extensions><gpxtpx:TrackPointExtension><gpxtpx:hr>123</gpxtpx:hr></gpxtpx:TrackPointExtension></extensions></trkpt><trkpt lat="60.276557" lon="24.977675"><ele>14.2</ele><time>2026-08-02T14:28:47Z</time><extensions><gpxtpx:TrackPointExtension><gpxtpx:hr>123</gpxtpx:hr></gpxtpx:TrackPointExtension></extensions></trkpt><trkpt lat="60.27662" lon="24.97771"><ele>14.9</ele><time>2026-08-02T14:28:48Z</time></trkpt><trkpt lat="60.276682" lon="24.977745"><ele>15.5</ele><time>2026-08-02T14:28:49Z</time></trkpt><trkpt lat="60.276743" lon="24.977777"><ele>15.5</ele><time>2026-08-02T14:28:50Z</time></trkpt><trkpt lat="60.276813" lon="24.977807"><ele>14.2</ele><time>2026-08-02T14:28:51Z</time></trkpt><trkpt lat="60.276875" lon="24.977838"><ele>14.4</ele><time>2026-08-02T14:28:52Z</time></trkpt><trkpt lat="60.27694" lon="24.977872"><ele>14.8</ele><time>2026-08-02T14:28:53Z</time></trkpt><trkpt lat="60.277003" lon="24.977903"><ele>14.7</ele><time>2026-08-02T14:28:54Z</time></trkpt><trkpt lat="60.277068" lon="24.977935"><ele>14.7</ele><time>2026-08-02T14:28:55Z</time></trkpt><trkpt lat="60.277128" lon="24.977963"><ele>14.8</ele><time>2026-08-02T14:28:56Z</time><extensions><gpxtpx:TrackPointExtension><gpxtpx:hr>123</gpxtpx:hr></gpxtpx:TrackPointExtension></extensions></trkpt><trkpt lat="60.277185" lon="24.978002"><ele>14.4</ele><time>2026-08-02T14:28:57Z</time><extensions><gpxtpx:TrackPointExtension><gpxtpx:hr>123</gpxtpx:hr></gpxtpx:TrackPointExtension></extensions></trkpt><trkpt lat="60.277238" lon="24.978025"><ele>14.8</ele><time>2026-08-02T14:28:58Z</time></trkpt><trkpt lat="60.277303" lon="24.978047"><ele>14.9</ele><time>2026-08-02T14:28:59Z</time></trkpt><trkpt lat="60.277368" lon="24.97808"><ele>15.2</ele><time>2026-08-02T14:29:00Z</time></trkpt><trkpt lat="60.277428" lon="24.978115"><ele>15.1</ele><time>2026-08-02T14:29:01Z</time></trkpt><trkpt lat="60.277488" lon="24.978155"><ele>14.6</ele><time>2026-08-02T14:29:02Z</time><extensions><gpxtpx:TrackPointExtension><gpxtpx:hr>121</gpxtpx:hr></gpxtpx:TrackPointExtension></extensions></trkpt><trkpt lat="60.277548" lon="24.978193"><ele>14.9</ele><time>2026-08-02T14:29:03Z</time></trkpt><trkpt lat="60.277607" lon="24.978233"><ele>14.9</ele><time>2026-08-02T14:29:04Z</time></trkpt><trkpt lat="60.27767" lon="24.978273"><ele>15.0</ele><time>2026-08-02T14:29:05Z</time></trkpt><trkpt lat="60.277727" lon="24.978322"><ele>14.5</ele><time>2026-08-02T14:29:06Z</time></trkpt><trkpt lat="60.277783" lon="24.978362"><ele>14.6</ele><time>2026-08-02T14:29:07Z</time><extensions><gpxtpx:TrackPointExtension><gpxtpx:hr>124</gpxtpx:hr></gpxtpx:TrackPointExtension></extensions></trkpt><trkpt lat="60.277848" lon="24.9784"><ele>15.2</ele><time>2026-08-02T14:29:08Z</time></trkpt><trkpt lat="60.277913" lon="24.978458"><ele>15.9</ele><time>2026-08-02T14:29:09Z</time></trkpt><trkpt lat="60.277975" lon="24.97852"><ele>16.0</ele><time>2026-08-02T14:29:10Z</time></trkpt><trkpt lat="60.278038" lon="24.978592"><ele>15.4</ele><time>2026-08-02T14:29:11Z</time></trkpt><trkpt lat="60.2781" lon="24.978663"><ele>15.5</ele><time>2026-08-02T14:29:12Z</time></trkpt><trkpt lat="60.278155" lon="24.978735"><ele>15.8</ele><time>2026-08-02T14:29:13Z</time></trkpt><trkpt lat="60.278208" lon="24.978805"><ele>14.9</ele><time>2026-08-02T14:29:14Z</time></trkpt><trkpt lat="60.27826" lon="24.978865"><ele>14.5</ele><time>2026-08-02T14:29:15Z</time></trkpt><trkpt lat="60.278315" lon="24.978937"><ele>13.5</ele><time>2026-08-02T14:29:16Z</time><extensions><gpxtpx:TrackPointExtension><gpxtpx:hr>125</gpxtpx:hr></gpxtpx:TrackPointExtension></extensions></trkpt><trkpt lat="60.278375" lon="24.979027"><ele>13.3</ele><time>2026-08-02T14:29:17Z</time></trkpt><trkpt lat="60.278433" lon="24.979107"><ele>13.7</ele><time>2026-08-02T14:29:18Z</time></trkpt><trkpt lat="60.278482" lon="24.97918"><ele>13.3</ele><time>2026-08-02T14:29:19Z</time><extensions><gpxtpx:TrackPointExtension><gpxtpx:hr>125</gpxtpx:hr></gpxtpx:TrackPointExtension></extensions></trkpt><trkpt lat="60.278538" lon="24.97926"><ele>13.5</ele><time>2026-08-02T14:29:20Z</time></trkpt><trkpt lat="60.278592" lon="24.979343"><ele>13.6</ele><time>2026-08-02T14:29:21Z</time></trkpt><trkpt lat="60.27864" lon="24.979428"><ele>13.2</ele><time>2026-08-02T14:29:22Z</time></trkpt><trkpt lat="60.278682" lon="24.979502"><ele>12.5</ele><time>2026-08-02T14:29:23Z</time></trkpt><trkpt lat="60.27872" lon="24.979565"><ele>12.3</ele><time>2026-08-02T14:29:24Z</time></trkpt><trkpt lat="60.278753" lon="24.979628"><ele>12.3</ele><time>2026-08-02T14:29:25Z</time></trkpt><trkpt lat="60.278785" lon="24.979705"><ele>12.3</ele><time>2026-08-02T14:29:26Z</time><extensions><gpxtpx:TrackPointExtension><gpxtpx:hr>123</gpxtpx:hr></gpxtpx:TrackPointExtension></extensions></trkpt><trkpt lat="60.27882" lon="24.979792"><ele>12.1</ele><time>2026-08-02T14:29:27Z</time><extensions><gpxtpx:TrackPointExtension><gpxtpx:hr>123</gpxtpx:hr></gpxtpx:TrackPointExtension></extensions></trkpt><trkpt lat="60.278847" lon="24.979892"><ele>12.1</ele><time>2026-08-02T14:29:28Z</time></trkpt><trkpt lat="60.278868" lon="24.980008"><ele>11.9</ele><time>2026-08-02T14:29:29Z</time></trkpt><trkpt lat="60.278892" lon="24.980122"><ele>11.6</ele><time>2026-08-02T14:29:30Z</time></trkpt><trkpt lat="60.278928" lon="24.98023"><ele>11.1</ele><time>2026-08-02T14:29:31Z</time></trkpt><trkpt lat="60.278983" lon="24.980313"><ele>10.8</ele><time>2026-08-02T14:29:32Z</time><extensions><gpxtpx:TrackPointExtension><gpxtpx:hr>121</gpxtpx:hr></gpxtpx:TrackPointExtension></extensions></trkpt><trkpt lat="60.279047" lon="24.98039"><ele>10.5</ele><time>2026-08-02T14:29:33Z</time></trkpt><trkpt lat="60.279107" lon="24.980445"><ele>11.2</ele><time>2026-08-02T14:29:34Z</time></trkpt><trkpt lat="60.279153" lon="24.980528"><ele>10.9</ele><time>2026-08-02T14:29:35Z</time></trkpt><trkpt lat="60.279198" lon="24.980605"><ele>10.8</ele><time>2026-08-02T14:29:36Z</time></trkpt><trkpt lat="60.279248" lon="24.980685"><ele>10.7</ele><time>2026-08-02T14:29:37Z</time></trkpt><trkpt lat="60.279303" lon="24.980742"><ele>10.1</ele><time>2026-08-02T14:29:38Z</time><extensions><gpxtpx:TrackPointExtension><gpxtpx:hr>118</gpxtpx:hr></gpxtpx:TrackPointExtension></extensions></trkpt><trkpt lat="60.279365" lon="24.98079"><ele>9.2</ele><time>2026-08-02T14:29:39Z</time></trkpt><trkpt lat="60.27943" lon="24.98084"><ele>9.6</ele><time>2026-08-02T14:29:40Z</time></trkpt><trkpt lat="60.279493" lon="24.980895"><ele>10.2</ele><time>2026-08-02T14:29:41Z</time></trkpt><trkpt lat="60.279553" lon="24.980947"><ele>10.3</ele><time>2026-08-02T14:29:42Z</time><extensions><gpxtpx:TrackPointExtension><gpxtpx:hr>120</gpxtpx:hr></gpxtpx:TrackPointExtension></extensions></trkpt><trkpt lat="60.2796" lon="24.980997"><ele>10.6</ele><time>2026-08-02T14:29:43Z</time></trkpt><trkpt lat="60.279655" lon="24.981043"><ele>10.9</ele><time>2026-08-02T14:29:44Z</time></trkpt><trkpt lat="60.279715" lon="24.981085"><ele>11.1</ele><time>2026-08-02T14:29:45Z</time></trkpt><trkpt lat="60.279775" lon="24.981137"><ele>11.0</ele><time>2026-08-02T14:29:47Z</time></trkpt><trkpt lat="60.27983" lon="24.981183"><ele>11.3</ele><time>2026-08-02T14:29:48Z</time><extensions><gpxtpx:TrackPointExtension><gpxtpx:hr>121</gpxtpx:hr></gpxtpx:TrackPointExtension></extensions></trkpt><trkpt lat="60.279885" lon="24.98124"><ele>11.4</ele><time>2026-08-02T14:29:49Z</time></trkpt><trkpt lat="60.279933" lon="24.981292"><ele>12.3</ele><time>2026-08-02T14:29:50Z</time></trkpt><trkpt lat="60.279987" lon="24.981342"><ele>12.3</ele><time>2026-08-02T14:29:51Z</time></trkpt><trkpt lat="60.280038" lon="24.981382"><ele>13.0</ele><time>2026-08-02T14:29:52Z</time></trkpt><trkpt lat="60.280093" lon="24.981425"><ele>13.3</ele><time>2026-08-02T14:29:53Z</time></trkpt><trkpt lat="60.280147" lon="24.981468"><ele>13.2</ele><time>2026-08-02T14:29:54Z</time><extensions><gpxtpx:TrackPointExtension><gpxtpx:hr>123</gpxtpx:hr></gpxtpx:TrackPointExtension></extensions></trkpt><trkpt lat="60.280202" lon="24.981518"><ele>13.1</ele><time>2026-08-02T14:29:55Z</time></trkpt><trkpt lat="60.280258" lon="24.981575"><ele>13.1</ele><time>2026-08-02T14:29:56Z</time></trkpt><trkpt lat="60.280312" lon="24.981632"><ele>13.6</ele><time>2026-08-02T14:29:57Z</time></trkpt><trkpt lat="60.28037" lon="24.981683"><ele>13.6</ele><time>2026-08-02T14:29:58Z</time></trkpt><trkpt lat="60.28043" lon="24.981737"><ele>14.1</ele><time>2026-08-02T14:29:59Z</time></trkpt><trkpt lat="60.280487" lon="24.981793"><ele>13.8</ele><time>2026-08-02T14:30:00Z</time></trkpt><trkpt lat="60.280545" lon="24.981845"><ele>14.1</ele><time>2026-08-02T14:30:01Z</time><extensions><gpxtpx:TrackPointExtension><gpxtpx:hr>123</gpxtpx:hr></gpxtpx:TrackPointExtension></extensions></trkpt><trkpt lat="60.280602" lon="24.9819"><ele>14.2</ele><time>2026-08-02T14:30:02Z</time></trkpt><trkpt lat="60.280657" lon="24.981952"><ele>14.3</ele><time>2026-08-02T14:30:03Z</time></trkpt><trkpt lat="60.28071" lon="24.982"><ele>14.7</ele><time>2026-08-02T14:30:04Z</time></trkpt><trkpt lat="60.280765" lon="24.982043"><ele>15.0</ele><time>2026-08-02T14:30:05Z</time><extensions><gpxtpx:TrackPointExtension><gpxtpx:hr>121</gpxtpx:hr></gpxtpx:TrackPointExtension></extensions></trkpt><trkpt lat="60.28082" lon="24.982078"><ele>15.1</ele><time>2026-08-02T14:30:06Z</time></trkpt><trkpt lat="60.280873" lon="24.982105"><ele>15.7</ele><time>2026-08-02T14:30:07Z</time></trkpt><trkpt lat="60.280923" lon="24.982127"><ele>15.5</ele><time>2026-08-02T14:30:08Z</time><extensions><gpxtpx:TrackPointExtension><gpxtpx:hr>121</gpxtpx:hr></gpxtpx:TrackPointExtension></extensions></trkpt><trkpt lat="60.280977" lon="24.98214"><ele>15.7</ele><time>2026-08-02T14:30:09Z</time></trkpt><trkpt lat="60.281022" lon="24.982165"><ele>16.1</ele><time>2026-08-02T14:30:10Z</time></trkpt><trkpt lat="60.28107" lon="24.982207"><ele>16.1</ele><time>2026-08-02T14:30:11Z</time></trkpt><trkpt lat="60.281122" lon="24.982257"><ele>16.1</ele><time>2026-08-02T14:30:12Z</time></trkpt><trkpt lat="60.281173" lon="24.982312"><ele>16.0</ele><time>2026-08-02T14:30:13Z</time></trkpt><trkpt lat="60.281225" lon="24.982363"><ele>16.0</ele><time>2026-08-02T14:30:14Z</time></trkpt><trkpt lat="60.281277" lon="24.982412"><ele>16.1</ele><time>2026-08-02T14:30:15Z</time></trkpt><trkpt lat="60.281323" lon="24.982452"><ele>16.2</ele><time>2026-08-02T14:30:16Z</time></trkpt><trkpt lat="60.281373" lon="24.982482"><ele>16.9</ele><time>2026-08-02T14:30:17Z</time><extensions><gpxtpx:TrackPointExtension><gpxtpx:hr>125</gpxtpx:hr></gpxtpx:TrackPointExtension></extensions></trkpt><trkpt lat="60.281423" lon="24.982543"><ele>16.7</ele><time>2026-08-02T14:30:18Z</time><extensions><gpxtpx:TrackPointExtension><gpxtpx:hr>126</gpxtpx:hr></gpxtpx:TrackPointExtension></extensions></trkpt><trkpt lat="60.281477" lon="24.982598"><ele>17.0</ele><time>2026-08-02T14:30:19Z</time></trkpt><trkpt lat="60.281523" lon="24.982653"><ele>16.9</ele><time>2026-08-02T14:30:20Z</time></trkpt><trkpt lat="60.28157" lon="24.982715"><ele>17.3</ele><time>2026-08-02T14:30:21Z</time></trkpt><trkpt lat="60.281615" lon="24.982775"><ele>17.7</ele><time>2026-08-02T14:30:22Z</time></trkpt><trkpt lat="60.281662" lon="24.982837"><ele>17.7</ele><time>2026-08-02T14:30:23Z</time></trkpt><trkpt lat="60.281712" lon="24.982917"><ele>18.3</ele><time>2026-08-02T14:30:24Z</time></trkpt><trkpt lat="60.281758" lon="24.982995"><ele>18.5</ele><time>2026-08-02T14:30:25Z</time></trkpt><trkpt lat="60.281802" lon="24.983063"><ele>19.0</ele><time>2026-08-02T14:30:26Z</time><extensions><gpxtpx:TrackPointExtension><gpxtpx:hr>126</gpxtpx:hr></gpxtpx:TrackPointExtension></extensions></trkpt><trkpt lat="60.281843" lon="24.98312"><ele>19.0</ele><time>2026-08-02T14:30:27Z</time></trkpt><trkpt lat="60.281887" lon="24.983172"><ele>19.2</ele><time>2026-08-02T14:30:28Z</time></trkpt><trkpt lat="60.281942" lon="24.983232"><ele>18.8</ele><time>2026-08-02T14:30:29Z</time></trkpt><trkpt lat="60.281995" lon="24.983287"><ele>19.5</ele><time>2026-08-02T14:30:30Z</time></trkpt><trkpt lat="60.282052" lon="24.983338"><ele>19.4</ele><time>2026-08-02T14:30:31Z</time><extensions><gpxtpx:TrackPointExtension><gpxtpx:hr>126</gpxtpx:hr></gpxtpx:TrackPointExtension></extensions></trkpt><trkpt lat="60.28211" lon="24.983373"><ele>20.2</ele><time>2026-08-02T14:30:32Z</time></trkpt><trkpt lat="60.282162" lon="24.983422"><ele>20.1</ele><time>2026-08-02T14:30:33Z</time><extensions><gpxtpx:TrackPointExtension><gpxtpx:hr>126</gpxtpx:hr></gpxtpx:TrackPointExtension></extensions></trkpt><trkpt lat="60.282227" lon="24.98346"><ele>19.4</ele><time>2026-08-02T14:30:34Z</time></trkpt><trkpt lat="60.282283" lon="24.983493"><ele>19.7</ele><time>2026-08-02T14:30:35Z</time></trkpt><trkpt lat="60.282337" lon="24.983525"><ele>19.9</ele><time>2026-08-02T14:30:36Z</time></trkpt><trkpt lat="60.282393" lon="24.983565"><ele>20.3</ele><time>2026-08-02T14:30:37Z</time></trkpt><trkpt lat="60.282445" lon="24.983615"><ele>20.4</ele><time>2026-08-02T14:30:38Z</time></trkpt><trkpt lat="60.282495" lon="24.98367"><ele>20.8</ele><time>2026-08-02T14:30:39Z</time></trkpt><trkpt lat="60.282543" lon="24.98373"><ele>20.5</ele><time>2026-08-02T14:30:40Z</time></trkpt><trkpt lat="60.282592" lon="24.983775"><ele>20.7</ele><time>2026-08-02T14:30:41Z</time><extensions><gpxtpx:TrackPointExtension><gpxtpx:hr>124</gpxtpx:hr></gpxtpx:TrackPointExtension></extensions></trkpt><trkpt lat="60.282642" lon="24.983822"><ele>20.9</ele><time>2026-08-02T14:30:42Z</time></trkpt><trkpt lat="60.28269" lon="24.983865"><ele>21.5</ele><time>2026-08-02T14:30:43Z</time></trkpt><trkpt lat="60.28274" lon="24.983915"><ele>21.8</ele><time>2026-08-02T14:30:44Z</time><extensions><gpxtpx:TrackPointExtension><gpxtpx:hr>128</gpxtpx:hr></gpxtpx:TrackPointExtension></extensions></trkpt><trkpt lat="60.282787" lon="24.983958"><ele>21.5</ele><time>2026-08-02T14:30:45Z</time></trkpt><trkpt lat="60.28284" lon="24.983987"><ele>21.6</ele><time>2026-08-02T14:30:46Z</time></trkpt><trkpt lat="60.282893" lon="24.984008"><ele>21.3</ele><time>2026-08-02T14:30:47Z</time></trkpt><trkpt lat="60.282947" lon="24.984018"><ele>21.3</ele><time>2026-08-02T14:30:48Z</time></trkpt><trkpt lat="60.283" lon="24.984015"><ele>21.2</ele><time>2026-08-02T14:30:49Z</time></trkpt><trkpt lat="60.283053" lon="24.984002"><ele>20.6</ele><time>2026-08-02T14:30:50Z</time></trkpt><trkpt lat="60.283108" lon="24.983977"><ele>21.0</ele><time>2026-08-02T14:30:51Z</time><extensions><gpxtpx:TrackPointExtension><gpxtpx:hr>127</gpxtpx:hr></gpxtpx:TrackPointExtension></extensions></trkpt><trkpt lat="60.283158" lon="24.98394"><ele>21.4</ele><time>2026-08-02T14:30:52Z</time></trkpt><trkpt lat="60.283212" lon="24.983903"><ele>21.8</ele><time>2026-08-02T14:30:53Z</time><extensions><gpxtpx:TrackPointExtension><gpxtpx:hr>127</gpxtpx:hr></gpxtpx:TrackPointExtension></extensions></trkpt><trkpt lat="60.283255" lon="24.983847"><ele>22.1</ele><time>2026-08-02T14:30:54Z</time></trkpt><trkpt lat="60.283297" lon="24.983812"><ele>22.2</ele><time>2026-08-02T14:30:55Z</time></trkpt><trkpt lat="60.28334" lon="24.98376"><ele>22.9</ele><time>2026-08-02T14:30:56Z</time></trkpt><trkpt lat="60.283382" lon="24.983712"><ele>23.7</ele><time>2026-08-02T14:30:57Z</time></trkpt><trkpt lat="60.28343" lon="24.983662"><ele>23.9</ele><time>2026-08-02T14:30:58Z</time></trkpt><trkpt lat="60.283483" lon="24.983605"><ele>23.7</ele><time>2026-08-02T14:30:59Z</time></trkpt><trkpt lat="60.283528" lon="24.983558"><ele>23.9</ele><time>2026-08-02T14:31:00Z</time></trkpt><trkpt lat="60.28357" lon="24.983513"><ele>24.4</ele><time>2026-08-02T14:31:01Z</time><extensions><gpxtpx:TrackPointExtension><gpxtpx:hr>132</gpxtpx:hr></gpxtpx:TrackPointExtension></extensions></trkpt><trkpt lat="60.283615" lon="24.983468"><ele>25.2</ele><time>2026-08-02T14:31:02Z</time></trkpt><trkpt lat="60.283665" lon="24.98343"><ele>25.9</ele><time>2026-08-02T14:31:03Z</time></trkpt><trkpt lat="60.283722" lon="24.983407"><ele>26.3</ele><time>2026-08-02T14:31:04Z</time></trkpt><trkpt lat="60.28378" lon="24.983413"><ele>24.8</ele><time>2026-08-02T14:31:05Z</time><extensions><gpxtpx:TrackPointExtension><gpxtpx:hr>135</gpxtpx:hr></gpxtpx:TrackPointExtension></extensions></trkpt><trkpt lat="60.28383" lon="24.983425"><ele>24.9</ele><time>2026-08-02T14:31:06Z</time></trkpt><trkpt lat="60.283887" lon="24.983437"><ele>25.0</ele><time>2026-08-02T14:31:07Z</time></trkpt><trkpt lat="60.283948" lon="24.98345"><ele>24.5</ele><time>2026-08-02T14:31:08Z</time><extensions><gpxtpx:TrackPointExtension><gpxtpx:hr>136</gpxtpx:hr></gpxtpx:TrackPointExtension></extensions></trkpt><trkpt lat="60.284017" lon="24.983458"><ele>24.0</ele><time>2026-08-02T14:31:09Z</time></trkpt><trkpt lat="60.28408" lon="24.983462"><ele>23.4</ele><time>2026-08-02T14:31:10Z</time></trkpt><trkpt lat="60.284145" lon="24.983467"><ele>23.6</ele><time>2026-08-02T14:31:11Z</time></trkpt><trkpt lat="60.284203" lon="24.983473"><ele>23.7</ele><time>2026-08-02T14:31:12Z</time></trkpt><trkpt lat="60.28426" lon="24.983485"><ele>24.3</ele><time>2026-08-02T14:31:13Z</time></trkpt><trkpt lat="60.284313" lon="24.983503"><ele>24.3</ele><time>2026-08-02T14:31:14Z</time><extensions><gpxtpx:TrackPointExtension><gpxtpx:hr>135</gpxtpx:hr></gpxtpx:TrackPointExtension></extensions></trkpt><trkpt lat="60.284363" lon="24.983508"><ele>24.2</ele><time>2026-08-02T14:31:15Z</time></trkpt><trkpt lat="60.284417" lon="24.983523"><ele>23.9</ele><time>2026-08-02T14:31:16Z</time></trkpt><trkpt lat="60.284477" lon="24.983553"><ele>23.2</ele><time>2026-08-02T14:31:17Z</time></trkpt><trkpt lat="60.284537" lon="24.983573"><ele>23.9</ele><time>2026-08-02T14:31:18Z</time><extensions><gpxtpx:TrackPointExtension><gpxtpx:hr>134</gpxtpx:hr></gpxtpx:TrackPointExtension></extensions></trkpt><trkpt lat="60.284595" lon="24.983585"><ele>24.5</ele><time>2026-08-02T14:31:19Z</time></trkpt><trkpt lat="60.284653" lon="24.9836"><ele>25.1</ele><time>2026-08-02T14:31:20Z</time></trkpt><trkpt lat="60.284717" lon="24.983637"><ele>25.2</ele><time>2026-08-02T14:31:21Z</time></trkpt><trkpt lat="60.28479" lon="24.98367"><ele>22.4</ele><time>2026-08-02T14:31:21Z</time></trkpt><trkpt lat="60.284847" lon="24.983722"><ele>22.5</ele><time>2026-08-02T14:31:22Z</time></trkpt><trkpt lat="60.284902" lon="24.983778"><ele>22.6</ele><time>2026-08-02T14:31:23Z</time></trkpt><trkpt lat="60.284952" lon="24.983832"><ele>22.8</ele><time>2026-08-02T14:31:24Z</time></trkpt><trkpt lat="60.285002" lon="24.983888"><ele>22.7</ele><time>2026-08-02T14:31:25Z</time></trkpt><trkpt lat="60.285052" lon="24.983942"><ele>23.1</ele><time>2026-08-02T14:31:26Z</time><extensions><gpxtpx:TrackPointExtension><gpxtpx:hr>132</gpxtpx:hr></gpxtpx:TrackPointExtension></extensions></trkpt><trkpt lat="60.285103" lon="24.983987"><ele>23.2</ele><time>2026-08-02T14:31:27Z</time><extensions><gpxtpx:TrackPointExtension><gpxtpx:hr>132</gpxtpx:hr></gpxtpx:TrackPointExtension></extensions></trkpt><trkpt lat="60.285145" lon="24.98402"><ele>23.1</ele><time>2026-08-02T14:31:28Z</time></trkpt><trkpt lat="60.285197" lon="24.984073"><ele>23.4</ele><time>2026-08-02T14:31:29Z</time></trkpt><trkpt lat="60.285248" lon="24.984113"><ele>23.9</ele><time>2026-08-02T14:31:30Z</time></trkpt><trkpt lat="60.285297" lon="24.984157"><ele>24.3</ele><time>2026-08-02T14:31:31Z</time></trkpt><trkpt lat="60.285347" lon="24.9842"><ele>24.4</ele><time>2026-08-02T14:31:32Z</time></trkpt><trkpt lat="60.285397" lon="24.984247"><ele>24.7</ele><time>2026-08-02T14:31:33Z</time></trkpt><trkpt lat="60.285443" lon="24.984302"><ele>24.7</ele><time>2026-08-02T14:31:34Z</time></trkpt><trkpt lat="60.28548" lon="24.984352"><ele>24.8</ele><time>2026-08-02T14:31:35Z</time></trkpt><trkpt lat="60.285518" lon="24.984422"><ele>25.1</ele><time>2026-08-02T14:31:36Z</time><extensions><gpxtpx:TrackPointExtension><gpxtpx:hr>128</gpxtpx:hr></gpxtpx:TrackPointExtension></extensions></trkpt><trkpt lat="60.285552" lon="24.984507"><ele>25.0</ele><time>2026-08-02T14:31:37Z</time></trkpt><trkpt lat="60.285585" lon="24.98459"><ele>24.8</ele><time>2026-08-02T14:31:38Z</time></trkpt><trkpt lat="60.28561" lon="24.984687"><ele>24.7</ele><time>2026-08-02T14:31:39Z</time><extensions><gpxtpx:TrackPointExtension><gpxtpx:hr>128</gpxtpx:hr></gpxtpx:TrackPointExtension></extensions></trkpt><trkpt lat="60.28563" lon="24.984787"><ele>24.4</ele><time>2026-08-02T14:31:40Z</time></trkpt><trkpt lat="60.285643" lon="24.984895"><ele>24.1</ele><time>2026-08-02T14:31:41Z</time></trkpt><trkpt lat="60.285662" lon="24.985003"><ele>23.7</ele><time>2026-08-02T14:31:42Z</time></trkpt><trkpt lat="60.285678" lon="24.985107"><ele>23.2</ele><time>2026-08-02T14:31:43Z</time></trkpt><trkpt lat="60.285698" lon="24.985212"><ele>22.6</ele><time>2026-08-02T14:31:44Z</time></trkpt><trkpt lat="60.285728" lon="24.985318"><ele>22.0</ele><time>2026-08-02T14:31:45Z</time></trkpt><trkpt lat="60.285757" lon="24.985437"><ele>21.5</ele><time>2026-08-02T14:31:46Z</time><extensions><gpxtpx:TrackPointExtension><gpxtpx:hr>127</gpxtpx:hr></gpxtpx:TrackPointExtension></extensions></trkpt><trkpt lat="60.285777" lon="24.985562"><ele>21.4</ele><time>2026-08-02T14:31:47Z</time></trkpt><trkpt lat="60.285797" lon="24.985672"><ele>20.9</ele><time>2026-08-02T14:31:48Z</time></trkpt><trkpt lat="60.285825" lon="24.985785"><ele>20.5</ele><time>2026-08-02T14:31:49Z</time></trkpt><trkpt lat="60.28585" lon="24.98591"><ele>20.2</ele><time>2026-08-02T14:31:50Z</time></trkpt><trkpt lat="60.285873" lon="24.986027"><ele>19.8</ele><time>2026-08-02T14:31:51Z</time><extensions><gpxtpx:TrackPointExtension><gpxtpx:hr>128</gpxtpx:hr></gpxtpx:TrackPointExtension></extensions></trkpt><trkpt lat="60.285893" lon="24.986153"><ele>19.4</ele><time>2026-08-02T14:31:52Z</time></trkpt><trkpt lat="60.28592" lon="24.986285"><ele>19.1</ele><time>2026-08-02T14:31:53Z</time><extensions><gpxtpx:TrackPointExtension><gpxtpx:hr>128</gpxtpx:hr></gpxtpx:TrackPointExtension></extensions></trkpt><trkpt lat="60.285947" lon="24.986423"><ele>19.0</ele><time>2026-08-02T14:31:54Z</time></trkpt><trkpt lat="60.285978" lon="24.986558"><ele>18.6</ele><time>2026-08-02T14:31:55Z</time></trkpt><trkpt lat="60.286015" lon="24.986673"><ele>18.3</ele><time>2026-08-02T14:31:56Z</time></trkpt><trkpt lat="60.28605" lon="24.986793"><ele>18.1</ele><time>2026-08-02T14:31:57Z</time></trkpt><trkpt lat="60.286092" lon="24.986905"><ele>17.7</ele><time>2026-08-02T14:31:58Z</time><extensions><gpxtpx:TrackPointExtension><gpxtpx:hr>124</gpxtpx:hr></gpxtpx:TrackPointExtension></extensions></trkpt><trkpt lat="60.28614" lon="24.987017"><ele>17.4</ele><time>2026-08-02T14:31:59Z</time></trkpt><trkpt lat="60.286187" lon="24.98712"><ele>17.1</ele><time>2026-08-02T14:32:00Z</time></trkpt><trkpt lat="60.28623" lon="24.987217"><ele>17.0</ele><time>2026-08-02T14:32:01Z</time></trkpt><trkpt lat="60.286278" lon="24.987308"><ele>16.7</ele><time>2026-08-02T14:32:02Z</time></trkpt><trkpt lat="60.286323" lon="24.987392"><ele>16.5</ele><time>2026-08-02T14:32:03Z</time></trkpt><trkpt lat="60.286365" lon="24.987462"><ele>16.4</ele><time>2026-08-02T14:32:04Z</time></trkpt><trkpt lat="60.286407" lon="24.987532"><ele>16.3</ele><time>2026-08-02T14:32:05Z</time><extensions><gpxtpx:TrackPointExtension><gpxtpx:hr>119</gpxtpx:hr></gpxtpx:TrackPointExtension></extensions></trkpt><trkpt lat="60.286452" lon="24.987602"><ele>15.9</ele><time>2026-08-02T14:32:06Z</time></trkpt><trkpt lat="60.286498" lon="24.987675"><ele>15.8</ele><time>2026-08-02T14:32:07Z</time><extensions><gpxtpx:TrackPointExtension><gpxtpx:hr>120</gpxtpx:hr></gpxtpx:TrackPointExtension></extensions></trkpt><trkpt lat="60.286545" lon="24.98775"><ele>15.7</ele><time>2026-08-02T14:32:08Z</time></trkpt><trkpt lat="60.286588" lon="24.987837"><ele>16.0</ele><time>2026-08-02T14:32:09Z</time></trkpt><trkpt lat="60.28663" lon="24.987903"><ele>16.3</ele><time>2026-08-02T14:32:10Z</time></trkpt><trkpt lat="60.286677" lon="24.987945"><ele>16.2</ele><time>2026-08-02T14:32:11Z</time></trkpt><trkpt lat="60.286727" lon="24.987975"><ele>15.6</ele><time>2026-08-02T14:32:12Z</time></trkpt><trkpt lat="60.28678" lon="24.988005"><ele>15.5</ele><time>2026-08-02T14:32:13Z</time></trkpt><trkpt lat="60.286833" lon="24.988023"><ele>15.5</ele><time>2026-08-02T14:32:14Z</time></trkpt><trkpt lat="60.286888" lon="24.988062"><ele>15.7</ele><time>2026-08-02T14:32:15Z</time><extensions><gpxtpx:TrackPointExtension><gpxtpx:hr>117</gpxtpx:hr></gpxtpx:TrackPointExtension></extensions></trkpt><trkpt lat="60.286948" lon="24.987992"><ele>16.0</ele><time>2026-08-02T14:32:16Z</time></trkpt><trkpt lat="60.286987" lon="24.988063"><ele>16.2</ele><time>2026-08-02T14:32:17Z</time><extensions><gpxtpx:TrackPointExtension><gpxtpx:hr>117</gpxtpx:hr></gpxtpx:TrackPointExtension></extensions></trkpt><trkpt lat="60.287035" lon="24.988102"><ele>16.4</ele><time>2026-08-02T14:32:18Z</time></trkpt><trkpt lat="60.287097" lon="24.988227"><ele>16.9</ele><time>2026-08-02T14:32:19Z</time></trkpt><trkpt lat="60.287125" lon="24.988245"><ele>16.0</ele><time>2026-08-02T14:32:20Z</time></trkpt><trkpt lat="60.287192" lon="24.988343"><ele>15.3</ele><time>2026-08-02T14:32:21Z</time></trkpt><trkpt lat="60.287225" lon="24.988372"><ele>15.4</ele><time>2026-08-02T14:32:22Z</time><extensions><gpxtpx:TrackPointExtension><gpxtpx:hr>117</gpxtpx:hr></gpxtpx:TrackPointExtension></extensions></trkpt><trkpt lat="60.287253" lon="24.988388"><ele>14.7</ele><time>2026-08-02T14:32:23Z</time></trkpt><trkpt lat="60.287292" lon="24.988427"><ele>14.6</ele><time>2026-08-02T14:32:24Z</time></trkpt><trkpt lat="60.287355" lon="24.988482"><ele>16.0</ele><time>2026-08-02T14:32:25Z</time></trkpt><trkpt lat="60.287408" lon="24.988563"><ele>16.3</ele><time>2026-08-02T14:32:26Z</time></trkpt><trkpt lat="60.287453" lon="24.988638"><ele>17.0</ele><time>2026-08-02T14:32:27Z</time></trkpt><trkpt lat="60.287487" lon="24.988715"><ele>18.2</ele><time>2026-08-02T14:32:28Z</time><extensions><gpxtpx:TrackPointExtension><gpxtpx:hr>120</gpxtpx:hr></gpxtpx:TrackPointExtension></extensions></trkpt><trkpt lat="60.287512" lon="24.988812"><ele>18.6</ele><time>2026-08-02T14:32:29Z</time></trkpt><trkpt lat="60.287508" lon="24.9889"><ele>18.7</ele><time>2026-08-02T14:32:30Z</time></trkpt><trkpt lat="60.287488" lon="24.988988"><ele>18.8</ele><time>2026-08-02T14:32:31Z</time></trkpt><trkpt lat="60.287473" lon="24.989072"><ele>19.0</ele><time>2026-08-02T14:32:32Z</time><extensions><gpxtpx:TrackPointExtension><gpxtpx:hr>122</gpxtpx:hr></gpxtpx:TrackPointExtension></extensions></trkpt><trkpt lat="60.287458" lon="24.989155"><ele>19.4</ele><time>2026-08-02T14:32:33Z</time></trkpt><trkpt lat="60.28745" lon="24.989253"><ele>19.4</ele><time>2026-08-02T14:32:34Z</time></trkpt><trkpt lat="60.28744" lon="24.989345"><ele>19.7</ele><time>2026-08-02T14:32:35Z</time></trkpt><trkpt lat="60.28743" lon="24.989423"><ele>20.0</ele><time>2026-08-02T14:32:36Z</time></trkpt><trkpt lat="60.287407" lon="24.989485"><ele>20.0</ele><time>2026-08-02T14:32:37Z</time><extensions><gpxtpx:TrackPointExtension><gpxtpx:hr>122</gpxtpx:hr></gpxtpx:TrackPointExtension></extensions></trkpt><trkpt lat="60.287385" lon="24.989528"><ele>19.9</ele><time>2026-08-02T14:32:38Z</time></trkpt><trkpt lat="60.287303" lon="24.99049"><ele>21.8</ele><time>2026-08-02T14:32:50Z</time><extensions><gpxtpx:TrackPointExtension><gpxtpx:hr>123</gpxtpx:hr></gpxtpx:TrackPointExtension></extensions></trkpt><trkpt lat="60.287303" lon="24.99049"><ele>21.8</ele><time>2026-08-02T14:32:49Z</time><extensions><gpxtpx:TrackPointExtension><gpxtpx:hr>123</gpxtpx:hr></gpxtpx:TrackPointExtension></extensions></trkpt><trkpt lat="60.28723" lon="24.990575"><ele>13.3</ele><time>2026-08-02T14:32:51Z</time></trkpt><trkpt lat="60.287273" lon="24.990688"><ele>14.4</ele><time>2026-08-02T14:32:52Z</time></trkpt><trkpt lat="60.28732" lon="24.990862"><ele>15.8</ele><time>2026-08-02T14:32:53Z</time></trkpt><trkpt lat="60.287323" lon="24.991005"><ele>13.4</ele><time>2026-08-02T14:32:54Z</time><extensions><gpxtpx:TrackPointExtension><gpxtpx:hr>124</gpxtpx:hr></gpxtpx:TrackPointExtension></extensions></trkpt><trkpt lat="60.287345" lon="24.99116"><ele>15.2</ele><time>2026-08-02T14:32:55Z</time></trkpt><trkpt lat="60.287363" lon="24.991313"><ele>17.0</ele><time>2026-08-02T14:32:56Z</time></trkpt><trkpt lat="60.287385" lon="24.991473"><ele>18.2</ele><time>2026-08-02T14:32:57Z</time></trkpt><trkpt lat="60.287407" lon="24.99163"><ele>18.9</ele><time>2026-08-02T14:32:58Z</time></trkpt><trkpt lat="60.287427" lon="24.99179"><ele>18.9</ele><time>2026-08-02T14:32:59Z</time></trkpt><trkpt lat="60.287438" lon="24.991942"><ele>18.9</ele><time>2026-08-02T14:33:00Z</time><extensions><gpxtpx:TrackPointExtension><gpxtpx:hr>122</gpxtpx:hr></gpxtpx:TrackPointExtension></extensions></trkpt><trkpt lat="60.287452" lon="24.992098"><ele>18.0</ele><time>2026-08-02T14:33:01Z</time></trkpt><trkpt lat="60.28747" lon="24.992283"><ele>19.3</ele><time>2026-08-02T14:33:02Z</time></trkpt><trkpt lat="60.287487" lon="24.992438"><ele>19.5</ele><time>2026-08-02T14:33:03Z</time><extensions><gpxtpx:TrackPointExtension><gpxtpx:hr>122</gpxtpx:hr></gpxtpx:TrackPointExtension></extensions></trkpt><trkpt lat="60.287503" lon="24.992585"><ele>19.6</ele><time>2026-08-02T14:33:04Z</time></trkpt><trkpt lat="60.287522" lon="24.99273"><ele>19.8</ele><time>2026-08-02T14:33:05Z</time></trkpt><trkpt lat="60.287535" lon="24.992863"><ele>19.7</ele><time>2026-08-02T14:33:06Z</time></trkpt><trkpt lat="60.287552" lon="24.993"><ele>18.8</ele><time>2026-08-02T14:33:07Z</time></trkpt><trkpt lat="60.287567" lon="24.993145"><ele>18.4</ele><time>2026-08-02T14:33:08Z</time><extensions><gpxtpx:TrackPointExtension><gpxtpx:hr>121</gpxtpx:hr></gpxtpx:TrackPointExtension></extensions></trkpt><trkpt lat="60.287587" lon="24.993292"><ele>17.8</ele><time>2026-08-02T14:33:09Z</time></trkpt><trkpt lat="60.287603" lon="24.993445"><ele>17.6</ele><time>2026-08-02T14:33:10Z</time></trkpt><trkpt lat="60.28762" lon="24.99359"><ele>17.2</ele><time>2026-08-02T14:33:11Z</time></trkpt><trkpt lat="60.287632" lon="24.993732"><ele>16.6</ele><time>2026-08-02T14:33:12Z</time></trkpt><trkpt lat="60.287642" lon="24.993877"><ele>16.4</ele><time>2026-08-02T14:33:13Z</time></trkpt><trkpt lat="60.287657" lon="24.994023"><ele>15.9</ele><time>2026-08-02T14:33:14Z</time></trkpt><trkpt lat="60.28767" lon="24.99417"><ele>15.7</ele><time>2026-08-02T14:33:15Z</time></trkpt><trkpt lat="60.287687" lon="24.994308"><ele>15.5</ele><time>2026-08-02T14:33:16Z</time></trkpt><trkpt lat="60.2877" lon="24.994445"><ele>15.3</ele><time>2026-08-02T14:33:17Z</time><extensions><gpxtpx:TrackPointExtension><gpxtpx:hr>118</gpxtpx:hr></gpxtpx:TrackPointExtension></extensions></trkpt><trkpt lat="60.287775" lon="24.99458"><ele>19.8</ele><time>2026-08-02T14:33:18Z</time></trkpt><trkpt lat="60.28775" lon="24.994588"><ele>15.2</ele><time>2026-08-02T14:33:18Z</time></trkpt><trkpt lat="60.287765" lon="24.994723"><ele>15.2</ele><time>2026-08-02T14:33:19Z</time></trkpt><trkpt lat="60.287782" lon="24.99486"><ele>15.1</ele><time>2026-08-02T14:33:20Z</time></trkpt><trkpt lat="60.287798" lon="24.994997"><ele>15.1</ele><time>2026-08-02T14:33:21Z</time><extensions><gpxtpx:TrackPointExtension><gpxtpx:hr>118</gpxtpx:hr></gpxtpx:TrackPointExtension></extensions></trkpt><trkpt lat="60.28782" lon="24.995127"><ele>15.3</ele><time>2026-08-02T14:33:22Z</time></trkpt><trkpt lat="60.287838" lon="24.995258"><ele>15.2</ele><time>2026-08-02T14:33:23Z</time></trkpt><trkpt lat="60.287855" lon="24.99539"><ele>15.2</ele><time>2026-08-02T14:33:24Z</time></trkpt><trkpt lat="60.287877" lon="24.995518"><ele>15.0</ele><time>2026-08-02T14:33:25Z</time></trkpt><trkpt lat="60.287902" lon="24.995638"><ele>14.9</ele><time>2026-08-02T14:33:26Z</time><extensions><gpxtpx:TrackPointExtension><gpxtpx:hr>116</gpxtpx:hr></gpxtpx:TrackPointExtension></extensions></trkpt><trkpt lat="60.287925" lon="24.995762"><ele>14.7</ele><time>2026-08-02T14:33:27Z</time></trkpt><trkpt lat="60.287947" lon="24.995892"><ele>14.4</ele><time>2026-08-02T14:33:28Z</time><extensions><gpxtpx:TrackPointExtension><gpxtpx:hr>116</gpxtpx:hr></gpxtpx:TrackPointExtension></extensions></trkpt><trkpt lat="60.287973" lon="24.996022"><ele>14.2</ele><time>2026-08-02T14:33:29Z</time></trkpt><trkpt lat="60.287995" lon="24.996162"><ele>13.8</ele><time>2026-08-02T14:33:30Z</time></trkpt><trkpt lat="60.288013" lon="24.996293"><ele>13.4</ele><time>2026-08-02T14:33:31Z</time></trkpt><trkpt lat="60.288028" lon="24.99641"><ele>13.2</ele><time>2026-08-02T14:33:32Z</time></trkpt><trkpt lat="60.288025" lon="24.996493"><ele>13.1</ele><time>2026-08-02T14:33:33Z</time><extensions><gpxtpx:TrackPointExtension><gpxtpx:hr>117</gpxtpx:hr></gpxtpx:TrackPointExtension></extensions></trkpt><trkpt lat="60.287998" lon="24.996563"><ele>12.9</ele><time>2026-08-02T14:33:34Z</time></trkpt><trkpt lat="60.287952" lon="24.996623"><ele>13.0</ele><time>2026-08-02T14:33:35Z</time></trkpt><trkpt lat="60.287897" lon="24.996662"><ele>13.1</ele><time>2026-08-02T14:33:36Z</time></trkpt><trkpt lat="60.287845" lon="24.996683"><ele>13.2</ele><time>2026-08-02T14:33:37Z</time></trkpt><trkpt lat="60.28779" lon="24.996727"><ele>12.7</ele><time>2026-08-02T14:33:38Z</time></trkpt><trkpt lat="60.287747" lon="24.996797"><ele>12.8</ele><time>2026-08-02T14:33:39Z</time></trkpt><trkpt lat="60.287722" lon="24.996885"><ele>13.2</ele><time>2026-08-02T14:33:40Z</time></trkpt><trkpt lat="60.287713" lon="24.996978"><ele>13.2</ele><time>2026-08-02T14:33:41Z</time><extensions><gpxtpx:TrackPointExtension><gpxtpx:hr>116</gpxtpx:hr></gpxtpx:TrackPointExtension></extensions></trkpt><trkpt lat="60.287715" lon="24.997087"><ele>12.8</ele><time>2026-08-02T14:33:42Z</time></trkpt><trkpt lat="60.287728" lon="24.997197"><ele>12.1</ele><time>2026-08-02T14:33:43Z</time><extensions><gpxtpx:TrackPointExtension><gpxtpx:hr>116</gpxtpx:hr></gpxtpx:TrackPointExtension></extensions></trkpt><trkpt lat="60.287728" lon="24.997303"><ele>11.6</ele><time>2026-08-02T14:33:44Z</time></trkpt><trkpt lat="60.287735" lon="24.997417"><ele>12.4</ele><time>2026-08-02T14:33:45Z</time></trkpt><trkpt lat="60.287733" lon="24.997532"><ele>13.2</ele><time>2026-08-02T14:33:46Z</time></trkpt><trkpt lat="60.287725" lon="24.997647"><ele>13.4</ele><time>2026-08-02T14:33:47Z</time></trkpt><trkpt lat="60.287727" lon="24.997765"><ele>14.0</ele><time>2026-08-02T14:33:48Z</time></trkpt><trkpt lat="60.287732" lon="24.99788"><ele>13.8</ele><time>2026-08-02T14:33:49Z</time><extensions><gpxtpx:TrackPointExtension><gpxtpx:hr>119</gpxtpx:hr></gpxtpx:TrackPointExtension></extensions></trkpt><trkpt lat="60.287733" lon="24.998002"><ele>13.7</ele><time>2026-08-02T14:33:50Z</time></trkpt><trkpt lat="60.28775" lon="24.998105"><ele>13.8</ele><time>2026-08-02T14:33:51Z</time></trkpt><trkpt lat="60.287773" lon="24.998195"><ele>14.3</ele><time>2026-08-02T14:33:52Z</time></trkpt><trkpt lat="60.287825" lon="24.998237"><ele>13.9</ele><time>2026-08-02T14:33:53Z</time></trkpt><trkpt lat="60.287875" lon="24.998287"><ele>13.9</ele><time>2026-08-02T14:33:54Z</time></trkpt><trkpt lat="60.287927" lon="24.99833"><ele>14.3</ele><time>2026-08-02T14:33:55Z</time></trkpt><trkpt lat="60.287972" lon="24.998353"><ele>13.5</ele><time>2026-08-02T14:33:56Z</time></trkpt><trkpt lat="60.288013" lon="24.998415"><ele>12.8</ele><time>2026-08-02T14:33:57Z</time><extensions><gpxtpx:TrackPointExtension><gpxtpx:hr>121</gpxtpx:hr></gpxtpx:TrackPointExtension></extensions></trkpt><trkpt lat="60.288042" lon="24.998515"><ele>13.0</ele><time>2026-08-02T14:33:58Z</time></trkpt><trkpt lat="60.288045" lon="24.998643"><ele>13.6</ele><time>2026-08-02T14:33:59Z</time></trkpt><trkpt lat="60.288035" lon="24.998785"><ele>14.0</ele><time>2026-08-02T14:34:00Z</time></trkpt><trkpt lat="60.288012" lon="24.998925"><ele>14.1</ele><time>2026-08-02T14:34:01Z</time><extensions><gpxtpx:TrackPointExtension><gpxtpx:hr>123</gpxtpx:hr></gpxtpx:TrackPointExtension></extensions></trkpt><trkpt lat="60.287992" lon="24.999062"><ele>13.9</ele><time>2026-08-02T14:34:02Z</time></trkpt><trkpt lat="60.287975" lon="24.999198"><ele>13.9</ele><time>2026-08-02T14:34:03Z</time><extensions><gpxtpx:TrackPointExtension><gpxtpx:hr>126</gpxtpx:hr></gpxtpx:TrackPointExtension></extensions></trkpt><trkpt lat="60.287962" lon="24.99933"><ele>14.1</ele><time>2026-08-02T14:34:04Z</time></trkpt><trkpt lat="60.287948" lon="24.999455"><ele>14.2</ele><time>2026-08-02T14:34:05Z</time></trkpt><trkpt lat="60.287935" lon="24.999583"><ele>14.4</ele><time>2026-08-02T14:34:06Z</time></trkpt><trkpt lat="60.287922" lon="24.999718"><ele>14.5</ele><time>2026-08-02T14:34:07Z</time></trkpt><trkpt lat="60.287905" lon="24.999845"><ele>14.4</ele><time>2026-08-02T14:34:08Z</time></trkpt><trkpt lat="60.287883" lon="24.99997"><ele>14.2</ele><time>2026-08-02T14:34:09Z</time></trkpt><trkpt lat="60.28786" lon="25.000095"><ele>13.9</ele><time>2026-08-02T14:34:10Z</time></trkpt><trkpt lat="60.287832" lon="25.00023"><ele>13.8</ele><time>2026-08-02T14:34:11Z</time></trkpt><trkpt lat="60.2878" lon="25.000357"><ele>13.7</ele><time>2026-08-02T14:34:12Z</time><extensions><gpxtpx:TrackPointExtension><gpxtpx:hr>127</gpxtpx:hr></gpxtpx:TrackPointExtension></extensions></trkpt><trkpt lat="60.287773" lon="25.000482"><ele>13.6</ele><time>2026-08-02T14:34:13Z</time></trkpt><trkpt lat="60.287755" lon="25.000613"><ele>13.7</ele><time>2026-08-02T14:34:14Z</time></trkpt><trkpt lat="60.287742" lon="25.000743"><ele>13.8</ele><time>2026-08-02T14:34:15Z</time><extensions><gpxtpx:TrackPointExtension><gpxtpx:hr>126</gpxtpx:hr></gpxtpx:TrackPointExtension></extensions></trkpt><trkpt lat="60.28773" lon="25.000875"><ele>13.8</ele><time>2026-08-02T14:34:16Z</time></trkpt><trkpt lat="60.287717" lon="25.001007"><ele>13.9</ele><time>2026-08-02T14:34:17Z</time></trkpt><trkpt lat="60.287707" lon="25.001135"><ele>14.4</ele><time>2026-08-02T14:34:18Z</time><extensions><gpxtpx:TrackPointExtension><gpxtpx:hr>124</gpxtpx:hr></gpxtpx:TrackPointExtension></extensions></trkpt><trkpt lat="60.287695" lon="25.001257"><ele>14.6</ele><time>2026-08-02T14:34:19Z</time></trkpt><trkpt lat="60.287682" lon="25.00138"><ele>14.7</ele><time>2026-08-02T14:34:20Z</time></trkpt><trkpt lat="60.287667" lon="25.001505"><ele>14.9</ele><time>2026-08-02T14:34:21Z</time></trkpt><trkpt lat="60.287655" lon="25.001628"><ele>15.0</ele><time>2026-08-02T14:34:22Z</time></trkpt><trkpt lat="60.287648" lon="25.001757"><ele>14.9</ele><time>2026-08-02T14:34:23Z</time></trkpt><trkpt lat="60.287642" lon="25.001882"><ele>14.8</ele><time>2026-08-02T14:34:24Z</time></trkpt><trkpt lat="60.287637" lon="25.002002"><ele>14.8</ele><time>2026-08-02T14:34:25Z</time></trkpt><trkpt lat="60.28763" lon="25.002122"><ele>14.7</ele><time>2026-08-02T14:34:26Z</time></trkpt><trkpt lat="60.287623" lon="25.002245"><ele>14.6</ele><time>2026-08-02T14:34:27Z</time><extensions><gpxtpx:TrackPointExtension><gpxtpx:hr>125</gpxtpx:hr></gpxtpx:TrackPointExtension></extensions></trkpt><trkpt lat="60.287617" lon="25.002367"><ele>14.6</ele><time>2026-08-02T14:34:28Z</time><extensions><gpxtpx:TrackPointExtension><gpxtpx:hr>125</gpxtpx:hr></gpxtpx:TrackPointExtension></extensions></trkpt><trkpt lat="60.28761" lon="25.002487"><ele>14.5</ele><time>2026-08-02T14:34:29Z</time></trkpt><trkpt lat="60.287602" lon="25.002613"><ele>14.6</ele><time>2026-08-02T14:34:30Z</time></trkpt><trkpt lat="60.287593" lon="25.002738"><ele>14.5</ele><time>2026-08-02T14:34:31Z</time></trkpt><trkpt lat="60.287583" lon="25.002868"><ele>14.3</ele><time>2026-08-02T14:34:32Z</time></trkpt><trkpt lat="60.287573" lon="25.003002"><ele>14.3</ele><time>2026-08-02T14:34:33Z</time><extensions><gpxtpx:TrackPointExtension><gpxtpx:hr>124</gpxtpx:hr></gpxtpx:TrackPointExtension></extensions></trkpt><trkpt lat="60.287563" lon="25.003133"><ele>14.3</ele><time>2026-08-02T14:34:34Z</time></trkpt><trkpt lat="60.287548" lon="25.00327"><ele>14.3</ele><time>2026-08-02T14:34:35Z</time></trkpt><trkpt lat="60.287533" lon="25.003402"><ele>14.4</ele><time>2026-08-02T14:34:36Z</time></trkpt><trkpt lat="60.28752" lon="25.003527"><ele>14.4</ele><time>2026-08-02T14:34:37Z</time></trkpt><trkpt lat="60.287505" lon="25.003655"><ele>14.3</ele><time>2026-08-02T14:34:38Z</time></trkpt><trkpt lat="60.287485" lon="25.003782"><ele>14.4</ele><time>2026-08-02T14:34:39Z</time><extensions><gpxtpx:TrackPointExtension><gpxtpx:hr>123</gpxtpx:hr></gpxtpx:TrackPointExtension></extensions></trkpt><trkpt lat="60.287472" lon="25.003912"><ele>14.5</ele><time>2026-08-02T14:34:40Z</time></trkpt><trkpt lat="60.28746" lon="25.004037"><ele>14.7</ele><time>2026-08-02T14:34:41Z</time></trkpt><trkpt lat="60.287448" lon="25.004165"><ele>14.6</ele><time>2026-08-02T14:34:42Z</time></trkpt><trkpt lat="60.287437" lon="25.00429"><ele>14.5</ele><time>2026-08-02T14:34:43Z</time><extensions><gpxtpx:TrackPointExtension><gpxtpx:hr>123</gpxtpx:hr></gpxtpx:TrackPointExtension></extensions></trkpt><trkpt lat="60.287427" lon="25.004422"><ele>14.6</ele><time>2026-08-02T14:34:44Z</time></trkpt><trkpt lat="60.287415" lon="25.004547"><ele>14.7</ele><time>2026-08-02T14:34:45Z</time></trkpt><trkpt lat="60.287405" lon="25.004673"><ele>14.9</ele><time>2026-08-02T14:34:46Z</time></trkpt><trkpt lat="60.287392" lon="25.004805"><ele>15.0</ele><time>2026-08-02T14:34:47Z</time></trkpt><trkpt lat="60.287378" lon="25.004928"><ele>15.1</ele><time>2026-08-02T14:34:48Z</time></trkpt><trkpt lat="60.287365" lon="25.005055"><ele>15.1</ele><time>2026-08-02T14:34:49Z</time><extensions><gpxtpx:TrackPointExtension><gpxtpx:hr>121</gpxtpx:hr></gpxtpx:TrackPointExtension></extensions></trkpt><trkpt lat="60.287355" lon="25.005183"><ele>15.2</ele><time>2026-08-02T14:34:50Z</time></trkpt><trkpt lat="60.287338" lon="25.005312"><ele>15.3</ele><time>2026-08-02T14:34:51Z</time></trkpt><trkpt lat="60.287322" lon="25.005438"><ele>15.2</ele><time>2026-08-02T14:34:52Z</time></trkpt><trkpt lat="60.28731" lon="25.005558"><ele>15.1</ele><time>2026-08-02T14:34:53Z</time></trkpt><trkpt lat="60.287295" lon="25.005685"><ele>15.4</ele><time>2026-08-02T14:34:54Z</time></trkpt><trkpt lat="60.287278" lon="25.005808"><ele>15.4</ele><time>2026-08-02T14:34:55Z</time><extensions><gpxtpx:TrackPointExtension><gpxtpx:hr>126</gpxtpx:hr></gpxtpx:TrackPointExtension></extensions></trkpt><trkpt lat="60.287262" lon="25.005933"><ele>15.4</ele><time>2026-08-02T14:34:56Z</time></trkpt><trkpt lat="60.287245" lon="25.006058"><ele>15.6</ele><time>2026-08-02T14:34:56Z</time></trkpt><trkpt lat="60.287233" lon="25.006177"><ele>15.5</ele><time>2026-08-02T14:34:57Z</time></trkpt><trkpt lat="60.28722" lon="25.0063"><ele>15.6</ele><time>2026-08-02T14:34:58Z</time></trkpt><trkpt lat="60.287205" lon="25.006423"><ele>15.8</ele><time>2026-08-02T14:34:59Z</time></trkpt><trkpt lat="60.28719" lon="25.006548"><ele>15.8</ele><time>2026-08-02T14:35:00Z</time></trkpt><trkpt lat="60.287175" lon="25.006673"><ele>16.1</ele><time>2026-08-02T14:35:01Z</time><extensions><gpxtpx:TrackPointExtension><gpxtpx:hr>127</gpxtpx:hr></gpxtpx:TrackPointExtension></extensions></trkpt><trkpt lat="60.287163" lon="25.006792"><ele>16.3</ele><time>2026-08-02T14:35:02Z</time><extensions><gpxtpx:TrackPointExtension><gpxtpx:hr>127</gpxtpx:hr></gpxtpx:TrackPointExtension></extensions></trkpt><trkpt lat="60.287143" lon="25.006912"><ele>16.5</ele><time>2026-08-02T14:35:03Z</time></trkpt><trkpt lat="60.287128" lon="25.007028"><ele>16.8</ele><time>2026-08-02T14:35:04Z</time></trkpt><trkpt lat="60.287112" lon="25.007142"><ele>17.1</ele><time>2026-08-02T14:35:05Z</time></trkpt><trkpt lat="60.28709" lon="25.007252"><ele>17.1</ele><time>2026-08-02T14:35:06Z</time></trkpt><trkpt lat="60.28707" lon="25.007358"><ele>17.0</ele><time>2026-08-02T14:35:07Z</time></trkpt><trkpt lat="60.287048" lon="25.007473"><ele>17.0</ele><time>2026-08-02T14:35:08Z</time><extensions><gpxtpx:TrackPointExtension><gpxtpx:hr>127</gpxtpx:hr></gpxtpx:TrackPointExtension></extensions></trkpt><trkpt lat="60.287032" lon="25.00759"><ele>17.1</ele><time>2026-08-02T14:35:09Z</time></trkpt><trkpt lat="60.287015" lon="25.00771"><ele>17.1</ele><time>2026-08-02T14:35:10Z</time></trkpt><trkpt lat="60.287002" lon="25.007833"><ele>17.1</ele><time>2026-08-02T14:35:11Z</time></trkpt><trkpt lat="60.286985" lon="25.007962"><ele>17.0</ele><time>2026-08-02T14:35:12Z</time></trkpt><trkpt lat="60.286967" lon="25.008078"><ele>17.0</ele><time>2026-08-02T14:35:13Z</time></trkpt><trkpt lat="60.286948" lon="25.008195"><ele>17.1</ele><time>2026-08-02T14:35:14Z</time></trkpt><trkpt lat="60.28693" lon="25.00831"><ele>17.0</ele><time>2026-08-02T14:35:15Z</time><extensions><gpxtpx:TrackPointExtension><gpxtpx:hr>128</gpxtpx:hr></gpxtpx:TrackPointExtension></extensions></trkpt><trkpt lat="60.286917" lon="25.008428"><ele>17.1</ele><time>2026-08-02T14:35:16Z</time></trkpt><trkpt lat="60.286905" lon="25.008542"><ele>17.0</ele><time>2026-08-02T14:35:17Z</time></trkpt><trkpt lat="60.28689" lon="25.008653"><ele>17.0</ele><time>2026-08-02T14:35:18Z</time></trkpt><trkpt lat="60.286875" lon="25.008765"><ele>16.9</ele><time>2026-08-02T14:35:19Z</time></trkpt><trkpt lat="60.286858" lon="25.008873"><ele>16.9</ele><time>2026-08-02T14:35:20Z</time><extensions><gpxtpx:TrackPointExtension><gpxtpx:hr>126</gpxtpx:hr></gpxtpx:TrackPointExtension></extensions></trkpt><trkpt lat="60.28684" lon="25.008983"><ele>16.9</ele><time>2026-08-02T14:35:21Z</time></trkpt><trkpt lat="60.286825" lon="25.0091"><ele>16.8</ele><time>2026-08-02T14:35:22Z</time></trkpt><trkpt lat="60.28681" lon="25.009225"><ele>16.6</ele><time>2026-08-02T14:35:23Z</time><extensions><gpxtpx:TrackPointExtension><gpxtpx:hr>125</gpxtpx:hr></gpxtpx:TrackPointExtension></extensions></trkpt><trkpt lat="60.2868" lon="25.009357"><ele>16.4</ele><time>2026-08-02T14:35:24Z</time></trkpt><trkpt lat="60.286788" lon="25.009488"><ele>16.1</ele><time>2026-08-02T14:35:25Z</time></trkpt><trkpt lat="60.286778" lon="25.009628"><ele>15.9</ele><time>2026-08-02T14:35:26Z</time></trkpt><trkpt lat="60.286765" lon="25.009763"><ele>15.6</ele><time>2026-08-02T14:35:27Z</time><extensions><gpxtpx:TrackPointExtension><gpxtpx:hr>125</gpxtpx:hr></gpxtpx:TrackPointExtension></extensions></trkpt><trkpt lat="60.286757" lon="25.009902"><ele>15.5</ele><time>2026-08-02T14:35:28Z</time></trkpt><trkpt lat="60.28674" lon="25.010035"><ele>15.4</ele><time>2026-08-02T14:35:29Z</time></trkpt><trkpt lat="60.286727" lon="25.010175"><ele>15.2</ele><time>2026-08-02T14:35:30Z</time></trkpt><trkpt lat="60.286708" lon="25.010313"><ele>14.9</ele><time>2026-08-02T14:35:31Z</time></trkpt><trkpt lat="60.286693" lon="25.010443"><ele>14.9</ele><time>2026-08-02T14:35:32Z</time></trkpt><trkpt lat="60.28668" lon="25.010578"><ele>15.0</ele><time>2026-08-02T14:35:33Z</time></trkpt><trkpt lat="60.286663" lon="25.010703"><ele>15.0</ele><time>2026-08-02T14:35:34Z</time></trkpt><trkpt lat="60.286647" lon="25.010822"><ele>15.3</ele><time>2026-08-02T14:35:35Z</time></trkpt><trkpt lat="60.28663" lon="25.010942"><ele>15.4</ele><time>2026-08-02T14:35:36Z</time><extensions><gpxtpx:TrackPointExtension><gpxtpx:hr>124</gpxtpx:hr></gpxtpx:TrackPointExtension></extensions></trkpt><trkpt lat="60.286613" lon="25.011058"><ele>15.6</ele><time>2026-08-02T14:35:37Z</time></trkpt><trkpt lat="60.286603" lon="25.011177"><ele>15.8</ele><time>2026-08-02T14:35:38Z</time></trkpt><trkpt lat="60.286437" lon="25.012003"><ele>11.4</ele><time>2026-08-02T14:35:46Z</time><extensions><gpxtpx:TrackPointExtension><gpxtpx:hr>123</gpxtpx:hr></gpxtpx:TrackPointExtension></extensions></trkpt><trkpt lat="60.286435" lon="25.012117"><ele>11.1</ele><time>2026-08-02T14:35:47Z</time><extensions><gpxtpx:TrackPointExtension><gpxtpx:hr>124</gpxtpx:hr></gpxtpx:TrackPointExtension></extensions></trkpt><trkpt lat="60.286433" lon="25.012258"><ele>11.9</ele><time>2026-08-02T14:35:48Z</time></trkpt><trkpt lat="60.286442" lon="25.012398"><ele>17.2</ele><time>2026-08-02T14:35:49Z</time></trkpt><trkpt lat="60.286438" lon="25.012513"><ele>17.9</ele><time>2026-08-02T14:35:50Z</time></trkpt><trkpt lat="60.286428" lon="25.012652"><ele>19.0</ele><time>2026-08-02T14:35:51Z</time><extensions><gpxtpx:TrackPointExtension><gpxtpx:hr>128</gpxtpx:hr></gpxtpx:TrackPointExtension></extensions></trkpt><trkpt lat="60.286422" lon="25.012757"><ele>19.6</ele><time>2026-08-02T14:35:52Z</time><extensions><gpxtpx:TrackPointExtension><gpxtpx:hr>131</gpxtpx:hr></gpxtpx:TrackPointExtension></extensions></trkpt><trkpt lat="60.286415" lon="25.012865"><ele>20.2</ele><time>2026-08-02T14:35:53Z</time></trkpt><trkpt lat="60.28641" lon="25.012973"><ele>20.5</ele><time>2026-08-02T14:35:54Z</time></trkpt><trkpt lat="60.286402" lon="25.013078"><ele>20.5</ele><time>2026-08-02T14:35:55Z</time></trkpt><trkpt lat="60.286393" lon="25.01318"><ele>21.1</ele><time>2026-08-02T14:35:56Z</time></trkpt><trkpt lat="60.286388" lon="25.013283"><ele>21.3</ele><time>2026-08-02T14:35:57Z</time></trkpt><trkpt lat="60.286383" lon="25.013387"><ele>21.4</ele><time>2026-08-02T14:35:58Z</time></trkpt><trkpt lat="60.286378" lon="25.013485"><ele>21.5</ele><time>2026-08-02T14:35:59Z</time></trkpt><trkpt lat="60.28637" lon="25.013585"><ele>21.6</ele><time>2026-08-02T14:36:00Z</time></trkpt><trkpt lat="60.28636" lon="25.013685"><ele>21.9</ele><time>2026-08-02T14:36:01Z</time><extensions><gpxtpx:TrackPointExtension><gpxtpx:hr>132</gpxtpx:hr></gpxtpx:TrackPointExtension></extensions></trkpt><trkpt lat="60.28635" lon="25.01378"><ele>22.5</ele><time>2026-08-02T14:36:02Z</time><extensions><gpxtpx:TrackPointExtension><gpxtpx:hr>132</gpxtpx:hr></gpxtpx:TrackPointExtension></extensions></trkpt><trkpt lat="60.286337" lon="25.013875"><ele>22.7</ele><time>2026-08-02T14:36:03Z</time></trkpt><trkpt lat="60.286323" lon="25.013972"><ele>22.9</ele><time>2026-08-02T14:36:04Z</time></trkpt><trkpt lat="60.286308" lon="25.01406"><ele>23.0</ele><time>2026-08-02T14:36:05Z</time></trkpt><trkpt lat="60.286292" lon="25.014138"><ele>23.1</ele><time>2026-08-02T14:36:06Z</time></trkpt><trkpt lat="60.286277" lon="25.014217"><ele>23.1</ele><time>2026-08-02T14:36:07Z</time></trkpt><trkpt lat="60.286258" lon="25.014293"><ele>23.1</ele><time>2026-08-02T14:36:08Z</time></trkpt><trkpt lat="60.286097" lon="25.014655"><ele>22.1</ele><time>2026-08-02T14:36:14Z</time><extensions><gpxtpx:TrackPointExtension><gpxtpx:hr>135</gpxtpx:hr></gpxtpx:TrackPointExtension></extensions></trkpt><trkpt lat="60.286097" lon="25.014655"><ele>22.1</ele><time>2026-08-02T14:36:12Z</time><extensions><gpxtpx:TrackPointExtension><gpxtpx:hr>135</gpxtpx:hr></gpxtpx:TrackPointExtension></extensions></trkpt><trkpt lat="60.286073" lon="25.014723"><ele>21.8</ele><time>2026-08-02T14:36:15Z</time></trkpt><trkpt lat="60.286062" lon="25.014812"><ele>20.1</ele><time>2026-08-02T14:36:16Z</time></trkpt><trkpt lat="60.286043" lon="25.014907"><ele>19.9</ele><time>2026-08-02T14:36:17Z</time></trkpt><trkpt lat="60.285797" lon="25.015682"><ele>17.1</ele><time>2026-08-02T14:36:25Z</time><extensions><gpxtpx:TrackPointExtension><gpxtpx:hr>135</gpxtpx:hr></gpxtpx:TrackPointExtension></extensions></trkpt><trkpt lat="60.285767" lon="25.015777"><ele>17.5</ele><time>2026-08-02T14:36:26Z</time></trkpt><trkpt lat="60.285745" lon="25.01585"><ele>17.7</ele><time>2026-08-02T14:36:27Z</time><extensions><gpxtpx:TrackPointExtension><gpxtpx:hr>136</gpxtpx:hr></gpxtpx:TrackPointExtension></extensions></trkpt><trkpt lat="60.285717" lon="25.015945"><ele>18.1</ele><time>2026-08-02T14:36:28Z</time></trkpt><trkpt lat="60.285687" lon="25.016035"><ele>18.2</ele><time>2026-08-02T14:36:29Z</time></trkpt><trkpt lat="60.285653" lon="25.01613"><ele>18.3</ele><time>2026-08-02T14:36:30Z</time><extensions><gpxtpx:TrackPointExtension><gpxtpx:hr>135</gpxtpx:hr></gpxtpx:TrackPointExtension></extensions></trkpt><trkpt lat="60.28562" lon="25.01623"><ele>18.3</ele><time>2026-08-02T14:36:31Z</time></trkpt><trkpt lat="60.285593" lon="25.016357"><ele>19.8</ele><time>2026-08-02T14:36:32Z</time></trkpt><trkpt lat="60.285547" lon="25.016462"><ele>19.4</ele><time>2026-08-02T14:36:33Z</time><extensions><gpxtpx:TrackPointExtension><gpxtpx:hr>134</gpxtpx:hr></gpxtpx:TrackPointExtension></extensions></trkpt><trkpt lat="60.285498" lon="25.016562"><ele>19.1</ele><time>2026-08-02T14:36:34Z</time></trkpt><trkpt lat="60.285447" lon="25.016668"><ele>19.1</ele><time>2026-08-02T14:36:35Z</time></trkpt><trkpt lat="60.285392" lon="25.016767"><ele>19.3</ele><time>2026-08-02T14:36:36Z</time></trkpt><trkpt lat="60.28534" lon="25.016868"><ele>19.3</ele><time>2026-08-02T14:36:37Z</time></trkpt><trkpt lat="60.285288" lon="25.016972"><ele>19.2</ele><time>2026-08-02T14:36:38Z</time></trkpt><trkpt lat="60.285237" lon="25.017073"><ele>19.3</ele><time>2026-08-02T14:36:39Z</time></trkpt><trkpt lat="60.285183" lon="25.017178"><ele>19.4</ele><time>2026-08-02T14:36:40Z</time></trkpt><trkpt lat="60.285128" lon="25.017285"><ele>18.4</ele><time>2026-08-02T14:36:41Z</time><extensions><gpxtpx:TrackPointExtension><gpxtpx:hr>128</gpxtpx:hr></gpxtpx:TrackPointExtension></extensions></trkpt><trkpt lat="60.285077" lon="25.017393"><ele>18.2</ele><time>2026-08-02T14:36:42Z</time></trkpt><trkpt lat="60.285025" lon="25.017503"><ele>18.0</ele><time>2026-08-02T14:36:43Z</time><extensions><gpxtpx:TrackPointExtension><gpxtpx:hr>128</gpxtpx:hr></gpxtpx:TrackPointExtension></extensions></trkpt><trkpt lat="60.284968" lon="25.017618"><ele>17.4</ele><time>2026-08-02T14:36:44Z</time></trkpt><trkpt lat="60.284913" lon="25.017735"><ele>18.0</ele><time>2026-08-02T14:36:45Z</time></trkpt><trkpt lat="60.284863" lon="25.017858"><ele>17.5</ele><time>2026-08-02T14:36:46Z</time></trkpt><trkpt lat="60.284818" lon="25.017982"><ele>17.7</ele><time>2026-08-02T14:36:47Z</time></trkpt><trkpt lat="60.284772" lon="25.018115"><ele>17.1</ele><time>2026-08-02T14:36:48Z</time></trkpt><trkpt lat="60.284733" lon="25.018245"><ele>17.4</ele><time>2026-08-02T14:36:49Z</time><extensions><gpxtpx:TrackPointExtension><gpxtpx:hr>122</gpxtpx:hr></gpxtpx:TrackPointExtension></extensions></trkpt><trkpt lat="60.284692" lon="25.018377"><ele>17.4</ele><time>2026-08-02T14:36:50Z</time></trkpt><trkpt lat="60.284685" lon="25.018517"><ele>19.0</ele><time>2026-08-02T14:36:51Z</time></trkpt><trkpt lat="60.284647" lon="25.018642"><ele>18.9</ele><time>2026-08-02T14:36:52Z</time></trkpt><trkpt lat="60.28461" lon="25.018755"><ele>19.1</ele><time>2026-08-02T14:36:53Z</time></trkpt><trkpt lat="60.284575" lon="25.018868"><ele>18.1</ele><time>2026-08-02T14:36:54Z</time></trkpt><trkpt lat="60.284545" lon="25.018975"><ele>18.1</ele><time>2026-08-02T14:36:55Z</time><extensions><gpxtpx:TrackPointExtension><gpxtpx:hr>121</gpxtpx:hr></gpxtpx:TrackPointExtension></extensions></trkpt><trkpt lat="60.284512" lon="25.019082"><ele>18.0</ele><time>2026-08-02T14:36:56Z</time></trkpt><trkpt lat="60.284478" lon="25.019193"><ele>17.5</ele><time>2026-08-02T14:36:57Z</time></trkpt><trkpt lat="60.28445" lon="25.019305"><ele>17.5</ele><time>2026-08-02T14:36:58Z</time></trkpt><trkpt lat="60.284415" lon="25.019412"><ele>17.3</ele><time>2026-08-02T14:36:59Z</time></trkpt><trkpt lat="60.284383" lon="25.019518"><ele>17.6</ele><time>2026-08-02T14:37:00Z</time></trkpt><trkpt lat="60.28436" lon="25.01963"><ele>17.2</ele><time>2026-08-02T14:37:01Z</time></trkpt><trkpt lat="60.28433" lon="25.019747"><ele>16.3</ele><time>2026-08-02T14:37:02Z</time><extensions><gpxtpx:TrackPointExtension><gpxtpx:hr>117</gpxtpx:hr></gpxtpx:TrackPointExtension></extensions></trkpt><trkpt lat="60.2843" lon="25.019857"><ele>16.0</ele><time>2026-08-02T14:37:03Z</time></trkpt><trkpt lat="60.284278" lon="25.019967"><ele>16.3</ele><time>2026-08-02T14:37:04Z</time></trkpt><trkpt lat="60.284263" lon="25.020072"><ele>16.2</ele><time>2026-08-02T14:37:05Z</time></trkpt><trkpt lat="60.284248" lon="25.02017"><ele>15.9</ele><time>2026-08-02T14:37:06Z</time><extensions><gpxtpx:TrackPointExtension><gpxtpx:hr>116</gpxtpx:hr></gpxtpx:TrackPointExtension></extensions></trkpt><trkpt lat="60.284235" lon="25.020253"><ele>15.6</ele><time>2026-08-02T14:37:07Z</time></trkpt><trkpt lat="60.284227" lon="25.020337"><ele>15.2</ele><time>2026-08-02T14:37:08Z</time><extensions><gpxtpx:TrackPointExtension><gpxtpx:hr>114</gpxtpx:hr></gpxtpx:TrackPointExtension></extensions></trkpt><trkpt lat="60.284208" lon="25.020393"><ele>15.2</ele><time>2026-08-02T14:37:09Z</time></trkpt><trkpt lat="60.284182" lon="25.020425"><ele>15.2</ele><time>2026-08-02T14:37:10Z</time></trkpt><trkpt lat="60.284125" lon="25.020422"><ele>14.9</ele><time>2026-08-02T14:37:11Z</time></trkpt><trkpt lat="60.284065" lon="25.020357"><ele>14.6</ele><time>2026-08-02T14:37:12Z</time></trkpt><trkpt lat="60.284017" lon="25.020293"><ele>15.0</ele><time>2026-08-02T14:37:13Z</time></trkpt><trkpt lat="60.283972" lon="25.02025"><ele>14.4</ele><time>2026-08-02T14:37:14Z</time></trkpt><trkpt lat="60.283923" lon="25.020207"><ele>14.8</ele><time>2026-08-02T14:37:15Z</time></trkpt><trkpt lat="60.283893" lon="25.020122"><ele>12.7</ele><time>2026-08-02T14:37:16Z</time></trkpt><trkpt lat="60.283843" lon="25.020097"><ele>13.6</ele><time>2026-08-02T14:37:17Z</time><extensions><gpxtpx:TrackPointExtension><gpxtpx:hr>112</gpxtpx:hr></gpxtpx:TrackPointExtension></extensions></trkpt><trkpt lat="60.283792" lon="25.020055"><ele>14.9</ele><time>2026-08-02T14:37:18Z</time></trkpt><trkpt lat="60.28374" lon="25.02001"><ele>14.7</ele><time>2026-08-02T14:37:19Z</time></trkpt><trkpt lat="60.283703" lon="25.019982"><ele>15.4</ele><time>2026-08-02T14:37:20Z</time></trkpt><trkpt lat="60.28369" lon="25.02001"><ele>15.0</ele><time>2026-08-02T14:37:21Z</time></trkpt><trkpt lat="60.28363" lon="25.020005"><ele>16.4</ele><time>2026-08-02T14:37:22Z</time><extensions><gpxtpx:TrackPointExtension><gpxtpx:hr>114</gpxtpx:hr></gpxtpx:TrackPointExtension></extensions></trkpt><trkpt lat="60.283588" lon="25.020037"><ele>16.7</ele><time>2026-08-02T14:37:23Z</time></trkpt><trkpt lat="60.283542" lon="25.020097"><ele>16.5</ele><time>2026-08-02T14:37:24Z</time></trkpt><trkpt lat="60.283515" lon="25.020163"><ele>16.5</ele><time>2026-08-02T14:37:25Z</time></trkpt><trkpt lat="60.283498" lon="25.020252"><ele>17.4</ele><time>2026-08-02T14:37:26Z</time><extensions><gpxtpx:TrackPointExtension><gpxtpx:hr>114</gpxtpx:hr></gpxtpx:TrackPointExtension></extensions></trkpt><trkpt lat="60.283485" lon="25.020345"><ele>17.2</ele><time>2026-08-02T14:37:27Z</time></trkpt><trkpt lat="60.283482" lon="25.020445"><ele>17.1</ele><time>2026-08-02T14:37:28Z</time></trkpt><trkpt lat="60.283478" lon="25.020552"><ele>17.7</ele><time>2026-08-02T14:37:29Z</time></trkpt><trkpt lat="60.28347" lon="25.02066"><ele>18.4</ele><time>2026-08-02T14:37:30Z</time><extensions><gpxtpx:TrackPointExtension><gpxtpx:hr>116</gpxtpx:hr></gpxtpx:TrackPointExtension></extensions></trkpt><trkpt lat="60.283463" lon="25.020772"><ele>18.4</ele><time>2026-08-02T14:37:31Z</time></trkpt><trkpt lat="60.28345" lon="25.020883"><ele>18.5</ele><time>2026-08-02T14:37:32Z</time></trkpt><trkpt lat="60.283435" lon="25.02099"><ele>18.9</ele><time>2026-08-02T14:37:33Z</time></trkpt><trkpt lat="60.283423" lon="25.021095"><ele>18.9</ele><time>2026-08-02T14:37:34Z</time></trkpt><trkpt lat="60.283403" lon="25.021203"><ele>18.8</ele><time>2026-08-02T14:37:35Z</time></trkpt><trkpt lat="60.28339" lon="25.021317"><ele>18.8</ele><time>2026-08-02T14:37:36Z</time></trkpt><trkpt lat="60.283375" lon="25.021428"><ele>19.1</ele><time>2026-08-02T14:37:37Z</time><extensions><gpxtpx:TrackPointExtension><gpxtpx:hr>119</gpxtpx:hr></gpxtpx:TrackPointExtension></extensions></trkpt><trkpt lat="60.283352" lon="25.021542"><ele>18.8</ele><time>2026-08-02T14:37:38Z</time><extensions><gpxtpx:TrackPointExtension><gpxtpx:hr>120</gpxtpx:hr></gpxtpx:TrackPointExtension></extensions></trkpt><trkpt lat="60.283327" lon="25.02165"><ele>18.3</ele><time>2026-08-02T14:37:39Z</time></trkpt><trkpt lat="60.283308" lon="25.021763"><ele>18.9</ele><time>2026-08-02T14:37:40Z</time></trkpt><trkpt lat="60.283282" lon="25.021867"><ele>18.5</ele><time>2026-08-02T14:37:41Z</time></trkpt><trkpt lat="60.283255" lon="25.021977"><ele>18.1</ele><time>2026-08-02T14:37:42Z</time></trkpt><trkpt lat="60.283222" lon="25.022082"><ele>18.7</ele><time>2026-08-02T14:37:43Z</time></trkpt><trkpt lat="60.283187" lon="25.022182"><ele>17.9</ele><time>2026-08-02T14:37:44Z</time></trkpt><trkpt lat="60.28315" lon="25.022287"><ele>18.0</ele><time>2026-08-02T14:37:45Z</time></trkpt><trkpt lat="60.283117" lon="25.022387"><ele>16.5</ele><time>2026-08-02T14:37:46Z</time><extensions><gpxtpx:TrackPointExtension><gpxtpx:hr>120</gpxtpx:hr></gpxtpx:TrackPointExtension></extensions></trkpt><trkpt lat="60.283078" lon="25.022483"><ele>16.3</ele><time>2026-08-02T14:37:47Z</time></trkpt><trkpt lat="60.283048" lon="25.022587"><ele>16.8</ele><time>2026-08-02T14:37:48Z</time></trkpt><trkpt lat="60.283015" lon="25.022693"><ele>16.3</ele><time>2026-08-02T14:37:49Z</time><extensions><gpxtpx:TrackPointExtension><gpxtpx:hr>121</gpxtpx:hr></gpxtpx:TrackPointExtension></extensions></trkpt><trkpt lat="60.282978" lon="25.022787"><ele>16.1</ele><time>2026-08-02T14:37:50Z</time></trkpt><trkpt lat="60.282945" lon="25.022883"><ele>16.9</ele><time>2026-08-02T14:37:51Z</time></trkpt><trkpt lat="60.282908" lon="25.022982"><ele>16.5</ele><time>2026-08-02T14:37:52Z</time></trkpt><trkpt lat="60.28287" lon="25.023098"><ele>16.3</ele><time>2026-08-02T14:37:53Z</time></trkpt><trkpt lat="60.282837" lon="25.023205"><ele>16.7</ele><time>2026-08-02T14:37:54Z</time></trkpt><trkpt lat="60.282807" lon="25.023303"><ele>16.8</ele><time>2026-08-02T14:37:55Z</time></trkpt><trkpt lat="60.282772" lon="25.023397"><ele>15.9</ele><time>2026-08-02T14:37:56Z</time></trkpt><trkpt lat="60.282743" lon="25.023503"><ele>16.7</ele><time>2026-08-02T14:37:57Z</time><extensions><gpxtpx:TrackPointExtension><gpxtpx:hr>123</gpxtpx:hr></gpxtpx:TrackPointExtension></extensions></trkpt><trkpt lat="60.282708" lon="25.023613"><ele>16.9</ele><time>2026-08-02T14:37:58Z</time></trkpt><trkpt lat="60.282675" lon="25.023717"><ele>17.1</ele><time>2026-08-02T14:37:59Z</time><extensions><gpxtpx:TrackPointExtension><gpxtpx:hr>122</gpxtpx:hr></gpxtpx:TrackPointExtension></extensions></trkpt><trkpt lat="60.282643" lon="25.023818"><ele>17.6</ele><time>2026-08-02T14:38:00Z</time></trkpt><trkpt lat="60.282605" lon="25.023917"><ele>16.8</ele><time>2026-08-02T14:38:01Z</time></trkpt><trkpt lat="60.282567" lon="25.024015"><ele>16.1</ele><time>2026-08-02T14:38:02Z</time></trkpt><trkpt lat="60.282537" lon="25.024117"><ele>16.8</ele><time>2026-08-02T14:38:03Z</time></trkpt><trkpt lat="60.282502" lon="25.024218"><ele>16.4</ele><time>2026-08-02T14:38:04Z</time></trkpt><trkpt lat="60.282465" lon="25.024317"><ele>16.8</ele><time>2026-08-02T14:38:05Z</time></trkpt><trkpt lat="60.282425" lon="25.02442"><ele>16.6</ele><time>2026-08-02T14:38:06Z</time></trkpt><trkpt lat="60.282377" lon="25.024495"><ele>16.4</ele><time>2026-08-02T14:38:07Z</time><extensions><gpxtpx:TrackPointExtension><gpxtpx:hr>123</gpxtpx:hr></gpxtpx:TrackPointExtension></extensions></trkpt><trkpt lat="60.282335" lon="25.024568"><ele>16.1</ele><time>2026-08-02T14:38:08Z</time></trkpt><trkpt lat="60.282298" lon="25.024643"><ele>16.5</ele><time>2026-08-02T14:38:09Z</time></trkpt><trkpt lat="60.282258" lon="25.024727"><ele>16.5</ele><time>2026-08-02T14:38:10Z</time><extensions><gpxtpx:TrackPointExtension><gpxtpx:hr>122</gpxtpx:hr></gpxtpx:TrackPointExtension></extensions></trkpt><trkpt lat="60.282217" lon="25.024813"><ele>15.9</ele><time>2026-08-02T14:38:11Z</time></trkpt><trkpt lat="60.28218" lon="25.024902"><ele>16.0</ele><time>2026-08-02T14:38:12Z</time></trkpt><trkpt lat="60.282143" lon="25.024978"><ele>15.8</ele><time>2026-08-02T14:38:13Z</time><extensions><gpxtpx:TrackPointExtension><gpxtpx:hr>123</gpxtpx:hr></gpxtpx:TrackPointExtension></extensions></trkpt><trkpt lat="60.282105" lon="25.025055"><ele>15.6</ele><time>2026-08-02T14:38:14Z</time></trkpt><trkpt lat="60.282068" lon="25.025138"><ele>16.7</ele><time>2026-08-02T14:38:15Z</time></trkpt><trkpt lat="60.28202" lon="25.02521"><ele>15.7</ele><time>2026-08-02T14:38:16Z</time></trkpt><trkpt lat="60.281985" lon="25.02528"><ele>15.9</ele><time>2026-08-02T14:38:17Z</time></trkpt><trkpt lat="60.28195" lon="25.025352"><ele>15.7</ele><time>2026-08-02T14:38:18Z</time><extensions><gpxtpx:TrackPointExtension><gpxtpx:hr>125</gpxtpx:hr></gpxtpx:TrackPointExtension></extensions></trkpt><trkpt lat="60.281913" lon="25.025422"><ele>16.2</ele><time>2026-08-02T14:38:19Z</time></trkpt><trkpt lat="60.281878" lon="25.025495"><ele>16.7</ele><time>2026-08-02T14:38:20Z</time></trkpt><trkpt lat="60.281835" lon="25.025578"><ele>16.7</ele><time>2026-08-02T14:38:21Z</time></trkpt><trkpt lat="60.281792" lon="25.025663"><ele>17.0</ele><time>2026-08-02T14:38:22Z</time></trkpt><trkpt lat="60.281752" lon="25.02574"><ele>16.8</ele><time>2026-08-02T14:38:23Z</time></trkpt><trkpt lat="60.281718" lon="25.02582"><ele>17.0</ele><time>2026-08-02T14:38:24Z</time><extensions><gpxtpx:TrackPointExtension><gpxtpx:hr>128</gpxtpx:hr></gpxtpx:TrackPointExtension></extensions></trkpt><trkpt lat="60.281688" lon="25.025905"><ele>16.9</ele><time>2026-08-02T14:38:25Z</time></trkpt><trkpt lat="60.281663" lon="25.025997"><ele>17.7</ele><time>2026-08-02T14:38:26Z</time></trkpt><trkpt lat="60.281638" lon="25.026087"><ele>17.5</ele><time>2026-08-02T14:38:27Z</time></trkpt><trkpt lat="60.281615" lon="25.026192"><ele>17.3</ele><time>2026-08-02T14:38:28Z</time></trkpt><trkpt lat="60.281598" lon="25.026295"><ele>17.0</ele><time>2026-08-02T14:38:29Z</time></trkpt><trkpt lat="60.281578" lon="25.026393"><ele>16.8</ele><time>2026-08-02T14:38:30Z</time></trkpt><trkpt lat="60.281558" lon="25.026497"><ele>16.6</ele><time>2026-08-02T14:38:31Z</time></trkpt><trkpt lat="60.281542" lon="25.026597"><ele>17.2</ele><time>2026-08-02T14:38:32Z</time><extensions><gpxtpx:TrackPointExtension><gpxtpx:hr>130</gpxtpx:hr></gpxtpx:TrackPointExtension></extensions></trkpt><trkpt lat="60.281517" lon="25.026698"><ele>17.1</ele><time>2026-08-02T14:38:33Z</time><extensions><gpxtpx:TrackPointExtension><gpxtpx:hr>130</gpxtpx:hr></gpxtpx:TrackPointExtension></extensions></trkpt><trkpt lat="60.281492" lon="25.026802"><ele>16.3</ele><time>2026-08-02T14:38:34Z</time></trkpt><trkpt lat="60.281472" lon="25.0269"><ele>16.7</ele><time>2026-08-02T14:38:35Z</time></trkpt><trkpt lat="60.281458" lon="25.026998"><ele>17.4</ele><time>2026-08-02T14:38:36Z</time></trkpt><trkpt lat="60.281438" lon="25.027088"><ele>17.3</ele><time>2026-08-02T14:38:37Z</time></trkpt><trkpt lat="60.281412" lon="25.027172"><ele>16.0</ele><time>2026-08-02T14:38:38Z</time></trkpt><trkpt lat="60.28139" lon="25.027245"><ele>16.1</ele><time>2026-08-02T14:38:39Z</time></trkpt><trkpt lat="60.281373" lon="25.027305"><ele>15.8</ele><time>2026-08-02T14:38:40Z</time></trkpt><trkpt lat="60.281358" lon="25.027358"><ele>15.9</ele><time>2026-08-02T14:38:41Z</time></trkpt><trkpt lat="60.281338" lon="25.027412"><ele>15.7</ele><time>2026-08-02T14:38:42Z</time></trkpt><trkpt lat="60.281327" lon="25.027473"><ele>16.3</ele><time>2026-08-02T14:38:43Z</time></trkpt><trkpt lat="60.281328" lon="25.027548"><ele>16.1</ele><time>2026-08-02T14:38:44Z</time></trkpt><trkpt lat="60.28132" lon="25.027622"><ele>15.8</ele><time>2026-08-02T14:38:45Z</time></trkpt><trkpt lat="60.281308" lon="25.02769"><ele>15.5</ele><time>2026-08-02T14:38:46Z</time></trkpt><trkpt lat="60.281307" lon="25.027778"><ele>15.8</ele><time>2026-08-02T14:38:47Z</time></trkpt><trkpt lat="60.281317" lon="25.027872"><ele>15.9</ele><time>2026-08-02T14:38:48Z</time></trkpt><trkpt lat="60.281322" lon="25.027968"><ele>15.9</ele><time>2026-08-02T14:38:49Z</time></trkpt><trkpt lat="60.281325" lon="25.028052"><ele>16.5</ele><time>2026-08-02T14:38:50Z</time></trkpt><trkpt lat="60.281327" lon="25.028103"><ele>17.0</ele><time>2026-08-02T14:38:51Z</time></trkpt><trkpt lat="60.281325" lon="25.028182"><ele>15.9</ele><time>2026-08-02T14:38:52Z</time></trkpt><trkpt lat="60.281333" lon="25.028235"><ele>16.2</ele><time>2026-08-02T14:38:53Z</time></trkpt><trkpt lat="60.281342" lon="25.028298"><ele>16.9</ele><time>2026-08-02T14:38:54Z</time></trkpt><trkpt lat="60.281343" lon="25.028352"><ele>16.9</ele><time>2026-08-02T14:38:55Z</time></trkpt><trkpt lat="60.28134" lon="25.028398"><ele>17.0</ele><time>2026-08-02T14:38:57Z</time></trkpt><trkpt lat="60.281338" lon="25.028445"><ele>16.7</ele><time>2026-08-02T14:39:01Z</time><extensions><gpxtpx:TrackPointExtension><gpxtpx:hr>124</gpxtpx:hr></gpxtpx:TrackPointExtension></extensions></trkpt><trkpt lat="60.28134" lon="25.028495"><ele>16.8</ele><time>2026-08-02T14:39:02Z</time></trkpt><trkpt lat="60.281347" lon="25.028528"><ele>16.7</ele><time>2026-08-02T14:39:03Z</time></trkpt><trkpt lat="60.281355" lon="25.028568"><ele>16.9</ele><time>2026-08-02T14:39:04Z</time></trkpt><trkpt lat="60.28136" lon="25.028618"><ele>17.0</ele><time>2026-08-02T14:39:05Z</time></trkpt><trkpt lat="60.281365" lon="25.02866"><ele>17.0</ele><time>2026-08-02T14:39:06Z</time></trkpt><trkpt lat="60.28137" lon="25.028723"><ele>17.1</ele><time>2026-08-02T14:39:07Z</time><extensions><gpxtpx:TrackPointExtension><gpxtpx:hr>125</gpxtpx:hr></gpxtpx:TrackPointExtension></extensions></trkpt><trkpt lat="60.281373" lon="25.028802"><ele>17.2</ele><time>2026-08-02T14:39:08Z</time></trkpt><trkpt lat="60.28138" lon="25.028873"><ele>16.9</ele><time>2026-08-02T14:39:09Z</time></trkpt><trkpt lat="60.28139" lon="25.02895"><ele>16.7</ele><time>2026-08-02T14:39:10Z</time></trkpt><trkpt lat="60.281408" lon="25.02901"><ele>17.1</ele><time>2026-08-02T14:39:11Z</time></trkpt><trkpt lat="60.281422" lon="25.029068"><ele>17.0</ele><time>2026-08-02T14:39:12Z</time><extensions><gpxtpx:TrackPointExtension><gpxtpx:hr>124</gpxtpx:hr></gpxtpx:TrackPointExtension></extensions></trkpt><trkpt lat="60.281432" lon="25.029143"><ele>16.9</ele><time>2026-08-02T14:39:13Z</time><extensions><gpxtpx:TrackPointExtension><gpxtpx:hr>124</gpxtpx:hr></gpxtpx:TrackPointExtension></extensions></trkpt><trkpt lat="60.281447" lon="25.029208"><ele>16.8</ele><time>2026-08-02T14:39:14Z</time></trkpt><trkpt lat="60.281473" lon="25.02927"><ele>17.2</ele><time>2026-08-02T14:39:15Z</time></trkpt><trkpt lat="60.281503" lon="25.029368"><ele>15.3</ele><time>2026-08-02T14:39:16Z</time></trkpt><trkpt lat="60.281545" lon="25.029455"><ele>15.3</ele><time>2026-08-02T14:39:17Z</time></trkpt><trkpt lat="60.281587" lon="25.029503"><ele>15.5</ele><time>2026-08-02T14:39:18Z</time></trkpt><trkpt lat="60.281623" lon="25.029525"><ele>15.6</ele><time>2026-08-02T14:39:19Z</time></trkpt><trkpt lat="60.28167" lon="25.029588"><ele>15.7</ele><time>2026-08-02T14:39:20Z</time></trkpt><trkpt lat="60.281718" lon="25.029655"><ele>15.5</ele><time>2026-08-02T14:39:21Z</time></trkpt><trkpt lat="60.28177" lon="25.029718"><ele>15.4</ele><time>2026-08-02T14:39:22Z</time></trkpt><trkpt lat="60.28182" lon="25.029785"><ele>15.2</ele><time>2026-08-02T14:39:23Z</time></trkpt><trkpt lat="60.281868" lon="25.029847"><ele>15.0</ele><time>2026-08-02T14:39:24Z</time></trkpt><trkpt lat="60.281923" lon="25.02991"><ele>14.6</ele><time>2026-08-02T14:39:25Z</time></trkpt><trkpt lat="60.28198" lon="25.029982"><ele>14.3</ele><time>2026-08-02T14:39:26Z</time></trkpt><trkpt lat="60.282025" lon="25.030062"><ele>14.0</ele><time>2026-08-02T14:39:27Z</time><extensions><gpxtpx:TrackPointExtension><gpxtpx:hr>123</gpxtpx:hr></gpxtpx:TrackPointExtension></extensions></trkpt><trkpt lat="60.282073" lon="25.030137"><ele>13.9</ele><time>2026-08-02T14:39:28Z</time></trkpt><trkpt lat="60.282118" lon="25.030223"><ele>13.8</ele><time>2026-08-02T14:39:29Z</time><extensions><gpxtpx:TrackPointExtension><gpxtpx:hr>123</gpxtpx:hr></gpxtpx:TrackPointExtension></extensions></trkpt><trkpt lat="60.282155" lon="25.030318"><ele>14.0</ele><time>2026-08-02T14:39:30Z</time></trkpt><trkpt lat="60.282182" lon="25.030437"><ele>14.2</ele><time>2026-08-02T14:39:31Z</time></trkpt><trkpt lat="60.282195" lon="25.030558"><ele>14.1</ele><time>2026-08-02T14:39:32Z</time></trkpt><trkpt lat="60.2822" lon="25.030692"><ele>14.1</ele><time>2026-08-02T14:39:33Z</time><extensions><gpxtpx:TrackPointExtension><gpxtpx:hr>121</gpxtpx:hr></gpxtpx:TrackPointExtension></extensions></trkpt><trkpt lat="60.282195" lon="25.030813"><ele>14.3</ele><time>2026-08-02T14:39:34Z</time></trkpt><trkpt lat="60.282183" lon="25.030928"><ele>14.3</ele><time>2026-08-02T14:39:35Z</time></trkpt><trkpt lat="60.282168" lon="25.031045"><ele>14.3</ele><time>2026-08-02T14:39:36Z</time></trkpt><trkpt lat="60.282157" lon="25.031163"><ele>14.5</ele><time>2026-08-02T14:39:37Z</time></trkpt><trkpt lat="60.282145" lon="25.031287"><ele>14.8</ele><time>2026-08-02T14:39:38Z</time></trkpt><trkpt lat="60.282137" lon="25.031405"><ele>15.1</ele><time>2026-08-02T14:39:39Z</time></trkpt><trkpt lat="60.282128" lon="25.031522"><ele>15.2</ele><time>2026-08-02T14:39:40Z</time></trkpt><trkpt lat="60.282118" lon="25.031638"><ele>15.2</ele><time>2026-08-02T14:39:41Z</time></trkpt><trkpt lat="60.28211" lon="25.031755"><ele>15.2</ele><time>2026-08-02T14:39:42Z</time></trkpt><trkpt lat="60.282102" lon="25.031873"><ele>15.3</ele><time>2026-08-02T14:39:43Z</time></trkpt><trkpt lat="60.28209" lon="25.031995"><ele>15.2</ele><time>2026-08-02T14:39:44Z</time></trkpt><trkpt lat="60.28208" lon="25.032115"><ele>15.2</ele><time>2026-08-02T14:39:45Z</time><extensions><gpxtpx:TrackPointExtension><gpxtpx:hr>118</gpxtpx:hr></gpxtpx:TrackPointExtension></extensions></trkpt><trkpt lat="60.28207" lon="25.03224"><ele>15.4</ele><time>2026-08-02T14:39:46Z</time></trkpt><trkpt lat="60.28206" lon="25.032367"><ele>15.3</ele><time>2026-08-02T14:39:47Z</time></trkpt><trkpt lat="60.282048" lon="25.032492"><ele>15.4</ele><time>2026-08-02T14:39:48Z</time><extensions><gpxtpx:TrackPointExtension><gpxtpx:hr>117</gpxtpx:hr></gpxtpx:TrackPointExtension></extensions></trkpt><trkpt lat="60.282035" lon="25.032618"><ele>15.4</ele><time>2026-08-02T14:39:49Z</time></trkpt><trkpt lat="60.282027" lon="25.032743"><ele>15.5</ele><time>2026-08-02T14:39:50Z</time></trkpt><trkpt lat="60.282017" lon="25.032875"><ele>15.4</ele><time>2026-08-02T14:39:51Z</time></trkpt><trkpt lat="60.282007" lon="25.033"><ele>15.4</ele><time>2026-08-02T14:39:52Z</time></trkpt><trkpt lat="60.281997" lon="25.03312"><ele>15.6</ele><time>2026-08-02T14:39:53Z</time></trkpt><trkpt lat="60.281985" lon="25.033237"><ele>15.8</ele><time>2026-08-02T14:39:54Z</time></trkpt><trkpt lat="60.281978" lon="25.033358"><ele>15.8</ele><time>2026-08-02T14:39:55Z</time></trkpt><trkpt lat="60.281967" lon="25.033483"><ele>16.3</ele><time>2026-08-02T14:39:56Z</time></trkpt><trkpt lat="60.281963" lon="25.033595"><ele>16.4</ele><time>2026-08-02T14:39:57Z</time><extensions><gpxtpx:TrackPointExtension><gpxtpx:hr>115</gpxtpx:hr></gpxtpx:TrackPointExtension></extensions></trkpt><trkpt lat="60.281955" lon="25.033707"><ele>16.4</ele><time>2026-08-02T14:39:58Z</time><extensions><gpxtpx:TrackPointExtension><gpxtpx:hr>116</gpxtpx:hr></gpxtpx:TrackPointExtension></extensions></trkpt><trkpt lat="60.281945" lon="25.033815"><ele>16.6</ele><time>2026-08-02T14:39:59Z</time></trkpt><trkpt lat="60.281937" lon="25.03393"><ele>16.7</ele><time>2026-08-02T14:40:00Z</time></trkpt><trkpt lat="60.281927" lon="25.034045"><ele>16.8</ele><time>2026-08-02T14:40:01Z</time></trkpt><trkpt lat="60.281917" lon="25.034163"><ele>16.9</ele><time>2026-08-02T14:40:02Z</time></trkpt><trkpt lat="60.281907" lon="25.034277"><ele>17.0</ele><time>2026-08-02T14:40:03Z</time></trkpt><trkpt lat="60.281897" lon="25.034392"><ele>17.1</ele><time>2026-08-02T14:40:04Z</time><extensions><gpxtpx:TrackPointExtension><gpxtpx:hr>119</gpxtpx:hr></gpxtpx:TrackPointExtension></extensions></trkpt><trkpt lat="60.281888" lon="25.034508"><ele>17.3</ele><time>2026-08-02T14:40:05Z</time></trkpt><trkpt lat="60.281878" lon="25.034628"><ele>17.4</ele><time>2026-08-02T14:40:06Z</time></trkpt><trkpt lat="60.281868" lon="25.034745"><ele>17.7</ele><time>2026-08-02T14:40:07Z</time></trkpt><trkpt lat="60.28186" lon="25.034857"><ele>17.8</ele><time>2026-08-02T14:40:08Z</time><extensions><gpxtpx:TrackPointExtension><gpxtpx:hr>120</gpxtpx:hr></gpxtpx:TrackPointExtension></extensions></trkpt><trkpt lat="60.281853" lon="25.034963"><ele>18.0</ele><time>2026-08-02T14:40:09Z</time></trkpt><trkpt lat="60.281845" lon="25.035073"><ele>18.2</ele><time>2026-08-02T14:40:10Z</time></trkpt><trkpt lat="60.281838" lon="25.035178"><ele>18.3</ele><time>2026-08-02T14:40:11Z</time></trkpt><trkpt lat="60.281833" lon="25.035287"><ele>18.7</ele><time>2026-08-02T14:40:12Z</time></trkpt><trkpt lat="60.281833" lon="25.035398"><ele>18.9</ele><time>2026-08-02T14:40:13Z</time></trkpt><trkpt lat="60.281832" lon="25.035507"><ele>19.2</ele><time>2026-08-02T14:40:14Z</time></trkpt><trkpt lat="60.281828" lon="25.035617"><ele>19.6</ele><time>2026-08-02T14:40:15Z</time><extensions><gpxtpx:TrackPointExtension><gpxtpx:hr>120</gpxtpx:hr></gpxtpx:TrackPointExtension></extensions></trkpt><trkpt lat="60.281827" lon="25.035732"><ele>20.1</ele><time>2026-08-02T14:40:16Z</time></trkpt><trkpt lat="60.281823" lon="25.035845"><ele>20.1</ele><time>2026-08-02T14:40:17Z</time></trkpt><trkpt lat="60.281822" lon="25.035957"><ele>20.4</ele><time>2026-08-02T14:40:18Z</time></trkpt><trkpt lat="60.281813" lon="25.036065"><ele>20.6</ele><time>2026-08-02T14:40:19Z</time></trkpt><trkpt lat="60.28181" lon="25.036163"><ele>21.1</ele><time>2026-08-02T14:40:20Z</time></trkpt><trkpt lat="60.281797" lon="25.036252"><ele>21.0</ele><time>2026-08-02T14:40:21Z</time><extensions><gpxtpx:TrackPointExtension><gpxtpx:hr>125</gpxtpx:hr></gpxtpx:TrackPointExtension></extensions></trkpt><trkpt lat="60.281783" lon="25.036355"><ele>21.2</ele><time>2026-08-02T14:40:22Z</time></trkpt><trkpt lat="60.281775" lon="25.036457"><ele>21.5</ele><time>2026-08-02T14:40:23Z</time></trkpt><trkpt lat="60.281767" lon="25.036558"><ele>21.7</ele><time>2026-08-02T14:40:24Z</time></trkpt><trkpt lat="60.281762" lon="25.036658"><ele>22.2</ele><time>2026-08-02T14:40:25Z</time></trkpt><trkpt lat="60.281757" lon="25.036763"><ele>22.3</ele><time>2026-08-02T14:40:26Z</time><extensions><gpxtpx:TrackPointExtension><gpxtpx:hr>132</gpxtpx:hr></gpxtpx:TrackPointExtension></extensions></trkpt><trkpt lat="60.281747" lon="25.03686"><ele>22.4</ele><time>2026-08-02T14:40:27Z</time></trkpt><trkpt lat="60.281742" lon="25.036957"><ele>22.8</ele><time>2026-08-02T14:40:28Z</time><extensions><gpxtpx:TrackPointExtension><gpxtpx:hr>134</gpxtpx:hr></gpxtpx:TrackPointExtension></extensions></trkpt><trkpt lat="60.281735" lon="25.037058"><ele>23.1</ele><time>2026-08-02T14:40:29Z</time></trkpt><trkpt lat="60.281725" lon="25.037162"><ele>23.3</ele><time>2026-08-02T14:40:30Z</time></trkpt><trkpt lat="60.281715" lon="25.037267"><ele>23.6</ele><time>2026-08-02T14:40:31Z</time></trkpt><trkpt lat="60.281705" lon="25.037373"><ele>23.8</ele><time>2026-08-02T14:40:32Z</time></trkpt><trkpt lat="60.281698" lon="25.037482"><ele>24.0</ele><time>2026-08-02T14:40:33Z</time></trkpt><trkpt lat="60.281687" lon="25.037588"><ele>24.2</ele><time>2026-08-02T14:40:34Z</time></trkpt><trkpt lat="60.281673" lon="25.037698"><ele>24.4</ele><time>2026-08-02T14:40:35Z</time></trkpt><trkpt lat="60.281665" lon="25.037812"><ele>24.6</ele><time>2026-08-02T14:40:36Z</time></trkpt><trkpt lat="60.281657" lon="25.03792"><ele>24.7</ele><time>2026-08-02T14:40:37Z</time><extensions><gpxtpx:TrackPointExtension><gpxtpx:hr>143</gpxtpx:hr></gpxtpx:TrackPointExtension></extensions></trkpt><trkpt lat="60.281643" lon="25.03803"><ele>24.8</ele><time>2026-08-02T14:40:38Z</time></trkpt><trkpt lat="60.281635" lon="25.038142"><ele>25.0</ele><time>2026-08-02T14:40:39Z</time></trkpt><trkpt lat="60.281552" lon="25.038792"><ele>25.2</ele><time>2026-08-02T14:40:44Z</time><extensions><gpxtpx:TrackPointExtension><gpxtpx:hr>146</gpxtpx:hr></gpxtpx:TrackPointExtension></extensions></trkpt><trkpt lat="60.281552" lon="25.038792"><ele>25.2</ele><time>2026-08-02T14:40:43Z</time><extensions><gpxtpx:TrackPointExtension><gpxtpx:hr>146</gpxtpx:hr></gpxtpx:TrackPointExtension></extensions></trkpt><trkpt lat="60.28152" lon="25.038897"><ele>22.4</ele><time>2026-08-02T14:40:45Z</time></trkpt><trkpt lat="60.281525" lon="25.039037"><ele>23.9</ele><time>2026-08-02T14:40:46Z</time></trkpt><trkpt lat="60.281515" lon="25.03956"><ele>26.4</ele><time>2026-08-02T14:40:51Z</time></trkpt><trkpt lat="60.281508" lon="25.03966"><ele>27.0</ele><time>2026-08-02T14:40:52Z</time><extensions><gpxtpx:TrackPointExtension><gpxtpx:hr>144</gpxtpx:hr></gpxtpx:TrackPointExtension></extensions></trkpt><trkpt lat="60.281505" lon="25.039728"><ele>27.3</ele><time>2026-08-02T14:40:53Z</time></trkpt><trkpt lat="60.2815" lon="25.039835"><ele>27.4</ele><time>2026-08-02T14:40:54Z</time><extensions><gpxtpx:TrackPointExtension><gpxtpx:hr>145</gpxtpx:hr></gpxtpx:TrackPointExtension></extensions></trkpt><trkpt lat="60.28149" lon="25.039947"><ele>27.2</ele><time>2026-08-02T14:40:55Z</time></trkpt><trkpt lat="60.281478" lon="25.040057"><ele>27.3</ele><time>2026-08-02T14:40:56Z</time></trkpt><trkpt lat="60.281465" lon="25.040168"><ele>27.2</ele><time>2026-08-02T14:40:57Z</time></trkpt><trkpt lat="60.281453" lon="25.040275"><ele>27.2</ele><time>2026-08-02T14:40:58Z</time></trkpt><trkpt lat="60.281443" lon="25.04038"><ele>27.2</ele><time>2026-08-02T14:40:59Z</time></trkpt><trkpt lat="60.28143" lon="25.040483"><ele>27.3</ele><time>2026-08-02T14:41:00Z</time></trkpt><trkpt lat="60.281415" lon="25.04059"><ele>27.3</ele><time>2026-08-02T14:41:01Z</time></trkpt><trkpt lat="60.281397" lon="25.040695"><ele>27.3</ele><time>2026-08-02T14:41:02Z</time><extensions><gpxtpx:TrackPointExtension><gpxtpx:hr>140</gpxtpx:hr></gpxtpx:TrackPointExtension></extensions></trkpt><trkpt lat="60.281382" lon="25.0408"><ele>27.4</ele><time>2026-08-02T14:41:03Z</time><extensions><gpxtpx:TrackPointExtension><gpxtpx:hr>139</gpxtpx:hr></gpxtpx:TrackPointExtension></extensions></trkpt><trkpt lat="60.281363" lon="25.040903"><ele>27.3</ele><time>2026-08-02T14:41:04Z</time></trkpt><trkpt lat="60.281342" lon="25.041022"><ele>26.8</ele><time>2026-08-02T14:41:05Z</time></trkpt><trkpt lat="60.281313" lon="25.04113"><ele>25.6</ele><time>2026-08-02T14:41:06Z</time></trkpt><trkpt lat="60.281288" lon="25.041257"><ele>26.1</ele><time>2026-08-02T14:41:07Z</time></trkpt><trkpt lat="60.281265" lon="25.041378"><ele>25.9</ele><time>2026-08-02T14:41:08Z</time><extensions><gpxtpx:TrackPointExtension><gpxtpx:hr>137</gpxtpx:hr></gpxtpx:TrackPointExtension></extensions></trkpt><trkpt lat="60.28124" lon="25.041498"><ele>25.5</ele><time>2026-08-02T14:41:09Z</time></trkpt><trkpt lat="60.281215" lon="25.041623"><ele>25.4</ele><time>2026-08-02T14:41:10Z</time></trkpt><trkpt lat="60.28119" lon="25.041753"><ele>25.2</ele><time>2026-08-02T14:41:11Z</time></trkpt><trkpt lat="60.281165" lon="25.041888"><ele>25.3</ele><time>2026-08-02T14:41:12Z</time></trkpt><trkpt lat="60.281138" lon="25.042023"><ele>25.4</ele><time>2026-08-02T14:41:13Z</time></trkpt><trkpt lat="60.281113" lon="25.042165"><ele>25.5</ele><time>2026-08-02T14:41:14Z</time><extensions><gpxtpx:TrackPointExtension><gpxtpx:hr>133</gpxtpx:hr></gpxtpx:TrackPointExtension></extensions></trkpt><trkpt lat="60.281083" lon="25.042307"><ele>25.5</ele><time>2026-08-02T14:41:15Z</time></trkpt><trkpt lat="60.281052" lon="25.042395"><ele>21.7</ele><time>2026-08-02T14:41:15Z</time></trkpt><trkpt lat="60.281015" lon="25.042528"><ele>21.3</ele><time>2026-08-02T14:41:16Z</time></trkpt><trkpt lat="60.280965" lon="25.042652"><ele>20.9</ele><time>2026-08-02T14:41:17Z</time></trkpt><trkpt lat="60.280903" lon="25.04276"><ele>20.4</ele><time>2026-08-02T14:41:18Z</time></trkpt><trkpt lat="60.280838" lon="25.04286"><ele>20.3</ele><time>2026-08-02T14:41:19Z</time></trkpt><trkpt lat="60.28076" lon="25.042932"><ele>20.1</ele><time>2026-08-02T14:41:20Z</time></trkpt><trkpt lat="60.28068" lon="25.042992"><ele>20.0</ele><time>2026-08-02T14:41:21Z</time><extensions><gpxtpx:TrackPointExtension><gpxtpx:hr>124</gpxtpx:hr></gpxtpx:TrackPointExtension></extensions></trkpt><trkpt lat="60.280603" lon="25.043048"><ele>19.7</ele><time>2026-08-02T14:41:22Z</time></trkpt><trkpt lat="60.280528" lon="25.04311"><ele>19.7</ele><time>2026-08-02T14:41:23Z</time></trkpt><trkpt lat="60.280457" lon="25.043177"><ele>19.6</ele><time>2026-08-02T14:41:24Z</time></trkpt><trkpt lat="60.28039" lon="25.043247"><ele>19.5</ele><time>2026-08-02T14:41:25Z</time></trkpt><trkpt lat="60.280333" lon="25.04333"><ele>19.6</ele><time>2026-08-02T14:41:26Z</time><extensions><gpxtpx:TrackPointExtension><gpxtpx:hr>122</gpxtpx:hr></gpxtpx:TrackPointExtension></extensions></trkpt><trkpt lat="60.280282" lon="25.043418"><ele>19.6</ele><time>2026-08-02T14:41:27Z</time><extensions><gpxtpx:TrackPointExtension><gpxtpx:hr>122</gpxtpx:hr></gpxtpx:TrackPointExtension></extensions></trkpt><trkpt lat="60.280237" lon="25.043517"><ele>20.1</ele><time>2026-08-02T14:41:28Z</time></trkpt><trkpt lat="60.280195" lon="25.043632"><ele>20.1</ele><time>2026-08-02T14:41:29Z</time></trkpt><trkpt lat="60.280162" lon="25.043757"><ele>20.3</ele><time>2026-08-02T14:41:30Z</time></trkpt><trkpt lat="60.280137" lon="25.043888"><ele>20.5</ele><time>2026-08-02T14:41:31Z</time></trkpt><trkpt lat="60.280122" lon="25.044005"><ele>20.9</ele><time>2026-08-02T14:41:32Z</time><extensions><gpxtpx:TrackPointExtension><gpxtpx:hr>120</gpxtpx:hr></gpxtpx:TrackPointExtension></extensions></trkpt><trkpt lat="60.28011" lon="25.044122"><ele>21.0</ele><time>2026-08-02T14:41:33Z</time></trkpt><trkpt lat="60.280102" lon="25.044227"><ele>21.5</ele><time>2026-08-02T14:41:34Z</time></trkpt><trkpt lat="60.2801" lon="25.044342"><ele>22.0</ele><time>2026-08-02T14:41:35Z</time></trkpt><trkpt lat="60.280103" lon="25.044448"><ele>22.1</ele><time>2026-08-02T14:41:36Z</time></trkpt><trkpt lat="60.28011" lon="25.044552"><ele>22.4</ele><time>2026-08-02T14:41:37Z</time><extensions><gpxtpx:TrackPointExtension><gpxtpx:hr>123</gpxtpx:hr></gpxtpx:TrackPointExtension></extensions></trkpt><trkpt lat="60.280123" lon="25.04466"><ele>22.6</ele><time>2026-08-02T14:41:38Z</time></trkpt><trkpt lat="60.28014" lon="25.044767"><ele>22.8</ele><time>2026-08-02T14:41:39Z</time></trkpt><trkpt lat="60.280167" lon="25.044865"><ele>22.8</ele><time>2026-08-02T14:41:40Z</time></trkpt><trkpt lat="60.280195" lon="25.044968"><ele>22.9</ele><time>2026-08-02T14:41:41Z</time></trkpt><trkpt lat="60.280222" lon="25.045067"><ele>23.2</ele><time>2026-08-02T14:41:42Z</time></trkpt><trkpt lat="60.280248" lon="25.04517"><ele>22.9</ele><time>2026-08-02T14:41:43Z</time><extensions><gpxtpx:TrackPointExtension><gpxtpx:hr>125</gpxtpx:hr></gpxtpx:TrackPointExtension></extensions></trkpt><trkpt lat="60.280275" lon="25.045273"><ele>22.8</ele><time>2026-08-02T14:41:44Z</time></trkpt><trkpt lat="60.280302" lon="25.04538"><ele>22.7</ele><time>2026-08-02T14:41:45Z</time></trkpt><trkpt lat="60.280328" lon="25.045493"><ele>22.7</ele><time>2026-08-02T14:41:46Z</time></trkpt><trkpt lat="60.28035" lon="25.045617"><ele>22.5</ele><time>2026-08-02T14:41:47Z</time></trkpt><trkpt lat="60.280368" lon="25.045743"><ele>22.4</ele><time>2026-08-02T14:41:48Z</time></trkpt><trkpt lat="60.28038" lon="25.045873"><ele>22.4</ele><time>2026-08-02T14:41:49Z</time></trkpt><trkpt lat="60.280385" lon="25.04601"><ele>22.1</ele><time>2026-08-02T14:41:50Z</time></trkpt><trkpt lat="60.28038" lon="25.046143"><ele>22.0</ele><time>2026-08-02T14:41:51Z</time><extensions><gpxtpx:TrackPointExtension><gpxtpx:hr>128</gpxtpx:hr></gpxtpx:TrackPointExtension></extensions></trkpt><trkpt lat="60.280365" lon="25.046278"><ele>21.9</ele><time>2026-08-02T14:41:52Z</time></trkpt><trkpt lat="60.280347" lon="25.046405"><ele>22.0</ele><time>2026-08-02T14:41:53Z</time></trkpt><trkpt lat="60.280323" lon="25.046533"><ele>21.8</ele><time>2026-08-02T14:41:54Z</time></trkpt><trkpt lat="60.280303" lon="25.046667"><ele>22.0</ele><time>2026-08-02T14:41:55Z</time></trkpt><trkpt lat="60.280282" lon="25.046798"><ele>21.9</ele><time>2026-08-02T14:41:56Z</time><extensions><gpxtpx:TrackPointExtension><gpxtpx:hr>127</gpxtpx:hr></gpxtpx:TrackPointExtension></extensions></trkpt><trkpt lat="60.28026" lon="25.046933"><ele>21.9</ele><time>2026-08-02T14:41:57Z</time></trkpt><trkpt lat="60.280238" lon="25.047068"><ele>21.9</ele><time>2026-08-02T14:41:58Z</time><extensions><gpxtpx:TrackPointExtension><gpxtpx:hr>127</gpxtpx:hr></gpxtpx:TrackPointExtension></extensions></trkpt><trkpt lat="60.280213" lon="25.047195"><ele>22.0</ele><time>2026-08-02T14:41:59Z</time></trkpt><trkpt lat="60.280193" lon="25.04733"><ele>22.1</ele><time>2026-08-02T14:42:00Z</time></trkpt><trkpt lat="60.280173" lon="25.047465"><ele>22.1</ele><time>2026-08-02T14:42:01Z</time></trkpt><trkpt lat="60.280152" lon="25.047593"><ele>22.0</ele><time>2026-08-02T14:42:02Z</time></trkpt><trkpt lat="60.280132" lon="25.047732"><ele>22.0</ele><time>2026-08-02T14:42:03Z</time></trkpt><trkpt lat="60.280115" lon="25.04786"><ele>22.0</ele><time>2026-08-02T14:42:04Z</time></trkpt><trkpt lat="60.280095" lon="25.047988"><ele>21.9</ele><time>2026-08-02T14:42:05Z</time></trkpt><trkpt lat="60.280078" lon="25.048118"><ele>22.0</ele><time>2026-08-02T14:42:06Z</time><extensions><gpxtpx:TrackPointExtension><gpxtpx:hr>124</gpxtpx:hr></gpxtpx:TrackPointExtension></extensions></trkpt><trkpt lat="60.28006" lon="25.04824"><ele>22.0</ele><time>2026-08-02T14:42:07Z</time></trkpt><trkpt lat="60.280047" lon="25.04836"><ele>22.0</ele><time>2026-08-02T14:42:08Z</time><extensions><gpxtpx:TrackPointExtension><gpxtpx:hr>124</gpxtpx:hr></gpxtpx:TrackPointExtension></extensions></trkpt><trkpt lat="60.279918" lon="25.04988"><ele>25.3</ele><time>2026-08-02T14:42:20Z</time><extensions><gpxtpx:TrackPointExtension><gpxtpx:hr>123</gpxtpx:hr></gpxtpx:TrackPointExtension></extensions></trkpt><trkpt lat="60.279918" lon="25.04988"><ele>25.3</ele><time>2026-08-02T14:42:17Z</time><extensions><gpxtpx:TrackPointExtension><gpxtpx:hr>123</gpxtpx:hr></gpxtpx:TrackPointExtension></extensions></trkpt><trkpt lat="60.279883" lon="25.050075"><ele>25.5</ele><time>2026-08-02T14:42:21Z</time></trkpt><trkpt lat="60.279867" lon="25.050198"><ele>25.1</ele><time>2026-08-02T14:42:22Z</time><extensions><gpxtpx:TrackPointExtension><gpxtpx:hr>125</gpxtpx:hr></gpxtpx:TrackPointExtension></extensions></trkpt><trkpt lat="60.279865" lon="25.050338"><ele>25.9</ele><time>2026-08-02T14:42:23Z</time></trkpt><trkpt lat="60.279853" lon="25.050475"><ele>26.1</ele><time>2026-08-02T14:42:24Z</time></trkpt><trkpt lat="60.279843" lon="25.050612"><ele>26.5</ele><time>2026-08-02T14:42:25Z</time></trkpt><trkpt lat="60.279832" lon="25.050742"><ele>26.6</ele><time>2026-08-02T14:42:26Z</time></trkpt><trkpt lat="60.27982" lon="25.050877"><ele>26.8</ele><time>2026-08-02T14:42:27Z</time></trkpt><trkpt lat="60.279805" lon="25.051007"><ele>26.3</ele><time>2026-08-02T14:42:28Z</time></trkpt><trkpt lat="60.279793" lon="25.051138"><ele>26.3</ele><time>2026-08-02T14:42:29Z</time></trkpt><trkpt lat="60.27978" lon="25.051272"><ele>25.7</ele><time>2026-08-02T14:42:30Z</time><extensions><gpxtpx:TrackPointExtension><gpxtpx:hr>124</gpxtpx:hr></gpxtpx:TrackPointExtension></extensions></trkpt><trkpt lat="60.27977" lon="25.05141"><ele>25.6</ele><time>2026-08-02T14:42:31Z</time></trkpt><trkpt lat="60.27976" lon="25.051548"><ele>25.1</ele><time>2026-08-02T14:42:32Z</time></trkpt><trkpt lat="60.279753" lon="25.051687"><ele>25.7</ele><time>2026-08-02T14:42:33Z</time></trkpt><trkpt lat="60.279745" lon="25.051828"><ele>25.3</ele><time>2026-08-02T14:42:34Z</time><extensions><gpxtpx:TrackPointExtension><gpxtpx:hr>123</gpxtpx:hr></gpxtpx:TrackPointExtension></extensions></trkpt><trkpt lat="60.279737" lon="25.051968"><ele>25.3</ele><time>2026-08-02T14:42:35Z</time></trkpt><trkpt lat="60.279727" lon="25.052107"><ele>24.7</ele><time>2026-08-02T14:42:36Z</time></trkpt><trkpt lat="60.279717" lon="25.052237"><ele>24.3</ele><time>2026-08-02T14:42:37Z</time></trkpt><trkpt lat="60.279705" lon="25.052367"><ele>24.0</ele><time>2026-08-02T14:42:38Z</time></trkpt><trkpt lat="60.279697" lon="25.052498"><ele>24.0</ele><time>2026-08-02T14:42:39Z</time><extensions><gpxtpx:TrackPointExtension><gpxtpx:hr>122</gpxtpx:hr></gpxtpx:TrackPointExtension></extensions></trkpt><trkpt lat="60.279688" lon="25.05263"><ele>23.9</ele><time>2026-08-02T14:42:40Z</time></trkpt><trkpt lat="60.279673" lon="25.052762"><ele>23.4</ele><time>2026-08-02T14:42:41Z</time></trkpt><trkpt lat="60.279662" lon="25.052895"><ele>23.3</ele><time>2026-08-02T14:42:42Z</time><extensions><gpxtpx:TrackPointExtension><gpxtpx:hr>122</gpxtpx:hr></gpxtpx:TrackPointExtension></extensions></trkpt><trkpt lat="60.279655" lon="25.05303"><ele>23.3</ele><time>2026-08-02T14:42:43Z</time></trkpt><trkpt lat="60.279645" lon="25.053165"><ele>22.7</ele><time>2026-08-02T14:42:44Z</time></trkpt><trkpt lat="60.279632" lon="25.053295"><ele>22.5</ele><time>2026-08-02T14:42:45Z</time></trkpt><trkpt lat="60.279622" lon="25.053425"><ele>22.1</ele><time>2026-08-02T14:42:46Z</time></trkpt><trkpt lat="60.279612" lon="25.053565"><ele>21.1</ele><time>2026-08-02T14:42:47Z</time></trkpt><trkpt lat="60.279602" lon="25.0537"><ele>20.7</ele><time>2026-08-02T14:42:48Z</time><extensions><gpxtpx:TrackPointExtension><gpxtpx:hr>121</gpxtpx:hr></gpxtpx:TrackPointExtension></extensions></trkpt><trkpt lat="60.279627" lon="25.053817"><ele>22.3</ele><time>2026-08-02T14:42:49Z</time></trkpt><trkpt lat="60.27962" lon="25.053962"><ele>22.2</ele><time>2026-08-02T14:42:50Z</time></trkpt><trkpt lat="60.279607" lon="25.054082"><ele>22.8</ele><time>2026-08-02T14:42:51Z</time></trkpt><trkpt lat="60.279593" lon="25.054202"><ele>23.0</ele><time>2026-08-02T14:42:52Z</time><extensions><gpxtpx:TrackPointExtension><gpxtpx:hr>123</gpxtpx:hr></gpxtpx:TrackPointExtension></extensions></trkpt><trkpt lat="60.279585" lon="25.054333"><ele>23.3</ele><time>2026-08-02T14:42:53Z</time></trkpt><trkpt lat="60.279582" lon="25.054465"><ele>23.5</ele><time>2026-08-02T14:42:54Z</time></trkpt><trkpt lat="60.27957" lon="25.0546"><ele>23.5</ele><time>2026-08-02T14:42:55Z</time></trkpt><trkpt lat="60.279558" lon="25.054722"><ele>23.6</ele><time>2026-08-02T14:42:56Z</time></trkpt><trkpt lat="60.279553" lon="25.054847"><ele>24.0</ele><time>2026-08-02T14:42:57Z</time></trkpt><trkpt lat="60.27954" lon="25.054962"><ele>23.9</ele><time>2026-08-02T14:42:58Z</time></trkpt><trkpt lat="60.279532" lon="25.055085"><ele>23.7</ele><time>2026-08-02T14:42:59Z</time><extensions><gpxtpx:TrackPointExtension><gpxtpx:hr>124</gpxtpx:hr></gpxtpx:TrackPointExtension></extensions></trkpt><trkpt lat="60.279525" lon="25.05521"><ele>23.4</ele><time>2026-08-02T14:43:00Z</time></trkpt><trkpt lat="60.279518" lon="25.055328"><ele>24.0</ele><time>2026-08-02T14:43:01Z</time></trkpt><trkpt lat="60.279512" lon="25.055445"><ele>24.0</ele><time>2026-08-02T14:43:02Z</time></trkpt><trkpt lat="60.279502" lon="25.05556"><ele>23.7</ele><time>2026-08-02T14:43:03Z</time><extensions><gpxtpx:TrackPointExtension><gpxtpx:hr>123</gpxtpx:hr></gpxtpx:TrackPointExtension></extensions></trkpt><trkpt lat="60.27949" lon="25.055668"><ele>24.0</ele><time>2026-08-02T14:43:04Z</time></trkpt><trkpt lat="60.279482" lon="25.055777"><ele>24.1</ele><time>2026-08-02T14:43:05Z</time></trkpt><trkpt lat="60.279477" lon="25.055885"><ele>24.4</ele><time>2026-08-02T14:43:06Z</time></trkpt><trkpt lat="60.279468" lon="25.055987"><ele>24.6</ele><time>2026-08-02T14:43:07Z</time><extensions><gpxtpx:TrackPointExtension><gpxtpx:hr>123</gpxtpx:hr></gpxtpx:TrackPointExtension></extensions></trkpt><trkpt lat="60.27946" lon="25.05609"><ele>24.7</ele><time>2026-08-02T14:43:08Z</time></trkpt><trkpt lat="60.27945" lon="25.056197"><ele>24.5</ele><time>2026-08-02T14:43:09Z</time></trkpt><trkpt lat="60.279443" lon="25.056307"><ele>25.2</ele><time>2026-08-02T14:43:10Z</time></trkpt><trkpt lat="60.27944" lon="25.056403"><ele>24.7</ele><time>2026-08-02T14:43:11Z</time></trkpt><trkpt lat="60.279438" lon="25.056498"><ele>25.1</ele><time>2026-08-02T14:43:12Z</time></trkpt><trkpt lat="60.279435" lon="25.056592"><ele>25.4</ele><time>2026-08-02T14:43:13Z</time></trkpt><trkpt lat="60.279435" lon="25.05668"><ele>25.2</ele><time>2026-08-02T14:43:14Z</time></trkpt><trkpt lat="60.279435" lon="25.056775"><ele>25.0</ele><time>2026-08-02T14:43:15Z</time></trkpt><trkpt lat="60.27944" lon="25.056872"><ele>25.4</ele><time>2026-08-02T14:43:16Z</time><extensions><gpxtpx:TrackPointExtension><gpxtpx:hr>123</gpxtpx:hr></gpxtpx:TrackPointExtension></extensions></trkpt><trkpt lat="60.27944" lon="25.056968"><ele>25.8</ele><time>2026-08-02T14:43:17Z</time><extensions><gpxtpx:TrackPointExtension><gpxtpx:hr>123</gpxtpx:hr></gpxtpx:TrackPointExtension></extensions></trkpt><trkpt lat="60.279442" lon="25.057067"><ele>26.5</ele><time>2026-08-02T14:43:18Z</time></trkpt><trkpt lat="60.279432" lon="25.057158"><ele>26.7</ele><time>2026-08-02T14:43:19Z</time></trkpt><trkpt lat="60.279423" lon="25.057253"><ele>27.0</ele><time>2026-08-02T14:43:20Z</time></trkpt><trkpt lat="60.279415" lon="25.057343"><ele>27.1</ele><time>2026-08-02T14:43:21Z</time></trkpt><trkpt lat="60.279405" lon="25.057437"><ele>27.0</ele><time>2026-08-02T14:43:22Z</time></trkpt><trkpt lat="60.279397" lon="25.057532"><ele>27.7</ele><time>2026-08-02T14:43:23Z</time></trkpt><trkpt lat="60.279383" lon="25.057622"><ele>28.7</ele><time>2026-08-02T14:43:24Z</time><extensions><gpxtpx:TrackPointExtension><gpxtpx:hr>124</gpxtpx:hr></gpxtpx:TrackPointExtension></extensions></trkpt><trkpt lat="60.279355" lon="25.057707"><ele>28.0</ele><time>2026-08-02T14:43:25Z</time></trkpt><trkpt lat="60.279342" lon="25.057793"><ele>30.0</ele><time>2026-08-02T14:43:26Z</time></trkpt><trkpt lat="60.27933" lon="25.05787"><ele>29.6</ele><time>2026-08-02T14:43:27Z</time><extensions><gpxtpx:TrackPointExtension><gpxtpx:hr>126</gpxtpx:hr></gpxtpx:TrackPointExtension></extensions></trkpt><trkpt lat="60.279323" lon="25.057952"><ele>30.3</ele><time>2026-08-02T14:43:28Z</time></trkpt><trkpt lat="60.279313" lon="25.058027"><ele>30.4</ele><time>2026-08-02T14:43:29Z</time></trkpt><trkpt lat="60.279303" lon="25.0581"><ele>30.9</ele><time>2026-08-02T14:43:30Z</time></trkpt><trkpt lat="60.279297" lon="25.058177"><ele>31.7</ele><time>2026-08-02T14:43:31Z</time></trkpt><trkpt lat="60.27929" lon="25.058257"><ele>32.3</ele><time>2026-08-02T14:43:32Z</time></trkpt><trkpt lat="60.279275" lon="25.058345"><ele>31.9</ele><time>2026-08-02T14:43:33Z</time></trkpt><trkpt lat="60.279268" lon="25.058427"><ele>32.2</ele><time>2026-08-02T14:43:34Z</time><extensions><gpxtpx:TrackPointExtension><gpxtpx:hr>129</gpxtpx:hr></gpxtpx:TrackPointExtension></extensions></trkpt><trkpt lat="60.27926" lon="25.058505"><ele>32.1</ele><time>2026-08-02T14:43:35Z</time></trkpt><trkpt lat="60.279252" lon="25.058592"><ele>32.2</ele><time>2026-08-02T14:43:36Z</time></trkpt><trkpt lat="60.279237" lon="25.058677"><ele>32.6</ele><time>2026-08-02T14:43:37Z</time></trkpt><trkpt lat="60.279225" lon="25.05876"><ele>32.6</ele><time>2026-08-02T14:43:38Z</time></trkpt><trkpt lat="60.279218" lon="25.058837"><ele>32.7</ele><time>2026-08-02T14:43:39Z</time><extensions><gpxtpx:TrackPointExtension><gpxtpx:hr>130</gpxtpx:hr></gpxtpx:TrackPointExtension></extensions></trkpt><trkpt lat="60.279212" lon="25.058918"><ele>33.3</ele><time>2026-08-02T14:43:40Z</time></trkpt><trkpt lat="60.279197" lon="25.058992"><ele>33.7</ele><time>2026-08-02T14:43:41Z</time></trkpt><trkpt lat="60.279187" lon="25.059067"><ele>34.1</ele><time>2026-08-02T14:43:42Z</time></trkpt><trkpt lat="60.27918" lon="25.059145"><ele>34.7</ele><time>2026-08-02T14:43:43Z</time><extensions><gpxtpx:TrackPointExtension><gpxtpx:hr>130</gpxtpx:hr></gpxtpx:TrackPointExtension></extensions></trkpt><trkpt lat="60.279175" lon="25.05921"><ele>34.6</ele><time>2026-08-02T14:43:44Z</time></trkpt><trkpt lat="60.279163" lon="25.059273"><ele>34.8</ele><time>2026-08-02T14:43:45Z</time></trkpt><trkpt lat="60.279148" lon="25.059365"><ele>33.3</ele><time>2026-08-02T14:43:47Z</time></trkpt><trkpt lat="60.279133" lon="25.05943"><ele>33.6</ele><time>2026-08-02T14:43:48Z</time></trkpt><trkpt lat="60.279117" lon="25.059488"><ele>33.7</ele><time>2026-08-02T14:43:49Z</time></trkpt><trkpt lat="60.279103" lon="25.05955"><ele>34.0</ele><time>2026-08-02T14:43:50Z</time></trkpt><trkpt lat="60.279088" lon="25.059603"><ele>34.1</ele><time>2026-08-02T14:43:51Z</time></trkpt><trkpt lat="60.279078" lon="25.05966"><ele>34.6</ele><time>2026-08-02T14:43:51Z</time><extensions><gpxtpx:TrackPointExtension><gpxtpx:hr>135</gpxtpx:hr></gpxtpx:TrackPointExtension></extensions></trkpt><trkpt lat="60.279067" lon="25.059707"><ele>34.7</ele><time>2026-08-02T14:43:52Z</time><extensions><gpxtpx:TrackPointExtension><gpxtpx:hr>136</gpxtpx:hr></gpxtpx:TrackPointExtension></extensions></trkpt><trkpt lat="60.27905" lon="25.059767"><ele>34.8</ele><time>2026-08-02T14:43:53Z</time></trkpt><trkpt lat="60.27903" lon="25.05982"><ele>35.0</ele><time>2026-08-02T14:43:54Z</time></trkpt><trkpt lat="60.279018" lon="25.059872"><ele>35.2</ele><time>2026-08-02T14:43:55Z</time></trkpt><trkpt lat="60.27901" lon="25.059928"><ele>35.7</ele><time>2026-08-02T14:43:56Z</time></trkpt><trkpt lat="60.278998" lon="25.05999"><ele>35.8</ele><time>2026-08-02T14:43:57Z</time></trkpt><trkpt lat="60.278988" lon="25.060052"><ele>35.8</ele><time>2026-08-02T14:43:58Z</time></trkpt><trkpt lat="60.278975" lon="25.060108"><ele>36.0</ele><time>2026-08-02T14:43:59Z</time></trkpt><trkpt lat="60.278965" lon="25.060183"><ele>36.6</ele><time>2026-08-02T14:44:00Z</time></trkpt><trkpt lat="60.278955" lon="25.060247"><ele>36.5</ele><time>2026-08-02T14:44:01Z</time><extensions><gpxtpx:TrackPointExtension><gpxtpx:hr>146</gpxtpx:hr></gpxtpx:TrackPointExtension></extensions></trkpt><trkpt lat="60.278945" lon="25.060313"><ele>36.8</ele><time>2026-08-02T14:44:02Z</time></trkpt><trkpt lat="60.278938" lon="25.060367"><ele>37.3</ele><time>2026-08-02T14:44:03Z</time></trkpt><trkpt lat="60.278933" lon="25.060435"><ele>37.6</ele><time>2026-08-02T14:44:04Z</time><extensions><gpxtpx:TrackPointExtension><gpxtpx:hr>148</gpxtpx:hr></gpxtpx:TrackPointExtension></extensions></trkpt><trkpt lat="60.278932" lon="25.060505"><ele>38.0</ele><time>2026-08-02T14:44:05Z</time></trkpt><trkpt lat="60.27893" lon="25.06057"><ele>38.2</ele><time>2026-08-02T14:44:06Z</time></trkpt><trkpt lat="60.278925" lon="25.060637"><ele>38.4</ele><time>2026-08-02T14:44:07Z</time></trkpt><trkpt lat="60.278923" lon="25.060698"><ele>38.7</ele><time>2026-08-02T14:44:08Z</time></trkpt><trkpt lat="60.278925" lon="25.060773"><ele>39.1</ele><time>2026-08-02T14:44:09Z</time><extensions><gpxtpx:TrackPointExtension><gpxtpx:hr>152</gpxtpx:hr></gpxtpx:TrackPointExtension></extensions></trkpt><trkpt lat="60.278923" lon="25.06084"><ele>39.4</ele><time>2026-08-02T14:44:10Z</time></trkpt><trkpt lat="60.278928" lon="25.060908"><ele>39.6</ele><time>2026-08-02T14:44:11Z</time></trkpt><trkpt lat="60.278927" lon="25.060977"><ele>39.9</ele><time>2026-08-02T14:44:12Z</time></trkpt><trkpt lat="60.27893" lon="25.061048"><ele>40.3</ele><time>2026-08-02T14:44:13Z</time></trkpt><trkpt lat="60.278933" lon="25.061122"><ele>40.7</ele><time>2026-08-02T14:44:14Z</time></trkpt><trkpt lat="60.278942" lon="25.06119"><ele>41.2</ele><time>2026-08-02T14:44:15Z</time></trkpt><trkpt lat="60.278948" lon="25.061265"><ele>41.5</ele><time>2026-08-02T14:44:16Z</time><extensions><gpxtpx:TrackPointExtension><gpxtpx:hr>154</gpxtpx:hr></gpxtpx:TrackPointExtension></extensions></trkpt><trkpt lat="60.278955" lon="25.061343"><ele>41.9</ele><time>2026-08-02T14:44:17Z</time></trkpt><trkpt lat="60.278957" lon="25.061413"><ele>42.3</ele><time>2026-08-02T14:44:18Z</time></trkpt><trkpt lat="60.27896" lon="25.06149"><ele>42.6</ele><time>2026-08-02T14:44:19Z</time><extensions><gpxtpx:TrackPointExtension><gpxtpx:hr>155</gpxtpx:hr></gpxtpx:TrackPointExtension></extensions></trkpt><trkpt lat="60.278955" lon="25.061575"><ele>42.7</ele><time>2026-08-02T14:44:20Z</time></trkpt><trkpt lat="60.278952" lon="25.061655"><ele>42.9</ele><time>2026-08-02T14:44:21Z</time></trkpt><trkpt lat="60.278952" lon="25.061733"><ele>43.0</ele><time>2026-08-02T14:44:22Z</time></trkpt><trkpt lat="60.27895" lon="25.0618"><ele>43.2</ele><time>2026-08-02T14:44:23Z</time></trkpt><trkpt lat="60.278943" lon="25.061865"><ele>43.3</ele><time>2026-08-02T14:44:24Z</time></trkpt><trkpt lat="60.27894" lon="25.06194"><ele>43.6</ele><time>2026-08-02T14:44:26Z</time></trkpt><trkpt lat="60.278935" lon="25.062012"><ele>43.8</ele><time>2026-08-02T14:44:27Z</time><extensions><gpxtpx:TrackPointExtension><gpxtpx:hr>156</gpxtpx:hr></gpxtpx:TrackPointExtension></extensions></trkpt><trkpt lat="60.278932" lon="25.062083"><ele>43.9</ele><time>2026-08-02T14:44:28Z</time><extensions><gpxtpx:TrackPointExtension><gpxtpx:hr>156</gpxtpx:hr></gpxtpx:TrackPointExtension></extensions></trkpt><trkpt lat="60.278927" lon="25.06216"><ele>44.0</ele><time>2026-08-02T14:44:29Z</time></trkpt><trkpt lat="60.278917" lon="25.062233"><ele>44.0</ele><time>2026-08-02T14:44:30Z</time></trkpt><trkpt lat="60.278905" lon="25.062305"><ele>44.3</ele><time>2026-08-02T14:44:31Z</time></trkpt><trkpt lat="60.278895" lon="25.062378"><ele>44.5</ele><time>2026-08-02T14:44:32Z</time></trkpt><trkpt lat="60.278887" lon="25.062453"><ele>44.7</ele><time>2026-08-02T14:44:33Z</time></trkpt><trkpt lat="60.27887" lon="25.062525"><ele>44.9</ele><time>2026-08-02T14:44:34Z</time></trkpt><trkpt lat="60.278857" lon="25.062598"><ele>45.0</ele><time>2026-08-02T14:44:35Z</time></trkpt><trkpt lat="60.278847" lon="25.062667"><ele>45.1</ele><time>2026-08-02T14:44:36Z</time><extensions><gpxtpx:TrackPointExtension><gpxtpx:hr>155</gpxtpx:hr></gpxtpx:TrackPointExtension></extensions></trkpt><trkpt lat="60.278827" lon="25.062725"><ele>45.3</ele><time>2026-08-02T14:44:37Z</time></trkpt><trkpt lat="60.27881" lon="25.062787"><ele>45.6</ele><time>2026-08-02T14:44:38Z</time></trkpt><trkpt lat="60.278797" lon="25.062855"><ele>45.7</ele><time>2026-08-02T14:44:39Z</time></trkpt><trkpt lat="60.278782" lon="25.062925"><ele>45.9</ele><time>2026-08-02T14:44:40Z</time></trkpt><trkpt lat="60.278765" lon="25.062987"><ele>46.2</ele><time>2026-08-02T14:44:41Z</time></trkpt><trkpt lat="60.27875" lon="25.063047"><ele>46.4</ele><time>2026-08-02T14:44:42Z</time><extensions><gpxtpx:TrackPointExtension><gpxtpx:hr>150</gpxtpx:hr></gpxtpx:TrackPointExtension></extensions></trkpt><trkpt lat="60.278735" lon="25.06311"><ele>46.5</ele><time>2026-08-02T14:44:43Z</time><extensions><gpxtpx:TrackPointExtension><gpxtpx:hr>151</gpxtpx:hr></gpxtpx:TrackPointExtension></extensions></trkpt><trkpt lat="60.278715" lon="25.063175"><ele>46.7</ele><time>2026-08-02T14:44:44Z</time></trkpt><trkpt lat="60.278703" lon="25.063252"><ele>46.9</ele><time>2026-08-02T14:44:45Z</time></trkpt><trkpt lat="60.278688" lon="25.063323"><ele>46.9</ele><time>2026-08-02T14:44:46Z</time></trkpt><trkpt lat="60.278678" lon="25.063398"><ele>47.1</ele><time>2026-08-02T14:44:47Z</time></trkpt><trkpt lat="60.278665" lon="25.06347"><ele>47.3</ele><time>2026-08-02T14:44:48Z</time><extensions><gpxtpx:TrackPointExtension><gpxtpx:hr>150</gpxtpx:hr></gpxtpx:TrackPointExtension></extensions></trkpt><trkpt lat="60.278653" lon="25.063542"><ele>47.5</ele><time>2026-08-02T14:44:49Z</time></trkpt><trkpt lat="60.278642" lon="25.063613"><ele>47.7</ele><time>2026-08-02T14:44:50Z</time></trkpt><trkpt lat="60.278637" lon="25.063687"><ele>47.9</ele><time>2026-08-02T14:44:51Z</time></trkpt><trkpt lat="60.278628" lon="25.06376"><ele>48.0</ele><time>2026-08-02T14:44:52Z</time></trkpt><trkpt lat="60.278622" lon="25.063833"><ele>48.2</ele><time>2026-08-02T14:44:53Z</time><extensions><gpxtpx:TrackPointExtension><gpxtpx:hr>150</gpxtpx:hr></gpxtpx:TrackPointExtension></extensions></trkpt><trkpt lat="60.278615" lon="25.063905"><ele>48.3</ele><time>2026-08-02T14:44:54Z</time></trkpt><trkpt lat="60.27861" lon="25.063985"><ele>48.4</ele><time>2026-08-02T14:44:55Z</time></trkpt><trkpt lat="60.278607" lon="25.064063"><ele>48.5</ele><time>2026-08-02T14:44:56Z</time></trkpt><trkpt lat="60.278602" lon="25.064142"><ele>48.7</ele><time>2026-08-02T14:44:57Z</time></trkpt><trkpt lat="60.278598" lon="25.064225"><ele>48.8</ele><time>2026-08-02T14:44:58Z</time></trkpt><trkpt lat="60.278592" lon="25.0643"><ele>48.9</ele><time>2026-08-02T14:44:59Z</time></trkpt><trkpt lat="60.278582" lon="25.064378"><ele>49.1</ele><time>2026-08-02T14:45:00Z</time></trkpt><trkpt lat="60.278582" lon="25.064458"><ele>49.2</ele><time>2026-08-02T14:45:01Z</time><extensions><gpxtpx:TrackPointExtension><gpxtpx:hr>147</gpxtpx:hr></gpxtpx:TrackPointExtension></extensions></trkpt><trkpt lat="60.278578" lon="25.064537"><ele>49.2</ele><time>2026-08-02T14:45:02Z</time></trkpt><trkpt lat="60.278573" lon="25.06462"><ele>49.3</ele><time>2026-08-02T14:45:03Z</time></trkpt><trkpt lat="60.278572" lon="25.064705"><ele>49.5</ele><time>2026-08-02T14:45:04Z</time></trkpt><trkpt lat="60.278567" lon="25.064787"><ele>49.6</ele><time>2026-08-02T14:45:05Z</time></trkpt><trkpt lat="60.278563" lon="25.064867"><ele>49.7</ele><time>2026-08-02T14:45:06Z</time></trkpt><trkpt lat="60.278558" lon="25.064952"><ele>49.9</ele><time>2026-08-02T14:45:07Z</time><extensions><gpxtpx:TrackPointExtension><gpxtpx:hr>146</gpxtpx:hr></gpxtpx:TrackPointExtension></extensions></trkpt><trkpt lat="60.278553" lon="25.065037"><ele>49.9</ele><time>2026-08-02T14:45:08Z</time></trkpt><trkpt lat="60.278548" lon="25.065118"><ele>50.0</ele><time>2026-08-02T14:45:09Z</time></trkpt><trkpt lat="60.278595" lon="25.065768"><ele>49.0</ele><time>2026-08-02T14:45:16Z</time><extensions><gpxtpx:TrackPointExtension><gpxtpx:hr>149</gpxtpx:hr></gpxtpx:TrackPointExtension></extensions></trkpt><trkpt lat="60.278595" lon="25.065768"><ele>49.0</ele><time>2026-08-02T14:45:13Z</time><extensions><gpxtpx:TrackPointExtension><gpxtpx:hr>151</gpxtpx:hr></gpxtpx:TrackPointExtension></extensions></trkpt><trkpt lat="60.278572" lon="25.065862"><ele>49.0</ele><time>2026-08-02T14:45:17Z</time></trkpt><trkpt lat="60.278507" lon="25.065933"><ele>49.2</ele><time>2026-08-02T14:45:18Z</time></trkpt><trkpt lat="60.278467" lon="25.066008"><ele>49.3</ele><time>2026-08-02T14:45:19Z</time><extensions><gpxtpx:TrackPointExtension><gpxtpx:hr>152</gpxtpx:hr></gpxtpx:TrackPointExtension></extensions></trkpt><trkpt lat="60.278442" lon="25.066082"><ele>49.0</ele><time>2026-08-02T14:45:20Z</time></trkpt><trkpt lat="60.278418" lon="25.06619"><ele>50.0</ele><time>2026-08-02T14:45:21Z</time></trkpt><trkpt lat="60.278398" lon="25.06627"><ele>50.6</ele><time>2026-08-02T14:45:22Z</time></trkpt><trkpt lat="60.278365" lon="25.06638"><ele>51.0</ele><time>2026-08-02T14:45:23Z</time><extensions><gpxtpx:TrackPointExtension><gpxtpx:hr>153</gpxtpx:hr></gpxtpx:TrackPointExtension></extensions></trkpt><trkpt lat="60.27834" lon="25.066475"><ele>51.0</ele><time>2026-08-02T14:45:24Z</time></trkpt><trkpt lat="60.278322" lon="25.066565"><ele>51.2</ele><time>2026-08-02T14:45:25Z</time></trkpt><trkpt lat="60.278307" lon="25.066652"><ele>51.2</ele><time>2026-08-02T14:45:26Z</time></trkpt><trkpt lat="60.278287" lon="25.066747"><ele>51.3</ele><time>2026-08-02T14:45:27Z</time></trkpt><trkpt lat="60.278268" lon="25.066835"><ele>51.4</ele><time>2026-08-02T14:45:28Z</time></trkpt><trkpt lat="60.278252" lon="25.06692"><ele>51.4</ele><time>2026-08-02T14:45:29Z</time><extensions><gpxtpx:TrackPointExtension><gpxtpx:hr>152</gpxtpx:hr></gpxtpx:TrackPointExtension></extensions></trkpt><trkpt lat="60.278235" lon="25.067002"><ele>52.0</ele><time>2026-08-02T14:45:30Z</time></trkpt><trkpt lat="60.278215" lon="25.067082"><ele>52.2</ele><time>2026-08-02T14:45:31Z</time></trkpt><trkpt lat="60.278198" lon="25.06717"><ele>52.5</ele><time>2026-08-02T14:45:32Z</time></trkpt><trkpt lat="60.278182" lon="25.067262"><ele>52.6</ele><time>2026-08-02T14:45:33Z</time></trkpt><trkpt lat="60.278168" lon="25.067357"><ele>52.9</ele><time>2026-08-02T14:45:34Z</time></trkpt><trkpt lat="60.278153" lon="25.067455"><ele>53.0</ele><time>2026-08-02T14:45:35Z</time></trkpt><trkpt lat="60.278138" lon="25.067547"><ele>53.0</ele><time>2026-08-02T14:45:36Z</time><extensions><gpxtpx:TrackPointExtension><gpxtpx:hr>149</gpxtpx:hr></gpxtpx:TrackPointExtension></extensions></trkpt><trkpt lat="60.278128" lon="25.067642"><ele>53.2</ele><time>2026-08-02T14:45:37Z</time><extensions><gpxtpx:TrackPointExtension><gpxtpx:hr>148</gpxtpx:hr></gpxtpx:TrackPointExtension></extensions></trkpt><trkpt lat="60.278115" lon="25.067733"><ele>53.2</ele><time>2026-08-02T14:45:38Z</time></trkpt><trkpt lat="60.278102" lon="25.067823"><ele>53.1</ele><time>2026-08-02T14:45:39Z</time></trkpt><trkpt lat="60.27809" lon="25.067908"><ele>53.0</ele><time>2026-08-02T14:45:40Z</time></trkpt><trkpt lat="60.278075" lon="25.068005"><ele>53.1</ele><time>2026-08-02T14:45:41Z</time></trkpt><trkpt lat="60.278063" lon="25.068108"><ele>53.1</ele><time>2026-08-02T14:45:42Z</time></trkpt><trkpt lat="60.27805" lon="25.06821"><ele>53.1</ele><time>2026-08-02T14:45:43Z</time></trkpt><trkpt lat="60.27804" lon="25.06831"><ele>53.1</ele><time>2026-08-02T14:45:44Z</time></trkpt><trkpt lat="60.27803" lon="25.068417"><ele>53.1</ele><time>2026-08-02T14:45:45Z</time></trkpt><trkpt lat="60.278035" lon="25.068515"><ele>53.1</ele><time>2026-08-02T14:45:46Z</time><extensions><gpxtpx:TrackPointExtension><gpxtpx:hr>142</gpxtpx:hr></gpxtpx:TrackPointExtension></extensions></trkpt><trkpt lat="60.278025" lon="25.068615"><ele>53.2</ele><time>2026-08-02T14:45:47Z</time></trkpt><trkpt lat="60.278013" lon="25.06871"><ele>52.9</ele><time>2026-08-02T14:45:48Z</time></trkpt><trkpt lat="60.278003" lon="25.068818"><ele>52.8</ele><time>2026-08-02T14:45:49Z</time></trkpt><trkpt lat="60.277995" lon="25.068928"><ele>52.7</ele><time>2026-08-02T14:45:50Z</time><extensions><gpxtpx:TrackPointExtension><gpxtpx:hr>141</gpxtpx:hr></gpxtpx:TrackPointExtension></extensions></trkpt><trkpt lat="60.277987" lon="25.069043"><ele>52.6</ele><time>2026-08-02T14:45:51Z</time></trkpt><trkpt lat="60.277983" lon="25.069157"><ele>52.6</ele><time>2026-08-02T14:45:52Z</time></trkpt><trkpt lat="60.277972" lon="25.06927"><ele>52.6</ele><time>2026-08-02T14:45:53Z</time><extensions><gpxtpx:TrackPointExtension><gpxtpx:hr>140</gpxtpx:hr></gpxtpx:TrackPointExtension></extensions></trkpt><trkpt lat="60.277963" lon="25.069382"><ele>52.4</ele><time>2026-08-02T14:45:54Z</time></trkpt><trkpt lat="60.277957" lon="25.069495"><ele>52.3</ele><time>2026-08-02T14:45:55Z</time></trkpt><trkpt lat="60.277952" lon="25.069612"><ele>52.2</ele><time>2026-08-02T14:45:56Z</time></trkpt><trkpt lat="60.277945" lon="25.069732"><ele>52.2</ele><time>2026-08-02T14:45:57Z</time></trkpt><trkpt lat="60.277942" lon="25.069855"><ele>52.1</ele><time>2026-08-02T14:45:58Z</time></trkpt><trkpt lat="60.277942" lon="25.069975"><ele>52.1</ele><time>2026-08-02T14:45:59Z</time></trkpt><trkpt lat="60.277945" lon="25.070098"><ele>52.0</ele><time>2026-08-02T14:46:00Z</time><extensions><gpxtpx:TrackPointExtension><gpxtpx:hr>135</gpxtpx:hr></gpxtpx:TrackPointExtension></extensions></trkpt><trkpt lat="60.277942" lon="25.070218"><ele>51.8</ele><time>2026-08-02T14:46:01Z</time></trkpt><trkpt lat="60.277938" lon="25.07034"><ele>51.8</ele><time>2026-08-02T14:46:02Z</time></trkpt><trkpt lat="60.277937" lon="25.070463"><ele>51.6</ele><time>2026-08-02T14:46:03Z</time></trkpt><trkpt lat="60.277935" lon="25.070585"><ele>51.5</ele><time>2026-08-02T14:46:04Z</time><extensions><gpxtpx:TrackPointExtension><gpxtpx:hr>134</gpxtpx:hr></gpxtpx:TrackPointExtension></extensions></trkpt><trkpt lat="60.27793" lon="25.070713"><ele>51.4</ele><time>2026-08-02T14:46:05Z</time></trkpt><trkpt lat="60.277927" lon="25.07084"><ele>51.3</ele><time>2026-08-02T14:46:06Z</time></trkpt><trkpt lat="60.277927" lon="25.070967"><ele>51.2</ele><time>2026-08-02T14:46:07Z</time><extensions><gpxtpx:TrackPointExtension><gpxtpx:hr>133</gpxtpx:hr></gpxtpx:TrackPointExtension></extensions></trkpt><trkpt lat="60.277923" lon="25.071093"><ele>51.1</ele><time>2026-08-02T14:46:08Z</time></trkpt><trkpt lat="60.277928" lon="25.07224"><ele>50.1</ele><time>2026-08-02T14:46:16Z</time><extensions><gpxtpx:TrackPointExtension><gpxtpx:hr>128</gpxtpx:hr></gpxtpx:TrackPointExtension></extensions></trkpt><trkpt lat="60.27782" lon="25.072733"><ele>46.7</ele><time>2026-08-02T14:46:20Z</time><extensions><gpxtpx:TrackPointExtension><gpxtpx:hr>124</gpxtpx:hr></gpxtpx:TrackPointExtension></extensions></trkpt><trkpt lat="60.277802" lon="25.072882"><ele>52.4</ele><time>2026-08-02T14:46:21Z</time></trkpt><trkpt lat="60.27778" lon="25.072975"><ele>51.0</ele><time>2026-08-02T14:46:22Z</time></trkpt><trkpt lat="60.27777" lon="25.073145"><ele>52.7</ele><time>2026-08-02T14:46:23Z</time></trkpt><trkpt lat="60.277752" lon="25.073305"><ele>52.2</ele><time>2026-08-02T14:46:24Z</time><extensions><gpxtpx:TrackPointExtension><gpxtpx:hr>124</gpxtpx:hr></gpxtpx:TrackPointExtension></extensions></trkpt><trkpt lat="60.277733" lon="25.07347"><ele>51.4</ele><time>2026-08-02T14:46:25Z</time></trkpt><trkpt lat="60.277717" lon="25.073635"><ele>50.7</ele><time>2026-08-02T14:46:26Z</time></trkpt><trkpt lat="60.277698" lon="25.073798"><ele>50.2</ele><time>2026-08-02T14:46:27Z</time></trkpt><trkpt lat="60.277678" lon="25.073965"><ele>49.6</ele><time>2026-08-02T14:46:28Z</time></trkpt><trkpt lat="60.277657" lon="25.074128"><ele>49.6</ele><time>2026-08-02T14:46:29Z</time></trkpt><trkpt lat="60.277632" lon="25.074308"><ele>49.0</ele><time>2026-08-02T14:46:30Z</time></trkpt><trkpt lat="60.277608" lon="25.074483"><ele>48.5</ele><time>2026-08-02T14:46:31Z</time></trkpt><trkpt lat="60.277585" lon="25.074653"><ele>48.3</ele><time>2026-08-02T14:46:32Z</time><extensions><gpxtpx:TrackPointExtension><gpxtpx:hr>118</gpxtpx:hr></gpxtpx:TrackPointExtension></extensions></trkpt><trkpt lat="60.277562" lon="25.074823"><ele>48.3</ele><time>2026-08-02T14:46:33Z</time><extensions><gpxtpx:TrackPointExtension><gpxtpx:hr>116</gpxtpx:hr></gpxtpx:TrackPointExtension></extensions></trkpt><trkpt lat="60.277535" lon="25.074993"><ele>47.6</ele><time>2026-08-02T14:46:34Z</time></trkpt><trkpt lat="60.277503" lon="25.075182"><ele>46.5</ele><time>2026-08-02T14:46:35Z</time></trkpt><trkpt lat="60.277473" lon="25.075363"><ele>46.0</ele><time>2026-08-02T14:46:36Z</time></trkpt><trkpt lat="60.277438" lon="25.075545"><ele>45.3</ele><time>2026-08-02T14:46:37Z</time></trkpt><trkpt lat="60.277402" lon="25.075728"><ele>44.8</ele><time>2026-08-02T14:46:38Z</time></trkpt><trkpt lat="60.277363" lon="25.07591"><ele>44.5</ele><time>2026-08-02T14:46:39Z</time></trkpt><trkpt lat="60.277323" lon="25.07609"><ele>44.2</ele><time>2026-08-02T14:46:40Z</time></trkpt><trkpt lat="60.277287" lon="25.07627"><ele>43.8</ele><time>2026-08-02T14:46:41Z</time></trkpt><trkpt lat="60.277245" lon="25.076443"><ele>43.8</ele><time>2026-08-02T14:46:42Z</time><extensions><gpxtpx:TrackPointExtension><gpxtpx:hr>115</gpxtpx:hr></gpxtpx:TrackPointExtension></extensions></trkpt><trkpt lat="60.277205" lon="25.076612"><ele>43.4</ele><time>2026-08-02T14:46:43Z</time><extensions><gpxtpx:TrackPointExtension><gpxtpx:hr>116</gpxtpx:hr></gpxtpx:TrackPointExtension></extensions></trkpt><trkpt lat="60.277165" lon="25.076777"><ele>43.2</ele><time>2026-08-02T14:46:44Z</time></trkpt><trkpt lat="60.27712" lon="25.076937"><ele>42.9</ele><time>2026-08-02T14:46:45Z</time></trkpt><trkpt lat="60.277077" lon="25.077097"><ele>42.6</ele><time>2026-08-02T14:46:46Z</time></trkpt><trkpt lat="60.277032" lon="25.077257"><ele>42.4</ele><time>2026-08-02T14:46:47Z</time></trkpt><trkpt lat="60.276985" lon="25.077408"><ele>42.2</ele><time>2026-08-02T14:46:48Z</time></trkpt><trkpt lat="60.27692" lon="25.077527"><ele>34.4</ele><time>2026-08-02T14:46:49Z</time></trkpt><trkpt lat="60.276872" lon="25.077667"><ele>33.5</ele><time>2026-08-02T14:46:50Z</time></trkpt><trkpt lat="60.276827" lon="25.077795"><ele>33.1</ele><time>2026-08-02T14:46:51Z</time></trkpt><trkpt lat="60.276778" lon="25.077918"><ele>33.6</ele><time>2026-08-02T14:46:52Z</time><extensions><gpxtpx:TrackPointExtension><gpxtpx:hr>108</gpxtpx:hr></gpxtpx:TrackPointExtension></extensions></trkpt><trkpt lat="60.276743" lon="25.078025"><ele>34.1</ele><time>2026-08-02T14:46:53Z</time><extensions><gpxtpx:TrackPointExtension><gpxtpx:hr>108</gpxtpx:hr></gpxtpx:TrackPointExtension></extensions></trkpt><trkpt lat="60.276707" lon="25.07811"><ele>34.6</ele><time>2026-08-02T14:46:54Z</time></trkpt><trkpt lat="60.276678" lon="25.078185"><ele>34.2</ele><time>2026-08-02T14:46:55Z</time></trkpt><trkpt lat="60.276657" lon="25.078217"><ele>34.1</ele><time>2026-08-02T14:46:56Z</time></trkpt><trkpt lat="60.276637" lon="25.078237"><ele>34.1</ele><time>2026-08-02T14:46:57Z</time></trkpt><trkpt lat="60.276585" lon="25.078233"><ele>33.8</ele><time>2026-08-02T14:46:58Z</time><extensions><gpxtpx:TrackPointExtension><gpxtpx:hr>110</gpxtpx:hr></gpxtpx:TrackPointExtension></extensions></trkpt><trkpt lat="60.27653" lon="25.078187"><ele>33.5</ele><time>2026-08-02T14:46:58Z</time></trkpt><trkpt lat="60.276482" lon="25.07813"><ele>33.3</ele><time>2026-08-02T14:46:59Z</time></trkpt><trkpt lat="60.276438" lon="25.07809"><ele>33.2</ele><time>2026-08-02T14:47:00Z</time></trkpt><trkpt lat="60.27639" lon="25.07803"><ele>32.7</ele><time>2026-08-02T14:47:01Z</time></trkpt><trkpt lat="60.276347" lon="25.077967"><ele>33.4</ele><time>2026-08-02T14:47:02Z</time><extensions><gpxtpx:TrackPointExtension><gpxtpx:hr>110</gpxtpx:hr></gpxtpx:TrackPointExtension></extensions></trkpt><trkpt lat="60.276298" lon="25.077893"><ele>32.6</ele><time>2026-08-02T14:47:03Z</time></trkpt><trkpt lat="60.276252" lon="25.077835"><ele>33.5</ele><time>2026-08-02T14:47:04Z</time></trkpt><trkpt lat="60.276203" lon="25.077772"><ele>32.6</ele><time>2026-08-02T14:47:05Z</time></trkpt><trkpt lat="60.276158" lon="25.07768"><ele>31.3</ele><time>2026-08-02T14:47:06Z</time></trkpt><trkpt lat="60.276117" lon="25.077607"><ele>32.6</ele><time>2026-08-02T14:47:07Z</time></trkpt><trkpt lat="60.276072" lon="25.077533"><ele>32.2</ele><time>2026-08-02T14:47:08Z</time></trkpt><trkpt lat="60.276032" lon="25.077455"><ele>32.5</ele><time>2026-08-02T14:47:09Z</time></trkpt><trkpt lat="60.275983" lon="25.077383"><ele>31.4</ele><time>2026-08-02T14:47:10Z</time></trkpt><trkpt lat="60.275935" lon="25.0773"><ele>30.6</ele><time>2026-08-02T14:47:11Z</time><extensions><gpxtpx:TrackPointExtension><gpxtpx:hr>116</gpxtpx:hr></gpxtpx:TrackPointExtension></extensions></trkpt><trkpt lat="60.275885" lon="25.077217"><ele>30.5</ele><time>2026-08-02T14:47:12Z</time></trkpt><trkpt lat="60.275833" lon="25.077142"><ele>30.5</ele><time>2026-08-02T14:47:13Z</time></trkpt><trkpt lat="60.275772" lon="25.077072"><ele>30.1</ele><time>2026-08-02T14:47:14Z</time></trkpt><trkpt lat="60.27571" lon="25.077003"><ele>29.8</ele><time>2026-08-02T14:47:15Z</time><extensions><gpxtpx:TrackPointExtension><gpxtpx:hr>114</gpxtpx:hr></gpxtpx:TrackPointExtension></extensions></trkpt><trkpt lat="60.275645" lon="25.076942"><ele>29.4</ele><time>2026-08-02T14:47:16Z</time></trkpt><trkpt lat="60.275575" lon="25.076895"><ele>29.3</ele><time>2026-08-02T14:47:17Z</time><extensions><gpxtpx:TrackPointExtension><gpxtpx:hr>114</gpxtpx:hr></gpxtpx:TrackPointExtension></extensions></trkpt><trkpt lat="60.275503" lon="25.076848"><ele>29.1</ele><time>2026-08-02T14:47:18Z</time></trkpt><trkpt lat="60.275427" lon="25.07681"><ele>28.9</ele><time>2026-08-02T14:47:19Z</time></trkpt><trkpt lat="60.275355" lon="25.076777"><ele>29.4</ele><time>2026-08-02T14:47:20Z</time></trkpt><trkpt lat="60.275297" lon="25.076758"><ele>30.1</ele><time>2026-08-02T14:47:21Z</time></trkpt><trkpt lat="60.275245" lon="25.076745"><ele>30.3</ele><time>2026-08-02T14:47:22Z</time></trkpt><trkpt lat="60.275198" lon="25.076772"><ele>31.0</ele><time>2026-08-02T14:47:23Z</time></trkpt><trkpt lat="60.275152" lon="25.076823"><ele>31.7</ele><time>2026-08-02T14:47:24Z</time></trkpt><trkpt lat="60.275103" lon="25.076868"><ele>31.9</ele><time>2026-08-02T14:47:25Z</time><extensions><gpxtpx:TrackPointExtension><gpxtpx:hr>112</gpxtpx:hr></gpxtpx:TrackPointExtension></extensions></trkpt><trkpt lat="60.275053" lon="25.076902"><ele>33.0</ele><time>2026-08-02T14:47:26Z</time></trkpt><trkpt lat="60.27501" lon="25.076932"><ele>32.6</ele><time>2026-08-02T14:47:27Z</time><extensions><gpxtpx:TrackPointExtension><gpxtpx:hr>112</gpxtpx:hr></gpxtpx:TrackPointExtension></extensions></trkpt><trkpt lat="60.274968" lon="25.076967"><ele>32.9</ele><time>2026-08-02T14:47:28Z</time></trkpt><trkpt lat="60.274923" lon="25.077018"><ele>33.1</ele><time>2026-08-02T14:47:29Z</time></trkpt><trkpt lat="60.274873" lon="25.077067"><ele>33.0</ele><time>2026-08-02T14:47:30Z</time></trkpt><trkpt lat="60.274822" lon="25.077095"><ele>32.8</ele><time>2026-08-02T14:47:31Z</time></trkpt><trkpt lat="60.274768" lon="25.077123"><ele>32.4</ele><time>2026-08-02T14:47:32Z</time></trkpt><trkpt lat="60.274718" lon="25.07714"><ele>32.3</ele><time>2026-08-02T14:47:33Z</time></trkpt><trkpt lat="60.274663" lon="25.07713"><ele>32.0</ele><time>2026-08-02T14:47:34Z</time></trkpt><trkpt lat="60.274607" lon="25.077098"><ele>31.9</ele><time>2026-08-02T14:47:35Z</time><extensions><gpxtpx:TrackPointExtension><gpxtpx:hr>112</gpxtpx:hr></gpxtpx:TrackPointExtension></extensions></trkpt><trkpt lat="60.274552" lon="25.07705"><ele>31.3</ele><time>2026-08-02T14:47:36Z</time></trkpt><trkpt lat="60.2745" lon="25.077"><ele>31.3</ele><time>2026-08-02T14:47:37Z</time></trkpt><trkpt lat="60.274448" lon="25.07696"><ele>31.9</ele><time>2026-08-02T14:47:38Z</time></trkpt><trkpt lat="60.274398" lon="25.076927"><ele>32.3</ele><time>2026-08-02T14:47:39Z</time></trkpt><trkpt lat="60.274345" lon="25.07689"><ele>31.8</ele><time>2026-08-02T14:47:40Z</time></trkpt><trkpt lat="60.27429" lon="25.076848"><ele>32.0</ele><time>2026-08-02T14:47:41Z</time><extensions><gpxtpx:TrackPointExtension><gpxtpx:hr>112</gpxtpx:hr></gpxtpx:TrackPointExtension></extensions></trkpt><trkpt lat="60.274237" lon="25.0768"><ele>32.6</ele><time>2026-08-02T14:47:42Z</time><extensions><gpxtpx:TrackPointExtension><gpxtpx:hr>113</gpxtpx:hr></gpxtpx:TrackPointExtension></extensions></trkpt><trkpt lat="60.274187" lon="25.07674"><ele>32.6</ele><time>2026-08-02T14:47:43Z</time></trkpt><trkpt lat="60.27414" lon="25.076688"><ele>33.0</ele><time>2026-08-02T14:47:44Z</time></trkpt><trkpt lat="60.274097" lon="25.076643"><ele>32.9</ele><time>2026-08-02T14:47:45Z</time></trkpt><trkpt lat="60.274052" lon="25.076592"><ele>33.0</ele><time>2026-08-02T14:47:46Z</time></trkpt><trkpt lat="60.274005" lon="25.076533"><ele>33.1</ele><time>2026-08-02T14:47:47Z</time><extensions><gpxtpx:TrackPointExtension><gpxtpx:hr>117</gpxtpx:hr></gpxtpx:TrackPointExtension></extensions></trkpt><trkpt lat="60.27396" lon="25.076485"><ele>33.8</ele><time>2026-08-02T14:47:48Z</time></trkpt><trkpt lat="60.273917" lon="25.076428"><ele>34.0</ele><time>2026-08-02T14:47:49Z</time></trkpt><trkpt lat="60.273875" lon="25.076385"><ele>34.3</ele><time>2026-08-02T14:47:50Z</time></trkpt><trkpt lat="60.27383" lon="25.076335"><ele>35.0</ele><time>2026-08-02T14:47:51Z</time></trkpt><trkpt lat="60.273787" lon="25.07629"><ele>35.1</ele><time>2026-08-02T14:47:53Z</time></trkpt><trkpt lat="60.273745" lon="25.076247"><ele>35.2</ele><time>2026-08-02T14:47:53Z</time></trkpt><trkpt lat="60.273698" lon="25.076197"><ele>35.6</ele><time>2026-08-02T14:47:55Z</time></trkpt><trkpt lat="60.273657" lon="25.076143"><ele>35.6</ele><time>2026-08-02T14:47:56Z</time></trkpt><trkpt lat="60.273617" lon="25.07609"><ele>36.0</ele><time>2026-08-02T14:47:57Z</time><extensions><gpxtpx:TrackPointExtension><gpxtpx:hr>131</gpxtpx:hr></gpxtpx:TrackPointExtension></extensions></trkpt><trkpt lat="60.273572" lon="25.076045"><ele>35.8</ele><time>2026-08-02T14:47:58Z</time><extensions><gpxtpx:TrackPointExtension><gpxtpx:hr>134</gpxtpx:hr></gpxtpx:TrackPointExtension></extensions></trkpt><trkpt lat="60.273538" lon="25.075998"><ele>36.0</ele><time>2026-08-02T14:47:59Z</time></trkpt><trkpt lat="60.273503" lon="25.075952"><ele>35.0</ele><time>2026-08-02T14:48:00Z</time></trkpt><trkpt lat="60.27346" lon="25.07591"><ele>35.7</ele><time>2026-08-02T14:48:01Z</time></trkpt><trkpt lat="60.273418" lon="25.075865"><ele>35.3</ele><time>2026-08-02T14:48:02Z</time></trkpt><trkpt lat="60.273375" lon="25.07582"><ele>35.9</ele><time>2026-08-02T14:48:03Z</time></trkpt><trkpt lat="60.273332" lon="25.07578"><ele>35.0</ele><time>2026-08-02T14:48:04Z</time></trkpt><trkpt lat="60.273287" lon="25.07573"><ele>35.9</ele><time>2026-08-02T14:48:05Z</time></trkpt><trkpt lat="60.273242" lon="25.075682"><ele>35.8</ele><time>2026-08-02T14:48:06Z</time></trkpt><trkpt lat="60.273197" lon="25.075628"><ele>35.1</ele><time>2026-08-02T14:48:07Z</time><extensions><gpxtpx:TrackPointExtension><gpxtpx:hr>144</gpxtpx:hr></gpxtpx:TrackPointExtension></extensions></trkpt><trkpt lat="60.27315" lon="25.075578"><ele>35.0</ele><time>2026-08-02T14:48:08Z</time></trkpt><trkpt lat="60.2731" lon="25.075532"><ele>35.3</ele><time>2026-08-02T14:48:09Z</time></trkpt><trkpt lat="60.27305" lon="25.0755"><ele>35.5</ele><time>2026-08-02T14:48:10Z</time></trkpt><trkpt lat="60.273002" lon="25.075457"><ele>36.0</ele><time>2026-08-02T14:48:11Z</time></trkpt><trkpt lat="60.272955" lon="25.075412"><ele>36.2</ele><time>2026-08-02T14:48:12Z</time><extensions><gpxtpx:TrackPointExtension><gpxtpx:hr>139</gpxtpx:hr></gpxtpx:TrackPointExtension></extensions></trkpt><trkpt lat="60.272907" lon="25.075377"><ele>36.5</ele><time>2026-08-02T14:48:13Z</time></trkpt><trkpt lat="60.272855" lon="25.075332"><ele>36.7</ele><time>2026-08-02T14:48:14Z</time><extensions><gpxtpx:TrackPointExtension><gpxtpx:hr>138</gpxtpx:hr></gpxtpx:TrackPointExtension></extensions></trkpt><trkpt lat="60.272803" lon="25.075295"><ele>36.4</ele><time>2026-08-02T14:48:15Z</time></trkpt><trkpt lat="60.272753" lon="25.075258"><ele>36.6</ele><time>2026-08-02T14:48:16Z</time></trkpt><trkpt lat="60.2727" lon="25.075215"><ele>36.5</ele><time>2026-08-02T14:48:16Z</time></trkpt><trkpt lat="60.272657" lon="25.075183"><ele>36.6</ele><time>2026-08-02T14:48:17Z</time><extensions><gpxtpx:TrackPointExtension><gpxtpx:hr>138</gpxtpx:hr></gpxtpx:TrackPointExtension></extensions></trkpt><trkpt lat="60.272613" lon="25.07515"><ele>36.4</ele><time>2026-08-02T14:48:18Z</time></trkpt><trkpt lat="60.272567" lon="25.07512"><ele>36.6</ele><time>2026-08-02T14:48:19Z</time></trkpt><trkpt lat="60.27252" lon="25.075088"><ele>36.7</ele><time>2026-08-02T14:48:20Z</time></trkpt><trkpt lat="60.272477" lon="25.07506"><ele>36.4</ele><time>2026-08-02T14:48:21Z</time></trkpt><trkpt lat="60.27243" lon="25.075028"><ele>36.1</ele><time>2026-08-02T14:48:22Z</time><extensions><gpxtpx:TrackPointExtension><gpxtpx:hr>136</gpxtpx:hr></gpxtpx:TrackPointExtension></extensions></trkpt><trkpt lat="60.27238" lon="25.074993"><ele>35.4</ele><time>2026-08-02T14:48:23Z</time></trkpt><trkpt lat="60.272322" lon="25.074953"><ele>34.8</ele><time>2026-08-02T14:48:25Z</time></trkpt><trkpt lat="60.272263" lon="25.074903"><ele>34.7</ele><time>2026-08-02T14:48:26Z</time></trkpt><trkpt lat="60.272207" lon="25.074855"><ele>34.6</ele><time>2026-08-02T14:48:27Z</time></trkpt><trkpt lat="60.272152" lon="25.07482"><ele>34.7</ele><time>2026-08-02T14:48:28Z</time></trkpt><trkpt lat="60.27209" lon="25.074777"><ele>34.6</ele><time>2026-08-02T14:48:29Z</time><extensions><gpxtpx:TrackPointExtension><gpxtpx:hr>134</gpxtpx:hr></gpxtpx:TrackPointExtension></extensions></trkpt><trkpt lat="60.272033" lon="25.07472"><ele>33.7</ele><time>2026-08-02T14:48:30Z</time></trkpt><trkpt lat="60.271972" lon="25.074662"><ele>33.5</ele><time>2026-08-02T14:48:31Z</time></trkpt><trkpt lat="60.271908" lon="25.0746"><ele>33.6</ele><time>2026-08-02T14:48:32Z</time></trkpt><trkpt lat="60.271848" lon="25.074517"><ele>33.7</ele><time>2026-08-02T14:48:33Z</time><extensions><gpxtpx:TrackPointExtension><gpxtpx:hr>133</gpxtpx:hr></gpxtpx:TrackPointExtension></extensions></trkpt><trkpt lat="60.27179" lon="25.074427"><ele>32.8</ele><time>2026-08-02T14:48:34Z</time></trkpt><trkpt lat="60.271737" lon="25.074322"><ele>32.7</ele><time>2026-08-02T14:48:35Z</time></trkpt><trkpt lat="60.271682" lon="25.074213"><ele>32.3</ele><time>2026-08-02T14:48:36Z</time></trkpt><trkpt lat="60.271628" lon="25.074118"><ele>32.1</ele><time>2026-08-02T14:48:37Z</time></trkpt><trkpt lat="60.271573" lon="25.074012"><ele>32.2</ele><time>2026-08-02T14:48:38Z</time><extensions><gpxtpx:TrackPointExtension><gpxtpx:hr>130</gpxtpx:hr></gpxtpx:TrackPointExtension></extensions></trkpt><trkpt lat="60.271518" lon="25.073918"><ele>32.2</ele><time>2026-08-02T14:48:39Z</time></trkpt><trkpt lat="60.270558" lon="25.073118"><ele>28.1</ele><time>2026-08-02T14:48:56Z</time><extensions><gpxtpx:TrackPointExtension><gpxtpx:hr>124</gpxtpx:hr></gpxtpx:TrackPointExtension></extensions></trkpt><trkpt lat="60.270558" lon="25.073118"><ele>28.1</ele><time>2026-08-02T14:48:47Z</time><extensions><gpxtpx:TrackPointExtension><gpxtpx:hr>125</gpxtpx:hr></gpxtpx:TrackPointExtension></extensions></trkpt><trkpt lat="60.270502" lon="25.073098"><ele>30.3</ele><time>2026-08-02T14:48:57Z</time><extensions><gpxtpx:TrackPointExtension><gpxtpx:hr>123</gpxtpx:hr></gpxtpx:TrackPointExtension></extensions></trkpt><trkpt lat="60.270467" lon="25.073082"><ele>31.2</ele><time>2026-08-02T14:48:57Z</time></trkpt><trkpt lat="60.270408" lon="25.073068"><ele>31.2</ele><time>2026-08-02T14:48:58Z</time></trkpt><trkpt lat="60.270362" lon="25.073055"><ele>30.7</ele><time>2026-08-02T14:48:59Z</time></trkpt><trkpt lat="60.270312" lon="25.07304"><ele>30.3</ele><time>2026-08-02T14:49:00Z</time></trkpt><trkpt lat="60.270267" lon="25.073007"><ele>30.0</ele><time>2026-08-02T14:49:01Z</time><extensions><gpxtpx:TrackPointExtension><gpxtpx:hr>127</gpxtpx:hr></gpxtpx:TrackPointExtension></extensions></trkpt><trkpt lat="60.27022" lon="25.07297"><ele>30.1</ele><time>2026-08-02T14:49:02Z</time><extensions><gpxtpx:TrackPointExtension><gpxtpx:hr>127</gpxtpx:hr></gpxtpx:TrackPointExtension></extensions></trkpt><trkpt lat="60.270188" lon="25.072912"><ele>30.6</ele><time>2026-08-02T14:49:03Z</time></trkpt><trkpt lat="60.270172" lon="25.072843"><ele>30.9</ele><time>2026-08-02T14:49:04Z</time></trkpt><trkpt lat="60.270158" lon="25.072798"><ele>30.9</ele><time>2026-08-02T14:49:05Z</time></trkpt><trkpt lat="60.27014" lon="25.072742"><ele>30.1</ele><time>2026-08-02T14:49:06Z</time></trkpt><trkpt lat="60.270105" lon="25.07272"><ele>30.5</ele><time>2026-08-02T14:49:08Z</time><extensions><gpxtpx:TrackPointExtension><gpxtpx:hr>127</gpxtpx:hr></gpxtpx:TrackPointExtension></extensions></trkpt><trkpt lat="60.270078" lon="25.072723"><ele>30.3</ele><time>2026-08-02T14:49:09Z</time></trkpt><trkpt lat="60.270053" lon="25.072735"><ele>31.4</ele><time>2026-08-02T14:49:10Z</time></trkpt><trkpt lat="60.270025" lon="25.072745"><ele>31.5</ele><time>2026-08-02T14:49:11Z</time></trkpt><trkpt lat="60.269997" lon="25.072763"><ele>32.2</ele><time>2026-08-02T14:49:12Z</time><extensions><gpxtpx:TrackPointExtension><gpxtpx:hr>126</gpxtpx:hr></gpxtpx:TrackPointExtension></extensions></trkpt><trkpt lat="60.269973" lon="25.072787"><ele>32.4</ele><time>2026-08-02T14:49:13Z</time></trkpt><trkpt lat="60.26995" lon="25.072807"><ele>32.6</ele><time>2026-08-02T14:49:14Z</time></trkpt><trkpt lat="60.269927" lon="25.072818"><ele>32.8</ele><time>2026-08-02T14:49:15Z</time></trkpt><trkpt lat="60.269905" lon="25.072833"><ele>33.5</ele><time>2026-08-02T14:49:16Z</time></trkpt><trkpt lat="60.269895" lon="25.072888"><ele>34.9</ele><time>2026-08-02T14:49:17Z</time></trkpt><trkpt lat="60.269868" lon="25.072878"><ele>34.9</ele><time>2026-08-02T14:49:18Z</time><extensions><gpxtpx:TrackPointExtension><gpxtpx:hr>125</gpxtpx:hr></gpxtpx:TrackPointExtension></extensions></trkpt><trkpt lat="60.26985" lon="25.072852"><ele>35.1</ele><time>2026-08-02T14:49:19Z</time></trkpt><trkpt lat="60.269827" lon="25.072818"><ele>34.8</ele><time>2026-08-02T14:49:20Z</time></trkpt><trkpt lat="60.269798" lon="25.07278"><ele>34.9</ele><time>2026-08-02T14:49:21Z</time></trkpt><trkpt lat="60.269768" lon="25.072758"><ele>34.6</ele><time>2026-08-02T14:49:22Z</time></trkpt><trkpt lat="60.269742" lon="25.072728"><ele>34.6</ele><time>2026-08-02T14:49:23Z</time><extensions><gpxtpx:TrackPointExtension><gpxtpx:hr>123</gpxtpx:hr></gpxtpx:TrackPointExtension></extensions></trkpt><trkpt lat="60.26971" lon="25.072707"><ele>34.6</ele><time>2026-08-02T14:49:24Z</time></trkpt><trkpt lat="60.269675" lon="25.07268"><ele>34.6</ele><time>2026-08-02T14:49:25Z</time></trkpt><trkpt lat="60.26963" lon="25.072642"><ele>34.8</ele><time>2026-08-02T14:49:26Z</time></trkpt><trkpt lat="60.269578" lon="25.072623"><ele>34.8</ele><time>2026-08-02T14:49:27Z</time></trkpt><trkpt lat="60.269525" lon="25.072593"><ele>35.1</ele><time>2026-08-02T14:49:28Z</time><extensions><gpxtpx:TrackPointExtension><gpxtpx:hr>123</gpxtpx:hr></gpxtpx:TrackPointExtension></extensions></trkpt><trkpt lat="60.269475" lon="25.072555"><ele>35.1</ele><time>2026-08-02T14:49:29Z</time></trkpt><trkpt lat="60.269418" lon="25.07254"><ele>35.3</ele><time>2026-08-02T14:49:30Z</time></trkpt><trkpt lat="60.269368" lon="25.072518"><ele>35.6</ele><time>2026-08-02T14:49:31Z</time></trkpt><trkpt lat="60.26932" lon="25.072495"><ele>35.6</ele><time>2026-08-02T14:49:32Z</time></trkpt><trkpt lat="60.269268" lon="25.072463"><ele>36.2</ele><time>2026-08-02T14:49:33Z</time></trkpt><trkpt lat="60.269223" lon="25.072433"><ele>36.3</ele><time>2026-08-02T14:49:34Z</time></trkpt><trkpt lat="60.269178" lon="25.072395"><ele>36.4</ele><time>2026-08-02T14:49:35Z</time><extensions><gpxtpx:TrackPointExtension><gpxtpx:hr>131</gpxtpx:hr></gpxtpx:TrackPointExtension></extensions></trkpt><trkpt lat="60.269135" lon="25.072367"><ele>36.5</ele><time>2026-08-02T14:49:36Z</time></trkpt><trkpt lat="60.26909" lon="25.072332"><ele>36.7</ele><time>2026-08-02T14:49:37Z</time></trkpt><trkpt lat="60.269048" lon="25.072293"><ele>36.9</ele><time>2026-08-02T14:49:38Z</time><extensions><gpxtpx:TrackPointExtension><gpxtpx:hr>132</gpxtpx:hr></gpxtpx:TrackPointExtension></extensions></trkpt><trkpt lat="60.269008" lon="25.072262"><ele>37.4</ele><time>2026-08-02T14:49:39Z</time></trkpt><trkpt lat="60.268965" lon="25.072227"><ele>37.8</ele><time>2026-08-02T14:49:40Z</time></trkpt><trkpt lat="60.26892" lon="25.072198"><ele>38.1</ele><time>2026-08-02T14:49:41Z</time></trkpt><trkpt lat="60.268878" lon="25.072172"><ele>38.1</ele><time>2026-08-02T14:49:42Z</time></trkpt><trkpt lat="60.268835" lon="25.072123"><ele>38.2</ele><time>2026-08-02T14:49:43Z</time></trkpt><trkpt lat="60.26879" lon="25.072085"><ele>38.2</ele><time>2026-08-02T14:49:44Z</time></trkpt><trkpt lat="60.268745" lon="25.072052"><ele>38.0</ele><time>2026-08-02T14:49:45Z</time></trkpt><trkpt lat="60.268698" lon="25.072018"><ele>38.3</ele><time>2026-08-02T14:49:46Z</time></trkpt><trkpt lat="60.268655" lon="25.07199"><ele>38.4</ele><time>2026-08-02T14:49:47Z</time><extensions><gpxtpx:TrackPointExtension><gpxtpx:hr>134</gpxtpx:hr></gpxtpx:TrackPointExtension></extensions></trkpt><trkpt lat="60.268608" lon="25.071962"><ele>38.6</ele><time>2026-08-02T14:49:48Z</time></trkpt><trkpt lat="60.268565" lon="25.071935"><ele>38.7</ele><time>2026-08-02T14:49:49Z</time><extensions><gpxtpx:TrackPointExtension><gpxtpx:hr>138</gpxtpx:hr></gpxtpx:TrackPointExtension></extensions></trkpt><trkpt lat="60.26852" lon="25.071903"><ele>38.5</ele><time>2026-08-02T14:49:50Z</time></trkpt><trkpt lat="60.26848" lon="25.071873"><ele>38.8</ele><time>2026-08-02T14:49:51Z</time></trkpt><trkpt lat="60.268438" lon="25.07184"><ele>39.3</ele><time>2026-08-02T14:49:52Z</time></trkpt><trkpt lat="60.268398" lon="25.071812"><ele>39.2</ele><time>2026-08-02T14:49:53Z</time><extensions><gpxtpx:TrackPointExtension><gpxtpx:hr>142</gpxtpx:hr></gpxtpx:TrackPointExtension></extensions></trkpt><trkpt lat="60.268362" lon="25.071787"><ele>39.3</ele><time>2026-08-02T14:49:54Z</time></trkpt><trkpt lat="60.268327" lon="25.071773"><ele>39.8</ele><time>2026-08-02T14:49:55Z</time></trkpt><trkpt lat="60.268292" lon="25.07178"><ele>40.0</ele><time>2026-08-02T14:49:56Z</time></trkpt><trkpt lat="60.268257" lon="25.07177"><ele>40.1</ele><time>2026-08-02T14:49:57Z</time></trkpt><trkpt lat="60.268215" lon="25.071753"><ele>40.4</ele><time>2026-08-02T14:49:58Z</time></trkpt><trkpt lat="60.268177" lon="25.071742"><ele>40.7</ele><time>2026-08-02T14:49:59Z</time></trkpt><trkpt lat="60.268135" lon="25.071718"><ele>40.9</ele><time>2026-08-02T14:50:00Z</time><extensions><gpxtpx:TrackPointExtension><gpxtpx:hr>149</gpxtpx:hr></gpxtpx:TrackPointExtension></extensions></trkpt><trkpt lat="60.268092" lon="25.071687"><ele>41.1</ele><time>2026-08-02T14:50:01Z</time></trkpt><trkpt lat="60.268052" lon="25.071672"><ele>41.7</ele><time>2026-08-02T14:50:02Z</time></trkpt><trkpt lat="60.268013" lon="25.071663"><ele>42.1</ele><time>2026-08-02T14:50:03Z</time></trkpt><trkpt lat="60.267972" lon="25.071652"><ele>42.6</ele><time>2026-08-02T14:50:04Z</time></trkpt><trkpt lat="60.26793" lon="25.071642"><ele>42.9</ele><time>2026-08-02T14:50:05Z</time></trkpt><trkpt lat="60.26789" lon="25.071627"><ele>43.5</ele><time>2026-08-02T14:50:06Z</time><extensions><gpxtpx:TrackPointExtension><gpxtpx:hr>153</gpxtpx:hr></gpxtpx:TrackPointExtension></extensions></trkpt><trkpt lat="60.267847" lon="25.071622"><ele>43.8</ele><time>2026-08-02T14:50:07Z</time></trkpt><trkpt lat="60.267808" lon="25.071603"><ele>43.9</ele><time>2026-08-02T14:50:08Z</time></trkpt><trkpt lat="60.267772" lon="25.071583"><ele>44.0</ele><time>2026-08-02T14:50:09Z</time></trkpt><trkpt lat="60.267732" lon="25.07157"><ele>44.4</ele><time>2026-08-02T14:50:10Z</time></trkpt><trkpt lat="60.267693" lon="25.071555"><ele>44.6</ele><time>2026-08-02T14:50:11Z</time><extensions><gpxtpx:TrackPointExtension><gpxtpx:hr>156</gpxtpx:hr></gpxtpx:TrackPointExtension></extensions></trkpt><trkpt lat="60.267658" lon="25.071532"><ele>44.6</ele><time>2026-08-02T14:50:12Z</time></trkpt><trkpt lat="60.26762" lon="25.071518"><ele>44.8</ele><time>2026-08-02T14:50:12Z</time></trkpt><trkpt lat="60.267582" lon="25.071502"><ele>44.6</ele><time>2026-08-02T14:50:13Z</time></trkpt><trkpt lat="60.267543" lon="25.071487"><ele>45.1</ele><time>2026-08-02T14:50:14Z</time></trkpt><trkpt lat="60.267502" lon="25.071477"><ele>45.3</ele><time>2026-08-02T14:50:15Z</time></trkpt><trkpt lat="60.267458" lon="25.071467"><ele>45.5</ele><time>2026-08-02T14:50:16Z</time><extensions><gpxtpx:TrackPointExtension><gpxtpx:hr>158</gpxtpx:hr></gpxtpx:TrackPointExtension></extensions></trkpt><trkpt lat="60.267415" lon="25.071458"><ele>45.7</ele><time>2026-08-02T14:50:17Z</time></trkpt><trkpt lat="60.267375" lon="25.071452"><ele>45.8</ele><time>2026-08-02T14:50:18Z</time></trkpt><trkpt lat="60.267335" lon="25.071447"><ele>46.3</ele><time>2026-08-02T14:50:19Z</time></trkpt><trkpt lat="60.267297" lon="25.07143"><ele>46.4</ele><time>2026-08-02T14:50:20Z</time></trkpt><trkpt lat="60.267253" lon="25.071422"><ele>46.6</ele><time>2026-08-02T14:50:21Z</time><extensions><gpxtpx:TrackPointExtension><gpxtpx:hr>158</gpxtpx:hr></gpxtpx:TrackPointExtension></extensions></trkpt><trkpt lat="60.267215" lon="25.071418"><ele>46.8</ele><time>2026-08-02T14:50:22Z</time></trkpt><trkpt lat="60.267173" lon="25.07141"><ele>47.0</ele><time>2026-08-02T14:50:23Z</time></trkpt><trkpt lat="60.267133" lon="25.071402"><ele>47.0</ele><time>2026-08-02T14:50:24Z</time><extensions><gpxtpx:TrackPointExtension><gpxtpx:hr>159</gpxtpx:hr></gpxtpx:TrackPointExtension></extensions></trkpt><trkpt lat="60.2671" lon="25.07139"><ele>47.1</ele><time>2026-08-02T14:50:25Z</time></trkpt><trkpt lat="60.26706" lon="25.071375"><ele>47.3</ele><time>2026-08-02T14:50:26Z</time></trkpt><trkpt lat="60.267018" lon="25.071365"><ele>47.3</ele><time>2026-08-02T14:50:27Z</time><extensions><gpxtpx:TrackPointExtension><gpxtpx:hr>160</gpxtpx:hr></gpxtpx:TrackPointExtension></extensions></trkpt><trkpt lat="60.26698" lon="25.071343"><ele>47.4</ele><time>2026-08-02T14:50:28Z</time></trkpt><trkpt lat="60.266937" lon="25.071328"><ele>47.5</ele><time>2026-08-02T14:50:29Z</time></trkpt><trkpt lat="60.266895" lon="25.071323"><ele>47.4</ele><time>2026-08-02T14:50:30Z</time></trkpt><trkpt lat="60.26685" lon="25.071308"><ele>47.2</ele><time>2026-08-02T14:50:31Z</time></trkpt><trkpt lat="60.266808" lon="25.071292"><ele>47.1</ele><time>2026-08-02T14:50:32Z</time></trkpt><trkpt lat="60.266767" lon="25.071275"><ele>47.2</ele><time>2026-08-02T14:50:33Z</time></trkpt><trkpt lat="60.266718" lon="25.071255"><ele>47.2</ele><time>2026-08-02T14:50:34Z</time></trkpt><trkpt lat="60.266672" lon="25.071243"><ele>47.2</ele><time>2026-08-02T14:50:35Z</time></trkpt><trkpt lat="60.266623" lon="25.071237"><ele>47.1</ele><time>2026-08-02T14:50:36Z</time><extensions><gpxtpx:TrackPointExtension><gpxtpx:hr>159</gpxtpx:hr></gpxtpx:TrackPointExtension></extensions></trkpt><trkpt lat="60.266578" lon="25.071227"><ele>47.3</ele><time>2026-08-02T14:50:37Z</time></trkpt><trkpt lat="60.266533" lon="25.071203"><ele>47.3</ele><time>2026-08-02T14:50:38Z</time><extensions><gpxtpx:TrackPointExtension><gpxtpx:hr>157</gpxtpx:hr></gpxtpx:TrackPointExtension></extensions></trkpt><trkpt lat="60.265963" lon="25.071142"><ele>38.1</ele><time>2026-08-02T14:50:49Z</time><extensions><gpxtpx:TrackPointExtension><gpxtpx:hr>154</gpxtpx:hr></gpxtpx:TrackPointExtension></extensions></trkpt><trkpt lat="60.265918" lon="25.071123"><ele>39.0</ele><time>2026-08-02T14:50:50Z</time></trkpt><trkpt lat="60.265895" lon="25.071105"><ele>39.6</ele><time>2026-08-02T14:50:51Z</time></trkpt><trkpt lat="60.265852" lon="25.071095"><ele>40.4</ele><time>2026-08-02T14:50:52Z</time><extensions><gpxtpx:TrackPointExtension><gpxtpx:hr>157</gpxtpx:hr></gpxtpx:TrackPointExtension></extensions></trkpt><trkpt lat="60.265807" lon="25.071078"><ele>40.8</ele><time>2026-08-02T14:50:53Z</time></trkpt><trkpt lat="60.265763" lon="25.071072"><ele>41.1</ele><time>2026-08-02T14:50:54Z</time></trkpt><trkpt lat="60.265717" lon="25.071063"><ele>41.7</ele><time>2026-08-02T14:50:55Z</time></trkpt><trkpt lat="60.265668" lon="25.071057"><ele>42.1</ele><time>2026-08-02T14:50:56Z</time><extensions><gpxtpx:TrackPointExtension><gpxtpx:hr>156</gpxtpx:hr></gpxtpx:TrackPointExtension></extensions></trkpt><trkpt lat="60.265618" lon="25.07105"><ele>42.5</ele><time>2026-08-02T14:50:57Z</time></trkpt><trkpt lat="60.265568" lon="25.071045"><ele>42.9</ele><time>2026-08-02T14:50:58Z</time><extensions><gpxtpx:TrackPointExtension><gpxtpx:hr>154</gpxtpx:hr></gpxtpx:TrackPointExtension></extensions></trkpt><trkpt lat="60.265515" lon="25.071042"><ele>42.9</ele><time>2026-08-02T14:50:59Z</time></trkpt><trkpt lat="60.265462" lon="25.071033"><ele>43.2</ele><time>2026-08-02T14:51:00Z</time></trkpt><trkpt lat="60.26541" lon="25.071028"><ele>43.5</ele><time>2026-08-02T14:51:01Z</time></trkpt><trkpt lat="60.265357" lon="25.07103"><ele>43.7</ele><time>2026-08-02T14:51:02Z</time></trkpt><trkpt lat="60.265307" lon="25.071032"><ele>43.9</ele><time>2026-08-02T14:51:03Z</time><extensions><gpxtpx:TrackPointExtension><gpxtpx:hr>151</gpxtpx:hr></gpxtpx:TrackPointExtension></extensions></trkpt><trkpt lat="60.265253" lon="25.071027"><ele>43.6</ele><time>2026-08-02T14:51:04Z</time></trkpt><trkpt lat="60.265198" lon="25.071028"><ele>43.7</ele><time>2026-08-02T14:51:05Z</time></trkpt><trkpt lat="60.265148" lon="25.071033"><ele>43.8</ele><time>2026-08-02T14:51:06Z</time></trkpt><trkpt lat="60.265097" lon="25.071035"><ele>44.0</ele><time>2026-08-02T14:51:07Z</time></trkpt><trkpt lat="60.265048" lon="25.071038"><ele>44.2</ele><time>2026-08-02T14:51:08Z</time></trkpt><trkpt lat="60.265" lon="25.07104"><ele>44.4</ele><time>2026-08-02T14:51:09Z</time></trkpt><trkpt lat="60.264952" lon="25.071037"><ele>44.1</ele><time>2026-08-02T14:51:10Z</time><extensions><gpxtpx:TrackPointExtension><gpxtpx:hr>143</gpxtpx:hr></gpxtpx:TrackPointExtension></extensions></trkpt><trkpt lat="60.264898" lon="25.071037"><ele>44.3</ele><time>2026-08-02T14:51:11Z</time></trkpt><trkpt lat="60.264843" lon="25.071027"><ele>44.7</ele><time>2026-08-02T14:51:12Z</time></trkpt><trkpt lat="60.26479" lon="25.070998"><ele>44.4</ele><time>2026-08-02T14:51:13Z</time><extensions><gpxtpx:TrackPointExtension><gpxtpx:hr>143</gpxtpx:hr></gpxtpx:TrackPointExtension></extensions></trkpt><trkpt lat="60.264737" lon="25.070973"><ele>44.7</ele><time>2026-08-02T14:51:14Z</time></trkpt><trkpt lat="60.264682" lon="25.07094"><ele>44.7</ele><time>2026-08-02T14:51:15Z</time></trkpt><trkpt lat="60.264625" lon="25.070907"><ele>44.9</ele><time>2026-08-02T14:51:16Z</time></trkpt><trkpt lat="60.264577" lon="25.070862"><ele>44.8</ele><time>2026-08-02T14:51:17Z</time></trkpt><trkpt lat="60.264525" lon="25.070808"><ele>45.3</ele><time>2026-08-02T14:51:18Z</time></trkpt><trkpt lat="60.264475" lon="25.070742"><ele>43.7</ele><time>2026-08-02T14:51:19Z</time></trkpt><trkpt lat="60.264417" lon="25.07067"><ele>43.5</ele><time>2026-08-02T14:51:20Z</time></trkpt><trkpt lat="60.264362" lon="25.070595"><ele>44.2</ele><time>2026-08-02T14:51:21Z</time></trkpt><trkpt lat="60.264323" lon="25.070512"><ele>42.9</ele><time>2026-08-02T14:51:22Z</time><extensions><gpxtpx:TrackPointExtension><gpxtpx:hr>137</gpxtpx:hr></gpxtpx:TrackPointExtension></extensions></trkpt><trkpt lat="60.264277" lon="25.070443"><ele>42.5</ele><time>2026-08-02T14:51:23Z</time></trkpt><trkpt lat="60.264223" lon="25.070363"><ele>42.0</ele><time>2026-08-02T14:51:24Z</time><extensions><gpxtpx:TrackPointExtension><gpxtpx:hr>136</gpxtpx:hr></gpxtpx:TrackPointExtension></extensions></trkpt><trkpt lat="60.264172" lon="25.070293"><ele>42.1</ele><time>2026-08-02T14:51:25Z</time></trkpt><trkpt lat="60.264122" lon="25.070208"><ele>42.0</ele><time>2026-08-02T14:51:26Z</time></trkpt><trkpt lat="60.26407" lon="25.070115"><ele>42.0</ele><time>2026-08-02T14:51:27Z</time></trkpt><trkpt lat="60.264017" lon="25.070005"><ele>41.4</ele><time>2026-08-02T14:51:28Z</time><extensions><gpxtpx:TrackPointExtension><gpxtpx:hr>132</gpxtpx:hr></gpxtpx:TrackPointExtension></extensions></trkpt><trkpt lat="60.263963" lon="25.069892"><ele>41.1</ele><time>2026-08-02T14:51:29Z</time></trkpt><trkpt lat="60.263915" lon="25.069803"><ele>41.0</ele><time>2026-08-02T14:51:30Z</time></trkpt><trkpt lat="60.263857" lon="25.0697"><ele>40.5</ele><time>2026-08-02T14:51:31Z</time></trkpt><trkpt lat="60.263803" lon="25.069582"><ele>39.6</ele><time>2026-08-02T14:51:32Z</time></trkpt><trkpt lat="60.263752" lon="25.069475"><ele>39.1</ele><time>2026-08-02T14:51:33Z</time></trkpt><trkpt lat="60.263698" lon="25.069373"><ele>37.6</ele><time>2026-08-02T14:51:34Z</time></trkpt><trkpt lat="60.263637" lon="25.069275"><ele>36.6</ele><time>2026-08-02T14:51:35Z</time></trkpt><trkpt lat="60.263575" lon="25.069183"><ele>36.5</ele><time>2026-08-02T14:51:36Z</time></trkpt><trkpt lat="60.263515" lon="25.069105"><ele>36.5</ele><time>2026-08-02T14:51:37Z</time><extensions><gpxtpx:TrackPointExtension><gpxtpx:hr>126</gpxtpx:hr></gpxtpx:TrackPointExtension></extensions></trkpt><trkpt lat="60.263458" lon="25.069038"><ele>36.7</ele><time>2026-08-02T14:51:38Z</time><extensions><gpxtpx:TrackPointExtension><gpxtpx:hr>125</gpxtpx:hr></gpxtpx:TrackPointExtension></extensions></trkpt><trkpt lat="60.263408" lon="25.068975"><ele>36.2</ele><time>2026-08-02T14:51:39Z</time></trkpt><trkpt lat="60.263365" lon="25.0689"><ele>36.3</ele><time>2026-08-02T14:51:40Z</time></trkpt><trkpt lat="60.263325" lon="25.068818"><ele>36.2</ele><time>2026-08-02T14:51:41Z</time></trkpt><trkpt lat="60.263298" lon="25.0687"><ele>35.0</ele><time>2026-08-02T14:51:42Z</time></trkpt><trkpt lat="60.263285" lon="25.06861"><ele>34.8</ele><time>2026-08-02T14:51:43Z</time><extensions><gpxtpx:TrackPointExtension><gpxtpx:hr>119</gpxtpx:hr></gpxtpx:TrackPointExtension></extensions></trkpt><trkpt lat="60.263283" lon="25.068533"><ele>35.0</ele><time>2026-08-02T14:51:44Z</time></trkpt><trkpt lat="60.263268" lon="25.068472"><ele>34.9</ele><time>2026-08-02T14:51:45Z</time></trkpt><trkpt lat="60.263233" lon="25.068455"><ele>34.2</ele><time>2026-08-02T14:51:46Z</time></trkpt><trkpt lat="60.263173" lon="25.068493"><ele>35.4</ele><time>2026-08-02T14:51:47Z</time></trkpt><trkpt lat="60.263143" lon="25.068442"><ele>35.8</ele><time>2026-08-02T14:51:47Z</time><extensions><gpxtpx:TrackPointExtension><gpxtpx:hr>116</gpxtpx:hr></gpxtpx:TrackPointExtension></extensions></trkpt><trkpt lat="60.263102" lon="25.06844"><ele>35.8</ele><time>2026-08-02T14:51:48Z</time></trkpt><trkpt lat="60.263063" lon="25.068463"><ele>36.2</ele><time>2026-08-02T14:51:49Z</time></trkpt><trkpt lat="60.263027" lon="25.06848"><ele>36.2</ele><time>2026-08-02T14:51:50Z</time></trkpt><trkpt lat="60.262987" lon="25.068478"><ele>36.0</ele><time>2026-08-02T14:51:51Z</time></trkpt><trkpt lat="60.262943" lon="25.068465"><ele>35.8</ele><time>2026-08-02T14:51:52Z</time></trkpt><trkpt lat="60.262893" lon="25.068435"><ele>35.6</ele><time>2026-08-02T14:51:53Z</time></trkpt><trkpt lat="60.262847" lon="25.068387"><ele>35.7</ele><time>2026-08-02T14:51:54Z</time><extensions><gpxtpx:TrackPointExtension><gpxtpx:hr>120</gpxtpx:hr></gpxtpx:TrackPointExtension></extensions></trkpt><trkpt lat="60.2628" lon="25.068332"><ele>35.6</ele><time>2026-08-02T14:51:55Z</time></trkpt><trkpt lat="60.262757" lon="25.068278"><ele>35.7</ele><time>2026-08-02T14:51:56Z</time></trkpt><trkpt lat="60.262712" lon="25.068235"><ele>35.6</ele><time>2026-08-02T14:51:57Z</time><extensions><gpxtpx:TrackPointExtension><gpxtpx:hr>122</gpxtpx:hr></gpxtpx:TrackPointExtension></extensions></trkpt><trkpt lat="60.262653" lon="25.068213"><ele>35.5</ele><time>2026-08-02T14:51:58Z</time></trkpt><trkpt lat="60.262607" lon="25.068178"><ele>35.3</ele><time>2026-08-02T14:51:59Z</time></trkpt><trkpt lat="60.262553" lon="25.068158"><ele>35.2</ele><time>2026-08-02T14:52:00Z</time></trkpt><trkpt lat="60.262492" lon="25.068133"><ele>35.0</ele><time>2026-08-02T14:52:01Z</time></trkpt><trkpt lat="60.262433" lon="25.068092"><ele>34.9</ele><time>2026-08-02T14:52:02Z</time></trkpt><trkpt lat="60.262377" lon="25.06805"><ele>34.8</ele><time>2026-08-02T14:52:03Z</time></trkpt><trkpt lat="60.262323" lon="25.06801"><ele>34.7</ele><time>2026-08-02T14:52:04Z</time></trkpt><trkpt lat="60.262273" lon="25.067967"><ele>34.6</ele><time>2026-08-02T14:52:05Z</time></trkpt><trkpt lat="60.26222" lon="25.067927"><ele>34.5</ele><time>2026-08-02T14:52:06Z</time><extensions><gpxtpx:TrackPointExtension><gpxtpx:hr>123</gpxtpx:hr></gpxtpx:TrackPointExtension></extensions></trkpt><trkpt lat="60.262168" lon="25.067887"><ele>34.4</ele><time>2026-08-02T14:52:07Z</time></trkpt><trkpt lat="60.262115" lon="25.06785"><ele>34.2</ele><time>2026-08-02T14:52:08Z</time></trkpt><trkpt lat="60.262062" lon="25.067808"><ele>33.9</ele><time>2026-08-02T14:52:09Z</time></trkpt><trkpt lat="60.262012" lon="25.067765"><ele>33.8</ele><time>2026-08-02T14:52:10Z</time><extensions><gpxtpx:TrackPointExtension><gpxtpx:hr>121</gpxtpx:hr></gpxtpx:TrackPointExtension></extensions></trkpt><trkpt lat="60.261957" lon="25.067738"><ele>33.7</ele><time>2026-08-02T14:52:11Z</time></trkpt><trkpt lat="60.261908" lon="25.067698"><ele>33.4</ele><time>2026-08-02T14:52:12Z</time><extensions><gpxtpx:TrackPointExtension><gpxtpx:hr>120</gpxtpx:hr></gpxtpx:TrackPointExtension></extensions></trkpt><trkpt lat="60.261857" lon="25.067658"><ele>33.3</ele><time>2026-08-02T14:52:13Z</time></trkpt><trkpt lat="60.261805" lon="25.067615"><ele>33.1</ele><time>2026-08-02T14:52:14Z</time></trkpt><trkpt lat="60.261755" lon="25.067558"><ele>32.9</ele><time>2026-08-02T14:52:15Z</time></trkpt><trkpt lat="60.261705" lon="25.067508"><ele>32.7</ele><time>2026-08-02T14:52:16Z</time></trkpt><trkpt lat="60.261652" lon="25.067463"><ele>32.5</ele><time>2026-08-02T14:52:17Z</time><extensions><gpxtpx:TrackPointExtension><gpxtpx:hr>118</gpxtpx:hr></gpxtpx:TrackPointExtension></extensions></trkpt><trkpt lat="60.261598" lon="25.067418"><ele>32.2</ele><time>2026-08-02T14:52:18Z</time></trkpt><trkpt lat="60.261543" lon="25.067362"><ele>32.0</ele><time>2026-08-02T14:52:19Z</time></trkpt><trkpt lat="60.261487" lon="25.067313"><ele>32.0</ele><time>2026-08-02T14:52:20Z</time></trkpt><trkpt lat="60.261433" lon="25.067265"><ele>31.7</ele><time>2026-08-02T14:52:21Z</time></trkpt><trkpt lat="60.261375" lon="25.067215"><ele>31.6</ele><time>2026-08-02T14:52:22Z</time></trkpt><trkpt lat="60.261318" lon="25.067163"><ele>31.3</ele><time>2026-08-02T14:52:23Z</time></trkpt><trkpt lat="60.261258" lon="25.067112"><ele>31.0</ele><time>2026-08-02T14:52:24Z</time></trkpt><trkpt lat="60.261202" lon="25.067055"><ele>30.8</ele><time>2026-08-02T14:52:25Z</time><extensions><gpxtpx:TrackPointExtension><gpxtpx:hr>112</gpxtpx:hr></gpxtpx:TrackPointExtension></extensions></trkpt><trkpt lat="60.261142" lon="25.066992"><ele>30.7</ele><time>2026-08-02T14:52:26Z</time></trkpt><trkpt lat="60.261083" lon="25.066932"><ele>30.5</ele><time>2026-08-02T14:52:27Z</time><extensions><gpxtpx:TrackPointExtension><gpxtpx:hr>111</gpxtpx:hr></gpxtpx:TrackPointExtension></extensions></trkpt><trkpt lat="60.261022" lon="25.066863"><ele>30.2</ele><time>2026-08-02T14:52:28Z</time></trkpt><trkpt lat="60.26096" lon="25.066793"><ele>29.9</ele><time>2026-08-02T14:52:29Z</time></trkpt><trkpt lat="60.260898" lon="25.066713"><ele>29.6</ele><time>2026-08-02T14:52:30Z</time></trkpt><trkpt lat="60.260837" lon="25.066633"><ele>29.3</ele><time>2026-08-02T14:52:31Z</time></trkpt><trkpt lat="60.26078" lon="25.066548"><ele>28.9</ele><time>2026-08-02T14:52:32Z</time><extensions><gpxtpx:TrackPointExtension><gpxtpx:hr>114</gpxtpx:hr></gpxtpx:TrackPointExtension></extensions></trkpt><trkpt lat="60.26072" lon="25.066458"><ele>28.6</ele><time>2026-08-02T14:52:33Z</time></trkpt><trkpt lat="60.260657" lon="25.066375"><ele>28.3</ele><time>2026-08-02T14:52:34Z</time></trkpt><trkpt lat="60.260593" lon="25.066287"><ele>28.0</ele><time>2026-08-02T14:52:35Z</time></trkpt><trkpt lat="60.260537" lon="25.066182"><ele>27.6</ele><time>2026-08-02T14:52:36Z</time></trkpt><trkpt lat="60.260477" lon="25.06608"><ele>27.2</ele><time>2026-08-02T14:52:37Z</time></trkpt><trkpt lat="60.260413" lon="25.065978"><ele>26.9</ele><time>2026-08-02T14:52:38Z</time></trkpt><trkpt lat="60.260353" lon="25.065868"><ele>26.7</ele><time>2026-08-02T14:52:39Z</time></trkpt><trkpt lat="60.26029" lon="25.065757"><ele>26.5</ele><time>2026-08-02T14:52:40Z</time></trkpt><trkpt lat="60.260227" lon="25.065645"><ele>26.3</ele><time>2026-08-02T14:52:41Z</time><extensions><gpxtpx:TrackPointExtension><gpxtpx:hr>112</gpxtpx:hr></gpxtpx:TrackPointExtension></extensions></trkpt><trkpt lat="60.260163" lon="25.065545"><ele>26.1</ele><time>2026-08-02T14:52:42Z</time></trkpt><trkpt lat="60.260095" lon="25.065457"><ele>25.9</ele><time>2026-08-02T14:52:43Z</time></trkpt><trkpt lat="60.260033" lon="25.06537"><ele>25.7</ele><time>2026-08-02T14:52:44Z</time><extensions><gpxtpx:TrackPointExtension><gpxtpx:hr>113</gpxtpx:hr></gpxtpx:TrackPointExtension></extensions></trkpt><trkpt lat="60.259975" lon="25.065278"><ele>25.5</ele><time>2026-08-02T14:52:45Z</time></trkpt><trkpt lat="60.259915" lon="25.065192"><ele>25.4</ele><time>2026-08-02T14:52:46Z</time></trkpt><trkpt lat="60.259853" lon="25.065112"><ele>25.2</ele><time>2026-08-02T14:52:47Z</time><extensions><gpxtpx:TrackPointExtension><gpxtpx:hr>109</gpxtpx:hr></gpxtpx:TrackPointExtension></extensions></trkpt><trkpt lat="60.259788" lon="25.065035"><ele>25.1</ele><time>2026-08-02T14:52:48Z</time></trkpt><trkpt lat="60.259725" lon="25.064963"><ele>24.8</ele><time>2026-08-02T14:52:49Z</time></trkpt><trkpt lat="60.259663" lon="25.064887"><ele>24.6</ele><time>2026-08-02T14:52:50Z</time></trkpt><trkpt lat="60.259602" lon="25.064812"><ele>24.6</ele><time>2026-08-02T14:52:51Z</time></trkpt><trkpt lat="60.259537" lon="25.064757"><ele>24.7</ele><time>2026-08-02T14:52:52Z</time></trkpt><trkpt lat="60.259472" lon="25.06469"><ele>24.9</ele><time>2026-08-02T14:52:53Z</time><extensions><gpxtpx:TrackPointExtension><gpxtpx:hr>110</gpxtpx:hr></gpxtpx:TrackPointExtension></extensions></trkpt><trkpt lat="60.259407" lon="25.064638"><ele>24.7</ele><time>2026-08-02T14:52:55Z</time></trkpt><trkpt lat="60.259338" lon="25.064598"><ele>24.8</ele><time>2026-08-02T14:52:56Z</time></trkpt><trkpt lat="60.259273" lon="25.064557"><ele>25.1</ele><time>2026-08-02T14:52:57Z</time></trkpt><trkpt lat="60.259212" lon="25.06451"><ele>25.3</ele><time>2026-08-02T14:52:58Z</time></trkpt><trkpt lat="60.259152" lon="25.064462"><ele>25.2</ele><time>2026-08-02T14:52:59Z</time></trkpt><trkpt lat="60.259088" lon="25.06442"><ele>25.0</ele><time>2026-08-02T14:53:00Z</time></trkpt><trkpt lat="60.259032" lon="25.064372"><ele>25.0</ele><time>2026-08-02T14:53:01Z</time></trkpt><trkpt lat="60.258983" lon="25.0643"><ele>24.7</ele><time>2026-08-02T14:53:02Z</time><extensions><gpxtpx:TrackPointExtension><gpxtpx:hr>110</gpxtpx:hr></gpxtpx:TrackPointExtension></extensions></trkpt><trkpt lat="60.25894" lon="25.064215"><ele>24.3</ele><time>2026-08-02T14:53:03Z</time></trkpt><trkpt lat="60.258915" lon="25.064115"><ele>24.0</ele><time>2026-08-02T14:53:04Z</time></trkpt><trkpt lat="60.258902" lon="25.06403"><ele>23.7</ele><time>2026-08-02T14:53:05Z</time><extensions><gpxtpx:TrackPointExtension><gpxtpx:hr>110</gpxtpx:hr></gpxtpx:TrackPointExtension></extensions></trkpt><trkpt lat="60.258888" lon="25.063952"><ele>23.4</ele><time>2026-08-02T14:53:06Z</time></trkpt><trkpt lat="60.258863" lon="25.0639"><ele>23.6</ele><time>2026-08-02T14:53:07Z</time></trkpt><trkpt lat="60.258828" lon="25.063885"><ele>23.7</ele><time>2026-08-02T14:53:08Z</time></trkpt><trkpt lat="60.258798" lon="25.063908"><ele>23.7</ele><time>2026-08-02T14:53:09Z</time></trkpt><trkpt lat="60.258602" lon="25.064172"><ele>25.2</ele><time>2026-08-02T14:53:16Z</time><extensions><gpxtpx:TrackPointExtension><gpxtpx:hr>112</gpxtpx:hr></gpxtpx:TrackPointExtension></extensions></trkpt><trkpt lat="60.258602" lon="25.064172"><ele>25.2</ele><time>2026-08-02T14:53:12Z</time><extensions><gpxtpx:TrackPointExtension><gpxtpx:hr>113</gpxtpx:hr></gpxtpx:TrackPointExtension></extensions></trkpt><trkpt lat="60.258377" lon="25.063907"><ele>23.4</ele><time>2026-08-02T14:53:19Z</time></trkpt><trkpt lat="60.258322" lon="25.063933"><ele>22.7</ele><time>2026-08-02T14:53:20Z</time></trkpt><trkpt lat="60.258285" lon="25.063932"><ele>22.8</ele><time>2026-08-02T14:53:20Z</time><extensions><gpxtpx:TrackPointExtension><gpxtpx:hr>124</gpxtpx:hr></gpxtpx:TrackPointExtension></extensions></trkpt><trkpt lat="60.258227" lon="25.063945"><ele>23.4</ele><time>2026-08-02T14:53:21Z</time></trkpt><trkpt lat="60.258165" lon="25.063942"><ele>23.7</ele><time>2026-08-02T14:53:22Z</time><extensions><gpxtpx:TrackPointExtension><gpxtpx:hr>129</gpxtpx:hr></gpxtpx:TrackPointExtension></extensions></trkpt><trkpt lat="60.258105" lon="25.063967"><ele>23.6</ele><time>2026-08-02T14:53:23Z</time></trkpt><trkpt lat="60.258048" lon="25.063987"><ele>23.1</ele><time>2026-08-02T14:53:24Z</time></trkpt><trkpt lat="60.257987" lon="25.06401"><ele>23.3</ele><time>2026-08-02T14:53:25Z</time></trkpt><trkpt lat="60.257933" lon="25.064032"><ele>23.1</ele><time>2026-08-02T14:53:26Z</time></trkpt><trkpt lat="60.257875" lon="25.064048"><ele>22.7</ele><time>2026-08-02T14:53:27Z</time><extensions><gpxtpx:TrackPointExtension><gpxtpx:hr>132</gpxtpx:hr></gpxtpx:TrackPointExtension></extensions></trkpt><trkpt lat="60.25782" lon="25.064053"><ele>22.7</ele><time>2026-08-02T14:53:28Z</time></trkpt><trkpt lat="60.25776" lon="25.064062"><ele>22.3</ele><time>2026-08-02T14:53:29Z</time></trkpt><trkpt lat="60.257698" lon="25.064068"><ele>22.3</ele><time>2026-08-02T14:53:30Z</time></trkpt><trkpt lat="60.257635" lon="25.064083"><ele>22.5</ele><time>2026-08-02T14:53:31Z</time></trkpt><trkpt lat="60.257577" lon="25.064082"><ele>22.4</ele><time>2026-08-02T14:53:32Z</time></trkpt><trkpt lat="60.25752" lon="25.064077"><ele>22.5</ele><time>2026-08-02T14:53:33Z</time><extensions><gpxtpx:TrackPointExtension><gpxtpx:hr>129</gpxtpx:hr></gpxtpx:TrackPointExtension></extensions></trkpt><trkpt lat="60.257462" lon="25.064065"><ele>21.9</ele><time>2026-08-02T14:53:34Z</time></trkpt><trkpt lat="60.257393" lon="25.06405"><ele>21.7</ele><time>2026-08-02T14:53:35Z</time></trkpt><trkpt lat="60.25733" lon="25.064038"><ele>21.3</ele><time>2026-08-02T14:53:36Z</time></trkpt><trkpt lat="60.257265" lon="25.064032"><ele>21.2</ele><time>2026-08-02T14:53:37Z</time></trkpt><trkpt lat="60.257198" lon="25.064022"><ele>21.2</ele><time>2026-08-02T14:53:38Z</time></trkpt><trkpt lat="60.257133" lon="25.064018"><ele>20.7</ele><time>2026-08-02T14:53:39Z</time></trkpt><trkpt lat="60.25707" lon="25.064015"><ele>20.8</ele><time>2026-08-02T14:53:40Z</time></trkpt><trkpt lat="60.25701" lon="25.06401"><ele>20.5</ele><time>2026-08-02T14:53:41Z</time><extensions><gpxtpx:TrackPointExtension><gpxtpx:hr>126</gpxtpx:hr></gpxtpx:TrackPointExtension></extensions></trkpt><trkpt lat="60.256947" lon="25.064003"><ele>20.6</ele><time>2026-08-02T14:53:42Z</time><extensions><gpxtpx:TrackPointExtension><gpxtpx:hr>125</gpxtpx:hr></gpxtpx:TrackPointExtension></extensions></trkpt><trkpt lat="60.25688" lon="25.064"><ele>20.5</ele><time>2026-08-02T14:53:43Z</time></trkpt><trkpt lat="60.256817" lon="25.06399"><ele>20.6</ele><time>2026-08-02T14:53:44Z</time></trkpt><trkpt lat="60.256737" lon="25.063987"><ele>21.0</ele><time>2026-08-02T14:53:45Z</time></trkpt><trkpt lat="60.256657" lon="25.064032"><ele>21.1</ele><time>2026-08-02T14:53:46Z</time></trkpt><trkpt lat="60.256588" lon="25.06401"><ele>21.1</ele><time>2026-08-02T14:53:47Z</time><extensions><gpxtpx:TrackPointExtension><gpxtpx:hr>124</gpxtpx:hr></gpxtpx:TrackPointExtension></extensions></trkpt><trkpt lat="60.25652" lon="25.064"><ele>21.1</ele><time>2026-08-02T14:53:48Z</time></trkpt><trkpt lat="60.256452" lon="25.063978"><ele>21.1</ele><time>2026-08-02T14:53:49Z</time></trkpt><trkpt lat="60.256383" lon="25.063963"><ele>21.1</ele><time>2026-08-02T14:53:50Z</time></trkpt><trkpt lat="60.25632" lon="25.063947"><ele>21.2</ele><time>2026-08-02T14:53:51Z</time></trkpt><trkpt lat="60.256258" lon="25.063928"><ele>21.3</ele><time>2026-08-02T14:53:52Z</time></trkpt><trkpt lat="60.256203" lon="25.063905"><ele>21.4</ele><time>2026-08-02T14:53:53Z</time></trkpt><trkpt lat="60.256143" lon="25.06388"><ele>21.4</ele><time>2026-08-02T14:53:54Z</time></trkpt><trkpt lat="60.256082" lon="25.063857"><ele>21.4</ele><time>2026-08-02T14:53:55Z</time></trkpt><trkpt lat="60.256022" lon="25.063838"><ele>21.4</ele><time>2026-08-02T14:53:56Z</time><extensions><gpxtpx:TrackPointExtension><gpxtpx:hr>123</gpxtpx:hr></gpxtpx:TrackPointExtension></extensions></trkpt><trkpt lat="60.255965" lon="25.06382"><ele>21.4</ele><time>2026-08-02T14:53:57Z</time></trkpt><trkpt lat="60.255913" lon="25.063788"><ele>21.3</ele><time>2026-08-02T14:53:58Z</time><extensions><gpxtpx:TrackPointExtension><gpxtpx:hr>124</gpxtpx:hr></gpxtpx:TrackPointExtension></extensions></trkpt><trkpt lat="60.25586" lon="25.06376"><ele>21.4</ele><time>2026-08-02T14:53:59Z</time></trkpt><trkpt lat="60.255807" lon="25.063713"><ele>21.2</ele><time>2026-08-02T14:54:00Z</time></trkpt><trkpt lat="60.255762" lon="25.063647"><ele>21.1</ele><time>2026-08-02T14:54:01Z</time></trkpt><trkpt lat="60.255722" lon="25.063562"><ele>21.0</ele><time>2026-08-02T14:54:02Z</time></trkpt><trkpt lat="60.255677" lon="25.0635"><ele>20.9</ele><time>2026-08-02T14:54:03Z</time><extensions><gpxtpx:TrackPointExtension><gpxtpx:hr>121</gpxtpx:hr></gpxtpx:TrackPointExtension></extensions></trkpt><trkpt lat="60.255615" lon="25.063487"><ele>20.8</ele><time>2026-08-02T14:54:04Z</time></trkpt><trkpt lat="60.255558" lon="25.063522"><ele>21.0</ele><time>2026-08-02T14:54:05Z</time></trkpt><trkpt lat="60.255505" lon="25.063565"><ele>20.9</ele><time>2026-08-02T14:54:06Z</time></trkpt><trkpt lat="60.255458" lon="25.063607"><ele>20.9</ele><time>2026-08-02T14:54:07Z</time><extensions><gpxtpx:TrackPointExtension><gpxtpx:hr>118</gpxtpx:hr></gpxtpx:TrackPointExtension></extensions></trkpt><trkpt lat="60.255403" lon="25.063643"><ele>21.0</ele><time>2026-08-02T14:54:08Z</time></trkpt><trkpt lat="60.255343" lon="25.06364"><ele>21.0</ele><time>2026-08-02T14:54:09Z</time></trkpt><trkpt lat="60.25528" lon="25.063612"><ele>20.9</ele><time>2026-08-02T14:54:10Z</time></trkpt><trkpt lat="60.255222" lon="25.063578"><ele>20.8</ele><time>2026-08-02T14:54:11Z</time></trkpt><trkpt lat="60.255162" lon="25.063557"><ele>21.0</ele><time>2026-08-02T14:54:12Z</time><extensions><gpxtpx:TrackPointExtension><gpxtpx:hr>118</gpxtpx:hr></gpxtpx:TrackPointExtension></extensions></trkpt><trkpt lat="60.255102" lon="25.063535"><ele>20.9</ele><time>2026-08-02T14:54:13Z</time></trkpt><trkpt lat="60.255037" lon="25.063525"><ele>21.1</ele><time>2026-08-02T14:54:14Z</time></trkpt><trkpt lat="60.254973" lon="25.063537"><ele>21.1</ele><time>2026-08-02T14:54:15Z</time></trkpt><trkpt lat="60.254913" lon="25.063533"><ele>21.0</ele><time>2026-08-02T14:54:16Z</time></trkpt><trkpt lat="60.254848" lon="25.063538"><ele>21.0</ele><time>2026-08-02T14:54:17Z</time></trkpt><trkpt lat="60.25479" lon="25.063517"><ele>20.7</ele><time>2026-08-02T14:54:18Z</time></trkpt><trkpt lat="60.254722" lon="25.0635"><ele>20.8</ele><time>2026-08-02T14:54:19Z</time><extensions><gpxtpx:TrackPointExtension><gpxtpx:hr>121</gpxtpx:hr></gpxtpx:TrackPointExtension></extensions></trkpt><trkpt lat="60.25466" lon="25.063482"><ele>20.9</ele><time>2026-08-02T14:54:20Z</time></trkpt><trkpt lat="60.254595" lon="25.06347"><ele>20.9</ele><time>2026-08-02T14:54:21Z</time></trkpt><trkpt lat="60.254533" lon="25.063453"><ele>20.8</ele><time>2026-08-02T14:54:22Z</time><extensions><gpxtpx:TrackPointExtension><gpxtpx:hr>121</gpxtpx:hr></gpxtpx:TrackPointExtension></extensions></trkpt><trkpt lat="60.25447" lon="25.063432"><ele>20.7</ele><time>2026-08-02T14:54:23Z</time></trkpt><trkpt lat="60.2544" lon="25.063412"><ele>20.7</ele><time>2026-08-02T14:54:24Z</time></trkpt><trkpt lat="60.254333" lon="25.063387"><ele>20.8</ele><time>2026-08-02T14:54:25Z</time></trkpt><trkpt lat="60.254265" lon="25.063367"><ele>20.8</ele><time>2026-08-02T14:54:26Z</time></trkpt><trkpt lat="60.2542" lon="25.063342"><ele>20.6</ele><time>2026-08-02T14:54:27Z</time></trkpt><trkpt lat="60.254138" lon="25.063317"><ele>20.6</ele><time>2026-08-02T14:54:28Z</time></trkpt><trkpt lat="60.254075" lon="25.063288"><ele>20.7</ele><time>2026-08-02T14:54:29Z</time></trkpt><trkpt lat="60.254017" lon="25.063263"><ele>20.6</ele><time>2026-08-02T14:54:30Z</time><extensions><gpxtpx:TrackPointExtension><gpxtpx:hr>120</gpxtpx:hr></gpxtpx:TrackPointExtension></extensions></trkpt><trkpt lat="60.253958" lon="25.063232"><ele>20.4</ele><time>2026-08-02T14:54:31Z</time></trkpt><trkpt lat="60.253898" lon="25.063208"><ele>20.2</ele><time>2026-08-02T14:54:32Z</time></trkpt><trkpt lat="60.253833" lon="25.06319"><ele>20.3</ele><time>2026-08-02T14:54:33Z</time></trkpt><trkpt lat="60.253767" lon="25.063177"><ele>20.4</ele><time>2026-08-02T14:54:34Z</time><extensions><gpxtpx:TrackPointExtension><gpxtpx:hr>120</gpxtpx:hr></gpxtpx:TrackPointExtension></extensions></trkpt><trkpt lat="60.253702" lon="25.063158"><ele>20.4</ele><time>2026-08-02T14:54:35Z</time></trkpt><trkpt lat="60.253635" lon="25.063135"><ele>20.2</ele><time>2026-08-02T14:54:36Z</time></trkpt><trkpt lat="60.253572" lon="25.06311"><ele>20.2</ele><time>2026-08-02T14:54:37Z</time></trkpt><trkpt lat="60.253507" lon="25.063087"><ele>20.1</ele><time>2026-08-02T14:54:38Z</time></trkpt><trkpt lat="60.253438" lon="25.063063"><ele>20.0</ele><time>2026-08-02T14:54:39Z</time><extensions><gpxtpx:TrackPointExtension><gpxtpx:hr>121</gpxtpx:hr></gpxtpx:TrackPointExtension></extensions></trkpt><trkpt lat="60.253368" lon="25.063037"><ele>19.9</ele><time>2026-08-02T14:54:40Z</time></trkpt><trkpt lat="60.253297" lon="25.063"><ele>19.9</ele><time>2026-08-02T14:54:41Z</time></trkpt><trkpt lat="60.25323" lon="25.062965"><ele>20.0</ele><time>2026-08-02T14:54:42Z</time><extensions><gpxtpx:TrackPointExtension><gpxtpx:hr>122</gpxtpx:hr></gpxtpx:TrackPointExtension></extensions></trkpt><trkpt lat="60.253165" lon="25.062932"><ele>19.8</ele><time>2026-08-02T14:54:43Z</time></trkpt><trkpt lat="60.2531" lon="25.062897"><ele>19.8</ele><time>2026-08-02T14:54:44Z</time></trkpt><trkpt lat="60.253035" lon="25.062862"><ele>19.6</ele><time>2026-08-02T14:54:45Z</time></trkpt><trkpt lat="60.252968" lon="25.062818"><ele>19.5</ele><time>2026-08-02T14:54:46Z</time></trkpt><trkpt lat="60.252903" lon="25.062783"><ele>19.4</ele><time>2026-08-02T14:54:47Z</time><extensions><gpxtpx:TrackPointExtension><gpxtpx:hr>123</gpxtpx:hr></gpxtpx:TrackPointExtension></extensions></trkpt><trkpt lat="60.252838" lon="25.062745"><ele>19.3</ele><time>2026-08-02T14:54:48Z</time></trkpt><trkpt lat="60.252777" lon="25.062695"><ele>19.3</ele><time>2026-08-02T14:54:49Z</time></trkpt><trkpt lat="60.25272" lon="25.062637"><ele>19.1</ele><time>2026-08-02T14:54:50Z</time></trkpt><trkpt lat="60.252672" lon="25.062572"><ele>19.1</ele><time>2026-08-02T14:54:51Z</time></trkpt><trkpt lat="60.252628" lon="25.062498"><ele>18.8</ele><time>2026-08-02T14:54:52Z</time><extensions><gpxtpx:TrackPointExtension><gpxtpx:hr>123</gpxtpx:hr></gpxtpx:TrackPointExtension></extensions></trkpt><trkpt lat="60.252578" lon="25.062455"><ele>19.0</ele><time>2026-08-02T14:54:53Z</time></trkpt><trkpt lat="60.25253" lon="25.062408"><ele>18.9</ele><time>2026-08-02T14:54:54Z</time></trkpt><trkpt lat="60.252483" lon="25.062355"><ele>18.7</ele><time>2026-08-02T14:54:55Z</time></trkpt><trkpt lat="60.252438" lon="25.062318"><ele>18.9</ele><time>2026-08-02T14:54:56Z</time></trkpt><trkpt lat="60.252393" lon="25.062268"><ele>18.6</ele><time>2026-08-02T14:54:57Z</time><extensions><gpxtpx:TrackPointExtension><gpxtpx:hr>123</gpxtpx:hr></gpxtpx:TrackPointExtension></extensions></trkpt><trkpt lat="60.25235" lon="25.06222"><ele>18.7</ele><time>2026-08-02T14:54:58Z</time></trkpt><trkpt lat="60.252307" lon="25.062187"><ele>18.9</ele><time>2026-08-02T14:54:59Z</time></trkpt><trkpt lat="60.252262" lon="25.062152"><ele>18.5</ele><time>2026-08-02T14:55:00Z</time></trkpt><trkpt lat="60.252213" lon="25.062117"><ele>18.3</ele><time>2026-08-02T14:55:01Z</time></trkpt><trkpt lat="60.252162" lon="25.062082"><ele>18.4</ele><time>2026-08-02T14:55:02Z</time></trkpt><trkpt lat="60.252103" lon="25.062047"><ele>18.6</ele><time>2026-08-02T14:55:03Z</time></trkpt><trkpt lat="60.25205" lon="25.062007"><ele>18.4</ele><time>2026-08-02T14:55:04Z</time></trkpt><trkpt lat="60.251997" lon="25.061957"><ele>18.2</ele><time>2026-08-02T14:55:05Z</time></trkpt><trkpt lat="60.251943" lon="25.061898"><ele>18.2</ele><time>2026-08-02T14:55:06Z</time><extensions><gpxtpx:TrackPointExtension><gpxtpx:hr>128</gpxtpx:hr></gpxtpx:TrackPointExtension></extensions></trkpt><trkpt lat="60.251897" lon="25.061837"><ele>18.2</ele><time>2026-08-02T14:55:07Z</time></trkpt><trkpt lat="60.251845" lon="25.061785"><ele>18.2</ele><time>2026-08-02T14:55:08Z</time></trkpt><trkpt lat="60.251797" lon="25.061725"><ele>18.1</ele><time>2026-08-02T14:55:09Z</time></trkpt><trkpt lat="60.251745" lon="25.061665"><ele>18.1</ele><time>2026-08-02T14:55:10Z</time></trkpt><trkpt lat="60.251693" lon="25.06161"><ele>18.1</ele><time>2026-08-02T14:55:11Z</time><extensions><gpxtpx:TrackPointExtension><gpxtpx:hr>126</gpxtpx:hr></gpxtpx:TrackPointExtension></extensions></trkpt><trkpt lat="60.251642" lon="25.061558"><ele>17.9</ele><time>2026-08-02T14:55:12Z</time><extensions><gpxtpx:TrackPointExtension><gpxtpx:hr>126</gpxtpx:hr></gpxtpx:TrackPointExtension></extensions></trkpt><trkpt lat="60.251588" lon="25.061515"><ele>18.0</ele><time>2026-08-02T14:55:13Z</time></trkpt><trkpt lat="60.251537" lon="25.061452"><ele>17.9</ele><time>2026-08-02T14:55:14Z</time></trkpt><trkpt lat="60.251485" lon="25.061388"><ele>17.9</ele><time>2026-08-02T14:55:15Z</time></trkpt><trkpt lat="60.251432" lon="25.061337"><ele>17.8</ele><time>2026-08-02T14:55:16Z</time></trkpt><trkpt lat="60.251375" lon="25.061282"><ele>17.9</ele><time>2026-08-02T14:55:17Z</time><extensions><gpxtpx:TrackPointExtension><gpxtpx:hr>130</gpxtpx:hr></gpxtpx:TrackPointExtension></extensions></trkpt><trkpt lat="60.251325" lon="25.061213"><ele>17.9</ele><time>2026-08-02T14:55:18Z</time></trkpt><trkpt lat="60.251275" lon="25.061157"><ele>18.0</ele><time>2026-08-02T14:55:19Z</time></trkpt><trkpt lat="60.251225" lon="25.061103"><ele>18.0</ele><time>2026-08-02T14:55:20Z</time></trkpt><trkpt lat="60.251177" lon="25.061047"><ele>18.0</ele><time>2026-08-02T14:55:21Z</time></trkpt><trkpt lat="60.251127" lon="25.060997"><ele>18.1</ele><time>2026-08-02T14:55:22Z</time></trkpt><trkpt lat="60.251078" lon="25.060938"><ele>18.1</ele><time>2026-08-02T14:55:23Z</time></trkpt><trkpt lat="60.251028" lon="25.06088"><ele>18.1</ele><time>2026-08-02T14:55:24Z</time></trkpt><trkpt lat="60.250977" lon="25.060825"><ele>18.1</ele><time>2026-08-02T14:55:25Z</time></trkpt><trkpt lat="60.250925" lon="25.060773"><ele>18.1</ele><time>2026-08-02T14:55:26Z</time><extensions><gpxtpx:TrackPointExtension><gpxtpx:hr>130</gpxtpx:hr></gpxtpx:TrackPointExtension></extensions></trkpt><trkpt lat="60.250873" lon="25.060718"><ele>18.1</ele><time>2026-08-02T14:55:27Z</time><extensions><gpxtpx:TrackPointExtension><gpxtpx:hr>131</gpxtpx:hr></gpxtpx:TrackPointExtension></extensions></trkpt><trkpt lat="60.250823" lon="25.060667"><ele>18.1</ele><time>2026-08-02T14:55:28Z</time></trkpt><trkpt lat="60.250773" lon="25.060615"><ele>18.1</ele><time>2026-08-02T14:55:29Z</time></trkpt><trkpt lat="60.250722" lon="25.060555"><ele>18.1</ele><time>2026-08-02T14:55:30Z</time></trkpt><trkpt lat="60.250672" lon="25.060492"><ele>18.0</ele><time>2026-08-02T14:55:31Z</time></trkpt><trkpt lat="60.250618" lon="25.060435"><ele>17.9</ele><time>2026-08-02T14:55:32Z</time></trkpt><trkpt lat="60.250567" lon="25.060378"><ele>17.9</ele><time>2026-08-02T14:55:33Z</time></trkpt><trkpt lat="60.250513" lon="25.060318"><ele>18.0</ele><time>2026-08-02T14:55:34Z</time></trkpt><trkpt lat="60.250463" lon="25.060258"><ele>18.0</ele><time>2026-08-02T14:55:35Z</time></trkpt><trkpt lat="60.250412" lon="25.0602"><ele>17.9</ele><time>2026-08-02T14:55:36Z</time><extensions><gpxtpx:TrackPointExtension><gpxtpx:hr>126</gpxtpx:hr></gpxtpx:TrackPointExtension></extensions></trkpt><trkpt lat="60.25036" lon="25.060148"><ele>17.9</ele><time>2026-08-02T14:55:37Z</time></trkpt><trkpt lat="60.250308" lon="25.060095"><ele>18.0</ele><time>2026-08-02T14:55:38Z</time></trkpt><trkpt lat="60.249837" lon="25.059492"><ele>19.2</ele><time>2026-08-02T14:55:49Z</time><extensions><gpxtpx:TrackPointExtension><gpxtpx:hr>128</gpxtpx:hr></gpxtpx:TrackPointExtension></extensions></trkpt><trkpt lat="60.249837" lon="25.059492"><ele>19.2</ele><time>2026-08-02T14:55:45Z</time><extensions><gpxtpx:TrackPointExtension><gpxtpx:hr>131</gpxtpx:hr></gpxtpx:TrackPointExtension></extensions></trkpt><trkpt lat="60.249837" lon="25.059492"><ele>19.2</ele><time>2026-08-02T14:55:48Z</time><extensions><gpxtpx:TrackPointExtension><gpxtpx:hr>132</gpxtpx:hr></gpxtpx:TrackPointExtension></extensions></trkpt><trkpt lat="60.249787" lon="25.05944"><ele>19.4</ele><time>2026-08-02T14:55:50Z</time></trkpt><trkpt lat="60.249745" lon="25.059412"><ele>19.7</ele><time>2026-08-02T14:55:51Z</time></trkpt><trkpt lat="60.24969" lon="25.059363"><ele>19.8</ele><time>2026-08-02T14:55:52Z</time></trkpt><trkpt lat="60.249642" lon="25.059308"><ele>19.3</ele><time>2026-08-02T14:55:53Z</time></trkpt><trkpt lat="60.24959" lon="25.059258"><ele>19.4</ele><time>2026-08-02T14:55:54Z</time><extensions><gpxtpx:TrackPointExtension><gpxtpx:hr>132</gpxtpx:hr></gpxtpx:TrackPointExtension></extensions></trkpt><trkpt lat="60.249537" lon="25.059203"><ele>19.4</ele><time>2026-08-02T14:55:55Z</time></trkpt><trkpt lat="60.249483" lon="25.059152"><ele>19.5</ele><time>2026-08-02T14:55:56Z</time></trkpt><trkpt lat="60.249432" lon="25.059098"><ele>19.3</ele><time>2026-08-02T14:55:57Z</time></trkpt><trkpt lat="60.249377" lon="25.059045"><ele>19.2</ele><time>2026-08-02T14:55:58Z</time><extensions><gpxtpx:TrackPointExtension><gpxtpx:hr>132</gpxtpx:hr></gpxtpx:TrackPointExtension></extensions></trkpt><trkpt lat="60.249325" lon="25.05899"><ele>19.2</ele><time>2026-08-02T14:55:59Z</time></trkpt><trkpt lat="60.249272" lon="25.05893"><ele>19.1</ele><time>2026-08-02T14:56:00Z</time></trkpt><trkpt lat="60.249218" lon="25.058875"><ele>19.1</ele><time>2026-08-02T14:56:01Z</time></trkpt><trkpt lat="60.249167" lon="25.058815"><ele>19.1</ele><time>2026-08-02T14:56:02Z</time></trkpt><trkpt lat="60.249118" lon="25.058753"><ele>19.0</ele><time>2026-08-02T14:56:03Z</time><extensions><gpxtpx:TrackPointExtension><gpxtpx:hr>132</gpxtpx:hr></gpxtpx:TrackPointExtension></extensions></trkpt><trkpt lat="60.249065" lon="25.058692"><ele>18.6</ele><time>2026-08-02T14:56:04Z</time></trkpt><trkpt lat="60.249017" lon="25.058628"><ele>18.6</ele><time>2026-08-02T14:56:05Z</time></trkpt><trkpt lat="60.248967" lon="25.058572"><ele>18.6</ele><time>2026-08-02T14:56:06Z</time></trkpt><trkpt lat="60.248918" lon="25.058512"><ele>18.6</ele><time>2026-08-02T14:56:07Z</time></trkpt><trkpt lat="60.248872" lon="25.058453"><ele>18.7</ele><time>2026-08-02T14:56:08Z</time></trkpt><trkpt lat="60.248825" lon="25.058395"><ele>18.7</ele><time>2026-08-02T14:56:09Z</time></trkpt><trkpt lat="60.248777" lon="25.058335"><ele>18.6</ele><time>2026-08-02T14:56:10Z</time></trkpt><trkpt lat="60.24873" lon="25.058268"><ele>18.8</ele><time>2026-08-02T14:56:11Z</time></trkpt><trkpt lat="60.248687" lon="25.05819"><ele>18.8</ele><time>2026-08-02T14:56:12Z</time><extensions><gpxtpx:TrackPointExtension><gpxtpx:hr>133</gpxtpx:hr></gpxtpx:TrackPointExtension></extensions></trkpt><trkpt lat="60.24864" lon="25.058118"><ele>18.9</ele><time>2026-08-02T14:56:13Z</time></trkpt><trkpt lat="60.248595" lon="25.058048"><ele>18.8</ele><time>2026-08-02T14:56:14Z</time></trkpt><trkpt lat="60.248552" lon="25.05798"><ele>18.8</ele><time>2026-08-02T14:56:15Z</time></trkpt><trkpt lat="60.248512" lon="25.057907"><ele>18.6</ele><time>2026-08-02T14:56:16Z</time></trkpt><trkpt lat="60.248465" lon="25.05784"><ele>18.8</ele><time>2026-08-02T14:56:17Z</time><extensions><gpxtpx:TrackPointExtension><gpxtpx:hr>132</gpxtpx:hr></gpxtpx:TrackPointExtension></extensions></trkpt><trkpt lat="60.248435" lon="25.057783"><ele>15.9</ele><time>2026-08-02T14:56:18Z</time><extensions><gpxtpx:TrackPointExtension><gpxtpx:hr>132</gpxtpx:hr></gpxtpx:TrackPointExtension></extensions></trkpt><trkpt lat="60.248395" lon="25.057718"><ele>16.3</ele><time>2026-08-02T14:56:19Z</time></trkpt><trkpt lat="60.248357" lon="25.057647"><ele>17.0</ele><time>2026-08-02T14:56:20Z</time></trkpt><trkpt lat="60.248318" lon="25.057578"><ele>17.0</ele><time>2026-08-02T14:56:21Z</time></trkpt><trkpt lat="60.248278" lon="25.05751"><ele>17.1</ele><time>2026-08-02T14:56:22Z</time></trkpt><trkpt lat="60.248238" lon="25.057438"><ele>17.5</ele><time>2026-08-02T14:56:23Z</time><extensions><gpxtpx:TrackPointExtension><gpxtpx:hr>132</gpxtpx:hr></gpxtpx:TrackPointExtension></extensions></trkpt><trkpt lat="60.248208" lon="25.057368"><ele>17.8</ele><time>2026-08-02T14:56:24Z</time></trkpt><trkpt lat="60.248177" lon="25.057285"><ele>18.2</ele><time>2026-08-02T14:56:25Z</time></trkpt><trkpt lat="60.248143" lon="25.057202"><ele>18.2</ele><time>2026-08-02T14:56:26Z</time></trkpt><trkpt lat="60.248108" lon="25.057112"><ele>18.4</ele><time>2026-08-02T14:56:27Z</time></trkpt><trkpt lat="60.248075" lon="25.057038"><ele>18.8</ele><time>2026-08-02T14:56:28Z</time><extensions><gpxtpx:TrackPointExtension><gpxtpx:hr>133</gpxtpx:hr></gpxtpx:TrackPointExtension></extensions></trkpt><trkpt lat="60.248043" lon="25.05696"><ele>19.0</ele><time>2026-08-02T14:56:29Z</time></trkpt><trkpt lat="60.248008" lon="25.056877"><ele>19.0</ele><time>2026-08-02T14:56:29Z</time></trkpt><trkpt lat="60.247978" lon="25.056785"><ele>19.3</ele><time>2026-08-02T14:56:30Z</time></trkpt><trkpt lat="60.247948" lon="25.056695"><ele>19.4</ele><time>2026-08-02T14:56:31Z</time></trkpt><trkpt lat="60.247925" lon="25.056603"><ele>19.6</ele><time>2026-08-02T14:56:32Z</time><extensions><gpxtpx:TrackPointExtension><gpxtpx:hr>137</gpxtpx:hr></gpxtpx:TrackPointExtension></extensions></trkpt><trkpt lat="60.247898" lon="25.056515"><ele>20.2</ele><time>2026-08-02T14:56:33Z</time></trkpt><trkpt lat="60.24788" lon="25.056417"><ele>20.2</ele><time>2026-08-02T14:56:34Z</time></trkpt><trkpt lat="60.24786" lon="25.056315"><ele>20.4</ele><time>2026-08-02T14:56:35Z</time></trkpt><trkpt lat="60.247835" lon="25.05622"><ele>20.7</ele><time>2026-08-02T14:56:36Z</time></trkpt><trkpt lat="60.247815" lon="25.056133"><ele>21.0</ele><time>2026-08-02T14:56:37Z</time></trkpt><trkpt lat="60.247793" lon="25.056055"><ele>21.2</ele><time>2026-08-02T14:56:38Z</time></trkpt><trkpt lat="60.247778" lon="25.055977"><ele>21.5</ele><time>2026-08-02T14:56:39Z</time><extensions><gpxtpx:TrackPointExtension><gpxtpx:hr>146</gpxtpx:hr></gpxtpx:TrackPointExtension></extensions></trkpt><trkpt lat="60.247763" lon="25.055897"><ele>21.9</ele><time>2026-08-02T14:56:40Z</time></trkpt><trkpt lat="60.247745" lon="25.055803"><ele>22.1</ele><time>2026-08-02T14:56:41Z</time></trkpt><trkpt lat="60.247725" lon="25.055725"><ele>22.0</ele><time>2026-08-02T14:56:42Z</time><extensions><gpxtpx:TrackPointExtension><gpxtpx:hr>148</gpxtpx:hr></gpxtpx:TrackPointExtension></extensions></trkpt><trkpt lat="60.247703" lon="25.05565"><ele>22.2</ele><time>2026-08-02T14:56:43Z</time></trkpt><trkpt lat="60.247677" lon="25.055578"><ele>22.4</ele><time>2026-08-02T14:56:44Z</time></trkpt><trkpt lat="60.247655" lon="25.055498"><ele>23.2</ele><time>2026-08-02T14:56:45Z</time></trkpt><trkpt lat="60.247637" lon="25.05542"><ele>22.9</ele><time>2026-08-02T14:56:46Z</time></trkpt><trkpt lat="60.247625" lon="25.055352"><ele>23.2</ele><time>2026-08-02T14:56:47Z</time></trkpt><trkpt lat="60.247603" lon="25.0553"><ele>23.4</ele><time>2026-08-02T14:56:48Z</time></trkpt><trkpt lat="60.247577" lon="25.055232"><ele>23.2</ele><time>2026-08-02T14:56:49Z</time></trkpt><trkpt lat="60.247558" lon="25.055145"><ele>23.2</ele><time>2026-08-02T14:56:50Z</time></trkpt><trkpt lat="60.247545" lon="25.05506"><ele>23.2</ele><time>2026-08-02T14:56:51Z</time><extensions><gpxtpx:TrackPointExtension><gpxtpx:hr>152</gpxtpx:hr></gpxtpx:TrackPointExtension></extensions></trkpt><trkpt lat="60.247533" lon="25.054988"><ele>23.3</ele><time>2026-08-02T14:56:52Z</time><extensions><gpxtpx:TrackPointExtension><gpxtpx:hr>152</gpxtpx:hr></gpxtpx:TrackPointExtension></extensions></trkpt><trkpt lat="60.247523" lon="25.054917"><ele>23.5</ele><time>2026-08-02T14:56:53Z</time></trkpt><trkpt lat="60.247512" lon="25.054848"><ele>24.0</ele><time>2026-08-02T14:56:54Z</time></trkpt><trkpt lat="60.2475" lon="25.054782"><ele>24.1</ele><time>2026-08-02T14:56:55Z</time></trkpt><trkpt lat="60.24749" lon="25.054708"><ele>24.5</ele><time>2026-08-02T14:56:56Z</time></trkpt><trkpt lat="60.247477" lon="25.054647"><ele>24.2</ele><time>2026-08-02T14:56:57Z</time></trkpt><trkpt lat="60.247458" lon="25.054585"><ele>24.5</ele><time>2026-08-02T14:56:58Z</time><extensions><gpxtpx:TrackPointExtension><gpxtpx:hr>154</gpxtpx:hr></gpxtpx:TrackPointExtension></extensions></trkpt><trkpt lat="60.247445" lon="25.054508"><ele>24.7</ele><time>2026-08-02T14:56:59Z</time></trkpt><trkpt lat="60.247433" lon="25.054435"><ele>24.8</ele><time>2026-08-02T14:57:00Z</time></trkpt><trkpt lat="60.247423" lon="25.054363"><ele>25.1</ele><time>2026-08-02T14:57:01Z</time></trkpt><trkpt lat="60.247412" lon="25.054302"><ele>24.7</ele><time>2026-08-02T14:57:02Z</time></trkpt><trkpt lat="60.247397" lon="25.054225"><ele>24.7</ele><time>2026-08-02T14:57:03Z</time></trkpt><trkpt lat="60.24738" lon="25.054152"><ele>25.3</ele><time>2026-08-02T14:57:04Z</time></trkpt><trkpt lat="60.247368" lon="25.054078"><ele>25.2</ele><time>2026-08-02T14:57:05Z</time></trkpt><trkpt lat="60.247355" lon="25.054013"><ele>25.4</ele><time>2026-08-02T14:57:06Z</time><extensions><gpxtpx:TrackPointExtension><gpxtpx:hr>158</gpxtpx:hr></gpxtpx:TrackPointExtension></extensions></trkpt><trkpt lat="60.247342" lon="25.053937"><ele>25.5</ele><time>2026-08-02T14:57:07Z</time></trkpt><trkpt lat="60.247325" lon="25.053867"><ele>25.8</ele><time>2026-08-02T14:57:08Z</time></trkpt><trkpt lat="60.247312" lon="25.053792"><ele>26.3</ele><time>2026-08-02T14:57:09Z</time></trkpt><trkpt lat="60.247293" lon="25.053718"><ele>26.1</ele><time>2026-08-02T14:57:10Z</time><extensions><gpxtpx:TrackPointExtension><gpxtpx:hr>159</gpxtpx:hr></gpxtpx:TrackPointExtension></extensions></trkpt><trkpt lat="60.24728" lon="25.053648"><ele>26.4</ele><time>2026-08-02T14:57:11Z</time></trkpt><trkpt lat="60.247257" lon="25.053582"><ele>26.8</ele><time>2026-08-02T14:57:12Z</time></trkpt><trkpt lat="60.24724" lon="25.053517"><ele>26.6</ele><time>2026-08-02T14:57:13Z</time></trkpt><trkpt lat="60.247222" lon="25.053445"><ele>26.9</ele><time>2026-08-02T14:57:14Z</time></trkpt><trkpt lat="60.247202" lon="25.053372"><ele>26.9</ele><time>2026-08-02T14:57:15Z</time></trkpt><trkpt lat="60.24719" lon="25.053292"><ele>27.4</ele><time>2026-08-02T14:57:16Z</time><extensions><gpxtpx:TrackPointExtension><gpxtpx:hr>161</gpxtpx:hr></gpxtpx:TrackPointExtension></extensions></trkpt><trkpt lat="60.247178" lon="25.053222"><ele>27.7</ele><time>2026-08-02T14:57:17Z</time></trkpt><trkpt lat="60.247165" lon="25.05315"><ele>27.5</ele><time>2026-08-02T14:57:18Z</time></trkpt><trkpt lat="60.247147" lon="25.053087"><ele>27.4</ele><time>2026-08-02T14:57:19Z</time></trkpt><trkpt lat="60.247133" lon="25.053015"><ele>27.3</ele><time>2026-08-02T14:57:20Z</time><extensions><gpxtpx:TrackPointExtension><gpxtpx:hr>163</gpxtpx:hr></gpxtpx:TrackPointExtension></extensions></trkpt><trkpt lat="60.247117" lon="25.052932"><ele>27.3</ele><time>2026-08-02T14:57:21Z</time></trkpt><trkpt lat="60.247102" lon="25.052855"><ele>27.2</ele><time>2026-08-02T14:57:22Z</time></trkpt><trkpt lat="60.247078" lon="25.052775"><ele>27.1</ele><time>2026-08-02T14:57:23Z</time></trkpt><trkpt lat="60.247063" lon="25.052685"><ele>27.0</ele><time>2026-08-02T14:57:24Z</time><extensions><gpxtpx:TrackPointExtension><gpxtpx:hr>164</gpxtpx:hr></gpxtpx:TrackPointExtension></extensions></trkpt><trkpt lat="60.247047" lon="25.052602"><ele>27.1</ele><time>2026-08-02T14:57:25Z</time></trkpt><trkpt lat="60.24703" lon="25.052515"><ele>27.2</ele><time>2026-08-02T14:57:26Z</time></trkpt><trkpt lat="60.247015" lon="25.052435"><ele>27.0</ele><time>2026-08-02T14:57:27Z</time></trkpt><trkpt lat="60.246998" lon="25.052353"><ele>26.8</ele><time>2026-08-02T14:57:28Z</time></trkpt><trkpt lat="60.246978" lon="25.05227"><ele>26.6</ele><time>2026-08-02T14:57:29Z</time></trkpt><trkpt lat="60.246957" lon="25.052183"><ele>26.1</ele><time>2026-08-02T14:57:30Z</time></trkpt><trkpt lat="60.246935" lon="25.052088"><ele>26.2</ele><time>2026-08-02T14:57:31Z</time><extensions><gpxtpx:TrackPointExtension><gpxtpx:hr>164</gpxtpx:hr></gpxtpx:TrackPointExtension></extensions></trkpt><trkpt lat="60.246917" lon="25.051997"><ele>25.8</ele><time>2026-08-02T14:57:32Z</time></trkpt><trkpt lat="60.246897" lon="25.051903"><ele>25.7</ele><time>2026-08-02T14:57:33Z</time><extensions><gpxtpx:TrackPointExtension><gpxtpx:hr>163</gpxtpx:hr></gpxtpx:TrackPointExtension></extensions></trkpt><trkpt lat="60.246872" lon="25.051813"><ele>25.7</ele><time>2026-08-02T14:57:34Z</time></trkpt><trkpt lat="60.246848" lon="25.051723"><ele>25.4</ele><time>2026-08-02T14:57:35Z</time></trkpt><trkpt lat="60.246822" lon="25.051633"><ele>25.2</ele><time>2026-08-02T14:57:36Z</time></trkpt><trkpt lat="60.246795" lon="25.051532"><ele>25.0</ele><time>2026-08-02T14:57:37Z</time></trkpt><trkpt lat="60.246777" lon="25.051422"><ele>25.1</ele><time>2026-08-02T14:57:38Z</time></trkpt><trkpt lat="60.246498" lon="25.05049"><ele>30.1</ele><time>2026-08-02T14:57:49Z</time><extensions><gpxtpx:TrackPointExtension><gpxtpx:hr>158</gpxtpx:hr></gpxtpx:TrackPointExtension></extensions></trkpt><trkpt lat="60.246498" lon="25.05049"><ele>30.1</ele><time>2026-08-02T14:57:45Z</time><extensions><gpxtpx:TrackPointExtension><gpxtpx:hr>156</gpxtpx:hr></gpxtpx:TrackPointExtension></extensions></trkpt><trkpt lat="60.246498" lon="25.05049"><ele>30.1</ele><time>2026-08-02T14:57:48Z</time><extensions><gpxtpx:TrackPointExtension><gpxtpx:hr>154</gpxtpx:hr></gpxtpx:TrackPointExtension></extensions></trkpt><trkpt lat="60.246485" lon="25.050395"><ele>32.1</ele><time>2026-08-02T14:57:50Z</time></trkpt><trkpt lat="60.246473" lon="25.050333"><ele>33.0</ele><time>2026-08-02T14:57:51Z</time></trkpt><trkpt lat="60.246467" lon="25.05023"><ele>31.0</ele><time>2026-08-02T14:57:52Z</time></trkpt><trkpt lat="60.246448" lon="25.050133"><ele>31.0</ele><time>2026-08-02T14:57:53Z</time></trkpt><trkpt lat="60.246428" lon="25.050038"><ele>31.2</ele><time>2026-08-02T14:57:54Z</time></trkpt><trkpt lat="60.246415" lon="25.049933"><ele>30.1</ele><time>2026-08-02T14:57:55Z</time></trkpt><trkpt lat="60.246398" lon="25.04984"><ele>29.8</ele><time>2026-08-02T14:57:56Z</time></trkpt><trkpt lat="60.246382" lon="25.049757"><ele>30.0</ele><time>2026-08-02T14:57:57Z</time><extensions><gpxtpx:TrackPointExtension><gpxtpx:hr>151</gpxtpx:hr></gpxtpx:TrackPointExtension></extensions></trkpt><trkpt lat="60.246367" lon="25.049668"><ele>30.1</ele><time>2026-08-02T14:57:58Z</time><extensions><gpxtpx:TrackPointExtension><gpxtpx:hr>150</gpxtpx:hr></gpxtpx:TrackPointExtension></extensions></trkpt><trkpt lat="60.24635" lon="25.049583"><ele>30.1</ele><time>2026-08-02T14:57:59Z</time></trkpt><trkpt lat="60.246338" lon="25.049497"><ele>30.0</ele><time>2026-08-02T14:58:00Z</time></trkpt><trkpt lat="60.246325" lon="25.049413"><ele>29.6</ele><time>2026-08-02T14:58:01Z</time></trkpt><trkpt lat="60.246308" lon="25.049327"><ele>29.3</ele><time>2026-08-02T14:58:02Z</time></trkpt><trkpt lat="60.24629" lon="25.049245"><ele>30.0</ele><time>2026-08-02T14:58:03Z</time></trkpt><trkpt lat="60.246275" lon="25.049165"><ele>29.9</ele><time>2026-08-02T14:58:04Z</time></trkpt><trkpt lat="60.246255" lon="25.049088"><ele>30.4</ele><time>2026-08-02T14:58:05Z</time></trkpt><trkpt lat="60.246237" lon="25.049008"><ele>30.4</ele><time>2026-08-02T14:58:06Z</time></trkpt><trkpt lat="60.246222" lon="25.048927"><ele>30.7</ele><time>2026-08-02T14:58:07Z</time><extensions><gpxtpx:TrackPointExtension><gpxtpx:hr>147</gpxtpx:hr></gpxtpx:TrackPointExtension></extensions></trkpt><trkpt lat="60.246202" lon="25.048837"><ele>30.8</ele><time>2026-08-02T14:58:08Z</time></trkpt><trkpt lat="60.24618" lon="25.048735"><ele>30.8</ele><time>2026-08-02T14:58:09Z</time><extensions><gpxtpx:TrackPointExtension><gpxtpx:hr>145</gpxtpx:hr></gpxtpx:TrackPointExtension></extensions></trkpt><trkpt lat="60.246157" lon="25.048637"><ele>30.8</ele><time>2026-08-02T14:58:10Z</time></trkpt><trkpt lat="60.246137" lon="25.048542"><ele>30.7</ele><time>2026-08-02T14:58:11Z</time></trkpt><trkpt lat="60.246117" lon="25.048445"><ele>30.7</ele><time>2026-08-02T14:58:12Z</time></trkpt><trkpt lat="60.246098" lon="25.048342"><ele>30.3</ele><time>2026-08-02T14:58:13Z</time><extensions><gpxtpx:TrackPointExtension><gpxtpx:hr>143</gpxtpx:hr></gpxtpx:TrackPointExtension></extensions></trkpt><trkpt lat="60.246078" lon="25.04823"><ele>29.9</ele><time>2026-08-02T14:58:14Z</time></trkpt><trkpt lat="60.246058" lon="25.048127"><ele>29.6</ele><time>2026-08-02T14:58:15Z</time></trkpt><trkpt lat="60.246038" lon="25.048025"><ele>29.2</ele><time>2026-08-02T14:58:16Z</time></trkpt><trkpt lat="60.246018" lon="25.04792"><ele>28.2</ele><time>2026-08-02T14:58:17Z</time></trkpt><trkpt lat="60.245993" lon="25.047823"><ele>28.3</ele><time>2026-08-02T14:58:18Z</time></trkpt><trkpt lat="60.24597" lon="25.047737"><ele>28.5</ele><time>2026-08-02T14:58:19Z</time></trkpt><trkpt lat="60.24595" lon="25.047638"><ele>27.5</ele><time>2026-08-02T14:58:20Z</time></trkpt><trkpt lat="60.245925" lon="25.047533"><ele>26.8</ele><time>2026-08-02T14:58:21Z</time></trkpt><trkpt lat="60.2459" lon="25.04743"><ele>26.9</ele><time>2026-08-02T14:58:22Z</time><extensions><gpxtpx:TrackPointExtension><gpxtpx:hr>136</gpxtpx:hr></gpxtpx:TrackPointExtension></extensions></trkpt><trkpt lat="60.24587" lon="25.047332"><ele>26.8</ele><time>2026-08-02T14:58:23Z</time></trkpt><trkpt lat="60.245843" lon="25.04723"><ele>26.1</ele><time>2026-08-02T14:58:24Z</time></trkpt><trkpt lat="60.245827" lon="25.047133"><ele>25.9</ele><time>2026-08-02T14:58:25Z</time></trkpt><trkpt lat="60.245805" lon="25.047038"><ele>25.6</ele><time>2026-08-02T14:58:26Z</time><extensions><gpxtpx:TrackPointExtension><gpxtpx:hr>137</gpxtpx:hr></gpxtpx:TrackPointExtension></extensions></trkpt><trkpt lat="60.245783" lon="25.04695"><ele>24.8</ele><time>2026-08-02T14:58:27Z</time></trkpt><trkpt lat="60.245768" lon="25.046858"><ele>24.7</ele><time>2026-08-02T14:58:28Z</time><extensions><gpxtpx:TrackPointExtension><gpxtpx:hr>138</gpxtpx:hr></gpxtpx:TrackPointExtension></extensions></trkpt><trkpt lat="60.245752" lon="25.046765"><ele>24.3</ele><time>2026-08-02T14:58:29Z</time></trkpt><trkpt lat="60.245727" lon="25.04667"><ele>23.9</ele><time>2026-08-02T14:58:30Z</time></trkpt><trkpt lat="60.245705" lon="25.046573"><ele>24.0</ele><time>2026-08-02T14:58:31Z</time></trkpt><trkpt lat="60.245682" lon="25.04648"><ele>23.7</ele><time>2026-08-02T14:58:32Z</time></trkpt><trkpt lat="60.245662" lon="25.046378"><ele>23.5</ele><time>2026-08-02T14:58:33Z</time></trkpt><trkpt lat="60.245638" lon="25.046273"><ele>23.0</ele><time>2026-08-02T14:58:34Z</time></trkpt><trkpt lat="60.245622" lon="25.046158"><ele>22.5</ele><time>2026-08-02T14:58:35Z</time></trkpt><trkpt lat="60.245612" lon="25.046043"><ele>23.0</ele><time>2026-08-02T14:58:36Z</time></trkpt><trkpt lat="60.245605" lon="25.045938"><ele>22.8</ele><time>2026-08-02T14:58:37Z</time><extensions><gpxtpx:TrackPointExtension><gpxtpx:hr>133</gpxtpx:hr></gpxtpx:TrackPointExtension></extensions></trkpt><trkpt lat="60.245588" lon="25.045835"><ele>22.2</ele><time>2026-08-02T14:58:38Z</time></trkpt><trkpt lat="60.245563" lon="25.045733"><ele>21.6</ele><time>2026-08-02T14:58:39Z</time></trkpt><trkpt lat="60.245532" lon="25.045625"><ele>21.3</ele><time>2026-08-02T14:58:40Z</time></trkpt><trkpt lat="60.24551" lon="25.045505"><ele>20.7</ele><time>2026-08-02T14:58:41Z</time></trkpt><trkpt lat="60.245487" lon="25.045385"><ele>21.6</ele><time>2026-08-02T14:58:42Z</time><extensions><gpxtpx:TrackPointExtension><gpxtpx:hr>131</gpxtpx:hr></gpxtpx:TrackPointExtension></extensions></trkpt><trkpt lat="60.245455" lon="25.045273"><ele>21.0</ele><time>2026-08-02T14:58:43Z</time></trkpt><trkpt lat="60.245408" lon="25.045183"><ele>21.2</ele><time>2026-08-02T14:58:44Z</time></trkpt><trkpt lat="60.245365" lon="25.045078"><ele>20.2</ele><time>2026-08-02T14:58:45Z</time></trkpt><trkpt lat="60.245338" lon="25.044963"><ele>19.8</ele><time>2026-08-02T14:58:46Z</time></trkpt><trkpt lat="60.245325" lon="25.044863"><ele>19.4</ele><time>2026-08-02T14:58:47Z</time><extensions><gpxtpx:TrackPointExtension><gpxtpx:hr>124</gpxtpx:hr></gpxtpx:TrackPointExtension></extensions></trkpt><trkpt lat="60.245303" lon="25.044775"><ele>19.2</ele><time>2026-08-02T14:58:48Z</time></trkpt><trkpt lat="60.24528" lon="25.044672"><ele>18.8</ele><time>2026-08-02T14:58:49Z</time></trkpt><trkpt lat="60.245263" lon="25.044562"><ele>18.2</ele><time>2026-08-02T14:58:50Z</time></trkpt><trkpt lat="60.245243" lon="25.044455"><ele>18.1</ele><time>2026-08-02T14:58:51Z</time><extensions><gpxtpx:TrackPointExtension><gpxtpx:hr>123</gpxtpx:hr></gpxtpx:TrackPointExtension></extensions></trkpt><trkpt lat="60.245218" lon="25.04435"><ele>18.1</ele><time>2026-08-02T14:58:52Z</time></trkpt><trkpt lat="60.245192" lon="25.04425"><ele>18.7</ele><time>2026-08-02T14:58:53Z</time><extensions><gpxtpx:TrackPointExtension><gpxtpx:hr>122</gpxtpx:hr></gpxtpx:TrackPointExtension></extensions></trkpt><trkpt lat="60.24517" lon="25.044158"><ele>19.0</ele><time>2026-08-02T14:58:54Z</time></trkpt><trkpt lat="60.245148" lon="25.044068"><ele>19.5</ele><time>2026-08-02T14:58:55Z</time></trkpt><trkpt lat="60.245132" lon="25.043968"><ele>19.3</ele><time>2026-08-02T14:58:56Z</time></trkpt><trkpt lat="60.245108" lon="25.043867"><ele>19.6</ele><time>2026-08-02T14:58:57Z</time></trkpt><trkpt lat="60.24509" lon="25.043768"><ele>19.3</ele><time>2026-08-02T14:58:58Z</time><extensions><gpxtpx:TrackPointExtension><gpxtpx:hr>122</gpxtpx:hr></gpxtpx:TrackPointExtension></extensions></trkpt><trkpt lat="60.245072" lon="25.04367"><ele>19.3</ele><time>2026-08-02T14:58:59Z</time></trkpt><trkpt lat="60.24505" lon="25.04357"><ele>19.5</ele><time>2026-08-02T14:59:00Z</time></trkpt><trkpt lat="60.245027" lon="25.04347"><ele>19.1</ele><time>2026-08-02T14:59:01Z</time></trkpt><trkpt lat="60.245002" lon="25.043372"><ele>19.7</ele><time>2026-08-02T14:59:02Z</time></trkpt><trkpt lat="60.244983" lon="25.043273"><ele>19.3</ele><time>2026-08-02T14:59:03Z</time></trkpt><trkpt lat="60.24496" lon="25.043172"><ele>19.1</ele><time>2026-08-02T14:59:04Z</time></trkpt><trkpt lat="60.244937" lon="25.04308"><ele>19.4</ele><time>2026-08-02T14:59:05Z</time></trkpt><trkpt lat="60.244917" lon="25.04299"><ele>19.3</ele><time>2026-08-02T14:59:06Z</time><extensions><gpxtpx:TrackPointExtension><gpxtpx:hr>123</gpxtpx:hr></gpxtpx:TrackPointExtension></extensions></trkpt><trkpt lat="60.244898" lon="25.042895"><ele>19.5</ele><time>2026-08-02T14:59:07Z</time></trkpt><trkpt lat="60.244878" lon="25.042805"><ele>19.5</ele><time>2026-08-02T14:59:08Z</time></trkpt><trkpt lat="60.24486" lon="25.042715"><ele>19.3</ele><time>2026-08-02T14:59:09Z</time><extensions><gpxtpx:TrackPointExtension><gpxtpx:hr>124</gpxtpx:hr></gpxtpx:TrackPointExtension></extensions></trkpt><trkpt lat="60.244842" lon="25.042622"><ele>19.8</ele><time>2026-08-02T14:59:10Z</time></trkpt><trkpt lat="60.244827" lon="25.042528"><ele>19.5</ele><time>2026-08-02T14:59:11Z</time></trkpt><trkpt lat="60.24481" lon="25.042433"><ele>18.5</ele><time>2026-08-02T14:59:12Z</time></trkpt><trkpt lat="60.244785" lon="25.042338"><ele>18.7</ele><time>2026-08-02T14:59:13Z</time></trkpt><trkpt lat="60.244762" lon="25.042245"><ele>18.6</ele><time>2026-08-02T14:59:14Z</time><extensions><gpxtpx:TrackPointExtension><gpxtpx:hr>124</gpxtpx:hr></gpxtpx:TrackPointExtension></extensions></trkpt><trkpt lat="60.244738" lon="25.042152"><ele>19.0</ele><time>2026-08-02T14:59:15Z</time></trkpt><trkpt lat="60.244718" lon="25.042057"><ele>19.2</ele><time>2026-08-02T14:59:16Z</time></trkpt><trkpt lat="60.2447" lon="25.041958"><ele>19.3</ele><time>2026-08-02T14:59:17Z</time></trkpt><trkpt lat="60.244677" lon="25.04186"><ele>19.3</ele><time>2026-08-02T14:59:18Z</time></trkpt><trkpt lat="60.244657" lon="25.041765"><ele>19.1</ele><time>2026-08-02T14:59:19Z</time><extensions><gpxtpx:TrackPointExtension><gpxtpx:hr>126</gpxtpx:hr></gpxtpx:TrackPointExtension></extensions></trkpt><trkpt lat="60.244637" lon="25.041672"><ele>19.4</ele><time>2026-08-02T14:59:20Z</time></trkpt><trkpt lat="60.244617" lon="25.041578"><ele>19.3</ele><time>2026-08-02T14:59:21Z</time></trkpt><trkpt lat="60.244597" lon="25.041482"><ele>19.5</ele><time>2026-08-02T14:59:22Z</time></trkpt><trkpt lat="60.244578" lon="25.041387"><ele>20.2</ele><time>2026-08-02T14:59:23Z</time><extensions><gpxtpx:TrackPointExtension><gpxtpx:hr>126</gpxtpx:hr></gpxtpx:TrackPointExtension></extensions></trkpt><trkpt lat="60.244567" lon="25.041285"><ele>20.3</ele><time>2026-08-02T14:59:24Z</time></trkpt><trkpt lat="60.24456" lon="25.041182"><ele>20.4</ele><time>2026-08-02T14:59:25Z</time></trkpt><trkpt lat="60.244557" lon="25.041083"><ele>20.1</ele><time>2026-08-02T14:59:26Z</time></trkpt><trkpt lat="60.24454" lon="25.040992"><ele>20.2</ele><time>2026-08-02T14:59:27Z</time></trkpt><trkpt lat="60.24452" lon="25.0409"><ele>19.9</ele><time>2026-08-02T14:59:28Z</time><extensions><gpxtpx:TrackPointExtension><gpxtpx:hr>126</gpxtpx:hr></gpxtpx:TrackPointExtension></extensions></trkpt><trkpt lat="60.244498" lon="25.040808"><ele>19.7</ele><time>2026-08-02T14:59:29Z</time></trkpt><trkpt lat="60.244478" lon="25.040712"><ele>20.0</ele><time>2026-08-02T14:59:30Z</time></trkpt><trkpt lat="60.244463" lon="25.040627"><ele>21.2</ele><time>2026-08-02T14:59:31Z</time></trkpt><trkpt lat="60.244445" lon="25.040537"><ele>20.7</ele><time>2026-08-02T14:59:32Z</time></trkpt><trkpt lat="60.244427" lon="25.040445"><ele>19.3</ele><time>2026-08-02T14:59:33Z</time></trkpt><trkpt lat="60.244403" lon="25.040362"><ele>19.7</ele><time>2026-08-02T14:59:34Z</time></trkpt><trkpt lat="60.244368" lon="25.04029"><ele>20.3</ele><time>2026-08-02T14:59:35Z</time></trkpt><trkpt lat="60.244333" lon="25.04021"><ele>19.8</ele><time>2026-08-02T14:59:36Z</time></trkpt><trkpt lat="60.2443" lon="25.040128"><ele>20.6</ele><time>2026-08-02T14:59:37Z</time><extensions><gpxtpx:TrackPointExtension><gpxtpx:hr>127</gpxtpx:hr></gpxtpx:TrackPointExtension></extensions></trkpt><trkpt lat="60.244272" lon="25.040035"><ele>20.8</ele><time>2026-08-02T14:59:38Z</time></trkpt><trkpt lat="60.244257" lon="25.039937"><ele>21.2</ele><time>2026-08-02T14:59:39Z</time></trkpt><trkpt lat="60.244243" lon="25.039852"><ele>22.3</ele><time>2026-08-02T14:59:40Z</time><extensions><gpxtpx:TrackPointExtension><gpxtpx:hr>126</gpxtpx:hr></gpxtpx:TrackPointExtension></extensions></trkpt><trkpt lat="60.244232" lon="25.039758"><ele>22.4</ele><time>2026-08-02T14:59:41Z</time></trkpt><trkpt lat="60.244222" lon="25.039665"><ele>22.0</ele><time>2026-08-02T14:59:42Z</time></trkpt><trkpt lat="60.244212" lon="25.039575"><ele>22.3</ele><time>2026-08-02T14:59:43Z</time><extensions><gpxtpx:TrackPointExtension><gpxtpx:hr>126</gpxtpx:hr></gpxtpx:TrackPointExtension></extensions></trkpt><trkpt lat="60.244192" lon="25.039493"><ele>23.2</ele><time>2026-08-02T14:59:44Z</time></trkpt><trkpt lat="60.24417" lon="25.03941"><ele>22.9</ele><time>2026-08-02T14:59:45Z</time></trkpt><trkpt lat="60.244152" lon="25.039327"><ele>22.7</ele><time>2026-08-02T14:59:46Z</time></trkpt><trkpt lat="60.244138" lon="25.039237"><ele>22.3</ele><time>2026-08-02T14:59:47Z</time></trkpt><trkpt lat="60.244133" lon="25.039153"><ele>21.6</ele><time>2026-08-02T14:59:48Z</time></trkpt><trkpt lat="60.24412" lon="25.039063"><ele>22.0</ele><time>2026-08-02T14:59:49Z</time><extensions><gpxtpx:TrackPointExtension><gpxtpx:hr>126</gpxtpx:hr></gpxtpx:TrackPointExtension></extensions></trkpt><trkpt lat="60.244115" lon="25.03898"><ele>22.4</ele><time>2026-08-02T14:59:50Z</time></trkpt><trkpt lat="60.24411" lon="25.038897"><ele>23.5</ele><time>2026-08-02T14:59:51Z</time></trkpt><trkpt lat="60.244107" lon="25.038808"><ele>24.5</ele><time>2026-08-02T14:59:52Z</time></trkpt><trkpt lat="60.244105" lon="25.038722"><ele>25.3</ele><time>2026-08-02T14:59:53Z</time></trkpt><trkpt lat="60.244103" lon="25.038627"><ele>25.4</ele><time>2026-08-02T14:59:54Z</time></trkpt><trkpt lat="60.244103" lon="25.038538"><ele>25.7</ele><time>2026-08-02T14:59:55Z</time></trkpt><trkpt lat="60.244103" lon="25.038445"><ele>25.6</ele><time>2026-08-02T14:59:56Z</time><extensions><gpxtpx:TrackPointExtension><gpxtpx:hr>130</gpxtpx:hr></gpxtpx:TrackPointExtension></extensions></trkpt><trkpt lat="60.244107" lon="25.038365"><ele>26.2</ele><time>2026-08-02T14:59:57Z</time></trkpt><trkpt lat="60.244112" lon="25.03828"><ele>26.9</ele><time>2026-08-02T14:59:58Z</time></trkpt><trkpt lat="60.24411" lon="25.038202"><ele>27.6</ele><time>2026-08-02T14:59:59Z</time><extensions><gpxtpx:TrackPointExtension><gpxtpx:hr>133</gpxtpx:hr></gpxtpx:TrackPointExtension></extensions></trkpt><trkpt lat="60.244112" lon="25.038132"><ele>29.6</ele><time>2026-08-02T15:00:00Z</time></trkpt><trkpt lat="60.244107" lon="25.038033"><ele>29.2</ele><time>2026-08-02T15:00:01Z</time></trkpt><trkpt lat="60.244105" lon="25.037955"><ele>29.6</ele><time>2026-08-02T15:00:02Z</time></trkpt><trkpt lat="60.244105" lon="25.037868"><ele>29.6</ele><time>2026-08-02T15:00:03Z</time></trkpt><trkpt lat="60.2441" lon="25.037783"><ele>29.8</ele><time>2026-08-02T15:00:04Z</time></trkpt><trkpt lat="60.244103" lon="25.03771"><ele>30.4</ele><time>2026-08-02T15:00:05Z</time></trkpt><trkpt lat="60.244103" lon="25.037615"><ele>31.3</ele><time>2026-08-02T15:00:06Z</time></trkpt><trkpt lat="60.244105" lon="25.037542"><ele>31.9</ele><time>2026-08-02T15:00:07Z</time><extensions><gpxtpx:TrackPointExtension><gpxtpx:hr>137</gpxtpx:hr></gpxtpx:TrackPointExtension></extensions></trkpt><trkpt lat="60.244105" lon="25.037463"><ele>32.0</ele><time>2026-08-02T15:00:08Z</time></trkpt><trkpt lat="60.2441" lon="25.037382"><ele>32.2</ele><time>2026-08-02T15:00:09Z</time><extensions><gpxtpx:TrackPointExtension><gpxtpx:hr>139</gpxtpx:hr></gpxtpx:TrackPointExtension></extensions></trkpt><trkpt lat="60.244098" lon="25.037292"><ele>32.3</ele><time>2026-08-02T15:00:10Z</time></trkpt><trkpt lat="60.244105" lon="25.037203"><ele>32.7</ele><time>2026-08-02T15:00:11Z</time></trkpt><trkpt lat="60.244102" lon="25.037118"><ele>32.9</ele><time>2026-08-02T15:00:12Z</time></trkpt><trkpt lat="60.244105" lon="25.037028"><ele>32.9</ele><time>2026-08-02T15:00:13Z</time></trkpt><trkpt lat="60.244108" lon="25.03694"><ele>32.8</ele><time>2026-08-02T15:00:14Z</time></trkpt><trkpt lat="60.244107" lon="25.036863"><ele>33.5</ele><time>2026-08-02T15:00:15Z</time><extensions><gpxtpx:TrackPointExtension><gpxtpx:hr>146</gpxtpx:hr></gpxtpx:TrackPointExtension></extensions></trkpt><trkpt lat="60.244102" lon="25.036783"><ele>32.9</ele><time>2026-08-02T15:00:16Z</time></trkpt><trkpt lat="60.244105" lon="25.036715"><ele>33.3</ele><time>2026-08-02T15:00:17Z</time></trkpt><trkpt lat="60.244108" lon="25.036643"><ele>33.4</ele><time>2026-08-02T15:00:18Z</time></trkpt><trkpt lat="60.244113" lon="25.036568"><ele>33.3</ele><time>2026-08-02T15:00:19Z</time></trkpt><trkpt lat="60.244108" lon="25.036478"><ele>33.8</ele><time>2026-08-02T15:00:20Z</time></trkpt><trkpt lat="60.244107" lon="25.036395"><ele>34.0</ele><time>2026-08-02T15:00:21Z</time></trkpt><trkpt lat="60.244113" lon="25.036323"><ele>33.6</ele><time>2026-08-02T15:00:22Z</time><extensions><gpxtpx:TrackPointExtension><gpxtpx:hr>152</gpxtpx:hr></gpxtpx:TrackPointExtension></extensions></trkpt><trkpt lat="60.24411" lon="25.03625"><ele>34.7</ele><time>2026-08-02T15:00:23Z</time><extensions><gpxtpx:TrackPointExtension><gpxtpx:hr>153</gpxtpx:hr></gpxtpx:TrackPointExtension></extensions></trkpt><trkpt lat="60.244108" lon="25.03617"><ele>35.2</ele><time>2026-08-02T15:00:24Z</time></trkpt><trkpt lat="60.244112" lon="25.036092"><ele>35.0</ele><time>2026-08-02T15:00:25Z</time></trkpt><trkpt lat="60.244113" lon="25.036015"><ele>35.0</ele><time>2026-08-02T15:00:26Z</time></trkpt><trkpt lat="60.244113" lon="25.035945"><ele>35.2</ele><time>2026-08-02T15:00:27Z</time></trkpt><trkpt lat="60.244113" lon="25.035872"><ele>35.3</ele><time>2026-08-02T15:00:28Z</time><extensions><gpxtpx:TrackPointExtension><gpxtpx:hr>154</gpxtpx:hr></gpxtpx:TrackPointExtension></extensions></trkpt><trkpt lat="60.244113" lon="25.035795"><ele>35.4</ele><time>2026-08-02T15:00:29Z</time></trkpt><trkpt lat="60.244117" lon="25.035718"><ele>34.7</ele><time>2026-08-02T15:00:30Z</time></trkpt><trkpt lat="60.244127" lon="25.035652"><ele>34.9</ele><time>2026-08-02T15:00:31Z</time></trkpt><trkpt lat="60.244125" lon="25.035577"><ele>35.0</ele><time>2026-08-02T15:00:32Z</time></trkpt><trkpt lat="60.244118" lon="25.035497"><ele>35.0</ele><time>2026-08-02T15:00:33Z</time><extensions><gpxtpx:TrackPointExtension><gpxtpx:hr>153</gpxtpx:hr></gpxtpx:TrackPointExtension></extensions></trkpt><trkpt lat="60.244103" lon="25.035417"><ele>35.4</ele><time>2026-08-02T15:00:34Z</time></trkpt><trkpt lat="60.244085" lon="25.035333"><ele>34.9</ele><time>2026-08-02T15:00:35Z</time></trkpt><trkpt lat="60.24407" lon="25.03527"><ele>34.8</ele><time>2026-08-02T15:00:36Z</time></trkpt><trkpt lat="60.244063" lon="25.035183"><ele>35.3</ele><time>2026-08-02T15:00:37Z</time></trkpt><trkpt lat="60.244058" lon="25.035095"><ele>35.8</ele><time>2026-08-02T15:00:38Z</time></trkpt><trkpt lat="60.244057" lon="25.035022"><ele>35.8</ele><time>2026-08-02T15:00:39Z</time></trkpt><trkpt lat="60.244058" lon="25.034955"><ele>35.5</ele><time>2026-08-02T15:00:40Z</time></trkpt><trkpt lat="60.244048" lon="25.03486"><ele>35.3</ele><time>2026-08-02T15:00:41Z</time></trkpt><trkpt lat="60.244033" lon="25.03476"><ele>35.0</ele><time>2026-08-02T15:00:42Z</time><extensions><gpxtpx:TrackPointExtension><gpxtpx:hr>152</gpxtpx:hr></gpxtpx:TrackPointExtension></extensions></trkpt><trkpt lat="60.244012" lon="25.034672"><ele>35.0</ele><time>2026-08-02T15:00:43Z</time></trkpt><trkpt lat="60.243997" lon="25.034588"><ele>34.5</ele><time>2026-08-02T15:00:44Z</time></trkpt><trkpt lat="60.24398" lon="25.034507"><ele>34.4</ele><time>2026-08-02T15:00:45Z</time></trkpt><trkpt lat="60.24397" lon="25.034418"><ele>34.8</ele><time>2026-08-02T15:00:46Z</time><extensions><gpxtpx:TrackPointExtension><gpxtpx:hr>149</gpxtpx:hr></gpxtpx:TrackPointExtension></extensions></trkpt><trkpt lat="60.243965" lon="25.034342"><ele>34.3</ele><time>2026-08-02T15:00:47Z</time></trkpt><trkpt lat="60.243942" lon="25.034257"><ele>34.4</ele><time>2026-08-02T15:00:48Z</time></trkpt><trkpt lat="60.243913" lon="25.034172"><ele>34.4</ele><time>2026-08-02T15:00:49Z</time><extensions><gpxtpx:TrackPointExtension><gpxtpx:hr>149</gpxtpx:hr></gpxtpx:TrackPointExtension></extensions></trkpt><trkpt lat="60.243883" lon="25.03408"><ele>35.1</ele><time>2026-08-02T15:00:50Z</time></trkpt><trkpt lat="60.243857" lon="25.03398"><ele>35.0</ele><time>2026-08-02T15:00:51Z</time></trkpt><trkpt lat="60.24383" lon="25.033872"><ele>33.6</ele><time>2026-08-02T15:00:52Z</time></trkpt><trkpt lat="60.243795" lon="25.033795"><ele>33.2</ele><time>2026-08-02T15:00:53Z</time></trkpt><trkpt lat="60.243767" lon="25.0337"><ele>33.4</ele><time>2026-08-02T15:00:54Z</time></trkpt><trkpt lat="60.243743" lon="25.033608"><ele>34.0</ele><time>2026-08-02T15:00:55Z</time></trkpt><trkpt lat="60.243718" lon="25.033517"><ele>33.7</ele><time>2026-08-02T15:00:56Z</time></trkpt><trkpt lat="60.243692" lon="25.033423"><ele>33.8</ele><time>2026-08-02T15:00:57Z</time><extensions><gpxtpx:TrackPointExtension><gpxtpx:hr>145</gpxtpx:hr></gpxtpx:TrackPointExtension></extensions></trkpt><trkpt lat="60.243663" lon="25.033332"><ele>33.9</ele><time>2026-08-02T15:00:58Z</time></trkpt><trkpt lat="60.24364" lon="25.033257"><ele>33.5</ele><time>2026-08-02T15:00:59Z</time></trkpt><trkpt lat="60.243612" lon="25.033178"><ele>33.4</ele><time>2026-08-02T15:01:00Z</time><extensions><gpxtpx:TrackPointExtension><gpxtpx:hr>143</gpxtpx:hr></gpxtpx:TrackPointExtension></extensions></trkpt><trkpt lat="60.243582" lon="25.033092"><ele>33.1</ele><time>2026-08-02T15:01:01Z</time></trkpt><trkpt lat="60.243562" lon="25.033002"><ele>33.7</ele><time>2026-08-02T15:01:02Z</time></trkpt><trkpt lat="60.24354" lon="25.03293"><ele>33.9</ele><time>2026-08-02T15:01:03Z</time></trkpt><trkpt lat="60.243515" lon="25.032863"><ele>34.2</ele><time>2026-08-02T15:01:04Z</time></trkpt><trkpt lat="60.243495" lon="25.032795"><ele>35.1</ele><time>2026-08-02T15:01:05Z</time><extensions><gpxtpx:TrackPointExtension><gpxtpx:hr>139</gpxtpx:hr></gpxtpx:TrackPointExtension></extensions></trkpt><trkpt lat="60.243478" lon="25.032722"><ele>34.8</ele><time>2026-08-02T15:01:06Z</time></trkpt><trkpt lat="60.243457" lon="25.032643"><ele>33.8</ele><time>2026-08-02T15:01:07Z</time></trkpt><trkpt lat="60.243418" lon="25.032545"><ele>32.9</ele><time>2026-08-02T15:01:08Z</time></trkpt><trkpt lat="60.243387" lon="25.032443"><ele>32.3</ele><time>2026-08-02T15:01:09Z</time></trkpt><trkpt lat="60.243358" lon="25.032342"><ele>31.2</ele><time>2026-08-02T15:01:10Z</time></trkpt><trkpt lat="60.243327" lon="25.032238"><ele>31.5</ele><time>2026-08-02T15:01:11Z</time></trkpt><trkpt lat="60.243295" lon="25.032122"><ele>31.9</ele><time>2026-08-02T15:01:12Z</time><extensions><gpxtpx:TrackPointExtension><gpxtpx:hr>137</gpxtpx:hr></gpxtpx:TrackPointExtension></extensions></trkpt><trkpt lat="60.243263" lon="25.032017"><ele>31.8</ele><time>2026-08-02T15:01:13Z</time></trkpt><trkpt lat="60.243232" lon="25.031913"><ele>31.5</ele><time>2026-08-02T15:01:14Z</time></trkpt><trkpt lat="60.243205" lon="25.031817"><ele>31.6</ele><time>2026-08-02T15:01:15Z</time><extensions><gpxtpx:TrackPointExtension><gpxtpx:hr>136</gpxtpx:hr></gpxtpx:TrackPointExtension></extensions></trkpt><trkpt lat="60.243175" lon="25.031685"><ele>30.2</ele><time>2026-08-02T15:01:15Z</time></trkpt><trkpt lat="60.243143" lon="25.03159"><ele>30.7</ele><time>2026-08-02T15:01:16Z</time></trkpt><trkpt lat="60.243108" lon="25.031497"><ele>30.5</ele><time>2026-08-02T15:01:17Z</time></trkpt><trkpt lat="60.243077" lon="25.031405"><ele>30.6</ele><time>2026-08-02T15:01:18Z</time></trkpt><trkpt lat="60.243053" lon="25.031307"><ele>30.4</ele><time>2026-08-02T15:01:19Z</time></trkpt><trkpt lat="60.24304" lon="25.031208"><ele>30.0</ele><time>2026-08-02T15:01:20Z</time></trkpt><trkpt lat="60.24302" lon="25.031123"><ele>29.9</ele><time>2026-08-02T15:01:21Z</time><extensions><gpxtpx:TrackPointExtension><gpxtpx:hr>134</gpxtpx:hr></gpxtpx:TrackPointExtension></extensions></trkpt><trkpt lat="60.242993" lon="25.031017"><ele>30.0</ele><time>2026-08-02T15:01:22Z</time></trkpt><trkpt lat="60.242968" lon="25.030923"><ele>29.4</ele><time>2026-08-02T15:01:23Z</time></trkpt><trkpt lat="60.242945" lon="25.03083"><ele>29.3</ele><time>2026-08-02T15:01:24Z</time></trkpt><trkpt lat="60.242918" lon="25.03074"><ele>29.4</ele><time>2026-08-02T15:01:25Z</time><extensions><gpxtpx:TrackPointExtension><gpxtpx:hr>131</gpxtpx:hr></gpxtpx:TrackPointExtension></extensions></trkpt><trkpt lat="60.242887" lon="25.030657"><ele>29.0</ele><time>2026-08-02T15:01:26Z</time></trkpt><trkpt lat="60.242857" lon="25.030567"><ele>28.5</ele><time>2026-08-02T15:01:27Z</time><extensions><gpxtpx:TrackPointExtension><gpxtpx:hr>130</gpxtpx:hr></gpxtpx:TrackPointExtension></extensions></trkpt><trkpt lat="60.242823" lon="25.030472"><ele>28.2</ele><time>2026-08-02T15:01:28Z</time></trkpt><trkpt lat="60.242797" lon="25.030377"><ele>27.9</ele><time>2026-08-02T15:01:29Z</time></trkpt><trkpt lat="60.24277" lon="25.030283"><ele>27.7</ele><time>2026-08-02T15:01:30Z</time></trkpt><trkpt lat="60.242738" lon="25.030175"><ele>27.2</ele><time>2026-08-02T15:01:31Z</time></trkpt><trkpt lat="60.242712" lon="25.030078"><ele>26.9</ele><time>2026-08-02T15:01:32Z</time></trkpt><trkpt lat="60.24269" lon="25.029987"><ele>26.6</ele><time>2026-08-02T15:01:33Z</time></trkpt><trkpt lat="60.242673" lon="25.029898"><ele>26.6</ele><time>2026-08-02T15:01:34Z</time></trkpt><trkpt lat="60.242662" lon="25.029808"><ele>26.3</ele><time>2026-08-02T15:01:35Z</time></trkpt><trkpt lat="60.242655" lon="25.029723"><ele>26.2</ele><time>2026-08-02T15:01:36Z</time><extensions><gpxtpx:TrackPointExtension><gpxtpx:hr>127</gpxtpx:hr></gpxtpx:TrackPointExtension></extensions></trkpt><trkpt lat="60.242653" lon="25.029645"><ele>26.1</ele><time>2026-08-02T15:01:37Z</time><extensions><gpxtpx:TrackPointExtension><gpxtpx:hr>127</gpxtpx:hr></gpxtpx:TrackPointExtension></extensions></trkpt><trkpt lat="60.242647" lon="25.029568"><ele>25.8</ele><time>2026-08-02T15:01:38Z</time></trkpt><trkpt lat="60.242632" lon="25.029483"><ele>25.7</ele><time>2026-08-02T15:01:39Z</time></trkpt><trkpt lat="60.242608" lon="25.029408"><ele>25.5</ele><time>2026-08-02T15:01:40Z</time></trkpt><trkpt lat="60.24258" lon="25.029327"><ele>25.1</ele><time>2026-08-02T15:01:41Z</time></trkpt><trkpt lat="60.242552" lon="25.02925"><ele>24.8</ele><time>2026-08-02T15:01:42Z</time><extensions><gpxtpx:TrackPointExtension><gpxtpx:hr>126</gpxtpx:hr></gpxtpx:TrackPointExtension></extensions></trkpt><trkpt lat="60.242535" lon="25.029153"><ele>24.5</ele><time>2026-08-02T15:01:43Z</time></trkpt><trkpt lat="60.242525" lon="25.029045"><ele>24.2</ele><time>2026-08-02T15:01:44Z</time></trkpt><trkpt lat="60.242523" lon="25.028927"><ele>23.8</ele><time>2026-08-02T15:01:45Z</time></trkpt><trkpt lat="60.242523" lon="25.028808"><ele>23.8</ele><time>2026-08-02T15:01:46Z</time></trkpt><trkpt lat="60.242525" lon="25.028703"><ele>23.3</ele><time>2026-08-02T15:01:47Z</time></trkpt><trkpt lat="60.242525" lon="25.028598"><ele>23.1</ele><time>2026-08-02T15:01:48Z</time></trkpt><trkpt lat="60.242523" lon="25.028498"><ele>22.9</ele><time>2026-08-02T15:01:49Z</time></trkpt><trkpt lat="60.242525" lon="25.028407"><ele>22.9</ele><time>2026-08-02T15:01:50Z</time></trkpt><trkpt lat="60.242535" lon="25.028328"><ele>22.5</ele><time>2026-08-02T15:01:51Z</time><extensions><gpxtpx:TrackPointExtension><gpxtpx:hr>121</gpxtpx:hr></gpxtpx:TrackPointExtension></extensions></trkpt><trkpt lat="60.242532" lon="25.028278"><ele>22.3</ele><time>2026-08-02T15:01:52Z</time></trkpt><trkpt lat="60.242512" lon="25.028253"><ele>22.4</ele><time>2026-08-02T15:01:53Z</time></trkpt><trkpt lat="60.242485" lon="25.028237"><ele>22.8</ele><time>2026-08-02T15:01:54Z</time><extensions><gpxtpx:TrackPointExtension><gpxtpx:hr>120</gpxtpx:hr></gpxtpx:TrackPointExtension></extensions></trkpt><trkpt lat="60.242463" lon="25.028243"><ele>22.7</ele><time>2026-08-02T15:01:55Z</time></trkpt><trkpt lat="60.242442" lon="25.028258"><ele>22.8</ele><time>2026-08-02T15:01:56Z</time></trkpt><trkpt lat="60.24242" lon="25.02825"><ele>22.6</ele><time>2026-08-02T15:01:57Z</time><extensions><gpxtpx:TrackPointExtension><gpxtpx:hr>120</gpxtpx:hr></gpxtpx:TrackPointExtension></extensions></trkpt><trkpt lat="60.242397" lon="25.028245"><ele>23.0</ele><time>2026-08-02T15:01:58Z</time></trkpt><trkpt lat="60.242377" lon="25.02826"><ele>22.8</ele><time>2026-08-02T15:01:59Z</time></trkpt><trkpt lat="60.242362" lon="25.028298"><ele>23.1</ele><time>2026-08-02T15:02:00Z</time></trkpt><trkpt lat="60.242362" lon="25.028358"><ele>22.8</ele><time>2026-08-02T15:02:01Z</time></trkpt><trkpt lat="60.242358" lon="25.028408"><ele>23.0</ele><time>2026-08-02T15:02:02Z</time><extensions><gpxtpx:TrackPointExtension><gpxtpx:hr>121</gpxtpx:hr></gpxtpx:TrackPointExtension></extensions></trkpt><trkpt lat="60.242338" lon="25.028438"><ele>22.8</ele><time>2026-08-02T15:02:03Z</time></trkpt><trkpt lat="60.24231" lon="25.028428"><ele>23.0</ele><time>2026-08-02T15:02:04Z</time></trkpt><trkpt lat="60.24229" lon="25.028355"><ele>22.5</ele><time>2026-08-02T15:02:05Z</time></trkpt><trkpt lat="60.242277" lon="25.028272"><ele>23.1</ele><time>2026-08-02T15:02:06Z</time></trkpt><trkpt lat="60.242263" lon="25.028193"><ele>23.0</ele><time>2026-08-02T15:02:07Z</time></trkpt><trkpt lat="60.242242" lon="25.028155"><ele>22.7</ele><time>2026-08-02T15:02:08Z</time><extensions><gpxtpx:TrackPointExtension><gpxtpx:hr>121</gpxtpx:hr></gpxtpx:TrackPointExtension></extensions></trkpt><trkpt lat="60.24222" lon="25.02809"><ele>22.8</ele><time>2026-08-02T15:02:09Z</time></trkpt><trkpt lat="60.2422" lon="25.028005"><ele>23.4</ele><time>2026-08-02T15:02:10Z</time></trkpt><trkpt lat="60.242182" lon="25.027938"><ele>23.4</ele><time>2026-08-02T15:02:11Z</time></trkpt><trkpt lat="60.24216" lon="25.02787"><ele>23.0</ele><time>2026-08-02T15:02:12Z</time></trkpt><trkpt lat="60.242135" lon="25.027793"><ele>22.9</ele><time>2026-08-02T15:02:13Z</time><extensions><gpxtpx:TrackPointExtension><gpxtpx:hr>121</gpxtpx:hr></gpxtpx:TrackPointExtension></extensions></trkpt><trkpt lat="60.242112" lon="25.02772"><ele>22.7</ele><time>2026-08-02T15:02:14Z</time></trkpt><trkpt lat="60.242095" lon="25.027648"><ele>22.7</ele><time>2026-08-02T15:02:15Z</time></trkpt><trkpt lat="60.242067" lon="25.027568"><ele>22.2</ele><time>2026-08-02T15:02:16Z</time></trkpt><trkpt lat="60.242038" lon="25.027483"><ele>21.8</ele><time>2026-08-02T15:02:17Z</time></trkpt><trkpt lat="60.242007" lon="25.027383"><ele>21.6</ele><time>2026-08-02T15:02:18Z</time></trkpt><trkpt lat="60.241982" lon="25.027283"><ele>21.7</ele><time>2026-08-02T15:02:19Z</time></trkpt><trkpt lat="60.24195" lon="25.027195"><ele>21.7</ele><time>2026-08-02T15:02:20Z</time></trkpt><trkpt lat="60.24192" lon="25.027097"><ele>21.9</ele><time>2026-08-02T15:02:21Z</time><extensions><gpxtpx:TrackPointExtension><gpxtpx:hr>118</gpxtpx:hr></gpxtpx:TrackPointExtension></extensions></trkpt><trkpt lat="60.241893" lon="25.026998"><ele>22.2</ele><time>2026-08-02T15:02:22Z</time></trkpt><trkpt lat="60.241868" lon="25.0269"><ele>22.1</ele><time>2026-08-02T15:02:23Z</time><extensions><gpxtpx:TrackPointExtension><gpxtpx:hr>119</gpxtpx:hr></gpxtpx:TrackPointExtension></extensions></trkpt><trkpt lat="60.241845" lon="25.026798"><ele>22.4</ele><time>2026-08-02T15:02:24Z</time></trkpt><trkpt lat="60.241827" lon="25.026688"><ele>22.4</ele><time>2026-08-02T15:02:25Z</time></trkpt><trkpt lat="60.24182" lon="25.026572"><ele>22.5</ele><time>2026-08-02T15:02:26Z</time></trkpt><trkpt lat="60.24183" lon="25.026452"><ele>22.7</ele><time>2026-08-02T15:02:27Z</time></trkpt><trkpt lat="60.241837" lon="25.026338"><ele>22.6</ele><time>2026-08-02T15:02:28Z</time></trkpt><trkpt lat="60.241845" lon="25.026223"><ele>22.6</ele><time>2026-08-02T15:02:29Z</time></trkpt><trkpt lat="60.241853" lon="25.026105"><ele>22.6</ele><time>2026-08-02T15:02:30Z</time></trkpt><trkpt lat="60.241862" lon="25.025988"><ele>22.3</ele><time>2026-08-02T15:02:31Z</time><extensions><gpxtpx:TrackPointExtension><gpxtpx:hr>118</gpxtpx:hr></gpxtpx:TrackPointExtension></extensions></trkpt><trkpt lat="60.241867" lon="25.025875"><ele>22.5</ele><time>2026-08-02T15:02:32Z</time></trkpt><trkpt lat="60.241875" lon="25.025755"><ele>22.4</ele><time>2026-08-02T15:02:33Z</time></trkpt><trkpt lat="60.241883" lon="25.025635"><ele>22.5</ele><time>2026-08-02T15:02:34Z</time><extensions><gpxtpx:TrackPointExtension><gpxtpx:hr>117</gpxtpx:hr></gpxtpx:TrackPointExtension></extensions></trkpt><trkpt lat="60.241892" lon="25.02552"><ele>22.8</ele><time>2026-08-02T15:02:35Z</time></trkpt><trkpt lat="60.241898" lon="25.02541"><ele>22.9</ele><time>2026-08-02T15:02:36Z</time></trkpt><trkpt lat="60.241903" lon="25.025302"><ele>23.0</ele><time>2026-08-02T15:02:37Z</time></trkpt><trkpt lat="60.241907" lon="25.025187"><ele>23.2</ele><time>2026-08-02T15:02:38Z</time></trkpt><trkpt lat="60.241917" lon="25.025077"><ele>23.2</ele><time>2026-08-02T15:02:39Z</time></trkpt><trkpt lat="60.241923" lon="25.024963"><ele>23.1</ele><time>2026-08-02T15:02:40Z</time></trkpt><trkpt lat="60.241928" lon="25.02485"><ele>23.4</ele><time>2026-08-02T15:02:41Z</time><extensions><gpxtpx:TrackPointExtension><gpxtpx:hr>120</gpxtpx:hr></gpxtpx:TrackPointExtension></extensions></trkpt><trkpt lat="60.241938" lon="25.024743"><ele>23.2</ele><time>2026-08-02T15:02:42Z</time><extensions><gpxtpx:TrackPointExtension><gpxtpx:hr>121</gpxtpx:hr></gpxtpx:TrackPointExtension></extensions></trkpt><trkpt lat="60.241945" lon="25.024642"><ele>23.1</ele><time>2026-08-02T15:02:43Z</time></trkpt><trkpt lat="60.24195" lon="25.024538"><ele>23.1</ele><time>2026-08-02T15:02:44Z</time></trkpt><trkpt lat="60.241958" lon="25.024432"><ele>23.0</ele><time>2026-08-02T15:02:45Z</time></trkpt><trkpt lat="60.241972" lon="25.024323"><ele>22.8</ele><time>2026-08-02T15:02:46Z</time></trkpt><trkpt lat="60.241983" lon="25.024222"><ele>22.9</ele><time>2026-08-02T15:02:47Z</time></trkpt><trkpt lat="60.241997" lon="25.02412"><ele>22.9</ele><time>2026-08-02T15:02:48Z</time></trkpt><trkpt lat="60.242007" lon="25.024022"><ele>22.9</ele><time>2026-08-02T15:02:49Z</time></trkpt><trkpt lat="60.242017" lon="25.023922"><ele>23.1</ele><time>2026-08-02T15:02:50Z</time></trkpt><trkpt lat="60.242023" lon="25.023813"><ele>23.1</ele><time>2026-08-02T15:02:51Z</time><extensions><gpxtpx:TrackPointExtension><gpxtpx:hr>122</gpxtpx:hr></gpxtpx:TrackPointExtension></extensions></trkpt><trkpt lat="60.242028" lon="25.023703"><ele>23.0</ele><time>2026-08-02T15:02:52Z</time><extensions><gpxtpx:TrackPointExtension><gpxtpx:hr>122</gpxtpx:hr></gpxtpx:TrackPointExtension></extensions></trkpt><trkpt lat="60.242035" lon="25.023592"><ele>22.8</ele><time>2026-08-02T15:02:53Z</time></trkpt><trkpt lat="60.242042" lon="25.023482"><ele>22.8</ele><time>2026-08-02T15:02:54Z</time></trkpt><trkpt lat="60.242045" lon="25.023378"><ele>22.9</ele><time>2026-08-02T15:02:55Z</time></trkpt><trkpt lat="60.24205" lon="25.023278"><ele>22.9</ele><time>2026-08-02T15:02:56Z</time></trkpt><trkpt lat="60.242057" lon="25.023183"><ele>23.1</ele><time>2026-08-02T15:02:57Z</time><extensions><gpxtpx:TrackPointExtension><gpxtpx:hr>124</gpxtpx:hr></gpxtpx:TrackPointExtension></extensions></trkpt><trkpt lat="60.242063" lon="25.02309"><ele>23.0</ele><time>2026-08-02T15:02:58Z</time></trkpt><trkpt lat="60.242072" lon="25.022987"><ele>23.1</ele><time>2026-08-02T15:02:59Z</time></trkpt><trkpt lat="60.242078" lon="25.02288"><ele>23.1</ele><time>2026-08-02T15:03:00Z</time></trkpt><trkpt lat="60.242083" lon="25.022777"><ele>22.9</ele><time>2026-08-02T15:03:01Z</time></trkpt><trkpt lat="60.24209" lon="25.022663"><ele>22.9</ele><time>2026-08-02T15:03:02Z</time></trkpt><trkpt lat="60.2421" lon="25.022553"><ele>22.9</ele><time>2026-08-02T15:03:03Z</time><extensions><gpxtpx:TrackPointExtension><gpxtpx:hr>121</gpxtpx:hr></gpxtpx:TrackPointExtension></extensions></trkpt><trkpt lat="60.242105" lon="25.022435"><ele>22.9</ele><time>2026-08-02T15:03:04Z</time></trkpt><trkpt lat="60.242115" lon="25.022322"><ele>22.8</ele><time>2026-08-02T15:03:05Z</time></trkpt><trkpt lat="60.242125" lon="25.022208"><ele>22.8</ele><time>2026-08-02T15:03:06Z</time></trkpt><trkpt lat="60.242135" lon="25.02209"><ele>22.8</ele><time>2026-08-02T15:03:07Z</time></trkpt><trkpt lat="60.242143" lon="25.02198"><ele>22.9</ele><time>2026-08-02T15:03:08Z</time></trkpt><trkpt lat="60.242157" lon="25.021873"><ele>23.0</ele><time>2026-08-02T15:03:09Z</time></trkpt><trkpt lat="60.24217" lon="25.021765"><ele>22.6</ele><time>2026-08-02T15:03:10Z</time></trkpt><trkpt lat="60.242178" lon="25.02165"><ele>22.8</ele><time>2026-08-02T15:03:11Z</time><extensions><gpxtpx:TrackPointExtension><gpxtpx:hr>122</gpxtpx:hr></gpxtpx:TrackPointExtension></extensions></trkpt><trkpt lat="60.242185" lon="25.021538"><ele>22.9</ele><time>2026-08-02T15:03:12Z</time></trkpt><trkpt lat="60.242197" lon="25.021425"><ele>23.2</ele><time>2026-08-02T15:03:13Z</time></trkpt><trkpt lat="60.242205" lon="25.021318"><ele>23.1</ele><time>2026-08-02T15:03:14Z</time></trkpt><trkpt lat="60.24221" lon="25.021212"><ele>23.4</ele><time>2026-08-02T15:03:15Z</time><extensions><gpxtpx:TrackPointExtension><gpxtpx:hr>121</gpxtpx:hr></gpxtpx:TrackPointExtension></extensions></trkpt><trkpt lat="60.242215" lon="25.021105"><ele>23.3</ele><time>2026-08-02T15:03:16Z</time></trkpt><trkpt lat="60.242218" lon="25.021002"><ele>23.5</ele><time>2026-08-02T15:03:17Z</time></trkpt><trkpt lat="60.242223" lon="25.020898"><ele>23.9</ele><time>2026-08-02T15:03:18Z</time></trkpt><trkpt lat="60.242225" lon="25.020803"><ele>23.9</ele><time>2026-08-02T15:03:19Z</time></trkpt><trkpt lat="60.242227" lon="25.02071"><ele>24.0</ele><time>2026-08-02T15:03:20Z</time><extensions><gpxtpx:TrackPointExtension><gpxtpx:hr>122</gpxtpx:hr></gpxtpx:TrackPointExtension></extensions></trkpt><trkpt lat="60.242227" lon="25.020628"><ele>24.1</ele><time>2026-08-02T15:03:21Z</time></trkpt><trkpt lat="60.242228" lon="25.020552"><ele>24.2</ele><time>2026-08-02T15:03:22Z</time></trkpt><trkpt lat="60.24223" lon="25.020485"><ele>24.3</ele><time>2026-08-02T15:03:23Z</time><extensions><gpxtpx:TrackPointExtension><gpxtpx:hr>124</gpxtpx:hr></gpxtpx:TrackPointExtension></extensions></trkpt><trkpt lat="60.242233" lon="25.020427"><ele>24.6</ele><time>2026-08-02T15:03:24Z</time></trkpt><trkpt lat="60.242235" lon="25.020382"><ele>24.6</ele><time>2026-08-02T15:03:25Z</time></trkpt><trkpt lat="60.242245" lon="25.020307"><ele>24.8</ele><time>2026-08-02T15:03:27Z</time></trkpt><trkpt lat="60.242258" lon="25.020267"><ele>24.7</ele><time>2026-08-02T15:03:28Z</time><extensions><gpxtpx:TrackPointExtension><gpxtpx:hr>123</gpxtpx:hr></gpxtpx:TrackPointExtension></extensions></trkpt><trkpt lat="60.24227" lon="25.020205"><ele>24.6</ele><time>2026-08-02T15:03:29Z</time></trkpt><trkpt lat="60.242277" lon="25.020138"><ele>24.6</ele><time>2026-08-02T15:03:30Z</time></trkpt><trkpt lat="60.242285" lon="25.020073"><ele>24.8</ele><time>2026-08-02T15:03:31Z</time></trkpt><trkpt lat="60.242293" lon="25.020008"><ele>24.7</ele><time>2026-08-02T15:03:32Z</time></trkpt><trkpt lat="60.242303" lon="25.019933"><ele>24.7</ele><time>2026-08-02T15:03:33Z</time></trkpt><trkpt lat="60.242313" lon="25.019855"><ele>24.7</ele><time>2026-08-02T15:03:34Z</time></trkpt><trkpt lat="60.242328" lon="25.019782"><ele>24.9</ele><time>2026-08-02T15:03:35Z</time></trkpt><trkpt lat="60.242347" lon="25.019705"><ele>24.9</ele><time>2026-08-02T15:03:36Z</time></trkpt><trkpt lat="60.242367" lon="25.019622"><ele>24.8</ele><time>2026-08-02T15:03:37Z</time></trkpt><trkpt lat="60.242388" lon="25.019538"><ele>24.7</ele><time>2026-08-02T15:03:38Z</time></trkpt><trkpt lat="60.242482" lon="25.018935"><ele>21.0</ele><time>2026-08-02T15:03:46Z</time><extensions><gpxtpx:TrackPointExtension><gpxtpx:hr>123</gpxtpx:hr></gpxtpx:TrackPointExtension></extensions></trkpt><trkpt lat="60.242463" lon="25.018862"><ele>22.7</ele><time>2026-08-02T15:03:47Z</time></trkpt><trkpt lat="60.242445" lon="25.018837"><ele>22.7</ele><time>2026-08-02T15:03:48Z</time><extensions><gpxtpx:TrackPointExtension><gpxtpx:hr>122</gpxtpx:hr></gpxtpx:TrackPointExtension></extensions></trkpt><trkpt lat="60.24246" lon="25.018787"><ele>20.1</ele><time>2026-08-02T15:03:49Z</time></trkpt><trkpt lat="60.242402" lon="25.018757"><ele>20.9</ele><time>2026-08-02T15:03:51Z</time></trkpt><trkpt lat="60.242363" lon="25.018732"><ele>21.8</ele><time>2026-08-02T15:03:52Z</time></trkpt><trkpt lat="60.242327" lon="25.018697"><ele>22.6</ele><time>2026-08-02T15:03:53Z</time><extensions><gpxtpx:TrackPointExtension><gpxtpx:hr>118</gpxtpx:hr></gpxtpx:TrackPointExtension></extensions></trkpt><trkpt lat="60.242295" lon="25.018647"><ele>22.8</ele><time>2026-08-02T15:03:54Z</time></trkpt><trkpt lat="60.242268" lon="25.018597"><ele>22.8</ele><time>2026-08-02T15:03:55Z</time></trkpt><trkpt lat="60.24225" lon="25.01852"><ele>22.8</ele><time>2026-08-02T15:03:56Z</time></trkpt><trkpt lat="60.242238" lon="25.018433"><ele>22.3</ele><time>2026-08-02T15:03:57Z</time></trkpt><trkpt lat="60.242243" lon="25.018343"><ele>21.6</ele><time>2026-08-02T15:03:58Z</time></trkpt><trkpt lat="60.242258" lon="25.018262"><ele>21.0</ele><time>2026-08-02T15:03:59Z</time></trkpt><trkpt lat="60.242277" lon="25.018157"><ele>20.8</ele><time>2026-08-02T15:04:00Z</time></trkpt><trkpt lat="60.242295" lon="25.018023"><ele>20.7</ele><time>2026-08-02T15:04:01Z</time></trkpt><trkpt lat="60.242315" lon="25.017907"><ele>19.7</ele><time>2026-08-02T15:04:02Z</time><extensions><gpxtpx:TrackPointExtension><gpxtpx:hr>119</gpxtpx:hr></gpxtpx:TrackPointExtension></extensions></trkpt><trkpt lat="60.24232" lon="25.017798"><ele>19.5</ele><time>2026-08-02T15:04:03Z</time></trkpt><trkpt lat="60.242317" lon="25.01767"><ele>19.3</ele><time>2026-08-02T15:04:04Z</time></trkpt><trkpt lat="60.242272" lon="25.01754"><ele>19.3</ele><time>2026-08-02T15:04:05Z</time></trkpt><trkpt lat="60.242247" lon="25.017415"><ele>19.4</ele><time>2026-08-02T15:04:06Z</time></trkpt><trkpt lat="60.242218" lon="25.017303"><ele>19.4</ele><time>2026-08-02T15:04:07Z</time><extensions><gpxtpx:TrackPointExtension><gpxtpx:hr>117</gpxtpx:hr></gpxtpx:TrackPointExtension></extensions></trkpt><trkpt lat="60.242182" lon="25.017207"><ele>19.3</ele><time>2026-08-02T15:04:08Z</time><extensions><gpxtpx:TrackPointExtension><gpxtpx:hr>117</gpxtpx:hr></gpxtpx:TrackPointExtension></extensions></trkpt><trkpt lat="60.242148" lon="25.017107"><ele>19.1</ele><time>2026-08-02T15:04:09Z</time></trkpt><trkpt lat="60.242112" lon="25.017003"><ele>19.0</ele><time>2026-08-02T15:04:10Z</time></trkpt><trkpt lat="60.242088" lon="25.016892"><ele>16.9</ele><time>2026-08-02T15:04:11Z</time></trkpt><trkpt lat="60.24206" lon="25.016792"><ele>16.9</ele><time>2026-08-02T15:04:12Z</time></trkpt><trkpt lat="60.242038" lon="25.016705"><ele>16.8</ele><time>2026-08-02T15:04:13Z</time><extensions><gpxtpx:TrackPointExtension><gpxtpx:hr>115</gpxtpx:hr></gpxtpx:TrackPointExtension></extensions></trkpt><trkpt lat="60.242015" lon="25.016607"><ele>16.7</ele><time>2026-08-02T15:04:14Z</time></trkpt><trkpt lat="60.241987" lon="25.01651"><ele>17.0</ele><time>2026-08-02T15:04:15Z</time></trkpt><trkpt lat="60.241968" lon="25.016412"><ele>16.3</ele><time>2026-08-02T15:04:16Z</time></trkpt><trkpt lat="60.241953" lon="25.016307"><ele>16.4</ele><time>2026-08-02T15:04:17Z</time></trkpt><trkpt lat="60.241942" lon="25.01619"><ele>16.6</ele><time>2026-08-02T15:04:18Z</time></trkpt><trkpt lat="60.241937" lon="25.016073"><ele>16.6</ele><time>2026-08-02T15:04:19Z</time></trkpt><trkpt lat="60.241942" lon="25.01596"><ele>15.5</ele><time>2026-08-02T15:04:20Z</time></trkpt><trkpt lat="60.241952" lon="25.015845"><ele>15.2</ele><time>2026-08-02T15:04:21Z</time></trkpt><trkpt lat="60.241963" lon="25.015742"><ele>14.0</ele><time>2026-08-02T15:04:22Z</time><extensions><gpxtpx:TrackPointExtension><gpxtpx:hr>115</gpxtpx:hr></gpxtpx:TrackPointExtension></extensions></trkpt><trkpt lat="60.241975" lon="25.015638"><ele>13.7</ele><time>2026-08-02T15:04:23Z</time><extensions><gpxtpx:TrackPointExtension><gpxtpx:hr>115</gpxtpx:hr></gpxtpx:TrackPointExtension></extensions></trkpt><trkpt lat="60.241995" lon="25.015508"><ele>13.1</ele><time>2026-08-02T15:04:24Z</time></trkpt><trkpt lat="60.242017" lon="25.01539"><ele>13.1</ele><time>2026-08-02T15:04:25Z</time></trkpt><trkpt lat="60.24203" lon="25.015275"><ele>13.1</ele><time>2026-08-02T15:04:26Z</time></trkpt><trkpt lat="60.242027" lon="25.015127"><ele>13.7</ele><time>2026-08-02T15:04:27Z</time></trkpt><trkpt lat="60.242013" lon="25.014975"><ele>13.0</ele><time>2026-08-02T15:04:28Z</time></trkpt><trkpt lat="60.242" lon="25.014813"><ele>12.7</ele><time>2026-08-02T15:04:29Z</time></trkpt><trkpt lat="60.24199" lon="25.014653"><ele>12.5</ele><time>2026-08-02T15:04:30Z</time></trkpt><trkpt lat="60.241997" lon="25.014495"><ele>12.1</ele><time>2026-08-02T15:04:31Z</time></trkpt><trkpt lat="60.242" lon="25.01431"><ele>11.8</ele><time>2026-08-02T15:04:32Z</time><extensions><gpxtpx:TrackPointExtension><gpxtpx:hr>114</gpxtpx:hr></gpxtpx:TrackPointExtension></extensions></trkpt><trkpt lat="60.242012" lon="25.014137"><ele>11.9</ele><time>2026-08-02T15:04:33Z</time></trkpt><trkpt lat="60.242023" lon="25.013973"><ele>12.1</ele><time>2026-08-02T15:04:34Z</time><extensions><gpxtpx:TrackPointExtension><gpxtpx:hr>115</gpxtpx:hr></gpxtpx:TrackPointExtension></extensions></trkpt><trkpt lat="60.24203" lon="25.013808"><ele>12.6</ele><time>2026-08-02T15:04:35Z</time></trkpt><trkpt lat="60.242032" lon="25.01365"><ele>13.2</ele><time>2026-08-02T15:04:36Z</time></trkpt><trkpt lat="60.242027" lon="25.013495"><ele>13.7</ele><time>2026-08-02T15:04:37Z</time></trkpt><trkpt lat="60.242015" lon="25.013352"><ele>14.3</ele><time>2026-08-02T15:04:38Z</time></trkpt><trkpt lat="60.242002" lon="25.013212"><ele>15.0</ele><time>2026-08-02T15:04:39Z</time></trkpt><trkpt lat="60.241978" lon="25.01308"><ele>15.4</ele><time>2026-08-02T15:04:40Z</time></trkpt><trkpt lat="60.241957" lon="25.012958"><ele>15.9</ele><time>2026-08-02T15:04:41Z</time></trkpt><trkpt lat="60.241937" lon="25.012838"><ele>15.9</ele><time>2026-08-02T15:04:42Z</time><extensions><gpxtpx:TrackPointExtension><gpxtpx:hr>115</gpxtpx:hr></gpxtpx:TrackPointExtension></extensions></trkpt><trkpt lat="60.24192" lon="25.012733"><ele>16.4</ele><time>2026-08-02T15:04:43Z</time></trkpt><trkpt lat="60.241905" lon="25.012623"><ele>16.8</ele><time>2026-08-02T15:04:44Z</time><extensions><gpxtpx:TrackPointExtension><gpxtpx:hr>115</gpxtpx:hr></gpxtpx:TrackPointExtension></extensions></trkpt><trkpt lat="60.241892" lon="25.012513"><ele>17.3</ele><time>2026-08-02T15:04:45Z</time></trkpt><trkpt lat="60.241877" lon="25.012413"><ele>17.9</ele><time>2026-08-02T15:04:46Z</time></trkpt><trkpt lat="60.24186" lon="25.0123"><ele>18.6</ele><time>2026-08-02T15:04:47Z</time></trkpt><trkpt lat="60.24185" lon="25.012173"><ele>18.7</ele><time>2026-08-02T15:04:48Z</time></trkpt><trkpt lat="60.241837" lon="25.012055"><ele>18.7</ele><time>2026-08-02T15:04:49Z</time></trkpt><trkpt lat="60.241825" lon="25.011927"><ele>18.2</ele><time>2026-08-02T15:04:50Z</time></trkpt><trkpt lat="60.241827" lon="25.011803"><ele>17.5</ele><time>2026-08-02T15:04:51Z</time></trkpt><trkpt lat="60.241825" lon="25.01169"><ele>16.1</ele><time>2026-08-02T15:04:52Z</time></trkpt><trkpt lat="60.241823" lon="25.011548"><ele>16.0</ele><time>2026-08-02T15:04:53Z</time></trkpt><trkpt lat="60.241825" lon="25.011425"><ele>15.4</ele><time>2026-08-02T15:04:54Z</time></trkpt><trkpt lat="60.241828" lon="25.01129"><ele>15.5</ele><time>2026-08-02T15:04:55Z</time></trkpt><trkpt lat="60.241827" lon="25.011163"><ele>15.8</ele><time>2026-08-02T15:04:56Z</time></trkpt><trkpt lat="60.241827" lon="25.011027"><ele>15.9</ele><time>2026-08-02T15:04:57Z</time></trkpt><trkpt lat="60.241825" lon="25.01091"><ele>15.9</ele><time>2026-08-02T15:04:58Z</time></trkpt><trkpt lat="60.24182" lon="25.010787"><ele>16.2</ele><time>2026-08-02T15:04:59Z</time><extensions><gpxtpx:TrackPointExtension><gpxtpx:hr>124</gpxtpx:hr></gpxtpx:TrackPointExtension></extensions></trkpt><trkpt lat="60.241827" lon="25.010678"><ele>16.2</ele><time>2026-08-02T15:05:00Z</time></trkpt><trkpt lat="60.241833" lon="25.01056"><ele>15.5</ele><time>2026-08-02T15:05:01Z</time></trkpt><trkpt lat="60.241853" lon="25.010437"><ele>14.9</ele><time>2026-08-02T15:05:02Z</time></trkpt><trkpt lat="60.241877" lon="25.010307"><ele>13.9</ele><time>2026-08-02T15:05:03Z</time><extensions><gpxtpx:TrackPointExtension><gpxtpx:hr>125</gpxtpx:hr></gpxtpx:TrackPointExtension></extensions></trkpt><trkpt lat="60.241903" lon="25.010172"><ele>12.3</ele><time>2026-08-02T15:05:04Z</time></trkpt><trkpt lat="60.241928" lon="25.01003"><ele>11.4</ele><time>2026-08-02T15:05:05Z</time></trkpt><trkpt lat="60.24195" lon="25.00988"><ele>10.7</ele><time>2026-08-02T15:05:06Z</time></trkpt><trkpt lat="60.241973" lon="25.00973"><ele>10.3</ele><time>2026-08-02T15:05:07Z</time></trkpt><trkpt lat="60.242013" lon="25.0096"><ele>10.6</ele><time>2026-08-02T15:05:08Z</time></trkpt><trkpt lat="60.242052" lon="25.009487"><ele>11.0</ele><time>2026-08-02T15:05:09Z</time></trkpt><trkpt lat="60.242087" lon="25.00937"><ele>11.3</ele><time>2026-08-02T15:05:10Z</time></trkpt><trkpt lat="60.242128" lon="25.009267"><ele>11.4</ele><time>2026-08-02T15:05:11Z</time></trkpt><trkpt lat="60.242168" lon="25.00917"><ele>11.3</ele><time>2026-08-02T15:05:12Z</time><extensions><gpxtpx:TrackPointExtension><gpxtpx:hr>122</gpxtpx:hr></gpxtpx:TrackPointExtension></extensions></trkpt><trkpt lat="60.242205" lon="25.009068"><ele>12.4</ele><time>2026-08-02T15:05:13Z</time><extensions><gpxtpx:TrackPointExtension><gpxtpx:hr>121</gpxtpx:hr></gpxtpx:TrackPointExtension></extensions></trkpt><trkpt lat="60.242252" lon="25.008972"><ele>12.7</ele><time>2026-08-02T15:05:14Z</time></trkpt><trkpt lat="60.242293" lon="25.008865"><ele>12.4</ele><time>2026-08-02T15:05:15Z</time></trkpt><trkpt lat="60.242335" lon="25.00876"><ele>11.9</ele><time>2026-08-02T15:05:16Z</time></trkpt><trkpt lat="60.242375" lon="25.008648"><ele>12.1</ele><time>2026-08-02T15:05:17Z</time></trkpt><trkpt lat="60.242415" lon="25.008545"><ele>12.2</ele><time>2026-08-02T15:05:18Z</time></trkpt><trkpt lat="60.242455" lon="25.008448"><ele>12.7</ele><time>2026-08-02T15:05:19Z</time></trkpt><trkpt lat="60.242485" lon="25.008358"><ele>13.1</ele><time>2026-08-02T15:05:20Z</time></trkpt><trkpt lat="60.242518" lon="25.00827"><ele>13.2</ele><time>2026-08-02T15:05:21Z</time></trkpt><trkpt lat="60.242547" lon="25.008165"><ele>13.3</ele><time>2026-08-02T15:05:22Z</time><extensions><gpxtpx:TrackPointExtension><gpxtpx:hr>123</gpxtpx:hr></gpxtpx:TrackPointExtension></extensions></trkpt><trkpt lat="60.242553" lon="25.008042"><ele>13.9</ele><time>2026-08-02T15:05:23Z</time><extensions><gpxtpx:TrackPointExtension><gpxtpx:hr>123</gpxtpx:hr></gpxtpx:TrackPointExtension></extensions></trkpt><trkpt lat="60.242552" lon="25.007913"><ele>14.4</ele><time>2026-08-02T15:05:24Z</time></trkpt><trkpt lat="60.24255" lon="25.00779"><ele>14.1</ele><time>2026-08-02T15:05:25Z</time></trkpt><trkpt lat="60.242543" lon="25.007662"><ele>13.7</ele><time>2026-08-02T15:05:26Z</time></trkpt><trkpt lat="60.24254" lon="25.00753"><ele>13.4</ele><time>2026-08-02T15:05:27Z</time></trkpt><trkpt lat="60.242538" lon="25.007398"><ele>12.8</ele><time>2026-08-02T15:05:28Z</time><extensions><gpxtpx:TrackPointExtension><gpxtpx:hr>122</gpxtpx:hr></gpxtpx:TrackPointExtension></extensions></trkpt><trkpt lat="60.242535" lon="25.007265"><ele>12.6</ele><time>2026-08-02T15:05:29Z</time></trkpt><trkpt lat="60.242528" lon="25.007128"><ele>12.7</ele><time>2026-08-02T15:05:30Z</time></trkpt><trkpt lat="60.242523" lon="25.006992"><ele>12.7</ele><time>2026-08-02T15:05:31Z</time></trkpt><trkpt lat="60.242513" lon="25.006852"><ele>12.5</ele><time>2026-08-02T15:05:32Z</time></trkpt><trkpt lat="60.242502" lon="25.006717"><ele>12.6</ele><time>2026-08-02T15:05:33Z</time></trkpt><trkpt lat="60.242488" lon="25.006582"><ele>12.9</ele><time>2026-08-02T15:05:34Z</time></trkpt><trkpt lat="60.24247" lon="25.006452"><ele>12.8</ele><time>2026-08-02T15:05:35Z</time></trkpt><trkpt lat="60.242457" lon="25.006325"><ele>13.0</ele><time>2026-08-02T15:05:36Z</time></trkpt><trkpt lat="60.24244" lon="25.006195"><ele>13.1</ele><time>2026-08-02T15:05:37Z</time><extensions><gpxtpx:TrackPointExtension><gpxtpx:hr>121</gpxtpx:hr></gpxtpx:TrackPointExtension></extensions></trkpt><trkpt lat="60.24243" lon="25.006068"><ele>13.5</ele><time>2026-08-02T15:05:38Z</time></trkpt><trkpt lat="60.242077" lon="25.003945"><ele>32.7</ele><time>2026-08-02T15:05:56Z</time><extensions><gpxtpx:TrackPointExtension><gpxtpx:hr>123</gpxtpx:hr></gpxtpx:TrackPointExtension></extensions></trkpt><trkpt lat="60.242077" lon="25.003945"><ele>32.7</ele><time>2026-08-02T15:05:45Z</time><extensions><gpxtpx:TrackPointExtension><gpxtpx:hr>127</gpxtpx:hr></gpxtpx:TrackPointExtension></extensions></trkpt><trkpt lat="60.242077" lon="25.003945"><ele>32.7</ele><time>2026-08-02T15:05:48Z</time><extensions><gpxtpx:TrackPointExtension><gpxtpx:hr>127</gpxtpx:hr></gpxtpx:TrackPointExtension></extensions></trkpt><trkpt lat="60.242082" lon="25.003803"><ele>28.5</ele><time>2026-08-02T15:05:57Z</time><extensions><gpxtpx:TrackPointExtension><gpxtpx:hr>131</gpxtpx:hr></gpxtpx:TrackPointExtension></extensions></trkpt><trkpt lat="60.242103" lon="25.003627"><ele>25.9</ele><time>2026-08-02T15:05:58Z</time></trkpt><trkpt lat="60.242092" lon="25.003502"><ele>23.8</ele><time>2026-08-02T15:05:59Z</time></trkpt><trkpt lat="60.242078" lon="25.003382"><ele>23.8</ele><time>2026-08-02T15:06:00Z</time><extensions><gpxtpx:TrackPointExtension><gpxtpx:hr>132</gpxtpx:hr></gpxtpx:TrackPointExtension></extensions></trkpt><trkpt lat="60.242073" lon="25.003235"><ele>23.1</ele><time>2026-08-02T15:06:01Z</time></trkpt><trkpt lat="60.242063" lon="25.003118"><ele>20.0</ele><time>2026-08-02T15:06:02Z</time></trkpt><trkpt lat="60.242057" lon="25.002997"><ele>18.2</ele><time>2026-08-02T15:06:03Z</time></trkpt><trkpt lat="60.242057" lon="25.002865"><ele>17.2</ele><time>2026-08-02T15:06:04Z</time></trkpt><trkpt lat="60.242047" lon="25.002737"><ele>17.0</ele><time>2026-08-02T15:06:05Z</time><extensions><gpxtpx:TrackPointExtension><gpxtpx:hr>133</gpxtpx:hr></gpxtpx:TrackPointExtension></extensions></trkpt><trkpt lat="60.242037" lon="25.002618"><ele>16.7</ele><time>2026-08-02T15:06:06Z</time></trkpt><trkpt lat="60.242023" lon="25.002497"><ele>16.1</ele><time>2026-08-02T15:06:07Z</time></trkpt><trkpt lat="60.242008" lon="25.002377"><ele>15.8</ele><time>2026-08-02T15:06:08Z</time></trkpt><trkpt lat="60.241995" lon="25.002253"><ele>14.6</ele><time>2026-08-02T15:06:09Z</time><extensions><gpxtpx:TrackPointExtension><gpxtpx:hr>132</gpxtpx:hr></gpxtpx:TrackPointExtension></extensions></trkpt><trkpt lat="60.241982" lon="25.00213"><ele>13.7</ele><time>2026-08-02T15:06:10Z</time></trkpt><trkpt lat="60.241968" lon="25.002013"><ele>13.8</ele><time>2026-08-02T15:06:11Z</time></trkpt><trkpt lat="60.241957" lon="25.001895"><ele>13.6</ele><time>2026-08-02T15:06:12Z</time></trkpt><trkpt lat="60.241945" lon="25.001778"><ele>13.0</ele><time>2026-08-02T15:06:13Z</time></trkpt><trkpt lat="60.241933" lon="25.001657"><ele>12.5</ele><time>2026-08-02T15:06:14Z</time></trkpt><trkpt lat="60.24192" lon="25.001535"><ele>12.5</ele><time>2026-08-02T15:06:15Z</time><extensions><gpxtpx:TrackPointExtension><gpxtpx:hr>132</gpxtpx:hr></gpxtpx:TrackPointExtension></extensions></trkpt><trkpt lat="60.24191" lon="25.00141"><ele>12.3</ele><time>2026-08-02T15:06:16Z</time></trkpt><trkpt lat="60.241898" lon="25.001283"><ele>12.0</ele><time>2026-08-02T15:06:17Z</time></trkpt><trkpt lat="60.241883" lon="25.001155"><ele>11.4</ele><time>2026-08-02T15:06:18Z</time></trkpt><trkpt lat="60.24187" lon="25.001035"><ele>10.9</ele><time>2026-08-02T15:06:19Z</time></trkpt><trkpt lat="60.241843" lon="25.000882"><ele>9.4</ele><time>2026-08-02T15:06:20Z</time></trkpt><trkpt lat="60.24183" lon="25.000765"><ele>9.6</ele><time>2026-08-02T15:06:21Z</time><extensions><gpxtpx:TrackPointExtension><gpxtpx:hr>133</gpxtpx:hr></gpxtpx:TrackPointExtension></extensions></trkpt><trkpt lat="60.241812" lon="25.000635"><ele>10.8</ele><time>2026-08-02T15:06:22Z</time></trkpt><trkpt lat="60.241787" lon="25.000517"><ele>12.6</ele><time>2026-08-02T15:06:23Z</time></trkpt><trkpt lat="60.24177" lon="25.000388"><ele>12.3</ele><time>2026-08-02T15:06:24Z</time></trkpt><trkpt lat="60.241763" lon="25.000263"><ele>12.5</ele><time>2026-08-02T15:06:25Z</time></trkpt><trkpt lat="60.241757" lon="25.000147"><ele>12.6</ele><time>2026-08-02T15:06:26Z</time></trkpt><trkpt lat="60.241752" lon="25.000018"><ele>13.2</ele><time>2026-08-02T15:06:27Z</time><extensions><gpxtpx:TrackPointExtension><gpxtpx:hr>132</gpxtpx:hr></gpxtpx:TrackPointExtension></extensions></trkpt><trkpt lat="60.241753" lon="24.999883"><ele>12.7</ele><time>2026-08-02T15:06:28Z</time><extensions><gpxtpx:TrackPointExtension><gpxtpx:hr>131</gpxtpx:hr></gpxtpx:TrackPointExtension></extensions></trkpt><trkpt lat="60.24176" lon="24.999743"><ele>13.0</ele><time>2026-08-02T15:06:29Z</time></trkpt><trkpt lat="60.241777" lon="24.999617"><ele>11.7</ele><time>2026-08-02T15:06:30Z</time></trkpt><trkpt lat="60.241802" lon="24.999495"><ele>11.8</ele><time>2026-08-02T15:06:31Z</time></trkpt><trkpt lat="60.241828" lon="24.999375"><ele>11.7</ele><time>2026-08-02T15:06:32Z</time></trkpt><trkpt lat="60.24185" lon="24.999268"><ele>10.6</ele><time>2026-08-02T15:06:33Z</time></trkpt><trkpt lat="60.241877" lon="24.999157"><ele>10.7</ele><time>2026-08-02T15:06:34Z</time><extensions><gpxtpx:TrackPointExtension><gpxtpx:hr>131</gpxtpx:hr></gpxtpx:TrackPointExtension></extensions></trkpt><trkpt lat="60.241907" lon="24.999043"><ele>10.0</ele><time>2026-08-02T15:06:35Z</time></trkpt><trkpt lat="60.241932" lon="24.99893"><ele>9.3</ele><time>2026-08-02T15:06:36Z</time></trkpt><trkpt lat="60.241955" lon="24.998817"><ele>9.0</ele><time>2026-08-02T15:06:37Z</time></trkpt><trkpt lat="60.241978" lon="24.998705"><ele>8.6</ele><time>2026-08-02T15:06:38Z</time></trkpt><trkpt lat="60.242002" lon="24.99859"><ele>8.0</ele><time>2026-08-02T15:06:39Z</time></trkpt><trkpt lat="60.242028" lon="24.998475"><ele>8.3</ele><time>2026-08-02T15:06:40Z</time></trkpt><trkpt lat="60.242052" lon="24.998365"><ele>8.2</ele><time>2026-08-02T15:06:41Z</time></trkpt><trkpt lat="60.24207" lon="24.998263"><ele>9.0</ele><time>2026-08-02T15:06:42Z</time><extensions><gpxtpx:TrackPointExtension><gpxtpx:hr>132</gpxtpx:hr></gpxtpx:TrackPointExtension></extensions></trkpt><trkpt lat="60.242098" lon="24.998165"><ele>8.1</ele><time>2026-08-02T15:06:43Z</time></trkpt><trkpt lat="60.242122" lon="24.998052"><ele>8.0</ele><time>2026-08-02T15:06:44Z</time><extensions><gpxtpx:TrackPointExtension><gpxtpx:hr>132</gpxtpx:hr></gpxtpx:TrackPointExtension></extensions></trkpt><trkpt lat="60.24214" lon="24.99794"><ele>8.2</ele><time>2026-08-02T15:06:45Z</time></trkpt><trkpt lat="60.242157" lon="24.997832"><ele>8.3</ele><time>2026-08-02T15:06:46Z</time></trkpt><trkpt lat="60.242173" lon="24.99773"><ele>9.1</ele><time>2026-08-02T15:06:47Z</time></trkpt><trkpt lat="60.242192" lon="24.997738"><ele>11.0</ele><time>2026-08-02T15:06:47Z</time></trkpt><trkpt lat="60.242213" lon="24.997643"><ele>11.2</ele><time>2026-08-02T15:06:48Z</time></trkpt><trkpt lat="60.242235" lon="24.99755"><ele>11.3</ele><time>2026-08-02T15:06:49Z</time></trkpt><trkpt lat="60.242267" lon="24.997462"><ele>11.3</ele><time>2026-08-02T15:06:50Z</time><extensions><gpxtpx:TrackPointExtension><gpxtpx:hr>134</gpxtpx:hr></gpxtpx:TrackPointExtension></extensions></trkpt><trkpt lat="60.242317" lon="24.997418"><ele>11.2</ele><time>2026-08-02T15:06:51Z</time></trkpt><trkpt lat="60.242362" lon="24.997383"><ele>11.4</ele><time>2026-08-02T15:06:52Z</time></trkpt><trkpt lat="60.242407" lon="24.997353"><ele>11.3</ele><time>2026-08-02T15:06:53Z</time><extensions><gpxtpx:TrackPointExtension><gpxtpx:hr>133</gpxtpx:hr></gpxtpx:TrackPointExtension></extensions></trkpt><trkpt lat="60.242443" lon="24.997318"><ele>11.1</ele><time>2026-08-02T15:06:54Z</time></trkpt><trkpt lat="60.242465" lon="24.99727"><ele>10.8</ele><time>2026-08-02T15:06:55Z</time></trkpt><trkpt lat="60.242463" lon="24.99721"><ele>11.2</ele><time>2026-08-02T15:06:56Z</time></trkpt><trkpt lat="60.242443" lon="24.997143"><ele>10.8</ele><time>2026-08-02T15:06:57Z</time></trkpt><trkpt lat="60.242432" lon="24.997052"><ele>10.2</ele><time>2026-08-02T15:06:58Z</time></trkpt><trkpt lat="60.24243" lon="24.996933"><ele>9.9</ele><time>2026-08-02T15:06:59Z</time></trkpt><trkpt lat="60.242415" lon="24.996828"><ele>9.7</ele><time>2026-08-02T15:07:00Z</time></trkpt><trkpt lat="60.242392" lon="24.996735"><ele>9.3</ele><time>2026-08-02T15:07:01Z</time></trkpt><trkpt lat="60.242387" lon="24.996653"><ele>8.9</ele><time>2026-08-02T15:07:02Z</time><extensions><gpxtpx:TrackPointExtension><gpxtpx:hr>132</gpxtpx:hr></gpxtpx:TrackPointExtension></extensions></trkpt><trkpt lat="60.242358" lon="24.996628"><ele>8.6</ele><time>2026-08-02T15:07:03Z</time><extensions><gpxtpx:TrackPointExtension><gpxtpx:hr>131</gpxtpx:hr></gpxtpx:TrackPointExtension></extensions></trkpt><trkpt lat="60.242338" lon="24.996505"><ele>8.5</ele><time>2026-08-02T15:07:04Z</time></trkpt><trkpt lat="60.242345" lon="24.996305"><ele>8.1</ele><time>2026-08-02T15:07:05Z</time></trkpt><trkpt lat="60.242318" lon="24.996197"><ele>7.6</ele><time>2026-08-02T15:07:06Z</time></trkpt><trkpt lat="60.242317" lon="24.996097"><ele>6.7</ele><time>2026-08-02T15:07:07Z</time></trkpt><trkpt lat="60.242295" lon="24.995995"><ele>6.6</ele><time>2026-08-02T15:07:08Z</time><extensions><gpxtpx:TrackPointExtension><gpxtpx:hr>130</gpxtpx:hr></gpxtpx:TrackPointExtension></extensions></trkpt><trkpt lat="60.242275" lon="24.995892"><ele>6.7</ele><time>2026-08-02T15:07:09Z</time></trkpt><trkpt lat="60.242257" lon="24.995797"><ele>7.1</ele><time>2026-08-02T15:07:10Z</time></trkpt><trkpt lat="60.242238" lon="24.995688"><ele>7.8</ele><time>2026-08-02T15:07:11Z</time></trkpt><trkpt lat="60.242225" lon="24.995573"><ele>8.4</ele><time>2026-08-02T15:07:12Z</time></trkpt><trkpt lat="60.24221" lon="24.995462"><ele>9.1</ele><time>2026-08-02T15:07:13Z</time></trkpt><trkpt lat="60.2422" lon="24.995352"><ele>9.5</ele><time>2026-08-02T15:07:14Z</time></trkpt><trkpt lat="60.242185" lon="24.995237"><ele>9.7</ele><time>2026-08-02T15:07:15Z</time><extensions><gpxtpx:TrackPointExtension><gpxtpx:hr>136</gpxtpx:hr></gpxtpx:TrackPointExtension></extensions></trkpt><trkpt lat="60.242172" lon="24.995118"><ele>9.5</ele><time>2026-08-02T15:07:16Z</time></trkpt><trkpt lat="60.242158" lon="24.995"><ele>9.6</ele><time>2026-08-02T15:07:17Z</time></trkpt><trkpt lat="60.242148" lon="24.994888"><ele>9.9</ele><time>2026-08-02T15:07:18Z</time><extensions><gpxtpx:TrackPointExtension><gpxtpx:hr>141</gpxtpx:hr></gpxtpx:TrackPointExtension></extensions></trkpt><trkpt lat="60.242142" lon="24.994785"><ele>9.6</ele><time>2026-08-02T15:07:19Z</time></trkpt><trkpt lat="60.242138" lon="24.994683"><ele>9.3</ele><time>2026-08-02T15:07:20Z</time></trkpt><trkpt lat="60.242138" lon="24.994578"><ele>9.2</ele><time>2026-08-02T15:07:21Z</time></trkpt><trkpt lat="60.242142" lon="24.99447"><ele>9.3</ele><time>2026-08-02T15:07:22Z</time></trkpt><trkpt lat="60.242148" lon="24.994352"><ele>8.8</ele><time>2026-08-02T15:07:23Z</time></trkpt><trkpt lat="60.242153" lon="24.99423"><ele>8.8</ele><time>2026-08-02T15:07:24Z</time><extensions><gpxtpx:TrackPointExtension><gpxtpx:hr>144</gpxtpx:hr></gpxtpx:TrackPointExtension></extensions></trkpt><trkpt lat="60.242165" lon="24.99411"><ele>8.5</ele><time>2026-08-02T15:07:25Z</time></trkpt><trkpt lat="60.242173" lon="24.993988"><ele>8.6</ele><time>2026-08-02T15:07:26Z</time></trkpt><trkpt lat="60.242183" lon="24.993872"><ele>8.5</ele><time>2026-08-02T15:07:27Z</time></trkpt><trkpt lat="60.24219" lon="24.99376"><ele>8.7</ele><time>2026-08-02T15:07:28Z</time><extensions><gpxtpx:TrackPointExtension><gpxtpx:hr>144</gpxtpx:hr></gpxtpx:TrackPointExtension></extensions></trkpt><trkpt lat="60.242197" lon="24.993642"><ele>8.9</ele><time>2026-08-02T15:07:29Z</time></trkpt><trkpt lat="60.242203" lon="24.993525"><ele>8.8</ele><time>2026-08-02T15:07:30Z</time></trkpt><trkpt lat="60.242203" lon="24.993413"><ele>8.8</ele><time>2026-08-02T15:07:31Z</time></trkpt><trkpt lat="60.242208" lon="24.9933"><ele>9.0</ele><time>2026-08-02T15:07:32Z</time></trkpt><trkpt lat="60.242208" lon="24.993168"><ele>8.9</ele><time>2026-08-02T15:07:33Z</time></trkpt><trkpt lat="60.242207" lon="24.993037"><ele>9.2</ele><time>2026-08-02T15:07:34Z</time></trkpt><trkpt lat="60.242175" lon="24.992932"><ele>10.3</ele><time>2026-08-02T15:07:35Z</time></trkpt><trkpt lat="60.242162" lon="24.992822"><ele>11.0</ele><time>2026-08-02T15:07:36Z</time></trkpt><trkpt lat="60.242152" lon="24.992725"><ele>11.8</ele><time>2026-08-02T15:07:37Z</time></trkpt><trkpt lat="60.24213" lon="24.99261"><ele>12.1</ele><time>2026-08-02T15:07:38Z</time></trkpt><trkpt lat="60.242132" lon="24.992502"><ele>11.8</ele><time>2026-08-02T15:07:39Z</time></trkpt><trkpt lat="60.242133" lon="24.99239"><ele>11.0</ele><time>2026-08-02T15:07:40Z</time></trkpt><trkpt lat="60.242143" lon="24.992265"><ele>10.9</ele><time>2026-08-02T15:07:41Z</time></trkpt><trkpt lat="60.242153" lon="24.992158"><ele>11.2</ele><time>2026-08-02T15:07:42Z</time></trkpt><trkpt lat="60.242162" lon="24.992052"><ele>12.2</ele><time>2026-08-02T15:07:43Z</time></trkpt><trkpt lat="60.242175" lon="24.991955"><ele>12.3</ele><time>2026-08-02T15:07:44Z</time></trkpt><trkpt lat="60.242192" lon="24.991867"><ele>12.6</ele><time>2026-08-02T15:07:45Z</time></trkpt><trkpt lat="60.242205" lon="24.991768"><ele>12.6</ele><time>2026-08-02T15:07:46Z</time></trkpt><trkpt lat="60.242213" lon="24.991672"><ele>12.9</ele><time>2026-08-02T15:07:47Z</time></trkpt><trkpt lat="60.24223" lon="24.991572"><ele>13.3</ele><time>2026-08-02T15:07:48Z</time></trkpt><trkpt lat="60.242233" lon="24.991467"><ele>13.1</ele><time>2026-08-02T15:07:49Z</time></trkpt><trkpt lat="60.242233" lon="24.991365"><ele>12.4</ele><time>2026-08-02T15:07:50Z</time></trkpt><trkpt lat="60.242242" lon="24.991267"><ele>12.6</ele><time>2026-08-02T15:07:51Z</time><extensions><gpxtpx:TrackPointExtension><gpxtpx:hr>152</gpxtpx:hr></gpxtpx:TrackPointExtension></extensions></trkpt><trkpt lat="60.24225" lon="24.991163"><ele>12.4</ele><time>2026-08-02T15:07:52Z</time></trkpt><trkpt lat="60.242258" lon="24.991062"><ele>12.5</ele><time>2026-08-02T15:07:53Z</time><extensions><gpxtpx:TrackPointExtension><gpxtpx:hr>154</gpxtpx:hr></gpxtpx:TrackPointExtension></extensions></trkpt><trkpt lat="60.242263" lon="24.990953"><ele>12.3</ele><time>2026-08-02T15:07:54Z</time></trkpt><trkpt lat="60.242265" lon="24.990838"><ele>12.0</ele><time>2026-08-02T15:07:55Z</time></trkpt><trkpt lat="60.242275" lon="24.99073"><ele>12.0</ele><time>2026-08-02T15:07:56Z</time></trkpt><trkpt lat="60.24229" lon="24.990615"><ele>11.7</ele><time>2026-08-02T15:07:58Z</time></trkpt><trkpt lat="60.242308" lon="24.990503"><ele>11.7</ele><time>2026-08-02T15:07:59Z</time></trkpt><trkpt lat="60.242332" lon="24.99041"><ele>11.6</ele><time>2026-08-02T15:08:00Z</time></trkpt><trkpt lat="60.242358" lon="24.99031"><ele>11.5</ele><time>2026-08-02T15:08:01Z</time></trkpt><trkpt lat="60.242387" lon="24.990217"><ele>12.0</ele><time>2026-08-02T15:08:02Z</time></trkpt><trkpt lat="60.24241" lon="24.990115"><ele>11.6</ele><time>2026-08-02T15:08:03Z</time><extensions><gpxtpx:TrackPointExtension><gpxtpx:hr>160</gpxtpx:hr></gpxtpx:TrackPointExtension></extensions></trkpt><trkpt lat="60.24243" lon="24.99002"><ele>11.3</ele><time>2026-08-02T15:08:04Z</time></trkpt><trkpt lat="60.242448" lon="24.989915"><ele>11.6</ele><time>2026-08-02T15:08:05Z</time></trkpt><trkpt lat="60.242463" lon="24.9898"><ele>11.6</ele><time>2026-08-02T15:08:06Z</time></trkpt><trkpt lat="60.242475" lon="24.989672"><ele>11.6</ele><time>2026-08-02T15:08:07Z</time></trkpt><trkpt lat="60.242475" lon="24.989567"><ele>11.3</ele><time>2026-08-02T15:08:08Z</time><extensions><gpxtpx:TrackPointExtension><gpxtpx:hr>159</gpxtpx:hr></gpxtpx:TrackPointExtension></extensions></trkpt><trkpt lat="60.242478" lon="24.989452"><ele>11.3</ele><time>2026-08-02T15:08:09Z</time></trkpt><trkpt lat="60.242158" lon="24.987975"><ele>26.5</ele><time>2026-08-02T15:08:22Z</time><extensions><gpxtpx:TrackPointExtension><gpxtpx:hr>159</gpxtpx:hr></gpxtpx:TrackPointExtension></extensions></trkpt><trkpt lat="60.242158" lon="24.987975"><ele>26.5</ele><time>2026-08-02T15:08:13Z</time><extensions><gpxtpx:TrackPointExtension><gpxtpx:hr>159</gpxtpx:hr></gpxtpx:TrackPointExtension></extensions></trkpt><trkpt lat="60.242158" lon="24.987975"><ele>26.5</ele><time>2026-08-02T15:08:19Z</time><extensions><gpxtpx:TrackPointExtension><gpxtpx:hr>160</gpxtpx:hr></gpxtpx:TrackPointExtension></extensions></trkpt><trkpt lat="60.242308" lon="24.987703"><ele>7.0</ele><time>2026-08-02T15:08:23Z</time></trkpt><trkpt lat="60.242255" lon="24.987683"><ele>8.2</ele><time>2026-08-02T15:08:23Z</time><extensions><gpxtpx:TrackPointExtension><gpxtpx:hr>160</gpxtpx:hr></gpxtpx:TrackPointExtension></extensions></trkpt><trkpt lat="60.242233" lon="24.987588"><ele>7.1</ele><time>2026-08-02T15:08:24Z</time></trkpt><trkpt lat="60.242225" lon="24.98747"><ele>6.3</ele><time>2026-08-02T15:08:25Z</time></trkpt><trkpt lat="60.242218" lon="24.987343"><ele>5.1</ele><time>2026-08-02T15:08:26Z</time></trkpt><trkpt lat="60.242212" lon="24.987225"><ele>4.5</ele><time>2026-08-02T15:08:27Z</time></trkpt><trkpt lat="60.242195" lon="24.987115"><ele>5.4</ele><time>2026-08-02T15:08:28Z</time></trkpt><trkpt lat="60.242183" lon="24.987007"><ele>5.8</ele><time>2026-08-02T15:08:29Z</time></trkpt><trkpt lat="60.242173" lon="24.986892"><ele>5.8</ele><time>2026-08-02T15:08:30Z</time><extensions><gpxtpx:TrackPointExtension><gpxtpx:hr>158</gpxtpx:hr></gpxtpx:TrackPointExtension></extensions></trkpt><trkpt lat="60.24216" lon="24.986792"><ele>6.5</ele><time>2026-08-02T15:08:31Z</time></trkpt><trkpt lat="60.242148" lon="24.986692"><ele>7.3</ele><time>2026-08-02T15:08:32Z</time></trkpt><trkpt lat="60.242138" lon="24.986585"><ele>8.7</ele><time>2026-08-02T15:08:33Z</time><extensions><gpxtpx:TrackPointExtension><gpxtpx:hr>157</gpxtpx:hr></gpxtpx:TrackPointExtension></extensions></trkpt><trkpt lat="60.24214" lon="24.98647"><ele>9.3</ele><time>2026-08-02T15:08:34Z</time></trkpt><trkpt lat="60.24215" lon="24.986335"><ele>9.3</ele><time>2026-08-02T15:08:35Z</time></trkpt><trkpt lat="60.242162" lon="24.986225"><ele>9.3</ele><time>2026-08-02T15:08:36Z</time></trkpt><trkpt lat="60.242182" lon="24.986102"><ele>7.9</ele><time>2026-08-02T15:08:37Z</time></trkpt><trkpt lat="60.242195" lon="24.985982"><ele>7.8</ele><time>2026-08-02T15:08:38Z</time></trkpt><trkpt lat="60.242208" lon="24.98586"><ele>8.5</ele><time>2026-08-02T15:08:39Z</time></trkpt><trkpt lat="60.24222" lon="24.98574"><ele>8.0</ele><time>2026-08-02T15:08:40Z</time></trkpt><trkpt lat="60.242235" lon="24.985617"><ele>8.0</ele><time>2026-08-02T15:08:41Z</time></trkpt><trkpt lat="60.242248" lon="24.985502"><ele>7.9</ele><time>2026-08-02T15:08:42Z</time></trkpt><trkpt lat="60.242257" lon="24.985397"><ele>7.1</ele><time>2026-08-02T15:08:43Z</time></trkpt><trkpt lat="60.242268" lon="24.98528"><ele>6.8</ele><time>2026-08-02T15:08:44Z</time><extensions><gpxtpx:TrackPointExtension><gpxtpx:hr>152</gpxtpx:hr></gpxtpx:TrackPointExtension></extensions></trkpt><trkpt lat="60.242268" lon="24.985167"><ele>6.9</ele><time>2026-08-02T15:08:45Z</time></trkpt><trkpt lat="60.242262" lon="24.985058"><ele>6.5</ele><time>2026-08-02T15:08:46Z</time></trkpt><trkpt lat="60.242255" lon="24.984937"><ele>6.6</ele><time>2026-08-02T15:08:47Z</time></trkpt><trkpt lat="60.242238" lon="24.984817"><ele>7.2</ele><time>2026-08-02T15:08:48Z</time></trkpt><trkpt lat="60.242222" lon="24.984697"><ele>7.3</ele><time>2026-08-02T15:08:49Z</time></trkpt><trkpt lat="60.242202" lon="24.984688"><ele>11.6</ele><time>2026-08-02T15:08:50Z</time></trkpt><trkpt lat="60.242182" lon="24.984582"><ele>11.9</ele><time>2026-08-02T15:08:51Z</time></trkpt><trkpt lat="60.242172" lon="24.984468"><ele>11.8</ele><time>2026-08-02T15:08:52Z</time></trkpt><trkpt lat="60.242165" lon="24.984342"><ele>12.1</ele><time>2026-08-02T15:08:53Z</time><extensions><gpxtpx:TrackPointExtension><gpxtpx:hr>146</gpxtpx:hr></gpxtpx:TrackPointExtension></extensions></trkpt><trkpt lat="60.242168" lon="24.984213"><ele>11.9</ele><time>2026-08-02T15:08:54Z</time><extensions><gpxtpx:TrackPointExtension><gpxtpx:hr>145</gpxtpx:hr></gpxtpx:TrackPointExtension></extensions></trkpt><trkpt lat="60.242178" lon="24.984093"><ele>11.5</ele><time>2026-08-02T15:08:55Z</time></trkpt><trkpt lat="60.242192" lon="24.983972"><ele>11.2</ele><time>2026-08-02T15:08:56Z</time></trkpt><trkpt lat="60.242202" lon="24.98385"><ele>11.3</ele><time>2026-08-02T15:08:57Z</time></trkpt><trkpt lat="60.242225" lon="24.983728"><ele>11.5</ele><time>2026-08-02T15:08:58Z</time></trkpt><trkpt lat="60.242242" lon="24.983612"><ele>11.6</ele><time>2026-08-02T15:08:59Z</time></trkpt><trkpt lat="60.24226" lon="24.983503"><ele>11.4</ele><time>2026-08-02T15:09:00Z</time></trkpt><trkpt lat="60.242277" lon="24.983392"><ele>11.4</ele><time>2026-08-02T15:09:01Z</time></trkpt><trkpt lat="60.242293" lon="24.983272"><ele>11.4</ele><time>2026-08-02T15:09:02Z</time></trkpt><trkpt lat="60.242305" lon="24.983147"><ele>11.3</ele><time>2026-08-02T15:09:03Z</time><extensions><gpxtpx:TrackPointExtension><gpxtpx:hr>142</gpxtpx:hr></gpxtpx:TrackPointExtension></extensions></trkpt><trkpt lat="60.242312" lon="24.983022"><ele>10.8</ele><time>2026-08-02T15:09:04Z</time></trkpt><trkpt lat="60.242327" lon="24.982897"><ele>10.8</ele><time>2026-08-02T15:09:05Z</time></trkpt><trkpt lat="60.242335" lon="24.982773"><ele>10.7</ele><time>2026-08-02T15:09:06Z</time></trkpt><trkpt lat="60.242342" lon="24.982647"><ele>10.9</ele><time>2026-08-02T15:09:07Z</time></trkpt><trkpt lat="60.24235" lon="24.982523"><ele>10.9</ele><time>2026-08-02T15:09:08Z</time><extensions><gpxtpx:TrackPointExtension><gpxtpx:hr>140</gpxtpx:hr></gpxtpx:TrackPointExtension></extensions></trkpt><trkpt lat="60.242372" lon="24.982402"><ele>10.8</ele><time>2026-08-02T15:09:09Z</time><extensions><gpxtpx:TrackPointExtension><gpxtpx:hr>139</gpxtpx:hr></gpxtpx:TrackPointExtension></extensions></trkpt><trkpt lat="60.242533" lon="24.981447"><ele>15.4</ele><time>2026-08-02T15:09:17Z</time><extensions><gpxtpx:TrackPointExtension><gpxtpx:hr>138</gpxtpx:hr></gpxtpx:TrackPointExtension></extensions></trkpt><trkpt lat="60.242547" lon="24.981352"><ele>16.6</ele><time>2026-08-02T15:09:18Z</time></trkpt><trkpt lat="60.242565" lon="24.981187"><ele>14.8</ele><time>2026-08-02T15:09:20Z</time><extensions><gpxtpx:TrackPointExtension><gpxtpx:hr>136</gpxtpx:hr></gpxtpx:TrackPointExtension></extensions></trkpt><trkpt lat="60.242577" lon="24.981087"><ele>14.8</ele><time>2026-08-02T15:09:21Z</time></trkpt><trkpt lat="60.242572" lon="24.980982"><ele>14.0</ele><time>2026-08-02T15:09:22Z</time></trkpt><trkpt lat="60.242565" lon="24.980863"><ele>13.3</ele><time>2026-08-02T15:09:23Z</time></trkpt><trkpt lat="60.242562" lon="24.980753"><ele>13.2</ele><time>2026-08-02T15:09:24Z</time><extensions><gpxtpx:TrackPointExtension><gpxtpx:hr>135</gpxtpx:hr></gpxtpx:TrackPointExtension></extensions></trkpt><trkpt lat="60.24256" lon="24.980638"><ele>13.3</ele><time>2026-08-02T15:09:25Z</time></trkpt><trkpt lat="60.242557" lon="24.980525"><ele>13.3</ele><time>2026-08-02T15:09:26Z</time></trkpt><trkpt lat="60.24255" lon="24.9804"><ele>14.0</ele><time>2026-08-02T15:09:27Z</time></trkpt><trkpt lat="60.242533" lon="24.980293"><ele>14.4</ele><time>2026-08-02T15:09:28Z</time></trkpt><trkpt lat="60.242518" lon="24.980183"><ele>14.8</ele><time>2026-08-02T15:09:29Z</time></trkpt><trkpt lat="60.242502" lon="24.980067"><ele>14.7</ele><time>2026-08-02T15:09:30Z</time><extensions><gpxtpx:TrackPointExtension><gpxtpx:hr>134</gpxtpx:hr></gpxtpx:TrackPointExtension></extensions></trkpt><trkpt lat="60.242482" lon="24.979945"><ele>14.3</ele><time>2026-08-02T15:09:31Z</time></trkpt><trkpt lat="60.242463" lon="24.979827"><ele>13.5</ele><time>2026-08-02T15:09:32Z</time></trkpt><trkpt lat="60.24246" lon="24.979702"><ele>13.0</ele><time>2026-08-02T15:09:33Z</time></trkpt><trkpt lat="60.242462" lon="24.97958"><ele>12.9</ele><time>2026-08-02T15:09:34Z</time></trkpt><trkpt lat="60.242467" lon="24.979458"><ele>12.5</ele><time>2026-08-02T15:09:35Z</time></trkpt><trkpt lat="60.242472" lon="24.979335"><ele>12.4</ele><time>2026-08-02T15:09:36Z</time><extensions><gpxtpx:TrackPointExtension><gpxtpx:hr>133</gpxtpx:hr></gpxtpx:TrackPointExtension></extensions></trkpt><trkpt lat="60.242485" lon="24.97921"><ele>12.4</ele><time>2026-08-02T15:09:37Z</time></trkpt><trkpt lat="60.242495" lon="24.979085"><ele>12.5</ele><time>2026-08-02T15:09:38Z</time></trkpt><trkpt lat="60.242512" lon="24.978963"><ele>12.4</ele><time>2026-08-02T15:09:39Z</time></trkpt><trkpt lat="60.242528" lon="24.978845"><ele>12.3</ele><time>2026-08-02T15:09:40Z</time></trkpt><trkpt lat="60.24255" lon="24.97873"><ele>12.1</ele><time>2026-08-02T15:09:41Z</time><extensions><gpxtpx:TrackPointExtension><gpxtpx:hr>136</gpxtpx:hr></gpxtpx:TrackPointExtension></extensions></trkpt><trkpt lat="60.242573" lon="24.978627"><ele>12.1</ele><time>2026-08-02T15:09:42Z</time></trkpt><trkpt lat="60.242597" lon="24.978508"><ele>12.0</ele><time>2026-08-02T15:09:43Z</time></trkpt><trkpt lat="60.24262" lon="24.978392"><ele>12.0</ele><time>2026-08-02T15:09:44Z</time></trkpt><trkpt lat="60.242642" lon="24.978275"><ele>11.8</ele><time>2026-08-02T15:09:45Z</time></trkpt><trkpt lat="60.242668" lon="24.978137"><ele>12.2</ele><time>2026-08-02T15:09:46Z</time></trkpt><trkpt lat="60.242685" lon="24.978028"><ele>12.4</ele><time>2026-08-02T15:09:47Z</time><extensions><gpxtpx:TrackPointExtension><gpxtpx:hr>135</gpxtpx:hr></gpxtpx:TrackPointExtension></extensions></trkpt><trkpt lat="60.242702" lon="24.977918"><ele>12.4</ele><time>2026-08-02T15:09:48Z</time></trkpt><trkpt lat="60.242717" lon="24.977802"><ele>12.4</ele><time>2026-08-02T15:09:49Z</time></trkpt><trkpt lat="60.242728" lon="24.977683"><ele>12.4</ele><time>2026-08-02T15:09:50Z</time></trkpt><trkpt lat="60.242738" lon="24.977562"><ele>12.8</ele><time>2026-08-02T15:09:51Z</time><extensions><gpxtpx:TrackPointExtension><gpxtpx:hr>134</gpxtpx:hr></gpxtpx:TrackPointExtension></extensions></trkpt><trkpt lat="60.242748" lon="24.977442"><ele>13.0</ele><time>2026-08-02T15:09:52Z</time></trkpt><trkpt lat="60.242758" lon="24.977322"><ele>13.1</ele><time>2026-08-02T15:09:53Z</time></trkpt><trkpt lat="60.242765" lon="24.977198"><ele>13.3</ele><time>2026-08-02T15:09:54Z</time></trkpt><trkpt lat="60.242773" lon="24.977078"><ele>13.3</ele><time>2026-08-02T15:09:55Z</time><extensions><gpxtpx:TrackPointExtension><gpxtpx:hr>136</gpxtpx:hr></gpxtpx:TrackPointExtension></extensions></trkpt><trkpt lat="60.242783" lon="24.976965"><ele>13.4</ele><time>2026-08-02T15:09:56Z</time></trkpt><trkpt lat="60.242797" lon="24.976847"><ele>13.3</ele><time>2026-08-02T15:09:57Z</time></trkpt><trkpt lat="60.242818" lon="24.976732"><ele>13.4</ele><time>2026-08-02T15:09:58Z</time></trkpt><trkpt lat="60.24284" lon="24.976613"><ele>13.4</ele><time>2026-08-02T15:09:59Z</time></trkpt><trkpt lat="60.242868" lon="24.976503"><ele>13.4</ele><time>2026-08-02T15:10:00Z</time></trkpt><trkpt lat="60.242897" lon="24.97639"><ele>13.4</ele><time>2026-08-02T15:10:01Z</time></trkpt><trkpt lat="60.242925" lon="24.976278"><ele>13.1</ele><time>2026-08-02T15:10:02Z</time></trkpt><trkpt lat="60.242952" lon="24.976177"><ele>13.2</ele><time>2026-08-02T15:10:03Z</time></trkpt><trkpt lat="60.242988" lon="24.976083"><ele>13.3</ele><time>2026-08-02T15:10:04Z</time><extensions><gpxtpx:TrackPointExtension><gpxtpx:hr>134</gpxtpx:hr></gpxtpx:TrackPointExtension></extensions></trkpt><trkpt lat="60.243027" lon="24.975982"><ele>13.2</ele><time>2026-08-02T15:10:05Z</time></trkpt><trkpt lat="60.243065" lon="24.975887"><ele>13.1</ele><time>2026-08-02T15:10:06Z</time><extensions><gpxtpx:TrackPointExtension><gpxtpx:hr>135</gpxtpx:hr></gpxtpx:TrackPointExtension></extensions></trkpt><trkpt lat="60.243103" lon="24.975788"><ele>13.0</ele><time>2026-08-02T15:10:07Z</time></trkpt><trkpt lat="60.243148" lon="24.975687"><ele>12.7</ele><time>2026-08-02T15:10:08Z</time></trkpt><trkpt lat="60.243185" lon="24.97558"><ele>12.7</ele><time>2026-08-02T15:10:09Z</time></trkpt><trkpt lat="60.243223" lon="24.975477"><ele>12.6</ele><time>2026-08-02T15:10:10Z</time></trkpt><trkpt lat="60.243267" lon="24.975365"><ele>12.5</ele><time>2026-08-02T15:10:11Z</time></trkpt><trkpt lat="60.243308" lon="24.975255"><ele>12.4</ele><time>2026-08-02T15:10:12Z</time></trkpt><trkpt lat="60.243347" lon="24.975153"><ele>12.3</ele><time>2026-08-02T15:10:13Z</time></trkpt><trkpt lat="60.243387" lon="24.975057"><ele>12.2</ele><time>2026-08-02T15:10:14Z</time><extensions><gpxtpx:TrackPointExtension><gpxtpx:hr>134</gpxtpx:hr></gpxtpx:TrackPointExtension></extensions></trkpt><trkpt lat="60.243427" lon="24.974955"><ele>12.3</ele><time>2026-08-02T15:10:15Z</time></trkpt><trkpt lat="60.243467" lon="24.974858"><ele>12.4</ele><time>2026-08-02T15:10:16Z</time></trkpt><trkpt lat="60.243505" lon="24.974762"><ele>12.4</ele><time>2026-08-02T15:10:17Z</time><extensions><gpxtpx:TrackPointExtension><gpxtpx:hr>134</gpxtpx:hr></gpxtpx:TrackPointExtension></extensions></trkpt><trkpt lat="60.243545" lon="24.974665"><ele>12.4</ele><time>2026-08-02T15:10:18Z</time></trkpt><trkpt lat="60.243583" lon="24.974563"><ele>12.7</ele><time>2026-08-02T15:10:19Z</time></trkpt><trkpt lat="60.243622" lon="24.974462"><ele>13.1</ele><time>2026-08-02T15:10:20Z</time></trkpt><trkpt lat="60.243658" lon="24.974363"><ele>13.3</ele><time>2026-08-02T15:10:21Z</time></trkpt><trkpt lat="60.243688" lon="24.974263"><ele>13.3</ele><time>2026-08-02T15:10:22Z</time></trkpt><trkpt lat="60.243718" lon="24.974163"><ele>13.4</ele><time>2026-08-02T15:10:23Z</time></trkpt><trkpt lat="60.243745" lon="24.974063"><ele>13.6</ele><time>2026-08-02T15:10:24Z</time><extensions><gpxtpx:TrackPointExtension><gpxtpx:hr>135</gpxtpx:hr></gpxtpx:TrackPointExtension></extensions></trkpt><trkpt lat="60.243772" lon="24.973958"><ele>14.1</ele><time>2026-08-02T15:10:25Z</time></trkpt><trkpt lat="60.243795" lon="24.973855"><ele>14.3</ele><time>2026-08-02T15:10:26Z</time></trkpt><trkpt lat="60.243812" lon="24.97376"><ele>14.6</ele><time>2026-08-02T15:10:27Z</time></trkpt><trkpt lat="60.243832" lon="24.973653"><ele>14.9</ele><time>2026-08-02T15:10:28Z</time></trkpt><trkpt lat="60.243847" lon="24.973547"><ele>14.9</ele><time>2026-08-02T15:10:29Z</time></trkpt><trkpt lat="60.243863" lon="24.973433"><ele>14.8</ele><time>2026-08-02T15:10:30Z</time></trkpt><trkpt lat="60.243882" lon="24.973322"><ele>14.9</ele><time>2026-08-02T15:10:31Z</time></trkpt><trkpt lat="60.2439" lon="24.973217"><ele>14.9</ele><time>2026-08-02T15:10:32Z</time></trkpt><trkpt lat="60.243922" lon="24.973107"><ele>15.1</ele><time>2026-08-02T15:10:33Z</time></trkpt><trkpt lat="60.243942" lon="24.972998"><ele>15.1</ele><time>2026-08-02T15:10:34Z</time></trkpt><trkpt lat="60.243958" lon="24.972883"><ele>15.1</ele><time>2026-08-02T15:10:35Z</time></trkpt><trkpt lat="60.243975" lon="24.972773"><ele>15.1</ele><time>2026-08-02T15:10:36Z</time></trkpt><trkpt lat="60.243992" lon="24.972657"><ele>15.0</ele><time>2026-08-02T15:10:37Z</time></trkpt><trkpt lat="60.244008" lon="24.97254"><ele>15.0</ele><time>2026-08-02T15:10:38Z</time><extensions><gpxtpx:TrackPointExtension><gpxtpx:hr>142</gpxtpx:hr></gpxtpx:TrackPointExtension></extensions></trkpt><trkpt lat="60.244023" lon="24.972422"><ele>15.0</ele><time>2026-08-02T15:10:39Z</time></trkpt><trkpt lat="60.24433" lon="24.969982"><ele>22.1</ele><time>2026-08-02T15:10:57Z</time><extensions><gpxtpx:TrackPointExtension><gpxtpx:hr>142</gpxtpx:hr></gpxtpx:TrackPointExtension></extensions></trkpt><trkpt lat="60.24433" lon="24.969982"><ele>22.1</ele><time>2026-08-02T15:10:44Z</time><extensions><gpxtpx:TrackPointExtension><gpxtpx:hr>141</gpxtpx:hr></gpxtpx:TrackPointExtension></extensions></trkpt><trkpt lat="60.24433" lon="24.969982"><ele>22.1</ele><time>2026-08-02T15:10:53Z</time><extensions><gpxtpx:TrackPointExtension><gpxtpx:hr>139</gpxtpx:hr></gpxtpx:TrackPointExtension></extensions></trkpt><trkpt lat="60.24433" lon="24.969982"><ele>22.1</ele><time>2026-08-02T15:10:56Z</time><extensions><gpxtpx:TrackPointExtension><gpxtpx:hr>139</gpxtpx:hr></gpxtpx:TrackPointExtension></extensions></trkpt><trkpt lat="60.244332" lon="24.969853"><ele>21.4</ele><time>2026-08-02T15:10:58Z</time></trkpt><trkpt lat="60.244337" lon="24.96977"><ele>21.4</ele><time>2026-08-02T15:10:58Z</time></trkpt><trkpt lat="60.244352" lon="24.969635"><ele>20.2</ele><time>2026-08-02T15:10:59Z</time></trkpt><trkpt lat="60.244365" lon="24.969508"><ele>19.1</ele><time>2026-08-02T15:11:00Z</time></trkpt><trkpt lat="60.244392" lon="24.96939"><ele>18.8</ele><time>2026-08-02T15:11:01Z</time></trkpt><trkpt lat="60.244407" lon="24.96929"><ele>19.1</ele><time>2026-08-02T15:11:02Z</time></trkpt><trkpt lat="60.244417" lon="24.969172"><ele>18.9</ele><time>2026-08-02T15:11:03Z</time></trkpt><trkpt lat="60.244425" lon="24.969053"><ele>18.6</ele><time>2026-08-02T15:11:04Z</time></trkpt><trkpt lat="60.244432" lon="24.968922"><ele>19.2</ele><time>2026-08-02T15:11:05Z</time></trkpt><trkpt lat="60.24444" lon="24.96879"><ele>20.1</ele><time>2026-08-02T15:11:06Z</time></trkpt><trkpt lat="60.244448" lon="24.968668"><ele>21.0</ele><time>2026-08-02T15:11:07Z</time></trkpt><trkpt lat="60.244458" lon="24.968557"><ele>21.5</ele><time>2026-08-02T15:11:08Z</time></trkpt><trkpt lat="60.244463" lon="24.968445"><ele>21.2</ele><time>2026-08-02T15:11:09Z</time></trkpt><trkpt lat="60.244465" lon="24.968322"><ele>21.3</ele><time>2026-08-02T15:11:10Z</time></trkpt><trkpt lat="60.244478" lon="24.968198"><ele>24.0</ele><time>2026-08-02T15:11:11Z</time><extensions><gpxtpx:TrackPointExtension><gpxtpx:hr>134</gpxtpx:hr></gpxtpx:TrackPointExtension></extensions></trkpt><trkpt lat="60.24448" lon="24.968083"><ele>22.9</ele><time>2026-08-02T15:11:12Z</time></trkpt><trkpt lat="60.24449" lon="24.967987"><ele>25.4</ele><time>2026-08-02T15:11:13Z</time></trkpt><trkpt lat="60.244488" lon="24.967882"><ele>24.4</ele><time>2026-08-02T15:11:14Z</time><extensions><gpxtpx:TrackPointExtension><gpxtpx:hr>133</gpxtpx:hr></gpxtpx:TrackPointExtension></extensions></trkpt><trkpt lat="60.244483" lon="24.967752"><ele>23.8</ele><time>2026-08-02T15:11:15Z</time></trkpt><trkpt lat="60.244482" lon="24.967615"><ele>24.0</ele><time>2026-08-02T15:11:16Z</time></trkpt><trkpt lat="60.244488" lon="24.96747"><ele>23.1</ele><time>2026-08-02T15:11:17Z</time></trkpt><trkpt lat="60.244592" lon="24.96736"><ele>14.2</ele><time>2026-08-02T15:11:18Z</time></trkpt><trkpt lat="60.244607" lon="24.967233"><ele>13.4</ele><time>2026-08-02T15:11:19Z</time></trkpt><trkpt lat="60.24462" lon="24.967113"><ele>13.8</ele><time>2026-08-02T15:11:20Z</time></trkpt><trkpt lat="60.244618" lon="24.966983"><ele>12.6</ele><time>2026-08-02T15:11:21Z</time></trkpt><trkpt lat="60.244625" lon="24.966848"><ele>12.9</ele><time>2026-08-02T15:11:22Z</time></trkpt><trkpt lat="60.244637" lon="24.966725"><ele>12.8</ele><time>2026-08-02T15:11:23Z</time><extensions><gpxtpx:TrackPointExtension><gpxtpx:hr>129</gpxtpx:hr></gpxtpx:TrackPointExtension></extensions></trkpt><trkpt lat="60.244648" lon="24.966588"><ele>12.7</ele><time>2026-08-02T15:11:24Z</time></trkpt><trkpt lat="60.244652" lon="24.966455"><ele>12.7</ele><time>2026-08-02T15:11:25Z</time></trkpt><trkpt lat="60.244665" lon="24.966342"><ele>13.2</ele><time>2026-08-02T15:11:26Z</time></trkpt><trkpt lat="60.244677" lon="24.966215"><ele>13.5</ele><time>2026-08-02T15:11:27Z</time></trkpt><trkpt lat="60.244682" lon="24.966088"><ele>14.3</ele><time>2026-08-02T15:11:28Z</time><extensions><gpxtpx:TrackPointExtension><gpxtpx:hr>130</gpxtpx:hr></gpxtpx:TrackPointExtension></extensions></trkpt><trkpt lat="60.244697" lon="24.965965"><ele>13.9</ele><time>2026-08-02T15:11:29Z</time></trkpt><trkpt lat="60.244707" lon="24.965843"><ele>13.7</ele><time>2026-08-02T15:11:30Z</time></trkpt><trkpt lat="60.244708" lon="24.965723"><ele>13.7</ele><time>2026-08-02T15:11:31Z</time></trkpt><trkpt lat="60.244713" lon="24.965602"><ele>13.5</ele><time>2026-08-02T15:11:32Z</time></trkpt><trkpt lat="60.244717" lon="24.965498"><ele>13.1</ele><time>2026-08-02T15:11:33Z</time></trkpt><trkpt lat="60.244725" lon="24.965385"><ele>13.4</ele><time>2026-08-02T15:11:34Z</time><extensions><gpxtpx:TrackPointExtension><gpxtpx:hr>131</gpxtpx:hr></gpxtpx:TrackPointExtension></extensions></trkpt><trkpt lat="60.244728" lon="24.96525"><ele>13.8</ele><time>2026-08-02T15:11:35Z</time></trkpt><trkpt lat="60.244733" lon="24.965133"><ele>13.9</ele><time>2026-08-02T15:11:36Z</time></trkpt><trkpt lat="60.244727" lon="24.96501"><ele>13.4</ele><time>2026-08-02T15:11:37Z</time></trkpt><trkpt lat="60.244713" lon="24.964888"><ele>13.0</ele><time>2026-08-02T15:11:38Z</time></trkpt><trkpt lat="60.244707" lon="24.964773"><ele>13.7</ele><time>2026-08-02T15:11:39Z</time></trkpt><trkpt lat="60.24471" lon="24.964652"><ele>13.8</ele><time>2026-08-02T15:11:40Z</time><extensions><gpxtpx:TrackPointExtension><gpxtpx:hr>132</gpxtpx:hr></gpxtpx:TrackPointExtension></extensions></trkpt><trkpt lat="60.244705" lon="24.96453"><ele>13.6</ele><time>2026-08-02T15:11:41Z</time></trkpt><trkpt lat="60.244702" lon="24.964405"><ele>14.0</ele><time>2026-08-02T15:11:42Z</time></trkpt><trkpt lat="60.244697" lon="24.964287"><ele>14.2</ele><time>2026-08-02T15:11:43Z</time></trkpt><trkpt lat="60.244685" lon="24.964172"><ele>15.4</ele><time>2026-08-02T15:11:44Z</time></trkpt><trkpt lat="60.244683" lon="24.964042"><ele>15.1</ele><time>2026-08-02T15:11:45Z</time><extensions><gpxtpx:TrackPointExtension><gpxtpx:hr>133</gpxtpx:hr></gpxtpx:TrackPointExtension></extensions></trkpt><trkpt lat="60.244673" lon="24.963928"><ele>15.9</ele><time>2026-08-02T15:11:46Z</time></trkpt><trkpt lat="60.244677" lon="24.96382"><ele>16.4</ele><time>2026-08-02T15:11:47Z</time></trkpt><trkpt lat="60.244672" lon="24.963702"><ele>16.2</ele><time>2026-08-02T15:11:48Z</time></trkpt><trkpt lat="60.244668" lon="24.963593"><ele>16.8</ele><time>2026-08-02T15:11:49Z</time><extensions><gpxtpx:TrackPointExtension><gpxtpx:hr>134</gpxtpx:hr></gpxtpx:TrackPointExtension></extensions></trkpt><trkpt lat="60.244663" lon="24.963478"><ele>16.8</ele><time>2026-08-02T15:11:50Z</time></trkpt><trkpt lat="60.24466" lon="24.963363"><ele>16.0</ele><time>2026-08-02T15:11:51Z</time></trkpt><trkpt lat="60.244653" lon="24.963253"><ele>15.7</ele><time>2026-08-02T15:11:52Z</time></trkpt><trkpt lat="60.24465" lon="24.963153"><ele>16.0</ele><time>2026-08-02T15:11:53Z</time></trkpt><trkpt lat="60.244645" lon="24.963065"><ele>16.6</ele><time>2026-08-02T15:11:54Z</time><extensions><gpxtpx:TrackPointExtension><gpxtpx:hr>134</gpxtpx:hr></gpxtpx:TrackPointExtension></extensions></trkpt><trkpt lat="60.244642" lon="24.962972"><ele>16.8</ele><time>2026-08-02T15:11:55Z</time></trkpt><trkpt lat="60.244637" lon="24.96286"><ele>15.3</ele><time>2026-08-02T15:11:56Z</time></trkpt><trkpt lat="60.244633" lon="24.962737"><ele>15.4</ele><time>2026-08-02T15:11:57Z</time></trkpt><trkpt lat="60.24463" lon="24.962623"><ele>16.2</ele><time>2026-08-02T15:11:58Z</time></trkpt><trkpt lat="60.244637" lon="24.962508"><ele>16.6</ele><time>2026-08-02T15:11:59Z</time><extensions><gpxtpx:TrackPointExtension><gpxtpx:hr>135</gpxtpx:hr></gpxtpx:TrackPointExtension></extensions></trkpt><trkpt lat="60.244648" lon="24.962397"><ele>16.5</ele><time>2026-08-02T15:12:00Z</time></trkpt><trkpt lat="60.244637" lon="24.962288"><ele>19.0</ele><time>2026-08-02T15:12:01Z</time></trkpt><trkpt lat="60.244647" lon="24.962212"><ele>15.6</ele><time>2026-08-02T15:12:02Z</time></trkpt><trkpt lat="60.24466" lon="24.962095"><ele>14.4</ele><time>2026-08-02T15:12:03Z</time></trkpt><trkpt lat="60.244658" lon="24.961965"><ele>15.2</ele><time>2026-08-02T15:12:04Z</time></trkpt><trkpt lat="60.24465" lon="24.96184"><ele>15.6</ele><time>2026-08-02T15:12:05Z</time></trkpt><trkpt lat="60.24465" lon="24.961745"><ele>15.6</ele><time>2026-08-02T15:12:06Z</time><extensions><gpxtpx:TrackPointExtension><gpxtpx:hr>139</gpxtpx:hr></gpxtpx:TrackPointExtension></extensions></trkpt><trkpt lat="60.244652" lon="24.961648"><ele>15.7</ele><time>2026-08-02T15:12:07Z</time></trkpt><trkpt lat="60.24465" lon="24.96153"><ele>16.8</ele><time>2026-08-02T15:12:08Z</time></trkpt><trkpt lat="60.244648" lon="24.961418"><ele>16.8</ele><time>2026-08-02T15:12:09Z</time></trkpt><trkpt lat="60.244658" lon="24.961318"><ele>16.6</ele><time>2026-08-02T15:12:10Z</time></trkpt><trkpt lat="60.244657" lon="24.961217"><ele>17.2</ele><time>2026-08-02T15:12:11Z</time><extensions><gpxtpx:TrackPointExtension><gpxtpx:hr>142</gpxtpx:hr></gpxtpx:TrackPointExtension></extensions></trkpt><trkpt lat="60.244657" lon="24.96111"><ele>17.5</ele><time>2026-08-02T15:12:12Z</time></trkpt><trkpt lat="60.244663" lon="24.960985"><ele>17.7</ele><time>2026-08-02T15:12:13Z</time></trkpt><trkpt lat="60.244665" lon="24.960865"><ele>16.9</ele><time>2026-08-02T15:12:14Z</time></trkpt><trkpt lat="60.244667" lon="24.960752"><ele>17.1</ele><time>2026-08-02T15:12:15Z</time></trkpt><trkpt lat="60.244663" lon="24.960645"><ele>17.4</ele><time>2026-08-02T15:12:16Z</time></trkpt><trkpt lat="60.24467" lon="24.96055"><ele>16.9</ele><time>2026-08-02T15:12:17Z</time></trkpt><trkpt lat="60.244673" lon="24.960445"><ele>17.5</ele><time>2026-08-02T15:12:18Z</time><extensions><gpxtpx:TrackPointExtension><gpxtpx:hr>144</gpxtpx:hr></gpxtpx:TrackPointExtension></extensions></trkpt><trkpt lat="60.244672" lon="24.960333"><ele>18.2</ele><time>2026-08-02T15:12:19Z</time></trkpt><trkpt lat="60.244673" lon="24.960223"><ele>18.3</ele><time>2026-08-02T15:12:20Z</time></trkpt><trkpt lat="60.244677" lon="24.960122"><ele>18.7</ele><time>2026-08-02T15:12:21Z</time><extensions><gpxtpx:TrackPointExtension><gpxtpx:hr>145</gpxtpx:hr></gpxtpx:TrackPointExtension></extensions></trkpt><trkpt lat="60.244687" lon="24.960025"><ele>19.0</ele><time>2026-08-02T15:12:22Z</time></trkpt><trkpt lat="60.244695" lon="24.959927"><ele>19.2</ele><time>2026-08-02T15:12:23Z</time></trkpt><trkpt lat="60.24471" lon="24.95983"><ele>20.1</ele><time>2026-08-02T15:12:24Z</time><extensions><gpxtpx:TrackPointExtension><gpxtpx:hr>148</gpxtpx:hr></gpxtpx:TrackPointExtension></extensions></trkpt><trkpt lat="60.244727" lon="24.959733"><ele>19.5</ele><time>2026-08-02T15:12:25Z</time></trkpt><trkpt lat="60.244735" lon="24.959633"><ele>19.7</ele><time>2026-08-02T15:12:26Z</time></trkpt><trkpt lat="60.24474" lon="24.959548"><ele>19.9</ele><time>2026-08-02T15:12:27Z</time></trkpt><trkpt lat="60.244752" lon="24.959467"><ele>19.9</ele><time>2026-08-02T15:12:28Z</time></trkpt><trkpt lat="60.24477" lon="24.959405"><ele>20.0</ele><time>2026-08-02T15:12:29Z</time></trkpt><trkpt lat="60.244783" lon="24.95934"><ele>20.4</ele><time>2026-08-02T15:12:30Z</time></trkpt><trkpt lat="60.244797" lon="24.959262"><ele>20.2</ele><time>2026-08-02T15:12:31Z</time><extensions><gpxtpx:TrackPointExtension><gpxtpx:hr>155</gpxtpx:hr></gpxtpx:TrackPointExtension></extensions></trkpt><trkpt lat="60.244817" lon="24.959188"><ele>20.0</ele><time>2026-08-02T15:12:32Z</time></trkpt><trkpt lat="60.24484" lon="24.95911"><ele>19.7</ele><time>2026-08-02T15:12:33Z</time></trkpt><trkpt lat="60.244852" lon="24.959037"><ele>19.9</ele><time>2026-08-02T15:12:34Z</time></trkpt><trkpt lat="60.244853" lon="24.95897"><ele>19.9</ele><time>2026-08-02T15:12:35Z</time></trkpt><trkpt lat="60.244863" lon="24.958892"><ele>20.3</ele><time>2026-08-02T15:12:36Z</time></trkpt><trkpt lat="60.244868" lon="24.958812"><ele>20.5</ele><time>2026-08-02T15:12:37Z</time><extensions><gpxtpx:TrackPointExtension><gpxtpx:hr>156</gpxtpx:hr></gpxtpx:TrackPointExtension></extensions></trkpt><trkpt lat="60.244872" lon="24.958715"><ele>20.2</ele><time>2026-08-02T15:12:38Z</time></trkpt><trkpt lat="60.244873" lon="24.958623"><ele>19.8</ele><time>2026-08-02T15:12:39Z</time></trkpt><trkpt lat="60.244878" lon="24.95853"><ele>20.1</ele><time>2026-08-02T15:12:40Z</time></trkpt><trkpt lat="60.244885" lon="24.958432"><ele>20.7</ele><time>2026-08-02T15:12:41Z</time></trkpt><trkpt lat="60.244887" lon="24.958335"><ele>20.4</ele><time>2026-08-02T15:12:42Z</time></trkpt><trkpt lat="60.244885" lon="24.958265"><ele>21.1</ele><time>2026-08-02T15:12:43Z</time><extensions><gpxtpx:TrackPointExtension><gpxtpx:hr>159</gpxtpx:hr></gpxtpx:TrackPointExtension></extensions></trkpt><trkpt lat="60.244887" lon="24.958185"><ele>21.3</ele><time>2026-08-02T15:12:44Z</time></trkpt><trkpt lat="60.244893" lon="24.958113"><ele>21.3</ele><time>2026-08-02T15:12:45Z</time></trkpt><trkpt lat="60.24489" lon="24.958045"><ele>22.0</ele><time>2026-08-02T15:12:46Z</time></trkpt><trkpt lat="60.244892" lon="24.95798"><ele>21.7</ele><time>2026-08-02T15:12:47Z</time></trkpt><trkpt lat="60.244912" lon="24.957915"><ele>22.2</ele><time>2026-08-02T15:12:48Z</time></trkpt><trkpt lat="60.244928" lon="24.957858"><ele>21.6</ele><time>2026-08-02T15:12:49Z</time></trkpt><trkpt lat="60.244942" lon="24.957803"><ele>21.4</ele><time>2026-08-02T15:12:50Z</time></trkpt><trkpt lat="60.244948" lon="24.957743"><ele>21.4</ele><time>2026-08-02T15:12:51Z</time></trkpt><trkpt lat="60.244962" lon="24.957682"><ele>21.7</ele><time>2026-08-02T15:12:52Z</time></trkpt><trkpt lat="60.244973" lon="24.957603"><ele>22.5</ele><time>2026-08-02T15:12:53Z</time></trkpt><trkpt lat="60.244985" lon="24.957537"><ele>22.7</ele><time>2026-08-02T15:12:54Z</time><extensions><gpxtpx:TrackPointExtension><gpxtpx:hr>157</gpxtpx:hr></gpxtpx:TrackPointExtension></extensions></trkpt><trkpt lat="60.244993" lon="24.957463"><ele>23.4</ele><time>2026-08-02T15:12:55Z</time></trkpt><trkpt lat="60.245003" lon="24.9574"><ele>24.3</ele><time>2026-08-02T15:12:56Z</time></trkpt><trkpt lat="60.245018" lon="24.957337"><ele>24.3</ele><time>2026-08-02T15:12:57Z</time></trkpt><trkpt lat="60.245037" lon="24.957273"><ele>24.4</ele><time>2026-08-02T15:12:58Z</time></trkpt><trkpt lat="60.245057" lon="24.957207"><ele>23.9</ele><time>2026-08-02T15:12:59Z</time><extensions><gpxtpx:TrackPointExtension><gpxtpx:hr>157</gpxtpx:hr></gpxtpx:TrackPointExtension></extensions></trkpt><trkpt lat="60.245073" lon="24.957135"><ele>24.6</ele><time>2026-08-02T15:13:00Z</time></trkpt><trkpt lat="60.245083" lon="24.957063"><ele>25.0</ele><time>2026-08-02T15:13:01Z</time></trkpt><trkpt lat="60.245097" lon="24.957003"><ele>25.3</ele><time>2026-08-02T15:13:02Z</time></trkpt><trkpt lat="60.245112" lon="24.956952"><ele>25.5</ele><time>2026-08-02T15:13:03Z</time></trkpt><trkpt lat="60.245115" lon="24.95688"><ele>26.3</ele><time>2026-08-02T15:13:04Z</time></trkpt><trkpt lat="60.245117" lon="24.956822"><ele>26.2</ele><time>2026-08-02T15:13:05Z</time></trkpt><trkpt lat="60.245117" lon="24.956742"><ele>26.7</ele><time>2026-08-02T15:13:06Z</time></trkpt><trkpt lat="60.245128" lon="24.956663"><ele>26.9</ele><time>2026-08-02T15:13:07Z</time></trkpt><trkpt lat="60.245143" lon="24.956573"><ele>27.2</ele><time>2026-08-02T15:13:08Z</time><extensions><gpxtpx:TrackPointExtension><gpxtpx:hr>161</gpxtpx:hr></gpxtpx:TrackPointExtension></extensions></trkpt><trkpt lat="60.24515" lon="24.9565"><ele>27.5</ele><time>2026-08-02T15:13:09Z</time><extensions><gpxtpx:TrackPointExtension><gpxtpx:hr>163</gpxtpx:hr></gpxtpx:TrackPointExtension></extensions></trkpt><trkpt lat="60.245155" lon="24.95644"><ele>27.0</ele><time>2026-08-02T15:13:10Z</time></trkpt><trkpt lat="60.245157" lon="24.956367"><ele>27.1</ele><time>2026-08-02T15:13:11Z</time></trkpt><trkpt lat="60.245165" lon="24.956292"><ele>27.2</ele><time>2026-08-02T15:13:12Z</time></trkpt><trkpt lat="60.245167" lon="24.956202"><ele>27.5</ele><time>2026-08-02T15:13:13Z</time></trkpt><trkpt lat="60.24517" lon="24.956115"><ele>27.7</ele><time>2026-08-02T15:13:14Z</time></trkpt><trkpt lat="60.245177" lon="24.956043"><ele>27.9</ele><time>2026-08-02T15:13:15Z</time></trkpt><trkpt lat="60.245188" lon="24.955965"><ele>27.5</ele><time>2026-08-02T15:13:16Z</time></trkpt><trkpt lat="60.245207" lon="24.955862"><ele>27.2</ele><time>2026-08-02T15:13:17Z</time></trkpt><trkpt lat="60.245217" lon="24.955753"><ele>26.9</ele><time>2026-08-02T15:13:18Z</time><extensions><gpxtpx:TrackPointExtension><gpxtpx:hr>159</gpxtpx:hr></gpxtpx:TrackPointExtension></extensions></trkpt><trkpt lat="60.245225" lon="24.95564"><ele>26.5</ele><time>2026-08-02T15:13:19Z</time><extensions><gpxtpx:TrackPointExtension><gpxtpx:hr>159</gpxtpx:hr></gpxtpx:TrackPointExtension></extensions></trkpt><trkpt lat="60.245235" lon="24.955527"><ele>25.9</ele><time>2026-08-02T15:13:20Z</time></trkpt><trkpt lat="60.245242" lon="24.95541"><ele>25.7</ele><time>2026-08-02T15:13:21Z</time></trkpt><trkpt lat="60.24525" lon="24.95529"><ele>25.7</ele><time>2026-08-02T15:13:22Z</time></trkpt><trkpt lat="60.245253" lon="24.955163"><ele>25.4</ele><time>2026-08-02T15:13:23Z</time></trkpt><trkpt lat="60.24526" lon="24.955035"><ele>25.4</ele><time>2026-08-02T15:13:24Z</time></trkpt><trkpt lat="60.245268" lon="24.954915"><ele>25.9</ele><time>2026-08-02T15:13:25Z</time><extensions><gpxtpx:TrackPointExtension><gpxtpx:hr>154</gpxtpx:hr></gpxtpx:TrackPointExtension></extensions></trkpt><trkpt lat="60.245267" lon="24.954785"><ele>25.7</ele><time>2026-08-02T15:13:26Z</time></trkpt><trkpt lat="60.245273" lon="24.954663"><ele>26.0</ele><time>2026-08-02T15:13:27Z</time></trkpt><trkpt lat="60.245283" lon="24.954545"><ele>26.0</ele><time>2026-08-02T15:13:28Z</time></trkpt><trkpt lat="60.245288" lon="24.954438"><ele>26.1</ele><time>2026-08-02T15:13:29Z</time></trkpt><trkpt lat="60.245292" lon="24.95433"><ele>25.8</ele><time>2026-08-02T15:13:30Z</time></trkpt><trkpt lat="60.245298" lon="24.954228"><ele>25.9</ele><time>2026-08-02T15:13:31Z</time><extensions><gpxtpx:TrackPointExtension><gpxtpx:hr>150</gpxtpx:hr></gpxtpx:TrackPointExtension></extensions></trkpt><trkpt lat="60.2453" lon="24.954135"><ele>25.8</ele><time>2026-08-02T15:13:32Z</time></trkpt><trkpt lat="60.245297" lon="24.95405"><ele>25.7</ele><time>2026-08-02T15:13:33Z</time></trkpt><trkpt lat="60.245297" lon="24.953957"><ele>25.8</ele><time>2026-08-02T15:13:34Z</time></trkpt><trkpt lat="60.245298" lon="24.953875"><ele>26.5</ele><time>2026-08-02T15:13:35Z</time><extensions><gpxtpx:TrackPointExtension><gpxtpx:hr>149</gpxtpx:hr></gpxtpx:TrackPointExtension></extensions></trkpt><trkpt lat="60.245302" lon="24.953803"><ele>26.3</ele><time>2026-08-02T15:13:36Z</time></trkpt><trkpt lat="60.245305" lon="24.953723"><ele>25.9</ele><time>2026-08-02T15:13:37Z</time></trkpt><trkpt lat="60.245305" lon="24.953648"><ele>25.4</ele><time>2026-08-02T15:13:38Z</time></trkpt><trkpt lat="60.245305" lon="24.953577"><ele>25.5</ele><time>2026-08-02T15:13:39Z</time></trkpt><trkpt lat="60.245305" lon="24.953502"><ele>25.9</ele><time>2026-08-02T15:13:40Z</time></trkpt><trkpt lat="60.24531" lon="24.953417"><ele>25.9</ele><time>2026-08-02T15:13:41Z</time><extensions><gpxtpx:TrackPointExtension><gpxtpx:hr>145</gpxtpx:hr></gpxtpx:TrackPointExtension></extensions></trkpt><trkpt lat="60.245308" lon="24.953338"><ele>25.8</ele><time>2026-08-02T15:13:42Z</time></trkpt><trkpt lat="60.2453" lon="24.953262"><ele>26.0</ele><time>2026-08-02T15:13:43Z</time></trkpt><trkpt lat="60.24529" lon="24.9532"><ele>26.7</ele><time>2026-08-02T15:13:44Z</time></trkpt><trkpt lat="60.24528" lon="24.95314"><ele>26.9</ele><time>2026-08-02T15:13:45Z</time></trkpt><trkpt lat="60.245267" lon="24.953067"><ele>26.6</ele><time>2026-08-02T15:13:47Z</time><extensions><gpxtpx:TrackPointExtension><gpxtpx:hr>143</gpxtpx:hr></gpxtpx:TrackPointExtension></extensions></trkpt><trkpt lat="60.24526" lon="24.953013"><ele>26.8</ele><time>2026-08-02T15:13:48Z</time></trkpt><trkpt lat="60.245243" lon="24.952932"><ele>27.1</ele><time>2026-08-02T15:13:49Z</time><extensions><gpxtpx:TrackPointExtension><gpxtpx:hr>141</gpxtpx:hr></gpxtpx:TrackPointExtension></extensions></trkpt><trkpt lat="60.245223" lon="24.95286"><ele>27.8</ele><time>2026-08-02T15:13:50Z</time></trkpt><trkpt lat="60.24521" lon="24.952777"><ele>28.7</ele><time>2026-08-02T15:13:51Z</time></trkpt><trkpt lat="60.245193" lon="24.952688"><ele>29.4</ele><time>2026-08-02T15:13:52Z</time></trkpt><trkpt lat="60.245183" lon="24.952618"><ele>28.9</ele><time>2026-08-02T15:13:53Z</time></trkpt><trkpt lat="60.24519" lon="24.95253"><ele>28.8</ele><time>2026-08-02T15:13:54Z</time></trkpt><trkpt lat="60.245195" lon="24.952427"><ele>29.2</ele><time>2026-08-02T15:13:55Z</time><extensions><gpxtpx:TrackPointExtension><gpxtpx:hr>137</gpxtpx:hr></gpxtpx:TrackPointExtension></extensions></trkpt><trkpt lat="60.245193" lon="24.952332"><ele>29.6</ele><time>2026-08-02T15:13:56Z</time></trkpt><trkpt lat="60.245188" lon="24.952242"><ele>29.8</ele><time>2026-08-02T15:13:57Z</time></trkpt><trkpt lat="60.245198" lon="24.952157"><ele>29.1</ele><time>2026-08-02T15:13:58Z</time></trkpt><trkpt lat="60.245207" lon="24.952053"><ele>29.4</ele><time>2026-08-02T15:13:59Z</time></trkpt><trkpt lat="60.245208" lon="24.951942"><ele>28.7</ele><time>2026-08-02T15:14:00Z</time></trkpt><trkpt lat="60.245197" lon="24.95183"><ele>28.7</ele><time>2026-08-02T15:14:01Z</time></trkpt><trkpt lat="60.245185" lon="24.951725"><ele>27.5</ele><time>2026-08-02T15:14:02Z</time><extensions><gpxtpx:TrackPointExtension><gpxtpx:hr>142</gpxtpx:hr></gpxtpx:TrackPointExtension></extensions></trkpt><trkpt lat="60.245168" lon="24.951613"><ele>26.6</ele><time>2026-08-02T15:14:03Z</time></trkpt><trkpt lat="60.24514" lon="24.951508"><ele>27.1</ele><time>2026-08-02T15:14:04Z</time></trkpt><trkpt lat="60.24511" lon="24.951397"><ele>28.2</ele><time>2026-08-02T15:14:05Z</time></trkpt><trkpt lat="60.245062" lon="24.95129"><ele>28.1</ele><time>2026-08-02T15:14:06Z</time><extensions><gpxtpx:TrackPointExtension><gpxtpx:hr>143</gpxtpx:hr></gpxtpx:TrackPointExtension></extensions></trkpt><trkpt lat="60.245027" lon="24.951185"><ele>27.6</ele><time>2026-08-02T15:14:07Z</time></trkpt><trkpt lat="60.244998" lon="24.951083"><ele>27.8</ele><time>2026-08-02T15:14:08Z</time></trkpt><trkpt lat="60.244982" lon="24.95097"><ele>28.7</ele><time>2026-08-02T15:14:09Z</time></trkpt><trkpt lat="60.244975" lon="24.950853"><ele>28.5</ele><time>2026-08-02T15:14:10Z</time><extensions><gpxtpx:TrackPointExtension><gpxtpx:hr>141</gpxtpx:hr></gpxtpx:TrackPointExtension></extensions></trkpt><trkpt lat="60.244975" lon="24.95074"><ele>28.4</ele><time>2026-08-02T15:14:11Z</time></trkpt><trkpt lat="60.24497" lon="24.950627"><ele>29.0</ele><time>2026-08-02T15:14:12Z</time></trkpt><trkpt lat="60.244982" lon="24.950522"><ele>29.3</ele><time>2026-08-02T15:14:13Z</time></trkpt><trkpt lat="60.244985" lon="24.950403"><ele>30.3</ele><time>2026-08-02T15:14:14Z</time><extensions><gpxtpx:TrackPointExtension><gpxtpx:hr>142</gpxtpx:hr></gpxtpx:TrackPointExtension></extensions></trkpt><trkpt lat="60.244998" lon="24.950295"><ele>30.0</ele><time>2026-08-02T15:14:15Z</time></trkpt><trkpt lat="60.245017" lon="24.950182"><ele>30.6</ele><time>2026-08-02T15:14:16Z</time></trkpt><trkpt lat="60.24502" lon="24.950067"><ele>30.6</ele><time>2026-08-02T15:14:17Z</time></trkpt><trkpt lat="60.245018" lon="24.949995"><ele>31.2</ele><time>2026-08-02T15:14:18Z</time></trkpt><trkpt lat="60.245027" lon="24.9499"><ele>31.2</ele><time>2026-08-02T15:14:19Z</time><extensions><gpxtpx:TrackPointExtension><gpxtpx:hr>143</gpxtpx:hr></gpxtpx:TrackPointExtension></extensions></trkpt><trkpt lat="60.245018" lon="24.949798"><ele>33.0</ele><time>2026-08-02T15:14:20Z</time></trkpt><trkpt lat="60.244995" lon="24.949727"><ele>33.5</ele><time>2026-08-02T15:14:21Z</time></trkpt><trkpt lat="60.244983" lon="24.949662"><ele>32.6</ele><time>2026-08-02T15:14:22Z</time></trkpt><trkpt lat="60.244962" lon="24.949602"><ele>33.5</ele><time>2026-08-02T15:14:23Z</time></trkpt><trkpt lat="60.244945" lon="24.949533"><ele>33.9</ele><time>2026-08-02T15:14:24Z</time></trkpt><trkpt lat="60.244913" lon="24.949478"><ele>33.9</ele><time>2026-08-02T15:14:25Z</time></trkpt><trkpt lat="60.24488" lon="24.949435"><ele>34.2</ele><time>2026-08-02T15:14:26Z</time><extensions><gpxtpx:TrackPointExtension><gpxtpx:hr>149</gpxtpx:hr></gpxtpx:TrackPointExtension></extensions></trkpt><trkpt lat="60.244847" lon="24.949388"><ele>34.8</ele><time>2026-08-02T15:14:27Z</time></trkpt><trkpt lat="60.244823" lon="24.94934"><ele>34.7</ele><time>2026-08-02T15:14:28Z</time></trkpt><trkpt lat="60.244792" lon="24.949288"><ele>35.8</ele><time>2026-08-02T15:14:29Z</time></trkpt><trkpt lat="60.244763" lon="24.949245"><ele>35.5</ele><time>2026-08-02T15:14:30Z</time></trkpt><trkpt lat="60.244742" lon="24.949192"><ele>35.3</ele><time>2026-08-02T15:14:31Z</time></trkpt><trkpt lat="60.244713" lon="24.949122"><ele>35.6</ele><time>2026-08-02T15:14:32Z</time></trkpt><trkpt lat="60.244698" lon="24.94905"><ele>35.8</ele><time>2026-08-02T15:14:33Z</time><extensions><gpxtpx:TrackPointExtension><gpxtpx:hr>154</gpxtpx:hr></gpxtpx:TrackPointExtension></extensions></trkpt><trkpt lat="60.244692" lon="24.948958"><ele>35.7</ele><time>2026-08-02T15:14:34Z</time></trkpt><trkpt lat="60.24469" lon="24.948885"><ele>35.4</ele><time>2026-08-02T15:14:35Z</time></trkpt><trkpt lat="60.24468" lon="24.948805"><ele>35.5</ele><time>2026-08-02T15:14:36Z</time></trkpt><trkpt lat="60.24467" lon="24.94873"><ele>35.9</ele><time>2026-08-02T15:14:37Z</time><extensions><gpxtpx:TrackPointExtension><gpxtpx:hr>158</gpxtpx:hr></gpxtpx:TrackPointExtension></extensions></trkpt><trkpt lat="60.24466" lon="24.948648"><ele>36.2</ele><time>2026-08-02T15:14:38Z</time></trkpt><trkpt lat="60.24465" lon="24.948563"><ele>35.9</ele><time>2026-08-02T15:14:39Z</time><extensions><gpxtpx:TrackPointExtension><gpxtpx:hr>159</gpxtpx:hr></gpxtpx:TrackPointExtension></extensions></trkpt><trkpt lat="60.24464" lon="24.948492"><ele>36.3</ele><time>2026-08-02T15:14:40Z</time></trkpt><trkpt lat="60.244628" lon="24.948427"><ele>36.4</ele><time>2026-08-02T15:14:41Z</time></trkpt><trkpt lat="60.244618" lon="24.948355"><ele>36.3</ele><time>2026-08-02T15:14:42Z</time></trkpt><trkpt lat="60.244608" lon="24.948273"><ele>36.8</ele><time>2026-08-02T15:14:43Z</time></trkpt><trkpt lat="60.244595" lon="24.948188"><ele>36.8</ele><time>2026-08-02T15:14:44Z</time></trkpt><trkpt lat="60.244582" lon="24.948108"><ele>36.6</ele><time>2026-08-02T15:14:45Z</time></trkpt><trkpt lat="60.24457" lon="24.948025"><ele>36.5</ele><time>2026-08-02T15:14:46Z</time><extensions><gpxtpx:TrackPointExtension><gpxtpx:hr>161</gpxtpx:hr></gpxtpx:TrackPointExtension></extensions></trkpt><trkpt lat="60.24456" lon="24.947937"><ele>36.4</ele><time>2026-08-02T15:14:47Z</time></trkpt><trkpt lat="60.24455" lon="24.947865"><ele>36.6</ele><time>2026-08-02T15:14:48Z</time></trkpt><trkpt lat="60.244535" lon="24.947797"><ele>36.8</ele><time>2026-08-02T15:14:49Z</time><extensions><gpxtpx:TrackPointExtension><gpxtpx:hr>161</gpxtpx:hr></gpxtpx:TrackPointExtension></extensions></trkpt><trkpt lat="60.244522" lon="24.94772"><ele>36.6</ele><time>2026-08-02T15:14:50Z</time></trkpt><trkpt lat="60.244512" lon="24.947642"><ele>37.2</ele><time>2026-08-02T15:14:51Z</time></trkpt><trkpt lat="60.244513" lon="24.94757"><ele>37.5</ele><time>2026-08-02T15:14:52Z</time></trkpt><trkpt lat="60.244532" lon="24.947503"><ele>38.0</ele><time>2026-08-02T15:14:53Z</time></trkpt><trkpt lat="60.244565" lon="24.947447"><ele>38.0</ele><time>2026-08-02T15:14:54Z</time></trkpt><trkpt lat="60.244598" lon="24.947398"><ele>37.8</ele><time>2026-08-02T15:14:55Z</time></trkpt><trkpt lat="60.24462" lon="24.947333"><ele>38.2</ele><time>2026-08-02T15:14:56Z</time></trkpt><trkpt lat="60.244638" lon="24.947255"><ele>37.7</ele><time>2026-08-02T15:14:57Z</time><extensions><gpxtpx:TrackPointExtension><gpxtpx:hr>161</gpxtpx:hr></gpxtpx:TrackPointExtension></extensions></trkpt><trkpt lat="60.244648" lon="24.947183"><ele>37.2</ele><time>2026-08-02T15:14:58Z</time></trkpt><trkpt lat="60.244662" lon="24.947115"><ele>36.6</ele><time>2026-08-02T15:14:59Z</time><extensions><gpxtpx:TrackPointExtension><gpxtpx:hr>161</gpxtpx:hr></gpxtpx:TrackPointExtension></extensions></trkpt><trkpt lat="60.244668" lon="24.947037"><ele>36.3</ele><time>2026-08-02T15:15:00Z</time></trkpt><trkpt lat="60.244672" lon="24.94695"><ele>36.1</ele><time>2026-08-02T15:15:01Z</time></trkpt><trkpt lat="60.244672" lon="24.946862"><ele>36.2</ele><time>2026-08-02T15:15:02Z</time></trkpt><trkpt lat="60.244668" lon="24.946777"><ele>36.1</ele><time>2026-08-02T15:15:03Z</time></trkpt><trkpt lat="60.244658" lon="24.94669"><ele>35.6</ele><time>2026-08-02T15:15:04Z</time></trkpt><trkpt lat="60.244645" lon="24.946602"><ele>35.3</ele><time>2026-08-02T15:15:05Z</time></trkpt><trkpt lat="60.244628" lon="24.946522"><ele>34.6</ele><time>2026-08-02T15:15:06Z</time></trkpt><trkpt lat="60.244602" lon="24.946437"><ele>34.4</ele><time>2026-08-02T15:15:07Z</time><extensions><gpxtpx:TrackPointExtension><gpxtpx:hr>156</gpxtpx:hr></gpxtpx:TrackPointExtension></extensions></trkpt><trkpt lat="60.244575" lon="24.946362"><ele>34.4</ele><time>2026-08-02T15:15:08Z</time></trkpt><trkpt lat="60.244545" lon="24.946285"><ele>34.7</ele><time>2026-08-02T15:15:09Z</time></trkpt><trkpt lat="60.244513" lon="24.9462"><ele>34.7</ele><time>2026-08-02T15:15:10Z</time></trkpt><trkpt lat="60.244477" lon="24.946115"><ele>34.2</ele><time>2026-08-02T15:15:11Z</time></trkpt><trkpt lat="60.244435" lon="24.946043"><ele>33.6</ele><time>2026-08-02T15:15:12Z</time></trkpt><trkpt lat="60.244395" lon="24.945953"><ele>33.0</ele><time>2026-08-02T15:15:13Z</time></trkpt><trkpt lat="60.244353" lon="24.945858"><ele>33.2</ele><time>2026-08-02T15:15:14Z</time><extensions><gpxtpx:TrackPointExtension><gpxtpx:hr>151</gpxtpx:hr></gpxtpx:TrackPointExtension></extensions></trkpt><trkpt lat="60.244312" lon="24.945755"><ele>33.7</ele><time>2026-08-02T15:15:15Z</time><extensions><gpxtpx:TrackPointExtension><gpxtpx:hr>151</gpxtpx:hr></gpxtpx:TrackPointExtension></extensions></trkpt><trkpt lat="60.24427" lon="24.94566"><ele>34.3</ele><time>2026-08-02T15:15:16Z</time></trkpt><trkpt lat="60.244238" lon="24.945582"><ele>34.1</ele><time>2026-08-02T15:15:17Z</time></trkpt><trkpt lat="60.244207" lon="24.945502"><ele>34.1</ele><time>2026-08-02T15:15:18Z</time></trkpt><trkpt lat="60.244175" lon="24.945423"><ele>35.4</ele><time>2026-08-02T15:15:19Z</time></trkpt><trkpt lat="60.244148" lon="24.945352"><ele>35.3</ele><time>2026-08-02T15:15:20Z</time></trkpt><trkpt lat="60.24412" lon="24.94528"><ele>34.9</ele><time>2026-08-02T15:15:21Z</time><extensions><gpxtpx:TrackPointExtension><gpxtpx:hr>148</gpxtpx:hr></gpxtpx:TrackPointExtension></extensions></trkpt><trkpt lat="60.244093" lon="24.94521"><ele>34.4</ele><time>2026-08-02T15:15:22Z</time></trkpt><trkpt lat="60.244065" lon="24.945142"><ele>34.9</ele><time>2026-08-02T15:15:23Z</time></trkpt><trkpt lat="60.24404" lon="24.945068"><ele>34.8</ele><time>2026-08-02T15:15:24Z</time></trkpt><trkpt lat="60.244007" lon="24.944997"><ele>34.9</ele><time>2026-08-02T15:15:25Z</time></trkpt><trkpt lat="60.243977" lon="24.944917"><ele>35.0</ele><time>2026-08-02T15:15:26Z</time><extensions><gpxtpx:TrackPointExtension><gpxtpx:hr>146</gpxtpx:hr></gpxtpx:TrackPointExtension></extensions></trkpt><trkpt lat="60.243942" lon="24.944835"><ele>35.1</ele><time>2026-08-02T15:15:27Z</time></trkpt><trkpt lat="60.243913" lon="24.944745"><ele>35.5</ele><time>2026-08-02T15:15:28Z</time></trkpt><trkpt lat="60.243883" lon="24.94466"><ele>35.2</ele><time>2026-08-02T15:15:29Z</time></trkpt><trkpt lat="60.243852" lon="24.944583"><ele>35.4</ele><time>2026-08-02T15:15:30Z</time></trkpt><trkpt lat="60.243815" lon="24.944508"><ele>35.5</ele><time>2026-08-02T15:15:31Z</time></trkpt><trkpt lat="60.24378" lon="24.944427"><ele>35.6</ele><time>2026-08-02T15:15:32Z</time><extensions><gpxtpx:TrackPointExtension><gpxtpx:hr>146</gpxtpx:hr></gpxtpx:TrackPointExtension></extensions></trkpt><trkpt lat="60.243743" lon="24.94435"><ele>35.6</ele><time>2026-08-02T15:15:33Z</time></trkpt><trkpt lat="60.243705" lon="24.944275"><ele>36.2</ele><time>2026-08-02T15:15:34Z</time></trkpt><trkpt lat="60.243667" lon="24.944193"><ele>36.1</ele><time>2026-08-02T15:15:35Z</time><extensions><gpxtpx:TrackPointExtension><gpxtpx:hr>145</gpxtpx:hr></gpxtpx:TrackPointExtension></extensions></trkpt><trkpt lat="60.243628" lon="24.944113"><ele>36.1</ele><time>2026-08-02T15:15:36Z</time></trkpt><trkpt lat="60.243598" lon="24.944035"><ele>35.8</ele><time>2026-08-02T15:15:37Z</time></trkpt><trkpt lat="60.243565" lon="24.943952"><ele>35.5</ele><time>2026-08-02T15:15:38Z</time></trkpt><trkpt lat="60.243533" lon="24.943862"><ele>34.9</ele><time>2026-08-02T15:15:39Z</time></trkpt><trkpt lat="60.243503" lon="24.943775"><ele>34.6</ele><time>2026-08-02T15:15:40Z</time></trkpt><trkpt lat="60.243473" lon="24.943685"><ele>34.5</ele><time>2026-08-02T15:15:41Z</time></trkpt><trkpt lat="60.243447" lon="24.943587"><ele>34.7</ele><time>2026-08-02T15:15:42Z</time></trkpt><trkpt lat="60.243425" lon="24.943475"><ele>34.0</ele><time>2026-08-02T15:15:43Z</time></trkpt><trkpt lat="60.243403" lon="24.943352"><ele>33.4</ele><time>2026-08-02T15:15:44Z</time><extensions><gpxtpx:TrackPointExtension><gpxtpx:hr>142</gpxtpx:hr></gpxtpx:TrackPointExtension></extensions></trkpt><trkpt lat="60.24338" lon="24.943213"><ele>32.7</ele><time>2026-08-02T15:15:45Z</time><extensions><gpxtpx:TrackPointExtension><gpxtpx:hr>141</gpxtpx:hr></gpxtpx:TrackPointExtension></extensions></trkpt><trkpt lat="60.243352" lon="24.943063"><ele>32.6</ele><time>2026-08-02T15:15:46Z</time></trkpt><trkpt lat="60.243323" lon="24.942917"><ele>33.8</ele><time>2026-08-02T15:15:47Z</time></trkpt><trkpt lat="60.243292" lon="24.942765"><ele>34.4</ele><time>2026-08-02T15:15:48Z</time></trkpt><trkpt lat="60.243262" lon="24.94262"><ele>35.1</ele><time>2026-08-02T15:15:49Z</time></trkpt><trkpt lat="60.243238" lon="24.942473"><ele>35.5</ele><time>2026-08-02T15:15:50Z</time><extensions><gpxtpx:TrackPointExtension><gpxtpx:hr>141</gpxtpx:hr></gpxtpx:TrackPointExtension></extensions></trkpt><trkpt lat="60.243223" lon="24.942333"><ele>36.0</ele><time>2026-08-02T15:15:51Z</time></trkpt><trkpt lat="60.243205" lon="24.942212"><ele>37.4</ele><time>2026-08-02T15:15:52Z</time></trkpt><trkpt lat="60.243192" lon="24.94211"><ele>37.8</ele><time>2026-08-02T15:15:53Z</time></trkpt><trkpt lat="60.243183" lon="24.942023"><ele>38.1</ele><time>2026-08-02T15:15:54Z</time></trkpt><trkpt lat="60.243182" lon="24.941928"><ele>38.1</ele><time>2026-08-02T15:15:55Z</time><extensions><gpxtpx:TrackPointExtension><gpxtpx:hr>143</gpxtpx:hr></gpxtpx:TrackPointExtension></extensions></trkpt><trkpt lat="60.243177" lon="24.94182"><ele>38.5</ele><time>2026-08-02T15:15:56Z</time></trkpt><trkpt lat="60.243172" lon="24.94172"><ele>39.6</ele><time>2026-08-02T15:15:57Z</time></trkpt><trkpt lat="60.243178" lon="24.941628"><ele>40.6</ele><time>2026-08-02T15:15:58Z</time></trkpt><trkpt lat="60.243185" lon="24.941545"><ele>40.9</ele><time>2026-08-02T15:15:59Z</time></trkpt><trkpt lat="60.243213" lon="24.941443"><ele>41.3</ele><time>2026-08-02T15:16:00Z</time></trkpt><trkpt lat="60.243245" lon="24.941368"><ele>40.4</ele><time>2026-08-02T15:16:01Z</time><extensions><gpxtpx:TrackPointExtension><gpxtpx:hr>149</gpxtpx:hr></gpxtpx:TrackPointExtension></extensions></trkpt><trkpt lat="60.243262" lon="24.9413"><ele>39.9</ele><time>2026-08-02T15:16:02Z</time></trkpt><trkpt lat="60.243267" lon="24.94123"><ele>39.8</ele><time>2026-08-02T15:16:03Z</time></trkpt><trkpt lat="60.243262" lon="24.941138"><ele>42.2</ele><time>2026-08-02T15:16:04Z</time></trkpt><trkpt lat="60.24326" lon="24.941053"><ele>41.9</ele><time>2026-08-02T15:16:05Z</time></trkpt><trkpt lat="60.243262" lon="24.940985"><ele>41.4</ele><time>2026-08-02T15:16:06Z</time><extensions><gpxtpx:TrackPointExtension><gpxtpx:hr>154</gpxtpx:hr></gpxtpx:TrackPointExtension></extensions></trkpt><trkpt lat="60.24325" lon="24.940913"><ele>41.5</ele><time>2026-08-02T15:16:07Z</time></trkpt><trkpt lat="60.24324" lon="24.940855"><ele>41.7</ele><time>2026-08-02T15:16:08Z</time></trkpt><trkpt lat="60.243233" lon="24.940783"><ele>41.9</ele><time>2026-08-02T15:16:09Z</time></trkpt><trkpt lat="60.24323" lon="24.940703"><ele>42.2</ele><time>2026-08-02T15:16:10Z</time><extensions><gpxtpx:TrackPointExtension><gpxtpx:hr>156</gpxtpx:hr></gpxtpx:TrackPointExtension></extensions></trkpt><trkpt lat="60.243222" lon="24.940615"><ele>42.7</ele><time>2026-08-02T15:16:11Z</time></trkpt><trkpt lat="60.243213" lon="24.940535"><ele>42.1</ele><time>2026-08-02T15:16:12Z</time></trkpt><trkpt lat="60.243202" lon="24.94045"><ele>43.0</ele><time>2026-08-02T15:16:13Z</time></trkpt><trkpt lat="60.243182" lon="24.940342"><ele>43.4</ele><time>2026-08-02T15:16:14Z</time></trkpt><trkpt lat="60.243165" lon="24.940245"><ele>43.4</ele><time>2026-08-02T15:16:15Z</time><extensions><gpxtpx:TrackPointExtension><gpxtpx:hr>158</gpxtpx:hr></gpxtpx:TrackPointExtension></extensions></trkpt><trkpt lat="60.24315" lon="24.94018"><ele>44.0</ele><time>2026-08-02T15:16:16Z</time></trkpt><trkpt lat="60.243125" lon="24.940113"><ele>43.9</ele><time>2026-08-02T15:16:17Z</time></trkpt><trkpt lat="60.243107" lon="24.940055"><ele>44.0</ele><time>2026-08-02T15:16:18Z</time></trkpt><trkpt lat="60.243083" lon="24.939972"><ele>43.4</ele><time>2026-08-02T15:16:19Z</time></trkpt><trkpt lat="60.243055" lon="24.939887"><ele>43.1</ele><time>2026-08-02T15:16:20Z</time><extensions><gpxtpx:TrackPointExtension><gpxtpx:hr>159</gpxtpx:hr></gpxtpx:TrackPointExtension></extensions></trkpt><trkpt lat="60.243023" lon="24.939802"><ele>43.1</ele><time>2026-08-02T15:16:21Z</time></trkpt><trkpt lat="60.242983" lon="24.939722"><ele>42.9</ele><time>2026-08-02T15:16:22Z</time></trkpt><trkpt lat="60.242955" lon="24.939618"><ele>42.8</ele><time>2026-08-02T15:16:23Z</time></trkpt><trkpt lat="60.242938" lon="24.939507"><ele>42.7</ele><time>2026-08-02T15:16:24Z</time></trkpt><trkpt lat="60.242923" lon="24.9394"><ele>41.5</ele><time>2026-08-02T15:16:25Z</time></trkpt><trkpt lat="60.2429" lon="24.939312"><ele>41.3</ele><time>2026-08-02T15:16:26Z</time></trkpt><trkpt lat="60.242867" lon="24.939235"><ele>41.6</ele><time>2026-08-02T15:16:27Z</time></trkpt><trkpt lat="60.242833" lon="24.939168"><ele>42.0</ele><time>2026-08-02T15:16:28Z</time></trkpt><trkpt lat="60.242788" lon="24.939108"><ele>41.9</ele><time>2026-08-02T15:16:29Z</time><extensions><gpxtpx:TrackPointExtension><gpxtpx:hr>162</gpxtpx:hr></gpxtpx:TrackPointExtension></extensions></trkpt><trkpt lat="60.242747" lon="24.939057"><ele>42.4</ele><time>2026-08-02T15:16:30Z</time></trkpt><trkpt lat="60.242703" lon="24.939023"><ele>41.5</ele><time>2026-08-02T15:16:31Z</time></trkpt><trkpt lat="60.24266" lon="24.938962"><ele>40.6</ele><time>2026-08-02T15:16:32Z</time></trkpt><trkpt lat="60.242618" lon="24.938862"><ele>40.9</ele><time>2026-08-02T15:16:33Z</time></trkpt><trkpt lat="60.242572" lon="24.938772"><ele>41.0</ele><time>2026-08-02T15:16:34Z</time><extensions><gpxtpx:TrackPointExtension><gpxtpx:hr>161</gpxtpx:hr></gpxtpx:TrackPointExtension></extensions></trkpt><trkpt lat="60.24254" lon="24.938675"><ele>41.1</ele><time>2026-08-02T15:16:35Z</time></trkpt><trkpt lat="60.242517" lon="24.93857"><ele>40.7</ele><time>2026-08-02T15:16:36Z</time></trkpt><trkpt lat="60.242493" lon="24.938463"><ele>40.6</ele><time>2026-08-02T15:16:37Z</time></trkpt><trkpt lat="60.242467" lon="24.938357"><ele>40.3</ele><time>2026-08-02T15:16:38Z</time></trkpt><trkpt lat="60.242443" lon="24.938257"><ele>40.2</ele><time>2026-08-02T15:16:39Z</time><extensions><gpxtpx:TrackPointExtension><gpxtpx:hr>160</gpxtpx:hr></gpxtpx:TrackPointExtension></extensions></trkpt><trkpt lat="60.24244" lon="24.938155"><ele>40.3</ele><time>2026-08-02T15:16:40Z</time></trkpt><trkpt lat="60.242435" lon="24.938038"><ele>40.5</ele><time>2026-08-02T15:16:41Z</time></trkpt><trkpt lat="60.24244" lon="24.937908"><ele>40.2</ele><time>2026-08-02T15:16:42Z</time></trkpt><trkpt lat="60.24246" lon="24.937778"><ele>40.6</ele><time>2026-08-02T15:16:43Z</time></trkpt><trkpt lat="60.242495" lon="24.937672"><ele>41.0</ele><time>2026-08-02T15:16:44Z</time><extensions><gpxtpx:TrackPointExtension><gpxtpx:hr>157</gpxtpx:hr></gpxtpx:TrackPointExtension></extensions></trkpt><trkpt lat="60.242533" lon="24.937587"><ele>41.9</ele><time>2026-08-02T15:16:45Z</time></trkpt><trkpt lat="60.242572" lon="24.937505"><ele>42.0</ele><time>2026-08-02T15:16:46Z</time></trkpt><trkpt lat="60.242612" lon="24.937442"><ele>42.1</ele><time>2026-08-02T15:16:47Z</time></trkpt><trkpt lat="60.242645" lon="24.93737"><ele>42.8</ele><time>2026-08-02T15:16:48Z</time></trkpt><trkpt lat="60.242683" lon="24.937298"><ele>43.0</ele><time>2026-08-02T15:16:49Z</time><extensions><gpxtpx:TrackPointExtension><gpxtpx:hr>153</gpxtpx:hr></gpxtpx:TrackPointExtension></extensions></trkpt><trkpt lat="60.242727" lon="24.937213"><ele>43.0</ele><time>2026-08-02T15:16:50Z</time><extensions><gpxtpx:TrackPointExtension><gpxtpx:hr>153</gpxtpx:hr></gpxtpx:TrackPointExtension></extensions></trkpt><trkpt lat="60.242765" lon="24.93714"><ele>43.5</ele><time>2026-08-02T15:16:51Z</time></trkpt><trkpt lat="60.2428" lon="24.937058"><ele>43.4</ele><time>2026-08-02T15:16:52Z</time></trkpt><trkpt lat="60.242847" lon="24.936965"><ele>43.2</ele><time>2026-08-02T15:16:53Z</time></trkpt><trkpt lat="60.242882" lon="24.93685"><ele>41.8</ele><time>2026-08-02T15:16:54Z</time></trkpt><trkpt lat="60.242908" lon="24.936725"><ele>42.1</ele><time>2026-08-02T15:16:55Z</time><extensions><gpxtpx:TrackPointExtension><gpxtpx:hr>149</gpxtpx:hr></gpxtpx:TrackPointExtension></extensions></trkpt><trkpt lat="60.242933" lon="24.936603"><ele>41.9</ele><time>2026-08-02T15:16:56Z</time></trkpt><trkpt lat="60.242945" lon="24.936478"><ele>41.4</ele><time>2026-08-02T15:16:57Z</time></trkpt><trkpt lat="60.242945" lon="24.936367"><ele>41.6</ele><time>2026-08-02T15:16:58Z</time></trkpt><trkpt lat="60.24293" lon="24.936245"><ele>41.6</ele><time>2026-08-02T15:16:59Z</time></trkpt><trkpt lat="60.242903" lon="24.936135"><ele>41.2</ele><time>2026-08-02T15:17:00Z</time></trkpt><trkpt lat="60.242872" lon="24.936025"><ele>41.3</ele><time>2026-08-02T15:17:01Z</time></trkpt><trkpt lat="60.242845" lon="24.935888"><ele>41.9</ele><time>2026-08-02T15:17:02Z</time></trkpt><trkpt lat="60.242837" lon="24.935737"><ele>41.0</ele><time>2026-08-02T15:17:03Z</time></trkpt><trkpt lat="60.242832" lon="24.935565"><ele>40.5</ele><time>2026-08-02T15:17:04Z</time></trkpt><trkpt lat="60.242825" lon="24.935382"><ele>39.8</ele><time>2026-08-02T15:17:05Z</time><extensions><gpxtpx:TrackPointExtension><gpxtpx:hr>145</gpxtpx:hr></gpxtpx:TrackPointExtension></extensions></trkpt><trkpt lat="60.24283" lon="24.935212"><ele>39.4</ele><time>2026-08-02T15:17:06Z</time><extensions><gpxtpx:TrackPointExtension><gpxtpx:hr>144</gpxtpx:hr></gpxtpx:TrackPointExtension></extensions></trkpt><trkpt lat="60.242833" lon="24.93503"><ele>38.9</ele><time>2026-08-02T15:17:07Z</time></trkpt><trkpt lat="60.242832" lon="24.934858"><ele>38.0</ele><time>2026-08-02T15:17:08Z</time></trkpt><trkpt lat="60.242813" lon="24.934673"><ele>38.2</ele><time>2026-08-02T15:17:09Z</time></trkpt><trkpt lat="60.242798" lon="24.934507"><ele>38.1</ele><time>2026-08-02T15:17:10Z</time></trkpt><trkpt lat="60.242778" lon="24.934342"><ele>38.0</ele><time>2026-08-02T15:17:11Z</time><extensions><gpxtpx:TrackPointExtension><gpxtpx:hr>140</gpxtpx:hr></gpxtpx:TrackPointExtension></extensions></trkpt><trkpt lat="60.242748" lon="24.934182"><ele>37.7</ele><time>2026-08-02T15:17:12Z</time></trkpt><trkpt lat="60.242718" lon="24.934022"><ele>38.4</ele><time>2026-08-02T15:17:13Z</time></trkpt><trkpt lat="60.242702" lon="24.93387"><ele>38.4</ele><time>2026-08-02T15:17:14Z</time></trkpt><trkpt lat="60.242692" lon="24.933713"><ele>38.1</ele><time>2026-08-02T15:17:15Z</time></trkpt><trkpt lat="60.242698" lon="24.933558"><ele>37.6</ele><time>2026-08-02T15:17:16Z</time></trkpt><trkpt lat="60.242718" lon="24.933397"><ele>36.8</ele><time>2026-08-02T15:17:17Z</time></trkpt><trkpt lat="60.242728" lon="24.933235"><ele>35.9</ele><time>2026-08-02T15:17:18Z</time></trkpt><trkpt lat="60.242748" lon="24.93307"><ele>35.6</ele><time>2026-08-02T15:17:19Z</time><extensions><gpxtpx:TrackPointExtension><gpxtpx:hr>136</gpxtpx:hr></gpxtpx:TrackPointExtension></extensions></trkpt><trkpt lat="60.242767" lon="24.932918"><ele>35.6</ele><time>2026-08-02T15:17:20Z</time></trkpt><trkpt lat="60.242792" lon="24.932793"><ele>35.0</ele><time>2026-08-02T15:17:21Z</time></trkpt><trkpt lat="60.24281" lon="24.932665"><ele>34.1</ele><time>2026-08-02T15:17:22Z</time></trkpt><trkpt lat="60.242817" lon="24.932515"><ele>33.8</ele><time>2026-08-02T15:17:23Z</time></trkpt><trkpt lat="60.242822" lon="24.93237"><ele>33.1</ele><time>2026-08-02T15:17:24Z</time></trkpt><trkpt lat="60.242828" lon="24.932242"><ele>33.1</ele><time>2026-08-02T15:17:25Z</time><extensions><gpxtpx:TrackPointExtension><gpxtpx:hr>136</gpxtpx:hr></gpxtpx:TrackPointExtension></extensions></trkpt><trkpt lat="60.242818" lon="24.932115"><ele>33.4</ele><time>2026-08-02T15:17:26Z</time></trkpt><trkpt lat="60.242792" lon="24.931992"><ele>32.9</ele><time>2026-08-02T15:17:27Z</time></trkpt><trkpt lat="60.242753" lon="24.93188"><ele>32.2</ele><time>2026-08-02T15:17:28Z</time><extensions><gpxtpx:TrackPointExtension><gpxtpx:hr>134</gpxtpx:hr></gpxtpx:TrackPointExtension></extensions></trkpt><trkpt lat="60.242727" lon="24.931775"><ele>32.5</ele><time>2026-08-02T15:17:29Z</time></trkpt><trkpt lat="60.242712" lon="24.93168"><ele>32.9</ele><time>2026-08-02T15:17:30Z</time></trkpt><trkpt lat="60.242707" lon="24.931565"><ele>32.5</ele><time>2026-08-02T15:17:31Z</time></trkpt><trkpt lat="60.242698" lon="24.931438"><ele>31.8</ele><time>2026-08-02T15:17:32Z</time></trkpt><trkpt lat="60.2427" lon="24.931302"><ele>31.5</ele><time>2026-08-02T15:17:33Z</time><extensions><gpxtpx:TrackPointExtension><gpxtpx:hr>132</gpxtpx:hr></gpxtpx:TrackPointExtension></extensions></trkpt><trkpt lat="60.242707" lon="24.931177"><ele>32.0</ele><time>2026-08-02T15:17:34Z</time></trkpt><trkpt lat="60.242707" lon="24.931058"><ele>32.7</ele><time>2026-08-02T15:17:35Z</time></trkpt><trkpt lat="60.242705" lon="24.93094"><ele>33.1</ele><time>2026-08-02T15:17:36Z</time></trkpt><trkpt lat="60.242715" lon="24.930818"><ele>33.3</ele><time>2026-08-02T15:17:37Z</time></trkpt><trkpt lat="60.242717" lon="24.930702"><ele>32.9</ele><time>2026-08-02T15:17:38Z</time></trkpt><trkpt lat="60.242722" lon="24.930568"><ele>33.0</ele><time>2026-08-02T15:17:39Z</time><extensions><gpxtpx:TrackPointExtension><gpxtpx:hr>134</gpxtpx:hr></gpxtpx:TrackPointExtension></extensions></trkpt><trkpt lat="60.24272" lon="24.930442"><ele>33.3</ele><time>2026-08-02T15:17:40Z</time></trkpt><trkpt lat="60.242723" lon="24.930328"><ele>33.8</ele><time>2026-08-02T15:17:41Z</time><extensions><gpxtpx:TrackPointExtension><gpxtpx:hr>134</gpxtpx:hr></gpxtpx:TrackPointExtension></extensions></trkpt><trkpt lat="60.242707" lon="24.930217"><ele>34.6</ele><time>2026-08-02T15:17:42Z</time></trkpt><trkpt lat="60.242702" lon="24.930107"><ele>35.0</ele><time>2026-08-02T15:17:43Z</time></trkpt><trkpt lat="60.24269" lon="24.929993"><ele>34.5</ele><time>2026-08-02T15:17:44Z</time></trkpt><trkpt lat="60.242678" lon="24.929898"><ele>34.4</ele><time>2026-08-02T15:17:45Z</time></trkpt><trkpt lat="60.242662" lon="24.929787"><ele>34.4</ele><time>2026-08-02T15:17:46Z</time><extensions><gpxtpx:TrackPointExtension><gpxtpx:hr>132</gpxtpx:hr></gpxtpx:TrackPointExtension></extensions></trkpt><trkpt lat="60.242638" lon="24.929687"><ele>35.0</ele><time>2026-08-02T15:17:47Z</time></trkpt><trkpt lat="60.24262" lon="24.929593"><ele>36.0</ele><time>2026-08-02T15:17:48Z</time></trkpt><trkpt lat="60.242598" lon="24.929492"><ele>36.0</ele><time>2026-08-02T15:17:49Z</time></trkpt><trkpt lat="60.242578" lon="24.929378"><ele>35.9</ele><time>2026-08-02T15:17:50Z</time></trkpt><trkpt lat="60.24256" lon="24.929277"><ele>34.1</ele><time>2026-08-02T15:17:51Z</time></trkpt><trkpt lat="60.242555" lon="24.929188"><ele>33.4</ele><time>2026-08-02T15:17:52Z</time></trkpt><trkpt lat="60.242542" lon="24.929082"><ele>33.5</ele><time>2026-08-02T15:17:53Z</time></trkpt><trkpt lat="60.242528" lon="24.928953"><ele>32.8</ele><time>2026-08-02T15:17:54Z</time></trkpt><trkpt lat="60.242523" lon="24.928837"><ele>33.1</ele><time>2026-08-02T15:17:55Z</time><extensions><gpxtpx:TrackPointExtension><gpxtpx:hr>133</gpxtpx:hr></gpxtpx:TrackPointExtension></extensions></trkpt><trkpt lat="60.242522" lon="24.92873"><ele>32.9</ele><time>2026-08-02T15:17:56Z</time><extensions><gpxtpx:TrackPointExtension><gpxtpx:hr>134</gpxtpx:hr></gpxtpx:TrackPointExtension></extensions></trkpt><trkpt lat="60.242505" lon="24.928603"><ele>33.3</ele><time>2026-08-02T15:17:57Z</time></trkpt><trkpt lat="60.242495" lon="24.928473"><ele>33.2</ele><time>2026-08-02T15:17:58Z</time></trkpt><trkpt lat="60.24249" lon="24.928365"><ele>33.1</ele><time>2026-08-02T15:17:59Z</time></trkpt><trkpt lat="60.242482" lon="24.92826"><ele>33.8</ele><time>2026-08-02T15:18:00Z</time></trkpt><trkpt lat="60.242465" lon="24.928133"><ele>33.5</ele><time>2026-08-02T15:18:01Z</time><extensions><gpxtpx:TrackPointExtension><gpxtpx:hr>132</gpxtpx:hr></gpxtpx:TrackPointExtension></extensions></trkpt><trkpt lat="60.242442" lon="24.92801"><ele>33.7</ele><time>2026-08-02T15:18:02Z</time></trkpt><trkpt lat="60.24242" lon="24.927895"><ele>33.8</ele><time>2026-08-02T15:18:03Z</time></trkpt><trkpt lat="60.242407" lon="24.927765"><ele>32.8</ele><time>2026-08-02T15:18:04Z</time></trkpt><trkpt lat="60.24239" lon="24.92763"><ele>32.9</ele><time>2026-08-02T15:18:05Z</time></trkpt><trkpt lat="60.242365" lon="24.927528"><ele>32.9</ele><time>2026-08-02T15:18:06Z</time></trkpt><trkpt lat="60.242358" lon="24.927437"><ele>32.9</ele><time>2026-08-02T15:18:07Z</time></trkpt><trkpt lat="60.24235" lon="24.927355"><ele>32.8</ele><time>2026-08-02T15:18:08Z</time></trkpt><trkpt lat="60.242345" lon="24.927282"><ele>32.3</ele><time>2026-08-02T15:18:09Z</time></trkpt><trkpt lat="60.242345" lon="24.927223"><ele>32.3</ele><time>2026-08-02T15:18:10Z</time><extensions><gpxtpx:TrackPointExtension><gpxtpx:hr>129</gpxtpx:hr></gpxtpx:TrackPointExtension></extensions></trkpt><trkpt lat="60.242335" lon="24.927167"><ele>32.1</ele><time>2026-08-02T15:18:11Z</time></trkpt><trkpt lat="60.242303" lon="24.927115"><ele>32.4</ele><time>2026-08-02T15:18:12Z</time><extensions><gpxtpx:TrackPointExtension><gpxtpx:hr>128</gpxtpx:hr></gpxtpx:TrackPointExtension></extensions></trkpt><trkpt lat="60.242263" lon="24.927105"><ele>32.8</ele><time>2026-08-02T15:18:13Z</time></trkpt><trkpt lat="60.242232" lon="24.927108"><ele>32.9</ele><time>2026-08-02T15:18:14Z</time></trkpt><trkpt lat="60.242197" lon="24.927082"><ele>32.6</ele><time>2026-08-02T15:18:15Z</time></trkpt><trkpt lat="60.242167" lon="24.927012"><ele>33.1</ele><time>2026-08-02T15:18:16Z</time><extensions><gpxtpx:TrackPointExtension><gpxtpx:hr>127</gpxtpx:hr></gpxtpx:TrackPointExtension></extensions></trkpt><trkpt lat="60.242143" lon="24.926938"><ele>34.4</ele><time>2026-08-02T15:18:17Z</time></trkpt><trkpt lat="60.242125" lon="24.92688"><ele>34.5</ele><time>2026-08-02T15:18:18Z</time></trkpt><trkpt lat="60.242107" lon="24.92682"><ele>34.4</ele><time>2026-08-02T15:18:19Z</time></trkpt><trkpt lat="60.24209" lon="24.926757"><ele>34.8</ele><time>2026-08-02T15:18:20Z</time></trkpt><trkpt lat="60.242068" lon="24.926733"><ele>34.9</ele><time>2026-08-02T15:18:21Z</time></trkpt><trkpt lat="60.242045" lon="24.926748"><ele>35.2</ele><time>2026-08-02T15:18:22Z</time></trkpt><trkpt lat="60.242025" lon="24.926778"><ele>35.5</ele><time>2026-08-02T15:18:23Z</time><extensions><gpxtpx:TrackPointExtension><gpxtpx:hr>134</gpxtpx:hr></gpxtpx:TrackPointExtension></extensions></trkpt><trkpt lat="60.241998" lon="24.926822"><ele>34.8</ele><time>2026-08-02T15:18:24Z</time></trkpt><trkpt lat="60.241955" lon="24.926828"><ele>34.6</ele><time>2026-08-02T15:18:26Z</time><extensions><gpxtpx:TrackPointExtension><gpxtpx:hr>139</gpxtpx:hr></gpxtpx:TrackPointExtension></extensions></trkpt><trkpt lat="60.241927" lon="24.926835"><ele>34.6</ele><time>2026-08-02T15:18:27Z</time></trkpt><trkpt lat="60.2419" lon="24.926862"><ele>35.0</ele><time>2026-08-02T15:18:28Z</time></trkpt><trkpt lat="60.241872" lon="24.926902"><ele>35.3</ele><time>2026-08-02T15:18:29Z</time></trkpt><trkpt lat="60.241838" lon="24.926938"><ele>35.0</ele><time>2026-08-02T15:18:30Z</time></trkpt><trkpt lat="60.2418" lon="24.926963"><ele>35.1</ele><time>2026-08-02T15:18:31Z</time></trkpt><trkpt lat="60.241772" lon="24.926993"><ele>37.0</ele><time>2026-08-02T15:18:32Z</time></trkpt><trkpt lat="60.241737" lon="24.927017"><ele>36.2</ele><time>2026-08-02T15:18:33Z</time></trkpt><trkpt lat="60.241703" lon="24.927045"><ele>36.5</ele><time>2026-08-02T15:18:34Z</time></trkpt><trkpt lat="60.241672" lon="24.927057"><ele>36.1</ele><time>2026-08-02T15:18:35Z</time><extensions><gpxtpx:TrackPointExtension><gpxtpx:hr>145</gpxtpx:hr></gpxtpx:TrackPointExtension></extensions></trkpt><trkpt lat="60.241638" lon="24.927075"><ele>36.2</ele><time>2026-08-02T15:18:36Z</time><extensions><gpxtpx:TrackPointExtension><gpxtpx:hr>146</gpxtpx:hr></gpxtpx:TrackPointExtension></extensions></trkpt><trkpt lat="60.2416" lon="24.927113"><ele>35.6</ele><time>2026-08-02T15:18:37Z</time></trkpt><trkpt lat="60.241558" lon="24.92713"><ele>36.9</ele><time>2026-08-02T15:18:38Z</time></trkpt><trkpt lat="60.24152" lon="24.927148"><ele>37.1</ele><time>2026-08-02T15:18:39Z</time></trkpt><trkpt lat="60.241478" lon="24.927185"><ele>37.9</ele><time>2026-08-02T15:18:40Z</time></trkpt><trkpt lat="60.241438" lon="24.927212"><ele>37.5</ele><time>2026-08-02T15:18:41Z</time></trkpt><trkpt lat="60.241392" lon="24.927252"><ele>37.6</ele><time>2026-08-02T15:18:42Z</time></trkpt><trkpt lat="60.241343" lon="24.927288"><ele>35.9</ele><time>2026-08-02T15:18:43Z</time></trkpt><trkpt lat="60.241295" lon="24.927328"><ele>35.7</ele><time>2026-08-02T15:18:44Z</time></trkpt><trkpt lat="60.24124" lon="24.927377"><ele>36.0</ele><time>2026-08-02T15:18:45Z</time><extensions><gpxtpx:TrackPointExtension><gpxtpx:hr>152</gpxtpx:hr></gpxtpx:TrackPointExtension></extensions></trkpt><trkpt lat="60.241193" lon="24.927405"><ele>35.8</ele><time>2026-08-02T15:18:46Z</time></trkpt><trkpt lat="60.241147" lon="24.92744"><ele>35.4</ele><time>2026-08-02T15:18:47Z</time></trkpt><trkpt lat="60.241102" lon="24.927477"><ele>35.1</ele><time>2026-08-02T15:18:48Z</time></trkpt><trkpt lat="60.241058" lon="24.9275"><ele>35.3</ele><time>2026-08-02T15:18:49Z</time></trkpt><trkpt lat="60.241007" lon="24.927553"><ele>35.4</ele><time>2026-08-02T15:18:50Z</time></trkpt><trkpt lat="60.240967" lon="24.927592"><ele>35.2</ele><time>2026-08-02T15:18:51Z</time></trkpt><trkpt lat="60.240922" lon="24.927615"><ele>34.6</ele><time>2026-08-02T15:18:52Z</time></trkpt><trkpt lat="60.24088" lon="24.927635"><ele>34.4</ele><time>2026-08-02T15:18:53Z</time></trkpt><trkpt lat="60.240842" lon="24.92765"><ele>34.2</ele><time>2026-08-02T15:18:54Z</time></trkpt><trkpt lat="60.240808" lon="24.92768"><ele>34.8</ele><time>2026-08-02T15:18:55Z</time></trkpt><trkpt lat="60.24076" lon="24.927705"><ele>33.8</ele><time>2026-08-02T15:18:56Z</time><extensions><gpxtpx:TrackPointExtension><gpxtpx:hr>154</gpxtpx:hr></gpxtpx:TrackPointExtension></extensions></trkpt><trkpt lat="60.24071" lon="24.927737"><ele>33.1</ele><time>2026-08-02T15:18:57Z</time></trkpt><trkpt lat="60.240672" lon="24.92776"><ele>33.5</ele><time>2026-08-02T15:18:58Z</time></trkpt><trkpt lat="60.240632" lon="24.927763"><ele>33.3</ele><time>2026-08-02T15:18:59Z</time></trkpt><trkpt lat="60.240587" lon="24.927783"><ele>33.4</ele><time>2026-08-02T15:19:00Z</time></trkpt><trkpt lat="60.240532" lon="24.927803"><ele>33.0</ele><time>2026-08-02T15:19:01Z</time></trkpt><trkpt lat="60.240483" lon="24.927825"><ele>33.1</ele><time>2026-08-02T15:19:02Z</time></trkpt><trkpt lat="60.240442" lon="24.927837"><ele>33.9</ele><time>2026-08-02T15:19:03Z</time><extensions><gpxtpx:TrackPointExtension><gpxtpx:hr>150</gpxtpx:hr></gpxtpx:TrackPointExtension></extensions></trkpt><trkpt lat="60.240395" lon="24.92785"><ele>33.7</ele><time>2026-08-02T15:19:04Z</time></trkpt><trkpt lat="60.240342" lon="24.927857"><ele>31.8</ele><time>2026-08-02T15:19:05Z</time></trkpt><trkpt lat="60.240293" lon="24.927877"><ele>32.0</ele><time>2026-08-02T15:19:06Z</time></trkpt><trkpt lat="60.240243" lon="24.927898"><ele>31.7</ele><time>2026-08-02T15:19:07Z</time><extensions><gpxtpx:TrackPointExtension><gpxtpx:hr>150</gpxtpx:hr></gpxtpx:TrackPointExtension></extensions></trkpt><trkpt lat="60.240193" lon="24.927917"><ele>31.3</ele><time>2026-08-02T15:19:08Z</time></trkpt><trkpt lat="60.240148" lon="24.927938"><ele>31.8</ele><time>2026-08-02T15:19:09Z</time></trkpt><trkpt lat="60.240108" lon="24.927962"><ele>31.0</ele><time>2026-08-02T15:19:10Z</time></trkpt><trkpt lat="60.240063" lon="24.927983"><ele>31.5</ele><time>2026-08-02T15:19:11Z</time></trkpt><trkpt lat="60.240012" lon="24.927977"><ele>31.9</ele><time>2026-08-02T15:19:12Z</time></trkpt><trkpt lat="60.23996" lon="24.92799"><ele>31.6</ele><time>2026-08-02T15:19:13Z</time></trkpt><trkpt lat="60.239897" lon="24.928018"><ele>31.3</ele><time>2026-08-02T15:19:14Z</time><extensions><gpxtpx:TrackPointExtension><gpxtpx:hr>147</gpxtpx:hr></gpxtpx:TrackPointExtension></extensions></trkpt><trkpt lat="60.23984" lon="24.928053"><ele>31.0</ele><time>2026-08-02T15:19:15Z</time></trkpt><trkpt lat="60.239782" lon="24.928083"><ele>30.7</ele><time>2026-08-02T15:19:16Z</time></trkpt><trkpt lat="60.239723" lon="24.928115"><ele>31.3</ele><time>2026-08-02T15:19:17Z</time><extensions><gpxtpx:TrackPointExtension><gpxtpx:hr>147</gpxtpx:hr></gpxtpx:TrackPointExtension></extensions></trkpt><trkpt lat="60.239662" lon="24.92814"><ele>31.1</ele><time>2026-08-02T15:19:18Z</time></trkpt><trkpt lat="60.239597" lon="24.928157"><ele>30.7</ele><time>2026-08-02T15:19:19Z</time></trkpt><trkpt lat="60.23953" lon="24.928183"><ele>30.4</ele><time>2026-08-02T15:19:20Z</time></trkpt><trkpt lat="60.239467" lon="24.92821"><ele>29.8</ele><time>2026-08-02T15:19:21Z</time></trkpt><trkpt lat="60.239397" lon="24.928238"><ele>29.7</ele><time>2026-08-02T15:19:22Z</time></trkpt><trkpt lat="60.239335" lon="24.928258"><ele>29.6</ele><time>2026-08-02T15:19:23Z</time></trkpt><trkpt lat="60.239272" lon="24.928288"><ele>29.4</ele><time>2026-08-02T15:19:24Z</time><extensions><gpxtpx:TrackPointExtension><gpxtpx:hr>145</gpxtpx:hr></gpxtpx:TrackPointExtension></extensions></trkpt><trkpt lat="60.239212" lon="24.928307"><ele>28.3</ele><time>2026-08-02T15:19:25Z</time></trkpt><trkpt lat="60.239157" lon="24.928327"><ele>27.5</ele><time>2026-08-02T15:19:26Z</time></trkpt><trkpt lat="60.239103" lon="24.928343"><ele>27.2</ele><time>2026-08-02T15:19:27Z</time><extensions><gpxtpx:TrackPointExtension><gpxtpx:hr>145</gpxtpx:hr></gpxtpx:TrackPointExtension></extensions></trkpt><trkpt lat="60.239047" lon="24.928353"><ele>27.3</ele><time>2026-08-02T15:19:28Z</time></trkpt><trkpt lat="60.238985" lon="24.928363"><ele>27.7</ele><time>2026-08-02T15:19:29Z</time></trkpt><trkpt lat="60.238925" lon="24.92839"><ele>27.5</ele><time>2026-08-02T15:19:30Z</time></trkpt><trkpt lat="60.238875" lon="24.928417"><ele>28.0</ele><time>2026-08-02T15:19:31Z</time><extensions><gpxtpx:TrackPointExtension><gpxtpx:hr>144</gpxtpx:hr></gpxtpx:TrackPointExtension></extensions></trkpt><trkpt lat="60.238813" lon="24.928448"><ele>28.3</ele><time>2026-08-02T15:19:32Z</time></trkpt><trkpt lat="60.238753" lon="24.928482"><ele>27.6</ele><time>2026-08-02T15:19:33Z</time></trkpt><trkpt lat="60.238687" lon="24.928505"><ele>28.1</ele><time>2026-08-02T15:19:34Z</time></trkpt><trkpt lat="60.23862" lon="24.928532"><ele>28.3</ele><time>2026-08-02T15:19:35Z</time></trkpt><trkpt lat="60.238563" lon="24.928552"><ele>28.0</ele><time>2026-08-02T15:19:36Z</time></trkpt><trkpt lat="60.238498" lon="24.92857"><ele>27.6</ele><time>2026-08-02T15:19:37Z</time></trkpt><trkpt lat="60.238435" lon="24.92859"><ele>27.3</ele><time>2026-08-02T15:19:38Z</time></trkpt><trkpt lat="60.238373" lon="24.928612"><ele>26.2</ele><time>2026-08-02T15:19:39Z</time></trkpt><trkpt lat="60.238317" lon="24.928632"><ele>26.0</ele><time>2026-08-02T15:19:40Z</time><extensions><gpxtpx:TrackPointExtension><gpxtpx:hr>138</gpxtpx:hr></gpxtpx:TrackPointExtension></extensions></trkpt><trkpt lat="60.238258" lon="24.928653"><ele>25.7</ele><time>2026-08-02T15:19:41Z</time></trkpt><trkpt lat="60.238203" lon="24.92868"><ele>25.8</ele><time>2026-08-02T15:19:42Z</time><extensions><gpxtpx:TrackPointExtension><gpxtpx:hr>137</gpxtpx:hr></gpxtpx:TrackPointExtension></extensions></trkpt><trkpt lat="60.238158" lon="24.928707"><ele>26.0</ele><time>2026-08-02T15:19:43Z</time></trkpt><trkpt lat="60.238135" lon="24.928723"><ele>25.8</ele><time>2026-08-02T15:19:44Z</time></trkpt><trkpt lat="60.238117" lon="24.928757"><ele>26.2</ele><time>2026-08-02T15:19:45Z</time></trkpt><trkpt lat="60.238102" lon="24.928782"><ele>26.4</ele><time>2026-08-02T15:19:46Z</time></trkpt><trkpt lat="60.238065" lon="24.928808"><ele>27.6</ele><time>2026-08-02T15:19:48Z</time><extensions><gpxtpx:TrackPointExtension><gpxtpx:hr>136</gpxtpx:hr></gpxtpx:TrackPointExtension></extensions></trkpt><trkpt lat="60.23804" lon="24.928803"><ele>27.6</ele><time>2026-08-02T15:19:50Z</time></trkpt><trkpt lat="60.238007" lon="24.928802"><ele>27.6</ele><time>2026-08-02T15:19:51Z</time></trkpt><trkpt lat="60.237972" lon="24.928815"><ele>28.5</ele><time>2026-08-02T15:19:52Z</time><extensions><gpxtpx:TrackPointExtension><gpxtpx:hr>134</gpxtpx:hr></gpxtpx:TrackPointExtension></extensions></trkpt><trkpt lat="60.237943" lon="24.928822"><ele>29.0</ele><time>2026-08-02T15:19:53Z</time></trkpt><trkpt lat="60.23791" lon="24.92882"><ele>28.3</ele><time>2026-08-02T15:19:54Z</time></trkpt><trkpt lat="60.237873" lon="24.928825"><ele>27.5</ele><time>2026-08-02T15:19:55Z</time></trkpt><trkpt lat="60.23782" lon="24.928852"><ele>27.3</ele><time>2026-08-02T15:19:56Z</time></trkpt><trkpt lat="60.237773" lon="24.92887"><ele>28.4</ele><time>2026-08-02T15:19:57Z</time><extensions><gpxtpx:TrackPointExtension><gpxtpx:hr>135</gpxtpx:hr></gpxtpx:TrackPointExtension></extensions></trkpt><trkpt lat="60.237725" lon="24.92888"><ele>27.7</ele><time>2026-08-02T15:19:58Z</time></trkpt><trkpt lat="60.237678" lon="24.928895"><ele>27.3</ele><time>2026-08-02T15:19:59Z</time></trkpt><trkpt lat="60.237628" lon="24.928915"><ele>28.0</ele><time>2026-08-02T15:20:00Z</time></trkpt><trkpt lat="60.237578" lon="24.928932"><ele>27.1</ele><time>2026-08-02T15:20:01Z</time></trkpt><trkpt lat="60.237532" lon="24.928945"><ele>26.8</ele><time>2026-08-02T15:20:02Z</time><extensions><gpxtpx:TrackPointExtension><gpxtpx:hr>136</gpxtpx:hr></gpxtpx:TrackPointExtension></extensions></trkpt><trkpt lat="60.237478" lon="24.928968"><ele>27.4</ele><time>2026-08-02T15:20:03Z</time></trkpt><trkpt lat="60.23742" lon="24.928985"><ele>26.7</ele><time>2026-08-02T15:20:04Z</time></trkpt><trkpt lat="60.23737" lon="24.928995"><ele>26.0</ele><time>2026-08-02T15:20:05Z</time></trkpt><trkpt lat="60.237322" lon="24.92902"><ele>26.4</ele><time>2026-08-02T15:20:06Z</time></trkpt><trkpt lat="60.237267" lon="24.929048"><ele>25.7</ele><time>2026-08-02T15:20:07Z</time><extensions><gpxtpx:TrackPointExtension><gpxtpx:hr>138</gpxtpx:hr></gpxtpx:TrackPointExtension></extensions></trkpt><trkpt lat="60.237217" lon="24.92907"><ele>25.4</ele><time>2026-08-02T15:20:08Z</time></trkpt><trkpt lat="60.237173" lon="24.929097"><ele>25.6</ele><time>2026-08-02T15:20:09Z</time></trkpt><trkpt lat="60.237132" lon="24.929107"><ele>26.1</ele><time>2026-08-02T15:20:10Z</time></trkpt><trkpt lat="60.237088" lon="24.929125"><ele>25.6</ele><time>2026-08-02T15:20:11Z</time></trkpt><trkpt lat="60.237057" lon="24.929135"><ele>26.5</ele><time>2026-08-02T15:20:12Z</time></trkpt><trkpt lat="60.237012" lon="24.929123"><ele>26.9</ele><time>2026-08-02T15:20:13Z</time></trkpt><trkpt lat="60.236967" lon="24.92913"><ele>27.6</ele><time>2026-08-02T15:20:14Z</time></trkpt><trkpt lat="60.236918" lon="24.929153"><ele>27.6</ele><time>2026-08-02T15:20:15Z</time></trkpt><trkpt lat="60.236868" lon="24.92918"><ele>27.1</ele><time>2026-08-02T15:20:16Z</time></trkpt><trkpt lat="60.236813" lon="24.9292"><ele>26.7</ele><time>2026-08-02T15:20:17Z</time></trkpt><trkpt lat="60.236763" lon="24.929222"><ele>26.8</ele><time>2026-08-02T15:20:18Z</time></trkpt><trkpt lat="60.236717" lon="24.929242"><ele>28.0</ele><time>2026-08-02T15:20:19Z</time></trkpt><trkpt lat="60.236665" lon="24.929268"><ele>26.8</ele><time>2026-08-02T15:20:20Z</time></trkpt><trkpt lat="60.236613" lon="24.929282"><ele>27.5</ele><time>2026-08-02T15:20:21Z</time></trkpt><trkpt lat="60.23656" lon="24.9293"><ele>27.9</ele><time>2026-08-02T15:20:22Z</time></trkpt><trkpt lat="60.236513" lon="24.92933"><ele>27.6</ele><time>2026-08-02T15:20:23Z</time></trkpt><trkpt lat="60.236457" lon="24.92936"><ele>27.4</ele><time>2026-08-02T15:20:24Z</time></trkpt><trkpt lat="60.236395" lon="24.929378"><ele>28.3</ele><time>2026-08-02T15:20:25Z</time></trkpt><trkpt lat="60.23635" lon="24.929403"><ele>28.1</ele><time>2026-08-02T15:20:26Z</time></trkpt><trkpt lat="60.236292" lon="24.929427"><ele>28.2</ele><time>2026-08-02T15:20:27Z</time></trkpt><trkpt lat="60.236237" lon="24.929448"><ele>28.2</ele><time>2026-08-02T15:20:28Z</time></trkpt><trkpt lat="60.236185" lon="24.92947"><ele>28.4</ele><time>2026-08-02T15:20:29Z</time></trkpt><trkpt lat="60.236133" lon="24.929487"><ele>27.6</ele><time>2026-08-02T15:20:30Z</time></trkpt><trkpt lat="60.236078" lon="24.929508"><ele>28.0</ele><time>2026-08-02T15:20:31Z</time></trkpt><trkpt lat="60.236028" lon="24.929533"><ele>28.0</ele><time>2026-08-02T15:20:32Z</time></trkpt><trkpt lat="60.23598" lon="24.929555"><ele>28.3</ele><time>2026-08-02T15:20:33Z</time></trkpt><trkpt lat="60.235927" lon="24.929575"><ele>28.6</ele><time>2026-08-02T15:20:34Z</time></trkpt><trkpt lat="60.235875" lon="24.929597"><ele>30.1</ele><time>2026-08-02T15:20:35Z</time></trkpt><trkpt lat="60.235818" lon="24.929628"><ele>30.4</ele><time>2026-08-02T15:20:36Z</time></trkpt><trkpt lat="60.235765" lon="24.929658"><ele>29.8</ele><time>2026-08-02T15:20:37Z</time></trkpt><trkpt lat="60.235715" lon="24.929698"><ele>30.3</ele><time>2026-08-02T15:20:38Z</time></trkpt><trkpt lat="60.235668" lon="24.929742"><ele>29.9</ele><time>2026-08-02T15:20:39Z</time></trkpt><trkpt lat="60.235613" lon="24.929793"><ele>29.0</ele><time>2026-08-02T15:20:40Z</time></trkpt><trkpt lat="60.23556" lon="24.929845"><ele>27.9</ele><time>2026-08-02T15:20:41Z</time></trkpt><trkpt lat="60.23551" lon="24.9299"><ele>26.7</ele><time>2026-08-02T15:20:42Z</time></trkpt><trkpt lat="60.235457" lon="24.929945"><ele>26.6</ele><time>2026-08-02T15:20:43Z</time></trkpt><trkpt lat="60.235403" lon="24.929995"><ele>27.8</ele><time>2026-08-02T15:20:44Z</time></trkpt><trkpt lat="60.235347" lon="24.930053"><ele>27.1</ele><time>2026-08-02T15:20:45Z</time></trkpt><trkpt lat="60.235292" lon="24.93012"><ele>27.6</ele><time>2026-08-02T15:20:46Z</time></trkpt><trkpt lat="60.23524" lon="24.930172"><ele>27.3</ele><time>2026-08-02T15:20:47Z</time></trkpt><trkpt lat="60.235197" lon="24.930222"><ele>27.3</ele><time>2026-08-02T15:20:48Z</time></trkpt><trkpt lat="60.235152" lon="24.930272"><ele>27.8</ele><time>2026-08-02T15:20:49Z</time></trkpt><trkpt lat="60.235105" lon="24.930318"><ele>28.1</ele><time>2026-08-02T15:20:50Z</time></trkpt><trkpt lat="60.235063" lon="24.93036"><ele>28.2</ele><time>2026-08-02T15:20:51Z</time></trkpt><trkpt lat="60.235023" lon="24.930408"><ele>28.3</ele><time>2026-08-02T15:20:52Z</time></trkpt><trkpt lat="60.234978" lon="24.930467"><ele>28.6</ele><time>2026-08-02T15:20:53Z</time></trkpt><trkpt lat="60.23494" lon="24.930513"><ele>29.3</ele><time>2026-08-02T15:20:54Z</time></trkpt><trkpt lat="60.234897" lon="24.930552"><ele>28.0</ele><time>2026-08-02T15:20:55Z</time></trkpt><trkpt lat="60.23485" lon="24.930602"><ele>27.4</ele><time>2026-08-02T15:20:56Z</time></trkpt><trkpt lat="60.234797" lon="24.930673"><ele>28.3</ele><time>2026-08-02T15:20:57Z</time></trkpt><trkpt lat="60.23476" lon="24.930762"><ele>29.5</ele><time>2026-08-02T15:20:58Z</time><extensions><gpxtpx:TrackPointExtension><gpxtpx:hr>137</gpxtpx:hr></gpxtpx:TrackPointExtension></extensions></trkpt><trkpt lat="60.234723" lon="24.930833"><ele>30.2</ele><time>2026-08-02T15:20:59Z</time></trkpt><trkpt lat="60.23468" lon="24.93088"><ele>29.9</ele><time>2026-08-02T15:21:00Z</time></trkpt><trkpt lat="60.234632" lon="24.930913"><ele>30.7</ele><time>2026-08-02T15:21:01Z</time></trkpt><trkpt lat="60.234592" lon="24.930953"><ele>29.7</ele><time>2026-08-02T15:21:02Z</time></trkpt><trkpt lat="60.234548" lon="24.930998"><ele>29.1</ele><time>2026-08-02T15:21:03Z</time></trkpt><trkpt lat="60.234503" lon="24.931048"><ele>29.2</ele><time>2026-08-02T15:21:04Z</time></trkpt><trkpt lat="60.23446" lon="24.9311"><ele>29.6</ele><time>2026-08-02T15:21:05Z</time></trkpt><trkpt lat="60.234422" lon="24.931153"><ele>30.1</ele><time>2026-08-02T15:21:06Z</time></trkpt><trkpt lat="60.234383" lon="24.931222"><ele>29.8</ele><time>2026-08-02T15:21:07Z</time></trkpt><trkpt lat="60.234358" lon="24.931288"><ele>30.0</ele><time>2026-08-02T15:21:08Z</time></trkpt><trkpt lat="60.234342" lon="24.931368"><ele>30.1</ele><time>2026-08-02T15:21:09Z</time></trkpt><trkpt lat="60.234323" lon="24.931423"><ele>30.6</ele><time>2026-08-02T15:21:10Z</time></trkpt><trkpt lat="60.234297" lon="24.93148"><ele>30.9</ele><time>2026-08-02T15:21:11Z</time></trkpt><trkpt lat="60.23427" lon="24.931512"><ele>31.3</ele><time>2026-08-02T15:21:12Z</time></trkpt><trkpt lat="60.234233" lon="24.931517"><ele>32.3</ele><time>2026-08-02T15:21:13Z</time></trkpt><trkpt lat="60.234185" lon="24.931518"><ele>32.8</ele><time>2026-08-02T15:21:14Z</time><extensions><gpxtpx:TrackPointExtension><gpxtpx:hr>133</gpxtpx:hr></gpxtpx:TrackPointExtension></extensions></trkpt><trkpt lat="60.234145" lon="24.93152"><ele>31.3</ele><time>2026-08-02T15:21:15Z</time></trkpt><trkpt lat="60.234107" lon="24.931507"><ele>30.2</ele><time>2026-08-02T15:21:16Z</time></trkpt><trkpt lat="60.23408" lon="24.931475"><ele>29.7</ele><time>2026-08-02T15:21:17Z</time></trkpt><trkpt lat="60.234052" lon="24.931423"><ele>29.0</ele><time>2026-08-02T15:21:18Z</time></trkpt><trkpt lat="60.23403" lon="24.931357"><ele>28.2</ele><time>2026-08-02T15:21:19Z</time></trkpt><trkpt lat="60.234015" lon="24.93128"><ele>28.3</ele><time>2026-08-02T15:21:20Z</time></trkpt><trkpt lat="60.234002" lon="24.931208"><ele>28.6</ele><time>2026-08-02T15:21:21Z</time></trkpt><trkpt lat="60.233978" lon="24.931163"><ele>28.2</ele><time>2026-08-02T15:21:22Z</time></trkpt><trkpt lat="60.233938" lon="24.931135"><ele>28.6</ele><time>2026-08-02T15:21:23Z</time></trkpt><trkpt lat="60.233905" lon="24.931105"><ele>28.4</ele><time>2026-08-02T15:21:24Z</time></trkpt><trkpt lat="60.233878" lon="24.931107"><ele>28.6</ele><time>2026-08-02T15:21:25Z</time><extensions><gpxtpx:TrackPointExtension><gpxtpx:hr>130</gpxtpx:hr></gpxtpx:TrackPointExtension></extensions></trkpt><trkpt lat="60.23385" lon="24.931163"><ele>29.3</ele><time>2026-08-02T15:21:26Z</time></trkpt><trkpt lat="60.233833" lon="24.93121"><ele>27.7</ele><time>2026-08-02T15:21:27Z</time></trkpt><trkpt lat="60.233795" lon="24.931263"><ele>27.0</ele><time>2026-08-02T15:21:28Z</time></trkpt><trkpt lat="60.233757" lon="24.931293"><ele>27.5</ele><time>2026-08-02T15:21:29Z</time></trkpt><trkpt lat="60.233717" lon="24.931308"><ele>27.8</ele><time>2026-08-02T15:21:30Z</time><extensions><gpxtpx:TrackPointExtension><gpxtpx:hr>130</gpxtpx:hr></gpxtpx:TrackPointExtension></extensions></trkpt><trkpt lat="60.233682" lon="24.93135"><ele>27.7</ele><time>2026-08-02T15:21:30Z</time></trkpt><trkpt lat="60.233645" lon="24.931403"><ele>27.4</ele><time>2026-08-02T15:21:31Z</time></trkpt><trkpt lat="60.233602" lon="24.93145"><ele>27.1</ele><time>2026-08-02T15:21:32Z</time></trkpt><trkpt lat="60.23355" lon="24.931502"><ele>28.0</ele><time>2026-08-02T15:21:33Z</time><extensions><gpxtpx:TrackPointExtension><gpxtpx:hr>131</gpxtpx:hr></gpxtpx:TrackPointExtension></extensions></trkpt><trkpt lat="60.233503" lon="24.931555"><ele>28.1</ele><time>2026-08-02T15:21:34Z</time></trkpt><trkpt lat="60.23346" lon="24.931605"><ele>28.2</ele><time>2026-08-02T15:21:35Z</time></trkpt><trkpt lat="60.233412" lon="24.931652"><ele>27.6</ele><time>2026-08-02T15:21:37Z</time></trkpt><trkpt lat="60.233358" lon="24.93171"><ele>27.5</ele><time>2026-08-02T15:21:37Z</time></trkpt><trkpt lat="60.233315" lon="24.931765"><ele>28.0</ele><time>2026-08-02T15:21:38Z</time></trkpt><trkpt lat="60.233273" lon="24.931827"><ele>28.2</ele><time>2026-08-02T15:21:39Z</time></trkpt><trkpt lat="60.233223" lon="24.931878"><ele>28.4</ele><time>2026-08-02T15:21:40Z</time><extensions><gpxtpx:TrackPointExtension><gpxtpx:hr>141</gpxtpx:hr></gpxtpx:TrackPointExtension></extensions></trkpt><trkpt lat="60.23318" lon="24.931928"><ele>28.4</ele><time>2026-08-02T15:21:41Z</time><extensions><gpxtpx:TrackPointExtension><gpxtpx:hr>142</gpxtpx:hr></gpxtpx:TrackPointExtension></extensions></trkpt><trkpt lat="60.233132" lon="24.931977"><ele>28.1</ele><time>2026-08-02T15:21:42Z</time></trkpt><trkpt lat="60.233085" lon="24.932032"><ele>28.9</ele><time>2026-08-02T15:21:43Z</time></trkpt><trkpt lat="60.233037" lon="24.932092"><ele>29.2</ele><time>2026-08-02T15:21:44Z</time></trkpt><trkpt lat="60.232988" lon="24.932148"><ele>29.7</ele><time>2026-08-02T15:21:45Z</time></trkpt><trkpt lat="60.23294" lon="24.932208"><ele>30.1</ele><time>2026-08-02T15:21:46Z</time></trkpt><trkpt lat="60.232895" lon="24.932258"><ele>30.3</ele><time>2026-08-02T15:21:47Z</time></trkpt><trkpt lat="60.232843" lon="24.932312"><ele>30.8</ele><time>2026-08-02T15:21:48Z</time></trkpt><trkpt lat="60.23279" lon="24.932375"><ele>31.0</ele><time>2026-08-02T15:21:49Z</time><extensions><gpxtpx:TrackPointExtension><gpxtpx:hr>142</gpxtpx:hr></gpxtpx:TrackPointExtension></extensions></trkpt><trkpt lat="60.23274" lon="24.932428"><ele>31.4</ele><time>2026-08-02T15:21:50Z</time></trkpt><trkpt lat="60.232682" lon="24.932483"><ele>31.1</ele><time>2026-08-02T15:21:51Z</time></trkpt><trkpt lat="60.232628" lon="24.932545"><ele>30.9</ele><time>2026-08-02T15:21:52Z</time><extensions><gpxtpx:TrackPointExtension><gpxtpx:hr>143</gpxtpx:hr></gpxtpx:TrackPointExtension></extensions></trkpt><trkpt lat="60.232582" lon="24.932605"><ele>31.3</ele><time>2026-08-02T15:21:53Z</time></trkpt><trkpt lat="60.23253" lon="24.932663"><ele>31.4</ele><time>2026-08-02T15:21:54Z</time></trkpt><trkpt lat="60.232477" lon="24.932717"><ele>31.7</ele><time>2026-08-02T15:21:55Z</time></trkpt><trkpt lat="60.232425" lon="24.932775"><ele>32.0</ele><time>2026-08-02T15:21:56Z</time></trkpt><trkpt lat="60.232377" lon="24.932825"><ele>32.0</ele><time>2026-08-02T15:21:57Z</time></trkpt><trkpt lat="60.23233" lon="24.93287"><ele>32.5</ele><time>2026-08-02T15:21:58Z</time></trkpt><trkpt lat="60.232282" lon="24.932922"><ele>32.2</ele><time>2026-08-02T15:21:59Z</time></trkpt><trkpt lat="60.232232" lon="24.932972"><ele>32.0</ele><time>2026-08-02T15:22:00Z</time><extensions><gpxtpx:TrackPointExtension><gpxtpx:hr>135</gpxtpx:hr></gpxtpx:TrackPointExtension></extensions></trkpt><trkpt lat="60.23218" lon="24.933027"><ele>31.5</ele><time>2026-08-02T15:22:01Z</time></trkpt><trkpt lat="60.232132" lon="24.933082"><ele>31.5</ele><time>2026-08-02T15:22:02Z</time></trkpt><trkpt lat="60.232082" lon="24.933135"><ele>31.9</ele><time>2026-08-02T15:22:03Z</time></trkpt><trkpt lat="60.232035" lon="24.93319"><ele>32.4</ele><time>2026-08-02T15:22:04Z</time></trkpt><trkpt lat="60.231985" lon="24.933253"><ele>32.6</ele><time>2026-08-02T15:22:05Z</time><extensions><gpxtpx:TrackPointExtension><gpxtpx:hr>132</gpxtpx:hr></gpxtpx:TrackPointExtension></extensions></trkpt><trkpt lat="60.231932" lon="24.933307"><ele>31.9</ele><time>2026-08-02T15:22:06Z</time></trkpt><trkpt lat="60.231875" lon="24.93336"><ele>31.6</ele><time>2026-08-02T15:22:07Z</time></trkpt><trkpt lat="60.231823" lon="24.93342"><ele>32.0</ele><time>2026-08-02T15:22:08Z</time></trkpt><trkpt lat="60.23177" lon="24.93347"><ele>31.7</ele><time>2026-08-02T15:22:09Z</time></trkpt><trkpt lat="60.231717" lon="24.933523"><ele>32.7</ele><time>2026-08-02T15:22:10Z</time><extensions><gpxtpx:TrackPointExtension><gpxtpx:hr>129</gpxtpx:hr></gpxtpx:TrackPointExtension></extensions></trkpt><trkpt lat="60.231667" lon="24.933577"><ele>31.6</ele><time>2026-08-02T15:22:11Z</time></trkpt><trkpt lat="60.231622" lon="24.933648"><ele>31.4</ele><time>2026-08-02T15:22:12Z</time></trkpt><trkpt lat="60.231578" lon="24.93373"><ele>31.2</ele><time>2026-08-02T15:22:13Z</time><extensions><gpxtpx:TrackPointExtension><gpxtpx:hr>126</gpxtpx:hr></gpxtpx:TrackPointExtension></extensions></trkpt><trkpt lat="60.231532" lon="24.933805"><ele>31.4</ele><time>2026-08-02T15:22:14Z</time></trkpt><trkpt lat="60.231492" lon="24.933882"><ele>31.7</ele><time>2026-08-02T15:22:15Z</time></trkpt><trkpt lat="60.231457" lon="24.933958"><ele>32.5</ele><time>2026-08-02T15:22:16Z</time></trkpt><trkpt lat="60.23142" lon="24.934035"><ele>32.2</ele><time>2026-08-02T15:22:17Z</time></trkpt><trkpt lat="60.231387" lon="24.934115"><ele>32.1</ele><time>2026-08-02T15:22:18Z</time></trkpt><trkpt lat="60.231348" lon="24.934185"><ele>31.7</ele><time>2026-08-02T15:22:19Z</time><extensions><gpxtpx:TrackPointExtension><gpxtpx:hr>127</gpxtpx:hr></gpxtpx:TrackPointExtension></extensions></trkpt><trkpt lat="60.231318" lon="24.934252"><ele>31.5</ele><time>2026-08-02T15:22:20Z</time></trkpt><trkpt lat="60.231287" lon="24.934322"><ele>31.6</ele><time>2026-08-02T15:22:21Z</time><extensions><gpxtpx:TrackPointExtension><gpxtpx:hr>127</gpxtpx:hr></gpxtpx:TrackPointExtension></extensions></trkpt><trkpt lat="60.231258" lon="24.934395"><ele>31.3</ele><time>2026-08-02T15:22:22Z</time></trkpt><trkpt lat="60.231232" lon="24.93446"><ele>30.9</ele><time>2026-08-02T15:22:23Z</time></trkpt><trkpt lat="60.231215" lon="24.934535"><ele>31.4</ele><time>2026-08-02T15:22:24Z</time></trkpt><trkpt lat="60.231182" lon="24.934603"><ele>31.4</ele><time>2026-08-02T15:22:25Z</time></trkpt><trkpt lat="60.231143" lon="24.934655"><ele>31.4</ele><time>2026-08-02T15:22:26Z</time><extensions><gpxtpx:TrackPointExtension><gpxtpx:hr>126</gpxtpx:hr></gpxtpx:TrackPointExtension></extensions></trkpt><trkpt lat="60.231122" lon="24.934652"><ele>28.2</ele><time>2026-08-02T15:22:34Z</time><extensions><gpxtpx:TrackPointExtension><gpxtpx:hr>126</gpxtpx:hr></gpxtpx:TrackPointExtension></extensions></trkpt><trkpt lat="60.231107" lon="24.93469"><ele>30.2</ele><time>2026-08-02T15:22:41Z</time><extensions><gpxtpx:TrackPointExtension><gpxtpx:hr>126</gpxtpx:hr></gpxtpx:TrackPointExtension></extensions></trkpt><trkpt lat="60.231107" lon="24.93469"><ele>30.2</ele><time>2026-08-02T15:22:41Z</time><extensions><gpxtpx:TrackPointExtension><gpxtpx:hr>126</gpxtpx:hr></gpxtpx:TrackPointExtension></extensions></trkpt><trkpt lat="60.231085" lon="24.934717"><ele>30.2</ele><time>2026-08-02T15:22:42Z</time></trkpt><trkpt lat="60.23106" lon="24.934778"><ele>31.4</ele><time>2026-08-02T15:22:44Z</time></trkpt><trkpt lat="60.231035" lon="24.934832"><ele>31.1</ele><time>2026-08-02T15:22:45Z</time></trkpt><trkpt lat="60.231012" lon="24.934882"><ele>31.0</ele><time>2026-08-02T15:22:46Z</time><extensions><gpxtpx:TrackPointExtension><gpxtpx:hr>127</gpxtpx:hr></gpxtpx:TrackPointExtension></extensions></trkpt><trkpt lat="60.23098" lon="24.934937"><ele>30.3</ele><time>2026-08-02T15:22:47Z</time></trkpt><trkpt lat="60.230953" lon="24.935"><ele>31.6</ele><time>2026-08-02T15:22:48Z</time></trkpt><trkpt lat="60.230927" lon="24.935078"><ele>31.5</ele><time>2026-08-02T15:22:49Z</time></trkpt><trkpt lat="60.230895" lon="24.935162"><ele>30.2</ele><time>2026-08-02T15:22:50Z</time></trkpt><trkpt lat="60.230875" lon="24.93525"><ele>30.8</ele><time>2026-08-02T15:22:51Z</time><extensions><gpxtpx:TrackPointExtension><gpxtpx:hr>128</gpxtpx:hr></gpxtpx:TrackPointExtension></extensions></trkpt><trkpt lat="60.230847" lon="24.93533"><ele>30.5</ele><time>2026-08-02T15:22:52Z</time></trkpt><trkpt lat="60.230818" lon="24.935413"><ele>30.9</ele><time>2026-08-02T15:22:53Z</time></trkpt><trkpt lat="60.230793" lon="24.935505"><ele>32.2</ele><time>2026-08-02T15:22:54Z</time></trkpt><trkpt lat="60.230762" lon="24.935603"><ele>32.5</ele><time>2026-08-02T15:22:55Z</time></trkpt><trkpt lat="60.23073" lon="24.935707"><ele>32.7</ele><time>2026-08-02T15:22:56Z</time><extensions><gpxtpx:TrackPointExtension><gpxtpx:hr>129</gpxtpx:hr></gpxtpx:TrackPointExtension></extensions></trkpt><trkpt lat="60.230695" lon="24.93581"><ele>32.8</ele><time>2026-08-02T15:22:57Z</time></trkpt><trkpt lat="60.230653" lon="24.935912"><ele>32.0</ele><time>2026-08-02T15:22:58Z</time></trkpt><trkpt lat="60.230612" lon="24.93602"><ele>31.6</ele><time>2026-08-02T15:22:59Z</time></trkpt><trkpt lat="60.230573" lon="24.936127"><ele>31.0</ele><time>2026-08-02T15:23:00Z</time></trkpt><trkpt lat="60.230538" lon="24.936238"><ele>31.3</ele><time>2026-08-02T15:23:01Z</time></trkpt><trkpt lat="60.23051" lon="24.93635"><ele>31.7</ele><time>2026-08-02T15:23:02Z</time></trkpt><trkpt lat="60.230478" lon="24.93646"><ele>31.0</ele><time>2026-08-02T15:23:03Z</time><extensions><gpxtpx:TrackPointExtension><gpxtpx:hr>128</gpxtpx:hr></gpxtpx:TrackPointExtension></extensions></trkpt><trkpt lat="60.230445" lon="24.936562"><ele>30.7</ele><time>2026-08-02T15:23:04Z</time></trkpt><trkpt lat="60.230408" lon="24.93667"><ele>31.0</ele><time>2026-08-02T15:23:05Z</time></trkpt><trkpt lat="60.230375" lon="24.936778"><ele>30.9</ele><time>2026-08-02T15:23:06Z</time></trkpt><trkpt lat="60.23034" lon="24.936878"><ele>31.0</ele><time>2026-08-02T15:23:07Z</time></trkpt><trkpt lat="60.230312" lon="24.936978"><ele>31.2</ele><time>2026-08-02T15:23:08Z</time></trkpt><trkpt lat="60.230285" lon="24.93708"><ele>31.8</ele><time>2026-08-02T15:23:09Z</time></trkpt><trkpt lat="60.230257" lon="24.937175"><ele>32.3</ele><time>2026-08-02T15:23:10Z</time></trkpt><trkpt lat="60.23023" lon="24.937273"><ele>33.1</ele><time>2026-08-02T15:23:11Z</time></trkpt><trkpt lat="60.230205" lon="24.93736"><ele>32.9</ele><time>2026-08-02T15:23:12Z</time></trkpt><trkpt lat="60.230183" lon="24.937437"><ele>32.8</ele><time>2026-08-02T15:23:13Z</time></trkpt><trkpt lat="60.230148" lon="24.937522"><ele>33.2</ele><time>2026-08-02T15:23:14Z</time></trkpt><trkpt lat="60.230112" lon="24.937613"><ele>33.6</ele><time>2026-08-02T15:23:15Z</time></trkpt><trkpt lat="60.230078" lon="24.937693"><ele>33.7</ele><time>2026-08-02T15:23:16Z</time><extensions><gpxtpx:TrackPointExtension><gpxtpx:hr>117</gpxtpx:hr></gpxtpx:TrackPointExtension></extensions></trkpt><trkpt lat="60.230048" lon="24.937778"><ele>33.9</ele><time>2026-08-02T15:23:17Z</time></trkpt><trkpt lat="60.230018" lon="24.93786"><ele>33.6</ele><time>2026-08-02T15:23:18Z</time></trkpt><trkpt lat="60.22999" lon="24.937945"><ele>33.3</ele><time>2026-08-02T15:23:19Z</time></trkpt><trkpt lat="60.229967" lon="24.938032"><ele>32.4</ele><time>2026-08-02T15:23:20Z</time></trkpt><trkpt lat="60.229948" lon="24.938117"><ele>33.2</ele><time>2026-08-02T15:23:21Z</time></trkpt><trkpt lat="60.229927" lon="24.93821"><ele>32.9</ele><time>2026-08-02T15:23:22Z</time></trkpt><trkpt lat="60.229915" lon="24.938305"><ele>32.8</ele><time>2026-08-02T15:23:23Z</time></trkpt><trkpt lat="60.2299" lon="24.938408"><ele>31.9</ele><time>2026-08-02T15:23:24Z</time></trkpt><trkpt lat="60.229885" lon="24.938523"><ele>31.3</ele><time>2026-08-02T15:23:25Z</time><extensions><gpxtpx:TrackPointExtension><gpxtpx:hr>122</gpxtpx:hr></gpxtpx:TrackPointExtension></extensions></trkpt><trkpt lat="60.229868" lon="24.938642"><ele>31.5</ele><time>2026-08-02T15:23:26Z</time></trkpt><trkpt lat="60.229853" lon="24.938765"><ele>31.7</ele><time>2026-08-02T15:23:27Z</time></trkpt><trkpt lat="60.229833" lon="24.938888"><ele>32.0</ele><time>2026-08-02T15:23:28Z</time></trkpt><trkpt lat="60.22981" lon="24.939008"><ele>31.9</ele><time>2026-08-02T15:23:29Z</time><extensions><gpxtpx:TrackPointExtension><gpxtpx:hr>124</gpxtpx:hr></gpxtpx:TrackPointExtension></extensions></trkpt><trkpt lat="60.22979" lon="24.939128"><ele>32.7</ele><time>2026-08-02T15:23:30Z</time></trkpt><trkpt lat="60.229765" lon="24.939235"><ele>31.2</ele><time>2026-08-02T15:23:31Z</time><extensions><gpxtpx:TrackPointExtension><gpxtpx:hr>122</gpxtpx:hr></gpxtpx:TrackPointExtension></extensions></trkpt><trkpt lat="60.22975" lon="24.939338"><ele>30.6</ele><time>2026-08-02T15:23:32Z</time></trkpt><trkpt lat="60.229737" lon="24.939443"><ele>30.8</ele><time>2026-08-02T15:23:33Z</time></trkpt><trkpt lat="60.229727" lon="24.939537"><ele>30.8</ele><time>2026-08-02T15:23:34Z</time></trkpt><trkpt lat="60.229713" lon="24.93963"><ele>30.7</ele><time>2026-08-02T15:23:35Z</time></trkpt><trkpt lat="60.229705" lon="24.939722"><ele>30.3</ele><time>2026-08-02T15:23:36Z</time></trkpt><trkpt lat="60.229698" lon="24.93981"><ele>30.6</ele><time>2026-08-02T15:23:37Z</time></trkpt><trkpt lat="60.229688" lon="24.9399"><ele>30.5</ele><time>2026-08-02T15:23:38Z</time></trkpt><trkpt lat="60.22968" lon="24.939972"><ele>30.5</ele><time>2026-08-02T15:23:39Z</time><extensions><gpxtpx:TrackPointExtension><gpxtpx:hr>120</gpxtpx:hr></gpxtpx:TrackPointExtension></extensions></trkpt><trkpt lat="60.229668" lon="24.94004"><ele>30.4</ele><time>2026-08-02T15:23:41Z</time></trkpt><trkpt lat="60.229662" lon="24.94009"><ele>31.2</ele><time>2026-08-02T15:23:42Z</time></trkpt><trkpt lat="60.229655" lon="24.940138"><ele>30.9</ele><time>2026-08-02T15:23:43Z</time></trkpt><trkpt lat="60.229657" lon="24.940192"><ele>30.9</ele><time>2026-08-02T15:23:58Z</time><extensions><gpxtpx:TrackPointExtension><gpxtpx:hr>118</gpxtpx:hr></gpxtpx:TrackPointExtension></extensions></trkpt><trkpt lat="60.229657" lon="24.940192"><ele>30.9</ele><time>2026-08-02T15:23:50Z</time><extensions><gpxtpx:TrackPointExtension><gpxtpx:hr>119</gpxtpx:hr></gpxtpx:TrackPointExtension></extensions></trkpt><trkpt lat="60.229657" lon="24.940192"><ele>30.9</ele><time>2026-08-02T15:23:55Z</time><extensions><gpxtpx:TrackPointExtension><gpxtpx:hr>121</gpxtpx:hr></gpxtpx:TrackPointExtension></extensions></trkpt><trkpt lat="60.229657" lon="24.940192"><ele>30.9</ele><time>2026-08-02T15:23:57Z</time><extensions><gpxtpx:TrackPointExtension><gpxtpx:hr>122</gpxtpx:hr></gpxtpx:TrackPointExtension></extensions></trkpt><trkpt lat="60.229645" lon="24.940293"><ele>31.7</ele><time>2026-08-02T15:24:00Z</time></trkpt><trkpt lat="60.22964" lon="24.94034"><ele>32.6</ele><time>2026-08-02T15:24:01Z</time></trkpt><trkpt lat="60.22963" lon="24.940392"><ele>32.0</ele><time>2026-08-02T15:24:02Z</time><extensions><gpxtpx:TrackPointExtension><gpxtpx:hr>121</gpxtpx:hr></gpxtpx:TrackPointExtension></extensions></trkpt><trkpt lat="60.229623" lon="24.940448"><ele>31.9</ele><time>2026-08-02T15:24:03Z</time></trkpt><trkpt lat="60.229622" lon="24.94052"><ele>31.2</ele><time>2026-08-02T15:24:04Z</time></trkpt><trkpt lat="60.229618" lon="24.940598"><ele>31.3</ele><time>2026-08-02T15:24:05Z</time></trkpt><trkpt lat="60.229607" lon="24.940687"><ele>31.3</ele><time>2026-08-02T15:24:06Z</time></trkpt><trkpt lat="60.229608" lon="24.940782"><ele>31.4</ele><time>2026-08-02T15:24:07Z</time><extensions><gpxtpx:TrackPointExtension><gpxtpx:hr>123</gpxtpx:hr></gpxtpx:TrackPointExtension></extensions></trkpt><trkpt lat="60.229607" lon="24.940863"><ele>31.1</ele><time>2026-08-02T15:24:08Z</time></trkpt><trkpt lat="60.229603" lon="24.94095"><ele>31.2</ele><time>2026-08-02T15:24:09Z</time></trkpt><trkpt lat="60.229602" lon="24.941042"><ele>31.6</ele><time>2026-08-02T15:24:10Z</time></trkpt><trkpt lat="60.229598" lon="24.941123"><ele>31.5</ele><time>2026-08-02T15:24:11Z</time></trkpt><trkpt lat="60.229593" lon="24.941203"><ele>31.1</ele><time>2026-08-02T15:24:12Z</time><extensions><gpxtpx:TrackPointExtension><gpxtpx:hr>124</gpxtpx:hr></gpxtpx:TrackPointExtension></extensions></trkpt><trkpt lat="60.229595" lon="24.941288"><ele>31.9</ele><time>2026-08-02T15:24:13Z</time></trkpt><trkpt lat="60.229593" lon="24.941378"><ele>31.2</ele><time>2026-08-02T15:24:14Z</time></trkpt><trkpt lat="60.229585" lon="24.941472"><ele>30.8</ele><time>2026-08-02T15:24:15Z</time></trkpt><trkpt lat="60.229582" lon="24.941568"><ele>30.8</ele><time>2026-08-02T15:24:16Z</time></trkpt><trkpt lat="60.229582" lon="24.941662"><ele>31.1</ele><time>2026-08-02T15:24:17Z</time><extensions><gpxtpx:TrackPointExtension><gpxtpx:hr>127</gpxtpx:hr></gpxtpx:TrackPointExtension></extensions></trkpt><trkpt lat="60.229578" lon="24.941753"><ele>30.8</ele><time>2026-08-02T15:24:18Z</time></trkpt><trkpt lat="60.229573" lon="24.941845"><ele>30.7</ele><time>2026-08-02T15:24:19Z</time></trkpt><trkpt lat="60.229568" lon="24.941938"><ele>30.2</ele><time>2026-08-02T15:24:20Z</time></trkpt><trkpt lat="60.229568" lon="24.942037"><ele>29.8</ele><time>2026-08-02T15:24:21Z</time></trkpt><trkpt lat="60.229565" lon="24.942133"><ele>29.7</ele><time>2026-08-02T15:24:22Z</time></trkpt><trkpt lat="60.229565" lon="24.942227"><ele>29.5</ele><time>2026-08-02T15:24:23Z</time><extensions><gpxtpx:TrackPointExtension><gpxtpx:hr>126</gpxtpx:hr></gpxtpx:TrackPointExtension></extensions></trkpt><trkpt lat="60.229567" lon="24.942332"><ele>30.0</ele><time>2026-08-02T15:24:24Z</time></trkpt><trkpt lat="60.229565" lon="24.94244"><ele>29.2</ele><time>2026-08-02T15:24:25Z</time></trkpt><trkpt lat="60.229563" lon="24.942547"><ele>29.1</ele><time>2026-08-02T15:24:26Z</time></trkpt><trkpt lat="60.229567" lon="24.942653"><ele>29.9</ele><time>2026-08-02T15:24:27Z</time><extensions><gpxtpx:TrackPointExtension><gpxtpx:hr>128</gpxtpx:hr></gpxtpx:TrackPointExtension></extensions></trkpt><trkpt lat="60.229565" lon="24.942758"><ele>29.5</ele><time>2026-08-02T15:24:28Z</time></trkpt><trkpt lat="60.229562" lon="24.942862"><ele>29.0</ele><time>2026-08-02T15:24:29Z</time></trkpt><trkpt lat="60.229562" lon="24.942967"><ele>29.0</ele><time>2026-08-02T15:24:30Z</time></trkpt><trkpt lat="60.229563" lon="24.943075"><ele>29.4</ele><time>2026-08-02T15:24:31Z</time></trkpt><trkpt lat="60.229567" lon="24.943185"><ele>29.6</ele><time>2026-08-02T15:24:32Z</time></trkpt><trkpt lat="60.229572" lon="24.943295"><ele>29.8</ele><time>2026-08-02T15:24:33Z</time></trkpt><trkpt lat="60.22957" lon="24.943405"><ele>29.9</ele><time>2026-08-02T15:24:34Z</time></trkpt><trkpt lat="60.229572" lon="24.94351"><ele>30.3</ele><time>2026-08-02T15:24:35Z</time></trkpt><trkpt lat="60.229577" lon="24.94361"><ele>30.6</ele><time>2026-08-02T15:24:36Z</time><extensions><gpxtpx:TrackPointExtension><gpxtpx:hr>130</gpxtpx:hr></gpxtpx:TrackPointExtension></extensions></trkpt><trkpt lat="60.229583" lon="24.94372"><ele>30.5</ele><time>2026-08-02T15:24:37Z</time><extensions><gpxtpx:TrackPointExtension><gpxtpx:hr>131</gpxtpx:hr></gpxtpx:TrackPointExtension></extensions></trkpt><trkpt lat="60.229592" lon="24.943838"><ele>31.2</ele><time>2026-08-02T15:24:38Z</time></trkpt><trkpt lat="60.229595" lon="24.943948"><ele>31.3</ele><time>2026-08-02T15:24:39Z</time></trkpt><trkpt lat="60.229598" lon="24.944063"><ele>30.6</ele><time>2026-08-02T15:24:40Z</time></trkpt><trkpt lat="60.229607" lon="24.94417"><ele>31.2</ele><time>2026-08-02T15:24:41Z</time></trkpt><trkpt lat="60.229613" lon="24.94428"><ele>31.0</ele><time>2026-08-02T15:24:42Z</time></trkpt><trkpt lat="60.229618" lon="24.944393"><ele>31.0</ele><time>2026-08-02T15:24:43Z</time></trkpt><trkpt lat="60.229625" lon="24.944507"><ele>30.6</ele><time>2026-08-02T15:24:44Z</time></trkpt><trkpt lat="60.22963" lon="24.944618"><ele>30.7</ele><time>2026-08-02T15:24:45Z</time></trkpt><trkpt lat="60.229638" lon="24.944723"><ele>30.9</ele><time>2026-08-02T15:24:46Z</time></trkpt><trkpt lat="60.229642" lon="24.944823"><ele>31.3</ele><time>2026-08-02T15:24:47Z</time></trkpt><trkpt lat="60.229637" lon="24.944925"><ele>31.5</ele><time>2026-08-02T15:24:48Z</time></trkpt><trkpt lat="60.229637" lon="24.945028"><ele>31.7</ele><time>2026-08-02T15:24:49Z</time></trkpt><trkpt lat="60.229638" lon="24.94514"><ele>31.9</ele><time>2026-08-02T15:24:50Z</time></trkpt><trkpt lat="60.229645" lon="24.94525"><ele>32.3</ele><time>2026-08-02T15:24:51Z</time></trkpt><trkpt lat="60.229657" lon="24.945372"><ele>33.1</ele><time>2026-08-02T15:24:52Z</time></trkpt><trkpt lat="60.22966" lon="24.94549"><ele>32.4</ele><time>2026-08-02T15:24:53Z</time></trkpt><trkpt lat="60.22967" lon="24.945602"><ele>32.4</ele><time>2026-08-02T15:24:54Z</time></trkpt><trkpt lat="60.229678" lon="24.945708"><ele>32.1</ele><time>2026-08-02T15:24:55Z</time></trkpt><trkpt lat="60.229687" lon="24.945813"><ele>32.2</ele><time>2026-08-02T15:24:56Z</time></trkpt><trkpt lat="60.229698" lon="24.945918"><ele>32.4</ele><time>2026-08-02T15:24:57Z</time></trkpt><trkpt lat="60.22971" lon="24.94602"><ele>32.3</ele><time>2026-08-02T15:24:58Z</time><extensions><gpxtpx:TrackPointExtension><gpxtpx:hr>134</gpxtpx:hr></gpxtpx:TrackPointExtension></extensions></trkpt><trkpt lat="60.22972" lon="24.946113"><ele>32.6</ele><time>2026-08-02T15:24:59Z</time></trkpt><trkpt lat="60.229728" lon="24.946203"><ele>33.0</ele><time>2026-08-02T15:25:00Z</time></trkpt><trkpt lat="60.229738" lon="24.946297"><ele>32.9</ele><time>2026-08-02T15:25:01Z</time></trkpt><trkpt lat="60.22975" lon="24.946395"><ele>33.3</ele><time>2026-08-02T15:25:02Z</time></trkpt><trkpt lat="60.22976" lon="24.946495"><ele>32.8</ele><time>2026-08-02T15:25:03Z</time></trkpt><trkpt lat="60.229775" lon="24.946595"><ele>32.6</ele><time>2026-08-02T15:25:04Z</time></trkpt><trkpt lat="60.22979" lon="24.946695"><ele>32.9</ele><time>2026-08-02T15:25:05Z</time></trkpt><trkpt lat="60.229807" lon="24.946788"><ele>33.1</ele><time>2026-08-02T15:25:06Z</time><extensions><gpxtpx:TrackPointExtension><gpxtpx:hr>133</gpxtpx:hr></gpxtpx:TrackPointExtension></extensions></trkpt><trkpt lat="60.229817" lon="24.946897"><ele>33.4</ele><time>2026-08-02T15:25:07Z</time></trkpt><trkpt lat="60.229828" lon="24.946998"><ele>33.5</ele><time>2026-08-02T15:25:08Z</time></trkpt><trkpt lat="60.229842" lon="24.9471"><ele>33.8</ele><time>2026-08-02T15:25:09Z</time><extensions><gpxtpx:TrackPointExtension><gpxtpx:hr>131</gpxtpx:hr></gpxtpx:TrackPointExtension></extensions></trkpt><trkpt lat="60.229863" lon="24.947202"><ele>34.9</ele><time>2026-08-02T15:25:10Z</time></trkpt><trkpt lat="60.229882" lon="24.947288"><ele>35.6</ele><time>2026-08-02T15:25:11Z</time></trkpt><trkpt lat="60.229897" lon="24.947378"><ele>35.4</ele><time>2026-08-02T15:25:12Z</time></trkpt><trkpt lat="60.229915" lon="24.947488"><ele>37.1</ele><time>2026-08-02T15:25:13Z</time></trkpt><trkpt lat="60.229928" lon="24.947592"><ele>37.3</ele><time>2026-08-02T15:25:14Z</time></trkpt><trkpt lat="60.22994" lon="24.947683"><ele>37.6</ele><time>2026-08-02T15:25:15Z</time></trkpt><trkpt lat="60.229957" lon="24.947773"><ele>38.1</ele><time>2026-08-02T15:25:16Z</time><extensions><gpxtpx:TrackPointExtension><gpxtpx:hr>131</gpxtpx:hr></gpxtpx:TrackPointExtension></extensions></trkpt><trkpt lat="60.229973" lon="24.947867"><ele>38.6</ele><time>2026-08-02T15:25:17Z</time></trkpt><trkpt lat="60.229985" lon="24.947965"><ele>38.8</ele><time>2026-08-02T15:25:18Z</time><extensions><gpxtpx:TrackPointExtension><gpxtpx:hr>130</gpxtpx:hr></gpxtpx:TrackPointExtension></extensions></trkpt><trkpt lat="60.229995" lon="24.948073"><ele>39.1</ele><time>2026-08-02T15:25:19Z</time></trkpt><trkpt lat="60.23001" lon="24.948177"><ele>39.6</ele><time>2026-08-02T15:25:20Z</time></trkpt><trkpt lat="60.230017" lon="24.948263"><ele>38.9</ele><time>2026-08-02T15:25:21Z</time></trkpt><trkpt lat="60.230032" lon="24.948355"><ele>38.2</ele><time>2026-08-02T15:25:22Z</time></trkpt><trkpt lat="60.230047" lon="24.94844"><ele>38.1</ele><time>2026-08-02T15:25:23Z</time></trkpt><trkpt lat="60.230067" lon="24.94853"><ele>38.3</ele><time>2026-08-02T15:25:24Z</time></trkpt><trkpt lat="60.230085" lon="24.948617"><ele>38.4</ele><time>2026-08-02T15:25:25Z</time></trkpt><trkpt lat="60.2301" lon="24.948698"><ele>38.5</ele><time>2026-08-02T15:25:26Z</time><extensions><gpxtpx:TrackPointExtension><gpxtpx:hr>130</gpxtpx:hr></gpxtpx:TrackPointExtension></extensions></trkpt><trkpt lat="60.230118" lon="24.948788"><ele>38.4</ele><time>2026-08-02T15:25:27Z</time></trkpt><trkpt lat="60.230135" lon="24.94888"><ele>38.6</ele><time>2026-08-02T15:25:28Z</time><extensions><gpxtpx:TrackPointExtension><gpxtpx:hr>130</gpxtpx:hr></gpxtpx:TrackPointExtension></extensions></trkpt><trkpt lat="60.230163" lon="24.948965"><ele>39.2</ele><time>2026-08-02T15:25:29Z</time></trkpt><trkpt lat="60.23019" lon="24.949048"><ele>39.1</ele><time>2026-08-02T15:25:30Z</time></trkpt><trkpt lat="60.230207" lon="24.949123"><ele>39.0</ele><time>2026-08-02T15:25:31Z</time></trkpt><trkpt lat="60.230233" lon="24.949197"><ele>39.0</ele><time>2026-08-02T15:25:32Z</time><extensions><gpxtpx:TrackPointExtension><gpxtpx:hr>131</gpxtpx:hr></gpxtpx:TrackPointExtension></extensions></trkpt><trkpt lat="60.230265" lon="24.949278"><ele>39.5</ele><time>2026-08-02T15:25:33Z</time></trkpt><trkpt lat="60.230285" lon="24.94936"><ele>39.8</ele><time>2026-08-02T15:25:34Z</time></trkpt><trkpt lat="60.230308" lon="24.949438"><ele>39.9</ele><time>2026-08-02T15:25:35Z</time></trkpt><trkpt lat="60.230327" lon="24.949522"><ele>40.8</ele><time>2026-08-02T15:25:36Z</time></trkpt><trkpt lat="60.230342" lon="24.9496"><ele>40.8</ele><time>2026-08-02T15:25:37Z</time></trkpt><trkpt lat="60.230358" lon="24.949687"><ele>40.7</ele><time>2026-08-02T15:25:38Z</time></trkpt><trkpt lat="60.23038" lon="24.949768"><ele>41.2</ele><time>2026-08-02T15:25:39Z</time></trkpt><trkpt lat="60.230402" lon="24.949852"><ele>41.5</ele><time>2026-08-02T15:25:40Z</time><extensions><gpxtpx:TrackPointExtension><gpxtpx:hr>143</gpxtpx:hr></gpxtpx:TrackPointExtension></extensions></trkpt><trkpt lat="60.230423" lon="24.949935"><ele>41.8</ele><time>2026-08-02T15:25:41Z</time></trkpt><trkpt lat="60.23044" lon="24.950013"><ele>41.7</ele><time>2026-08-02T15:25:42Z</time></trkpt><trkpt lat="60.230452" lon="24.950095"><ele>41.2</ele><time>2026-08-02T15:25:43Z</time><extensions><gpxtpx:TrackPointExtension><gpxtpx:hr>148</gpxtpx:hr></gpxtpx:TrackPointExtension></extensions></trkpt><trkpt lat="60.230468" lon="24.950183"><ele>41.2</ele><time>2026-08-02T15:25:44Z</time></trkpt><trkpt lat="60.23049" lon="24.950272"><ele>41.8</ele><time>2026-08-02T15:25:45Z</time></trkpt><trkpt lat="60.230487" lon="24.950388"><ele>36.0</ele><time>2026-08-02T15:25:45Z</time></trkpt><trkpt lat="60.230497" lon="24.950475"><ele>36.5</ele><time>2026-08-02T15:25:46Z</time></trkpt><trkpt lat="60.230508" lon="24.950563"><ele>36.8</ele><time>2026-08-02T15:25:47Z</time><extensions><gpxtpx:TrackPointExtension><gpxtpx:hr>150</gpxtpx:hr></gpxtpx:TrackPointExtension></extensions></trkpt><trkpt lat="60.23052" lon="24.95065"><ele>37.0</ele><time>2026-08-02T15:25:48Z</time></trkpt><trkpt lat="60.230535" lon="24.950735"><ele>37.0</ele><time>2026-08-02T15:25:49Z</time></trkpt><trkpt lat="60.230548" lon="24.950828"><ele>37.3</ele><time>2026-08-02T15:25:50Z</time></trkpt><trkpt lat="60.230568" lon="24.950917"><ele>37.7</ele><time>2026-08-02T15:25:51Z</time><extensions><gpxtpx:TrackPointExtension><gpxtpx:hr>151</gpxtpx:hr></gpxtpx:TrackPointExtension></extensions></trkpt><trkpt lat="60.230585" lon="24.951005"><ele>37.4</ele><time>2026-08-02T15:25:52Z</time></trkpt><trkpt lat="60.2306" lon="24.951097"><ele>37.5</ele><time>2026-08-02T15:25:53Z</time></trkpt><trkpt lat="60.23062" lon="24.951188"><ele>37.8</ele><time>2026-08-02T15:25:54Z</time></trkpt><trkpt lat="60.230638" lon="24.95128"><ele>38.1</ele><time>2026-08-02T15:25:55Z</time></trkpt><trkpt lat="60.230655" lon="24.951373"><ele>38.1</ele><time>2026-08-02T15:25:56Z</time></trkpt><trkpt lat="60.230673" lon="24.951463"><ele>37.9</ele><time>2026-08-02T15:25:57Z</time></trkpt><trkpt lat="60.230692" lon="24.951565"><ele>37.7</ele><time>2026-08-02T15:25:58Z</time></trkpt><trkpt lat="60.230718" lon="24.951658"><ele>37.7</ele><time>2026-08-02T15:25:59Z</time></trkpt><trkpt lat="60.230742" lon="24.951753"><ele>36.9</ele><time>2026-08-02T15:26:00Z</time><extensions><gpxtpx:TrackPointExtension><gpxtpx:hr>151</gpxtpx:hr></gpxtpx:TrackPointExtension></extensions></trkpt><trkpt lat="60.23076" lon="24.951852"><ele>37.2</ele><time>2026-08-02T15:26:01Z</time></trkpt><trkpt lat="60.230778" lon="24.951945"><ele>37.2</ele><time>2026-08-02T15:26:02Z</time></trkpt><trkpt lat="60.2308" lon="24.95203"><ele>37.4</ele><time>2026-08-02T15:26:03Z</time></trkpt><trkpt lat="60.230815" lon="24.952118"><ele>37.7</ele><time>2026-08-02T15:26:04Z</time><extensions><gpxtpx:TrackPointExtension><gpxtpx:hr>153</gpxtpx:hr></gpxtpx:TrackPointExtension></extensions></trkpt><trkpt lat="60.230832" lon="24.952203"><ele>37.6</ele><time>2026-08-02T15:26:05Z</time></trkpt><trkpt lat="60.23085" lon="24.95229"><ele>37.6</ele><time>2026-08-02T15:26:06Z</time></trkpt><trkpt lat="60.230872" lon="24.952372"><ele>38.0</ele><time>2026-08-02T15:26:07Z</time></trkpt><trkpt lat="60.230893" lon="24.95244"><ele>38.2</ele><time>2026-08-02T15:26:08Z</time></trkpt><trkpt lat="60.230967" lon="24.953023"><ele>33.0</ele><time>2026-08-02T15:26:16Z</time><extensions><gpxtpx:TrackPointExtension><gpxtpx:hr>154</gpxtpx:hr></gpxtpx:TrackPointExtension></extensions></trkpt><trkpt lat="60.230957" lon="24.953097"><ele>28.8</ele><time>2026-08-02T15:26:17Z</time></trkpt><trkpt lat="60.230982" lon="24.95319"><ele>29.8</ele><time>2026-08-02T15:26:18Z</time></trkpt><trkpt lat="60.231003" lon="24.95343"><ele>34.1</ele><time>2026-08-02T15:26:20Z</time></trkpt><trkpt lat="60.231037" lon="24.953538"><ele>32.3</ele><time>2026-08-02T15:26:21Z</time></trkpt><trkpt lat="60.23105" lon="24.953608"><ele>32.0</ele><time>2026-08-02T15:26:22Z</time></trkpt><trkpt lat="60.23108" lon="24.953718"><ele>31.2</ele><time>2026-08-02T15:26:23Z</time></trkpt><trkpt lat="60.23111" lon="24.953838"><ele>30.8</ele><time>2026-08-02T15:26:24Z</time></trkpt><trkpt lat="60.231145" lon="24.953957"><ele>30.6</ele><time>2026-08-02T15:26:25Z</time></trkpt><trkpt lat="60.231178" lon="24.954068"><ele>30.8</ele><time>2026-08-02T15:26:26Z</time></trkpt><trkpt lat="60.231207" lon="24.954173"><ele>31.0</ele><time>2026-08-02T15:26:27Z</time></trkpt><trkpt lat="60.23124" lon="24.954275"><ele>31.1</ele><time>2026-08-02T15:26:28Z</time></trkpt><trkpt lat="60.23127" lon="24.954383"><ele>31.1</ele><time>2026-08-02T15:26:29Z</time></trkpt><trkpt lat="60.231298" lon="24.954493"><ele>30.9</ele><time>2026-08-02T15:26:30Z</time></trkpt><trkpt lat="60.23133" lon="24.954602"><ele>31.0</ele><time>2026-08-02T15:26:31Z</time></trkpt><trkpt lat="60.231362" lon="24.954712"><ele>31.4</ele><time>2026-08-02T15:26:32Z</time></trkpt><trkpt lat="60.231393" lon="24.954833"><ele>32.0</ele><time>2026-08-02T15:26:33Z</time></trkpt><trkpt lat="60.23142" lon="24.954945"><ele>32.3</ele><time>2026-08-02T15:26:34Z</time></trkpt><trkpt lat="60.231443" lon="24.955072"><ele>30.9</ele><time>2026-08-02T15:26:35Z</time></trkpt><trkpt lat="60.231473" lon="24.955185"><ele>31.5</ele><time>2026-08-02T15:26:36Z</time></trkpt><trkpt lat="60.231502" lon="24.955313"><ele>31.3</ele><time>2026-08-02T15:26:37Z</time></trkpt><trkpt lat="60.231528" lon="24.955438"><ele>31.4</ele><time>2026-08-02T15:26:38Z</time></trkpt><trkpt lat="60.231557" lon="24.955577"><ele>31.3</ele><time>2026-08-02T15:26:39Z</time></trkpt><trkpt lat="60.231588" lon="24.955713"><ele>31.4</ele><time>2026-08-02T15:26:40Z</time></trkpt><trkpt lat="60.231615" lon="24.95585"><ele>31.1</ele><time>2026-08-02T15:26:41Z</time></trkpt><trkpt lat="60.231642" lon="24.955992"><ele>31.5</ele><time>2026-08-02T15:26:42Z</time></trkpt><trkpt lat="60.231668" lon="24.95614"><ele>31.3</ele><time>2026-08-02T15:26:43Z</time></trkpt><trkpt lat="60.231698" lon="24.956285"><ele>31.3</ele><time>2026-08-02T15:26:44Z</time></trkpt><trkpt lat="60.23173" lon="24.956423"><ele>31.2</ele><time>2026-08-02T15:26:45Z</time></trkpt><trkpt lat="60.231763" lon="24.956557"><ele>30.9</ele><time>2026-08-02T15:26:46Z</time></trkpt><trkpt lat="60.231805" lon="24.956695"><ele>30.9</ele><time>2026-08-02T15:26:47Z</time></trkpt><trkpt lat="60.231997" lon="24.956975"><ele>36.7</ele><time>2026-08-02T15:26:48Z</time></trkpt><trkpt lat="60.231912" lon="24.956943"><ele>35.1</ele><time>2026-08-02T15:26:49Z</time></trkpt><trkpt lat="60.231945" lon="24.957085"><ele>35.6</ele><time>2026-08-02T15:26:50Z</time></trkpt><trkpt lat="60.231983" lon="24.957212"><ele>36.3</ele><time>2026-08-02T15:26:51Z</time></trkpt><trkpt lat="60.232007" lon="24.957348"><ele>34.5</ele><time>2026-08-02T15:26:52Z</time></trkpt><trkpt lat="60.232038" lon="24.957472"><ele>34.3</ele><time>2026-08-02T15:26:53Z</time></trkpt><trkpt lat="60.232068" lon="24.957585"><ele>33.6</ele><time>2026-08-02T15:26:54Z</time></trkpt><trkpt lat="60.232093" lon="24.957717"><ele>33.7</ele><time>2026-08-02T15:26:55Z</time><extensions><gpxtpx:TrackPointExtension><gpxtpx:hr>132</gpxtpx:hr></gpxtpx:TrackPointExtension></extensions></trkpt><trkpt lat="60.232112" lon="24.957835"><ele>33.7</ele><time>2026-08-02T15:26:56Z</time></trkpt><trkpt lat="60.232122" lon="24.957923"><ele>33.3</ele><time>2026-08-02T15:26:57Z</time></trkpt><trkpt lat="60.23212" lon="24.958005"><ele>33.1</ele><time>2026-08-02T15:26:58Z</time><extensions><gpxtpx:TrackPointExtension><gpxtpx:hr>131</gpxtpx:hr></gpxtpx:TrackPointExtension></extensions></trkpt><trkpt lat="60.232107" lon="24.958107"><ele>32.6</ele><time>2026-08-02T15:26:59Z</time></trkpt><trkpt lat="60.232093" lon="24.958223"><ele>34.4</ele><time>2026-08-02T15:27:00Z</time></trkpt><trkpt lat="60.232082" lon="24.95832"><ele>35.1</ele><time>2026-08-02T15:27:01Z</time></trkpt><trkpt lat="60.23207" lon="24.958415"><ele>34.6</ele><time>2026-08-02T15:27:02Z</time></trkpt><trkpt lat="60.232062" lon="24.958522"><ele>33.9</ele><time>2026-08-02T15:27:03Z</time></trkpt><trkpt lat="60.232063" lon="24.95863"><ele>34.0</ele><time>2026-08-02T15:27:04Z</time></trkpt><trkpt lat="60.23206" lon="24.958738"><ele>34.0</ele><time>2026-08-02T15:27:05Z</time><extensions><gpxtpx:TrackPointExtension><gpxtpx:hr>128</gpxtpx:hr></gpxtpx:TrackPointExtension></extensions></trkpt><trkpt lat="60.23204" lon="24.958845"><ele>33.6</ele><time>2026-08-02T15:27:06Z</time></trkpt><trkpt lat="60.232008" lon="24.958958"><ele>34.0</ele><time>2026-08-02T15:27:07Z</time><extensions><gpxtpx:TrackPointExtension><gpxtpx:hr>127</gpxtpx:hr></gpxtpx:TrackPointExtension></extensions></trkpt><trkpt lat="60.231962" lon="24.959053"><ele>33.6</ele><time>2026-08-02T15:27:08Z</time></trkpt><trkpt lat="60.231912" lon="24.959142"><ele>33.2</ele><time>2026-08-02T15:27:09Z</time></trkpt><trkpt lat="60.231867" lon="24.959235"><ele>33.1</ele><time>2026-08-02T15:27:10Z</time></trkpt><trkpt lat="60.231817" lon="24.95933"><ele>32.6</ele><time>2026-08-02T15:27:11Z</time></trkpt><trkpt lat="60.231762" lon="24.959425"><ele>31.9</ele><time>2026-08-02T15:27:12Z</time><extensions><gpxtpx:TrackPointExtension><gpxtpx:hr>124</gpxtpx:hr></gpxtpx:TrackPointExtension></extensions></trkpt><trkpt lat="60.23171" lon="24.959522"><ele>32.8</ele><time>2026-08-02T15:27:13Z</time></trkpt><trkpt lat="60.231645" lon="24.959617"><ele>30.6</ele><time>2026-08-02T15:27:14Z</time></trkpt><trkpt lat="60.23159" lon="24.959718"><ele>31.0</ele><time>2026-08-02T15:27:15Z</time></trkpt><trkpt lat="60.231527" lon="24.959812"><ele>31.0</ele><time>2026-08-02T15:27:16Z</time></trkpt><trkpt lat="60.23147" lon="24.95991"><ele>31.8</ele><time>2026-08-02T15:27:17Z</time></trkpt><trkpt lat="60.231417" lon="24.96002"><ele>32.8</ele><time>2026-08-02T15:27:18Z</time></trkpt><trkpt lat="60.23136" lon="24.960118"><ele>33.1</ele><time>2026-08-02T15:27:19Z</time><extensions><gpxtpx:TrackPointExtension><gpxtpx:hr>121</gpxtpx:hr></gpxtpx:TrackPointExtension></extensions></trkpt><trkpt lat="60.231302" lon="24.96022"><ele>32.6</ele><time>2026-08-02T15:27:20Z</time></trkpt><trkpt lat="60.231247" lon="24.960327"><ele>32.8</ele><time>2026-08-02T15:27:21Z</time></trkpt><trkpt lat="60.23119" lon="24.960445"><ele>33.4</ele><time>2026-08-02T15:27:22Z</time></trkpt><trkpt lat="60.231133" lon="24.960547"><ele>33.5</ele><time>2026-08-02T15:27:23Z</time></trkpt><trkpt lat="60.231075" lon="24.960638"><ele>33.3</ele><time>2026-08-02T15:27:24Z</time></trkpt><trkpt lat="60.23102" lon="24.96073"><ele>32.7</ele><time>2026-08-02T15:27:25Z</time><extensions><gpxtpx:TrackPointExtension><gpxtpx:hr>120</gpxtpx:hr></gpxtpx:TrackPointExtension></extensions></trkpt><trkpt lat="60.230962" lon="24.96082"><ele>32.0</ele><time>2026-08-02T15:27:26Z</time></trkpt><trkpt lat="60.230903" lon="24.960912"><ele>31.8</ele><time>2026-08-02T15:27:27Z</time></trkpt><trkpt lat="60.230845" lon="24.96101"><ele>31.5</ele><time>2026-08-02T15:27:28Z</time></trkpt><trkpt lat="60.230782" lon="24.961105"><ele>30.7</ele><time>2026-08-02T15:27:29Z</time><extensions><gpxtpx:TrackPointExtension><gpxtpx:hr>117</gpxtpx:hr></gpxtpx:TrackPointExtension></extensions></trkpt><trkpt lat="60.230715" lon="24.9612"><ele>30.1</ele><time>2026-08-02T15:27:30Z</time></trkpt><trkpt lat="60.230653" lon="24.961298"><ele>29.7</ele><time>2026-08-02T15:27:31Z</time></trkpt><trkpt lat="60.230585" lon="24.961408"><ele>29.6</ele><time>2026-08-02T15:27:32Z</time></trkpt><trkpt lat="60.23051" lon="24.961515"><ele>28.7</ele><time>2026-08-02T15:27:33Z</time></trkpt><trkpt lat="60.230432" lon="24.961612"><ele>27.3</ele><time>2026-08-02T15:27:34Z</time></trkpt><trkpt lat="60.230358" lon="24.961703"><ele>27.6</ele><time>2026-08-02T15:27:35Z</time></trkpt><trkpt lat="60.230282" lon="24.9618"><ele>27.3</ele><time>2026-08-02T15:27:36Z</time><extensions><gpxtpx:TrackPointExtension><gpxtpx:hr>117</gpxtpx:hr></gpxtpx:TrackPointExtension></extensions></trkpt><trkpt lat="60.23021" lon="24.96191"><ele>27.3</ele><time>2026-08-02T15:27:37Z</time></trkpt><trkpt lat="60.23014" lon="24.962008"><ele>27.0</ele><time>2026-08-02T15:27:38Z</time></trkpt><trkpt lat="60.230072" lon="24.962103"><ele>26.9</ele><time>2026-08-02T15:27:39Z</time></trkpt><trkpt lat="60.229998" lon="24.962207"><ele>26.0</ele><time>2026-08-02T15:27:40Z</time><extensions><gpxtpx:TrackPointExtension><gpxtpx:hr>117</gpxtpx:hr></gpxtpx:TrackPointExtension></extensions></trkpt><trkpt lat="60.229927" lon="24.962292"><ele>25.2</ele><time>2026-08-02T15:27:41Z</time></trkpt><trkpt lat="60.229855" lon="24.962385"><ele>24.5</ele><time>2026-08-02T15:27:42Z</time></trkpt><trkpt lat="60.229785" lon="24.962482"><ele>23.3</ele><time>2026-08-02T15:27:43Z</time></trkpt><trkpt lat="60.229725" lon="24.962568"><ele>23.6</ele><time>2026-08-02T15:27:44Z</time></trkpt><trkpt lat="60.229663" lon="24.962653"><ele>23.4</ele><time>2026-08-02T15:27:45Z</time></trkpt><trkpt lat="60.229603" lon="24.96274"><ele>23.1</ele><time>2026-08-02T15:27:46Z</time><extensions><gpxtpx:TrackPointExtension><gpxtpx:hr>115</gpxtpx:hr></gpxtpx:TrackPointExtension></extensions></trkpt><trkpt lat="60.229537" lon="24.962827"><ele>22.4</ele><time>2026-08-02T15:27:47Z</time></trkpt><trkpt lat="60.229475" lon="24.962913"><ele>22.2</ele><time>2026-08-02T15:27:48Z</time><extensions><gpxtpx:TrackPointExtension><gpxtpx:hr>114</gpxtpx:hr></gpxtpx:TrackPointExtension></extensions></trkpt><trkpt lat="60.229418" lon="24.962998"><ele>21.4</ele><time>2026-08-02T15:27:49Z</time></trkpt><trkpt lat="60.229365" lon="24.963085"><ele>21.4</ele><time>2026-08-02T15:27:50Z</time></trkpt><trkpt lat="60.22931" lon="24.963153"><ele>21.1</ele><time>2026-08-02T15:27:51Z</time></trkpt><trkpt lat="60.22926" lon="24.963207"><ele>21.6</ele><time>2026-08-02T15:27:52Z</time></trkpt><trkpt lat="60.229212" lon="24.963243"><ele>22.1</ele><time>2026-08-02T15:27:53Z</time></trkpt><trkpt lat="60.229155" lon="24.963253"><ele>22.5</ele><time>2026-08-02T15:27:54Z</time><extensions><gpxtpx:TrackPointExtension><gpxtpx:hr>116</gpxtpx:hr></gpxtpx:TrackPointExtension></extensions></trkpt><trkpt lat="60.229098" lon="24.963228"><ele>22.9</ele><time>2026-08-02T15:27:55Z</time></trkpt><trkpt lat="60.229053" lon="24.963225"><ele>23.2</ele><time>2026-08-02T15:27:56Z</time></trkpt><trkpt lat="60.229017" lon="24.963242"><ele>21.7</ele><time>2026-08-02T15:27:57Z</time></trkpt><trkpt lat="60.228983" lon="24.963303"><ele>21.6</ele><time>2026-08-02T15:27:58Z</time></trkpt><trkpt lat="60.228955" lon="24.963383"><ele>21.5</ele><time>2026-08-02T15:27:59Z</time><extensions><gpxtpx:TrackPointExtension><gpxtpx:hr>115</gpxtpx:hr></gpxtpx:TrackPointExtension></extensions></trkpt><trkpt lat="60.228933" lon="24.963458"><ele>20.2</ele><time>2026-08-02T15:28:00Z</time></trkpt><trkpt lat="60.228923" lon="24.963542"><ele>20.5</ele><time>2026-08-02T15:28:01Z</time></trkpt><trkpt lat="60.228915" lon="24.963633"><ele>20.2</ele><time>2026-08-02T15:28:02Z</time><extensions><gpxtpx:TrackPointExtension><gpxtpx:hr>117</gpxtpx:hr></gpxtpx:TrackPointExtension></extensions></trkpt><trkpt lat="60.228918" lon="24.963728"><ele>19.2</ele><time>2026-08-02T15:28:03Z</time></trkpt><trkpt lat="60.228937" lon="24.963815"><ele>19.2</ele><time>2026-08-02T15:28:04Z</time></trkpt><trkpt lat="60.228967" lon="24.963883"><ele>18.4</ele><time>2026-08-02T15:28:05Z</time></trkpt><trkpt lat="60.228997" lon="24.963937"><ele>17.9</ele><time>2026-08-02T15:28:06Z</time></trkpt><trkpt lat="60.229035" lon="24.963973"><ele>18.5</ele><time>2026-08-02T15:28:07Z</time><extensions><gpxtpx:TrackPointExtension><gpxtpx:hr>118</gpxtpx:hr></gpxtpx:TrackPointExtension></extensions></trkpt><trkpt lat="60.22907" lon="24.964007"><ele>18.6</ele><time>2026-08-02T15:28:08Z</time></trkpt><trkpt lat="60.22912" lon="24.964013"><ele>18.5</ele><time>2026-08-02T15:28:09Z</time></trkpt><trkpt lat="60.229173" lon="24.964022"><ele>18.2</ele><time>2026-08-02T15:28:10Z</time></trkpt><trkpt lat="60.229228" lon="24.964048"><ele>19.0</ele><time>2026-08-02T15:28:11Z</time></trkpt><trkpt lat="60.229275" lon="24.964095"><ele>19.1</ele><time>2026-08-02T15:28:12Z</time></trkpt><trkpt lat="60.229325" lon="24.964165"><ele>19.4</ele><time>2026-08-02T15:28:13Z</time></trkpt><trkpt lat="60.229377" lon="24.96424"><ele>20.9</ele><time>2026-08-02T15:28:14Z</time></trkpt><trkpt lat="60.229408" lon="24.964312"><ele>20.9</ele><time>2026-08-02T15:28:15Z</time><extensions><gpxtpx:TrackPointExtension><gpxtpx:hr>122</gpxtpx:hr></gpxtpx:TrackPointExtension></extensions></trkpt><trkpt lat="60.229442" lon="24.964385"><ele>21.2</ele><time>2026-08-02T15:28:16Z</time></trkpt><trkpt lat="60.229485" lon="24.964452"><ele>21.5</ele><time>2026-08-02T15:28:17Z</time><extensions><gpxtpx:TrackPointExtension><gpxtpx:hr>124</gpxtpx:hr></gpxtpx:TrackPointExtension></extensions></trkpt><trkpt lat="60.229517" lon="24.964522"><ele>21.7</ele><time>2026-08-02T15:28:18Z</time></trkpt><trkpt lat="60.229558" lon="24.964608"><ele>21.7</ele><time>2026-08-02T15:28:19Z</time></trkpt><trkpt lat="60.229592" lon="24.964675"><ele>22.3</ele><time>2026-08-02T15:28:20Z</time></trkpt><trkpt lat="60.229623" lon="24.96474"><ele>22.4</ele><time>2026-08-02T15:28:21Z</time></trkpt><trkpt lat="60.229665" lon="24.964807"><ele>23.2</ele><time>2026-08-02T15:28:22Z</time></trkpt><trkpt lat="60.229705" lon="24.96487"><ele>24.6</ele><time>2026-08-02T15:28:23Z</time><extensions><gpxtpx:TrackPointExtension><gpxtpx:hr>128</gpxtpx:hr></gpxtpx:TrackPointExtension></extensions></trkpt><trkpt lat="60.229742" lon="24.964932"><ele>24.4</ele><time>2026-08-02T15:28:24Z</time></trkpt><trkpt lat="60.229782" lon="24.964993"><ele>26.2</ele><time>2026-08-02T15:28:25Z</time></trkpt><trkpt lat="60.229812" lon="24.965068"><ele>27.0</ele><time>2026-08-02T15:28:26Z</time></trkpt><trkpt lat="60.229855" lon="24.965132"><ele>27.5</ele><time>2026-08-02T15:28:27Z</time></trkpt><trkpt lat="60.229892" lon="24.965197"><ele>27.9</ele><time>2026-08-02T15:28:28Z</time></trkpt><trkpt lat="60.229928" lon="24.965265"><ele>27.9</ele><time>2026-08-02T15:28:29Z</time></trkpt><trkpt lat="60.229957" lon="24.965328"><ele>26.8</ele><time>2026-08-02T15:28:30Z</time></trkpt><trkpt lat="60.229988" lon="24.965395"><ele>26.8</ele><time>2026-08-02T15:28:31Z</time><extensions><gpxtpx:TrackPointExtension><gpxtpx:hr>128</gpxtpx:hr></gpxtpx:TrackPointExtension></extensions></trkpt><trkpt lat="60.230023" lon="24.965453"><ele>27.3</ele><time>2026-08-02T15:28:32Z</time><extensions><gpxtpx:TrackPointExtension><gpxtpx:hr>128</gpxtpx:hr></gpxtpx:TrackPointExtension></extensions></trkpt><trkpt lat="60.230057" lon="24.965515"><ele>27.8</ele><time>2026-08-02T15:28:33Z</time></trkpt><trkpt lat="60.230093" lon="24.965592"><ele>28.0</ele><time>2026-08-02T15:28:34Z</time></trkpt><trkpt lat="60.230137" lon="24.965665"><ele>29.1</ele><time>2026-08-02T15:28:35Z</time></trkpt><trkpt lat="60.23017" lon="24.965733"><ele>29.5</ele><time>2026-08-02T15:28:36Z</time></trkpt><trkpt lat="60.230203" lon="24.965798"><ele>29.8</ele><time>2026-08-02T15:28:37Z</time></trkpt><trkpt lat="60.230233" lon="24.96586"><ele>30.5</ele><time>2026-08-02T15:28:38Z</time></trkpt><trkpt lat="60.23026" lon="24.965917"><ele>29.1</ele><time>2026-08-02T15:28:39Z</time><extensions><gpxtpx:TrackPointExtension><gpxtpx:hr>127</gpxtpx:hr></gpxtpx:TrackPointExtension></extensions></trkpt><trkpt lat="60.230287" lon="24.965972"><ele>28.7</ele><time>2026-08-02T15:28:40Z</time></trkpt><trkpt lat="60.230308" lon="24.966032"><ele>29.3</ele><time>2026-08-02T15:28:41Z</time></trkpt><trkpt lat="60.230317" lon="24.966112"><ele>29.5</ele><time>2026-08-02T15:28:42Z</time></trkpt><trkpt lat="60.230307" lon="24.966198"><ele>30.0</ele><time>2026-08-02T15:28:43Z</time></trkpt><trkpt lat="60.230272" lon="24.966258"><ele>30.5</ele><time>2026-08-02T15:28:44Z</time><extensions><gpxtpx:TrackPointExtension><gpxtpx:hr>128</gpxtpx:hr></gpxtpx:TrackPointExtension></extensions></trkpt><trkpt lat="60.230247" lon="24.966313"><ele>30.7</ele><time>2026-08-02T15:28:45Z</time></trkpt><trkpt lat="60.230225" lon="24.966345"><ele>31.1</ele><time>2026-08-02T15:28:46Z</time></trkpt><trkpt lat="60.2302" lon="24.966362"><ele>30.2</ele><time>2026-08-02T15:28:47Z</time><extensions><gpxtpx:TrackPointExtension><gpxtpx:hr>129</gpxtpx:hr></gpxtpx:TrackPointExtension></extensions></trkpt><trkpt lat="60.230172" lon="24.966345"><ele>30.2</ele><time>2026-08-02T15:28:48Z</time></trkpt><trkpt lat="60.23014" lon="24.966305"><ele>30.2</ele><time>2026-08-02T15:28:49Z</time></trkpt><trkpt lat="60.230115" lon="24.96627"><ele>28.7</ele><time>2026-08-02T15:28:50Z</time></trkpt><trkpt lat="60.230093" lon="24.966235"><ele>29.4</ele><time>2026-08-02T15:28:52Z</time><extensions><gpxtpx:TrackPointExtension><gpxtpx:hr>126</gpxtpx:hr></gpxtpx:TrackPointExtension></extensions></trkpt><trkpt lat="60.230083" lon="24.96627"><ele>29.0</ele><time>2026-08-02T15:29:01Z</time><extensions><gpxtpx:TrackPointExtension><gpxtpx:hr>125</gpxtpx:hr></gpxtpx:TrackPointExtension></extensions></trkpt><trkpt lat="60.230095" lon="24.96624"><ele>27.6</ele><time>2026-08-02T15:29:20Z</time><extensions><gpxtpx:TrackPointExtension><gpxtpx:hr>126</gpxtpx:hr></gpxtpx:TrackPointExtension></extensions></trkpt><trkpt lat="60.230095" lon="24.96624"><ele>27.6</ele><time>2026-08-02T15:29:20Z</time><extensions><gpxtpx:TrackPointExtension><gpxtpx:hr>122</gpxtpx:hr></gpxtpx:TrackPointExtension></extensions></trkpt><trkpt lat="60.230095" lon="24.96624"><ele>27.6</ele><time>2026-08-02T15:29:21Z</time><extensions><gpxtpx:TrackPointExtension><gpxtpx:hr>123</gpxtpx:hr></gpxtpx:TrackPointExtension></extensions></trkpt></trkseg></trk></gpx>