<?xml version="1.0" encoding="UTF-8" standalone="no"?><gpx xmlns="http://www.topografix.com/GPX/1/1" xmlns:gpxtpx="http://www.garmin.com/xmlschemas/TrackPointExtension/v1" xmlns:xsi="http://www.w3.org/2001/XMLSchema-instance" creator="Sports Tracker" version="1.1" xsi:schemaLocation="http://www.topografix.com/GPX/1/1 http://www.topografix.com/GPX/1/1/gpx.xsd http://www.garmin.com/xmlschemas/TrackPointExtension/v1 http://www.garmin.com/xmlschemas/TrackPointExtensionv1.xsd"><metadata><name/><desc/><author><name>anttipehkonen240</name></author></metadata><trk><name/><trkseg><trkpt lat="60.23021" lon="24.965873"><ele>27.9</ele><time>2026-05-26T10:13:04Z</time></trkpt><trkpt lat="60.23021" lon="24.965873"><ele>27.9</ele><time>2026-05-26T10:13:37Z</time><extensions><gpxtpx:TrackPointExtension><gpxtpx:hr>90</gpxtpx:hr></gpxtpx:TrackPointExtension></extensions></trkpt><trkpt lat="60.23021" lon="24.965873"><ele>27.9</ele><time>2026-05-26T10:13:40Z</time><extensions><gpxtpx:TrackPointExtension><gpxtpx:hr>90</gpxtpx:hr></gpxtpx:TrackPointExtension></extensions></trkpt><trkpt lat="60.23021" lon="24.965873"><ele>27.9</ele><time>2026-05-26T10:13:45Z</time><extensions><gpxtpx:TrackPointExtension><gpxtpx:hr>91</gpxtpx:hr></gpxtpx:TrackPointExtension></extensions></trkpt><trkpt lat="60.23021" lon="24.965873"><ele>27.9</ele><time>2026-05-26T10:13:54Z</time><extensions><gpxtpx:TrackPointExtension><gpxtpx:hr>92</gpxtpx:hr></gpxtpx:TrackPointExtension></extensions></trkpt><trkpt lat="60.23021" lon="24.965873"><ele>27.9</ele><time>2026-05-26T10:13:58Z</time><extensions><gpxtpx:TrackPointExtension><gpxtpx:hr>92</gpxtpx:hr></gpxtpx:TrackPointExtension></extensions></trkpt><trkpt lat="60.23021" lon="24.965873"><ele>27.9</ele><time>2026-05-26T10:14:02Z</time><extensions><gpxtpx:TrackPointExtension><gpxtpx:hr>92</gpxtpx:hr></gpxtpx:TrackPointExtension></extensions></trkpt><trkpt lat="60.23021" lon="24.965873"><ele>27.9</ele><time>2026-05-26T10:14:08Z</time><extensions><gpxtpx:TrackPointExtension><gpxtpx:hr>92</gpxtpx:hr></gpxtpx:TrackPointExtension></extensions></trkpt><trkpt lat="60.23021" lon="24.965873"><ele>27.9</ele><time>2026-05-26T10:14:14Z</time><extensions><gpxtpx:TrackPointExtension><gpxtpx:hr>94</gpxtpx:hr></gpxtpx:TrackPointExtension></extensions></trkpt><trkpt lat="60.23021" lon="24.965873"><ele>27.9</ele><time>2026-05-26T10:14:18Z</time><extensions><gpxtpx:TrackPointExtension><gpxtpx:hr>95</gpxtpx:hr></gpxtpx:TrackPointExtension></extensions></trkpt><trkpt lat="60.23021" lon="24.965873"><ele>27.9</ele><time>2026-05-26T10:14:22Z</time><extensions><gpxtpx:TrackPointExtension><gpxtpx:hr>96</gpxtpx:hr></gpxtpx:TrackPointExtension></extensions></trkpt><trkpt lat="60.23021" lon="24.965873"><ele>27.9</ele><time>2026-05-26T10:14:29Z</time><extensions><gpxtpx:TrackPointExtension><gpxtpx:hr>96</gpxtpx:hr></gpxtpx:TrackPointExtension></extensions></trkpt><trkpt lat="60.23021" lon="24.965873"><ele>27.9</ele><time>2026-05-26T10:14:32Z</time><extensions><gpxtpx:TrackPointExtension><gpxtpx:hr>96</gpxtpx:hr></gpxtpx:TrackPointExtension></extensions></trkpt><trkpt lat="60.23021" lon="24.965873"><ele>27.9</ele><time>2026-05-26T10:14:35Z</time><extensions><gpxtpx:TrackPointExtension><gpxtpx:hr>97</gpxtpx:hr></gpxtpx:TrackPointExtension></extensions></trkpt><trkpt lat="60.23021" lon="24.965873"><ele>27.9</ele><time>2026-05-26T10:14:43Z</time><extensions><gpxtpx:TrackPointExtension><gpxtpx:hr>93</gpxtpx:hr></gpxtpx:TrackPointExtension></extensions></trkpt><trkpt lat="60.23021" lon="24.965873"><ele>27.9</ele><time>2026-05-26T10:14:48Z</time><extensions><gpxtpx:TrackPointExtension><gpxtpx:hr>94</gpxtpx:hr></gpxtpx:TrackPointExtension></extensions></trkpt><trkpt lat="60.23021" lon="24.965873"><ele>27.9</ele><time>2026-05-26T10:14:54Z</time><extensions><gpxtpx:TrackPointExtension><gpxtpx:hr>93</gpxtpx:hr></gpxtpx:TrackPointExtension></extensions></trkpt><trkpt lat="60.23021" lon="24.965873"><ele>27.9</ele><time>2026-05-26T10:14:55Z</time><extensions><gpxtpx:TrackPointExtension><gpxtpx:hr>92</gpxtpx:hr></gpxtpx:TrackPointExtension></extensions></trkpt><trkpt lat="60.23021" lon="24.965873"><ele>27.9</ele><time>2026-05-26T10:15:04Z</time><extensions><gpxtpx:TrackPointExtension><gpxtpx:hr>91</gpxtpx:hr></gpxtpx:TrackPointExtension></extensions></trkpt><trkpt lat="60.23021" lon="24.965873"><ele>27.9</ele><time>2026-05-26T10:15:09Z</time><extensions><gpxtpx:TrackPointExtension><gpxtpx:hr>91</gpxtpx:hr></gpxtpx:TrackPointExtension></extensions></trkpt><trkpt lat="60.23021" lon="24.965873"><ele>27.9</ele><time>2026-05-26T10:15:10Z</time><extensions><gpxtpx:TrackPointExtension><gpxtpx:hr>91</gpxtpx:hr></gpxtpx:TrackPointExtension></extensions></trkpt><trkpt lat="60.23021" lon="24.965873"><ele>27.9</ele><time>2026-05-26T10:15:15Z</time><extensions><gpxtpx:TrackPointExtension><gpxtpx:hr>91</gpxtpx:hr></gpxtpx:TrackPointExtension></extensions></trkpt><trkpt lat="60.23021" lon="24.965873"><ele>27.9</ele><time>2026-05-26T10:15:20Z</time><extensions><gpxtpx:TrackPointExtension><gpxtpx:hr>93</gpxtpx:hr></gpxtpx:TrackPointExtension></extensions></trkpt><trkpt lat="60.23021" lon="24.965873"><ele>27.9</ele><time>2026-05-26T10:15:25Z</time><extensions><gpxtpx:TrackPointExtension><gpxtpx:hr>94</gpxtpx:hr></gpxtpx:TrackPointExtension></extensions></trkpt><trkpt lat="60.23021" lon="24.965873"><ele>27.9</ele><time>2026-05-26T10:15:34Z</time><extensions><gpxtpx:TrackPointExtension><gpxtpx:hr>94</gpxtpx:hr></gpxtpx:TrackPointExtension></extensions></trkpt><trkpt lat="60.23021" lon="24.965873"><ele>27.9</ele><time>2026-05-26T10:15:36Z</time><extensions><gpxtpx:TrackPointExtension><gpxtpx:hr>95</gpxtpx:hr></gpxtpx:TrackPointExtension></extensions></trkpt><trkpt lat="60.23021" lon="24.965873"><ele>27.9</ele><time>2026-05-26T10:15:40Z</time><extensions><gpxtpx:TrackPointExtension><gpxtpx:hr>95</gpxtpx:hr></gpxtpx:TrackPointExtension></extensions></trkpt><trkpt lat="60.23021" lon="24.965873"><ele>27.9</ele><time>2026-05-26T10:15:45Z</time><extensions><gpxtpx:TrackPointExtension><gpxtpx:hr>95</gpxtpx:hr></gpxtpx:TrackPointExtension></extensions></trkpt><trkpt lat="60.23021" lon="24.965873"><ele>27.9</ele><time>2026-05-26T10:15:50Z</time><extensions><gpxtpx:TrackPointExtension><gpxtpx:hr>96</gpxtpx:hr></gpxtpx:TrackPointExtension></extensions></trkpt><trkpt lat="60.23021" lon="24.965873"><ele>27.9</ele><time>2026-05-26T10:15:59Z</time><extensions><gpxtpx:TrackPointExtension><gpxtpx:hr>94</gpxtpx:hr></gpxtpx:TrackPointExtension></extensions></trkpt><trkpt lat="60.23021" lon="24.965873"><ele>27.9</ele><time>2026-05-26T10:16:02Z</time><extensions><gpxtpx:TrackPointExtension><gpxtpx:hr>94</gpxtpx:hr></gpxtpx:TrackPointExtension></extensions></trkpt><trkpt lat="60.23021" lon="24.965873"><ele>27.9</ele><time>2026-05-26T10:16:05Z</time><extensions><gpxtpx:TrackPointExtension><gpxtpx:hr>94</gpxtpx:hr></gpxtpx:TrackPointExtension></extensions></trkpt><trkpt lat="60.23021" lon="24.965873"><ele>27.9</ele><time>2026-05-26T10:16:10Z</time><extensions><gpxtpx:TrackPointExtension><gpxtpx:hr>94</gpxtpx:hr></gpxtpx:TrackPointExtension></extensions></trkpt><trkpt lat="60.23021" lon="24.965873"><ele>27.9</ele><time>2026-05-26T10:16:19Z</time><extensions><gpxtpx:TrackPointExtension><gpxtpx:hr>94</gpxtpx:hr></gpxtpx:TrackPointExtension></extensions></trkpt><trkpt lat="60.23021" lon="24.965873"><ele>27.9</ele><time>2026-05-26T10:16:21Z</time><extensions><gpxtpx:TrackPointExtension><gpxtpx:hr>93</gpxtpx:hr></gpxtpx:TrackPointExtension></extensions></trkpt><trkpt lat="60.23021" lon="24.965873"><ele>27.9</ele><time>2026-05-26T10:16:27Z</time><extensions><gpxtpx:TrackPointExtension><gpxtpx:hr>93</gpxtpx:hr></gpxtpx:TrackPointExtension></extensions></trkpt><trkpt lat="60.23021" lon="24.965873"><ele>27.9</ele><time>2026-05-26T10:16:30Z</time><extensions><gpxtpx:TrackPointExtension><gpxtpx:hr>94</gpxtpx:hr></gpxtpx:TrackPointExtension></extensions></trkpt><trkpt lat="60.23021" lon="24.965873"><ele>27.9</ele><time>2026-05-26T10:16:35Z</time><extensions><gpxtpx:TrackPointExtension><gpxtpx:hr>94</gpxtpx:hr></gpxtpx:TrackPointExtension></extensions></trkpt><trkpt lat="60.23021" lon="24.965873"><ele>27.9</ele><time>2026-05-26T10:16:40Z</time><extensions><gpxtpx:TrackPointExtension><gpxtpx:hr>94</gpxtpx:hr></gpxtpx:TrackPointExtension></extensions></trkpt><trkpt lat="60.23021" lon="24.965873"><ele>27.9</ele><time>2026-05-26T10:16:49Z</time><extensions><gpxtpx:TrackPointExtension><gpxtpx:hr>93</gpxtpx:hr></gpxtpx:TrackPointExtension></extensions></trkpt><trkpt lat="60.23021" lon="24.965873"><ele>27.9</ele><time>2026-05-26T10:16:54Z</time><extensions><gpxtpx:TrackPointExtension><gpxtpx:hr>95</gpxtpx:hr></gpxtpx:TrackPointExtension></extensions></trkpt><trkpt lat="60.23021" lon="24.965873"><ele>27.9</ele><time>2026-05-26T10:16:59Z</time><extensions><gpxtpx:TrackPointExtension><gpxtpx:hr>96</gpxtpx:hr></gpxtpx:TrackPointExtension></extensions></trkpt><trkpt lat="60.23021" lon="24.965873"><ele>27.9</ele><time>2026-05-26T10:17:00Z</time><extensions><gpxtpx:TrackPointExtension><gpxtpx:hr>96</gpxtpx:hr></gpxtpx:TrackPointExtension></extensions></trkpt><trkpt lat="60.23021" lon="24.965873"><ele>27.9</ele><time>2026-05-26T10:17:05Z</time><extensions><gpxtpx:TrackPointExtension><gpxtpx:hr>95</gpxtpx:hr></gpxtpx:TrackPointExtension></extensions></trkpt><trkpt lat="60.23021" lon="24.965873"><ele>27.9</ele><time>2026-05-26T10:17:10Z</time><extensions><gpxtpx:TrackPointExtension><gpxtpx:hr>96</gpxtpx:hr></gpxtpx:TrackPointExtension></extensions></trkpt><trkpt lat="60.23021" lon="24.965873"><ele>27.9</ele><time>2026-05-26T10:17:18Z</time><extensions><gpxtpx:TrackPointExtension><gpxtpx:hr>98</gpxtpx:hr></gpxtpx:TrackPointExtension></extensions></trkpt><trkpt lat="60.23021" lon="24.965873"><ele>27.9</ele><time>2026-05-26T10:17:21Z</time><extensions><gpxtpx:TrackPointExtension><gpxtpx:hr>98</gpxtpx:hr></gpxtpx:TrackPointExtension></extensions></trkpt><trkpt lat="60.23021" lon="24.965873"><ele>27.9</ele><time>2026-05-26T10:17:27Z</time><extensions><gpxtpx:TrackPointExtension><gpxtpx:hr>96</gpxtpx:hr></gpxtpx:TrackPointExtension></extensions></trkpt><trkpt lat="60.23021" lon="24.965873"><ele>27.9</ele><time>2026-05-26T10:17:34Z</time><extensions><gpxtpx:TrackPointExtension><gpxtpx:hr>95</gpxtpx:hr></gpxtpx:TrackPointExtension></extensions></trkpt><trkpt lat="60.23021" lon="24.965873"><ele>27.9</ele><time>2026-05-26T10:17:35Z</time><extensions><gpxtpx:TrackPointExtension><gpxtpx:hr>95</gpxtpx:hr></gpxtpx:TrackPointExtension></extensions></trkpt><trkpt lat="60.23021" lon="24.965873"><ele>27.9</ele><time>2026-05-26T10:17:42Z</time><extensions><gpxtpx:TrackPointExtension><gpxtpx:hr>94</gpxtpx:hr></gpxtpx:TrackPointExtension></extensions></trkpt><trkpt lat="60.23021" lon="24.965873"><ele>27.9</ele><time>2026-05-26T10:17:49Z</time><extensions><gpxtpx:TrackPointExtension><gpxtpx:hr>95</gpxtpx:hr></gpxtpx:TrackPointExtension></extensions></trkpt><trkpt lat="60.23021" lon="24.965873"><ele>27.9</ele><time>2026-05-26T10:17:53Z</time><extensions><gpxtpx:TrackPointExtension><gpxtpx:hr>97</gpxtpx:hr></gpxtpx:TrackPointExtension></extensions></trkpt><trkpt lat="60.23021" lon="24.965873"><ele>27.9</ele><time>2026-05-26T10:17:55Z</time><extensions><gpxtpx:TrackPointExtension><gpxtpx:hr>96</gpxtpx:hr></gpxtpx:TrackPointExtension></extensions></trkpt><trkpt lat="60.23021" lon="24.965873"><ele>27.9</ele><time>2026-05-26T10:18:00Z</time><extensions><gpxtpx:TrackPointExtension><gpxtpx:hr>96</gpxtpx:hr></gpxtpx:TrackPointExtension></extensions></trkpt><trkpt lat="60.23021" lon="24.965873"><ele>27.9</ele><time>2026-05-26T10:18:08Z</time><extensions><gpxtpx:TrackPointExtension><gpxtpx:hr>96</gpxtpx:hr></gpxtpx:TrackPointExtension></extensions></trkpt><trkpt lat="60.23021" lon="24.965873"><ele>27.9</ele><time>2026-05-26T10:18:10Z</time><extensions><gpxtpx:TrackPointExtension><gpxtpx:hr>97</gpxtpx:hr></gpxtpx:TrackPointExtension></extensions></trkpt><trkpt lat="60.23021" lon="24.965873"><ele>27.9</ele><time>2026-05-26T10:18:19Z</time><extensions><gpxtpx:TrackPointExtension><gpxtpx:hr>97</gpxtpx:hr></gpxtpx:TrackPointExtension></extensions></trkpt><trkpt lat="60.23021" lon="24.965873"><ele>27.9</ele><time>2026-05-26T10:18:24Z</time><extensions><gpxtpx:TrackPointExtension><gpxtpx:hr>96</gpxtpx:hr></gpxtpx:TrackPointExtension></extensions></trkpt><trkpt lat="60.23021" lon="24.965873"><ele>27.9</ele><time>2026-05-26T10:18:27Z</time><extensions><gpxtpx:TrackPointExtension><gpxtpx:hr>95</gpxtpx:hr></gpxtpx:TrackPointExtension></extensions></trkpt><trkpt lat="60.23021" lon="24.965873"><ele>27.9</ele><time>2026-05-26T10:18:31Z</time><extensions><gpxtpx:TrackPointExtension><gpxtpx:hr>94</gpxtpx:hr></gpxtpx:TrackPointExtension></extensions></trkpt><trkpt lat="60.23021" lon="24.965873"><ele>27.9</ele><time>2026-05-26T10:18:36Z</time><extensions><gpxtpx:TrackPointExtension><gpxtpx:hr>94</gpxtpx:hr></gpxtpx:TrackPointExtension></extensions></trkpt><trkpt lat="60.23021" lon="24.965873"><ele>27.9</ele><time>2026-05-26T10:18:44Z</time><extensions><gpxtpx:TrackPointExtension><gpxtpx:hr>95</gpxtpx:hr></gpxtpx:TrackPointExtension></extensions></trkpt><trkpt lat="60.23021" lon="24.965873"><ele>27.9</ele><time>2026-05-26T10:18:49Z</time><extensions><gpxtpx:TrackPointExtension><gpxtpx:hr>95</gpxtpx:hr></gpxtpx:TrackPointExtension></extensions></trkpt><trkpt lat="60.23021" lon="24.965873"><ele>27.9</ele><time>2026-05-26T10:18:52Z</time><extensions><gpxtpx:TrackPointExtension><gpxtpx:hr>95</gpxtpx:hr></gpxtpx:TrackPointExtension></extensions></trkpt><trkpt lat="60.23021" lon="24.965873"><ele>27.9</ele><time>2026-05-26T10:18:55Z</time><extensions><gpxtpx:TrackPointExtension><gpxtpx:hr>96</gpxtpx:hr></gpxtpx:TrackPointExtension></extensions></trkpt><trkpt lat="60.23021" lon="24.965873"><ele>27.9</ele><time>2026-05-26T10:19:04Z</time><extensions><gpxtpx:TrackPointExtension><gpxtpx:hr>97</gpxtpx:hr></gpxtpx:TrackPointExtension></extensions></trkpt><trkpt lat="60.23021" lon="24.965873"><ele>27.9</ele><time>2026-05-26T10:19:05Z</time><extensions><gpxtpx:TrackPointExtension><gpxtpx:hr>97</gpxtpx:hr></gpxtpx:TrackPointExtension></extensions></trkpt><trkpt lat="60.23021" lon="24.965873"><ele>27.9</ele><time>2026-05-26T10:19:10Z</time><extensions><gpxtpx:TrackPointExtension><gpxtpx:hr>96</gpxtpx:hr></gpxtpx:TrackPointExtension></extensions></trkpt><trkpt lat="60.23021" lon="24.965873"><ele>27.9</ele><time>2026-05-26T10:19:19Z</time><extensions><gpxtpx:TrackPointExtension><gpxtpx:hr>99</gpxtpx:hr></gpxtpx:TrackPointExtension></extensions></trkpt><trkpt lat="60.23021" lon="24.965873"><ele>27.9</ele><time>2026-05-26T10:19:20Z</time><extensions><gpxtpx:TrackPointExtension><gpxtpx:hr>99</gpxtpx:hr></gpxtpx:TrackPointExtension></extensions></trkpt><trkpt lat="60.23021" lon="24.965873"><ele>27.9</ele><time>2026-05-26T10:19:29Z</time><extensions><gpxtpx:TrackPointExtension><gpxtpx:hr>100</gpxtpx:hr></gpxtpx:TrackPointExtension></extensions></trkpt><trkpt lat="60.23021" lon="24.965873"><ele>27.9</ele><time>2026-05-26T10:19:31Z</time><extensions><gpxtpx:TrackPointExtension><gpxtpx:hr>101</gpxtpx:hr></gpxtpx:TrackPointExtension></extensions></trkpt><trkpt lat="60.23021" lon="24.965873"><ele>27.9</ele><time>2026-05-26T10:19:39Z</time><extensions><gpxtpx:TrackPointExtension><gpxtpx:hr>99</gpxtpx:hr></gpxtpx:TrackPointExtension></extensions></trkpt><trkpt lat="60.23021" lon="24.965873"><ele>27.9</ele><time>2026-05-26T10:19:40Z</time><extensions><gpxtpx:TrackPointExtension><gpxtpx:hr>98</gpxtpx:hr></gpxtpx:TrackPointExtension></extensions></trkpt><trkpt lat="60.23021" lon="24.965873"><ele>27.9</ele><time>2026-05-26T10:19:46Z</time><extensions><gpxtpx:TrackPointExtension><gpxtpx:hr>101</gpxtpx:hr></gpxtpx:TrackPointExtension></extensions></trkpt><trkpt lat="60.23021" lon="24.965873"><ele>27.9</ele><time>2026-05-26T10:19:50Z</time><extensions><gpxtpx:TrackPointExtension><gpxtpx:hr>100</gpxtpx:hr></gpxtpx:TrackPointExtension></extensions></trkpt><trkpt lat="60.23021" lon="24.965873"><ele>27.9</ele><time>2026-05-26T10:19:55Z</time><extensions><gpxtpx:TrackPointExtension><gpxtpx:hr>99</gpxtpx:hr></gpxtpx:TrackPointExtension></extensions></trkpt><trkpt lat="60.23021" lon="24.965873"><ele>27.9</ele><time>2026-05-26T10:20:00Z</time><extensions><gpxtpx:TrackPointExtension><gpxtpx:hr>104</gpxtpx:hr></gpxtpx:TrackPointExtension></extensions></trkpt><trkpt lat="60.23021" lon="24.965873"><ele>27.9</ele><time>2026-05-26T10:20:06Z</time><extensions><gpxtpx:TrackPointExtension><gpxtpx:hr>103</gpxtpx:hr></gpxtpx:TrackPointExtension></extensions></trkpt><trkpt lat="60.23021" lon="24.965873"><ele>27.9</ele><time>2026-05-26T10:20:10Z</time><extensions><gpxtpx:TrackPointExtension><gpxtpx:hr>101</gpxtpx:hr></gpxtpx:TrackPointExtension></extensions></trkpt><trkpt lat="60.23021" lon="24.965873"><ele>27.9</ele><time>2026-05-26T10:20:19Z</time><extensions><gpxtpx:TrackPointExtension><gpxtpx:hr>99</gpxtpx:hr></gpxtpx:TrackPointExtension></extensions></trkpt><trkpt lat="60.23021" lon="24.965873"><ele>27.9</ele><time>2026-05-26T10:20:20Z</time><extensions><gpxtpx:TrackPointExtension><gpxtpx:hr>99</gpxtpx:hr></gpxtpx:TrackPointExtension></extensions></trkpt><trkpt lat="60.23021" lon="24.965873"><ele>27.9</ele><time>2026-05-26T10:20:25Z</time><extensions><gpxtpx:TrackPointExtension><gpxtpx:hr>97</gpxtpx:hr></gpxtpx:TrackPointExtension></extensions></trkpt><trkpt lat="60.23021" lon="24.965873"><ele>27.9</ele><time>2026-05-26T10:20:30Z</time><extensions><gpxtpx:TrackPointExtension><gpxtpx:hr>96</gpxtpx:hr></gpxtpx:TrackPointExtension></extensions></trkpt><trkpt lat="60.23021" lon="24.965873"><ele>27.9</ele><time>2026-05-26T10:20:35Z</time><extensions><gpxtpx:TrackPointExtension><gpxtpx:hr>99</gpxtpx:hr></gpxtpx:TrackPointExtension></extensions></trkpt><trkpt lat="60.23021" lon="24.965873"><ele>27.9</ele><time>2026-05-26T10:20:40Z</time><extensions><gpxtpx:TrackPointExtension><gpxtpx:hr>104</gpxtpx:hr></gpxtpx:TrackPointExtension></extensions></trkpt><trkpt lat="60.23021" lon="24.965873"><ele>27.9</ele><time>2026-05-26T10:21:30Z</time><extensions><gpxtpx:TrackPointExtension><gpxtpx:hr>105</gpxtpx:hr></gpxtpx:TrackPointExtension></extensions></trkpt><trkpt lat="60.23021" lon="24.965873"><ele>27.9</ele><time>2026-05-26T10:21:35Z</time><extensions><gpxtpx:TrackPointExtension><gpxtpx:hr>94</gpxtpx:hr></gpxtpx:TrackPointExtension></extensions></trkpt><trkpt lat="60.23021" lon="24.965873"><ele>27.9</ele><time>2026-05-26T10:21:36Z</time><extensions><gpxtpx:TrackPointExtension><gpxtpx:hr>94</gpxtpx:hr></gpxtpx:TrackPointExtension></extensions></trkpt><trkpt lat="60.23021" lon="24.965873"><ele>27.9</ele><time>2026-05-26T10:21:42Z</time><extensions><gpxtpx:TrackPointExtension><gpxtpx:hr>95</gpxtpx:hr></gpxtpx:TrackPointExtension></extensions></trkpt><trkpt lat="60.23021" lon="24.965873"><ele>27.9</ele><time>2026-05-26T10:21:46Z</time><extensions><gpxtpx:TrackPointExtension><gpxtpx:hr>95</gpxtpx:hr></gpxtpx:TrackPointExtension></extensions></trkpt><trkpt lat="60.23021" lon="24.965873"><ele>27.9</ele><time>2026-05-26T10:21:51Z</time><extensions><gpxtpx:TrackPointExtension><gpxtpx:hr>93</gpxtpx:hr></gpxtpx:TrackPointExtension></extensions></trkpt><trkpt lat="60.23021" lon="24.965873"><ele>27.9</ele><time>2026-05-26T10:22:00Z</time><extensions><gpxtpx:TrackPointExtension><gpxtpx:hr>94</gpxtpx:hr></gpxtpx:TrackPointExtension></extensions></trkpt><trkpt lat="60.23021" lon="24.965873"><ele>27.9</ele><time>2026-05-26T10:22:02Z</time><extensions><gpxtpx:TrackPointExtension><gpxtpx:hr>94</gpxtpx:hr></gpxtpx:TrackPointExtension></extensions></trkpt><trkpt lat="60.23021" lon="24.965873"><ele>27.9</ele><time>2026-05-26T10:22:06Z</time><extensions><gpxtpx:TrackPointExtension><gpxtpx:hr>97</gpxtpx:hr></gpxtpx:TrackPointExtension></extensions></trkpt><trkpt lat="60.23021" lon="24.965873"><ele>27.9</ele><time>2026-05-26T10:22:11Z</time><extensions><gpxtpx:TrackPointExtension><gpxtpx:hr>101</gpxtpx:hr></gpxtpx:TrackPointExtension></extensions></trkpt><trkpt lat="60.23021" lon="24.965873"><ele>27.9</ele><time>2026-05-26T10:22:20Z</time><extensions><gpxtpx:TrackPointExtension><gpxtpx:hr>102</gpxtpx:hr></gpxtpx:TrackPointExtension></extensions></trkpt><trkpt lat="60.23021" lon="24.965873"><ele>27.9</ele><time>2026-05-26T10:22:25Z</time><extensions><gpxtpx:TrackPointExtension><gpxtpx:hr>96</gpxtpx:hr></gpxtpx:TrackPointExtension></extensions></trkpt><trkpt lat="60.23021" lon="24.965873"><ele>27.9</ele><time>2026-05-26T10:22:30Z</time><extensions><gpxtpx:TrackPointExtension><gpxtpx:hr>91</gpxtpx:hr></gpxtpx:TrackPointExtension></extensions></trkpt><trkpt lat="60.23021" lon="24.965873"><ele>27.9</ele><time>2026-05-26T10:22:31Z</time><extensions><gpxtpx:TrackPointExtension><gpxtpx:hr>90</gpxtpx:hr></gpxtpx:TrackPointExtension></extensions></trkpt><trkpt lat="60.23021" lon="24.965873"><ele>27.9</ele><time>2026-05-26T10:22:36Z</time><extensions><gpxtpx:TrackPointExtension><gpxtpx:hr>93</gpxtpx:hr></gpxtpx:TrackPointExtension></extensions></trkpt><trkpt lat="60.23021" lon="24.965873"><ele>27.9</ele><time>2026-05-26T10:22:41Z</time><extensions><gpxtpx:TrackPointExtension><gpxtpx:hr>98</gpxtpx:hr></gpxtpx:TrackPointExtension></extensions></trkpt><trkpt lat="60.23021" lon="24.965873"><ele>27.9</ele><time>2026-05-26T10:23:02Z</time><extensions><gpxtpx:TrackPointExtension><gpxtpx:hr>98</gpxtpx:hr></gpxtpx:TrackPointExtension></extensions></trkpt><trkpt lat="60.23021" lon="24.965873"><ele>27.9</ele><time>2026-05-26T10:23:10Z</time><extensions><gpxtpx:TrackPointExtension><gpxtpx:hr>95</gpxtpx:hr></gpxtpx:TrackPointExtension></extensions></trkpt><trkpt lat="60.23021" lon="24.965873"><ele>27.9</ele><time>2026-05-26T10:23:15Z</time><extensions><gpxtpx:TrackPointExtension><gpxtpx:hr>93</gpxtpx:hr></gpxtpx:TrackPointExtension></extensions></trkpt><trkpt lat="60.23021" lon="24.965873"><ele>27.9</ele><time>2026-05-26T10:23:19Z</time><extensions><gpxtpx:TrackPointExtension><gpxtpx:hr>90</gpxtpx:hr></gpxtpx:TrackPointExtension></extensions></trkpt><trkpt lat="60.23021" lon="24.965873"><ele>27.9</ele><time>2026-05-26T10:23:25Z</time><extensions><gpxtpx:TrackPointExtension><gpxtpx:hr>88</gpxtpx:hr></gpxtpx:TrackPointExtension></extensions></trkpt><trkpt lat="60.23021" lon="24.965873"><ele>27.9</ele><time>2026-05-26T10:23:30Z</time><extensions><gpxtpx:TrackPointExtension><gpxtpx:hr>88</gpxtpx:hr></gpxtpx:TrackPointExtension></extensions></trkpt><trkpt lat="60.23021" lon="24.965873"><ele>27.9</ele><time>2026-05-26T10:23:34Z</time><extensions><gpxtpx:TrackPointExtension><gpxtpx:hr>90</gpxtpx:hr></gpxtpx:TrackPointExtension></extensions></trkpt><trkpt lat="60.23021" lon="24.965873"><ele>27.9</ele><time>2026-05-26T10:23:40Z</time><extensions><gpxtpx:TrackPointExtension><gpxtpx:hr>89</gpxtpx:hr></gpxtpx:TrackPointExtension></extensions></trkpt><trkpt lat="60.23021" lon="24.965873"><ele>27.9</ele><time>2026-05-26T10:23:44Z</time><extensions><gpxtpx:TrackPointExtension><gpxtpx:hr>89</gpxtpx:hr></gpxtpx:TrackPointExtension></extensions></trkpt><trkpt lat="60.23021" lon="24.965873"><ele>27.9</ele><time>2026-05-26T10:23:50Z</time><extensions><gpxtpx:TrackPointExtension><gpxtpx:hr>89</gpxtpx:hr></gpxtpx:TrackPointExtension></extensions></trkpt><trkpt lat="60.23021" lon="24.965873"><ele>27.9</ele><time>2026-05-26T10:23:51Z</time><extensions><gpxtpx:TrackPointExtension><gpxtpx:hr>90</gpxtpx:hr></gpxtpx:TrackPointExtension></extensions></trkpt><trkpt lat="60.23021" lon="24.965873"><ele>27.9</ele><time>2026-05-26T10:24:00Z</time><extensions><gpxtpx:TrackPointExtension><gpxtpx:hr>91</gpxtpx:hr></gpxtpx:TrackPointExtension></extensions></trkpt><trkpt lat="60.23021" lon="24.965873"><ele>27.9</ele><time>2026-05-26T10:24:04Z</time><extensions><gpxtpx:TrackPointExtension><gpxtpx:hr>88</gpxtpx:hr></gpxtpx:TrackPointExtension></extensions></trkpt><trkpt lat="60.23021" lon="24.965873"><ele>27.9</ele><time>2026-05-26T10:24:08Z</time><extensions><gpxtpx:TrackPointExtension><gpxtpx:hr>81</gpxtpx:hr></gpxtpx:TrackPointExtension></extensions></trkpt><trkpt lat="60.23021" lon="24.965873"><ele>27.9</ele><time>2026-05-26T10:24:11Z</time><extensions><gpxtpx:TrackPointExtension><gpxtpx:hr>82</gpxtpx:hr></gpxtpx:TrackPointExtension></extensions></trkpt><trkpt lat="60.23021" lon="24.965873"><ele>27.9</ele><time>2026-05-26T10:24:20Z</time><extensions><gpxtpx:TrackPointExtension><gpxtpx:hr>85</gpxtpx:hr></gpxtpx:TrackPointExtension></extensions></trkpt><trkpt lat="60.23021" lon="24.965873"><ele>27.9</ele><time>2026-05-26T10:24:25Z</time><extensions><gpxtpx:TrackPointExtension><gpxtpx:hr>84</gpxtpx:hr></gpxtpx:TrackPointExtension></extensions></trkpt><trkpt lat="60.23021" lon="24.965873"><ele>27.9</ele><time>2026-05-26T10:24:28Z</time><extensions><gpxtpx:TrackPointExtension><gpxtpx:hr>84</gpxtpx:hr></gpxtpx:TrackPointExtension></extensions></trkpt><trkpt lat="60.23021" lon="24.965873"><ele>27.9</ele><time>2026-05-26T10:24:31Z</time><extensions><gpxtpx:TrackPointExtension><gpxtpx:hr>85</gpxtpx:hr></gpxtpx:TrackPointExtension></extensions></trkpt><trkpt lat="60.23021" lon="24.965873"><ele>27.9</ele><time>2026-05-26T10:24:36Z</time><extensions><gpxtpx:TrackPointExtension><gpxtpx:hr>87</gpxtpx:hr></gpxtpx:TrackPointExtension></extensions></trkpt><trkpt lat="60.23021" lon="24.965873"><ele>27.9</ele><time>2026-05-26T10:24:41Z</time><extensions><gpxtpx:TrackPointExtension><gpxtpx:hr>89</gpxtpx:hr></gpxtpx:TrackPointExtension></extensions></trkpt><trkpt lat="60.23021" lon="24.965873"><ele>27.9</ele><time>2026-05-26T10:24:46Z</time><extensions><gpxtpx:TrackPointExtension><gpxtpx:hr>94</gpxtpx:hr></gpxtpx:TrackPointExtension></extensions></trkpt><trkpt lat="60.23021" lon="24.965873"><ele>27.9</ele><time>2026-05-26T10:25:05Z</time><extensions><gpxtpx:TrackPointExtension><gpxtpx:hr>100</gpxtpx:hr></gpxtpx:TrackPointExtension></extensions></trkpt><trkpt lat="60.23021" lon="24.965873"><ele>27.9</ele><time>2026-05-26T10:25:07Z</time><extensions><gpxtpx:TrackPointExtension><gpxtpx:hr>99</gpxtpx:hr></gpxtpx:TrackPointExtension></extensions></trkpt><trkpt lat="60.23021" lon="24.965873"><ele>27.9</ele><time>2026-05-26T10:25:15Z</time><extensions><gpxtpx:TrackPointExtension><gpxtpx:hr>87</gpxtpx:hr></gpxtpx:TrackPointExtension></extensions></trkpt><trkpt lat="60.23021" lon="24.965873"><ele>27.9</ele><time>2026-05-26T10:25:20Z</time><extensions><gpxtpx:TrackPointExtension><gpxtpx:hr>79</gpxtpx:hr></gpxtpx:TrackPointExtension></extensions></trkpt><trkpt lat="60.23021" lon="24.965873"><ele>27.9</ele><time>2026-05-26T10:25:23Z</time><extensions><gpxtpx:TrackPointExtension><gpxtpx:hr>80</gpxtpx:hr></gpxtpx:TrackPointExtension></extensions></trkpt><trkpt lat="60.23021" lon="24.965873"><ele>27.9</ele><time>2026-05-26T10:25:30Z</time><extensions><gpxtpx:TrackPointExtension><gpxtpx:hr>85</gpxtpx:hr></gpxtpx:TrackPointExtension></extensions></trkpt><trkpt lat="60.23021" lon="24.965873"><ele>27.9</ele><time>2026-05-26T10:25:35Z</time><extensions><gpxtpx:TrackPointExtension><gpxtpx:hr>86</gpxtpx:hr></gpxtpx:TrackPointExtension></extensions></trkpt><trkpt lat="60.23021" lon="24.965873"><ele>27.9</ele><time>2026-05-26T10:25:40Z</time><extensions><gpxtpx:TrackPointExtension><gpxtpx:hr>88</gpxtpx:hr></gpxtpx:TrackPointExtension></extensions></trkpt><trkpt lat="60.23021" lon="24.965873"><ele>27.9</ele><time>2026-05-26T10:25:44Z</time><extensions><gpxtpx:TrackPointExtension><gpxtpx:hr>88</gpxtpx:hr></gpxtpx:TrackPointExtension></extensions></trkpt><trkpt lat="60.23021" lon="24.965873"><ele>27.9</ele><time>2026-05-26T10:25:50Z</time><extensions><gpxtpx:TrackPointExtension><gpxtpx:hr>88</gpxtpx:hr></gpxtpx:TrackPointExtension></extensions></trkpt><trkpt lat="60.23021" lon="24.965873"><ele>27.9</ele><time>2026-05-26T10:25:51Z</time><extensions><gpxtpx:TrackPointExtension><gpxtpx:hr>88</gpxtpx:hr></gpxtpx:TrackPointExtension></extensions></trkpt><trkpt lat="60.23021" lon="24.965873"><ele>27.9</ele><time>2026-05-26T10:25:59Z</time><extensions><gpxtpx:TrackPointExtension><gpxtpx:hr>85</gpxtpx:hr></gpxtpx:TrackPointExtension></extensions></trkpt><trkpt lat="60.23021" lon="24.965873"><ele>27.9</ele><time>2026-05-26T10:26:04Z</time><extensions><gpxtpx:TrackPointExtension><gpxtpx:hr>85</gpxtpx:hr></gpxtpx:TrackPointExtension></extensions></trkpt><trkpt lat="60.23021" lon="24.965873"><ele>27.9</ele><time>2026-05-26T10:26:06Z</time><extensions><gpxtpx:TrackPointExtension><gpxtpx:hr>86</gpxtpx:hr></gpxtpx:TrackPointExtension></extensions></trkpt><trkpt lat="60.23021" lon="24.965873"><ele>27.9</ele><time>2026-05-26T10:26:15Z</time><extensions><gpxtpx:TrackPointExtension><gpxtpx:hr>89</gpxtpx:hr></gpxtpx:TrackPointExtension></extensions></trkpt><trkpt lat="60.23021" lon="24.965873"><ele>27.9</ele><time>2026-05-26T10:26:19Z</time><extensions><gpxtpx:TrackPointExtension><gpxtpx:hr>88</gpxtpx:hr></gpxtpx:TrackPointExtension></extensions></trkpt><trkpt lat="60.23021" lon="24.965873"><ele>27.9</ele><time>2026-05-26T10:26:23Z</time><extensions><gpxtpx:TrackPointExtension><gpxtpx:hr>87</gpxtpx:hr></gpxtpx:TrackPointExtension></extensions></trkpt><trkpt lat="60.23021" lon="24.965873"><ele>27.9</ele><time>2026-05-26T10:26:26Z</time><extensions><gpxtpx:TrackPointExtension><gpxtpx:hr>88</gpxtpx:hr></gpxtpx:TrackPointExtension></extensions></trkpt><trkpt lat="60.23021" lon="24.965873"><ele>27.9</ele><time>2026-05-26T10:26:31Z</time><extensions><gpxtpx:TrackPointExtension><gpxtpx:hr>88</gpxtpx:hr></gpxtpx:TrackPointExtension></extensions></trkpt><trkpt lat="60.23021" lon="24.965873"><ele>27.9</ele><time>2026-05-26T10:26:36Z</time><extensions><gpxtpx:TrackPointExtension><gpxtpx:hr>90</gpxtpx:hr></gpxtpx:TrackPointExtension></extensions></trkpt><trkpt lat="60.23021" lon="24.965873"><ele>27.9</ele><time>2026-05-26T10:26:41Z</time><extensions><gpxtpx:TrackPointExtension><gpxtpx:hr>96</gpxtpx:hr></gpxtpx:TrackPointExtension></extensions></trkpt><trkpt lat="60.23021" lon="24.965873"><ele>27.9</ele><time>2026-05-26T10:26:46Z</time><extensions><gpxtpx:TrackPointExtension><gpxtpx:hr>102</gpxtpx:hr></gpxtpx:TrackPointExtension></extensions></trkpt><trkpt lat="60.23021" lon="24.965873"><ele>27.9</ele><time>2026-05-26T10:27:00Z</time><extensions><gpxtpx:TrackPointExtension><gpxtpx:hr>104</gpxtpx:hr></gpxtpx:TrackPointExtension></extensions></trkpt><trkpt lat="60.23021" lon="24.965873"><ele>27.9</ele><time>2026-05-26T10:27:01Z</time><extensions><gpxtpx:TrackPointExtension><gpxtpx:hr>104</gpxtpx:hr></gpxtpx:TrackPointExtension></extensions></trkpt><trkpt lat="60.23021" lon="24.965873"><ele>27.9</ele><time>2026-05-26T10:27:10Z</time><extensions><gpxtpx:TrackPointExtension><gpxtpx:hr>89</gpxtpx:hr></gpxtpx:TrackPointExtension></extensions></trkpt><trkpt lat="60.23021" lon="24.965873"><ele>27.9</ele><time>2026-05-26T10:27:13Z</time><extensions><gpxtpx:TrackPointExtension><gpxtpx:hr>86</gpxtpx:hr></gpxtpx:TrackPointExtension></extensions></trkpt><trkpt lat="60.23021" lon="24.965873"><ele>27.9</ele><time>2026-05-26T10:27:17Z</time><extensions><gpxtpx:TrackPointExtension><gpxtpx:hr>87</gpxtpx:hr></gpxtpx:TrackPointExtension></extensions></trkpt><trkpt lat="60.23021" lon="24.965873"><ele>27.9</ele><time>2026-05-26T10:27:22Z</time><extensions><gpxtpx:TrackPointExtension><gpxtpx:hr>88</gpxtpx:hr></gpxtpx:TrackPointExtension></extensions></trkpt><trkpt lat="60.23021" lon="24.965873"><ele>27.9</ele><time>2026-05-26T10:27:30Z</time><extensions><gpxtpx:TrackPointExtension><gpxtpx:hr>88</gpxtpx:hr></gpxtpx:TrackPointExtension></extensions></trkpt><trkpt lat="60.23021" lon="24.965873"><ele>27.9</ele><time>2026-05-26T10:27:34Z</time><extensions><gpxtpx:TrackPointExtension><gpxtpx:hr>89</gpxtpx:hr></gpxtpx:TrackPointExtension></extensions></trkpt><trkpt lat="60.23021" lon="24.965873"><ele>27.9</ele><time>2026-05-26T10:27:37Z</time><extensions><gpxtpx:TrackPointExtension><gpxtpx:hr>88</gpxtpx:hr></gpxtpx:TrackPointExtension></extensions></trkpt><trkpt lat="60.23021" lon="24.965873"><ele>27.9</ele><time>2026-05-26T10:27:43Z</time><extensions><gpxtpx:TrackPointExtension><gpxtpx:hr>86</gpxtpx:hr></gpxtpx:TrackPointExtension></extensions></trkpt><trkpt lat="60.23021" lon="24.965873"><ele>27.9</ele><time>2026-05-26T10:27:47Z</time><extensions><gpxtpx:TrackPointExtension><gpxtpx:hr>86</gpxtpx:hr></gpxtpx:TrackPointExtension></extensions></trkpt><trkpt lat="60.23021" lon="24.965873"><ele>27.9</ele><time>2026-05-26T10:27:55Z</time><extensions><gpxtpx:TrackPointExtension><gpxtpx:hr>83</gpxtpx:hr></gpxtpx:TrackPointExtension></extensions></trkpt><trkpt lat="60.23021" lon="24.965873"><ele>27.9</ele><time>2026-05-26T10:27:57Z</time><extensions><gpxtpx:TrackPointExtension><gpxtpx:hr>84</gpxtpx:hr></gpxtpx:TrackPointExtension></extensions></trkpt><trkpt lat="60.23021" lon="24.965873"><ele>27.9</ele><time>2026-05-26T10:28:02Z</time><extensions><gpxtpx:TrackPointExtension><gpxtpx:hr>85</gpxtpx:hr></gpxtpx:TrackPointExtension></extensions></trkpt><trkpt lat="60.23021" lon="24.965873"><ele>27.9</ele><time>2026-05-26T10:28:06Z</time><extensions><gpxtpx:TrackPointExtension><gpxtpx:hr>85</gpxtpx:hr></gpxtpx:TrackPointExtension></extensions></trkpt><trkpt lat="60.23021" lon="24.965873"><ele>27.9</ele><time>2026-05-26T10:28:15Z</time><extensions><gpxtpx:TrackPointExtension><gpxtpx:hr>85</gpxtpx:hr></gpxtpx:TrackPointExtension></extensions></trkpt><trkpt lat="60.23021" lon="24.965873"><ele>27.9</ele><time>2026-05-26T10:28:20Z</time><extensions><gpxtpx:TrackPointExtension><gpxtpx:hr>86</gpxtpx:hr></gpxtpx:TrackPointExtension></extensions></trkpt><trkpt lat="60.23021" lon="24.965873"><ele>27.9</ele><time>2026-05-26T10:28:21Z</time><extensions><gpxtpx:TrackPointExtension><gpxtpx:hr>86</gpxtpx:hr></gpxtpx:TrackPointExtension></extensions></trkpt><trkpt lat="60.23021" lon="24.965873"><ele>27.9</ele><time>2026-05-26T10:28:27Z</time><extensions><gpxtpx:TrackPointExtension><gpxtpx:hr>87</gpxtpx:hr></gpxtpx:TrackPointExtension></extensions></trkpt><trkpt lat="60.23021" lon="24.965873"><ele>27.9</ele><time>2026-05-26T10:28:35Z</time><extensions><gpxtpx:TrackPointExtension><gpxtpx:hr>85</gpxtpx:hr></gpxtpx:TrackPointExtension></extensions></trkpt><trkpt lat="60.23021" lon="24.965873"><ele>27.9</ele><time>2026-05-26T10:28:40Z</time><extensions><gpxtpx:TrackPointExtension><gpxtpx:hr>85</gpxtpx:hr></gpxtpx:TrackPointExtension></extensions></trkpt><trkpt lat="60.23021" lon="24.965873"><ele>27.9</ele><time>2026-05-26T10:28:44Z</time><extensions><gpxtpx:TrackPointExtension><gpxtpx:hr>84</gpxtpx:hr></gpxtpx:TrackPointExtension></extensions></trkpt><trkpt lat="60.23021" lon="24.965873"><ele>27.9</ele><time>2026-05-26T10:28:47Z</time><extensions><gpxtpx:TrackPointExtension><gpxtpx:hr>84</gpxtpx:hr></gpxtpx:TrackPointExtension></extensions></trkpt><trkpt lat="60.23021" lon="24.965873"><ele>27.9</ele><time>2026-05-26T10:28:51Z</time><extensions><gpxtpx:TrackPointExtension><gpxtpx:hr>87</gpxtpx:hr></gpxtpx:TrackPointExtension></extensions></trkpt><trkpt lat="60.23021" lon="24.965873"><ele>27.9</ele><time>2026-05-26T10:28:56Z</time><extensions><gpxtpx:TrackPointExtension><gpxtpx:hr>89</gpxtpx:hr></gpxtpx:TrackPointExtension></extensions></trkpt><trkpt lat="60.23021" lon="24.965873"><ele>27.9</ele><time>2026-05-26T10:29:01Z</time><extensions><gpxtpx:TrackPointExtension><gpxtpx:hr>92</gpxtpx:hr></gpxtpx:TrackPointExtension></extensions></trkpt><trkpt lat="60.23021" lon="24.965873"><ele>27.9</ele><time>2026-05-26T10:29:06Z</time><extensions><gpxtpx:TrackPointExtension><gpxtpx:hr>98</gpxtpx:hr></gpxtpx:TrackPointExtension></extensions></trkpt><trkpt lat="60.23021" lon="24.965873"><ele>27.9</ele><time>2026-05-26T10:29:25Z</time><extensions><gpxtpx:TrackPointExtension><gpxtpx:hr>100</gpxtpx:hr></gpxtpx:TrackPointExtension></extensions></trkpt><trkpt lat="60.23021" lon="24.965873"><ele>27.9</ele><time>2026-05-26T10:29:30Z</time><extensions><gpxtpx:TrackPointExtension><gpxtpx:hr>99</gpxtpx:hr></gpxtpx:TrackPointExtension></extensions></trkpt><trkpt lat="60.23021" lon="24.965873"><ele>27.9</ele><time>2026-05-26T10:29:35Z</time><extensions><gpxtpx:TrackPointExtension><gpxtpx:hr>99</gpxtpx:hr></gpxtpx:TrackPointExtension></extensions></trkpt><trkpt lat="60.23021" lon="24.965873"><ele>27.9</ele><time>2026-05-26T10:29:38Z</time><extensions><gpxtpx:TrackPointExtension><gpxtpx:hr>99</gpxtpx:hr></gpxtpx:TrackPointExtension></extensions></trkpt><trkpt lat="60.23021" lon="24.965873"><ele>27.9</ele><time>2026-05-26T10:29:45Z</time><extensions><gpxtpx:TrackPointExtension><gpxtpx:hr>99</gpxtpx:hr></gpxtpx:TrackPointExtension></extensions></trkpt><trkpt lat="60.23021" lon="24.965873"><ele>27.9</ele><time>2026-05-26T10:29:50Z</time><extensions><gpxtpx:TrackPointExtension><gpxtpx:hr>99</gpxtpx:hr></gpxtpx:TrackPointExtension></extensions></trkpt><trkpt lat="60.23021" lon="24.965873"><ele>27.9</ele><time>2026-05-26T10:29:55Z</time><extensions><gpxtpx:TrackPointExtension><gpxtpx:hr>100</gpxtpx:hr></gpxtpx:TrackPointExtension></extensions></trkpt><trkpt lat="60.23021" lon="24.965873"><ele>27.9</ele><time>2026-05-26T10:29:59Z</time><extensions><gpxtpx:TrackPointExtension><gpxtpx:hr>101</gpxtpx:hr></gpxtpx:TrackPointExtension></extensions></trkpt><trkpt lat="60.23021" lon="24.965873"><ele>27.9</ele><time>2026-05-26T10:30:01Z</time><extensions><gpxtpx:TrackPointExtension><gpxtpx:hr>101</gpxtpx:hr></gpxtpx:TrackPointExtension></extensions></trkpt><trkpt lat="60.23021" lon="24.965873"><ele>27.9</ele><time>2026-05-26T10:30:06Z</time><extensions><gpxtpx:TrackPointExtension><gpxtpx:hr>99</gpxtpx:hr></gpxtpx:TrackPointExtension></extensions></trkpt><trkpt lat="60.23021" lon="24.965873"><ele>27.9</ele><time>2026-05-26T10:30:11Z</time><extensions><gpxtpx:TrackPointExtension><gpxtpx:hr>99</gpxtpx:hr></gpxtpx:TrackPointExtension></extensions></trkpt><trkpt lat="60.23021" lon="24.965873"><ele>27.9</ele><time>2026-05-26T10:30:16Z</time><extensions><gpxtpx:TrackPointExtension><gpxtpx:hr>104</gpxtpx:hr></gpxtpx:TrackPointExtension></extensions></trkpt><trkpt lat="60.23021" lon="24.965873"><ele>27.9</ele><time>2026-05-26T10:30:21Z</time><extensions><gpxtpx:TrackPointExtension><gpxtpx:hr>112</gpxtpx:hr></gpxtpx:TrackPointExtension></extensions></trkpt><trkpt lat="60.23021" lon="24.965873"><ele>27.9</ele><time>2026-05-26T10:30:26Z</time><extensions><gpxtpx:TrackPointExtension><gpxtpx:hr>117</gpxtpx:hr></gpxtpx:TrackPointExtension></extensions></trkpt><trkpt lat="60.23021" lon="24.965873"><ele>27.9</ele><time>2026-05-26T10:30:31Z</time><extensions><gpxtpx:TrackPointExtension><gpxtpx:hr>122</gpxtpx:hr></gpxtpx:TrackPointExtension></extensions></trkpt><trkpt lat="60.23021" lon="24.965873"><ele>27.9</ele><time>2026-05-26T10:30:40Z</time><extensions><gpxtpx:TrackPointExtension><gpxtpx:hr>112</gpxtpx:hr></gpxtpx:TrackPointExtension></extensions></trkpt><trkpt lat="60.23021" lon="24.965873"><ele>27.9</ele><time>2026-05-26T10:30:45Z</time><extensions><gpxtpx:TrackPointExtension><gpxtpx:hr>106</gpxtpx:hr></gpxtpx:TrackPointExtension></extensions></trkpt><trkpt lat="60.23021" lon="24.965873"><ele>27.9</ele><time>2026-05-26T10:30:50Z</time><extensions><gpxtpx:TrackPointExtension><gpxtpx:hr>101</gpxtpx:hr></gpxtpx:TrackPointExtension></extensions></trkpt><trkpt lat="60.23021" lon="24.965873"><ele>27.9</ele><time>2026-05-26T10:30:53Z</time><extensions><gpxtpx:TrackPointExtension><gpxtpx:hr>102</gpxtpx:hr></gpxtpx:TrackPointExtension></extensions></trkpt><trkpt lat="60.23021" lon="24.965873"><ele>27.9</ele><time>2026-05-26T10:30:56Z</time><extensions><gpxtpx:TrackPointExtension><gpxtpx:hr>99</gpxtpx:hr></gpxtpx:TrackPointExtension></extensions></trkpt><trkpt lat="60.23021" lon="24.965873"><ele>27.9</ele><time>2026-05-26T10:31:01Z</time><extensions><gpxtpx:TrackPointExtension><gpxtpx:hr>98</gpxtpx:hr></gpxtpx:TrackPointExtension></extensions></trkpt><trkpt lat="60.23021" lon="24.965873"><ele>27.9</ele><time>2026-05-26T10:31:13Z</time><extensions><gpxtpx:TrackPointExtension><gpxtpx:hr>96</gpxtpx:hr></gpxtpx:TrackPointExtension></extensions></trkpt><trkpt lat="60.23021" lon="24.965873"><ele>27.9</ele><time>2026-05-26T10:31:19Z</time><extensions><gpxtpx:TrackPointExtension><gpxtpx:hr>93</gpxtpx:hr></gpxtpx:TrackPointExtension></extensions></trkpt><trkpt lat="60.23021" lon="24.965873"><ele>27.9</ele><time>2026-05-26T10:31:24Z</time><extensions><gpxtpx:TrackPointExtension><gpxtpx:hr>91</gpxtpx:hr></gpxtpx:TrackPointExtension></extensions></trkpt><trkpt lat="60.23021" lon="24.965873"><ele>27.9</ele><time>2026-05-26T10:31:27Z</time><extensions><gpxtpx:TrackPointExtension><gpxtpx:hr>90</gpxtpx:hr></gpxtpx:TrackPointExtension></extensions></trkpt><trkpt lat="60.23021" lon="24.965873"><ele>27.9</ele><time>2026-05-26T10:31:32Z</time><extensions><gpxtpx:TrackPointExtension><gpxtpx:hr>92</gpxtpx:hr></gpxtpx:TrackPointExtension></extensions></trkpt><trkpt lat="60.23021" lon="24.965873"><ele>27.9</ele><time>2026-05-26T10:31:36Z</time><extensions><gpxtpx:TrackPointExtension><gpxtpx:hr>92</gpxtpx:hr></gpxtpx:TrackPointExtension></extensions></trkpt><trkpt lat="60.23021" lon="24.965873"><ele>27.9</ele><time>2026-05-26T10:31:43Z</time><extensions><gpxtpx:TrackPointExtension><gpxtpx:hr>92</gpxtpx:hr></gpxtpx:TrackPointExtension></extensions></trkpt><trkpt lat="60.23021" lon="24.965873"><ele>27.9</ele><time>2026-05-26T10:31:50Z</time><extensions><gpxtpx:TrackPointExtension><gpxtpx:hr>94</gpxtpx:hr></gpxtpx:TrackPointExtension></extensions></trkpt><trkpt lat="60.23021" lon="24.965873"><ele>27.9</ele><time>2026-05-26T10:31:53Z</time><extensions><gpxtpx:TrackPointExtension><gpxtpx:hr>92</gpxtpx:hr></gpxtpx:TrackPointExtension></extensions></trkpt><trkpt lat="60.23021" lon="24.965873"><ele>27.9</ele><time>2026-05-26T10:32:00Z</time><extensions><gpxtpx:TrackPointExtension><gpxtpx:hr>93</gpxtpx:hr></gpxtpx:TrackPointExtension></extensions></trkpt><trkpt lat="60.23021" lon="24.965873"><ele>27.9</ele><time>2026-05-26T10:32:01Z</time><extensions><gpxtpx:TrackPointExtension><gpxtpx:hr>93</gpxtpx:hr></gpxtpx:TrackPointExtension></extensions></trkpt><trkpt lat="60.23021" lon="24.965873"><ele>27.9</ele><time>2026-05-26T10:32:10Z</time><extensions><gpxtpx:TrackPointExtension><gpxtpx:hr>92</gpxtpx:hr></gpxtpx:TrackPointExtension></extensions></trkpt><trkpt lat="60.23021" lon="24.965873"><ele>27.9</ele><time>2026-05-26T10:32:14Z</time><extensions><gpxtpx:TrackPointExtension><gpxtpx:hr>91</gpxtpx:hr></gpxtpx:TrackPointExtension></extensions></trkpt><trkpt lat="60.23021" lon="24.965873"><ele>27.9</ele><time>2026-05-26T10:32:16Z</time><extensions><gpxtpx:TrackPointExtension><gpxtpx:hr>90</gpxtpx:hr></gpxtpx:TrackPointExtension></extensions></trkpt><trkpt lat="60.23021" lon="24.965873"><ele>27.9</ele><time>2026-05-26T10:32:21Z</time><extensions><gpxtpx:TrackPointExtension><gpxtpx:hr>93</gpxtpx:hr></gpxtpx:TrackPointExtension></extensions></trkpt><trkpt lat="60.23021" lon="24.965873"><ele>27.9</ele><time>2026-05-26T10:32:26Z</time><extensions><gpxtpx:TrackPointExtension><gpxtpx:hr>103</gpxtpx:hr></gpxtpx:TrackPointExtension></extensions></trkpt><trkpt lat="60.23021" lon="24.965873"><ele>27.9</ele><time>2026-05-26T10:32:35Z</time><extensions><gpxtpx:TrackPointExtension><gpxtpx:hr>114</gpxtpx:hr></gpxtpx:TrackPointExtension></extensions></trkpt><trkpt lat="60.23021" lon="24.965873"><ele>27.9</ele><time>2026-05-26T10:32:37Z</time><extensions><gpxtpx:TrackPointExtension><gpxtpx:hr>115</gpxtpx:hr></gpxtpx:TrackPointExtension></extensions></trkpt><trkpt lat="60.23021" lon="24.965873"><ele>27.9</ele><time>2026-05-26T10:32:41Z</time><extensions><gpxtpx:TrackPointExtension><gpxtpx:hr>117</gpxtpx:hr></gpxtpx:TrackPointExtension></extensions></trkpt><trkpt lat="60.23021" lon="24.965873"><ele>27.9</ele><time>2026-05-26T10:32:50Z</time><extensions><gpxtpx:TrackPointExtension><gpxtpx:hr>107</gpxtpx:hr></gpxtpx:TrackPointExtension></extensions></trkpt><trkpt lat="60.23021" lon="24.965873"><ele>27.9</ele><time>2026-05-26T10:32:54Z</time><extensions><gpxtpx:TrackPointExtension><gpxtpx:hr>103</gpxtpx:hr></gpxtpx:TrackPointExtension></extensions></trkpt><trkpt lat="60.23021" lon="24.965873"><ele>27.9</ele><time>2026-05-26T10:33:00Z</time><extensions><gpxtpx:TrackPointExtension><gpxtpx:hr>97</gpxtpx:hr></gpxtpx:TrackPointExtension></extensions></trkpt><trkpt lat="60.23021" lon="24.965873"><ele>27.9</ele><time>2026-05-26T10:33:04Z</time><extensions><gpxtpx:TrackPointExtension><gpxtpx:hr>95</gpxtpx:hr></gpxtpx:TrackPointExtension></extensions></trkpt><trkpt lat="60.23021" lon="24.965873"><ele>27.9</ele><time>2026-05-26T10:33:09Z</time><extensions><gpxtpx:TrackPointExtension><gpxtpx:hr>94</gpxtpx:hr></gpxtpx:TrackPointExtension></extensions></trkpt><trkpt lat="60.23021" lon="24.965873"><ele>27.9</ele><time>2026-05-26T10:33:15Z</time><extensions><gpxtpx:TrackPointExtension><gpxtpx:hr>95</gpxtpx:hr></gpxtpx:TrackPointExtension></extensions></trkpt><trkpt lat="60.23021" lon="24.965873"><ele>27.9</ele><time>2026-05-26T10:33:20Z</time><extensions><gpxtpx:TrackPointExtension><gpxtpx:hr>95</gpxtpx:hr></gpxtpx:TrackPointExtension></extensions></trkpt><trkpt lat="60.23021" lon="24.965873"><ele>27.9</ele><time>2026-05-26T10:33:22Z</time><extensions><gpxtpx:TrackPointExtension><gpxtpx:hr>95</gpxtpx:hr></gpxtpx:TrackPointExtension></extensions></trkpt><trkpt lat="60.23021" lon="24.965873"><ele>27.9</ele><time>2026-05-26T10:33:30Z</time><extensions><gpxtpx:TrackPointExtension><gpxtpx:hr>93</gpxtpx:hr></gpxtpx:TrackPointExtension></extensions></trkpt><trkpt lat="60.23021" lon="24.965873"><ele>27.9</ele><time>2026-05-26T10:33:35Z</time><extensions><gpxtpx:TrackPointExtension><gpxtpx:hr>92</gpxtpx:hr></gpxtpx:TrackPointExtension></extensions></trkpt><trkpt lat="60.23021" lon="24.965873"><ele>27.9</ele><time>2026-05-26T10:33:40Z</time><extensions><gpxtpx:TrackPointExtension><gpxtpx:hr>87</gpxtpx:hr></gpxtpx:TrackPointExtension></extensions></trkpt><trkpt lat="60.23021" lon="24.965873"><ele>27.9</ele><time>2026-05-26T10:33:45Z</time><extensions><gpxtpx:TrackPointExtension><gpxtpx:hr>88</gpxtpx:hr></gpxtpx:TrackPointExtension></extensions></trkpt><trkpt lat="60.23021" lon="24.965873"><ele>27.9</ele><time>2026-05-26T10:33:46Z</time><extensions><gpxtpx:TrackPointExtension><gpxtpx:hr>87</gpxtpx:hr></gpxtpx:TrackPointExtension></extensions></trkpt><trkpt lat="60.23021" lon="24.965873"><ele>27.9</ele><time>2026-05-26T10:33:51Z</time><extensions><gpxtpx:TrackPointExtension><gpxtpx:hr>87</gpxtpx:hr></gpxtpx:TrackPointExtension></extensions></trkpt><trkpt lat="60.23021" lon="24.965873"><ele>27.9</ele><time>2026-05-26T10:33:56Z</time><extensions><gpxtpx:TrackPointExtension><gpxtpx:hr>90</gpxtpx:hr></gpxtpx:TrackPointExtension></extensions></trkpt><trkpt lat="60.23021" lon="24.965873"><ele>27.9</ele><time>2026-05-26T10:34:01Z</time><extensions><gpxtpx:TrackPointExtension><gpxtpx:hr>94</gpxtpx:hr></gpxtpx:TrackPointExtension></extensions></trkpt><trkpt lat="60.23021" lon="24.965873"><ele>27.9</ele><time>2026-05-26T10:34:06Z</time><extensions><gpxtpx:TrackPointExtension><gpxtpx:hr>103</gpxtpx:hr></gpxtpx:TrackPointExtension></extensions></trkpt><trkpt lat="60.23021" lon="24.965873"><ele>27.9</ele><time>2026-05-26T10:34:14Z</time><extensions><gpxtpx:TrackPointExtension><gpxtpx:hr>113</gpxtpx:hr></gpxtpx:TrackPointExtension></extensions></trkpt><trkpt lat="60.23021" lon="24.965873"><ele>27.9</ele><time>2026-05-26T10:34:16Z</time><extensions><gpxtpx:TrackPointExtension><gpxtpx:hr>112</gpxtpx:hr></gpxtpx:TrackPointExtension></extensions></trkpt><trkpt lat="60.23021" lon="24.965873"><ele>27.9</ele><time>2026-05-26T10:34:25Z</time><extensions><gpxtpx:TrackPointExtension><gpxtpx:hr>116</gpxtpx:hr></gpxtpx:TrackPointExtension></extensions></trkpt><trkpt lat="60.23021" lon="24.965873"><ele>27.9</ele><time>2026-05-26T10:34:26Z</time><extensions><gpxtpx:TrackPointExtension><gpxtpx:hr>114</gpxtpx:hr></gpxtpx:TrackPointExtension></extensions></trkpt><trkpt lat="60.23021" lon="24.965873"><ele>27.9</ele><time>2026-05-26T10:34:35Z</time><extensions><gpxtpx:TrackPointExtension><gpxtpx:hr>100</gpxtpx:hr></gpxtpx:TrackPointExtension></extensions></trkpt><trkpt lat="60.23021" lon="24.965873"><ele>27.9</ele><time>2026-05-26T10:34:40Z</time><extensions><gpxtpx:TrackPointExtension><gpxtpx:hr>96</gpxtpx:hr></gpxtpx:TrackPointExtension></extensions></trkpt><trkpt lat="60.23021" lon="24.965873"><ele>27.9</ele><time>2026-05-26T10:34:45Z</time><extensions><gpxtpx:TrackPointExtension><gpxtpx:hr>92</gpxtpx:hr></gpxtpx:TrackPointExtension></extensions></trkpt><trkpt lat="60.23021" lon="24.965873"><ele>27.9</ele><time>2026-05-26T10:34:50Z</time><extensions><gpxtpx:TrackPointExtension><gpxtpx:hr>91</gpxtpx:hr></gpxtpx:TrackPointExtension></extensions></trkpt><trkpt lat="60.23021" lon="24.965873"><ele>27.9</ele><time>2026-05-26T10:34:52Z</time><extensions><gpxtpx:TrackPointExtension><gpxtpx:hr>91</gpxtpx:hr></gpxtpx:TrackPointExtension></extensions></trkpt><trkpt lat="60.23021" lon="24.965873"><ele>27.9</ele><time>2026-05-26T10:34:56Z</time><extensions><gpxtpx:TrackPointExtension><gpxtpx:hr>90</gpxtpx:hr></gpxtpx:TrackPointExtension></extensions></trkpt><trkpt lat="60.23021" lon="24.965873"><ele>27.9</ele><time>2026-05-26T10:35:05Z</time><extensions><gpxtpx:TrackPointExtension><gpxtpx:hr>89</gpxtpx:hr></gpxtpx:TrackPointExtension></extensions></trkpt><trkpt lat="60.23021" lon="24.965873"><ele>27.9</ele><time>2026-05-26T10:35:07Z</time><extensions><gpxtpx:TrackPointExtension><gpxtpx:hr>89</gpxtpx:hr></gpxtpx:TrackPointExtension></extensions></trkpt><trkpt lat="60.23021" lon="24.965873"><ele>27.9</ele><time>2026-05-26T10:35:15Z</time><extensions><gpxtpx:TrackPointExtension><gpxtpx:hr>88</gpxtpx:hr></gpxtpx:TrackPointExtension></extensions></trkpt><trkpt lat="60.23021" lon="24.965873"><ele>27.9</ele><time>2026-05-26T10:35:18Z</time><extensions><gpxtpx:TrackPointExtension><gpxtpx:hr>88</gpxtpx:hr></gpxtpx:TrackPointExtension></extensions></trkpt><trkpt lat="60.23021" lon="24.965873"><ele>27.9</ele><time>2026-05-26T10:35:25Z</time><extensions><gpxtpx:TrackPointExtension><gpxtpx:hr>87</gpxtpx:hr></gpxtpx:TrackPointExtension></extensions></trkpt><trkpt lat="60.23021" lon="24.965873"><ele>27.9</ele><time>2026-05-26T10:35:26Z</time><extensions><gpxtpx:TrackPointExtension><gpxtpx:hr>87</gpxtpx:hr></gpxtpx:TrackPointExtension></extensions></trkpt><trkpt lat="60.23021" lon="24.965873"><ele>27.9</ele><time>2026-05-26T10:35:31Z</time><extensions><gpxtpx:TrackPointExtension><gpxtpx:hr>89</gpxtpx:hr></gpxtpx:TrackPointExtension></extensions></trkpt><trkpt lat="60.23021" lon="24.965873"><ele>27.9</ele><time>2026-05-26T10:35:40Z</time><extensions><gpxtpx:TrackPointExtension><gpxtpx:hr>91</gpxtpx:hr></gpxtpx:TrackPointExtension></extensions></trkpt><trkpt lat="60.23021" lon="24.965873"><ele>27.9</ele><time>2026-05-26T10:35:43Z</time><extensions><gpxtpx:TrackPointExtension><gpxtpx:hr>91</gpxtpx:hr></gpxtpx:TrackPointExtension></extensions></trkpt><trkpt lat="60.23021" lon="24.965873"><ele>27.9</ele><time>2026-05-26T10:35:46Z</time><extensions><gpxtpx:TrackPointExtension><gpxtpx:hr>91</gpxtpx:hr></gpxtpx:TrackPointExtension></extensions></trkpt><trkpt lat="60.23021" lon="24.965873"><ele>27.9</ele><time>2026-05-26T10:35:51Z</time><extensions><gpxtpx:TrackPointExtension><gpxtpx:hr>96</gpxtpx:hr></gpxtpx:TrackPointExtension></extensions></trkpt><trkpt lat="60.23021" lon="24.965873"><ele>27.9</ele><time>2026-05-26T10:35:56Z</time><extensions><gpxtpx:TrackPointExtension><gpxtpx:hr>105</gpxtpx:hr></gpxtpx:TrackPointExtension></extensions></trkpt><trkpt lat="60.23021" lon="24.965873"><ele>27.9</ele><time>2026-05-26T10:36:01Z</time><extensions><gpxtpx:TrackPointExtension><gpxtpx:hr>111</gpxtpx:hr></gpxtpx:TrackPointExtension></extensions></trkpt><trkpt lat="60.23021" lon="24.965873"><ele>27.9</ele><time>2026-05-26T10:36:08Z</time><extensions><gpxtpx:TrackPointExtension><gpxtpx:hr>114</gpxtpx:hr></gpxtpx:TrackPointExtension></extensions></trkpt><trkpt lat="60.23021" lon="24.965873"><ele>27.9</ele><time>2026-05-26T10:36:15Z</time><extensions><gpxtpx:TrackPointExtension><gpxtpx:hr>112</gpxtpx:hr></gpxtpx:TrackPointExtension></extensions></trkpt><trkpt lat="60.23021" lon="24.965873"><ele>27.9</ele><time>2026-05-26T10:36:20Z</time><extensions><gpxtpx:TrackPointExtension><gpxtpx:hr>105</gpxtpx:hr></gpxtpx:TrackPointExtension></extensions></trkpt><trkpt lat="60.23021" lon="24.965873"><ele>27.9</ele><time>2026-05-26T10:36:25Z</time><extensions><gpxtpx:TrackPointExtension><gpxtpx:hr>103</gpxtpx:hr></gpxtpx:TrackPointExtension></extensions></trkpt><trkpt lat="60.23021" lon="24.965873"><ele>27.9</ele><time>2026-05-26T10:36:30Z</time><extensions><gpxtpx:TrackPointExtension><gpxtpx:hr>101</gpxtpx:hr></gpxtpx:TrackPointExtension></extensions></trkpt><trkpt lat="60.23021" lon="24.965873"><ele>27.9</ele><time>2026-05-26T10:36:33Z</time><extensions><gpxtpx:TrackPointExtension><gpxtpx:hr>101</gpxtpx:hr></gpxtpx:TrackPointExtension></extensions></trkpt><trkpt lat="60.23021" lon="24.965873"><ele>27.9</ele><time>2026-05-26T10:36:40Z</time><extensions><gpxtpx:TrackPointExtension><gpxtpx:hr>100</gpxtpx:hr></gpxtpx:TrackPointExtension></extensions></trkpt><trkpt lat="60.23021" lon="24.965873"><ele>27.9</ele><time>2026-05-26T10:36:45Z</time><extensions><gpxtpx:TrackPointExtension><gpxtpx:hr>101</gpxtpx:hr></gpxtpx:TrackPointExtension></extensions></trkpt><trkpt lat="60.23021" lon="24.965873"><ele>27.9</ele><time>2026-05-26T10:36:49Z</time><extensions><gpxtpx:TrackPointExtension><gpxtpx:hr>100</gpxtpx:hr></gpxtpx:TrackPointExtension></extensions></trkpt><trkpt lat="60.23021" lon="24.965873"><ele>27.9</ele><time>2026-05-26T10:36:52Z</time><extensions><gpxtpx:TrackPointExtension><gpxtpx:hr>102</gpxtpx:hr></gpxtpx:TrackPointExtension></extensions></trkpt><trkpt lat="60.23021" lon="24.965873"><ele>27.9</ele><time>2026-05-26T10:36:59Z</time><extensions><gpxtpx:TrackPointExtension><gpxtpx:hr>101</gpxtpx:hr></gpxtpx:TrackPointExtension></extensions></trkpt><trkpt lat="60.23021" lon="24.965873"><ele>27.9</ele><time>2026-05-26T10:37:05Z</time><extensions><gpxtpx:TrackPointExtension><gpxtpx:hr>92</gpxtpx:hr></gpxtpx:TrackPointExtension></extensions></trkpt><trkpt lat="60.23021" lon="24.965873"><ele>27.9</ele><time>2026-05-26T10:37:06Z</time><extensions><gpxtpx:TrackPointExtension><gpxtpx:hr>91</gpxtpx:hr></gpxtpx:TrackPointExtension></extensions></trkpt><trkpt lat="60.23021" lon="24.965873"><ele>27.9</ele><time>2026-05-26T10:37:11Z</time><extensions><gpxtpx:TrackPointExtension><gpxtpx:hr>95</gpxtpx:hr></gpxtpx:TrackPointExtension></extensions></trkpt><trkpt lat="60.23021" lon="24.965873"><ele>27.9</ele><time>2026-05-26T10:37:16Z</time><extensions><gpxtpx:TrackPointExtension><gpxtpx:hr>94</gpxtpx:hr></gpxtpx:TrackPointExtension></extensions></trkpt><trkpt lat="60.23021" lon="24.965873"><ele>27.9</ele><time>2026-05-26T10:37:21Z</time><extensions><gpxtpx:TrackPointExtension><gpxtpx:hr>96</gpxtpx:hr></gpxtpx:TrackPointExtension></extensions></trkpt><trkpt lat="60.23021" lon="24.965873"><ele>27.9</ele><time>2026-05-26T10:37:26Z</time><extensions><gpxtpx:TrackPointExtension><gpxtpx:hr>103</gpxtpx:hr></gpxtpx:TrackPointExtension></extensions></trkpt><trkpt lat="60.23021" lon="24.965873"><ele>27.9</ele><time>2026-05-26T10:37:31Z</time><extensions><gpxtpx:TrackPointExtension><gpxtpx:hr>108</gpxtpx:hr></gpxtpx:TrackPointExtension></extensions></trkpt><trkpt lat="60.23021" lon="24.965873"><ele>27.9</ele><time>2026-05-26T10:37:40Z</time><extensions><gpxtpx:TrackPointExtension><gpxtpx:hr>112</gpxtpx:hr></gpxtpx:TrackPointExtension></extensions></trkpt><trkpt lat="60.23021" lon="24.965873"><ele>27.9</ele><time>2026-05-26T10:37:41Z</time><extensions><gpxtpx:TrackPointExtension><gpxtpx:hr>111</gpxtpx:hr></gpxtpx:TrackPointExtension></extensions></trkpt><trkpt lat="60.23021" lon="24.965873"><ele>27.9</ele><time>2026-05-26T10:37:49Z</time><extensions><gpxtpx:TrackPointExtension><gpxtpx:hr>103</gpxtpx:hr></gpxtpx:TrackPointExtension></extensions></trkpt><trkpt lat="60.23021" lon="24.965873"><ele>27.9</ele><time>2026-05-26T10:37:55Z</time><extensions><gpxtpx:TrackPointExtension><gpxtpx:hr>96</gpxtpx:hr></gpxtpx:TrackPointExtension></extensions></trkpt><trkpt lat="60.23021" lon="24.965873"><ele>27.9</ele><time>2026-05-26T10:37:59Z</time><extensions><gpxtpx:TrackPointExtension><gpxtpx:hr>95</gpxtpx:hr></gpxtpx:TrackPointExtension></extensions></trkpt><trkpt lat="60.23021" lon="24.965873"><ele>27.9</ele><time>2026-05-26T10:38:01Z</time><extensions><gpxtpx:TrackPointExtension><gpxtpx:hr>95</gpxtpx:hr></gpxtpx:TrackPointExtension></extensions></trkpt><trkpt lat="60.23021" lon="24.965873"><ele>27.9</ele><time>2026-05-26T10:38:07Z</time><extensions><gpxtpx:TrackPointExtension><gpxtpx:hr>95</gpxtpx:hr></gpxtpx:TrackPointExtension></extensions></trkpt><trkpt lat="60.23021" lon="24.965873"><ele>27.9</ele><time>2026-05-26T10:38:15Z</time><extensions><gpxtpx:TrackPointExtension><gpxtpx:hr>97</gpxtpx:hr></gpxtpx:TrackPointExtension></extensions></trkpt><trkpt lat="60.23021" lon="24.965873"><ele>27.9</ele><time>2026-05-26T10:38:20Z</time><extensions><gpxtpx:TrackPointExtension><gpxtpx:hr>96</gpxtpx:hr></gpxtpx:TrackPointExtension></extensions></trkpt><trkpt lat="60.23021" lon="24.965873"><ele>27.9</ele><time>2026-05-26T10:38:24Z</time><extensions><gpxtpx:TrackPointExtension><gpxtpx:hr>95</gpxtpx:hr></gpxtpx:TrackPointExtension></extensions></trkpt><trkpt lat="60.23021" lon="24.965873"><ele>27.9</ele><time>2026-05-26T10:38:26Z</time><extensions><gpxtpx:TrackPointExtension><gpxtpx:hr>96</gpxtpx:hr></gpxtpx:TrackPointExtension></extensions></trkpt><trkpt lat="60.23021" lon="24.965873"><ele>27.9</ele><time>2026-05-26T10:38:35Z</time><extensions><gpxtpx:TrackPointExtension><gpxtpx:hr>97</gpxtpx:hr></gpxtpx:TrackPointExtension></extensions></trkpt><trkpt lat="60.23021" lon="24.965873"><ele>27.9</ele><time>2026-05-26T10:38:40Z</time><extensions><gpxtpx:TrackPointExtension><gpxtpx:hr>98</gpxtpx:hr></gpxtpx:TrackPointExtension></extensions></trkpt><trkpt lat="60.23021" lon="24.965873"><ele>27.9</ele><time>2026-05-26T10:38:44Z</time><extensions><gpxtpx:TrackPointExtension><gpxtpx:hr>97</gpxtpx:hr></gpxtpx:TrackPointExtension></extensions></trkpt><trkpt lat="60.23021" lon="24.965873"><ele>27.9</ele><time>2026-05-26T10:38:46Z</time><extensions><gpxtpx:TrackPointExtension><gpxtpx:hr>96</gpxtpx:hr></gpxtpx:TrackPointExtension></extensions></trkpt><trkpt lat="60.23021" lon="24.965873"><ele>27.9</ele><time>2026-05-26T10:38:51Z</time><extensions><gpxtpx:TrackPointExtension><gpxtpx:hr>96</gpxtpx:hr></gpxtpx:TrackPointExtension></extensions></trkpt><trkpt lat="60.23021" lon="24.965873"><ele>27.9</ele><time>2026-05-26T10:38:56Z</time><extensions><gpxtpx:TrackPointExtension><gpxtpx:hr>97</gpxtpx:hr></gpxtpx:TrackPointExtension></extensions></trkpt><trkpt lat="60.23021" lon="24.965873"><ele>27.9</ele><time>2026-05-26T10:39:03Z</time><extensions><gpxtpx:TrackPointExtension><gpxtpx:hr>97</gpxtpx:hr></gpxtpx:TrackPointExtension></extensions></trkpt><trkpt lat="60.23021" lon="24.965873"><ele>27.9</ele><time>2026-05-26T10:39:06Z</time><extensions><gpxtpx:TrackPointExtension><gpxtpx:hr>97</gpxtpx:hr></gpxtpx:TrackPointExtension></extensions></trkpt><trkpt lat="60.23021" lon="24.965873"><ele>27.9</ele><time>2026-05-26T10:39:11Z</time><extensions><gpxtpx:TrackPointExtension><gpxtpx:hr>97</gpxtpx:hr></gpxtpx:TrackPointExtension></extensions></trkpt><trkpt lat="60.23021" lon="24.965873"><ele>27.9</ele><time>2026-05-26T10:39:17Z</time><extensions><gpxtpx:TrackPointExtension><gpxtpx:hr>105</gpxtpx:hr></gpxtpx:TrackPointExtension></extensions></trkpt><trkpt lat="60.23021" lon="24.965873"><ele>27.9</ele><time>2026-05-26T10:39:21Z</time><extensions><gpxtpx:TrackPointExtension><gpxtpx:hr>109</gpxtpx:hr></gpxtpx:TrackPointExtension></extensions></trkpt><trkpt lat="60.23021" lon="24.965873"><ele>27.9</ele><time>2026-05-26T10:39:28Z</time><extensions><gpxtpx:TrackPointExtension><gpxtpx:hr>115</gpxtpx:hr></gpxtpx:TrackPointExtension></extensions></trkpt><trkpt lat="60.23021" lon="24.965873"><ele>27.9</ele><time>2026-05-26T10:39:35Z</time><extensions><gpxtpx:TrackPointExtension><gpxtpx:hr>110</gpxtpx:hr></gpxtpx:TrackPointExtension></extensions></trkpt><trkpt lat="60.23021" lon="24.965873"><ele>27.9</ele><time>2026-05-26T10:39:40Z</time><extensions><gpxtpx:TrackPointExtension><gpxtpx:hr>105</gpxtpx:hr></gpxtpx:TrackPointExtension></extensions></trkpt><trkpt lat="60.23021" lon="24.965873"><ele>27.9</ele><time>2026-05-26T10:39:45Z</time><extensions><gpxtpx:TrackPointExtension><gpxtpx:hr>108</gpxtpx:hr></gpxtpx:TrackPointExtension></extensions></trkpt><trkpt lat="60.23021" lon="24.965873"><ele>27.9</ele><time>2026-05-26T10:39:47Z</time><extensions><gpxtpx:TrackPointExtension><gpxtpx:hr>111</gpxtpx:hr></gpxtpx:TrackPointExtension></extensions></trkpt><trkpt lat="60.23021" lon="24.965873"><ele>27.9</ele><time>2026-05-26T10:39:55Z</time><extensions><gpxtpx:TrackPointExtension><gpxtpx:hr>120</gpxtpx:hr></gpxtpx:TrackPointExtension></extensions></trkpt><trkpt lat="60.23021" lon="24.965873"><ele>27.9</ele><time>2026-05-26T10:39:57Z</time><extensions><gpxtpx:TrackPointExtension><gpxtpx:hr>120</gpxtpx:hr></gpxtpx:TrackPointExtension></extensions></trkpt><trkpt lat="60.23021" lon="24.965873"><ele>27.9</ele><time>2026-05-26T10:40:04Z</time><extensions><gpxtpx:TrackPointExtension><gpxtpx:hr>116</gpxtpx:hr></gpxtpx:TrackPointExtension></extensions></trkpt><trkpt lat="60.23021" lon="24.965873"><ele>27.9</ele><time>2026-05-26T10:40:10Z</time><extensions><gpxtpx:TrackPointExtension><gpxtpx:hr>109</gpxtpx:hr></gpxtpx:TrackPointExtension></extensions></trkpt><trkpt lat="60.23021" lon="24.965873"><ele>27.9</ele><time>2026-05-26T10:40:11Z</time><extensions><gpxtpx:TrackPointExtension><gpxtpx:hr>107</gpxtpx:hr></gpxtpx:TrackPointExtension></extensions></trkpt><trkpt lat="60.23021" lon="24.965873"><ele>27.9</ele><time>2026-05-26T10:40:20Z</time><extensions><gpxtpx:TrackPointExtension><gpxtpx:hr>102</gpxtpx:hr></gpxtpx:TrackPointExtension></extensions></trkpt><trkpt lat="60.23021" lon="24.965873"><ele>27.9</ele><time>2026-05-26T10:40:25Z</time><extensions><gpxtpx:TrackPointExtension><gpxtpx:hr>102</gpxtpx:hr></gpxtpx:TrackPointExtension></extensions></trkpt><trkpt lat="60.23021" lon="24.965873"><ele>27.9</ele><time>2026-05-26T10:40:28Z</time><extensions><gpxtpx:TrackPointExtension><gpxtpx:hr>101</gpxtpx:hr></gpxtpx:TrackPointExtension></extensions></trkpt><trkpt lat="60.23021" lon="24.965873"><ele>27.9</ele><time>2026-05-26T10:40:35Z</time><extensions><gpxtpx:TrackPointExtension><gpxtpx:hr>99</gpxtpx:hr></gpxtpx:TrackPointExtension></extensions></trkpt><trkpt lat="60.23021" lon="24.965873"><ele>27.9</ele><time>2026-05-26T10:40:36Z</time><extensions><gpxtpx:TrackPointExtension><gpxtpx:hr>99</gpxtpx:hr></gpxtpx:TrackPointExtension></extensions></trkpt><trkpt lat="60.23021" lon="24.965873"><ele>27.9</ele><time>2026-05-26T10:40:41Z</time><extensions><gpxtpx:TrackPointExtension><gpxtpx:hr>101</gpxtpx:hr></gpxtpx:TrackPointExtension></extensions></trkpt><trkpt lat="60.23021" lon="24.965873"><ele>27.9</ele><time>2026-05-26T10:40:47Z</time><extensions><gpxtpx:TrackPointExtension><gpxtpx:hr>100</gpxtpx:hr></gpxtpx:TrackPointExtension></extensions></trkpt><trkpt lat="60.23021" lon="24.965873"><ele>27.9</ele><time>2026-05-26T10:40:51Z</time><extensions><gpxtpx:TrackPointExtension><gpxtpx:hr>100</gpxtpx:hr></gpxtpx:TrackPointExtension></extensions></trkpt><trkpt lat="60.23021" lon="24.965873"><ele>27.9</ele><time>2026-05-26T10:40:56Z</time><extensions><gpxtpx:TrackPointExtension><gpxtpx:hr>100</gpxtpx:hr></gpxtpx:TrackPointExtension></extensions></trkpt><trkpt lat="60.23021" lon="24.965873"><ele>27.9</ele><time>2026-05-26T10:41:01Z</time><extensions><gpxtpx:TrackPointExtension><gpxtpx:hr>105</gpxtpx:hr></gpxtpx:TrackPointExtension></extensions></trkpt><trkpt lat="60.23021" lon="24.965873"><ele>27.9</ele><time>2026-05-26T10:41:10Z</time><extensions><gpxtpx:TrackPointExtension><gpxtpx:hr>113</gpxtpx:hr></gpxtpx:TrackPointExtension></extensions></trkpt><trkpt lat="60.23021" lon="24.965873"><ele>27.9</ele><time>2026-05-26T10:41:15Z</time><extensions><gpxtpx:TrackPointExtension><gpxtpx:hr>107</gpxtpx:hr></gpxtpx:TrackPointExtension></extensions></trkpt><trkpt lat="60.23021" lon="24.965873"><ele>27.9</ele><time>2026-05-26T10:41:20Z</time><extensions><gpxtpx:TrackPointExtension><gpxtpx:hr>102</gpxtpx:hr></gpxtpx:TrackPointExtension></extensions></trkpt><trkpt lat="60.23021" lon="24.965873"><ele>27.9</ele><time>2026-05-26T10:41:24Z</time><extensions><gpxtpx:TrackPointExtension><gpxtpx:hr>98</gpxtpx:hr></gpxtpx:TrackPointExtension></extensions></trkpt><trkpt lat="60.23021" lon="24.965873"><ele>27.9</ele><time>2026-05-26T10:41:26Z</time><extensions><gpxtpx:TrackPointExtension><gpxtpx:hr>98</gpxtpx:hr></gpxtpx:TrackPointExtension></extensions></trkpt><trkpt lat="60.23021" lon="24.965873"><ele>27.9</ele><time>2026-05-26T10:41:31Z</time><extensions><gpxtpx:TrackPointExtension><gpxtpx:hr>98</gpxtpx:hr></gpxtpx:TrackPointExtension></extensions></trkpt><trkpt lat="60.23021" lon="24.965873"><ele>27.9</ele><time>2026-05-26T10:41:40Z</time><extensions><gpxtpx:TrackPointExtension><gpxtpx:hr>102</gpxtpx:hr></gpxtpx:TrackPointExtension></extensions></trkpt><trkpt lat="60.23021" lon="24.965873"><ele>27.9</ele><time>2026-05-26T10:41:45Z</time><extensions><gpxtpx:TrackPointExtension><gpxtpx:hr>101</gpxtpx:hr></gpxtpx:TrackPointExtension></extensions></trkpt><trkpt lat="60.23021" lon="24.965873"><ele>27.9</ele><time>2026-05-26T10:41:47Z</time><extensions><gpxtpx:TrackPointExtension><gpxtpx:hr>101</gpxtpx:hr></gpxtpx:TrackPointExtension></extensions></trkpt><trkpt lat="60.23021" lon="24.965873"><ele>27.9</ele><time>2026-05-26T10:41:54Z</time><extensions><gpxtpx:TrackPointExtension><gpxtpx:hr>102</gpxtpx:hr></gpxtpx:TrackPointExtension></extensions></trkpt><trkpt lat="60.23021" lon="24.965873"><ele>27.9</ele><time>2026-05-26T10:42:00Z</time><extensions><gpxtpx:TrackPointExtension><gpxtpx:hr>103</gpxtpx:hr></gpxtpx:TrackPointExtension></extensions></trkpt><trkpt lat="60.23021" lon="24.965873"><ele>27.9</ele><time>2026-05-26T10:42:01Z</time><extensions><gpxtpx:TrackPointExtension><gpxtpx:hr>103</gpxtpx:hr></gpxtpx:TrackPointExtension></extensions></trkpt><trkpt lat="60.23021" lon="24.965873"><ele>27.9</ele><time>2026-05-26T10:42:06Z</time><extensions><gpxtpx:TrackPointExtension><gpxtpx:hr>99</gpxtpx:hr></gpxtpx:TrackPointExtension></extensions></trkpt><trkpt lat="60.23021" lon="24.965873"><ele>27.9</ele><time>2026-05-26T10:42:15Z</time><extensions><gpxtpx:TrackPointExtension><gpxtpx:hr>99</gpxtpx:hr></gpxtpx:TrackPointExtension></extensions></trkpt><trkpt lat="60.23021" lon="24.965873"><ele>27.9</ele><time>2026-05-26T10:42:17Z</time><extensions><gpxtpx:TrackPointExtension><gpxtpx:hr>99</gpxtpx:hr></gpxtpx:TrackPointExtension></extensions></trkpt><trkpt lat="60.23021" lon="24.965873"><ele>27.9</ele><time>2026-05-26T10:42:25Z</time><extensions><gpxtpx:TrackPointExtension><gpxtpx:hr>92</gpxtpx:hr></gpxtpx:TrackPointExtension></extensions></trkpt><trkpt lat="60.23021" lon="24.965873"><ele>27.9</ele><time>2026-05-26T10:42:26Z</time><extensions><gpxtpx:TrackPointExtension><gpxtpx:hr>93</gpxtpx:hr></gpxtpx:TrackPointExtension></extensions></trkpt><trkpt lat="60.23021" lon="24.965873"><ele>27.9</ele><time>2026-05-26T10:42:31Z</time><extensions><gpxtpx:TrackPointExtension><gpxtpx:hr>93</gpxtpx:hr></gpxtpx:TrackPointExtension></extensions></trkpt><trkpt lat="60.23021" lon="24.965873"><ele>27.9</ele><time>2026-05-26T10:42:39Z</time><extensions><gpxtpx:TrackPointExtension><gpxtpx:hr>92</gpxtpx:hr></gpxtpx:TrackPointExtension></extensions></trkpt><trkpt lat="60.23021" lon="24.965873"><ele>27.9</ele><time>2026-05-26T10:42:45Z</time><extensions><gpxtpx:TrackPointExtension><gpxtpx:hr>94</gpxtpx:hr></gpxtpx:TrackPointExtension></extensions></trkpt><trkpt lat="60.23021" lon="24.965873"><ele>27.9</ele><time>2026-05-26T10:42:50Z</time><extensions><gpxtpx:TrackPointExtension><gpxtpx:hr>96</gpxtpx:hr></gpxtpx:TrackPointExtension></extensions></trkpt><trkpt lat="60.23021" lon="24.965873"><ele>27.9</ele><time>2026-05-26T10:42:55Z</time><extensions><gpxtpx:TrackPointExtension><gpxtpx:hr>91</gpxtpx:hr></gpxtpx:TrackPointExtension></extensions></trkpt><trkpt lat="60.23021" lon="24.965873"><ele>27.9</ele><time>2026-05-26T10:42:57Z</time><extensions><gpxtpx:TrackPointExtension><gpxtpx:hr>91</gpxtpx:hr></gpxtpx:TrackPointExtension></extensions></trkpt><trkpt lat="60.23021" lon="24.965873"><ele>27.9</ele><time>2026-05-26T10:43:02Z</time><extensions><gpxtpx:TrackPointExtension><gpxtpx:hr>94</gpxtpx:hr></gpxtpx:TrackPointExtension></extensions></trkpt><trkpt lat="60.23021" lon="24.965873"><ele>27.9</ele><time>2026-05-26T10:43:10Z</time><extensions><gpxtpx:TrackPointExtension><gpxtpx:hr>94</gpxtpx:hr></gpxtpx:TrackPointExtension></extensions></trkpt><trkpt lat="60.23021" lon="24.965873"><ele>27.9</ele><time>2026-05-26T10:43:15Z</time><extensions><gpxtpx:TrackPointExtension><gpxtpx:hr>91</gpxtpx:hr></gpxtpx:TrackPointExtension></extensions></trkpt><trkpt lat="60.23021" lon="24.965873"><ele>27.9</ele><time>2026-05-26T10:43:16Z</time><extensions><gpxtpx:TrackPointExtension><gpxtpx:hr>92</gpxtpx:hr></gpxtpx:TrackPointExtension></extensions></trkpt><trkpt lat="60.23021" lon="24.965873"><ele>27.9</ele><time>2026-05-26T10:43:22Z</time><extensions><gpxtpx:TrackPointExtension><gpxtpx:hr>93</gpxtpx:hr></gpxtpx:TrackPointExtension></extensions></trkpt><trkpt lat="60.23021" lon="24.965873"><ele>27.9</ele><time>2026-05-26T10:43:26Z</time><extensions><gpxtpx:TrackPointExtension><gpxtpx:hr>93</gpxtpx:hr></gpxtpx:TrackPointExtension></extensions></trkpt><trkpt lat="60.23021" lon="24.965873"><ele>27.9</ele><time>2026-05-26T10:43:31Z</time><extensions><gpxtpx:TrackPointExtension><gpxtpx:hr>96</gpxtpx:hr></gpxtpx:TrackPointExtension></extensions></trkpt><trkpt lat="60.23021" lon="24.965873"><ele>27.9</ele><time>2026-05-26T10:43:36Z</time><extensions><gpxtpx:TrackPointExtension><gpxtpx:hr>103</gpxtpx:hr></gpxtpx:TrackPointExtension></extensions></trkpt><trkpt lat="60.23021" lon="24.965873"><ele>27.9</ele><time>2026-05-26T10:43:41Z</time><extensions><gpxtpx:TrackPointExtension><gpxtpx:hr>109</gpxtpx:hr></gpxtpx:TrackPointExtension></extensions></trkpt><trkpt lat="60.23021" lon="24.965873"><ele>27.9</ele><time>2026-05-26T10:43:50Z</time><extensions><gpxtpx:TrackPointExtension><gpxtpx:hr>103</gpxtpx:hr></gpxtpx:TrackPointExtension></extensions></trkpt><trkpt lat="60.23021" lon="24.965873"><ele>27.9</ele><time>2026-05-26T10:43:55Z</time><extensions><gpxtpx:TrackPointExtension><gpxtpx:hr>100</gpxtpx:hr></gpxtpx:TrackPointExtension></extensions></trkpt><trkpt lat="60.23021" lon="24.965873"><ele>27.9</ele><time>2026-05-26T10:43:58Z</time><extensions><gpxtpx:TrackPointExtension><gpxtpx:hr>100</gpxtpx:hr></gpxtpx:TrackPointExtension></extensions></trkpt><trkpt lat="60.23021" lon="24.965873"><ele>27.9</ele><time>2026-05-26T10:44:01Z</time><extensions><gpxtpx:TrackPointExtension><gpxtpx:hr>99</gpxtpx:hr></gpxtpx:TrackPointExtension></extensions></trkpt><trkpt lat="60.23021" lon="24.965873"><ele>27.9</ele><time>2026-05-26T10:44:10Z</time><extensions><gpxtpx:TrackPointExtension><gpxtpx:hr>96</gpxtpx:hr></gpxtpx:TrackPointExtension></extensions></trkpt><trkpt lat="60.23021" lon="24.965873"><ele>27.9</ele><time>2026-05-26T10:44:11Z</time><extensions><gpxtpx:TrackPointExtension><gpxtpx:hr>96</gpxtpx:hr></gpxtpx:TrackPointExtension></extensions></trkpt><trkpt lat="60.23021" lon="24.965873"><ele>27.9</ele><time>2026-05-26T10:44:16Z</time><extensions><gpxtpx:TrackPointExtension><gpxtpx:hr>98</gpxtpx:hr></gpxtpx:TrackPointExtension></extensions></trkpt><trkpt lat="60.23021" lon="24.965873"><ele>27.9</ele><time>2026-05-26T10:44:25Z</time><extensions><gpxtpx:TrackPointExtension><gpxtpx:hr>96</gpxtpx:hr></gpxtpx:TrackPointExtension></extensions></trkpt><trkpt lat="60.23021" lon="24.965873"><ele>27.9</ele><time>2026-05-26T10:44:27Z</time><extensions><gpxtpx:TrackPointExtension><gpxtpx:hr>94</gpxtpx:hr></gpxtpx:TrackPointExtension></extensions></trkpt><trkpt lat="60.23021" lon="24.965873"><ele>27.9</ele><time>2026-05-26T10:44:31Z</time><extensions><gpxtpx:TrackPointExtension><gpxtpx:hr>95</gpxtpx:hr></gpxtpx:TrackPointExtension></extensions></trkpt><trkpt lat="60.23021" lon="24.965873"><ele>27.9</ele><time>2026-05-26T10:44:36Z</time><extensions><gpxtpx:TrackPointExtension><gpxtpx:hr>101</gpxtpx:hr></gpxtpx:TrackPointExtension></extensions></trkpt><trkpt lat="60.23021" lon="24.965873"><ele>27.9</ele><time>2026-05-26T10:44:41Z</time><extensions><gpxtpx:TrackPointExtension><gpxtpx:hr>110</gpxtpx:hr></gpxtpx:TrackPointExtension></extensions></trkpt><trkpt lat="60.23021" lon="24.965873"><ele>27.9</ele><time>2026-05-26T10:44:49Z</time><extensions><gpxtpx:TrackPointExtension><gpxtpx:hr>112</gpxtpx:hr></gpxtpx:TrackPointExtension></extensions></trkpt><trkpt lat="60.23021" lon="24.965873"><ele>27.9</ele><time>2026-05-26T10:44:55Z</time><extensions><gpxtpx:TrackPointExtension><gpxtpx:hr>108</gpxtpx:hr></gpxtpx:TrackPointExtension></extensions></trkpt><trkpt lat="60.23021" lon="24.965873"><ele>27.9</ele><time>2026-05-26T10:44:59Z</time><extensions><gpxtpx:TrackPointExtension><gpxtpx:hr>104</gpxtpx:hr></gpxtpx:TrackPointExtension></extensions></trkpt><trkpt lat="60.23021" lon="24.965873"><ele>27.9</ele><time>2026-05-26T10:45:04Z</time><extensions><gpxtpx:TrackPointExtension><gpxtpx:hr>97</gpxtpx:hr></gpxtpx:TrackPointExtension></extensions></trkpt><trkpt lat="60.23021" lon="24.965873"><ele>27.9</ele><time>2026-05-26T10:45:08Z</time><extensions><gpxtpx:TrackPointExtension><gpxtpx:hr>94</gpxtpx:hr></gpxtpx:TrackPointExtension></extensions></trkpt><trkpt lat="60.23021" lon="24.965873"><ele>27.9</ele><time>2026-05-26T10:45:12Z</time><extensions><gpxtpx:TrackPointExtension><gpxtpx:hr>94</gpxtpx:hr></gpxtpx:TrackPointExtension></extensions></trkpt><trkpt lat="60.23021" lon="24.965873"><ele>27.9</ele><time>2026-05-26T10:45:18Z</time><extensions><gpxtpx:TrackPointExtension><gpxtpx:hr>96</gpxtpx:hr></gpxtpx:TrackPointExtension></extensions></trkpt><trkpt lat="60.23021" lon="24.965873"><ele>27.9</ele><time>2026-05-26T10:45:24Z</time><extensions><gpxtpx:TrackPointExtension><gpxtpx:hr>95</gpxtpx:hr></gpxtpx:TrackPointExtension></extensions></trkpt><trkpt lat="60.23021" lon="24.965873"><ele>27.9</ele><time>2026-05-26T10:45:26Z</time><extensions><gpxtpx:TrackPointExtension><gpxtpx:hr>94</gpxtpx:hr></gpxtpx:TrackPointExtension></extensions></trkpt><trkpt lat="60.23021" lon="24.965873"><ele>27.9</ele><time>2026-05-26T10:45:33Z</time><extensions><gpxtpx:TrackPointExtension><gpxtpx:hr>93</gpxtpx:hr></gpxtpx:TrackPointExtension></extensions></trkpt><trkpt lat="60.23021" lon="24.965873"><ele>27.9</ele><time>2026-05-26T10:45:37Z</time><extensions><gpxtpx:TrackPointExtension><gpxtpx:hr>92</gpxtpx:hr></gpxtpx:TrackPointExtension></extensions></trkpt><trkpt lat="60.23021" lon="24.965873"><ele>27.9</ele><time>2026-05-26T10:45:44Z</time><extensions><gpxtpx:TrackPointExtension><gpxtpx:hr>91</gpxtpx:hr></gpxtpx:TrackPointExtension></extensions></trkpt><trkpt lat="60.23021" lon="24.965873"><ele>27.9</ele><time>2026-05-26T10:45:47Z</time><extensions><gpxtpx:TrackPointExtension><gpxtpx:hr>92</gpxtpx:hr></gpxtpx:TrackPointExtension></extensions></trkpt><trkpt lat="60.23021" lon="24.965873"><ele>27.9</ele><time>2026-05-26T10:45:53Z</time><extensions><gpxtpx:TrackPointExtension><gpxtpx:hr>94</gpxtpx:hr></gpxtpx:TrackPointExtension></extensions></trkpt><trkpt lat="60.23021" lon="24.965873"><ele>27.9</ele><time>2026-05-26T10:46:01Z</time><extensions><gpxtpx:TrackPointExtension><gpxtpx:hr>91</gpxtpx:hr></gpxtpx:TrackPointExtension></extensions></trkpt><trkpt lat="60.23021" lon="24.965873"><ele>27.9</ele><time>2026-05-26T10:46:06Z</time><extensions><gpxtpx:TrackPointExtension><gpxtpx:hr>92</gpxtpx:hr></gpxtpx:TrackPointExtension></extensions></trkpt><trkpt lat="60.23021" lon="24.965873"><ele>27.9</ele><time>2026-05-26T10:46:07Z</time><extensions><gpxtpx:TrackPointExtension><gpxtpx:hr>92</gpxtpx:hr></gpxtpx:TrackPointExtension></extensions></trkpt><trkpt lat="60.23021" lon="24.965873"><ele>27.9</ele><time>2026-05-26T10:46:12Z</time><extensions><gpxtpx:TrackPointExtension><gpxtpx:hr>96</gpxtpx:hr></gpxtpx:TrackPointExtension></extensions></trkpt><trkpt lat="60.23021" lon="24.965873"><ele>27.9</ele><time>2026-05-26T10:46:17Z</time><extensions><gpxtpx:TrackPointExtension><gpxtpx:hr>103</gpxtpx:hr></gpxtpx:TrackPointExtension></extensions></trkpt><trkpt lat="60.23021" lon="24.965873"><ele>27.9</ele><time>2026-05-26T10:46:26Z</time><extensions><gpxtpx:TrackPointExtension><gpxtpx:hr>111</gpxtpx:hr></gpxtpx:TrackPointExtension></extensions></trkpt><trkpt lat="60.23021" lon="24.965873"><ele>27.9</ele><time>2026-05-26T10:46:31Z</time><extensions><gpxtpx:TrackPointExtension><gpxtpx:hr>113</gpxtpx:hr></gpxtpx:TrackPointExtension></extensions></trkpt><trkpt lat="60.23021" lon="24.965873"><ele>27.9</ele><time>2026-05-26T10:46:35Z</time><extensions><gpxtpx:TrackPointExtension><gpxtpx:hr>106</gpxtpx:hr></gpxtpx:TrackPointExtension></extensions></trkpt><trkpt lat="60.23021" lon="24.965873"><ele>27.9</ele><time>2026-05-26T10:46:41Z</time><extensions><gpxtpx:TrackPointExtension><gpxtpx:hr>101</gpxtpx:hr></gpxtpx:TrackPointExtension></extensions></trkpt><trkpt lat="60.23021" lon="24.965873"><ele>27.9</ele><time>2026-05-26T10:46:46Z</time><extensions><gpxtpx:TrackPointExtension><gpxtpx:hr>100</gpxtpx:hr></gpxtpx:TrackPointExtension></extensions></trkpt><trkpt lat="60.23021" lon="24.965873"><ele>27.9</ele><time>2026-05-26T10:46:47Z</time><extensions><gpxtpx:TrackPointExtension><gpxtpx:hr>100</gpxtpx:hr></gpxtpx:TrackPointExtension></extensions></trkpt><trkpt lat="60.23021" lon="24.965873"><ele>27.9</ele><time>2026-05-26T10:46:55Z</time><extensions><gpxtpx:TrackPointExtension><gpxtpx:hr>101</gpxtpx:hr></gpxtpx:TrackPointExtension></extensions></trkpt><trkpt lat="60.23021" lon="24.965873"><ele>27.9</ele><time>2026-05-26T10:46:57Z</time><extensions><gpxtpx:TrackPointExtension><gpxtpx:hr>102</gpxtpx:hr></gpxtpx:TrackPointExtension></extensions></trkpt><trkpt lat="60.23021" lon="24.965873"><ele>27.9</ele><time>2026-05-26T10:47:02Z</time><extensions><gpxtpx:TrackPointExtension><gpxtpx:hr>104</gpxtpx:hr></gpxtpx:TrackPointExtension></extensions></trkpt><trkpt lat="60.23021" lon="24.965873"><ele>27.9</ele><time>2026-05-26T10:47:11Z</time><extensions><gpxtpx:TrackPointExtension><gpxtpx:hr>100</gpxtpx:hr></gpxtpx:TrackPointExtension></extensions></trkpt><trkpt lat="60.23021" lon="24.965873"><ele>27.9</ele><time>2026-05-26T10:47:16Z</time><extensions><gpxtpx:TrackPointExtension><gpxtpx:hr>95</gpxtpx:hr></gpxtpx:TrackPointExtension></extensions></trkpt><trkpt lat="60.23021" lon="24.965873"><ele>27.9</ele><time>2026-05-26T10:47:20Z</time><extensions><gpxtpx:TrackPointExtension><gpxtpx:hr>92</gpxtpx:hr></gpxtpx:TrackPointExtension></extensions></trkpt><trkpt lat="60.23021" lon="24.965873"><ele>27.9</ele><time>2026-05-26T10:47:26Z</time><extensions><gpxtpx:TrackPointExtension><gpxtpx:hr>96</gpxtpx:hr></gpxtpx:TrackPointExtension></extensions></trkpt><trkpt lat="60.23021" lon="24.965873"><ele>27.9</ele><time>2026-05-26T10:47:31Z</time><extensions><gpxtpx:TrackPointExtension><gpxtpx:hr>95</gpxtpx:hr></gpxtpx:TrackPointExtension></extensions></trkpt><trkpt lat="60.23021" lon="24.965873"><ele>27.9</ele><time>2026-05-26T10:47:32Z</time><extensions><gpxtpx:TrackPointExtension><gpxtpx:hr>96</gpxtpx:hr></gpxtpx:TrackPointExtension></extensions></trkpt><trkpt lat="60.23021" lon="24.965873"><ele>27.9</ele><time>2026-05-26T10:47:40Z</time><extensions><gpxtpx:TrackPointExtension><gpxtpx:hr>88</gpxtpx:hr></gpxtpx:TrackPointExtension></extensions></trkpt><trkpt lat="60.23021" lon="24.965873"><ele>27.9</ele><time>2026-05-26T10:47:42Z</time><extensions><gpxtpx:TrackPointExtension><gpxtpx:hr>89</gpxtpx:hr></gpxtpx:TrackPointExtension></extensions></trkpt><trkpt lat="60.23021" lon="24.965873"><ele>27.9</ele><time>2026-05-26T10:47:47Z</time><extensions><gpxtpx:TrackPointExtension><gpxtpx:hr>94</gpxtpx:hr></gpxtpx:TrackPointExtension></extensions></trkpt><trkpt lat="60.23021" lon="24.965873"><ele>27.9</ele><time>2026-05-26T10:47:52Z</time><extensions><gpxtpx:TrackPointExtension><gpxtpx:hr>102</gpxtpx:hr></gpxtpx:TrackPointExtension></extensions></trkpt><trkpt lat="60.23021" lon="24.965873"><ele>27.9</ele><time>2026-05-26T10:47:57Z</time><extensions><gpxtpx:TrackPointExtension><gpxtpx:hr>109</gpxtpx:hr></gpxtpx:TrackPointExtension></extensions></trkpt><trkpt lat="60.23021" lon="24.965873"><ele>27.9</ele><time>2026-05-26T10:48:06Z</time><extensions><gpxtpx:TrackPointExtension><gpxtpx:hr>105</gpxtpx:hr></gpxtpx:TrackPointExtension></extensions></trkpt><trkpt lat="60.23021" lon="24.965873"><ele>27.9</ele><time>2026-05-26T10:48:11Z</time><extensions><gpxtpx:TrackPointExtension><gpxtpx:hr>103</gpxtpx:hr></gpxtpx:TrackPointExtension></extensions></trkpt><trkpt lat="60.23021" lon="24.965873"><ele>27.9</ele><time>2026-05-26T10:48:16Z</time><extensions><gpxtpx:TrackPointExtension><gpxtpx:hr>100</gpxtpx:hr></gpxtpx:TrackPointExtension></extensions></trkpt><trkpt lat="60.23021" lon="24.965873"><ele>27.9</ele><time>2026-05-26T10:48:18Z</time><extensions><gpxtpx:TrackPointExtension><gpxtpx:hr>100</gpxtpx:hr></gpxtpx:TrackPointExtension></extensions></trkpt><trkpt lat="60.23021" lon="24.965873"><ele>27.9</ele><time>2026-05-26T10:48:26Z</time><extensions><gpxtpx:TrackPointExtension><gpxtpx:hr>98</gpxtpx:hr></gpxtpx:TrackPointExtension></extensions></trkpt><trkpt lat="60.23021" lon="24.965873"><ele>27.9</ele><time>2026-05-26T10:48:31Z</time><extensions><gpxtpx:TrackPointExtension><gpxtpx:hr>97</gpxtpx:hr></gpxtpx:TrackPointExtension></extensions></trkpt><trkpt lat="60.23021" lon="24.965873"><ele>27.9</ele><time>2026-05-26T10:48:36Z</time><extensions><gpxtpx:TrackPointExtension><gpxtpx:hr>97</gpxtpx:hr></gpxtpx:TrackPointExtension></extensions></trkpt><trkpt lat="60.23021" lon="24.965873"><ele>27.9</ele><time>2026-05-26T10:48:37Z</time><extensions><gpxtpx:TrackPointExtension><gpxtpx:hr>97</gpxtpx:hr></gpxtpx:TrackPointExtension></extensions></trkpt><trkpt lat="60.23021" lon="24.965873"><ele>27.9</ele><time>2026-05-26T10:48:42Z</time><extensions><gpxtpx:TrackPointExtension><gpxtpx:hr>94</gpxtpx:hr></gpxtpx:TrackPointExtension></extensions></trkpt><trkpt lat="60.23021" lon="24.965873"><ele>27.9</ele><time>2026-05-26T10:48:50Z</time><extensions><gpxtpx:TrackPointExtension><gpxtpx:hr>92</gpxtpx:hr></gpxtpx:TrackPointExtension></extensions></trkpt><trkpt lat="60.23021" lon="24.965873"><ele>27.9</ele><time>2026-05-26T10:48:52Z</time><extensions><gpxtpx:TrackPointExtension><gpxtpx:hr>92</gpxtpx:hr></gpxtpx:TrackPointExtension></extensions></trkpt><trkpt lat="60.23021" lon="24.965873"><ele>27.9</ele><time>2026-05-26T10:48:57Z</time><extensions><gpxtpx:TrackPointExtension><gpxtpx:hr>91</gpxtpx:hr></gpxtpx:TrackPointExtension></extensions></trkpt><trkpt lat="60.23021" lon="24.965873"><ele>27.9</ele><time>2026-05-26T10:49:02Z</time><extensions><gpxtpx:TrackPointExtension><gpxtpx:hr>96</gpxtpx:hr></gpxtpx:TrackPointExtension></extensions></trkpt><trkpt lat="60.23021" lon="24.965873"><ele>27.9</ele><time>2026-05-26T10:49:10Z</time><extensions><gpxtpx:TrackPointExtension><gpxtpx:hr>111</gpxtpx:hr></gpxtpx:TrackPointExtension></extensions></trkpt><trkpt lat="60.23021" lon="24.965873"><ele>27.9</ele><time>2026-05-26T10:49:13Z</time><extensions><gpxtpx:TrackPointExtension><gpxtpx:hr>110</gpxtpx:hr></gpxtpx:TrackPointExtension></extensions></trkpt><trkpt lat="60.23021" lon="24.965873"><ele>27.9</ele><time>2026-05-26T10:49:20Z</time><extensions><gpxtpx:TrackPointExtension><gpxtpx:hr>100</gpxtpx:hr></gpxtpx:TrackPointExtension></extensions></trkpt><trkpt lat="60.23021" lon="24.965873"><ele>27.9</ele><time>2026-05-26T10:49:22Z</time><extensions><gpxtpx:TrackPointExtension><gpxtpx:hr>100</gpxtpx:hr></gpxtpx:TrackPointExtension></extensions></trkpt><trkpt lat="60.23021" lon="24.965873"><ele>27.9</ele><time>2026-05-26T10:49:30Z</time><extensions><gpxtpx:TrackPointExtension><gpxtpx:hr>98</gpxtpx:hr></gpxtpx:TrackPointExtension></extensions></trkpt><trkpt lat="60.23021" lon="24.965873"><ele>27.9</ele><time>2026-05-26T10:49:36Z</time><extensions><gpxtpx:TrackPointExtension><gpxtpx:hr>99</gpxtpx:hr></gpxtpx:TrackPointExtension></extensions></trkpt><trkpt lat="60.23021" lon="24.965873"><ele>27.9</ele><time>2026-05-26T10:49:41Z</time><extensions><gpxtpx:TrackPointExtension><gpxtpx:hr>99</gpxtpx:hr></gpxtpx:TrackPointExtension></extensions></trkpt><trkpt lat="60.23021" lon="24.965873"><ele>27.9</ele><time>2026-05-26T10:49:42Z</time><extensions><gpxtpx:TrackPointExtension><gpxtpx:hr>98</gpxtpx:hr></gpxtpx:TrackPointExtension></extensions></trkpt><trkpt lat="60.23021" lon="24.965873"><ele>27.9</ele><time>2026-05-26T10:50:01Z</time><extensions><gpxtpx:TrackPointExtension><gpxtpx:hr>96</gpxtpx:hr></gpxtpx:TrackPointExtension></extensions></trkpt><trkpt lat="60.23021" lon="24.965873"><ele>27.9</ele><time>2026-05-26T10:50:05Z</time><extensions><gpxtpx:TrackPointExtension><gpxtpx:hr>96</gpxtpx:hr></gpxtpx:TrackPointExtension></extensions></trkpt><trkpt lat="60.23021" lon="24.965873"><ele>27.9</ele><time>2026-05-26T10:50:07Z</time><extensions><gpxtpx:TrackPointExtension><gpxtpx:hr>96</gpxtpx:hr></gpxtpx:TrackPointExtension></extensions></trkpt><trkpt lat="60.23021" lon="24.965873"><ele>27.9</ele><time>2026-05-26T10:50:12Z</time><extensions><gpxtpx:TrackPointExtension><gpxtpx:hr>96</gpxtpx:hr></gpxtpx:TrackPointExtension></extensions></trkpt><trkpt lat="60.23021" lon="24.965873"><ele>27.9</ele><time>2026-05-26T10:50:21Z</time><extensions><gpxtpx:TrackPointExtension><gpxtpx:hr>96</gpxtpx:hr></gpxtpx:TrackPointExtension></extensions></trkpt><trkpt lat="60.23021" lon="24.965873"><ele>27.9</ele><time>2026-05-26T10:50:25Z</time><extensions><gpxtpx:TrackPointExtension><gpxtpx:hr>96</gpxtpx:hr></gpxtpx:TrackPointExtension></extensions></trkpt><trkpt lat="60.23021" lon="24.965873"><ele>27.9</ele><time>2026-05-26T10:50:31Z</time><extensions><gpxtpx:TrackPointExtension><gpxtpx:hr>95</gpxtpx:hr></gpxtpx:TrackPointExtension></extensions></trkpt><trkpt lat="60.23021" lon="24.965873"><ele>27.9</ele><time>2026-05-26T10:50:36Z</time><extensions><gpxtpx:TrackPointExtension><gpxtpx:hr>94</gpxtpx:hr></gpxtpx:TrackPointExtension></extensions></trkpt><trkpt lat="60.23021" lon="24.965873"><ele>27.9</ele><time>2026-05-26T10:50:37Z</time><extensions><gpxtpx:TrackPointExtension><gpxtpx:hr>94</gpxtpx:hr></gpxtpx:TrackPointExtension></extensions></trkpt><trkpt lat="60.23021" lon="24.965873"><ele>27.9</ele><time>2026-05-26T10:50:44Z</time><extensions><gpxtpx:TrackPointExtension><gpxtpx:hr>93</gpxtpx:hr></gpxtpx:TrackPointExtension></extensions></trkpt><trkpt lat="60.23021" lon="24.965873"><ele>27.9</ele><time>2026-05-26T10:50:47Z</time><extensions><gpxtpx:TrackPointExtension><gpxtpx:hr>93</gpxtpx:hr></gpxtpx:TrackPointExtension></extensions></trkpt><trkpt lat="60.23021" lon="24.965873"><ele>27.9</ele><time>2026-05-26T10:50:56Z</time><extensions><gpxtpx:TrackPointExtension><gpxtpx:hr>95</gpxtpx:hr></gpxtpx:TrackPointExtension></extensions></trkpt><trkpt lat="60.23021" lon="24.965873"><ele>27.9</ele><time>2026-05-26T10:50:58Z</time><extensions><gpxtpx:TrackPointExtension><gpxtpx:hr>95</gpxtpx:hr></gpxtpx:TrackPointExtension></extensions></trkpt><trkpt lat="60.23021" lon="24.965873"><ele>27.9</ele><time>2026-05-26T10:51:02Z</time><extensions><gpxtpx:TrackPointExtension><gpxtpx:hr>93</gpxtpx:hr></gpxtpx:TrackPointExtension></extensions></trkpt><trkpt lat="60.23021" lon="24.965873"><ele>27.9</ele><time>2026-05-26T10:51:11Z</time><extensions><gpxtpx:TrackPointExtension><gpxtpx:hr>91</gpxtpx:hr></gpxtpx:TrackPointExtension></extensions></trkpt><trkpt lat="60.23021" lon="24.965873"><ele>27.9</ele><time>2026-05-26T10:51:16Z</time><extensions><gpxtpx:TrackPointExtension><gpxtpx:hr>90</gpxtpx:hr></gpxtpx:TrackPointExtension></extensions></trkpt><trkpt lat="60.23021" lon="24.965873"><ele>27.9</ele><time>2026-05-26T10:51:19Z</time><extensions><gpxtpx:TrackPointExtension><gpxtpx:hr>90</gpxtpx:hr></gpxtpx:TrackPointExtension></extensions></trkpt><trkpt lat="60.23021" lon="24.965873"><ele>27.9</ele><time>2026-05-26T10:51:23Z</time><extensions><gpxtpx:TrackPointExtension><gpxtpx:hr>91</gpxtpx:hr></gpxtpx:TrackPointExtension></extensions></trkpt><trkpt lat="60.23021" lon="24.965873"><ele>27.9</ele><time>2026-05-26T10:51:31Z</time><extensions><gpxtpx:TrackPointExtension><gpxtpx:hr>90</gpxtpx:hr></gpxtpx:TrackPointExtension></extensions></trkpt><trkpt lat="60.23021" lon="24.965873"><ele>27.9</ele><time>2026-05-26T10:51:32Z</time><extensions><gpxtpx:TrackPointExtension><gpxtpx:hr>90</gpxtpx:hr></gpxtpx:TrackPointExtension></extensions></trkpt><trkpt lat="60.23021" lon="24.965873"><ele>27.9</ele><time>2026-05-26T10:51:41Z</time><extensions><gpxtpx:TrackPointExtension><gpxtpx:hr>91</gpxtpx:hr></gpxtpx:TrackPointExtension></extensions></trkpt><trkpt lat="60.23021" lon="24.965873"><ele>27.9</ele><time>2026-05-26T10:51:42Z</time><extensions><gpxtpx:TrackPointExtension><gpxtpx:hr>91</gpxtpx:hr></gpxtpx:TrackPointExtension></extensions></trkpt><trkpt lat="60.23021" lon="24.965873"><ele>27.9</ele><time>2026-05-26T10:51:50Z</time><extensions><gpxtpx:TrackPointExtension><gpxtpx:hr>92</gpxtpx:hr></gpxtpx:TrackPointExtension></extensions></trkpt><trkpt lat="60.23021" lon="24.965873"><ele>27.9</ele><time>2026-05-26T10:51:52Z</time><extensions><gpxtpx:TrackPointExtension><gpxtpx:hr>92</gpxtpx:hr></gpxtpx:TrackPointExtension></extensions></trkpt><trkpt lat="60.23021" lon="24.965873"><ele>27.9</ele><time>2026-05-26T10:51:59Z</time><extensions><gpxtpx:TrackPointExtension><gpxtpx:hr>91</gpxtpx:hr></gpxtpx:TrackPointExtension></extensions></trkpt><trkpt lat="60.23021" lon="24.965873"><ele>27.9</ele><time>2026-05-26T10:52:05Z</time><extensions><gpxtpx:TrackPointExtension><gpxtpx:hr>90</gpxtpx:hr></gpxtpx:TrackPointExtension></extensions></trkpt><trkpt lat="60.23021" lon="24.965873"><ele>27.9</ele><time>2026-05-26T10:52:10Z</time><extensions><gpxtpx:TrackPointExtension><gpxtpx:hr>95</gpxtpx:hr></gpxtpx:TrackPointExtension></extensions></trkpt><trkpt lat="60.23021" lon="24.965873"><ele>27.9</ele><time>2026-05-26T10:52:16Z</time><extensions><gpxtpx:TrackPointExtension><gpxtpx:hr>93</gpxtpx:hr></gpxtpx:TrackPointExtension></extensions></trkpt><trkpt lat="60.23021" lon="24.965873"><ele>27.9</ele><time>2026-05-26T10:52:20Z</time><extensions><gpxtpx:TrackPointExtension><gpxtpx:hr>93</gpxtpx:hr></gpxtpx:TrackPointExtension></extensions></trkpt><trkpt lat="60.23021" lon="24.965873"><ele>27.9</ele><time>2026-05-26T10:52:26Z</time><extensions><gpxtpx:TrackPointExtension><gpxtpx:hr>90</gpxtpx:hr></gpxtpx:TrackPointExtension></extensions></trkpt><trkpt lat="60.23021" lon="24.965873"><ele>27.9</ele><time>2026-05-26T10:52:29Z</time><extensions><gpxtpx:TrackPointExtension><gpxtpx:hr>90</gpxtpx:hr></gpxtpx:TrackPointExtension></extensions></trkpt><trkpt lat="60.23021" lon="24.965873"><ele>27.9</ele><time>2026-05-26T10:52:35Z</time><extensions><gpxtpx:TrackPointExtension><gpxtpx:hr>91</gpxtpx:hr></gpxtpx:TrackPointExtension></extensions></trkpt><trkpt lat="60.23021" lon="24.965873"><ele>27.9</ele><time>2026-05-26T10:52:41Z</time><extensions><gpxtpx:TrackPointExtension><gpxtpx:hr>89</gpxtpx:hr></gpxtpx:TrackPointExtension></extensions></trkpt><trkpt lat="60.23021" lon="24.965873"><ele>27.9</ele><time>2026-05-26T10:52:44Z</time><extensions><gpxtpx:TrackPointExtension><gpxtpx:hr>90</gpxtpx:hr></gpxtpx:TrackPointExtension></extensions></trkpt><trkpt lat="60.23021" lon="24.965873"><ele>27.9</ele><time>2026-05-26T10:52:50Z</time><extensions><gpxtpx:TrackPointExtension><gpxtpx:hr>90</gpxtpx:hr></gpxtpx:TrackPointExtension></extensions></trkpt><trkpt lat="60.23021" lon="24.965873"><ele>27.9</ele><time>2026-05-26T10:52:52Z</time><extensions><gpxtpx:TrackPointExtension><gpxtpx:hr>90</gpxtpx:hr></gpxtpx:TrackPointExtension></extensions></trkpt><trkpt lat="60.23021" lon="24.965873"><ele>27.9</ele><time>2026-05-26T10:53:00Z</time><extensions><gpxtpx:TrackPointExtension><gpxtpx:hr>90</gpxtpx:hr></gpxtpx:TrackPointExtension></extensions></trkpt><trkpt lat="60.23021" lon="24.965873"><ele>27.9</ele><time>2026-05-26T10:53:04Z</time><extensions><gpxtpx:TrackPointExtension><gpxtpx:hr>91</gpxtpx:hr></gpxtpx:TrackPointExtension></extensions></trkpt><trkpt lat="60.23021" lon="24.965873"><ele>27.9</ele><time>2026-05-26T10:53:11Z</time><extensions><gpxtpx:TrackPointExtension><gpxtpx:hr>91</gpxtpx:hr></gpxtpx:TrackPointExtension></extensions></trkpt><trkpt lat="60.23021" lon="24.965873"><ele>27.9</ele><time>2026-05-26T10:53:12Z</time><extensions><gpxtpx:TrackPointExtension><gpxtpx:hr>91</gpxtpx:hr></gpxtpx:TrackPointExtension></extensions></trkpt><trkpt lat="60.23021" lon="24.965873"><ele>27.9</ele><time>2026-05-26T10:53:17Z</time><extensions><gpxtpx:TrackPointExtension><gpxtpx:hr>91</gpxtpx:hr></gpxtpx:TrackPointExtension></extensions></trkpt><trkpt lat="60.23021" lon="24.965873"><ele>27.9</ele><time>2026-05-26T10:53:22Z</time><extensions><gpxtpx:TrackPointExtension><gpxtpx:hr>91</gpxtpx:hr></gpxtpx:TrackPointExtension></extensions></trkpt><trkpt lat="60.23021" lon="24.965873"><ele>27.9</ele><time>2026-05-26T10:53:29Z</time><extensions><gpxtpx:TrackPointExtension><gpxtpx:hr>91</gpxtpx:hr></gpxtpx:TrackPointExtension></extensions></trkpt><trkpt lat="60.23021" lon="24.965873"><ele>27.9</ele><time>2026-05-26T10:53:32Z</time><extensions><gpxtpx:TrackPointExtension><gpxtpx:hr>92</gpxtpx:hr></gpxtpx:TrackPointExtension></extensions></trkpt><trkpt lat="60.23021" lon="24.965873"><ele>27.9</ele><time>2026-05-26T10:53:37Z</time><extensions><gpxtpx:TrackPointExtension><gpxtpx:hr>94</gpxtpx:hr></gpxtpx:TrackPointExtension></extensions></trkpt><trkpt lat="60.23021" lon="24.965873"><ele>27.9</ele><time>2026-05-26T10:53:46Z</time><extensions><gpxtpx:TrackPointExtension><gpxtpx:hr>90</gpxtpx:hr></gpxtpx:TrackPointExtension></extensions></trkpt><trkpt lat="60.23021" lon="24.965873"><ele>27.9</ele><time>2026-05-26T10:53:50Z</time><extensions><gpxtpx:TrackPointExtension><gpxtpx:hr>91</gpxtpx:hr></gpxtpx:TrackPointExtension></extensions></trkpt><trkpt lat="60.23021" lon="24.965873"><ele>27.9</ele><time>2026-05-26T10:53:55Z</time><extensions><gpxtpx:TrackPointExtension><gpxtpx:hr>94</gpxtpx:hr></gpxtpx:TrackPointExtension></extensions></trkpt><trkpt lat="60.23021" lon="24.965873"><ele>27.9</ele><time>2026-05-26T10:53:57Z</time><extensions><gpxtpx:TrackPointExtension><gpxtpx:hr>94</gpxtpx:hr></gpxtpx:TrackPointExtension></extensions></trkpt><trkpt lat="60.23021" lon="24.965873"><ele>27.9</ele><time>2026-05-26T10:54:02Z</time><extensions><gpxtpx:TrackPointExtension><gpxtpx:hr>93</gpxtpx:hr></gpxtpx:TrackPointExtension></extensions></trkpt><trkpt lat="60.23021" lon="24.965873"><ele>27.9</ele><time>2026-05-26T10:54:11Z</time><extensions><gpxtpx:TrackPointExtension><gpxtpx:hr>93</gpxtpx:hr></gpxtpx:TrackPointExtension></extensions></trkpt><trkpt lat="60.23021" lon="24.965873"><ele>27.9</ele><time>2026-05-26T10:54:15Z</time><extensions><gpxtpx:TrackPointExtension><gpxtpx:hr>92</gpxtpx:hr></gpxtpx:TrackPointExtension></extensions></trkpt><trkpt lat="60.23021" lon="24.965873"><ele>27.9</ele><time>2026-05-26T10:54:18Z</time><extensions><gpxtpx:TrackPointExtension><gpxtpx:hr>91</gpxtpx:hr></gpxtpx:TrackPointExtension></extensions></trkpt><trkpt lat="60.23021" lon="24.965873"><ele>27.9</ele><time>2026-05-26T10:54:22Z</time><extensions><gpxtpx:TrackPointExtension><gpxtpx:hr>91</gpxtpx:hr></gpxtpx:TrackPointExtension></extensions></trkpt><trkpt lat="60.23021" lon="24.965873"><ele>27.9</ele><time>2026-05-26T10:54:31Z</time><extensions><gpxtpx:TrackPointExtension><gpxtpx:hr>94</gpxtpx:hr></gpxtpx:TrackPointExtension></extensions></trkpt><trkpt lat="60.23021" lon="24.965873"><ele>27.9</ele><time>2026-05-26T10:54:35Z</time><extensions><gpxtpx:TrackPointExtension><gpxtpx:hr>94</gpxtpx:hr></gpxtpx:TrackPointExtension></extensions></trkpt><trkpt lat="60.23021" lon="24.965873"><ele>27.9</ele><time>2026-05-26T10:54:37Z</time><extensions><gpxtpx:TrackPointExtension><gpxtpx:hr>94</gpxtpx:hr></gpxtpx:TrackPointExtension></extensions></trkpt><trkpt lat="60.23021" lon="24.965873"><ele>27.9</ele><time>2026-05-26T10:54:42Z</time><extensions><gpxtpx:TrackPointExtension><gpxtpx:hr>93</gpxtpx:hr></gpxtpx:TrackPointExtension></extensions></trkpt><trkpt lat="60.23021" lon="24.965873"><ele>27.9</ele><time>2026-05-26T10:54:50Z</time><extensions><gpxtpx:TrackPointExtension><gpxtpx:hr>90</gpxtpx:hr></gpxtpx:TrackPointExtension></extensions></trkpt><trkpt lat="60.23021" lon="24.965873"><ele>27.9</ele><time>2026-05-26T10:54:52Z</time><extensions><gpxtpx:TrackPointExtension><gpxtpx:hr>90</gpxtpx:hr></gpxtpx:TrackPointExtension></extensions></trkpt><trkpt lat="60.23021" lon="24.965873"><ele>27.9</ele><time>2026-05-26T10:54:58Z</time><extensions><gpxtpx:TrackPointExtension><gpxtpx:hr>92</gpxtpx:hr></gpxtpx:TrackPointExtension></extensions></trkpt><trkpt lat="60.23021" lon="24.965873"><ele>27.9</ele><time>2026-05-26T10:55:06Z</time><extensions><gpxtpx:TrackPointExtension><gpxtpx:hr>93</gpxtpx:hr></gpxtpx:TrackPointExtension></extensions></trkpt><trkpt lat="60.23021" lon="24.965873"><ele>27.9</ele><time>2026-05-26T10:55:11Z</time><extensions><gpxtpx:TrackPointExtension><gpxtpx:hr>92</gpxtpx:hr></gpxtpx:TrackPointExtension></extensions></trkpt><trkpt lat="60.23021" lon="24.965873"><ele>27.9</ele><time>2026-05-26T10:55:16Z</time><extensions><gpxtpx:TrackPointExtension><gpxtpx:hr>96</gpxtpx:hr></gpxtpx:TrackPointExtension></extensions></trkpt><trkpt lat="60.23021" lon="24.965873"><ele>27.9</ele><time>2026-05-26T10:55:20Z</time><extensions><gpxtpx:TrackPointExtension><gpxtpx:hr>94</gpxtpx:hr></gpxtpx:TrackPointExtension></extensions></trkpt><trkpt lat="60.23021" lon="24.965873"><ele>27.9</ele><time>2026-05-26T10:55:26Z</time><extensions><gpxtpx:TrackPointExtension><gpxtpx:hr>93</gpxtpx:hr></gpxtpx:TrackPointExtension></extensions></trkpt><trkpt lat="60.23021" lon="24.965873"><ele>27.9</ele><time>2026-05-26T10:55:29Z</time><extensions><gpxtpx:TrackPointExtension><gpxtpx:hr>92</gpxtpx:hr></gpxtpx:TrackPointExtension></extensions></trkpt><trkpt lat="60.23021" lon="24.965873"><ele>27.9</ele><time>2026-05-26T10:55:35Z</time><extensions><gpxtpx:TrackPointExtension><gpxtpx:hr>95</gpxtpx:hr></gpxtpx:TrackPointExtension></extensions></trkpt><trkpt lat="60.23021" lon="24.965873"><ele>27.9</ele><time>2026-05-26T10:55:37Z</time><extensions><gpxtpx:TrackPointExtension><gpxtpx:hr>96</gpxtpx:hr></gpxtpx:TrackPointExtension></extensions></trkpt><trkpt lat="60.23021" lon="24.965873"><ele>27.9</ele><time>2026-05-26T10:55:46Z</time><extensions><gpxtpx:TrackPointExtension><gpxtpx:hr>97</gpxtpx:hr></gpxtpx:TrackPointExtension></extensions></trkpt><trkpt lat="60.23021" lon="24.965873"><ele>27.9</ele><time>2026-05-26T10:55:51Z</time><extensions><gpxtpx:TrackPointExtension><gpxtpx:hr>95</gpxtpx:hr></gpxtpx:TrackPointExtension></extensions></trkpt><trkpt lat="60.23021" lon="24.965873"><ele>27.9</ele><time>2026-05-26T10:55:52Z</time><extensions><gpxtpx:TrackPointExtension><gpxtpx:hr>95</gpxtpx:hr></gpxtpx:TrackPointExtension></extensions></trkpt><trkpt lat="60.23021" lon="24.965873"><ele>27.9</ele><time>2026-05-26T10:55:57Z</time><extensions><gpxtpx:TrackPointExtension><gpxtpx:hr>96</gpxtpx:hr></gpxtpx:TrackPointExtension></extensions></trkpt><trkpt lat="60.23021" lon="24.965873"><ele>27.9</ele><time>2026-05-26T10:56:05Z</time><extensions><gpxtpx:TrackPointExtension><gpxtpx:hr>96</gpxtpx:hr></gpxtpx:TrackPointExtension></extensions></trkpt><trkpt lat="60.23021" lon="24.965873"><ele>27.9</ele><time>2026-05-26T10:56:09Z</time><extensions><gpxtpx:TrackPointExtension><gpxtpx:hr>96</gpxtpx:hr></gpxtpx:TrackPointExtension></extensions></trkpt><trkpt lat="60.23021" lon="24.965873"><ele>27.9</ele><time>2026-05-26T10:56:15Z</time><extensions><gpxtpx:TrackPointExtension><gpxtpx:hr>95</gpxtpx:hr></gpxtpx:TrackPointExtension></extensions></trkpt><trkpt lat="60.23021" lon="24.965873"><ele>27.9</ele><time>2026-05-26T10:56:21Z</time><extensions><gpxtpx:TrackPointExtension><gpxtpx:hr>95</gpxtpx:hr></gpxtpx:TrackPointExtension></extensions></trkpt><trkpt lat="60.23021" lon="24.965873"><ele>27.9</ele><time>2026-05-26T10:56:25Z</time><extensions><gpxtpx:TrackPointExtension><gpxtpx:hr>96</gpxtpx:hr></gpxtpx:TrackPointExtension></extensions></trkpt><trkpt lat="60.23021" lon="24.965873"><ele>27.9</ele><time>2026-05-26T10:56:29Z</time><extensions><gpxtpx:TrackPointExtension><gpxtpx:hr>95</gpxtpx:hr></gpxtpx:TrackPointExtension></extensions></trkpt><trkpt lat="60.23021" lon="24.965873"><ele>27.9</ele><time>2026-05-26T10:56:32Z</time><extensions><gpxtpx:TrackPointExtension><gpxtpx:hr>95</gpxtpx:hr></gpxtpx:TrackPointExtension></extensions></trkpt><trkpt lat="60.23021" lon="24.965873"><ele>27.9</ele><time>2026-05-26T10:56:41Z</time><extensions><gpxtpx:TrackPointExtension><gpxtpx:hr>96</gpxtpx:hr></gpxtpx:TrackPointExtension></extensions></trkpt><trkpt lat="60.23021" lon="24.965873"><ele>27.9</ele><time>2026-05-26T10:56:44Z</time><extensions><gpxtpx:TrackPointExtension><gpxtpx:hr>96</gpxtpx:hr></gpxtpx:TrackPointExtension></extensions></trkpt><trkpt lat="60.23021" lon="24.965873"><ele>27.9</ele><time>2026-05-26T10:56:48Z</time><extensions><gpxtpx:TrackPointExtension><gpxtpx:hr>98</gpxtpx:hr></gpxtpx:TrackPointExtension></extensions></trkpt><trkpt lat="60.23021" lon="24.965873"><ele>27.9</ele><time>2026-05-26T10:56:56Z</time><extensions><gpxtpx:TrackPointExtension><gpxtpx:hr>98</gpxtpx:hr></gpxtpx:TrackPointExtension></extensions></trkpt><trkpt lat="60.23021" lon="24.965873"><ele>27.9</ele><time>2026-05-26T10:57:00Z</time><extensions><gpxtpx:TrackPointExtension><gpxtpx:hr>99</gpxtpx:hr></gpxtpx:TrackPointExtension></extensions></trkpt><trkpt lat="60.23021" lon="24.965873"><ele>27.9</ele><time>2026-05-26T10:57:02Z</time><extensions><gpxtpx:TrackPointExtension><gpxtpx:hr>99</gpxtpx:hr></gpxtpx:TrackPointExtension></extensions></trkpt><trkpt lat="60.23021" lon="24.965873"><ele>27.9</ele><time>2026-05-26T10:57:21Z</time><extensions><gpxtpx:TrackPointExtension><gpxtpx:hr>96</gpxtpx:hr></gpxtpx:TrackPointExtension></extensions></trkpt></trkseg></trk></gpx>