<?xml version="1.0" encoding="UTF-8" standalone="no"?><gpx xmlns="http://www.topografix.com/GPX/1/1" xmlns:gpxtpx="http://www.garmin.com/xmlschemas/TrackPointExtension/v1" xmlns:xsi="http://www.w3.org/2001/XMLSchema-instance" creator="Sports Tracker" version="1.1" xsi:schemaLocation="http://www.topografix.com/GPX/1/1 http://www.topografix.com/GPX/1/1/gpx.xsd http://www.garmin.com/xmlschemas/TrackPointExtension/v1 http://www.garmin.com/xmlschemas/TrackPointExtensionv1.xsd"><metadata><name/><desc/><author><name>anttipehkonen240</name></author></metadata><trk><name/><trkseg><trkpt lat="60.229958" lon="24.966117"><ele>31.0</ele><time>2026-03-03T06:56:33Z</time><extensions><gpxtpx:TrackPointExtension><gpxtpx:hr>87</gpxtpx:hr></gpxtpx:TrackPointExtension></extensions></trkpt><trkpt lat="60.229958" lon="24.966117"><ele>31.0</ele><time>2026-03-03T06:56:37Z</time><extensions><gpxtpx:TrackPointExtension><gpxtpx:hr>87</gpxtpx:hr></gpxtpx:TrackPointExtension></extensions></trkpt><trkpt lat="60.229958" lon="24.966117"><ele>31.0</ele><time>2026-03-03T06:56:41Z</time><extensions><gpxtpx:TrackPointExtension><gpxtpx:hr>87</gpxtpx:hr></gpxtpx:TrackPointExtension></extensions></trkpt><trkpt lat="60.229958" lon="24.966117"><ele>31.0</ele><time>2026-03-03T06:56:44Z</time><extensions><gpxtpx:TrackPointExtension><gpxtpx:hr>87</gpxtpx:hr></gpxtpx:TrackPointExtension></extensions></trkpt><trkpt lat="60.229958" lon="24.966117"><ele>31.0</ele><time>2026-03-03T06:56:53Z</time><extensions><gpxtpx:TrackPointExtension><gpxtpx:hr>83</gpxtpx:hr></gpxtpx:TrackPointExtension></extensions></trkpt><trkpt lat="60.229958" lon="24.966117"><ele>31.0</ele><time>2026-03-03T06:56:54Z</time></trkpt><trkpt lat="60.229968" lon="24.966088"><ele>31.6</ele><time>2026-03-03T06:56:55Z</time></trkpt><trkpt lat="60.229975" lon="24.966053"><ele>32.4</ele><time>2026-03-03T06:56:56Z</time></trkpt><trkpt lat="60.229977" lon="24.966033"><ele>32.8</ele><time>2026-03-03T06:56:57Z</time></trkpt><trkpt lat="60.229977" lon="24.96601"><ele>32.8</ele><time>2026-03-03T06:56:58Z</time><extensions><gpxtpx:TrackPointExtension><gpxtpx:hr>79</gpxtpx:hr></gpxtpx:TrackPointExtension></extensions></trkpt><trkpt lat="60.229972" lon="24.965985"><ele>32.1</ele><time>2026-03-03T06:56:59Z</time></trkpt><trkpt lat="60.229963" lon="24.965968"><ele>32.4</ele><time>2026-03-03T06:57:00Z</time></trkpt><trkpt lat="60.229962" lon="24.965938"><ele>32.4</ele><time>2026-03-03T06:57:01Z</time></trkpt><trkpt lat="60.229962" lon="24.96591"><ele>32.3</ele><time>2026-03-03T06:57:02Z</time></trkpt><trkpt lat="60.229963" lon="24.96588"><ele>32.1</ele><time>2026-03-03T06:57:03Z</time><extensions><gpxtpx:TrackPointExtension><gpxtpx:hr>80</gpxtpx:hr></gpxtpx:TrackPointExtension></extensions></trkpt><trkpt lat="60.229963" lon="24.965858"><ele>32.4</ele><time>2026-03-03T06:57:04Z</time></trkpt><trkpt lat="60.229963" lon="24.965853"><ele>32.6</ele><time>2026-03-03T06:57:05Z</time><extensions><gpxtpx:TrackPointExtension><gpxtpx:hr>81</gpxtpx:hr></gpxtpx:TrackPointExtension></extensions></trkpt><trkpt lat="60.229963" lon="24.965843"><ele>32.6</ele><time>2026-03-03T06:57:06Z</time></trkpt><trkpt lat="60.22996" lon="24.965832"><ele>32.4</ele><time>2026-03-03T06:57:07Z</time></trkpt><trkpt lat="60.22995" lon="24.965818"><ele>32.2</ele><time>2026-03-03T06:57:08Z</time></trkpt><trkpt lat="60.229942" lon="24.9658"><ele>31.9</ele><time>2026-03-03T06:57:09Z</time><extensions><gpxtpx:TrackPointExtension><gpxtpx:hr>82</gpxtpx:hr></gpxtpx:TrackPointExtension></extensions></trkpt><trkpt lat="60.229937" lon="24.965777"><ele>31.9</ele><time>2026-03-03T06:57:10Z</time></trkpt><trkpt lat="60.229938" lon="24.96575"><ele>31.7</ele><time>2026-03-03T06:57:11Z</time></trkpt><trkpt lat="60.22994" lon="24.965727"><ele>31.8</ele><time>2026-03-03T06:57:12Z</time></trkpt><trkpt lat="60.229948" lon="24.965708"><ele>31.9</ele><time>2026-03-03T06:57:13Z</time></trkpt><trkpt lat="60.229957" lon="24.96569"><ele>31.7</ele><time>2026-03-03T06:57:14Z</time></trkpt><trkpt lat="60.229967" lon="24.965672"><ele>31.5</ele><time>2026-03-03T06:57:15Z</time></trkpt><trkpt lat="60.229977" lon="24.965658"><ele>31.4</ele><time>2026-03-03T06:57:16Z</time></trkpt><trkpt lat="60.229985" lon="24.96564"><ele>31.3</ele><time>2026-03-03T06:57:17Z</time></trkpt><trkpt lat="60.229995" lon="24.96562"><ele>31.1</ele><time>2026-03-03T06:57:18Z</time><extensions><gpxtpx:TrackPointExtension><gpxtpx:hr>85</gpxtpx:hr></gpxtpx:TrackPointExtension></extensions></trkpt><trkpt lat="60.23" lon="24.965602"><ele>30.9</ele><time>2026-03-03T06:57:19Z</time></trkpt><trkpt lat="60.230005" lon="24.965585"><ele>30.8</ele><time>2026-03-03T06:57:20Z</time></trkpt><trkpt lat="60.230012" lon="24.965565"><ele>30.5</ele><time>2026-03-03T06:57:21Z</time></trkpt><trkpt lat="60.23002" lon="24.965543"><ele>30.4</ele><time>2026-03-03T06:57:22Z</time></trkpt><trkpt lat="60.23003" lon="24.965522"><ele>30.3</ele><time>2026-03-03T06:57:23Z</time><extensions><gpxtpx:TrackPointExtension><gpxtpx:hr>85</gpxtpx:hr></gpxtpx:TrackPointExtension></extensions></trkpt><trkpt lat="60.23004" lon="24.965507"><ele>30.2</ele><time>2026-03-03T06:57:24Z</time></trkpt><trkpt lat="60.230053" lon="24.9655"><ele>30.1</ele><time>2026-03-03T06:57:25Z</time></trkpt><trkpt lat="60.230067" lon="24.965493"><ele>30.0</ele><time>2026-03-03T06:57:26Z</time></trkpt><trkpt lat="60.230078" lon="24.965492"><ele>29.9</ele><time>2026-03-03T06:57:27Z</time></trkpt><trkpt lat="60.23009" lon="24.965495"><ele>29.8</ele><time>2026-03-03T06:57:28Z</time><extensions><gpxtpx:TrackPointExtension><gpxtpx:hr>86</gpxtpx:hr></gpxtpx:TrackPointExtension></extensions></trkpt><trkpt lat="60.230105" lon="24.965495"><ele>29.6</ele><time>2026-03-03T06:57:29Z</time></trkpt><trkpt lat="60.230117" lon="24.965488"><ele>29.6</ele><time>2026-03-03T06:57:30Z</time></trkpt><trkpt lat="60.23013" lon="24.965478"><ele>29.6</ele><time>2026-03-03T06:57:31Z</time></trkpt><trkpt lat="60.230145" lon="24.965467"><ele>29.5</ele><time>2026-03-03T06:57:32Z</time><extensions><gpxtpx:TrackPointExtension><gpxtpx:hr>85</gpxtpx:hr></gpxtpx:TrackPointExtension></extensions></trkpt><trkpt lat="60.230157" lon="24.965458"><ele>29.5</ele><time>2026-03-03T06:57:33Z</time></trkpt><trkpt lat="60.230158" lon="24.96544"><ele>28.3</ele><time>2026-03-03T06:57:34Z</time><extensions><gpxtpx:TrackPointExtension><gpxtpx:hr>84</gpxtpx:hr></gpxtpx:TrackPointExtension></extensions></trkpt><trkpt lat="60.230165" lon="24.965443"><ele>28.4</ele><time>2026-03-03T06:57:35Z</time></trkpt><trkpt lat="60.230172" lon="24.965442"><ele>28.4</ele><time>2026-03-03T06:57:36Z</time></trkpt><trkpt lat="60.23018" lon="24.965448"><ele>28.5</ele><time>2026-03-03T06:57:37Z</time></trkpt><trkpt lat="60.230187" lon="24.965458"><ele>28.9</ele><time>2026-03-03T06:57:38Z</time></trkpt><trkpt lat="60.230193" lon="24.96547"><ele>29.1</ele><time>2026-03-03T06:57:39Z</time></trkpt><trkpt lat="60.230205" lon="24.965483"><ele>28.8</ele><time>2026-03-03T06:57:40Z</time></trkpt><trkpt lat="60.23021" lon="24.96549"><ele>29.0</ele><time>2026-03-03T06:57:41Z</time></trkpt><trkpt lat="60.230222" lon="24.965498"><ele>29.0</ele><time>2026-03-03T06:57:42Z</time></trkpt><trkpt lat="60.230235" lon="24.965517"><ele>29.0</ele><time>2026-03-03T06:57:43Z</time><extensions><gpxtpx:TrackPointExtension><gpxtpx:hr>83</gpxtpx:hr></gpxtpx:TrackPointExtension></extensions></trkpt><trkpt lat="60.230248" lon="24.96553"><ele>28.8</ele><time>2026-03-03T06:57:44Z</time></trkpt><trkpt lat="60.230258" lon="24.965532"><ele>28.7</ele><time>2026-03-03T06:57:45Z</time></trkpt><trkpt lat="60.230265" lon="24.965533"><ele>28.9</ele><time>2026-03-03T06:57:46Z</time></trkpt><trkpt lat="60.230267" lon="24.965528"><ele>29.2</ele><time>2026-03-03T06:57:47Z</time><extensions><gpxtpx:TrackPointExtension><gpxtpx:hr>83</gpxtpx:hr></gpxtpx:TrackPointExtension></extensions></trkpt><trkpt lat="60.230272" lon="24.965522"><ele>29.2</ele><time>2026-03-03T06:57:48Z</time></trkpt><trkpt lat="60.230273" lon="24.965513"><ele>29.2</ele><time>2026-03-03T06:57:49Z</time></trkpt><trkpt lat="60.230275" lon="24.965497"><ele>29.0</ele><time>2026-03-03T06:57:50Z</time></trkpt><trkpt lat="60.230275" lon="24.96549"><ele>28.9</ele><time>2026-03-03T06:57:51Z</time></trkpt><trkpt lat="60.230283" lon="24.965475"><ele>29.0</ele><time>2026-03-03T06:57:52Z</time></trkpt><trkpt lat="60.230295" lon="24.965452"><ele>29.1</ele><time>2026-03-03T06:57:54Z</time><extensions><gpxtpx:TrackPointExtension><gpxtpx:hr>82</gpxtpx:hr></gpxtpx:TrackPointExtension></extensions></trkpt><trkpt lat="60.230302" lon="24.96543"><ele>29.2</ele><time>2026-03-03T06:57:55Z</time></trkpt><trkpt lat="60.230312" lon="24.965413"><ele>29.2</ele><time>2026-03-03T06:57:56Z</time><extensions><gpxtpx:TrackPointExtension><gpxtpx:hr>83</gpxtpx:hr></gpxtpx:TrackPointExtension></extensions></trkpt><trkpt lat="60.230318" lon="24.965387"><ele>29.3</ele><time>2026-03-03T06:57:57Z</time></trkpt><trkpt lat="60.230327" lon="24.965375"><ele>29.2</ele><time>2026-03-03T06:57:58Z</time></trkpt><trkpt lat="60.230333" lon="24.965373"><ele>29.2</ele><time>2026-03-03T06:57:59Z</time></trkpt><trkpt lat="60.230325" lon="24.965383"><ele>28.8</ele><time>2026-03-03T06:58:03Z</time><extensions><gpxtpx:TrackPointExtension><gpxtpx:hr>84</gpxtpx:hr></gpxtpx:TrackPointExtension></extensions></trkpt><trkpt lat="60.230328" lon="24.965377"><ele>28.9</ele><time>2026-03-03T06:58:04Z</time><extensions><gpxtpx:TrackPointExtension><gpxtpx:hr>84</gpxtpx:hr></gpxtpx:TrackPointExtension></extensions></trkpt><trkpt lat="60.230335" lon="24.96535"><ele>29.0</ele><time>2026-03-03T06:58:05Z</time></trkpt><trkpt lat="60.230332" lon="24.965352"><ele>28.9</ele><time>2026-03-03T06:58:06Z</time></trkpt><trkpt lat="60.230333" lon="24.965335"><ele>28.9</ele><time>2026-03-03T06:58:07Z</time></trkpt><trkpt lat="60.23034" lon="24.965323"><ele>28.9</ele><time>2026-03-03T06:58:08Z</time></trkpt><trkpt lat="60.230348" lon="24.965307"><ele>28.8</ele><time>2026-03-03T06:58:09Z</time><extensions><gpxtpx:TrackPointExtension><gpxtpx:hr>84</gpxtpx:hr></gpxtpx:TrackPointExtension></extensions></trkpt><trkpt lat="60.230355" lon="24.965293"><ele>29.1</ele><time>2026-03-03T06:58:10Z</time></trkpt><trkpt lat="60.230363" lon="24.965282"><ele>29.4</ele><time>2026-03-03T06:58:11Z</time></trkpt><trkpt lat="60.230372" lon="24.965268"><ele>29.3</ele><time>2026-03-03T06:58:12Z</time></trkpt><trkpt lat="60.230373" lon="24.96526"><ele>29.3</ele><time>2026-03-03T06:58:13Z</time></trkpt><trkpt lat="60.230378" lon="24.965248"><ele>29.4</ele><time>2026-03-03T06:58:14Z</time></trkpt><trkpt lat="60.230388" lon="24.965232"><ele>29.3</ele><time>2026-03-03T06:58:15Z</time><extensions><gpxtpx:TrackPointExtension><gpxtpx:hr>83</gpxtpx:hr></gpxtpx:TrackPointExtension></extensions></trkpt><trkpt lat="60.230402" lon="24.96522"><ele>29.4</ele><time>2026-03-03T06:58:16Z</time></trkpt><trkpt lat="60.230408" lon="24.9652"><ele>29.5</ele><time>2026-03-03T06:58:17Z</time></trkpt><trkpt lat="60.230413" lon="24.965182"><ele>29.4</ele><time>2026-03-03T06:58:18Z</time></trkpt><trkpt lat="60.230422" lon="24.965167"><ele>29.3</ele><time>2026-03-03T06:58:19Z</time></trkpt><trkpt lat="60.23043" lon="24.965153"><ele>29.4</ele><time>2026-03-03T06:58:20Z</time></trkpt><trkpt lat="60.230437" lon="24.965142"><ele>29.6</ele><time>2026-03-03T06:58:21Z</time><extensions><gpxtpx:TrackPointExtension><gpxtpx:hr>82</gpxtpx:hr></gpxtpx:TrackPointExtension></extensions></trkpt><trkpt lat="60.230443" lon="24.96513"><ele>29.5</ele><time>2026-03-03T06:58:22Z</time></trkpt><trkpt lat="60.230447" lon="24.96512"><ele>29.3</ele><time>2026-03-03T06:58:23Z</time></trkpt><trkpt lat="60.230457" lon="24.965105"><ele>29.3</ele><time>2026-03-03T06:58:24Z</time></trkpt><trkpt lat="60.230463" lon="24.965093"><ele>29.1</ele><time>2026-03-03T06:58:25Z</time></trkpt><trkpt lat="60.230468" lon="24.96508"><ele>29.0</ele><time>2026-03-03T06:58:26Z</time><extensions><gpxtpx:TrackPointExtension><gpxtpx:hr>81</gpxtpx:hr></gpxtpx:TrackPointExtension></extensions></trkpt><trkpt lat="60.230478" lon="24.965063"><ele>29.2</ele><time>2026-03-03T06:58:27Z</time></trkpt><trkpt lat="60.230487" lon="24.965043"><ele>29.2</ele><time>2026-03-03T06:58:28Z</time></trkpt><trkpt lat="60.2305" lon="24.965023"><ele>29.1</ele><time>2026-03-03T06:58:29Z</time></trkpt><trkpt lat="60.230512" lon="24.965005"><ele>29.1</ele><time>2026-03-03T06:58:30Z</time></trkpt><trkpt lat="60.230522" lon="24.964992"><ele>28.9</ele><time>2026-03-03T06:58:31Z</time></trkpt><trkpt lat="60.23053" lon="24.964975"><ele>28.9</ele><time>2026-03-03T06:58:32Z</time></trkpt><trkpt lat="60.230535" lon="24.964967"><ele>29.1</ele><time>2026-03-03T06:58:33Z</time><extensions><gpxtpx:TrackPointExtension><gpxtpx:hr>85</gpxtpx:hr></gpxtpx:TrackPointExtension></extensions></trkpt><trkpt lat="60.230533" lon="24.964972"><ele>28.8</ele><time>2026-03-03T06:58:34Z</time></trkpt><trkpt lat="60.230542" lon="24.96496"><ele>28.8</ele><time>2026-03-03T06:58:35Z</time></trkpt><trkpt lat="60.230547" lon="24.964943"><ele>28.7</ele><time>2026-03-03T06:58:36Z</time></trkpt><trkpt lat="60.230557" lon="24.964927"><ele>28.8</ele><time>2026-03-03T06:58:37Z</time><extensions><gpxtpx:TrackPointExtension><gpxtpx:hr>87</gpxtpx:hr></gpxtpx:TrackPointExtension></extensions></trkpt><trkpt lat="60.230565" lon="24.964912"><ele>28.9</ele><time>2026-03-03T06:58:38Z</time></trkpt><trkpt lat="60.23057" lon="24.964893"><ele>29.0</ele><time>2026-03-03T06:58:39Z</time></trkpt><trkpt lat="60.230578" lon="24.964875"><ele>29.1</ele><time>2026-03-03T06:58:40Z</time></trkpt><trkpt lat="60.230583" lon="24.964862"><ele>29.1</ele><time>2026-03-03T06:58:41Z</time><extensions><gpxtpx:TrackPointExtension><gpxtpx:hr>88</gpxtpx:hr></gpxtpx:TrackPointExtension></extensions></trkpt><trkpt lat="60.230587" lon="24.96485"><ele>29.0</ele><time>2026-03-03T06:58:42Z</time></trkpt><trkpt lat="60.23059" lon="24.96484"><ele>29.0</ele><time>2026-03-03T06:58:43Z</time></trkpt><trkpt lat="60.230593" lon="24.964825"><ele>29.1</ele><time>2026-03-03T06:58:44Z</time></trkpt><trkpt lat="60.2306" lon="24.964803"><ele>29.1</ele><time>2026-03-03T06:58:45Z</time><extensions><gpxtpx:TrackPointExtension><gpxtpx:hr>87</gpxtpx:hr></gpxtpx:TrackPointExtension></extensions></trkpt><trkpt lat="60.230608" lon="24.964782"><ele>29.4</ele><time>2026-03-03T06:58:46Z</time></trkpt><trkpt lat="60.230617" lon="24.964772"><ele>29.5</ele><time>2026-03-03T06:58:47Z</time></trkpt><trkpt lat="60.23062" lon="24.964762"><ele>29.8</ele><time>2026-03-03T06:58:48Z</time></trkpt><trkpt lat="60.230617" lon="24.964753"><ele>29.9</ele><time>2026-03-03T06:58:49Z</time></trkpt><trkpt lat="60.230613" lon="24.964747"><ele>30.1</ele><time>2026-03-03T06:58:50Z</time><extensions><gpxtpx:TrackPointExtension><gpxtpx:hr>86</gpxtpx:hr></gpxtpx:TrackPointExtension></extensions></trkpt><trkpt lat="60.230617" lon="24.96473"><ele>29.8</ele><time>2026-03-03T06:58:51Z</time></trkpt><trkpt lat="60.230627" lon="24.96471"><ele>29.9</ele><time>2026-03-03T06:58:52Z</time></trkpt><trkpt lat="60.230633" lon="24.964692"><ele>30.1</ele><time>2026-03-03T06:58:53Z</time></trkpt><trkpt lat="60.230643" lon="24.964672"><ele>29.8</ele><time>2026-03-03T06:58:54Z</time><extensions><gpxtpx:TrackPointExtension><gpxtpx:hr>87</gpxtpx:hr></gpxtpx:TrackPointExtension></extensions></trkpt><trkpt lat="60.230648" lon="24.964643"><ele>29.7</ele><time>2026-03-03T06:58:55Z</time></trkpt><trkpt lat="60.230655" lon="24.964623"><ele>29.8</ele><time>2026-03-03T06:58:56Z</time></trkpt><trkpt lat="60.230662" lon="24.964602"><ele>29.7</ele><time>2026-03-03T06:58:57Z</time></trkpt><trkpt lat="60.230668" lon="24.96458"><ele>29.3</ele><time>2026-03-03T06:58:58Z</time></trkpt><trkpt lat="60.230675" lon="24.96456"><ele>29.3</ele><time>2026-03-03T06:58:59Z</time><extensions><gpxtpx:TrackPointExtension><gpxtpx:hr>90</gpxtpx:hr></gpxtpx:TrackPointExtension></extensions></trkpt><trkpt lat="60.230682" lon="24.964538"><ele>29.4</ele><time>2026-03-03T06:59:00Z</time></trkpt><trkpt lat="60.230683" lon="24.96452"><ele>29.3</ele><time>2026-03-03T06:59:01Z</time></trkpt><trkpt lat="60.230687" lon="24.964498"><ele>29.1</ele><time>2026-03-03T06:59:02Z</time></trkpt><trkpt lat="60.230693" lon="24.964475"><ele>29.1</ele><time>2026-03-03T06:59:03Z</time></trkpt><trkpt lat="60.230697" lon="24.964462"><ele>29.4</ele><time>2026-03-03T06:59:04Z</time></trkpt><trkpt lat="60.230702" lon="24.964442"><ele>29.4</ele><time>2026-03-03T06:59:05Z</time></trkpt><trkpt lat="60.230707" lon="24.964423"><ele>29.3</ele><time>2026-03-03T06:59:06Z</time></trkpt><trkpt lat="60.23071" lon="24.964402"><ele>29.3</ele><time>2026-03-03T06:59:06Z</time></trkpt><trkpt lat="60.230717" lon="24.964378"><ele>29.4</ele><time>2026-03-03T06:59:07Z</time></trkpt><trkpt lat="60.230725" lon="24.964367"><ele>29.2</ele><time>2026-03-03T06:59:08Z</time><extensions><gpxtpx:TrackPointExtension><gpxtpx:hr>87</gpxtpx:hr></gpxtpx:TrackPointExtension></extensions></trkpt><trkpt lat="60.230728" lon="24.964367"><ele>29.4</ele><time>2026-03-03T06:59:09Z</time></trkpt><trkpt lat="60.230732" lon="24.96436"><ele>29.3</ele><time>2026-03-03T06:59:10Z</time></trkpt><trkpt lat="60.230738" lon="24.964342"><ele>29.4</ele><time>2026-03-03T06:59:11Z</time></trkpt><trkpt lat="60.230748" lon="24.964323"><ele>29.7</ele><time>2026-03-03T06:59:12Z</time><extensions><gpxtpx:TrackPointExtension><gpxtpx:hr>87</gpxtpx:hr></gpxtpx:TrackPointExtension></extensions></trkpt><trkpt lat="60.230757" lon="24.964302"><ele>29.8</ele><time>2026-03-03T06:59:13Z</time></trkpt><trkpt lat="60.23076" lon="24.964288"><ele>29.7</ele><time>2026-03-03T06:59:14Z</time><extensions><gpxtpx:TrackPointExtension><gpxtpx:hr>87</gpxtpx:hr></gpxtpx:TrackPointExtension></extensions></trkpt><trkpt lat="60.23077" lon="24.964275"><ele>29.7</ele><time>2026-03-03T06:59:15Z</time></trkpt><trkpt lat="60.230783" lon="24.964262"><ele>29.6</ele><time>2026-03-03T06:59:16Z</time></trkpt><trkpt lat="60.230788" lon="24.964265"><ele>29.9</ele><time>2026-03-03T06:59:17Z</time></trkpt><trkpt lat="60.230785" lon="24.964265"><ele>29.8</ele><time>2026-03-03T06:59:18Z</time></trkpt><trkpt lat="60.230792" lon="24.96426"><ele>29.9</ele><time>2026-03-03T06:59:19Z</time></trkpt><trkpt lat="60.230802" lon="24.964253"><ele>29.9</ele><time>2026-03-03T06:59:20Z</time></trkpt><trkpt lat="60.230808" lon="24.964245"><ele>29.7</ele><time>2026-03-03T06:59:21Z</time></trkpt><trkpt lat="60.23082" lon="24.964238"><ele>29.8</ele><time>2026-03-03T06:59:22Z</time><extensions><gpxtpx:TrackPointExtension><gpxtpx:hr>86</gpxtpx:hr></gpxtpx:TrackPointExtension></extensions></trkpt><trkpt lat="60.230828" lon="24.96423"><ele>29.5</ele><time>2026-03-03T06:59:23Z</time></trkpt><trkpt lat="60.230835" lon="24.964225"><ele>29.5</ele><time>2026-03-03T06:59:24Z</time></trkpt><trkpt lat="60.230838" lon="24.964217"><ele>29.3</ele><time>2026-03-03T06:59:25Z</time></trkpt><trkpt lat="60.23084" lon="24.964212"><ele>29.6</ele><time>2026-03-03T06:59:26Z</time></trkpt><trkpt lat="60.230848" lon="24.964205"><ele>29.6</ele><time>2026-03-03T06:59:27Z</time></trkpt><trkpt lat="60.230862" lon="24.964197"><ele>29.7</ele><time>2026-03-03T06:59:28Z</time><extensions><gpxtpx:TrackPointExtension><gpxtpx:hr>84</gpxtpx:hr></gpxtpx:TrackPointExtension></extensions></trkpt><trkpt lat="60.230872" lon="24.964187"><ele>29.8</ele><time>2026-03-03T06:59:29Z</time><extensions><gpxtpx:TrackPointExtension><gpxtpx:hr>84</gpxtpx:hr></gpxtpx:TrackPointExtension></extensions></trkpt><trkpt lat="60.230878" lon="24.964172"><ele>29.8</ele><time>2026-03-03T06:59:30Z</time></trkpt><trkpt lat="60.230888" lon="24.964158"><ele>29.7</ele><time>2026-03-03T06:59:31Z</time></trkpt><trkpt lat="60.230898" lon="24.96415"><ele>29.6</ele><time>2026-03-03T06:59:32Z</time></trkpt><trkpt lat="60.230907" lon="24.964145"><ele>29.7</ele><time>2026-03-03T06:59:33Z</time></trkpt><trkpt lat="60.230915" lon="24.964137"><ele>29.6</ele><time>2026-03-03T06:59:34Z</time></trkpt><trkpt lat="60.230922" lon="24.964132"><ele>29.5</ele><time>2026-03-03T06:59:35Z</time></trkpt><trkpt lat="60.230928" lon="24.964123"><ele>29.6</ele><time>2026-03-03T06:59:36Z</time></trkpt><trkpt lat="60.230935" lon="24.964118"><ele>29.6</ele><time>2026-03-03T06:59:37Z</time></trkpt><trkpt lat="60.230943" lon="24.964112"><ele>29.8</ele><time>2026-03-03T06:59:38Z</time><extensions><gpxtpx:TrackPointExtension><gpxtpx:hr>85</gpxtpx:hr></gpxtpx:TrackPointExtension></extensions></trkpt><trkpt lat="60.230953" lon="24.964102"><ele>30.1</ele><time>2026-03-03T06:59:39Z</time><extensions><gpxtpx:TrackPointExtension><gpxtpx:hr>85</gpxtpx:hr></gpxtpx:TrackPointExtension></extensions></trkpt><trkpt lat="60.230962" lon="24.964093"><ele>30.2</ele><time>2026-03-03T06:59:40Z</time></trkpt><trkpt lat="60.230978" lon="24.964152"><ele>29.5</ele><time>2026-03-03T06:59:41Z</time></trkpt><trkpt lat="60.230988" lon="24.964145"><ele>29.4</ele><time>2026-03-03T06:59:42Z</time></trkpt><trkpt lat="60.230992" lon="24.964143"><ele>29.2</ele><time>2026-03-03T06:59:43Z</time></trkpt><trkpt lat="60.230993" lon="24.964143"><ele>30.0</ele><time>2026-03-03T06:59:44Z</time></trkpt><trkpt lat="60.231008" lon="24.964143"><ele>31.8</ele><time>2026-03-03T06:59:45Z</time></trkpt><trkpt lat="60.231017" lon="24.964142"><ele>31.5</ele><time>2026-03-03T06:59:46Z</time></trkpt><trkpt lat="60.231027" lon="24.964142"><ele>31.9</ele><time>2026-03-03T06:59:47Z</time><extensions><gpxtpx:TrackPointExtension><gpxtpx:hr>86</gpxtpx:hr></gpxtpx:TrackPointExtension></extensions></trkpt><trkpt lat="60.231037" lon="24.964133"><ele>31.9</ele><time>2026-03-03T06:59:49Z</time><extensions><gpxtpx:TrackPointExtension><gpxtpx:hr>86</gpxtpx:hr></gpxtpx:TrackPointExtension></extensions></trkpt><trkpt lat="60.231043" lon="24.964127"><ele>32.0</ele><time>2026-03-03T06:59:50Z</time></trkpt><trkpt lat="60.231055" lon="24.964115"><ele>31.9</ele><time>2026-03-03T06:59:51Z</time></trkpt><trkpt lat="60.231062" lon="24.964113"><ele>31.5</ele><time>2026-03-03T06:59:52Z</time></trkpt><trkpt lat="60.231073" lon="24.964105"><ele>31.1</ele><time>2026-03-03T06:59:53Z</time></trkpt><trkpt lat="60.23108" lon="24.964098"><ele>31.6</ele><time>2026-03-03T06:59:54Z</time><extensions><gpxtpx:TrackPointExtension><gpxtpx:hr>87</gpxtpx:hr></gpxtpx:TrackPointExtension></extensions></trkpt><trkpt lat="60.231083" lon="24.964098"><ele>31.2</ele><time>2026-03-03T06:59:55Z</time></trkpt><trkpt lat="60.231098" lon="24.964088"><ele>31.3</ele><time>2026-03-03T06:59:56Z</time></trkpt><trkpt lat="60.231108" lon="24.96409"><ele>32.4</ele><time>2026-03-03T06:59:57Z</time></trkpt><trkpt lat="60.231117" lon="24.96408"><ele>32.4</ele><time>2026-03-03T06:59:58Z</time></trkpt><trkpt lat="60.231127" lon="24.964077"><ele>32.8</ele><time>2026-03-03T06:59:59Z</time></trkpt><trkpt lat="60.231135" lon="24.96407"><ele>32.9</ele><time>2026-03-03T07:00:00Z</time></trkpt><trkpt lat="60.231143" lon="24.964062"><ele>32.6</ele><time>2026-03-03T07:00:01Z</time><extensions><gpxtpx:TrackPointExtension><gpxtpx:hr>88</gpxtpx:hr></gpxtpx:TrackPointExtension></extensions></trkpt><trkpt lat="60.231155" lon="24.964047"><ele>32.7</ele><time>2026-03-03T07:00:02Z</time></trkpt><trkpt lat="60.231165" lon="24.964035"><ele>32.8</ele><time>2026-03-03T07:00:03Z</time></trkpt><trkpt lat="60.231172" lon="24.964028"><ele>32.7</ele><time>2026-03-03T07:00:04Z</time><extensions><gpxtpx:TrackPointExtension><gpxtpx:hr>91</gpxtpx:hr></gpxtpx:TrackPointExtension></extensions></trkpt><trkpt lat="60.231178" lon="24.964023"><ele>32.1</ele><time>2026-03-03T07:00:05Z</time></trkpt><trkpt lat="60.231185" lon="24.964018"><ele>32.1</ele><time>2026-03-03T07:00:06Z</time></trkpt><trkpt lat="60.231197" lon="24.964012"><ele>32.1</ele><time>2026-03-03T07:00:07Z</time></trkpt><trkpt lat="60.231205" lon="24.964003"><ele>32.0</ele><time>2026-03-03T07:00:08Z</time></trkpt><trkpt lat="60.231217" lon="24.963992"><ele>32.0</ele><time>2026-03-03T07:00:09Z</time></trkpt><trkpt lat="60.231225" lon="24.963988"><ele>32.4</ele><time>2026-03-03T07:00:10Z</time></trkpt><trkpt lat="60.231232" lon="24.96398"><ele>32.3</ele><time>2026-03-03T07:00:11Z</time></trkpt><trkpt lat="60.23124" lon="24.963972"><ele>32.8</ele><time>2026-03-03T07:00:12Z</time><extensions><gpxtpx:TrackPointExtension><gpxtpx:hr>93</gpxtpx:hr></gpxtpx:TrackPointExtension></extensions></trkpt><trkpt lat="60.231248" lon="24.96396"><ele>32.7</ele><time>2026-03-03T07:00:13Z</time></trkpt><trkpt lat="60.231245" lon="24.963952"><ele>32.7</ele><time>2026-03-03T07:00:14Z</time><extensions><gpxtpx:TrackPointExtension><gpxtpx:hr>94</gpxtpx:hr></gpxtpx:TrackPointExtension></extensions></trkpt><trkpt lat="60.231245" lon="24.963945"><ele>32.4</ele><time>2026-03-03T07:00:15Z</time></trkpt><trkpt lat="60.231252" lon="24.963938"><ele>32.4</ele><time>2026-03-03T07:00:16Z</time></trkpt><trkpt lat="60.231265" lon="24.96393"><ele>32.9</ele><time>2026-03-03T07:00:17Z</time></trkpt><trkpt lat="60.231277" lon="24.963917"><ele>32.7</ele><time>2026-03-03T07:00:18Z</time></trkpt><trkpt lat="60.231282" lon="24.963908"><ele>32.7</ele><time>2026-03-03T07:00:19Z</time></trkpt><trkpt lat="60.231285" lon="24.963893"><ele>32.7</ele><time>2026-03-03T07:00:20Z</time></trkpt><trkpt lat="60.231292" lon="24.963885"><ele>32.7</ele><time>2026-03-03T07:00:21Z</time></trkpt><trkpt lat="60.231298" lon="24.963878"><ele>32.9</ele><time>2026-03-03T07:00:22Z</time><extensions><gpxtpx:TrackPointExtension><gpxtpx:hr>95</gpxtpx:hr></gpxtpx:TrackPointExtension></extensions></trkpt><trkpt lat="60.231308" lon="24.963863"><ele>33.2</ele><time>2026-03-03T07:00:23Z</time></trkpt><trkpt lat="60.231318" lon="24.96385"><ele>33.3</ele><time>2026-03-03T07:00:24Z</time><extensions><gpxtpx:TrackPointExtension><gpxtpx:hr>94</gpxtpx:hr></gpxtpx:TrackPointExtension></extensions></trkpt><trkpt lat="60.231328" lon="24.963837"><ele>33.2</ele><time>2026-03-03T07:00:25Z</time></trkpt><trkpt lat="60.23134" lon="24.963827"><ele>33.2</ele><time>2026-03-03T07:00:26Z</time></trkpt><trkpt lat="60.231348" lon="24.963822"><ele>33.7</ele><time>2026-03-03T07:00:27Z</time></trkpt><trkpt lat="60.231357" lon="24.963815"><ele>34.2</ele><time>2026-03-03T07:00:28Z</time></trkpt><trkpt lat="60.231357" lon="24.963805"><ele>33.6</ele><time>2026-03-03T07:00:29Z</time></trkpt><trkpt lat="60.231357" lon="24.963795"><ele>33.2</ele><time>2026-03-03T07:00:30Z</time></trkpt><trkpt lat="60.231363" lon="24.96377"><ele>32.8</ele><time>2026-03-03T07:00:31Z</time></trkpt><trkpt lat="60.231368" lon="24.963748"><ele>32.9</ele><time>2026-03-03T07:00:32Z</time><extensions><gpxtpx:TrackPointExtension><gpxtpx:hr>96</gpxtpx:hr></gpxtpx:TrackPointExtension></extensions></trkpt><trkpt lat="60.231373" lon="24.963727"><ele>33.1</ele><time>2026-03-03T07:00:33Z</time></trkpt><trkpt lat="60.231378" lon="24.963698"><ele>33.4</ele><time>2026-03-03T07:00:34Z</time></trkpt><trkpt lat="60.231378" lon="24.96367"><ele>33.3</ele><time>2026-03-03T07:00:35Z</time></trkpt><trkpt lat="60.231378" lon="24.963652"><ele>33.2</ele><time>2026-03-03T07:00:36Z</time></trkpt><trkpt lat="60.23138" lon="24.963627"><ele>33.1</ele><time>2026-03-03T07:00:37Z</time></trkpt><trkpt lat="60.23138" lon="24.963608"><ele>33.6</ele><time>2026-03-03T07:00:38Z</time><extensions><gpxtpx:TrackPointExtension><gpxtpx:hr>96</gpxtpx:hr></gpxtpx:TrackPointExtension></extensions></trkpt><trkpt lat="60.231377" lon="24.963588"><ele>33.7</ele><time>2026-03-03T07:00:39Z</time></trkpt><trkpt lat="60.231375" lon="24.963567"><ele>33.9</ele><time>2026-03-03T07:00:40Z</time></trkpt><trkpt lat="60.231372" lon="24.963543"><ele>34.4</ele><time>2026-03-03T07:00:41Z</time></trkpt><trkpt lat="60.231367" lon="24.96352"><ele>34.4</ele><time>2026-03-03T07:00:42Z</time></trkpt><trkpt lat="60.231367" lon="24.963503"><ele>34.7</ele><time>2026-03-03T07:00:43Z</time><extensions><gpxtpx:TrackPointExtension><gpxtpx:hr>88</gpxtpx:hr></gpxtpx:TrackPointExtension></extensions></trkpt><trkpt lat="60.231365" lon="24.96349"><ele>35.0</ele><time>2026-03-03T07:00:44Z</time></trkpt><trkpt lat="60.231355" lon="24.963475"><ele>34.1</ele><time>2026-03-03T07:00:45Z</time></trkpt><trkpt lat="60.23135" lon="24.96345"><ele>34.1</ele><time>2026-03-03T07:00:46Z</time></trkpt><trkpt lat="60.231347" lon="24.963428"><ele>34.1</ele><time>2026-03-03T07:00:47Z</time><extensions><gpxtpx:TrackPointExtension><gpxtpx:hr>86</gpxtpx:hr></gpxtpx:TrackPointExtension></extensions></trkpt><trkpt lat="60.231345" lon="24.963408"><ele>34.6</ele><time>2026-03-03T07:00:48Z</time></trkpt><trkpt lat="60.231345" lon="24.96339"><ele>34.9</ele><time>2026-03-03T07:00:49Z</time><extensions><gpxtpx:TrackPointExtension><gpxtpx:hr>86</gpxtpx:hr></gpxtpx:TrackPointExtension></extensions></trkpt><trkpt lat="60.231342" lon="24.963363"><ele>34.2</ele><time>2026-03-03T07:00:50Z</time></trkpt><trkpt lat="60.231343" lon="24.963345"><ele>34.4</ele><time>2026-03-03T07:00:51Z</time></trkpt><trkpt lat="60.231347" lon="24.963328"><ele>35.8</ele><time>2026-03-03T07:00:52Z</time></trkpt><trkpt lat="60.231348" lon="24.963305"><ele>36.8</ele><time>2026-03-03T07:00:53Z</time></trkpt><trkpt lat="60.231347" lon="24.963293"><ele>37.3</ele><time>2026-03-03T07:00:54Z</time></trkpt><trkpt lat="60.231345" lon="24.963267"><ele>37.3</ele><time>2026-03-03T07:00:55Z</time></trkpt><trkpt lat="60.231343" lon="24.963245"><ele>37.4</ele><time>2026-03-03T07:00:56Z</time></trkpt><trkpt lat="60.231345" lon="24.963235"><ele>37.6</ele><time>2026-03-03T07:00:57Z</time></trkpt><trkpt lat="60.231342" lon="24.963215"><ele>38.0</ele><time>2026-03-03T07:00:58Z</time><extensions><gpxtpx:TrackPointExtension><gpxtpx:hr>82</gpxtpx:hr></gpxtpx:TrackPointExtension></extensions></trkpt><trkpt lat="60.231342" lon="24.963207"><ele>37.7</ele><time>2026-03-03T07:00:59Z</time><extensions><gpxtpx:TrackPointExtension><gpxtpx:hr>82</gpxtpx:hr></gpxtpx:TrackPointExtension></extensions></trkpt><trkpt lat="60.231343" lon="24.963162"><ele>36.5</ele><time>2026-03-03T07:01:00Z</time></trkpt><trkpt lat="60.231345" lon="24.963145"><ele>36.1</ele><time>2026-03-03T07:01:01Z</time></trkpt><trkpt lat="60.231347" lon="24.963127"><ele>36.2</ele><time>2026-03-03T07:01:02Z</time></trkpt><trkpt lat="60.231348" lon="24.963107"><ele>36.6</ele><time>2026-03-03T07:01:03Z</time></trkpt><trkpt lat="60.231352" lon="24.963093"><ele>36.8</ele><time>2026-03-03T07:01:04Z</time><extensions><gpxtpx:TrackPointExtension><gpxtpx:hr>80</gpxtpx:hr></gpxtpx:TrackPointExtension></extensions></trkpt><trkpt lat="60.231352" lon="24.963078"><ele>36.8</ele><time>2026-03-03T07:01:05Z</time></trkpt><trkpt lat="60.231352" lon="24.963065"><ele>37.2</ele><time>2026-03-03T07:01:06Z</time></trkpt><trkpt lat="60.231352" lon="24.963053"><ele>36.8</ele><time>2026-03-03T07:01:07Z</time></trkpt><trkpt lat="60.23135" lon="24.963042"><ele>36.8</ele><time>2026-03-03T07:01:08Z</time></trkpt><trkpt lat="60.231352" lon="24.963022"><ele>36.3</ele><time>2026-03-03T07:01:09Z</time><extensions><gpxtpx:TrackPointExtension><gpxtpx:hr>79</gpxtpx:hr></gpxtpx:TrackPointExtension></extensions></trkpt><trkpt lat="60.231357" lon="24.96299"><ele>36.2</ele><time>2026-03-03T07:01:10Z</time></trkpt><trkpt lat="60.231358" lon="24.962973"><ele>36.1</ele><time>2026-03-03T07:01:11Z</time></trkpt><trkpt lat="60.231355" lon="24.962958"><ele>35.9</ele><time>2026-03-03T07:01:12Z</time></trkpt><trkpt lat="60.231353" lon="24.962943"><ele>35.1</ele><time>2026-03-03T07:01:13Z</time></trkpt><trkpt lat="60.231353" lon="24.962923"><ele>34.8</ele><time>2026-03-03T07:01:14Z</time><extensions><gpxtpx:TrackPointExtension><gpxtpx:hr>78</gpxtpx:hr></gpxtpx:TrackPointExtension></extensions></trkpt><trkpt lat="60.231357" lon="24.962907"><ele>34.6</ele><time>2026-03-03T07:01:15Z</time></trkpt><trkpt lat="60.231357" lon="24.962895"><ele>35.1</ele><time>2026-03-03T07:01:16Z</time></trkpt><trkpt lat="60.231362" lon="24.962875"><ele>35.2</ele><time>2026-03-03T07:01:17Z</time></trkpt><trkpt lat="60.231363" lon="24.96286"><ele>34.9</ele><time>2026-03-03T07:01:18Z</time></trkpt><trkpt lat="60.231365" lon="24.962838"><ele>35.4</ele><time>2026-03-03T07:01:19Z</time><extensions><gpxtpx:TrackPointExtension><gpxtpx:hr>77</gpxtpx:hr></gpxtpx:TrackPointExtension></extensions></trkpt><trkpt lat="60.231365" lon="24.962825"><ele>36.2</ele><time>2026-03-03T07:01:20Z</time></trkpt><trkpt lat="60.231363" lon="24.962798"><ele>35.8</ele><time>2026-03-03T07:01:21Z</time></trkpt><trkpt lat="60.231363" lon="24.962772"><ele>36.0</ele><time>2026-03-03T07:01:22Z</time></trkpt><trkpt lat="60.23137" lon="24.962742"><ele>34.6</ele><time>2026-03-03T07:01:23Z</time></trkpt><trkpt lat="60.231375" lon="24.962733"><ele>35.5</ele><time>2026-03-03T07:01:24Z</time></trkpt><trkpt lat="60.231375" lon="24.962707"><ele>35.8</ele><time>2026-03-03T07:01:25Z</time></trkpt><trkpt lat="60.231375" lon="24.962673"><ele>35.2</ele><time>2026-03-03T07:01:26Z</time></trkpt><trkpt lat="60.231375" lon="24.962648"><ele>35.1</ele><time>2026-03-03T07:01:27Z</time></trkpt><trkpt lat="60.23137" lon="24.962627"><ele>34.9</ele><time>2026-03-03T07:01:28Z</time><extensions><gpxtpx:TrackPointExtension><gpxtpx:hr>77</gpxtpx:hr></gpxtpx:TrackPointExtension></extensions></trkpt><trkpt lat="60.231368" lon="24.962602"><ele>34.6</ele><time>2026-03-03T07:01:29Z</time></trkpt><trkpt lat="60.231375" lon="24.962575"><ele>34.7</ele><time>2026-03-03T07:01:30Z</time></trkpt><trkpt lat="60.231377" lon="24.962555"><ele>34.6</ele><time>2026-03-03T07:01:31Z</time></trkpt><trkpt lat="60.231377" lon="24.962523"><ele>34.9</ele><time>2026-03-03T07:01:32Z</time></trkpt><trkpt lat="60.231378" lon="24.962493"><ele>34.4</ele><time>2026-03-03T07:01:33Z</time><extensions><gpxtpx:TrackPointExtension><gpxtpx:hr>77</gpxtpx:hr></gpxtpx:TrackPointExtension></extensions></trkpt><trkpt lat="60.231378" lon="24.962467"><ele>34.6</ele><time>2026-03-03T07:01:34Z</time></trkpt><trkpt lat="60.23138" lon="24.962442"><ele>34.5</ele><time>2026-03-03T07:01:35Z</time></trkpt><trkpt lat="60.231387" lon="24.962415"><ele>33.9</ele><time>2026-03-03T07:01:36Z</time></trkpt><trkpt lat="60.231385" lon="24.962387"><ele>33.3</ele><time>2026-03-03T07:01:37Z</time></trkpt><trkpt lat="60.231383" lon="24.962367"><ele>33.2</ele><time>2026-03-03T07:01:38Z</time><extensions><gpxtpx:TrackPointExtension><gpxtpx:hr>77</gpxtpx:hr></gpxtpx:TrackPointExtension></extensions></trkpt><trkpt lat="60.231378" lon="24.962343"><ele>33.3</ele><time>2026-03-03T07:01:39Z</time></trkpt><trkpt lat="60.231377" lon="24.962322"><ele>32.8</ele><time>2026-03-03T07:01:40Z</time></trkpt><trkpt lat="60.231375" lon="24.962298"><ele>33.3</ele><time>2026-03-03T07:01:41Z</time></trkpt><trkpt lat="60.231368" lon="24.962273"><ele>33.4</ele><time>2026-03-03T07:01:42Z</time></trkpt><trkpt lat="60.231367" lon="24.962245"><ele>33.5</ele><time>2026-03-03T07:01:43Z</time><extensions><gpxtpx:TrackPointExtension><gpxtpx:hr>76</gpxtpx:hr></gpxtpx:TrackPointExtension></extensions></trkpt><trkpt lat="60.231362" lon="24.962222"><ele>33.2</ele><time>2026-03-03T07:01:44Z</time></trkpt><trkpt lat="60.231352" lon="24.962197"><ele>33.1</ele><time>2026-03-03T07:01:45Z</time></trkpt><trkpt lat="60.231348" lon="24.96217"><ele>32.7</ele><time>2026-03-03T07:01:46Z</time><extensions><gpxtpx:TrackPointExtension><gpxtpx:hr>76</gpxtpx:hr></gpxtpx:TrackPointExtension></extensions></trkpt><trkpt lat="60.231348" lon="24.962155"><ele>32.6</ele><time>2026-03-03T07:01:47Z</time></trkpt><trkpt lat="60.231347" lon="24.96213"><ele>32.5</ele><time>2026-03-03T07:01:48Z</time></trkpt><trkpt lat="60.231343" lon="24.9621"><ele>32.1</ele><time>2026-03-03T07:01:49Z</time></trkpt><trkpt lat="60.231338" lon="24.962067"><ele>32.1</ele><time>2026-03-03T07:01:50Z</time><extensions><gpxtpx:TrackPointExtension><gpxtpx:hr>75</gpxtpx:hr></gpxtpx:TrackPointExtension></extensions></trkpt><trkpt lat="60.231337" lon="24.962037"><ele>31.9</ele><time>2026-03-03T07:01:51Z</time></trkpt><trkpt lat="60.231332" lon="24.96201"><ele>32.0</ele><time>2026-03-03T07:01:52Z</time></trkpt><trkpt lat="60.231325" lon="24.961992"><ele>30.0</ele><time>2026-03-03T07:01:53Z</time></trkpt><trkpt lat="60.231323" lon="24.961957"><ele>30.2</ele><time>2026-03-03T07:01:54Z</time><extensions><gpxtpx:TrackPointExtension><gpxtpx:hr>75</gpxtpx:hr></gpxtpx:TrackPointExtension></extensions></trkpt><trkpt lat="60.231322" lon="24.961925"><ele>30.5</ele><time>2026-03-03T07:01:55Z</time></trkpt><trkpt lat="60.231313" lon="24.961903"><ele>30.6</ele><time>2026-03-03T07:01:56Z</time></trkpt><trkpt lat="60.231303" lon="24.961885"><ele>30.4</ele><time>2026-03-03T07:01:57Z</time></trkpt><trkpt lat="60.231295" lon="24.961867"><ele>30.2</ele><time>2026-03-03T07:01:58Z</time></trkpt><trkpt lat="60.23129" lon="24.961843"><ele>29.9</ele><time>2026-03-03T07:01:59Z</time></trkpt><trkpt lat="60.231285" lon="24.961815"><ele>29.6</ele><time>2026-03-03T07:02:00Z</time><extensions><gpxtpx:TrackPointExtension><gpxtpx:hr>75</gpxtpx:hr></gpxtpx:TrackPointExtension></extensions></trkpt><trkpt lat="60.231285" lon="24.961788"><ele>30.3</ele><time>2026-03-03T07:02:01Z</time></trkpt><trkpt lat="60.231277" lon="24.961768"><ele>30.9</ele><time>2026-03-03T07:02:02Z</time></trkpt><trkpt lat="60.231265" lon="24.961753"><ele>31.4</ele><time>2026-03-03T07:02:03Z</time></trkpt><trkpt lat="60.231255" lon="24.961742"><ele>31.5</ele><time>2026-03-03T07:02:04Z</time></trkpt><trkpt lat="60.231248" lon="24.961723"><ele>30.8</ele><time>2026-03-03T07:02:05Z</time></trkpt><trkpt lat="60.231248" lon="24.961703"><ele>29.9</ele><time>2026-03-03T07:02:06Z</time></trkpt><trkpt lat="60.231253" lon="24.961683"><ele>28.9</ele><time>2026-03-03T07:02:07Z</time></trkpt><trkpt lat="60.23126" lon="24.961658"><ele>28.7</ele><time>2026-03-03T07:02:08Z</time><extensions><gpxtpx:TrackPointExtension><gpxtpx:hr>79</gpxtpx:hr></gpxtpx:TrackPointExtension></extensions></trkpt><trkpt lat="60.231257" lon="24.961633"><ele>28.8</ele><time>2026-03-03T07:02:09Z</time></trkpt><trkpt lat="60.231245" lon="24.96161"><ele>28.9</ele><time>2026-03-03T07:02:10Z</time></trkpt><trkpt lat="60.231232" lon="24.96159"><ele>29.2</ele><time>2026-03-03T07:02:11Z</time></trkpt><trkpt lat="60.231225" lon="24.96157"><ele>29.5</ele><time>2026-03-03T07:02:12Z</time></trkpt><trkpt lat="60.231218" lon="24.96155"><ele>29.8</ele><time>2026-03-03T07:02:13Z</time><extensions><gpxtpx:TrackPointExtension><gpxtpx:hr>76</gpxtpx:hr></gpxtpx:TrackPointExtension></extensions></trkpt><trkpt lat="60.231215" lon="24.96153"><ele>30.0</ele><time>2026-03-03T07:02:14Z</time><extensions><gpxtpx:TrackPointExtension><gpxtpx:hr>77</gpxtpx:hr></gpxtpx:TrackPointExtension></extensions></trkpt><trkpt lat="60.231213" lon="24.961507"><ele>30.3</ele><time>2026-03-03T07:02:15Z</time></trkpt><trkpt lat="60.231207" lon="24.96149"><ele>31.0</ele><time>2026-03-03T07:02:16Z</time></trkpt><trkpt lat="60.231207" lon="24.96147"><ele>32.2</ele><time>2026-03-03T07:02:17Z</time></trkpt><trkpt lat="60.2312" lon="24.961455"><ele>31.4</ele><time>2026-03-03T07:02:18Z</time></trkpt><trkpt lat="60.231197" lon="24.961437"><ele>31.5</ele><time>2026-03-03T07:02:19Z</time><extensions><gpxtpx:TrackPointExtension><gpxtpx:hr>78</gpxtpx:hr></gpxtpx:TrackPointExtension></extensions></trkpt><trkpt lat="60.231195" lon="24.961413"><ele>32.2</ele><time>2026-03-03T07:02:20Z</time></trkpt><trkpt lat="60.231192" lon="24.961392"><ele>32.2</ele><time>2026-03-03T07:02:21Z</time></trkpt><trkpt lat="60.231188" lon="24.961365"><ele>31.7</ele><time>2026-03-03T07:02:22Z</time></trkpt><trkpt lat="60.231183" lon="24.961337"><ele>31.7</ele><time>2026-03-03T07:02:23Z</time></trkpt><trkpt lat="60.231173" lon="24.961308"><ele>31.7</ele><time>2026-03-03T07:02:24Z</time><extensions><gpxtpx:TrackPointExtension><gpxtpx:hr>78</gpxtpx:hr></gpxtpx:TrackPointExtension></extensions></trkpt><trkpt lat="60.231167" lon="24.961283"><ele>32.6</ele><time>2026-03-03T07:02:25Z</time></trkpt><trkpt lat="60.23116" lon="24.961258"><ele>32.2</ele><time>2026-03-03T07:02:26Z</time></trkpt><trkpt lat="60.231153" lon="24.961242"><ele>31.5</ele><time>2026-03-03T07:02:27Z</time></trkpt><trkpt lat="60.231152" lon="24.961222"><ele>31.9</ele><time>2026-03-03T07:02:28Z</time></trkpt><trkpt lat="60.231143" lon="24.961192"><ele>31.8</ele><time>2026-03-03T07:02:29Z</time><extensions><gpxtpx:TrackPointExtension><gpxtpx:hr>78</gpxtpx:hr></gpxtpx:TrackPointExtension></extensions></trkpt><trkpt lat="60.231137" lon="24.961165"><ele>32.2</ele><time>2026-03-03T07:02:30Z</time></trkpt><trkpt lat="60.231135" lon="24.961135"><ele>32.5</ele><time>2026-03-03T07:02:31Z</time></trkpt><trkpt lat="60.231127" lon="24.961108"><ele>32.5</ele><time>2026-03-03T07:02:32Z</time></trkpt><trkpt lat="60.231123" lon="24.961085"><ele>32.1</ele><time>2026-03-03T07:02:33Z</time></trkpt><trkpt lat="60.231113" lon="24.961062"><ele>32.1</ele><time>2026-03-03T07:02:34Z</time></trkpt><trkpt lat="60.231108" lon="24.961038"><ele>32.1</ele><time>2026-03-03T07:02:35Z</time></trkpt><trkpt lat="60.231103" lon="24.961018"><ele>31.8</ele><time>2026-03-03T07:02:36Z</time></trkpt><trkpt lat="60.231102" lon="24.960998"><ele>32.2</ele><time>2026-03-03T07:02:37Z</time><extensions><gpxtpx:TrackPointExtension><gpxtpx:hr>81</gpxtpx:hr></gpxtpx:TrackPointExtension></extensions></trkpt><trkpt lat="60.2311" lon="24.960973"><ele>32.2</ele><time>2026-03-03T07:02:38Z</time></trkpt><trkpt lat="60.231103" lon="24.960955"><ele>32.5</ele><time>2026-03-03T07:02:39Z</time></trkpt><trkpt lat="60.231112" lon="24.960938"><ele>32.9</ele><time>2026-03-03T07:02:40Z</time><extensions><gpxtpx:TrackPointExtension><gpxtpx:hr>81</gpxtpx:hr></gpxtpx:TrackPointExtension></extensions></trkpt><trkpt lat="60.231117" lon="24.960922"><ele>32.5</ele><time>2026-03-03T07:02:41Z</time></trkpt><trkpt lat="60.231122" lon="24.960902"><ele>32.1</ele><time>2026-03-03T07:02:42Z</time></trkpt><trkpt lat="60.231132" lon="24.960878"><ele>32.0</ele><time>2026-03-03T07:02:43Z</time></trkpt><trkpt lat="60.231142" lon="24.960862"><ele>31.7</ele><time>2026-03-03T07:02:44Z</time></trkpt><trkpt lat="60.23115" lon="24.960842"><ele>31.4</ele><time>2026-03-03T07:02:45Z</time><extensions><gpxtpx:TrackPointExtension><gpxtpx:hr>79</gpxtpx:hr></gpxtpx:TrackPointExtension></extensions></trkpt><trkpt lat="60.231157" lon="24.960827"><ele>31.0</ele><time>2026-03-03T07:02:46Z</time></trkpt><trkpt lat="60.231165" lon="24.960802"><ele>30.7</ele><time>2026-03-03T07:02:47Z</time></trkpt><trkpt lat="60.231173" lon="24.960785"><ele>30.8</ele><time>2026-03-03T07:02:48Z</time></trkpt><trkpt lat="60.231183" lon="24.960775"><ele>30.5</ele><time>2026-03-03T07:02:49Z</time><extensions><gpxtpx:TrackPointExtension><gpxtpx:hr>80</gpxtpx:hr></gpxtpx:TrackPointExtension></extensions></trkpt><trkpt lat="60.231192" lon="24.960763"><ele>30.3</ele><time>2026-03-03T07:02:50Z</time></trkpt><trkpt lat="60.231203" lon="24.960745"><ele>30.3</ele><time>2026-03-03T07:02:51Z</time></trkpt><trkpt lat="60.231215" lon="24.96073"><ele>30.1</ele><time>2026-03-03T07:02:52Z</time></trkpt><trkpt lat="60.231227" lon="24.960712"><ele>30.2</ele><time>2026-03-03T07:02:53Z</time></trkpt><trkpt lat="60.23124" lon="24.960695"><ele>30.7</ele><time>2026-03-03T07:02:54Z</time></trkpt><trkpt lat="60.231248" lon="24.960675"><ele>31.0</ele><time>2026-03-03T07:02:55Z</time></trkpt><trkpt lat="60.231258" lon="24.960658"><ele>31.1</ele><time>2026-03-03T07:02:56Z</time></trkpt><trkpt lat="60.231272" lon="24.960645"><ele>31.0</ele><time>2026-03-03T07:02:57Z</time></trkpt><trkpt lat="60.231285" lon="24.960627"><ele>31.7</ele><time>2026-03-03T07:02:58Z</time><extensions><gpxtpx:TrackPointExtension><gpxtpx:hr>82</gpxtpx:hr></gpxtpx:TrackPointExtension></extensions></trkpt><trkpt lat="60.231295" lon="24.960607"><ele>31.7</ele><time>2026-03-03T07:02:59Z</time></trkpt><trkpt lat="60.231302" lon="24.960593"><ele>32.0</ele><time>2026-03-03T07:03:00Z</time><extensions><gpxtpx:TrackPointExtension><gpxtpx:hr>83</gpxtpx:hr></gpxtpx:TrackPointExtension></extensions></trkpt><trkpt lat="60.231313" lon="24.960577"><ele>32.4</ele><time>2026-03-03T07:03:01Z</time></trkpt><trkpt lat="60.231323" lon="24.960562"><ele>32.1</ele><time>2026-03-03T07:03:02Z</time></trkpt><trkpt lat="60.231333" lon="24.960547"><ele>32.3</ele><time>2026-03-03T07:03:03Z</time></trkpt><trkpt lat="60.231343" lon="24.96053"><ele>32.4</ele><time>2026-03-03T07:03:04Z</time></trkpt><trkpt lat="60.231357" lon="24.960507"><ele>32.2</ele><time>2026-03-03T07:03:05Z</time></trkpt><trkpt lat="60.231368" lon="24.96049"><ele>31.9</ele><time>2026-03-03T07:03:06Z</time></trkpt><trkpt lat="60.23138" lon="24.960473"><ele>31.5</ele><time>2026-03-03T07:03:07Z</time></trkpt><trkpt lat="60.231388" lon="24.960455"><ele>31.7</ele><time>2026-03-03T07:03:08Z</time><extensions><gpxtpx:TrackPointExtension><gpxtpx:hr>85</gpxtpx:hr></gpxtpx:TrackPointExtension></extensions></trkpt><trkpt lat="60.231397" lon="24.960435"><ele>31.5</ele><time>2026-03-03T07:03:09Z</time></trkpt><trkpt lat="60.231408" lon="24.96042"><ele>31.9</ele><time>2026-03-03T07:03:10Z</time></trkpt><trkpt lat="60.231417" lon="24.960403"><ele>31.8</ele><time>2026-03-03T07:03:11Z</time></trkpt><trkpt lat="60.231427" lon="24.960383"><ele>31.9</ele><time>2026-03-03T07:03:12Z</time></trkpt><trkpt lat="60.23144" lon="24.96037"><ele>32.1</ele><time>2026-03-03T07:03:13Z</time><extensions><gpxtpx:TrackPointExtension><gpxtpx:hr>87</gpxtpx:hr></gpxtpx:TrackPointExtension></extensions></trkpt><trkpt lat="60.231448" lon="24.960355"><ele>32.3</ele><time>2026-03-03T07:03:14Z</time></trkpt><trkpt lat="60.231458" lon="24.960337"><ele>32.5</ele><time>2026-03-03T07:03:15Z</time></trkpt><trkpt lat="60.23147" lon="24.960317"><ele>32.8</ele><time>2026-03-03T07:03:16Z</time></trkpt><trkpt lat="60.231478" lon="24.960298"><ele>32.4</ele><time>2026-03-03T07:03:17Z</time></trkpt><trkpt lat="60.231488" lon="24.96028"><ele>31.8</ele><time>2026-03-03T07:03:18Z</time><extensions><gpxtpx:TrackPointExtension><gpxtpx:hr>88</gpxtpx:hr></gpxtpx:TrackPointExtension></extensions></trkpt><trkpt lat="60.2315" lon="24.960263"><ele>32.2</ele><time>2026-03-03T07:03:19Z</time></trkpt><trkpt lat="60.231513" lon="24.960253"><ele>32.7</ele><time>2026-03-03T07:03:20Z</time><extensions><gpxtpx:TrackPointExtension><gpxtpx:hr>88</gpxtpx:hr></gpxtpx:TrackPointExtension></extensions></trkpt><trkpt lat="60.231527" lon="24.960225"><ele>33.1</ele><time>2026-03-03T07:03:21Z</time></trkpt><trkpt lat="60.231532" lon="24.960198"><ele>32.4</ele><time>2026-03-03T07:03:22Z</time></trkpt><trkpt lat="60.231542" lon="24.960185"><ele>32.5</ele><time>2026-03-03T07:03:23Z</time></trkpt><trkpt lat="60.231555" lon="24.960165"><ele>32.3</ele><time>2026-03-03T07:03:24Z</time></trkpt><trkpt lat="60.231567" lon="24.960148"><ele>32.7</ele><time>2026-03-03T07:03:25Z</time></trkpt><trkpt lat="60.231577" lon="24.960123"><ele>32.2</ele><time>2026-03-03T07:03:26Z</time></trkpt><trkpt lat="60.231588" lon="24.960107"><ele>32.4</ele><time>2026-03-03T07:03:27Z</time></trkpt><trkpt lat="60.231602" lon="24.960087"><ele>33.1</ele><time>2026-03-03T07:03:28Z</time><extensions><gpxtpx:TrackPointExtension><gpxtpx:hr>91</gpxtpx:hr></gpxtpx:TrackPointExtension></extensions></trkpt><trkpt lat="60.231612" lon="24.960073"><ele>33.0</ele><time>2026-03-03T07:03:29Z</time><extensions><gpxtpx:TrackPointExtension><gpxtpx:hr>91</gpxtpx:hr></gpxtpx:TrackPointExtension></extensions></trkpt><trkpt lat="60.231623" lon="24.960053"><ele>33.2</ele><time>2026-03-03T07:03:30Z</time></trkpt><trkpt lat="60.231635" lon="24.960032"><ele>33.5</ele><time>2026-03-03T07:03:31Z</time></trkpt><trkpt lat="60.231645" lon="24.960008"><ele>33.5</ele><time>2026-03-03T07:03:32Z</time></trkpt><trkpt lat="60.231657" lon="24.959988"><ele>33.4</ele><time>2026-03-03T07:03:33Z</time></trkpt><trkpt lat="60.231665" lon="24.959972"><ele>33.0</ele><time>2026-03-03T07:03:34Z</time></trkpt><trkpt lat="60.231677" lon="24.95995"><ele>32.7</ele><time>2026-03-03T07:03:35Z</time></trkpt><trkpt lat="60.231687" lon="24.959932"><ele>33.1</ele><time>2026-03-03T07:03:36Z</time></trkpt><trkpt lat="60.2317" lon="24.959915"><ele>33.6</ele><time>2026-03-03T07:03:37Z</time></trkpt><trkpt lat="60.23171" lon="24.959897"><ele>33.2</ele><time>2026-03-03T07:03:38Z</time><extensions><gpxtpx:TrackPointExtension><gpxtpx:hr>90</gpxtpx:hr></gpxtpx:TrackPointExtension></extensions></trkpt><trkpt lat="60.231723" lon="24.95988"><ele>32.9</ele><time>2026-03-03T07:03:39Z</time></trkpt><trkpt lat="60.231732" lon="24.959857"><ele>32.4</ele><time>2026-03-03T07:03:40Z</time></trkpt><trkpt lat="60.231742" lon="24.959832"><ele>31.9</ele><time>2026-03-03T07:03:41Z</time></trkpt><trkpt lat="60.23175" lon="24.959808"><ele>31.8</ele><time>2026-03-03T07:03:42Z</time></trkpt><trkpt lat="60.231762" lon="24.95979"><ele>31.3</ele><time>2026-03-03T07:03:43Z</time><extensions><gpxtpx:TrackPointExtension><gpxtpx:hr>88</gpxtpx:hr></gpxtpx:TrackPointExtension></extensions></trkpt><trkpt lat="60.231773" lon="24.959773"><ele>31.7</ele><time>2026-03-03T07:03:44Z</time><extensions><gpxtpx:TrackPointExtension><gpxtpx:hr>88</gpxtpx:hr></gpxtpx:TrackPointExtension></extensions></trkpt><trkpt lat="60.231785" lon="24.959758"><ele>32.1</ele><time>2026-03-03T07:03:45Z</time></trkpt><trkpt lat="60.231795" lon="24.959737"><ele>32.0</ele><time>2026-03-03T07:03:46Z</time></trkpt><trkpt lat="60.231807" lon="24.959722"><ele>31.8</ele><time>2026-03-03T07:03:47Z</time></trkpt><trkpt lat="60.231818" lon="24.959707"><ele>31.8</ele><time>2026-03-03T07:03:48Z</time></trkpt><trkpt lat="60.231828" lon="24.959693"><ele>32.4</ele><time>2026-03-03T07:03:49Z</time></trkpt><trkpt lat="60.231838" lon="24.959675"><ele>32.3</ele><time>2026-03-03T07:03:50Z</time></trkpt><trkpt lat="60.231848" lon="24.959657"><ele>32.8</ele><time>2026-03-03T07:03:51Z</time></trkpt><trkpt lat="60.231857" lon="24.959632"><ele>32.5</ele><time>2026-03-03T07:03:52Z</time></trkpt><trkpt lat="60.231867" lon="24.959617"><ele>32.4</ele><time>2026-03-03T07:03:53Z</time><extensions><gpxtpx:TrackPointExtension><gpxtpx:hr>88</gpxtpx:hr></gpxtpx:TrackPointExtension></extensions></trkpt><trkpt lat="60.231878" lon="24.959595"><ele>32.2</ele><time>2026-03-03T07:03:54Z</time></trkpt><trkpt lat="60.231887" lon="24.959568"><ele>31.1</ele><time>2026-03-03T07:03:55Z</time><extensions><gpxtpx:TrackPointExtension><gpxtpx:hr>88</gpxtpx:hr></gpxtpx:TrackPointExtension></extensions></trkpt><trkpt lat="60.231898" lon="24.959548"><ele>31.1</ele><time>2026-03-03T07:03:56Z</time></trkpt><trkpt lat="60.23191" lon="24.959533"><ele>31.4</ele><time>2026-03-03T07:03:57Z</time></trkpt><trkpt lat="60.231922" lon="24.959517"><ele>31.5</ele><time>2026-03-03T07:03:58Z</time></trkpt><trkpt lat="60.231933" lon="24.959503"><ele>31.6</ele><time>2026-03-03T07:03:59Z</time></trkpt><trkpt lat="60.231948" lon="24.959495"><ele>32.5</ele><time>2026-03-03T07:04:00Z</time></trkpt><trkpt lat="60.231963" lon="24.95949"><ele>33.0</ele><time>2026-03-03T07:04:01Z</time></trkpt><trkpt lat="60.231977" lon="24.959472"><ele>32.1</ele><time>2026-03-03T07:04:02Z</time></trkpt><trkpt lat="60.231988" lon="24.959467"><ele>32.7</ele><time>2026-03-03T07:04:03Z</time><extensions><gpxtpx:TrackPointExtension><gpxtpx:hr>91</gpxtpx:hr></gpxtpx:TrackPointExtension></extensions></trkpt><trkpt lat="60.232003" lon="24.959467"><ele>32.7</ele><time>2026-03-03T07:04:04Z</time></trkpt><trkpt lat="60.232015" lon="24.959473"><ele>32.5</ele><time>2026-03-03T07:04:05Z</time></trkpt><trkpt lat="60.232027" lon="24.959485"><ele>32.7</ele><time>2026-03-03T07:04:06Z</time></trkpt><trkpt lat="60.23204" lon="24.959495"><ele>32.9</ele><time>2026-03-03T07:04:07Z</time></trkpt><trkpt lat="60.232053" lon="24.959493"><ele>33.1</ele><time>2026-03-03T07:04:08Z</time><extensions><gpxtpx:TrackPointExtension><gpxtpx:hr>91</gpxtpx:hr></gpxtpx:TrackPointExtension></extensions></trkpt><trkpt lat="60.232067" lon="24.959493"><ele>33.2</ele><time>2026-03-03T07:04:09Z</time></trkpt><trkpt lat="60.23208" lon="24.959502"><ele>33.5</ele><time>2026-03-03T07:04:10Z</time></trkpt><trkpt lat="60.232095" lon="24.9595"><ele>33.7</ele><time>2026-03-03T07:04:11Z</time></trkpt><trkpt lat="60.232108" lon="24.9595"><ele>33.9</ele><time>2026-03-03T07:04:12Z</time></trkpt><trkpt lat="60.23212" lon="24.959503"><ele>34.8</ele><time>2026-03-03T07:04:13Z</time><extensions><gpxtpx:TrackPointExtension><gpxtpx:hr>92</gpxtpx:hr></gpxtpx:TrackPointExtension></extensions></trkpt><trkpt lat="60.232133" lon="24.959507"><ele>34.7</ele><time>2026-03-03T07:04:14Z</time></trkpt><trkpt lat="60.232147" lon="24.959505"><ele>34.5</ele><time>2026-03-03T07:04:15Z</time></trkpt><trkpt lat="60.232158" lon="24.959512"><ele>34.8</ele><time>2026-03-03T07:04:16Z</time></trkpt><trkpt lat="60.23217" lon="24.959522"><ele>34.6</ele><time>2026-03-03T07:04:17Z</time></trkpt><trkpt lat="60.232185" lon="24.959523"><ele>34.5</ele><time>2026-03-03T07:04:18Z</time><extensions><gpxtpx:TrackPointExtension><gpxtpx:hr>91</gpxtpx:hr></gpxtpx:TrackPointExtension></extensions></trkpt><trkpt lat="60.232198" lon="24.959528"><ele>34.6</ele><time>2026-03-03T07:04:19Z</time></trkpt><trkpt lat="60.232212" lon="24.95954"><ele>35.1</ele><time>2026-03-03T07:04:20Z</time></trkpt><trkpt lat="60.232225" lon="24.959543"><ele>35.4</ele><time>2026-03-03T07:04:21Z</time></trkpt><trkpt lat="60.232238" lon="24.95954"><ele>35.5</ele><time>2026-03-03T07:04:22Z</time><extensions><gpxtpx:TrackPointExtension><gpxtpx:hr>91</gpxtpx:hr></gpxtpx:TrackPointExtension></extensions></trkpt><trkpt lat="60.232255" lon="24.959528"><ele>35.1</ele><time>2026-03-03T07:04:23Z</time></trkpt><trkpt lat="60.232268" lon="24.959522"><ele>34.8</ele><time>2026-03-03T07:04:24Z</time><extensions><gpxtpx:TrackPointExtension><gpxtpx:hr>90</gpxtpx:hr></gpxtpx:TrackPointExtension></extensions></trkpt><trkpt lat="60.232282" lon="24.959523"><ele>35.3</ele><time>2026-03-03T07:04:25Z</time></trkpt><trkpt lat="60.232293" lon="24.959522"><ele>35.4</ele><time>2026-03-03T07:04:26Z</time></trkpt><trkpt lat="60.232305" lon="24.959517"><ele>35.9</ele><time>2026-03-03T07:04:27Z</time></trkpt><trkpt lat="60.23232" lon="24.959515"><ele>36.5</ele><time>2026-03-03T07:04:28Z</time></trkpt><trkpt lat="60.232335" lon="24.959512"><ele>36.4</ele><time>2026-03-03T07:04:29Z</time></trkpt><trkpt lat="60.232348" lon="24.959502"><ele>36.0</ele><time>2026-03-03T07:04:30Z</time></trkpt><trkpt lat="60.23236" lon="24.959502"><ele>35.5</ele><time>2026-03-03T07:04:31Z</time><extensions><gpxtpx:TrackPointExtension><gpxtpx:hr>89</gpxtpx:hr></gpxtpx:TrackPointExtension></extensions></trkpt><trkpt lat="60.232375" lon="24.959492"><ele>35.1</ele><time>2026-03-03T07:04:32Z</time></trkpt><trkpt lat="60.232388" lon="24.959493"><ele>35.4</ele><time>2026-03-03T07:04:33Z</time></trkpt><trkpt lat="60.232403" lon="24.959488"><ele>35.9</ele><time>2026-03-03T07:04:34Z</time></trkpt><trkpt lat="60.23242" lon="24.959478"><ele>35.5</ele><time>2026-03-03T07:04:35Z</time></trkpt><trkpt lat="60.232432" lon="24.959468"><ele>35.1</ele><time>2026-03-03T07:04:36Z</time><extensions><gpxtpx:TrackPointExtension><gpxtpx:hr>90</gpxtpx:hr></gpxtpx:TrackPointExtension></extensions></trkpt><trkpt lat="60.232443" lon="24.959462"><ele>34.9</ele><time>2026-03-03T07:04:37Z</time></trkpt><trkpt lat="60.232452" lon="24.959453"><ele>34.7</ele><time>2026-03-03T07:04:38Z</time></trkpt><trkpt lat="60.232462" lon="24.959437"><ele>34.5</ele><time>2026-03-03T07:04:39Z</time></trkpt><trkpt lat="60.232473" lon="24.959435"><ele>34.6</ele><time>2026-03-03T07:04:40Z</time></trkpt><trkpt lat="60.232483" lon="24.95943"><ele>34.4</ele><time>2026-03-03T07:04:41Z</time><extensions><gpxtpx:TrackPointExtension><gpxtpx:hr>88</gpxtpx:hr></gpxtpx:TrackPointExtension></extensions></trkpt><trkpt lat="60.232498" lon="24.95942"><ele>34.5</ele><time>2026-03-03T07:04:42Z</time></trkpt><trkpt lat="60.232512" lon="24.95941"><ele>35.2</ele><time>2026-03-03T07:04:43Z</time></trkpt><trkpt lat="60.232528" lon="24.959402"><ele>34.5</ele><time>2026-03-03T07:04:44Z</time><extensions><gpxtpx:TrackPointExtension><gpxtpx:hr>88</gpxtpx:hr></gpxtpx:TrackPointExtension></extensions></trkpt><trkpt lat="60.232542" lon="24.95938"><ele>33.7</ele><time>2026-03-03T07:04:45Z</time></trkpt><trkpt lat="60.23255" lon="24.95937"><ele>34.3</ele><time>2026-03-03T07:04:46Z</time></trkpt><trkpt lat="60.232558" lon="24.959363"><ele>34.7</ele><time>2026-03-03T07:04:47Z</time></trkpt><trkpt lat="60.232573" lon="24.959345"><ele>34.1</ele><time>2026-03-03T07:04:48Z</time></trkpt><trkpt lat="60.232587" lon="24.959335"><ele>33.3</ele><time>2026-03-03T07:04:49Z</time></trkpt><trkpt lat="60.2326" lon="24.959313"><ele>33.9</ele><time>2026-03-03T07:04:50Z</time></trkpt><trkpt lat="60.232613" lon="24.95929"><ele>34.4</ele><time>2026-03-03T07:04:51Z</time></trkpt><trkpt lat="60.232625" lon="24.95927"><ele>34.4</ele><time>2026-03-03T07:04:52Z</time></trkpt><trkpt lat="60.23264" lon="24.959258"><ele>33.8</ele><time>2026-03-03T07:04:53Z</time><extensions><gpxtpx:TrackPointExtension><gpxtpx:hr>87</gpxtpx:hr></gpxtpx:TrackPointExtension></extensions></trkpt><trkpt lat="60.232655" lon="24.959245"><ele>33.9</ele><time>2026-03-03T07:04:54Z</time><extensions><gpxtpx:TrackPointExtension><gpxtpx:hr>86</gpxtpx:hr></gpxtpx:TrackPointExtension></extensions></trkpt><trkpt lat="60.23267" lon="24.959228"><ele>33.8</ele><time>2026-03-03T07:04:55Z</time></trkpt><trkpt lat="60.232682" lon="24.9592"><ele>33.9</ele><time>2026-03-03T07:04:56Z</time></trkpt><trkpt lat="60.232697" lon="24.959202"><ele>33.9</ele><time>2026-03-03T07:04:57Z</time></trkpt><trkpt lat="60.232708" lon="24.95917"><ele>34.3</ele><time>2026-03-03T07:04:58Z</time></trkpt><trkpt lat="60.232728" lon="24.959173"><ele>33.2</ele><time>2026-03-03T07:04:59Z</time></trkpt><trkpt lat="60.232742" lon="24.959177"><ele>34.4</ele><time>2026-03-03T07:05:00Z</time></trkpt><trkpt lat="60.232748" lon="24.959173"><ele>34.4</ele><time>2026-03-03T07:05:01Z</time></trkpt><trkpt lat="60.23276" lon="24.959163"><ele>33.6</ele><time>2026-03-03T07:05:02Z</time><extensions><gpxtpx:TrackPointExtension><gpxtpx:hr>85</gpxtpx:hr></gpxtpx:TrackPointExtension></extensions></trkpt><trkpt lat="60.232775" lon="24.959152"><ele>33.6</ele><time>2026-03-03T07:05:03Z</time></trkpt><trkpt lat="60.232787" lon="24.959143"><ele>33.9</ele><time>2026-03-03T07:05:04Z</time></trkpt><trkpt lat="60.232798" lon="24.959132"><ele>34.1</ele><time>2026-03-03T07:05:05Z</time></trkpt><trkpt lat="60.23281" lon="24.959123"><ele>34.2</ele><time>2026-03-03T07:05:06Z</time><extensions><gpxtpx:TrackPointExtension><gpxtpx:hr>84</gpxtpx:hr></gpxtpx:TrackPointExtension></extensions></trkpt><trkpt lat="60.232822" lon="24.95912"><ele>33.9</ele><time>2026-03-03T07:05:07Z</time></trkpt><trkpt lat="60.232837" lon="24.959108"><ele>34.0</ele><time>2026-03-03T07:05:08Z</time></trkpt><trkpt lat="60.232853" lon="24.959102"><ele>34.2</ele><time>2026-03-03T07:05:09Z</time><extensions><gpxtpx:TrackPointExtension><gpxtpx:hr>84</gpxtpx:hr></gpxtpx:TrackPointExtension></extensions></trkpt><trkpt lat="60.232865" lon="24.959088"><ele>34.1</ele><time>2026-03-03T07:05:10Z</time></trkpt><trkpt lat="60.232877" lon="24.959078"><ele>34.6</ele><time>2026-03-03T07:05:11Z</time></trkpt><trkpt lat="60.232888" lon="24.959068"><ele>35.4</ele><time>2026-03-03T07:05:12Z</time></trkpt><trkpt lat="60.232898" lon="24.959057"><ele>34.2</ele><time>2026-03-03T07:05:13Z</time></trkpt><trkpt lat="60.232907" lon="24.95905"><ele>34.9</ele><time>2026-03-03T07:05:14Z</time><extensions><gpxtpx:TrackPointExtension><gpxtpx:hr>85</gpxtpx:hr></gpxtpx:TrackPointExtension></extensions></trkpt><trkpt lat="60.232918" lon="24.959052"><ele>35.3</ele><time>2026-03-03T07:05:15Z</time></trkpt><trkpt lat="60.232935" lon="24.959043"><ele>35.8</ele><time>2026-03-03T07:05:16Z</time></trkpt><trkpt lat="60.23295" lon="24.95903"><ele>35.3</ele><time>2026-03-03T07:05:17Z</time></trkpt><trkpt lat="60.232962" lon="24.959012"><ele>35.9</ele><time>2026-03-03T07:05:18Z</time></trkpt><trkpt lat="60.232973" lon="24.959"><ele>35.8</ele><time>2026-03-03T07:05:19Z</time><extensions><gpxtpx:TrackPointExtension><gpxtpx:hr>86</gpxtpx:hr></gpxtpx:TrackPointExtension></extensions></trkpt><trkpt lat="60.232987" lon="24.958992"><ele>36.4</ele><time>2026-03-03T07:05:20Z</time></trkpt><trkpt lat="60.232998" lon="24.958975"><ele>36.5</ele><time>2026-03-03T07:05:21Z</time></trkpt><trkpt lat="60.233013" lon="24.958967"><ele>36.6</ele><time>2026-03-03T07:05:22Z</time></trkpt><trkpt lat="60.233027" lon="24.958952"><ele>36.9</ele><time>2026-03-03T07:05:23Z</time></trkpt><trkpt lat="60.23304" lon="24.958933"><ele>36.5</ele><time>2026-03-03T07:05:24Z</time></trkpt><trkpt lat="60.233053" lon="24.958923"><ele>36.7</ele><time>2026-03-03T07:05:25Z</time><extensions><gpxtpx:TrackPointExtension><gpxtpx:hr>91</gpxtpx:hr></gpxtpx:TrackPointExtension></extensions></trkpt><trkpt lat="60.233063" lon="24.958907"><ele>36.8</ele><time>2026-03-03T07:05:26Z</time></trkpt><trkpt lat="60.233073" lon="24.958885"><ele>37.1</ele><time>2026-03-03T07:05:27Z</time></trkpt><trkpt lat="60.233088" lon="24.95888"><ele>37.5</ele><time>2026-03-03T07:05:28Z</time></trkpt><trkpt lat="60.2331" lon="24.958872"><ele>37.9</ele><time>2026-03-03T07:05:29Z</time></trkpt><trkpt lat="60.233113" lon="24.958855"><ele>38.0</ele><time>2026-03-03T07:05:30Z</time></trkpt><trkpt lat="60.23313" lon="24.958837"><ele>38.2</ele><time>2026-03-03T07:05:31Z</time><extensions><gpxtpx:TrackPointExtension><gpxtpx:hr>91</gpxtpx:hr></gpxtpx:TrackPointExtension></extensions></trkpt><trkpt lat="60.233145" lon="24.958812"><ele>38.3</ele><time>2026-03-03T07:05:32Z</time></trkpt><trkpt lat="60.233158" lon="24.95879"><ele>38.0</ele><time>2026-03-03T07:05:33Z</time></trkpt><trkpt lat="60.233168" lon="24.958772"><ele>37.6</ele><time>2026-03-03T07:05:34Z</time><extensions><gpxtpx:TrackPointExtension><gpxtpx:hr>91</gpxtpx:hr></gpxtpx:TrackPointExtension></extensions></trkpt><trkpt lat="60.233183" lon="24.95876"><ele>37.9</ele><time>2026-03-03T07:05:35Z</time></trkpt><trkpt lat="60.233195" lon="24.958748"><ele>38.2</ele><time>2026-03-03T07:05:36Z</time></trkpt><trkpt lat="60.233207" lon="24.958737"><ele>38.5</ele><time>2026-03-03T07:05:37Z</time></trkpt><trkpt lat="60.23322" lon="24.958732"><ele>37.7</ele><time>2026-03-03T07:05:38Z</time></trkpt><trkpt lat="60.233232" lon="24.958718"><ele>37.5</ele><time>2026-03-03T07:05:39Z</time></trkpt><trkpt lat="60.233243" lon="24.95871"><ele>37.5</ele><time>2026-03-03T07:05:40Z</time><extensions><gpxtpx:TrackPointExtension><gpxtpx:hr>89</gpxtpx:hr></gpxtpx:TrackPointExtension></extensions></trkpt><trkpt lat="60.233255" lon="24.958688"><ele>37.8</ele><time>2026-03-03T07:05:41Z</time></trkpt><trkpt lat="60.233267" lon="24.95867"><ele>38.4</ele><time>2026-03-03T07:05:42Z</time></trkpt><trkpt lat="60.233278" lon="24.958658"><ele>37.6</ele><time>2026-03-03T07:05:43Z</time></trkpt><trkpt lat="60.233292" lon="24.95865"><ele>37.8</ele><time>2026-03-03T07:05:44Z</time></trkpt><trkpt lat="60.233305" lon="24.958653"><ele>38.2</ele><time>2026-03-03T07:05:45Z</time></trkpt><trkpt lat="60.233318" lon="24.958655"><ele>38.5</ele><time>2026-03-03T07:05:46Z</time></trkpt><trkpt lat="60.233328" lon="24.958657"><ele>39.1</ele><time>2026-03-03T07:05:47Z</time></trkpt><trkpt lat="60.233337" lon="24.958657"><ele>39.5</ele><time>2026-03-03T07:05:48Z</time><extensions><gpxtpx:TrackPointExtension><gpxtpx:hr>86</gpxtpx:hr></gpxtpx:TrackPointExtension></extensions></trkpt><trkpt lat="60.233355" lon="24.958652"><ele>40.3</ele><time>2026-03-03T07:05:49Z</time></trkpt><trkpt lat="60.23337" lon="24.958643"><ele>40.6</ele><time>2026-03-03T07:05:50Z</time></trkpt><trkpt lat="60.233388" lon="24.958622"><ele>39.6</ele><time>2026-03-03T07:05:51Z</time></trkpt><trkpt lat="60.233397" lon="24.958608"><ele>39.5</ele><time>2026-03-03T07:05:52Z</time><extensions><gpxtpx:TrackPointExtension><gpxtpx:hr>85</gpxtpx:hr></gpxtpx:TrackPointExtension></extensions></trkpt><trkpt lat="60.233407" lon="24.958592"><ele>40.0</ele><time>2026-03-03T07:05:53Z</time></trkpt><trkpt lat="60.233418" lon="24.958588"><ele>40.3</ele><time>2026-03-03T07:05:54Z</time></trkpt><trkpt lat="60.233428" lon="24.95857"><ele>39.9</ele><time>2026-03-03T07:05:55Z</time></trkpt><trkpt lat="60.233443" lon="24.95856"><ele>39.9</ele><time>2026-03-03T07:05:56Z</time></trkpt><trkpt lat="60.233455" lon="24.958547"><ele>40.1</ele><time>2026-03-03T07:05:57Z</time></trkpt><trkpt lat="60.233468" lon="24.958537"><ele>40.2</ele><time>2026-03-03T07:05:58Z</time><extensions><gpxtpx:TrackPointExtension><gpxtpx:hr>85</gpxtpx:hr></gpxtpx:TrackPointExtension></extensions></trkpt><trkpt lat="60.233482" lon="24.958528"><ele>40.5</ele><time>2026-03-03T07:05:59Z</time><extensions><gpxtpx:TrackPointExtension><gpxtpx:hr>84</gpxtpx:hr></gpxtpx:TrackPointExtension></extensions></trkpt><trkpt lat="60.233492" lon="24.95852"><ele>40.9</ele><time>2026-03-03T07:06:00Z</time></trkpt><trkpt lat="60.233505" lon="24.958512"><ele>41.1</ele><time>2026-03-03T07:06:01Z</time></trkpt><trkpt lat="60.233517" lon="24.958498"><ele>40.8</ele><time>2026-03-03T07:06:02Z</time></trkpt><trkpt lat="60.23353" lon="24.958488"><ele>41.2</ele><time>2026-03-03T07:06:03Z</time></trkpt><trkpt lat="60.233543" lon="24.958483"><ele>41.1</ele><time>2026-03-03T07:06:04Z</time></trkpt><trkpt lat="60.23356" lon="24.958468"><ele>41.5</ele><time>2026-03-03T07:06:05Z</time></trkpt><trkpt lat="60.233572" lon="24.95845"><ele>41.1</ele><time>2026-03-03T07:06:06Z</time><extensions><gpxtpx:TrackPointExtension><gpxtpx:hr>87</gpxtpx:hr></gpxtpx:TrackPointExtension></extensions></trkpt><trkpt lat="60.233585" lon="24.958437"><ele>41.5</ele><time>2026-03-03T07:06:07Z</time></trkpt><trkpt lat="60.233595" lon="24.95842"><ele>40.6</ele><time>2026-03-03T07:06:08Z</time></trkpt><trkpt lat="60.233607" lon="24.958402"><ele>40.5</ele><time>2026-03-03T07:06:09Z</time></trkpt><trkpt lat="60.233622" lon="24.958387"><ele>41.0</ele><time>2026-03-03T07:06:10Z</time></trkpt><trkpt lat="60.233637" lon="24.958378"><ele>41.9</ele><time>2026-03-03T07:06:11Z</time></trkpt><trkpt lat="60.233652" lon="24.958367"><ele>42.2</ele><time>2026-03-03T07:06:12Z</time></trkpt><trkpt lat="60.233663" lon="24.958352"><ele>42.2</ele><time>2026-03-03T07:06:13Z</time><extensions><gpxtpx:TrackPointExtension><gpxtpx:hr>86</gpxtpx:hr></gpxtpx:TrackPointExtension></extensions></trkpt><trkpt lat="60.233678" lon="24.958345"><ele>42.2</ele><time>2026-03-03T07:06:14Z</time></trkpt><trkpt lat="60.233692" lon="24.958332"><ele>42.2</ele><time>2026-03-03T07:06:15Z</time><extensions><gpxtpx:TrackPointExtension><gpxtpx:hr>86</gpxtpx:hr></gpxtpx:TrackPointExtension></extensions></trkpt><trkpt lat="60.233702" lon="24.958317"><ele>42.2</ele><time>2026-03-03T07:06:16Z</time></trkpt><trkpt lat="60.233713" lon="24.958305"><ele>41.7</ele><time>2026-03-03T07:06:17Z</time></trkpt><trkpt lat="60.233728" lon="24.958292"><ele>41.8</ele><time>2026-03-03T07:06:18Z</time></trkpt><trkpt lat="60.233743" lon="24.958275"><ele>41.9</ele><time>2026-03-03T07:06:19Z</time></trkpt><trkpt lat="60.233757" lon="24.95826"><ele>42.0</ele><time>2026-03-03T07:06:20Z</time></trkpt><trkpt lat="60.23377" lon="24.958245"><ele>41.6</ele><time>2026-03-03T07:06:21Z</time></trkpt><trkpt lat="60.233783" lon="24.958228"><ele>41.7</ele><time>2026-03-03T07:06:21Z</time></trkpt><trkpt lat="60.233795" lon="24.958213"><ele>41.2</ele><time>2026-03-03T07:06:22Z</time></trkpt><trkpt lat="60.233808" lon="24.958202"><ele>41.4</ele><time>2026-03-03T07:06:23Z</time><extensions><gpxtpx:TrackPointExtension><gpxtpx:hr>86</gpxtpx:hr></gpxtpx:TrackPointExtension></extensions></trkpt><trkpt lat="60.23382" lon="24.95818"><ele>41.4</ele><time>2026-03-03T07:06:24Z</time></trkpt><trkpt lat="60.233832" lon="24.958163"><ele>42.3</ele><time>2026-03-03T07:06:25Z</time></trkpt><trkpt lat="60.233847" lon="24.95816"><ele>42.5</ele><time>2026-03-03T07:06:26Z</time><extensions><gpxtpx:TrackPointExtension><gpxtpx:hr>86</gpxtpx:hr></gpxtpx:TrackPointExtension></extensions></trkpt><trkpt lat="60.233863" lon="24.958155"><ele>42.2</ele><time>2026-03-03T07:06:27Z</time></trkpt><trkpt lat="60.233877" lon="24.958142"><ele>42.1</ele><time>2026-03-03T07:06:28Z</time></trkpt><trkpt lat="60.233888" lon="24.958125"><ele>42.4</ele><time>2026-03-03T07:06:29Z</time></trkpt><trkpt lat="60.233902" lon="24.958113"><ele>42.5</ele><time>2026-03-03T07:06:30Z</time></trkpt><trkpt lat="60.233913" lon="24.958103"><ele>42.4</ele><time>2026-03-03T07:06:31Z</time></trkpt><trkpt lat="60.233923" lon="24.958093"><ele>42.2</ele><time>2026-03-03T07:06:32Z</time></trkpt><trkpt lat="60.233937" lon="24.958088"><ele>42.7</ele><time>2026-03-03T07:06:33Z</time><extensions><gpxtpx:TrackPointExtension><gpxtpx:hr>88</gpxtpx:hr></gpxtpx:TrackPointExtension></extensions></trkpt><trkpt lat="60.233948" lon="24.958075"><ele>42.5</ele><time>2026-03-03T07:06:34Z</time></trkpt><trkpt lat="60.233958" lon="24.95806"><ele>43.3</ele><time>2026-03-03T07:06:35Z</time></trkpt><trkpt lat="60.23397" lon="24.958043"><ele>43.1</ele><time>2026-03-03T07:06:36Z</time></trkpt><trkpt lat="60.233983" lon="24.958038"><ele>43.0</ele><time>2026-03-03T07:06:37Z</time></trkpt><trkpt lat="60.233997" lon="24.958023"><ele>42.7</ele><time>2026-03-03T07:06:38Z</time><extensions><gpxtpx:TrackPointExtension><gpxtpx:hr>87</gpxtpx:hr></gpxtpx:TrackPointExtension></extensions></trkpt><trkpt lat="60.234007" lon="24.958013"><ele>41.4</ele><time>2026-03-03T07:06:39Z</time></trkpt><trkpt lat="60.234018" lon="24.95801"><ele>40.8</ele><time>2026-03-03T07:06:40Z</time></trkpt><trkpt lat="60.234032" lon="24.957992"><ele>40.9</ele><time>2026-03-03T07:06:41Z</time><extensions><gpxtpx:TrackPointExtension><gpxtpx:hr>87</gpxtpx:hr></gpxtpx:TrackPointExtension></extensions></trkpt><trkpt lat="60.234043" lon="24.957975"><ele>41.3</ele><time>2026-03-03T07:06:42Z</time></trkpt><trkpt lat="60.234057" lon="24.957963"><ele>41.7</ele><time>2026-03-03T07:06:43Z</time></trkpt><trkpt lat="60.234068" lon="24.957948"><ele>40.9</ele><time>2026-03-03T07:06:44Z</time></trkpt><trkpt lat="60.234083" lon="24.957935"><ele>40.7</ele><time>2026-03-03T07:06:45Z</time><extensions><gpxtpx:TrackPointExtension><gpxtpx:hr>87</gpxtpx:hr></gpxtpx:TrackPointExtension></extensions></trkpt><trkpt lat="60.234098" lon="24.957923"><ele>41.2</ele><time>2026-03-03T07:06:46Z</time></trkpt><trkpt lat="60.234112" lon="24.957908"><ele>41.5</ele><time>2026-03-03T07:06:47Z</time></trkpt><trkpt lat="60.234122" lon="24.957893"><ele>41.4</ele><time>2026-03-03T07:06:48Z</time></trkpt><trkpt lat="60.234132" lon="24.957877"><ele>41.5</ele><time>2026-03-03T07:06:49Z</time><extensions><gpxtpx:TrackPointExtension><gpxtpx:hr>87</gpxtpx:hr></gpxtpx:TrackPointExtension></extensions></trkpt><trkpt lat="60.234145" lon="24.957863"><ele>41.7</ele><time>2026-03-03T07:06:50Z</time></trkpt><trkpt lat="60.234157" lon="24.957857"><ele>42.0</ele><time>2026-03-03T07:06:51Z</time></trkpt><trkpt lat="60.234167" lon="24.957845"><ele>42.0</ele><time>2026-03-03T07:06:52Z</time></trkpt><trkpt lat="60.234177" lon="24.95783"><ele>42.5</ele><time>2026-03-03T07:06:53Z</time></trkpt><trkpt lat="60.234192" lon="24.957822"><ele>41.5</ele><time>2026-03-03T07:06:54Z</time></trkpt><trkpt lat="60.234205" lon="24.957812"><ele>41.9</ele><time>2026-03-03T07:06:55Z</time></trkpt><trkpt lat="60.234218" lon="24.957805"><ele>41.6</ele><time>2026-03-03T07:06:56Z</time></trkpt><trkpt lat="60.23423" lon="24.957787"><ele>42.5</ele><time>2026-03-03T07:06:57Z</time><extensions><gpxtpx:TrackPointExtension><gpxtpx:hr>84</gpxtpx:hr></gpxtpx:TrackPointExtension></extensions></trkpt><trkpt lat="60.234243" lon="24.95778"><ele>43.0</ele><time>2026-03-03T07:06:58Z</time></trkpt><trkpt lat="60.234257" lon="24.957772"><ele>42.9</ele><time>2026-03-03T07:06:59Z</time><extensions><gpxtpx:TrackPointExtension><gpxtpx:hr>84</gpxtpx:hr></gpxtpx:TrackPointExtension></extensions></trkpt><trkpt lat="60.23427" lon="24.957758"><ele>42.9</ele><time>2026-03-03T07:07:00Z</time></trkpt><trkpt lat="60.234278" lon="24.957737"><ele>42.8</ele><time>2026-03-03T07:07:01Z</time></trkpt><trkpt lat="60.23429" lon="24.957727"><ele>42.5</ele><time>2026-03-03T07:07:02Z</time></trkpt><trkpt lat="60.234302" lon="24.95772"><ele>41.6</ele><time>2026-03-03T07:07:03Z</time></trkpt><trkpt lat="60.234312" lon="24.957705"><ele>40.9</ele><time>2026-03-03T07:07:04Z</time><extensions><gpxtpx:TrackPointExtension><gpxtpx:hr>84</gpxtpx:hr></gpxtpx:TrackPointExtension></extensions></trkpt><trkpt lat="60.234325" lon="24.957697"><ele>41.2</ele><time>2026-03-03T07:07:05Z</time></trkpt><trkpt lat="60.234337" lon="24.957688"><ele>41.1</ele><time>2026-03-03T07:07:06Z</time></trkpt><trkpt lat="60.234348" lon="24.957675"><ele>41.4</ele><time>2026-03-03T07:07:07Z</time></trkpt><trkpt lat="60.234362" lon="24.957668"><ele>42.1</ele><time>2026-03-03T07:07:08Z</time></trkpt><trkpt lat="60.234373" lon="24.95766"><ele>42.7</ele><time>2026-03-03T07:07:09Z</time></trkpt><trkpt lat="60.23439" lon="24.957653"><ele>42.2</ele><time>2026-03-03T07:07:10Z</time></trkpt><trkpt lat="60.234402" lon="24.95764"><ele>41.3</ele><time>2026-03-03T07:07:11Z</time></trkpt><trkpt lat="60.234412" lon="24.957623"><ele>40.5</ele><time>2026-03-03T07:07:12Z</time><extensions><gpxtpx:TrackPointExtension><gpxtpx:hr>82</gpxtpx:hr></gpxtpx:TrackPointExtension></extensions></trkpt><trkpt lat="60.23442" lon="24.95761"><ele>39.7</ele><time>2026-03-03T07:07:13Z</time></trkpt><trkpt lat="60.234428" lon="24.957588"><ele>39.8</ele><time>2026-03-03T07:07:14Z</time></trkpt><trkpt lat="60.234443" lon="24.957578"><ele>40.2</ele><time>2026-03-03T07:07:15Z</time></trkpt><trkpt lat="60.234457" lon="24.957563"><ele>40.8</ele><time>2026-03-03T07:07:16Z</time></trkpt><trkpt lat="60.234472" lon="24.957562"><ele>40.8</ele><time>2026-03-03T07:07:17Z</time></trkpt><trkpt lat="60.234485" lon="24.957555"><ele>41.0</ele><time>2026-03-03T07:07:18Z</time><extensions><gpxtpx:TrackPointExtension><gpxtpx:hr>84</gpxtpx:hr></gpxtpx:TrackPointExtension></extensions></trkpt><trkpt lat="60.234498" lon="24.95754"><ele>41.4</ele><time>2026-03-03T07:07:19Z</time></trkpt><trkpt lat="60.234512" lon="24.957525"><ele>41.0</ele><time>2026-03-03T07:07:20Z</time></trkpt><trkpt lat="60.234523" lon="24.95751"><ele>41.3</ele><time>2026-03-03T07:07:21Z</time></trkpt><trkpt lat="60.234535" lon="24.957495"><ele>42.5</ele><time>2026-03-03T07:07:22Z</time></trkpt><trkpt lat="60.23455" lon="24.957477"><ele>42.3</ele><time>2026-03-03T07:07:23Z</time><extensions><gpxtpx:TrackPointExtension><gpxtpx:hr>84</gpxtpx:hr></gpxtpx:TrackPointExtension></extensions></trkpt><trkpt lat="60.23456" lon="24.957463"><ele>41.9</ele><time>2026-03-03T07:07:24Z</time></trkpt><trkpt lat="60.234573" lon="24.957452"><ele>41.7</ele><time>2026-03-03T07:07:25Z</time></trkpt><trkpt lat="60.234587" lon="24.957443"><ele>41.9</ele><time>2026-03-03T07:07:26Z</time></trkpt><trkpt lat="60.234597" lon="24.957423"><ele>42.3</ele><time>2026-03-03T07:07:27Z</time></trkpt><trkpt lat="60.234608" lon="24.95741"><ele>42.2</ele><time>2026-03-03T07:07:28Z</time><extensions><gpxtpx:TrackPointExtension><gpxtpx:hr>85</gpxtpx:hr></gpxtpx:TrackPointExtension></extensions></trkpt><trkpt lat="60.234622" lon="24.9574"><ele>42.7</ele><time>2026-03-03T07:07:29Z</time></trkpt><trkpt lat="60.234635" lon="24.957393"><ele>43.2</ele><time>2026-03-03T07:07:30Z</time></trkpt><trkpt lat="60.23465" lon="24.957388"><ele>43.9</ele><time>2026-03-03T07:07:31Z</time></trkpt><trkpt lat="60.234663" lon="24.957382"><ele>44.1</ele><time>2026-03-03T07:07:32Z</time></trkpt><trkpt lat="60.234675" lon="24.957373"><ele>44.5</ele><time>2026-03-03T07:07:33Z</time><extensions><gpxtpx:TrackPointExtension><gpxtpx:hr>86</gpxtpx:hr></gpxtpx:TrackPointExtension></extensions></trkpt><trkpt lat="60.234682" lon="24.957352"><ele>43.1</ele><time>2026-03-03T07:07:34Z</time></trkpt><trkpt lat="60.234692" lon="24.957338"><ele>43.1</ele><time>2026-03-03T07:07:35Z</time></trkpt><trkpt lat="60.234697" lon="24.957327"><ele>42.5</ele><time>2026-03-03T07:07:36Z</time></trkpt><trkpt lat="60.234707" lon="24.957315"><ele>41.6</ele><time>2026-03-03T07:07:37Z</time></trkpt><trkpt lat="60.23472" lon="24.957307"><ele>41.9</ele><time>2026-03-03T07:07:38Z</time><extensions><gpxtpx:TrackPointExtension><gpxtpx:hr>87</gpxtpx:hr></gpxtpx:TrackPointExtension></extensions></trkpt><trkpt lat="60.234733" lon="24.957298"><ele>42.4</ele><time>2026-03-03T07:07:39Z</time></trkpt><trkpt lat="60.234743" lon="24.957293"><ele>42.4</ele><time>2026-03-03T07:07:40Z</time></trkpt><trkpt lat="60.234757" lon="24.957285"><ele>43.0</ele><time>2026-03-03T07:07:41Z</time></trkpt><trkpt lat="60.234765" lon="24.957287"><ele>43.0</ele><time>2026-03-03T07:07:42Z</time><extensions><gpxtpx:TrackPointExtension><gpxtpx:hr>86</gpxtpx:hr></gpxtpx:TrackPointExtension></extensions></trkpt><trkpt lat="60.234768" lon="24.957282"><ele>42.7</ele><time>2026-03-03T07:07:43Z</time></trkpt><trkpt lat="60.234782" lon="24.957265"><ele>42.5</ele><time>2026-03-03T07:07:44Z</time><extensions><gpxtpx:TrackPointExtension><gpxtpx:hr>86</gpxtpx:hr></gpxtpx:TrackPointExtension></extensions></trkpt><trkpt lat="60.234793" lon="24.957247"><ele>41.8</ele><time>2026-03-03T07:07:45Z</time></trkpt><trkpt lat="60.234808" lon="24.957238"><ele>41.7</ele><time>2026-03-03T07:07:46Z</time></trkpt><trkpt lat="60.234823" lon="24.957223"><ele>41.7</ele><time>2026-03-03T07:07:47Z</time></trkpt><trkpt lat="60.234835" lon="24.957212"><ele>42.5</ele><time>2026-03-03T07:07:48Z</time></trkpt><trkpt lat="60.23485" lon="24.957202"><ele>42.6</ele><time>2026-03-03T07:07:49Z</time></trkpt><trkpt lat="60.234862" lon="24.957185"><ele>42.4</ele><time>2026-03-03T07:07:50Z</time><extensions><gpxtpx:TrackPointExtension><gpxtpx:hr>88</gpxtpx:hr></gpxtpx:TrackPointExtension></extensions></trkpt><trkpt lat="60.234873" lon="24.957175"><ele>42.4</ele><time>2026-03-03T07:07:51Z</time></trkpt><trkpt lat="60.234885" lon="24.957163"><ele>42.2</ele><time>2026-03-03T07:07:52Z</time></trkpt><trkpt lat="60.234898" lon="24.957153"><ele>42.2</ele><time>2026-03-03T07:07:53Z</time></trkpt><trkpt lat="60.234912" lon="24.95714"><ele>42.2</ele><time>2026-03-03T07:07:54Z</time><extensions><gpxtpx:TrackPointExtension><gpxtpx:hr>88</gpxtpx:hr></gpxtpx:TrackPointExtension></extensions></trkpt><trkpt lat="60.23492" lon="24.957125"><ele>42.8</ele><time>2026-03-03T07:07:55Z</time></trkpt><trkpt lat="60.234933" lon="24.957117"><ele>42.3</ele><time>2026-03-03T07:07:56Z</time></trkpt><trkpt lat="60.234945" lon="24.957117"><ele>42.5</ele><time>2026-03-03T07:07:57Z</time></trkpt><trkpt lat="60.23495" lon="24.95712"><ele>42.4</ele><time>2026-03-03T07:07:58Z</time></trkpt><trkpt lat="60.234967" lon="24.957135"><ele>42.7</ele><time>2026-03-03T07:07:59Z</time></trkpt><trkpt lat="60.234972" lon="24.957147"><ele>42.9</ele><time>2026-03-03T07:08:00Z</time></trkpt><trkpt lat="60.234983" lon="24.957162"><ele>42.2</ele><time>2026-03-03T07:08:01Z</time></trkpt><trkpt lat="60.23499" lon="24.957187"><ele>41.8</ele><time>2026-03-03T07:08:02Z</time><extensions><gpxtpx:TrackPointExtension><gpxtpx:hr>89</gpxtpx:hr></gpxtpx:TrackPointExtension></extensions></trkpt><trkpt lat="60.234997" lon="24.957212"><ele>42.1</ele><time>2026-03-03T07:08:03Z</time></trkpt><trkpt lat="60.235002" lon="24.957237"><ele>42.5</ele><time>2026-03-03T07:08:04Z</time><extensions><gpxtpx:TrackPointExtension><gpxtpx:hr>89</gpxtpx:hr></gpxtpx:TrackPointExtension></extensions></trkpt><trkpt lat="60.235002" lon="24.957248"><ele>42.2</ele><time>2026-03-03T07:08:05Z</time></trkpt><trkpt lat="60.235002" lon="24.957277"><ele>42.0</ele><time>2026-03-03T07:08:06Z</time></trkpt><trkpt lat="60.235005" lon="24.957305"><ele>41.8</ele><time>2026-03-03T07:08:07Z</time></trkpt><trkpt lat="60.23501" lon="24.957327"><ele>42.0</ele><time>2026-03-03T07:08:08Z</time></trkpt><trkpt lat="60.235015" lon="24.95735"><ele>41.9</ele><time>2026-03-03T07:08:09Z</time></trkpt><trkpt lat="60.235018" lon="24.957363"><ele>41.5</ele><time>2026-03-03T07:08:10Z</time><extensions><gpxtpx:TrackPointExtension><gpxtpx:hr>90</gpxtpx:hr></gpxtpx:TrackPointExtension></extensions></trkpt><trkpt lat="60.23502" lon="24.957387"><ele>41.4</ele><time>2026-03-03T07:08:11Z</time></trkpt><trkpt lat="60.235025" lon="24.957412"><ele>42.0</ele><time>2026-03-03T07:08:12Z</time></trkpt><trkpt lat="60.23503" lon="24.957433"><ele>42.1</ele><time>2026-03-03T07:08:13Z</time></trkpt><trkpt lat="60.235037" lon="24.957462"><ele>42.1</ele><time>2026-03-03T07:08:14Z</time><extensions><gpxtpx:TrackPointExtension><gpxtpx:hr>89</gpxtpx:hr></gpxtpx:TrackPointExtension></extensions></trkpt><trkpt lat="60.23504" lon="24.95748"><ele>42.2</ele><time>2026-03-03T07:08:15Z</time></trkpt><trkpt lat="60.235045" lon="24.957502"><ele>42.3</ele><time>2026-03-03T07:08:16Z</time></trkpt><trkpt lat="60.235053" lon="24.95753"><ele>42.3</ele><time>2026-03-03T07:08:17Z</time></trkpt><trkpt lat="60.235058" lon="24.957553"><ele>42.1</ele><time>2026-03-03T07:08:18Z</time></trkpt><trkpt lat="60.235067" lon="24.957575"><ele>41.7</ele><time>2026-03-03T07:08:19Z</time></trkpt><trkpt lat="60.235067" lon="24.957597"><ele>42.4</ele><time>2026-03-03T07:08:20Z</time></trkpt><trkpt lat="60.235077" lon="24.957625"><ele>42.4</ele><time>2026-03-03T07:08:21Z</time></trkpt><trkpt lat="60.235083" lon="24.957647"><ele>42.5</ele><time>2026-03-03T07:08:22Z</time></trkpt><trkpt lat="60.235093" lon="24.95767"><ele>42.7</ele><time>2026-03-03T07:08:23Z</time><extensions><gpxtpx:TrackPointExtension><gpxtpx:hr>88</gpxtpx:hr></gpxtpx:TrackPointExtension></extensions></trkpt><trkpt lat="60.235097" lon="24.957698"><ele>42.3</ele><time>2026-03-03T07:08:24Z</time><extensions><gpxtpx:TrackPointExtension><gpxtpx:hr>89</gpxtpx:hr></gpxtpx:TrackPointExtension></extensions></trkpt><trkpt lat="60.2351" lon="24.957713"><ele>42.3</ele><time>2026-03-03T07:08:25Z</time></trkpt><trkpt lat="60.235103" lon="24.957748"><ele>43.0</ele><time>2026-03-03T07:08:26Z</time></trkpt><trkpt lat="60.235112" lon="24.957773"><ele>42.8</ele><time>2026-03-03T07:08:27Z</time></trkpt><trkpt lat="60.235122" lon="24.957803"><ele>42.4</ele><time>2026-03-03T07:08:28Z</time></trkpt><trkpt lat="60.235127" lon="24.957828"><ele>42.4</ele><time>2026-03-03T07:08:29Z</time></trkpt><trkpt lat="60.235133" lon="24.957848"><ele>42.5</ele><time>2026-03-03T07:08:30Z</time></trkpt><trkpt lat="60.235138" lon="24.957865"><ele>42.7</ele><time>2026-03-03T07:08:31Z</time><extensions><gpxtpx:TrackPointExtension><gpxtpx:hr>89</gpxtpx:hr></gpxtpx:TrackPointExtension></extensions></trkpt><trkpt lat="60.235145" lon="24.95789"><ele>42.8</ele><time>2026-03-03T07:08:32Z</time></trkpt><trkpt lat="60.235155" lon="24.957915"><ele>42.8</ele><time>2026-03-03T07:08:33Z</time></trkpt><trkpt lat="60.235162" lon="24.95794"><ele>42.9</ele><time>2026-03-03T07:08:34Z</time><extensions><gpxtpx:TrackPointExtension><gpxtpx:hr>87</gpxtpx:hr></gpxtpx:TrackPointExtension></extensions></trkpt><trkpt lat="60.235167" lon="24.95797"><ele>42.2</ele><time>2026-03-03T07:08:35Z</time></trkpt><trkpt lat="60.235168" lon="24.957995"><ele>42.3</ele><time>2026-03-03T07:08:36Z</time></trkpt><trkpt lat="60.235175" lon="24.958017"><ele>42.6</ele><time>2026-03-03T07:08:37Z</time></trkpt><trkpt lat="60.235178" lon="24.958042"><ele>42.7</ele><time>2026-03-03T07:08:38Z</time></trkpt><trkpt lat="60.23518" lon="24.95807"><ele>42.5</ele><time>2026-03-03T07:08:39Z</time></trkpt><trkpt lat="60.235187" lon="24.958098"><ele>42.9</ele><time>2026-03-03T07:08:40Z</time></trkpt><trkpt lat="60.235192" lon="24.958123"><ele>42.9</ele><time>2026-03-03T07:08:41Z</time></trkpt><trkpt lat="60.235197" lon="24.95815"><ele>43.1</ele><time>2026-03-03T07:08:42Z</time></trkpt><trkpt lat="60.235203" lon="24.958168"><ele>43.4</ele><time>2026-03-03T07:08:43Z</time><extensions><gpxtpx:TrackPointExtension><gpxtpx:hr>88</gpxtpx:hr></gpxtpx:TrackPointExtension></extensions></trkpt><trkpt lat="60.235205" lon="24.958182"><ele>43.6</ele><time>2026-03-03T07:08:44Z</time></trkpt><trkpt lat="60.235213" lon="24.95822"><ele>43.7</ele><time>2026-03-03T07:08:45Z</time></trkpt><trkpt lat="60.235218" lon="24.958242"><ele>43.3</ele><time>2026-03-03T07:08:46Z</time><extensions><gpxtpx:TrackPointExtension><gpxtpx:hr>86</gpxtpx:hr></gpxtpx:TrackPointExtension></extensions></trkpt><trkpt lat="60.235225" lon="24.958267"><ele>43.7</ele><time>2026-03-03T07:08:47Z</time></trkpt><trkpt lat="60.235232" lon="24.958295"><ele>44.0</ele><time>2026-03-03T07:08:48Z</time></trkpt><trkpt lat="60.235242" lon="24.95832"><ele>43.2</ele><time>2026-03-03T07:08:49Z</time></trkpt><trkpt lat="60.235248" lon="24.958345"><ele>43.1</ele><time>2026-03-03T07:08:50Z</time></trkpt><trkpt lat="60.235255" lon="24.958373"><ele>42.8</ele><time>2026-03-03T07:08:51Z</time><extensions><gpxtpx:TrackPointExtension><gpxtpx:hr>87</gpxtpx:hr></gpxtpx:TrackPointExtension></extensions></trkpt><trkpt lat="60.235265" lon="24.958395"><ele>42.9</ele><time>2026-03-03T07:08:52Z</time></trkpt><trkpt lat="60.23527" lon="24.95842"><ele>42.8</ele><time>2026-03-03T07:08:53Z</time></trkpt><trkpt lat="60.235278" lon="24.958448"><ele>43.1</ele><time>2026-03-03T07:08:54Z</time><extensions><gpxtpx:TrackPointExtension><gpxtpx:hr>88</gpxtpx:hr></gpxtpx:TrackPointExtension></extensions></trkpt><trkpt lat="60.235282" lon="24.958475"><ele>43.0</ele><time>2026-03-03T07:08:55Z</time></trkpt><trkpt lat="60.235287" lon="24.958493"><ele>43.1</ele><time>2026-03-03T07:08:56Z</time></trkpt><trkpt lat="60.235292" lon="24.958512"><ele>43.2</ele><time>2026-03-03T07:08:57Z</time></trkpt><trkpt lat="60.2353" lon="24.958542"><ele>43.1</ele><time>2026-03-03T07:08:58Z</time></trkpt><trkpt lat="60.235305" lon="24.958568"><ele>43.1</ele><time>2026-03-03T07:08:59Z</time></trkpt><trkpt lat="60.235308" lon="24.95859"><ele>43.2</ele><time>2026-03-03T07:09:00Z</time></trkpt><trkpt lat="60.235313" lon="24.958615"><ele>42.9</ele><time>2026-03-03T07:09:01Z</time></trkpt><trkpt lat="60.235318" lon="24.958627"><ele>42.5</ele><time>2026-03-03T07:09:02Z</time><extensions><gpxtpx:TrackPointExtension><gpxtpx:hr>86</gpxtpx:hr></gpxtpx:TrackPointExtension></extensions></trkpt><trkpt lat="60.235323" lon="24.958653"><ele>42.6</ele><time>2026-03-03T07:09:03Z</time></trkpt><trkpt lat="60.23533" lon="24.958682"><ele>43.3</ele><time>2026-03-03T07:09:04Z</time></trkpt><trkpt lat="60.235335" lon="24.95871"><ele>42.7</ele><time>2026-03-03T07:09:05Z</time></trkpt><trkpt lat="60.23534" lon="24.958735"><ele>42.7</ele><time>2026-03-03T07:09:06Z</time></trkpt><trkpt lat="60.235343" lon="24.958757"><ele>43.2</ele><time>2026-03-03T07:09:07Z</time><extensions><gpxtpx:TrackPointExtension><gpxtpx:hr>87</gpxtpx:hr></gpxtpx:TrackPointExtension></extensions></trkpt><trkpt lat="60.235342" lon="24.958782"><ele>42.8</ele><time>2026-03-03T07:09:08Z</time></trkpt><trkpt lat="60.235345" lon="24.958802"><ele>42.9</ele><time>2026-03-03T07:09:09Z</time><extensions><gpxtpx:TrackPointExtension><gpxtpx:hr>87</gpxtpx:hr></gpxtpx:TrackPointExtension></extensions></trkpt><trkpt lat="60.23535" lon="24.958822"><ele>42.7</ele><time>2026-03-03T07:09:10Z</time></trkpt><trkpt lat="60.235357" lon="24.95884"><ele>42.8</ele><time>2026-03-03T07:09:11Z</time></trkpt><trkpt lat="60.23536" lon="24.958862"><ele>43.2</ele><time>2026-03-03T07:09:12Z</time></trkpt><trkpt lat="60.235365" lon="24.95888"><ele>42.8</ele><time>2026-03-03T07:09:13Z</time></trkpt><trkpt lat="60.235372" lon="24.958902"><ele>42.6</ele><time>2026-03-03T07:09:14Z</time><extensions><gpxtpx:TrackPointExtension><gpxtpx:hr>86</gpxtpx:hr></gpxtpx:TrackPointExtension></extensions></trkpt><trkpt lat="60.235378" lon="24.958917"><ele>42.2</ele><time>2026-03-03T07:09:15Z</time></trkpt><trkpt lat="60.235392" lon="24.958948"><ele>42.6</ele><time>2026-03-03T07:09:16Z</time></trkpt><trkpt lat="60.235407" lon="24.958963"><ele>43.0</ele><time>2026-03-03T07:09:17Z</time></trkpt><trkpt lat="60.235423" lon="24.95897"><ele>43.1</ele><time>2026-03-03T07:09:18Z</time></trkpt><trkpt lat="60.23544" lon="24.958973"><ele>43.0</ele><time>2026-03-03T07:09:19Z</time></trkpt><trkpt lat="60.23546" lon="24.958967"><ele>42.8</ele><time>2026-03-03T07:09:20Z</time></trkpt><trkpt lat="60.235477" lon="24.958952"><ele>42.2</ele><time>2026-03-03T07:09:21Z</time></trkpt><trkpt lat="60.235495" lon="24.95894"><ele>41.3</ele><time>2026-03-03T07:09:22Z</time></trkpt><trkpt lat="60.235518" lon="24.958932"><ele>42.4</ele><time>2026-03-03T07:09:23Z</time><extensions><gpxtpx:TrackPointExtension><gpxtpx:hr>88</gpxtpx:hr></gpxtpx:TrackPointExtension></extensions></trkpt><trkpt lat="60.235532" lon="24.958913"><ele>42.4</ele><time>2026-03-03T07:09:24Z</time></trkpt><trkpt lat="60.235545" lon="24.958898"><ele>42.0</ele><time>2026-03-03T07:09:25Z</time></trkpt><trkpt lat="60.235562" lon="24.95889"><ele>41.1</ele><time>2026-03-03T07:09:26Z</time><extensions><gpxtpx:TrackPointExtension><gpxtpx:hr>88</gpxtpx:hr></gpxtpx:TrackPointExtension></extensions></trkpt><trkpt lat="60.235575" lon="24.958883"><ele>41.5</ele><time>2026-03-03T07:09:27Z</time></trkpt><trkpt lat="60.235585" lon="24.958877"><ele>41.6</ele><time>2026-03-03T07:09:28Z</time></trkpt><trkpt lat="60.235593" lon="24.958875"><ele>41.5</ele><time>2026-03-03T07:09:29Z</time><extensions><gpxtpx:TrackPointExtension><gpxtpx:hr>88</gpxtpx:hr></gpxtpx:TrackPointExtension></extensions></trkpt><trkpt lat="60.235608" lon="24.958863"><ele>42.0</ele><time>2026-03-03T07:09:30Z</time></trkpt><trkpt lat="60.23562" lon="24.958862"><ele>41.6</ele><time>2026-03-03T07:09:31Z</time></trkpt><trkpt lat="60.235628" lon="24.958878"><ele>42.1</ele><time>2026-03-03T07:09:32Z</time></trkpt><trkpt lat="60.23564" lon="24.958898"><ele>41.9</ele><time>2026-03-03T07:09:33Z</time></trkpt><trkpt lat="60.235657" lon="24.958915"><ele>42.8</ele><time>2026-03-03T07:09:34Z</time><extensions><gpxtpx:TrackPointExtension><gpxtpx:hr>89</gpxtpx:hr></gpxtpx:TrackPointExtension></extensions></trkpt><trkpt lat="60.23567" lon="24.958917"><ele>42.6</ele><time>2026-03-03T07:09:35Z</time></trkpt><trkpt lat="60.235685" lon="24.95891"><ele>42.9</ele><time>2026-03-03T07:09:36Z</time></trkpt><trkpt lat="60.2357" lon="24.95891"><ele>43.0</ele><time>2026-03-03T07:09:37Z</time></trkpt><trkpt lat="60.235712" lon="24.95891"><ele>43.1</ele><time>2026-03-03T07:09:38Z</time></trkpt><trkpt lat="60.235725" lon="24.958907"><ele>43.0</ele><time>2026-03-03T07:09:39Z</time><extensions><gpxtpx:TrackPointExtension><gpxtpx:hr>88</gpxtpx:hr></gpxtpx:TrackPointExtension></extensions></trkpt><trkpt lat="60.23574" lon="24.958897"><ele>42.9</ele><time>2026-03-03T07:09:40Z</time></trkpt><trkpt lat="60.235753" lon="24.958893"><ele>43.5</ele><time>2026-03-03T07:09:41Z</time></trkpt><trkpt lat="60.235763" lon="24.95889"><ele>44.3</ele><time>2026-03-03T07:09:42Z</time></trkpt><trkpt lat="60.235783" lon="24.958883"><ele>44.1</ele><time>2026-03-03T07:09:43Z</time></trkpt><trkpt lat="60.235797" lon="24.958878"><ele>44.8</ele><time>2026-03-03T07:09:44Z</time></trkpt><trkpt lat="60.235805" lon="24.958878"><ele>45.3</ele><time>2026-03-03T07:09:45Z</time><extensions><gpxtpx:TrackPointExtension><gpxtpx:hr>88</gpxtpx:hr></gpxtpx:TrackPointExtension></extensions></trkpt><trkpt lat="60.235815" lon="24.958863"><ele>45.0</ele><time>2026-03-03T07:09:46Z</time></trkpt><trkpt lat="60.235827" lon="24.958852"><ele>45.6</ele><time>2026-03-03T07:09:47Z</time></trkpt><trkpt lat="60.235837" lon="24.958852"><ele>45.6</ele><time>2026-03-03T07:09:48Z</time></trkpt><trkpt lat="60.235842" lon="24.958852"><ele>45.6</ele><time>2026-03-03T07:09:49Z</time><extensions><gpxtpx:TrackPointExtension><gpxtpx:hr>90</gpxtpx:hr></gpxtpx:TrackPointExtension></extensions></trkpt><trkpt lat="60.235848" lon="24.958842"><ele>45.2</ele><time>2026-03-03T07:09:50Z</time></trkpt><trkpt lat="60.235858" lon="24.95883"><ele>45.2</ele><time>2026-03-03T07:09:51Z</time></trkpt><trkpt lat="60.235875" lon="24.958813"><ele>45.3</ele><time>2026-03-03T07:09:52Z</time></trkpt><trkpt lat="60.235892" lon="24.9588"><ele>45.0</ele><time>2026-03-03T07:09:53Z</time></trkpt><trkpt lat="60.235903" lon="24.958785"><ele>44.2</ele><time>2026-03-03T07:09:54Z</time></trkpt><trkpt lat="60.235912" lon="24.95878"><ele>43.1</ele><time>2026-03-03T07:09:55Z</time></trkpt><trkpt lat="60.235927" lon="24.95877"><ele>43.0</ele><time>2026-03-03T07:09:56Z</time></trkpt><trkpt lat="60.23594" lon="24.958762"><ele>43.3</ele><time>2026-03-03T07:09:57Z</time><extensions><gpxtpx:TrackPointExtension><gpxtpx:hr>95</gpxtpx:hr></gpxtpx:TrackPointExtension></extensions></trkpt><trkpt lat="60.23595" lon="24.95874"><ele>42.8</ele><time>2026-03-03T07:09:58Z</time></trkpt><trkpt lat="60.235962" lon="24.958728"><ele>42.9</ele><time>2026-03-03T07:09:59Z</time><extensions><gpxtpx:TrackPointExtension><gpxtpx:hr>94</gpxtpx:hr></gpxtpx:TrackPointExtension></extensions></trkpt><trkpt lat="60.235978" lon="24.95872"><ele>42.9</ele><time>2026-03-03T07:10:00Z</time></trkpt><trkpt lat="60.236003" lon="24.958708"><ele>42.2</ele><time>2026-03-03T07:10:01Z</time></trkpt><trkpt lat="60.236013" lon="24.958693"><ele>41.9</ele><time>2026-03-03T07:10:02Z</time></trkpt><trkpt lat="60.236032" lon="24.958685"><ele>42.7</ele><time>2026-03-03T07:10:03Z</time></trkpt><trkpt lat="60.236038" lon="24.95869"><ele>42.5</ele><time>2026-03-03T07:10:04Z</time></trkpt><trkpt lat="60.236043" lon="24.958705"><ele>42.8</ele><time>2026-03-03T07:10:05Z</time></trkpt><trkpt lat="60.236055" lon="24.95872"><ele>43.2</ele><time>2026-03-03T07:10:06Z</time></trkpt><trkpt lat="60.236063" lon="24.958722"><ele>43.0</ele><time>2026-03-03T07:10:07Z</time></trkpt><trkpt lat="60.236073" lon="24.95873"><ele>43.2</ele><time>2026-03-03T07:10:08Z</time><extensions><gpxtpx:TrackPointExtension><gpxtpx:hr>92</gpxtpx:hr></gpxtpx:TrackPointExtension></extensions></trkpt><trkpt lat="60.23608" lon="24.958747"><ele>43.2</ele><time>2026-03-03T07:10:09Z</time></trkpt><trkpt lat="60.236092" lon="24.958765"><ele>43.1</ele><time>2026-03-03T07:10:10Z</time></trkpt><trkpt lat="60.236107" lon="24.958782"><ele>42.9</ele><time>2026-03-03T07:10:11Z</time></trkpt><trkpt lat="60.236115" lon="24.958803"><ele>43.3</ele><time>2026-03-03T07:10:12Z</time></trkpt><trkpt lat="60.236125" lon="24.958827"><ele>43.8</ele><time>2026-03-03T07:10:13Z</time><extensions><gpxtpx:TrackPointExtension><gpxtpx:hr>91</gpxtpx:hr></gpxtpx:TrackPointExtension></extensions></trkpt><trkpt lat="60.236133" lon="24.958848"><ele>43.5</ele><time>2026-03-03T07:10:14Z</time></trkpt><trkpt lat="60.23614" lon="24.958865"><ele>43.4</ele><time>2026-03-03T07:10:15Z</time></trkpt><trkpt lat="60.236147" lon="24.958892"><ele>43.7</ele><time>2026-03-03T07:10:16Z</time></trkpt><trkpt lat="60.23615" lon="24.958915"><ele>43.7</ele><time>2026-03-03T07:10:17Z</time></trkpt><trkpt lat="60.236153" lon="24.958937"><ele>44.0</ele><time>2026-03-03T07:10:18Z</time><extensions><gpxtpx:TrackPointExtension><gpxtpx:hr>92</gpxtpx:hr></gpxtpx:TrackPointExtension></extensions></trkpt><trkpt lat="60.236158" lon="24.958965"><ele>44.9</ele><time>2026-03-03T07:10:19Z</time></trkpt><trkpt lat="60.236167" lon="24.958985"><ele>45.2</ele><time>2026-03-03T07:10:20Z</time></trkpt><trkpt lat="60.236177" lon="24.95901"><ele>45.7</ele><time>2026-03-03T07:10:21Z</time><extensions><gpxtpx:TrackPointExtension><gpxtpx:hr>91</gpxtpx:hr></gpxtpx:TrackPointExtension></extensions></trkpt><trkpt lat="60.236188" lon="24.959027"><ele>46.0</ele><time>2026-03-03T07:10:22Z</time></trkpt><trkpt lat="60.236202" lon="24.95904"><ele>47.2</ele><time>2026-03-03T07:10:23Z</time></trkpt><trkpt lat="60.236213" lon="24.959045"><ele>47.5</ele><time>2026-03-03T07:10:24Z</time><extensions><gpxtpx:TrackPointExtension><gpxtpx:hr>91</gpxtpx:hr></gpxtpx:TrackPointExtension></extensions></trkpt><trkpt lat="60.23623" lon="24.95905"><ele>47.3</ele><time>2026-03-03T07:10:25Z</time></trkpt><trkpt lat="60.236243" lon="24.959063"><ele>47.8</ele><time>2026-03-03T07:10:26Z</time></trkpt><trkpt lat="60.236252" lon="24.959075"><ele>48.2</ele><time>2026-03-03T07:10:27Z</time></trkpt><trkpt lat="60.236263" lon="24.959083"><ele>48.5</ele><time>2026-03-03T07:10:28Z</time></trkpt><trkpt lat="60.236278" lon="24.95909"><ele>48.4</ele><time>2026-03-03T07:10:29Z</time><extensions><gpxtpx:TrackPointExtension><gpxtpx:hr>89</gpxtpx:hr></gpxtpx:TrackPointExtension></extensions></trkpt><trkpt lat="60.23629" lon="24.959105"><ele>48.5</ele><time>2026-03-03T07:10:30Z</time></trkpt><trkpt lat="60.236307" lon="24.959112"><ele>49.0</ele><time>2026-03-03T07:10:31Z</time></trkpt><trkpt lat="60.236317" lon="24.959122"><ele>49.1</ele><time>2026-03-03T07:10:32Z</time></trkpt><trkpt lat="60.236328" lon="24.959112"><ele>48.6</ele><time>2026-03-03T07:10:33Z</time></trkpt><trkpt lat="60.236342" lon="24.959113"><ele>48.5</ele><time>2026-03-03T07:10:34Z</time></trkpt><trkpt lat="60.236355" lon="24.959118"><ele>48.8</ele><time>2026-03-03T07:10:35Z</time></trkpt><trkpt lat="60.236367" lon="24.95912"><ele>48.4</ele><time>2026-03-03T07:10:36Z</time></trkpt><trkpt lat="60.236377" lon="24.95913"><ele>48.5</ele><time>2026-03-03T07:10:37Z</time></trkpt><trkpt lat="60.23639" lon="24.959137"><ele>48.6</ele><time>2026-03-03T07:10:38Z</time><extensions><gpxtpx:TrackPointExtension><gpxtpx:hr>91</gpxtpx:hr></gpxtpx:TrackPointExtension></extensions></trkpt><trkpt lat="60.2364" lon="24.95915"><ele>48.9</ele><time>2026-03-03T07:10:39Z</time></trkpt><trkpt lat="60.236408" lon="24.959158"><ele>49.1</ele><time>2026-03-03T07:10:40Z</time></trkpt><trkpt lat="60.236418" lon="24.959172"><ele>49.1</ele><time>2026-03-03T07:10:41Z</time><extensions><gpxtpx:TrackPointExtension><gpxtpx:hr>92</gpxtpx:hr></gpxtpx:TrackPointExtension></extensions></trkpt><trkpt lat="60.236425" lon="24.959185"><ele>49.8</ele><time>2026-03-03T07:10:42Z</time></trkpt><trkpt lat="60.236437" lon="24.959195"><ele>50.2</ele><time>2026-03-03T07:10:43Z</time></trkpt><trkpt lat="60.23645" lon="24.959207"><ele>50.3</ele><time>2026-03-03T07:10:44Z</time><extensions><gpxtpx:TrackPointExtension><gpxtpx:hr>92</gpxtpx:hr></gpxtpx:TrackPointExtension></extensions></trkpt><trkpt lat="60.236467" lon="24.95923"><ele>50.6</ele><time>2026-03-03T07:10:45Z</time></trkpt><trkpt lat="60.236477" lon="24.959245"><ele>50.8</ele><time>2026-03-03T07:10:46Z</time></trkpt><trkpt lat="60.236488" lon="24.959257"><ele>51.0</ele><time>2026-03-03T07:10:47Z</time></trkpt><trkpt lat="60.236503" lon="24.959265"><ele>50.7</ele><time>2026-03-03T07:10:48Z</time></trkpt><trkpt lat="60.236517" lon="24.959277"><ele>50.4</ele><time>2026-03-03T07:10:49Z</time><extensions><gpxtpx:TrackPointExtension><gpxtpx:hr>92</gpxtpx:hr></gpxtpx:TrackPointExtension></extensions></trkpt><trkpt lat="60.23653" lon="24.959295"><ele>51.1</ele><time>2026-03-03T07:10:50Z</time></trkpt><trkpt lat="60.236545" lon="24.9593"><ele>51.0</ele><time>2026-03-03T07:10:51Z</time></trkpt><trkpt lat="60.236565" lon="24.959302"><ele>51.1</ele><time>2026-03-03T07:10:52Z</time></trkpt><trkpt lat="60.236583" lon="24.959305"><ele>51.3</ele><time>2026-03-03T07:10:53Z</time></trkpt><trkpt lat="60.2366" lon="24.959292"><ele>51.5</ele><time>2026-03-03T07:10:54Z</time></trkpt><trkpt lat="60.236615" lon="24.959265"><ele>51.3</ele><time>2026-03-03T07:10:55Z</time><extensions><gpxtpx:TrackPointExtension><gpxtpx:hr>92</gpxtpx:hr></gpxtpx:TrackPointExtension></extensions></trkpt><trkpt lat="60.23663" lon="24.959237"><ele>50.7</ele><time>2026-03-03T07:10:56Z</time></trkpt><trkpt lat="60.236638" lon="24.959213"><ele>50.3</ele><time>2026-03-03T07:10:57Z</time></trkpt><trkpt lat="60.236643" lon="24.959212"><ele>50.4</ele><time>2026-03-03T07:10:58Z</time></trkpt><trkpt lat="60.236638" lon="24.959223"><ele>50.7</ele><time>2026-03-03T07:10:59Z</time><extensions><gpxtpx:TrackPointExtension><gpxtpx:hr>91</gpxtpx:hr></gpxtpx:TrackPointExtension></extensions></trkpt><trkpt lat="60.236637" lon="24.959258"><ele>49.9</ele><time>2026-03-03T07:11:00Z</time></trkpt><trkpt lat="60.23664" lon="24.959283"><ele>50.8</ele><time>2026-03-03T07:11:01Z</time></trkpt><trkpt lat="60.236648" lon="24.959292"><ele>50.5</ele><time>2026-03-03T07:11:02Z</time></trkpt><trkpt lat="60.236655" lon="24.959303"><ele>50.8</ele><time>2026-03-03T07:11:03Z</time></trkpt><trkpt lat="60.236667" lon="24.959303"><ele>49.9</ele><time>2026-03-03T07:11:04Z</time></trkpt><trkpt lat="60.236672" lon="24.959307"><ele>50.1</ele><time>2026-03-03T07:11:05Z</time></trkpt><trkpt lat="60.23668" lon="24.959313"><ele>50.1</ele><time>2026-03-03T07:11:06Z</time></trkpt><trkpt lat="60.236693" lon="24.959313"><ele>50.0</ele><time>2026-03-03T07:11:07Z</time><extensions><gpxtpx:TrackPointExtension><gpxtpx:hr>91</gpxtpx:hr></gpxtpx:TrackPointExtension></extensions></trkpt><trkpt lat="60.2367" lon="24.959313"><ele>49.4</ele><time>2026-03-03T07:11:08Z</time></trkpt><trkpt lat="60.236708" lon="24.959318"><ele>49.6</ele><time>2026-03-03T07:11:09Z</time></trkpt><trkpt lat="60.23671" lon="24.959328"><ele>48.8</ele><time>2026-03-03T07:11:10Z</time></trkpt><trkpt lat="60.236718" lon="24.959337"><ele>48.7</ele><time>2026-03-03T07:11:11Z</time></trkpt><trkpt lat="60.236727" lon="24.959342"><ele>48.3</ele><time>2026-03-03T07:11:12Z</time></trkpt><trkpt lat="60.236735" lon="24.959342"><ele>48.5</ele><time>2026-03-03T07:11:13Z</time><extensions><gpxtpx:TrackPointExtension><gpxtpx:hr>91</gpxtpx:hr></gpxtpx:TrackPointExtension></extensions></trkpt><trkpt lat="60.236743" lon="24.95935"><ele>48.7</ele><time>2026-03-03T07:11:14Z</time></trkpt><trkpt lat="60.236752" lon="24.959357"><ele>49.0</ele><time>2026-03-03T07:11:15Z</time><extensions><gpxtpx:TrackPointExtension><gpxtpx:hr>90</gpxtpx:hr></gpxtpx:TrackPointExtension></extensions></trkpt><trkpt lat="60.23676" lon="24.95936"><ele>49.0</ele><time>2026-03-03T07:11:16Z</time></trkpt><trkpt lat="60.236773" lon="24.959368"><ele>49.1</ele><time>2026-03-03T07:11:17Z</time></trkpt><trkpt lat="60.23678" lon="24.959368"><ele>48.6</ele><time>2026-03-03T07:11:18Z</time></trkpt><trkpt lat="60.236785" lon="24.959373"><ele>48.2</ele><time>2026-03-03T07:11:19Z</time></trkpt><trkpt lat="60.236797" lon="24.95938"><ele>48.6</ele><time>2026-03-03T07:11:20Z</time></trkpt><trkpt lat="60.236802" lon="24.959395"><ele>49.0</ele><time>2026-03-03T07:11:21Z</time></trkpt><trkpt lat="60.236807" lon="24.959422"><ele>48.8</ele><time>2026-03-03T07:11:22Z</time></trkpt><trkpt lat="60.236808" lon="24.959442"><ele>49.2</ele><time>2026-03-03T07:11:23Z</time><extensions><gpxtpx:TrackPointExtension><gpxtpx:hr>90</gpxtpx:hr></gpxtpx:TrackPointExtension></extensions></trkpt><trkpt lat="60.236808" lon="24.959455"><ele>49.1</ele><time>2026-03-03T07:11:24Z</time></trkpt><trkpt lat="60.236807" lon="24.959463"><ele>48.9</ele><time>2026-03-03T07:11:25Z</time></trkpt><trkpt lat="60.23681" lon="24.959482"><ele>48.8</ele><time>2026-03-03T07:11:26Z</time><extensions><gpxtpx:TrackPointExtension><gpxtpx:hr>89</gpxtpx:hr></gpxtpx:TrackPointExtension></extensions></trkpt><trkpt lat="60.236817" lon="24.9595"><ele>49.3</ele><time>2026-03-03T07:11:27Z</time></trkpt><trkpt lat="60.236818" lon="24.959515"><ele>49.0</ele><time>2026-03-03T07:11:28Z</time></trkpt><trkpt lat="60.236822" lon="24.959533"><ele>49.4</ele><time>2026-03-03T07:11:29Z</time><extensions><gpxtpx:TrackPointExtension><gpxtpx:hr>89</gpxtpx:hr></gpxtpx:TrackPointExtension></extensions></trkpt><trkpt lat="60.236827" lon="24.959555"><ele>49.7</ele><time>2026-03-03T07:11:30Z</time></trkpt><trkpt lat="60.23683" lon="24.959572"><ele>49.4</ele><time>2026-03-03T07:11:32Z</time></trkpt><trkpt lat="60.236835" lon="24.959592"><ele>49.5</ele><time>2026-03-03T07:11:33Z</time></trkpt><trkpt lat="60.236842" lon="24.95961"><ele>49.5</ele><time>2026-03-03T07:11:34Z</time></trkpt><trkpt lat="60.236847" lon="24.959627"><ele>49.9</ele><time>2026-03-03T07:11:35Z</time></trkpt><trkpt lat="60.236853" lon="24.959653"><ele>50.7</ele><time>2026-03-03T07:11:36Z</time></trkpt><trkpt lat="60.236862" lon="24.959667"><ele>50.6</ele><time>2026-03-03T07:11:37Z</time><extensions><gpxtpx:TrackPointExtension><gpxtpx:hr>87</gpxtpx:hr></gpxtpx:TrackPointExtension></extensions></trkpt><trkpt lat="60.236867" lon="24.959672"><ele>49.9</ele><time>2026-03-03T07:11:38Z</time></trkpt><trkpt lat="60.236872" lon="24.959692"><ele>49.7</ele><time>2026-03-03T07:11:39Z</time></trkpt><trkpt lat="60.236875" lon="24.959708"><ele>49.7</ele><time>2026-03-03T07:11:40Z</time></trkpt><trkpt lat="60.236882" lon="24.959717"><ele>49.7</ele><time>2026-03-03T07:11:41Z</time></trkpt><trkpt lat="60.236897" lon="24.959727"><ele>49.5</ele><time>2026-03-03T07:11:42Z</time></trkpt><trkpt lat="60.236908" lon="24.959737"><ele>49.3</ele><time>2026-03-03T07:11:43Z</time><extensions><gpxtpx:TrackPointExtension><gpxtpx:hr>86</gpxtpx:hr></gpxtpx:TrackPointExtension></extensions></trkpt><trkpt lat="60.236915" lon="24.959745"><ele>49.2</ele><time>2026-03-03T07:11:44Z</time><extensions><gpxtpx:TrackPointExtension><gpxtpx:hr>87</gpxtpx:hr></gpxtpx:TrackPointExtension></extensions></trkpt><trkpt lat="60.236923" lon="24.959752"><ele>49.1</ele><time>2026-03-03T07:11:45Z</time></trkpt><trkpt lat="60.23694" lon="24.959763"><ele>48.6</ele><time>2026-03-03T07:11:46Z</time></trkpt><trkpt lat="60.236953" lon="24.959775"><ele>48.4</ele><time>2026-03-03T07:11:47Z</time></trkpt><trkpt lat="60.23696" lon="24.959783"><ele>48.9</ele><time>2026-03-03T07:11:48Z</time></trkpt><trkpt lat="60.236965" lon="24.959793"><ele>48.8</ele><time>2026-03-03T07:11:49Z</time></trkpt><trkpt lat="60.236962" lon="24.959815"><ele>48.6</ele><time>2026-03-03T07:11:50Z</time></trkpt><trkpt lat="60.236965" lon="24.959833"><ele>48.8</ele><time>2026-03-03T07:11:51Z</time></trkpt><trkpt lat="60.236968" lon="24.959853"><ele>48.9</ele><time>2026-03-03T07:11:51Z</time></trkpt><trkpt lat="60.236972" lon="24.959873"><ele>49.5</ele><time>2026-03-03T07:11:52Z</time></trkpt><trkpt lat="60.236975" lon="24.95989"><ele>49.5</ele><time>2026-03-03T07:11:53Z</time><extensions><gpxtpx:TrackPointExtension><gpxtpx:hr>84</gpxtpx:hr></gpxtpx:TrackPointExtension></extensions></trkpt><trkpt lat="60.23698" lon="24.959902"><ele>48.4</ele><time>2026-03-03T07:11:54Z</time></trkpt><trkpt lat="60.236983" lon="24.95992"><ele>48.8</ele><time>2026-03-03T07:11:55Z</time></trkpt><trkpt lat="60.236985" lon="24.959938"><ele>48.4</ele><time>2026-03-03T07:11:56Z</time></trkpt><trkpt lat="60.236988" lon="24.959957"><ele>48.1</ele><time>2026-03-03T07:11:57Z</time></trkpt><trkpt lat="60.236992" lon="24.959978"><ele>47.8</ele><time>2026-03-03T07:11:58Z</time><extensions><gpxtpx:TrackPointExtension><gpxtpx:hr>79</gpxtpx:hr></gpxtpx:TrackPointExtension></extensions></trkpt><trkpt lat="60.236993" lon="24.959995"><ele>47.5</ele><time>2026-03-03T07:11:59Z</time></trkpt><trkpt lat="60.236993" lon="24.960017"><ele>46.5</ele><time>2026-03-03T07:12:00Z</time><extensions><gpxtpx:TrackPointExtension><gpxtpx:hr>79</gpxtpx:hr></gpxtpx:TrackPointExtension></extensions></trkpt><trkpt lat="60.236993" lon="24.960037"><ele>46.6</ele><time>2026-03-03T07:12:01Z</time></trkpt><trkpt lat="60.236993" lon="24.960057"><ele>46.6</ele><time>2026-03-03T07:12:02Z</time></trkpt><trkpt lat="60.236997" lon="24.960072"><ele>46.5</ele><time>2026-03-03T07:12:03Z</time></trkpt><trkpt lat="60.236997" lon="24.960097"><ele>46.2</ele><time>2026-03-03T07:12:04Z</time><extensions><gpxtpx:TrackPointExtension><gpxtpx:hr>79</gpxtpx:hr></gpxtpx:TrackPointExtension></extensions></trkpt><trkpt lat="60.236998" lon="24.960113"><ele>46.5</ele><time>2026-03-03T07:12:05Z</time></trkpt><trkpt lat="60.237002" lon="24.960138"><ele>46.8</ele><time>2026-03-03T07:12:06Z</time></trkpt><trkpt lat="60.237003" lon="24.960155"><ele>47.4</ele><time>2026-03-03T07:12:07Z</time></trkpt><trkpt lat="60.237" lon="24.960172"><ele>47.6</ele><time>2026-03-03T07:12:08Z</time></trkpt><trkpt lat="60.236997" lon="24.960188"><ele>47.6</ele><time>2026-03-03T07:12:09Z</time><extensions><gpxtpx:TrackPointExtension><gpxtpx:hr>78</gpxtpx:hr></gpxtpx:TrackPointExtension></extensions></trkpt><trkpt lat="60.236997" lon="24.960202"><ele>47.6</ele><time>2026-03-03T07:12:10Z</time></trkpt><trkpt lat="60.236997" lon="24.960203"><ele>47.1</ele><time>2026-03-03T07:12:11Z</time></trkpt><trkpt lat="60.236988" lon="24.96022"><ele>47.7</ele><time>2026-03-03T07:12:12Z</time></trkpt><trkpt lat="60.236983" lon="24.96024"><ele>47.6</ele><time>2026-03-03T07:12:13Z</time></trkpt><trkpt lat="60.236983" lon="24.960265"><ele>47.4</ele><time>2026-03-03T07:12:14Z</time></trkpt><trkpt lat="60.236985" lon="24.960302"><ele>47.6</ele><time>2026-03-03T07:12:15Z</time></trkpt><trkpt lat="60.236992" lon="24.960323"><ele>47.1</ele><time>2026-03-03T07:12:16Z</time></trkpt><trkpt lat="60.236987" lon="24.960345"><ele>47.3</ele><time>2026-03-03T07:12:17Z</time></trkpt><trkpt lat="60.236988" lon="24.960362"><ele>47.3</ele><time>2026-03-03T07:12:18Z</time><extensions><gpxtpx:TrackPointExtension><gpxtpx:hr>79</gpxtpx:hr></gpxtpx:TrackPointExtension></extensions></trkpt><trkpt lat="60.236992" lon="24.96038"><ele>47.1</ele><time>2026-03-03T07:12:19Z</time></trkpt><trkpt lat="60.237" lon="24.960398"><ele>47.2</ele><time>2026-03-03T07:12:20Z</time></trkpt><trkpt lat="60.23701" lon="24.960412"><ele>47.3</ele><time>2026-03-03T07:12:21Z</time></trkpt><trkpt lat="60.237022" lon="24.960418"><ele>46.9</ele><time>2026-03-03T07:12:22Z</time></trkpt><trkpt lat="60.23703" lon="24.960427"><ele>46.4</ele><time>2026-03-03T07:12:23Z</time><extensions><gpxtpx:TrackPointExtension><gpxtpx:hr>79</gpxtpx:hr></gpxtpx:TrackPointExtension></extensions></trkpt><trkpt lat="60.237043" lon="24.960442"><ele>46.1</ele><time>2026-03-03T07:12:24Z</time></trkpt><trkpt lat="60.237055" lon="24.960442"><ele>45.9</ele><time>2026-03-03T07:12:25Z</time></trkpt><trkpt lat="60.237063" lon="24.960443"><ele>45.5</ele><time>2026-03-03T07:12:26Z</time></trkpt><trkpt lat="60.237067" lon="24.960457"><ele>45.4</ele><time>2026-03-03T07:12:27Z</time></trkpt><trkpt lat="60.237075" lon="24.96047"><ele>44.8</ele><time>2026-03-03T07:12:28Z</time><extensions><gpxtpx:TrackPointExtension><gpxtpx:hr>78</gpxtpx:hr></gpxtpx:TrackPointExtension></extensions></trkpt><trkpt lat="60.237087" lon="24.960482"><ele>44.6</ele><time>2026-03-03T07:12:29Z</time></trkpt><trkpt lat="60.237093" lon="24.960482"><ele>45.2</ele><time>2026-03-03T07:12:30Z</time></trkpt><trkpt lat="60.237103" lon="24.9605"><ele>45.3</ele><time>2026-03-03T07:12:31Z</time><extensions><gpxtpx:TrackPointExtension><gpxtpx:hr>78</gpxtpx:hr></gpxtpx:TrackPointExtension></extensions></trkpt><trkpt lat="60.23711" lon="24.960512"><ele>45.7</ele><time>2026-03-03T07:12:32Z</time></trkpt><trkpt lat="60.237122" lon="24.960505"><ele>45.4</ele><time>2026-03-03T07:12:33Z</time></trkpt><trkpt lat="60.237137" lon="24.960508"><ele>44.7</ele><time>2026-03-03T07:12:34Z</time><extensions><gpxtpx:TrackPointExtension><gpxtpx:hr>78</gpxtpx:hr></gpxtpx:TrackPointExtension></extensions></trkpt><trkpt lat="60.237155" lon="24.960507"><ele>44.2</ele><time>2026-03-03T07:12:35Z</time></trkpt><trkpt lat="60.237163" lon="24.960503"><ele>44.1</ele><time>2026-03-03T07:12:36Z</time></trkpt><trkpt lat="60.23718" lon="24.960512"><ele>43.5</ele><time>2026-03-03T07:12:37Z</time></trkpt><trkpt lat="60.2372" lon="24.960508"><ele>43.0</ele><time>2026-03-03T07:12:38Z</time></trkpt><trkpt lat="60.237215" lon="24.960527"><ele>42.2</ele><time>2026-03-03T07:12:39Z</time><extensions><gpxtpx:TrackPointExtension><gpxtpx:hr>78</gpxtpx:hr></gpxtpx:TrackPointExtension></extensions></trkpt><trkpt lat="60.237227" lon="24.960538"><ele>42.6</ele><time>2026-03-03T07:12:40Z</time></trkpt><trkpt lat="60.237235" lon="24.960545"><ele>42.9</ele><time>2026-03-03T07:12:41Z</time></trkpt><trkpt lat="60.23724" lon="24.960552"><ele>42.8</ele><time>2026-03-03T07:12:42Z</time></trkpt><trkpt lat="60.237248" lon="24.960563"><ele>42.7</ele><time>2026-03-03T07:12:43Z</time></trkpt><trkpt lat="60.237265" lon="24.960573"><ele>41.9</ele><time>2026-03-03T07:12:44Z</time><extensions><gpxtpx:TrackPointExtension><gpxtpx:hr>79</gpxtpx:hr></gpxtpx:TrackPointExtension></extensions></trkpt><trkpt lat="60.23727" lon="24.960578"><ele>42.2</ele><time>2026-03-03T07:12:45Z</time></trkpt><trkpt lat="60.237287" lon="24.960573"><ele>41.6</ele><time>2026-03-03T07:12:46Z</time></trkpt><trkpt lat="60.237305" lon="24.960585"><ele>41.0</ele><time>2026-03-03T07:12:47Z</time></trkpt><trkpt lat="60.237317" lon="24.960583"><ele>41.3</ele><time>2026-03-03T07:12:48Z</time></trkpt><trkpt lat="60.23733" lon="24.960578"><ele>41.5</ele><time>2026-03-03T07:12:49Z</time></trkpt><trkpt lat="60.237342" lon="24.960578"><ele>41.2</ele><time>2026-03-03T07:12:50Z</time></trkpt><trkpt lat="60.237342" lon="24.960592"><ele>41.3</ele><time>2026-03-03T07:12:51Z</time></trkpt><trkpt lat="60.237348" lon="24.96059"><ele>40.8</ele><time>2026-03-03T07:12:52Z</time><extensions><gpxtpx:TrackPointExtension><gpxtpx:hr>79</gpxtpx:hr></gpxtpx:TrackPointExtension></extensions></trkpt><trkpt lat="60.237363" lon="24.960587"><ele>40.6</ele><time>2026-03-03T07:12:53Z</time></trkpt><trkpt lat="60.23737" lon="24.96059"><ele>40.8</ele><time>2026-03-03T07:12:54Z</time><extensions><gpxtpx:TrackPointExtension><gpxtpx:hr>79</gpxtpx:hr></gpxtpx:TrackPointExtension></extensions></trkpt><trkpt lat="60.237387" lon="24.96058"><ele>40.3</ele><time>2026-03-03T07:12:55Z</time></trkpt><trkpt lat="60.237398" lon="24.960578"><ele>40.5</ele><time>2026-03-03T07:12:56Z</time></trkpt><trkpt lat="60.237408" lon="24.96058"><ele>40.7</ele><time>2026-03-03T07:12:57Z</time></trkpt><trkpt lat="60.237423" lon="24.960577"><ele>40.4</ele><time>2026-03-03T07:12:58Z</time></trkpt><trkpt lat="60.237433" lon="24.960575"><ele>40.8</ele><time>2026-03-03T07:12:59Z</time><extensions><gpxtpx:TrackPointExtension><gpxtpx:hr>79</gpxtpx:hr></gpxtpx:TrackPointExtension></extensions></trkpt><trkpt lat="60.23745" lon="24.960558"><ele>40.4</ele><time>2026-03-03T07:13:00Z</time></trkpt><trkpt lat="60.237462" lon="24.96056"><ele>40.9</ele><time>2026-03-03T07:13:01Z</time></trkpt><trkpt lat="60.237473" lon="24.96056"><ele>40.7</ele><time>2026-03-03T07:13:02Z</time></trkpt><trkpt lat="60.23748" lon="24.960557"><ele>40.6</ele><time>2026-03-03T07:13:03Z</time></trkpt><trkpt lat="60.237488" lon="24.960543"><ele>40.9</ele><time>2026-03-03T07:13:04Z</time></trkpt><trkpt lat="60.237497" lon="24.960537"><ele>40.6</ele><time>2026-03-03T07:13:05Z</time></trkpt><trkpt lat="60.237507" lon="24.960545"><ele>41.8</ele><time>2026-03-03T07:13:06Z</time></trkpt><trkpt lat="60.237518" lon="24.960543"><ele>41.6</ele><time>2026-03-03T07:13:07Z</time></trkpt><trkpt lat="60.237527" lon="24.960548"><ele>41.2</ele><time>2026-03-03T07:13:08Z</time><extensions><gpxtpx:TrackPointExtension><gpxtpx:hr>80</gpxtpx:hr></gpxtpx:TrackPointExtension></extensions></trkpt><trkpt lat="60.237537" lon="24.960545"><ele>41.2</ele><time>2026-03-03T07:13:09Z</time></trkpt><trkpt lat="60.237547" lon="24.960548"><ele>41.6</ele><time>2026-03-03T07:13:10Z</time></trkpt><trkpt lat="60.237555" lon="24.960545"><ele>42.4</ele><time>2026-03-03T07:13:11Z</time><extensions><gpxtpx:TrackPointExtension><gpxtpx:hr>80</gpxtpx:hr></gpxtpx:TrackPointExtension></extensions></trkpt><trkpt lat="60.237558" lon="24.960552"><ele>42.2</ele><time>2026-03-03T07:13:12Z</time></trkpt><trkpt lat="60.237565" lon="24.960555"><ele>42.4</ele><time>2026-03-03T07:13:13Z</time></trkpt><trkpt lat="60.23757" lon="24.960558"><ele>43.1</ele><time>2026-03-03T07:13:14Z</time><extensions><gpxtpx:TrackPointExtension><gpxtpx:hr>80</gpxtpx:hr></gpxtpx:TrackPointExtension></extensions></trkpt><trkpt lat="60.237583" lon="24.960562"><ele>43.3</ele><time>2026-03-03T07:13:15Z</time></trkpt><trkpt lat="60.237595" lon="24.960567"><ele>43.6</ele><time>2026-03-03T07:13:16Z</time></trkpt><trkpt lat="60.237603" lon="24.960578"><ele>44.3</ele><time>2026-03-03T07:13:17Z</time></trkpt><trkpt lat="60.237615" lon="24.960575"><ele>43.3</ele><time>2026-03-03T07:13:18Z</time></trkpt><trkpt lat="60.237632" lon="24.960567"><ele>42.6</ele><time>2026-03-03T07:13:19Z</time><extensions><gpxtpx:TrackPointExtension><gpxtpx:hr>83</gpxtpx:hr></gpxtpx:TrackPointExtension></extensions></trkpt><trkpt lat="60.237638" lon="24.960557"><ele>42.7</ele><time>2026-03-03T07:13:20Z</time></trkpt><trkpt lat="60.237648" lon="24.960543"><ele>43.0</ele><time>2026-03-03T07:13:21Z</time></trkpt><trkpt lat="60.237662" lon="24.960528"><ele>43.9</ele><time>2026-03-03T07:13:22Z</time></trkpt><trkpt lat="60.237668" lon="24.960518"><ele>44.9</ele><time>2026-03-03T07:13:23Z</time></trkpt><trkpt lat="60.23768" lon="24.960507"><ele>44.7</ele><time>2026-03-03T07:13:24Z</time><extensions><gpxtpx:TrackPointExtension><gpxtpx:hr>87</gpxtpx:hr></gpxtpx:TrackPointExtension></extensions></trkpt><trkpt lat="60.237692" lon="24.960513"><ele>44.9</ele><time>2026-03-03T07:13:25Z</time></trkpt><trkpt lat="60.237697" lon="24.96052"><ele>45.1</ele><time>2026-03-03T07:13:26Z</time></trkpt><trkpt lat="60.237712" lon="24.960517"><ele>45.7</ele><time>2026-03-03T07:13:27Z</time></trkpt><trkpt lat="60.237722" lon="24.960513"><ele>45.8</ele><time>2026-03-03T07:13:28Z</time></trkpt><trkpt lat="60.237735" lon="24.960495"><ele>45.1</ele><time>2026-03-03T07:13:29Z</time><extensions><gpxtpx:TrackPointExtension><gpxtpx:hr>89</gpxtpx:hr></gpxtpx:TrackPointExtension></extensions></trkpt><trkpt lat="60.237738" lon="24.96049"><ele>45.5</ele><time>2026-03-03T07:13:30Z</time></trkpt><trkpt lat="60.237742" lon="24.96048"><ele>45.7</ele><time>2026-03-03T07:13:31Z</time></trkpt><trkpt lat="60.23775" lon="24.960468"><ele>45.5</ele><time>2026-03-03T07:13:32Z</time></trkpt><trkpt lat="60.237767" lon="24.960458"><ele>46.6</ele><time>2026-03-03T07:13:33Z</time></trkpt><trkpt lat="60.237775" lon="24.960462"><ele>47.0</ele><time>2026-03-03T07:13:34Z</time></trkpt><trkpt lat="60.237775" lon="24.960458"><ele>47.1</ele><time>2026-03-03T07:13:35Z</time></trkpt><trkpt lat="60.237777" lon="24.960458"><ele>46.9</ele><time>2026-03-03T07:13:36Z</time></trkpt><trkpt lat="60.23779" lon="24.960452"><ele>47.2</ele><time>2026-03-03T07:13:38Z</time><extensions><gpxtpx:TrackPointExtension><gpxtpx:hr>93</gpxtpx:hr></gpxtpx:TrackPointExtension></extensions></trkpt><trkpt lat="60.237795" lon="24.96046"><ele>47.5</ele><time>2026-03-03T07:13:39Z</time></trkpt><trkpt lat="60.237803" lon="24.960455"><ele>47.6</ele><time>2026-03-03T07:13:40Z</time></trkpt><trkpt lat="60.237812" lon="24.960453"><ele>47.4</ele><time>2026-03-03T07:13:41Z</time></trkpt><trkpt lat="60.237813" lon="24.960462"><ele>47.9</ele><time>2026-03-03T07:13:42Z</time></trkpt><trkpt lat="60.237822" lon="24.960455"><ele>48.3</ele><time>2026-03-03T07:13:43Z</time><extensions><gpxtpx:TrackPointExtension><gpxtpx:hr>92</gpxtpx:hr></gpxtpx:TrackPointExtension></extensions></trkpt><trkpt lat="60.23783" lon="24.960443"><ele>48.3</ele><time>2026-03-03T07:13:44Z</time><extensions><gpxtpx:TrackPointExtension><gpxtpx:hr>91</gpxtpx:hr></gpxtpx:TrackPointExtension></extensions></trkpt><trkpt lat="60.237842" lon="24.960427"><ele>48.2</ele><time>2026-03-03T07:13:45Z</time></trkpt><trkpt lat="60.237848" lon="24.96041"><ele>48.0</ele><time>2026-03-03T07:13:46Z</time></trkpt><trkpt lat="60.237853" lon="24.960405"><ele>47.6</ele><time>2026-03-03T07:13:47Z</time></trkpt><trkpt lat="60.237868" lon="24.960395"><ele>47.1</ele><time>2026-03-03T07:13:48Z</time></trkpt><trkpt lat="60.237882" lon="24.960383"><ele>47.0</ele><time>2026-03-03T07:13:49Z</time><extensions><gpxtpx:TrackPointExtension><gpxtpx:hr>90</gpxtpx:hr></gpxtpx:TrackPointExtension></extensions></trkpt><trkpt lat="60.237892" lon="24.960368"><ele>46.5</ele><time>2026-03-03T07:13:50Z</time></trkpt><trkpt lat="60.2379" lon="24.960343"><ele>46.5</ele><time>2026-03-03T07:13:51Z</time></trkpt><trkpt lat="60.237903" lon="24.96032"><ele>46.3</ele><time>2026-03-03T07:13:52Z</time></trkpt><trkpt lat="60.237915" lon="24.960303"><ele>46.1</ele><time>2026-03-03T07:13:53Z</time></trkpt><trkpt lat="60.237927" lon="24.960278"><ele>45.5</ele><time>2026-03-03T07:13:54Z</time></trkpt><trkpt lat="60.237935" lon="24.960255"><ele>45.5</ele><time>2026-03-03T07:13:55Z</time></trkpt><trkpt lat="60.237943" lon="24.960232"><ele>45.8</ele><time>2026-03-03T07:13:56Z</time></trkpt><trkpt lat="60.237952" lon="24.960218"><ele>46.5</ele><time>2026-03-03T07:13:57Z</time><extensions><gpxtpx:TrackPointExtension><gpxtpx:hr>90</gpxtpx:hr></gpxtpx:TrackPointExtension></extensions></trkpt><trkpt lat="60.237957" lon="24.960198"><ele>45.9</ele><time>2026-03-03T07:13:58Z</time></trkpt><trkpt lat="60.23796" lon="24.960175"><ele>46.0</ele><time>2026-03-03T07:13:59Z</time></trkpt><trkpt lat="60.237967" lon="24.960158"><ele>46.0</ele><time>2026-03-03T07:14:00Z</time><extensions><gpxtpx:TrackPointExtension><gpxtpx:hr>90</gpxtpx:hr></gpxtpx:TrackPointExtension></extensions></trkpt><trkpt lat="60.237972" lon="24.960138"><ele>46.3</ele><time>2026-03-03T07:14:01Z</time></trkpt><trkpt lat="60.237977" lon="24.960107"><ele>46.2</ele><time>2026-03-03T07:14:02Z</time></trkpt><trkpt lat="60.23798" lon="24.960083"><ele>46.7</ele><time>2026-03-03T07:14:03Z</time></trkpt><trkpt lat="60.237978" lon="24.960062"><ele>46.6</ele><time>2026-03-03T07:14:04Z</time></trkpt><trkpt lat="60.237977" lon="24.96005"><ele>46.0</ele><time>2026-03-03T07:14:05Z</time></trkpt><trkpt lat="60.23798" lon="24.96004"><ele>46.3</ele><time>2026-03-03T07:14:06Z</time></trkpt><trkpt lat="60.237992" lon="24.96002"><ele>47.5</ele><time>2026-03-03T07:14:07Z</time></trkpt><trkpt lat="60.23799" lon="24.960003"><ele>47.1</ele><time>2026-03-03T07:14:08Z</time><extensions><gpxtpx:TrackPointExtension><gpxtpx:hr>87</gpxtpx:hr></gpxtpx:TrackPointExtension></extensions></trkpt><trkpt lat="60.237993" lon="24.95998"><ele>46.3</ele><time>2026-03-03T07:14:08Z</time></trkpt><trkpt lat="60.237998" lon="24.959977"><ele>46.2</ele><time>2026-03-03T07:14:09Z</time></trkpt><trkpt lat="60.238007" lon="24.959975"><ele>46.1</ele><time>2026-03-03T07:14:10Z</time></trkpt><trkpt lat="60.238015" lon="24.95996"><ele>45.9</ele><time>2026-03-03T07:14:11Z</time></trkpt><trkpt lat="60.238023" lon="24.959945"><ele>45.8</ele><time>2026-03-03T07:14:12Z</time></trkpt><trkpt lat="60.238032" lon="24.959927"><ele>45.8</ele><time>2026-03-03T07:14:13Z</time><extensions><gpxtpx:TrackPointExtension><gpxtpx:hr>89</gpxtpx:hr></gpxtpx:TrackPointExtension></extensions></trkpt><trkpt lat="60.238037" lon="24.959908"><ele>45.4</ele><time>2026-03-03T07:14:14Z</time><extensions><gpxtpx:TrackPointExtension><gpxtpx:hr>88</gpxtpx:hr></gpxtpx:TrackPointExtension></extensions></trkpt><trkpt lat="60.238045" lon="24.959895"><ele>45.3</ele><time>2026-03-03T07:14:15Z</time></trkpt><trkpt lat="60.238055" lon="24.959873"><ele>45.2</ele><time>2026-03-03T07:14:16Z</time></trkpt><trkpt lat="60.238057" lon="24.959865"><ele>45.3</ele><time>2026-03-03T07:14:17Z</time></trkpt><trkpt lat="60.238065" lon="24.959848"><ele>45.1</ele><time>2026-03-03T07:14:18Z</time></trkpt><trkpt lat="60.238068" lon="24.959823"><ele>44.2</ele><time>2026-03-03T07:14:19Z</time><extensions><gpxtpx:TrackPointExtension><gpxtpx:hr>88</gpxtpx:hr></gpxtpx:TrackPointExtension></extensions></trkpt><trkpt lat="60.238067" lon="24.95981"><ele>44.4</ele><time>2026-03-03T07:14:20Z</time></trkpt><trkpt lat="60.238067" lon="24.959788"><ele>44.0</ele><time>2026-03-03T07:14:21Z</time></trkpt><trkpt lat="60.238068" lon="24.959763"><ele>43.7</ele><time>2026-03-03T07:14:22Z</time></trkpt><trkpt lat="60.238072" lon="24.959745"><ele>43.8</ele><time>2026-03-03T07:14:23Z</time></trkpt><trkpt lat="60.238075" lon="24.959727"><ele>43.0</ele><time>2026-03-03T07:14:24Z</time></trkpt><trkpt lat="60.238077" lon="24.959703"><ele>43.2</ele><time>2026-03-03T07:14:25Z</time></trkpt><trkpt lat="60.23808" lon="24.959693"><ele>43.4</ele><time>2026-03-03T07:14:26Z</time><extensions><gpxtpx:TrackPointExtension><gpxtpx:hr>85</gpxtpx:hr></gpxtpx:TrackPointExtension></extensions></trkpt><trkpt lat="60.238085" lon="24.959675"><ele>44.0</ele><time>2026-03-03T07:14:27Z</time></trkpt><trkpt lat="60.238092" lon="24.959653"><ele>43.6</ele><time>2026-03-03T07:14:28Z</time></trkpt><trkpt lat="60.238095" lon="24.959637"><ele>43.8</ele><time>2026-03-03T07:14:29Z</time></trkpt><trkpt lat="60.238097" lon="24.959608"><ele>44.3</ele><time>2026-03-03T07:14:30Z</time></trkpt><trkpt lat="60.238098" lon="24.959582"><ele>44.4</ele><time>2026-03-03T07:14:31Z</time></trkpt><trkpt lat="60.238095" lon="24.959562"><ele>43.5</ele><time>2026-03-03T07:14:32Z</time><extensions><gpxtpx:TrackPointExtension><gpxtpx:hr>84</gpxtpx:hr></gpxtpx:TrackPointExtension></extensions></trkpt><trkpt lat="60.238098" lon="24.959543"><ele>43.5</ele><time>2026-03-03T07:14:33Z</time></trkpt><trkpt lat="60.238098" lon="24.959523"><ele>44.2</ele><time>2026-03-03T07:14:34Z</time><extensions><gpxtpx:TrackPointExtension><gpxtpx:hr>84</gpxtpx:hr></gpxtpx:TrackPointExtension></extensions></trkpt><trkpt lat="60.23811" lon="24.9595"><ele>44.5</ele><time>2026-03-03T07:14:35Z</time></trkpt><trkpt lat="60.238113" lon="24.959493"><ele>45.1</ele><time>2026-03-03T07:14:36Z</time></trkpt><trkpt lat="60.238112" lon="24.959465"><ele>45.0</ele><time>2026-03-03T07:14:37Z</time></trkpt><trkpt lat="60.238115" lon="24.959445"><ele>45.3</ele><time>2026-03-03T07:14:38Z</time></trkpt><trkpt lat="60.238115" lon="24.959425"><ele>44.8</ele><time>2026-03-03T07:14:39Z</time></trkpt><trkpt lat="60.238123" lon="24.95941"><ele>45.4</ele><time>2026-03-03T07:14:40Z</time><extensions><gpxtpx:TrackPointExtension><gpxtpx:hr>84</gpxtpx:hr></gpxtpx:TrackPointExtension></extensions></trkpt><trkpt lat="60.238128" lon="24.959382"><ele>45.9</ele><time>2026-03-03T07:14:41Z</time></trkpt><trkpt lat="60.238127" lon="24.959358"><ele>45.3</ele><time>2026-03-03T07:14:42Z</time></trkpt><trkpt lat="60.238135" lon="24.959337"><ele>45.6</ele><time>2026-03-03T07:14:43Z</time></trkpt><trkpt lat="60.238142" lon="24.959318"><ele>45.2</ele><time>2026-03-03T07:14:44Z</time></trkpt><trkpt lat="60.238153" lon="24.959297"><ele>45.4</ele><time>2026-03-03T07:14:45Z</time></trkpt><trkpt lat="60.238148" lon="24.959265"><ele>45.2</ele><time>2026-03-03T07:14:46Z</time></trkpt><trkpt lat="60.238155" lon="24.959237"><ele>45.1</ele><time>2026-03-03T07:14:47Z</time></trkpt><trkpt lat="60.238155" lon="24.959213"><ele>44.6</ele><time>2026-03-03T07:14:48Z</time><extensions><gpxtpx:TrackPointExtension><gpxtpx:hr>84</gpxtpx:hr></gpxtpx:TrackPointExtension></extensions></trkpt><trkpt lat="60.238152" lon="24.959192"><ele>44.6</ele><time>2026-03-03T07:14:49Z</time></trkpt><trkpt lat="60.23815" lon="24.959162"><ele>44.0</ele><time>2026-03-03T07:14:50Z</time></trkpt><trkpt lat="60.238148" lon="24.959137"><ele>44.2</ele><time>2026-03-03T07:14:51Z</time></trkpt><trkpt lat="60.238148" lon="24.959097"><ele>44.2</ele><time>2026-03-03T07:14:52Z</time></trkpt><trkpt lat="60.238143" lon="24.959087"><ele>44.9</ele><time>2026-03-03T07:14:53Z</time><extensions><gpxtpx:TrackPointExtension><gpxtpx:hr>84</gpxtpx:hr></gpxtpx:TrackPointExtension></extensions></trkpt><trkpt lat="60.238135" lon="24.95907"><ele>44.8</ele><time>2026-03-03T07:14:54Z</time></trkpt><trkpt lat="60.238132" lon="24.959053"><ele>44.7</ele><time>2026-03-03T07:14:55Z</time></trkpt><trkpt lat="60.238128" lon="24.959023"><ele>44.0</ele><time>2026-03-03T07:14:56Z</time></trkpt><trkpt lat="60.238123" lon="24.959"><ele>43.8</ele><time>2026-03-03T07:14:57Z</time><extensions><gpxtpx:TrackPointExtension><gpxtpx:hr>84</gpxtpx:hr></gpxtpx:TrackPointExtension></extensions></trkpt><trkpt lat="60.23812" lon="24.958977"><ele>43.8</ele><time>2026-03-03T07:14:58Z</time></trkpt><trkpt lat="60.238113" lon="24.95896"><ele>43.7</ele><time>2026-03-03T07:14:59Z</time><extensions><gpxtpx:TrackPointExtension><gpxtpx:hr>84</gpxtpx:hr></gpxtpx:TrackPointExtension></extensions></trkpt><trkpt lat="60.238112" lon="24.958945"><ele>43.7</ele><time>2026-03-03T07:15:00Z</time></trkpt><trkpt lat="60.238112" lon="24.958922"><ele>43.8</ele><time>2026-03-03T07:15:01Z</time></trkpt><trkpt lat="60.238113" lon="24.958892"><ele>44.0</ele><time>2026-03-03T07:15:02Z</time></trkpt><trkpt lat="60.238108" lon="24.958873"><ele>43.8</ele><time>2026-03-03T07:15:03Z</time></trkpt><trkpt lat="60.238102" lon="24.958857"><ele>44.2</ele><time>2026-03-03T07:15:04Z</time><extensions><gpxtpx:TrackPointExtension><gpxtpx:hr>83</gpxtpx:hr></gpxtpx:TrackPointExtension></extensions></trkpt><trkpt lat="60.238105" lon="24.958842"><ele>45.5</ele><time>2026-03-03T07:15:05Z</time></trkpt><trkpt lat="60.238105" lon="24.958827"><ele>45.9</ele><time>2026-03-03T07:15:06Z</time></trkpt><trkpt lat="60.238103" lon="24.958813"><ele>45.7</ele><time>2026-03-03T07:15:07Z</time></trkpt><trkpt lat="60.238103" lon="24.958793"><ele>45.6</ele><time>2026-03-03T07:15:08Z</time></trkpt><trkpt lat="60.238103" lon="24.958762"><ele>45.0</ele><time>2026-03-03T07:15:09Z</time><extensions><gpxtpx:TrackPointExtension><gpxtpx:hr>83</gpxtpx:hr></gpxtpx:TrackPointExtension></extensions></trkpt><trkpt lat="60.238105" lon="24.958752"><ele>45.6</ele><time>2026-03-03T07:15:10Z</time></trkpt><trkpt lat="60.238105" lon="24.95873"><ele>45.8</ele><time>2026-03-03T07:15:11Z</time></trkpt><trkpt lat="60.238103" lon="24.958703"><ele>45.6</ele><time>2026-03-03T07:15:12Z</time></trkpt><trkpt lat="60.2381" lon="24.958678"><ele>45.3</ele><time>2026-03-03T07:15:13Z</time></trkpt><trkpt lat="60.238105" lon="24.958653"><ele>45.4</ele><time>2026-03-03T07:15:14Z</time><extensions><gpxtpx:TrackPointExtension><gpxtpx:hr>84</gpxtpx:hr></gpxtpx:TrackPointExtension></extensions></trkpt><trkpt lat="60.238103" lon="24.958638"><ele>45.5</ele><time>2026-03-03T07:15:15Z</time></trkpt><trkpt lat="60.238098" lon="24.958612"><ele>45.7</ele><time>2026-03-03T07:15:16Z</time></trkpt><trkpt lat="60.238097" lon="24.958578"><ele>45.2</ele><time>2026-03-03T07:15:17Z</time></trkpt><trkpt lat="60.238095" lon="24.958567"><ele>45.3</ele><time>2026-03-03T07:15:18Z</time></trkpt><trkpt lat="60.238097" lon="24.95856"><ele>45.7</ele><time>2026-03-03T07:15:19Z</time></trkpt><trkpt lat="60.238098" lon="24.958552"><ele>45.2</ele><time>2026-03-03T07:15:20Z</time></trkpt><trkpt lat="60.238102" lon="24.958542"><ele>45.8</ele><time>2026-03-03T07:15:21Z</time></trkpt><trkpt lat="60.2381" lon="24.958517"><ele>44.8</ele><time>2026-03-03T07:15:22Z</time></trkpt><trkpt lat="60.238107" lon="24.958485"><ele>44.0</ele><time>2026-03-03T07:15:23Z</time><extensions><gpxtpx:TrackPointExtension><gpxtpx:hr>83</gpxtpx:hr></gpxtpx:TrackPointExtension></extensions></trkpt><trkpt lat="60.238112" lon="24.95847"><ele>43.9</ele><time>2026-03-03T07:15:24Z</time></trkpt><trkpt lat="60.238113" lon="24.958462"><ele>43.9</ele><time>2026-03-03T07:15:25Z</time></trkpt><trkpt lat="60.238117" lon="24.958455"><ele>43.8</ele><time>2026-03-03T07:15:26Z</time><extensions><gpxtpx:TrackPointExtension><gpxtpx:hr>81</gpxtpx:hr></gpxtpx:TrackPointExtension></extensions></trkpt><trkpt lat="60.23812" lon="24.958443"><ele>43.6</ele><time>2026-03-03T07:15:27Z</time></trkpt><trkpt lat="60.23813" lon="24.958433"><ele>43.5</ele><time>2026-03-03T07:15:28Z</time></trkpt><trkpt lat="60.238135" lon="24.958415"><ele>43.3</ele><time>2026-03-03T07:15:29Z</time><extensions><gpxtpx:TrackPointExtension><gpxtpx:hr>81</gpxtpx:hr></gpxtpx:TrackPointExtension></extensions></trkpt><trkpt lat="60.238137" lon="24.958402"><ele>43.0</ele><time>2026-03-03T07:15:30Z</time></trkpt><trkpt lat="60.238135" lon="24.958385"><ele>42.6</ele><time>2026-03-03T07:15:31Z</time></trkpt><trkpt lat="60.238133" lon="24.95837"><ele>42.0</ele><time>2026-03-03T07:15:32Z</time></trkpt><trkpt lat="60.238137" lon="24.958352"><ele>42.4</ele><time>2026-03-03T07:15:33Z</time></trkpt><trkpt lat="60.23814" lon="24.958333"><ele>42.6</ele><time>2026-03-03T07:15:34Z</time><extensions><gpxtpx:TrackPointExtension><gpxtpx:hr>80</gpxtpx:hr></gpxtpx:TrackPointExtension></extensions></trkpt><trkpt lat="60.238143" lon="24.958315"><ele>42.2</ele><time>2026-03-03T07:15:35Z</time></trkpt><trkpt lat="60.238147" lon="24.958298"><ele>42.1</ele><time>2026-03-03T07:15:36Z</time></trkpt><trkpt lat="60.238158" lon="24.95828"><ele>42.2</ele><time>2026-03-03T07:15:37Z</time></trkpt><trkpt lat="60.238167" lon="24.958273"><ele>42.1</ele><time>2026-03-03T07:15:38Z</time></trkpt><trkpt lat="60.238177" lon="24.958255"><ele>41.8</ele><time>2026-03-03T07:15:39Z</time><extensions><gpxtpx:TrackPointExtension><gpxtpx:hr>79</gpxtpx:hr></gpxtpx:TrackPointExtension></extensions></trkpt><trkpt lat="60.238185" lon="24.958242"><ele>42.4</ele><time>2026-03-03T07:15:40Z</time></trkpt><trkpt lat="60.238187" lon="24.958233"><ele>42.1</ele><time>2026-03-03T07:15:41Z</time></trkpt><trkpt lat="60.238197" lon="24.958208"><ele>42.6</ele><time>2026-03-03T07:15:42Z</time></trkpt><trkpt lat="60.238205" lon="24.958198"><ele>42.9</ele><time>2026-03-03T07:15:44Z</time></trkpt><trkpt lat="60.23821" lon="24.958182"><ele>42.3</ele><time>2026-03-03T07:15:45Z</time></trkpt><trkpt lat="60.238218" lon="24.958162"><ele>42.1</ele><time>2026-03-03T07:15:46Z</time></trkpt><trkpt lat="60.238227" lon="24.95815"><ele>42.0</ele><time>2026-03-03T07:15:47Z</time></trkpt><trkpt lat="60.238232" lon="24.958135"><ele>41.3</ele><time>2026-03-03T07:15:48Z</time><extensions><gpxtpx:TrackPointExtension><gpxtpx:hr>80</gpxtpx:hr></gpxtpx:TrackPointExtension></extensions></trkpt><trkpt lat="60.238237" lon="24.958123"><ele>41.0</ele><time>2026-03-03T07:15:49Z</time></trkpt><trkpt lat="60.238248" lon="24.958103"><ele>41.4</ele><time>2026-03-03T07:15:50Z</time></trkpt><trkpt lat="60.238257" lon="24.958088"><ele>41.1</ele><time>2026-03-03T07:15:51Z</time></trkpt><trkpt lat="60.238262" lon="24.958077"><ele>41.1</ele><time>2026-03-03T07:15:52Z</time></trkpt><trkpt lat="60.23827" lon="24.958055"><ele>41.2</ele><time>2026-03-03T07:15:53Z</time><extensions><gpxtpx:TrackPointExtension><gpxtpx:hr>78</gpxtpx:hr></gpxtpx:TrackPointExtension></extensions></trkpt><trkpt lat="60.238275" lon="24.958038"><ele>41.9</ele><time>2026-03-03T07:15:54Z</time></trkpt><trkpt lat="60.238278" lon="24.958018"><ele>41.7</ele><time>2026-03-03T07:15:55Z</time></trkpt><trkpt lat="60.238285" lon="24.957993"><ele>41.4</ele><time>2026-03-03T07:15:56Z</time></trkpt><trkpt lat="60.238288" lon="24.957977"><ele>42.0</ele><time>2026-03-03T07:15:57Z</time></trkpt><trkpt lat="60.238295" lon="24.95795"><ele>42.3</ele><time>2026-03-03T07:15:58Z</time><extensions><gpxtpx:TrackPointExtension><gpxtpx:hr>77</gpxtpx:hr></gpxtpx:TrackPointExtension></extensions></trkpt><trkpt lat="60.2383" lon="24.95792"><ele>42.1</ele><time>2026-03-03T07:15:59Z</time><extensions><gpxtpx:TrackPointExtension><gpxtpx:hr>77</gpxtpx:hr></gpxtpx:TrackPointExtension></extensions></trkpt><trkpt lat="60.238308" lon="24.95789"><ele>42.1</ele><time>2026-03-03T07:16:00Z</time></trkpt><trkpt lat="60.238312" lon="24.957862"><ele>42.4</ele><time>2026-03-03T07:16:01Z</time></trkpt><trkpt lat="60.238313" lon="24.957835"><ele>42.6</ele><time>2026-03-03T07:16:02Z</time></trkpt><trkpt lat="60.238308" lon="24.957812"><ele>42.3</ele><time>2026-03-03T07:16:03Z</time></trkpt><trkpt lat="60.23831" lon="24.95779"><ele>43.1</ele><time>2026-03-03T07:16:04Z</time></trkpt><trkpt lat="60.23831" lon="24.957768"><ele>43.3</ele><time>2026-03-03T07:16:05Z</time><extensions><gpxtpx:TrackPointExtension><gpxtpx:hr>76</gpxtpx:hr></gpxtpx:TrackPointExtension></extensions></trkpt><trkpt lat="60.238297" lon="24.957752"><ele>42.7</ele><time>2026-03-03T07:16:06Z</time></trkpt><trkpt lat="60.23829" lon="24.957722"><ele>41.7</ele><time>2026-03-03T07:16:07Z</time></trkpt><trkpt lat="60.23829" lon="24.957702"><ele>41.5</ele><time>2026-03-03T07:16:08Z</time></trkpt><trkpt lat="60.238285" lon="24.95768"><ele>41.0</ele><time>2026-03-03T07:16:09Z</time></trkpt><trkpt lat="60.238277" lon="24.957653"><ele>40.5</ele><time>2026-03-03T07:16:10Z</time></trkpt><trkpt lat="60.238275" lon="24.957637"><ele>40.6</ele><time>2026-03-03T07:16:11Z</time></trkpt><trkpt lat="60.238272" lon="24.957623"><ele>40.9</ele><time>2026-03-03T07:16:12Z</time><extensions><gpxtpx:TrackPointExtension><gpxtpx:hr>76</gpxtpx:hr></gpxtpx:TrackPointExtension></extensions></trkpt><trkpt lat="60.238268" lon="24.957603"><ele>41.4</ele><time>2026-03-03T07:16:13Z</time></trkpt><trkpt lat="60.23827" lon="24.957587"><ele>42.3</ele><time>2026-03-03T07:16:14Z</time></trkpt><trkpt lat="60.238268" lon="24.957578"><ele>41.9</ele><time>2026-03-03T07:16:15Z</time></trkpt><trkpt lat="60.238268" lon="24.957555"><ele>41.6</ele><time>2026-03-03T07:16:16Z</time></trkpt><trkpt lat="60.238263" lon="24.957548"><ele>41.4</ele><time>2026-03-03T07:16:17Z</time></trkpt><trkpt lat="60.238262" lon="24.957538"><ele>40.8</ele><time>2026-03-03T07:16:18Z</time><extensions><gpxtpx:TrackPointExtension><gpxtpx:hr>76</gpxtpx:hr></gpxtpx:TrackPointExtension></extensions></trkpt><trkpt lat="60.23826" lon="24.95752"><ele>41.2</ele><time>2026-03-03T07:16:19Z</time></trkpt><trkpt lat="60.238258" lon="24.957498"><ele>40.4</ele><time>2026-03-03T07:16:20Z</time></trkpt><trkpt lat="60.238262" lon="24.957477"><ele>40.8</ele><time>2026-03-03T07:16:21Z</time></trkpt><trkpt lat="60.238265" lon="24.957457"><ele>41.2</ele><time>2026-03-03T07:16:22Z</time><extensions><gpxtpx:TrackPointExtension><gpxtpx:hr>76</gpxtpx:hr></gpxtpx:TrackPointExtension></extensions></trkpt><trkpt lat="60.23827" lon="24.957438"><ele>41.4</ele><time>2026-03-03T07:16:23Z</time></trkpt><trkpt lat="60.238275" lon="24.957428"><ele>41.6</ele><time>2026-03-03T07:16:24Z</time><extensions><gpxtpx:TrackPointExtension><gpxtpx:hr>77</gpxtpx:hr></gpxtpx:TrackPointExtension></extensions></trkpt><trkpt lat="60.238285" lon="24.957412"><ele>41.6</ele><time>2026-03-03T07:16:25Z</time></trkpt><trkpt lat="60.238292" lon="24.957395"><ele>42.6</ele><time>2026-03-03T07:16:26Z</time></trkpt><trkpt lat="60.238293" lon="24.957393"><ele>43.1</ele><time>2026-03-03T07:16:27Z</time></trkpt><trkpt lat="60.238295" lon="24.957375"><ele>42.5</ele><time>2026-03-03T07:16:28Z</time></trkpt><trkpt lat="60.238303" lon="24.957357"><ele>43.3</ele><time>2026-03-03T07:16:29Z</time></trkpt><trkpt lat="60.238308" lon="24.957335"><ele>43.0</ele><time>2026-03-03T07:16:30Z</time></trkpt><trkpt lat="60.238315" lon="24.957318"><ele>43.3</ele><time>2026-03-03T07:16:31Z</time></trkpt><trkpt lat="60.238323" lon="24.957298"><ele>43.1</ele><time>2026-03-03T07:16:32Z</time><extensions><gpxtpx:TrackPointExtension><gpxtpx:hr>80</gpxtpx:hr></gpxtpx:TrackPointExtension></extensions></trkpt><trkpt lat="60.238328" lon="24.957277"><ele>43.2</ele><time>2026-03-03T07:16:33Z</time></trkpt><trkpt lat="60.238337" lon="24.957245"><ele>43.6</ele><time>2026-03-03T07:16:34Z</time></trkpt><trkpt lat="60.23834" lon="24.957225"><ele>43.5</ele><time>2026-03-03T07:16:35Z</time></trkpt><trkpt lat="60.238345" lon="24.957212"><ele>43.5</ele><time>2026-03-03T07:16:36Z</time></trkpt><trkpt lat="60.238358" lon="24.957193"><ele>42.7</ele><time>2026-03-03T07:16:37Z</time></trkpt><trkpt lat="60.238367" lon="24.957178"><ele>43.7</ele><time>2026-03-03T07:16:38Z</time><extensions><gpxtpx:TrackPointExtension><gpxtpx:hr>81</gpxtpx:hr></gpxtpx:TrackPointExtension></extensions></trkpt><trkpt lat="60.238375" lon="24.957152"><ele>44.1</ele><time>2026-03-03T07:16:39Z</time></trkpt><trkpt lat="60.238382" lon="24.957123"><ele>44.7</ele><time>2026-03-03T07:16:40Z</time></trkpt><trkpt lat="60.238383" lon="24.957095"><ele>44.8</ele><time>2026-03-03T07:16:41Z</time><extensions><gpxtpx:TrackPointExtension><gpxtpx:hr>82</gpxtpx:hr></gpxtpx:TrackPointExtension></extensions></trkpt><trkpt lat="60.238382" lon="24.95708"><ele>44.0</ele><time>2026-03-03T07:16:41Z</time></trkpt><trkpt lat="60.238385" lon="24.957058"><ele>43.7</ele><time>2026-03-03T07:16:42Z</time></trkpt><trkpt lat="60.238393" lon="24.957035"><ele>43.5</ele><time>2026-03-03T07:16:43Z</time></trkpt><trkpt lat="60.238398" lon="24.957015"><ele>42.8</ele><time>2026-03-03T07:16:44Z</time><extensions><gpxtpx:TrackPointExtension><gpxtpx:hr>83</gpxtpx:hr></gpxtpx:TrackPointExtension></extensions></trkpt><trkpt lat="60.238402" lon="24.957002"><ele>43.2</ele><time>2026-03-03T07:16:45Z</time></trkpt><trkpt lat="60.2384" lon="24.95698"><ele>42.4</ele><time>2026-03-03T07:16:46Z</time></trkpt><trkpt lat="60.238413" lon="24.956982"><ele>41.2</ele><time>2026-03-03T07:16:47Z</time></trkpt><trkpt lat="60.238423" lon="24.956975"><ele>40.9</ele><time>2026-03-03T07:16:48Z</time></trkpt><trkpt lat="60.238432" lon="24.956967"><ele>40.4</ele><time>2026-03-03T07:16:49Z</time></trkpt><trkpt lat="60.238433" lon="24.956962"><ele>40.1</ele><time>2026-03-03T07:16:50Z</time></trkpt><trkpt lat="60.238443" lon="24.956957"><ele>40.3</ele><time>2026-03-03T07:16:51Z</time></trkpt><trkpt lat="60.238448" lon="24.956953"><ele>40.3</ele><time>2026-03-03T07:16:52Z</time></trkpt><trkpt lat="60.238462" lon="24.956952"><ele>39.3</ele><time>2026-03-03T07:16:53Z</time><extensions><gpxtpx:TrackPointExtension><gpxtpx:hr>84</gpxtpx:hr></gpxtpx:TrackPointExtension></extensions></trkpt><trkpt lat="60.23847" lon="24.956952"><ele>39.7</ele><time>2026-03-03T07:16:54Z</time><extensions><gpxtpx:TrackPointExtension><gpxtpx:hr>83</gpxtpx:hr></gpxtpx:TrackPointExtension></extensions></trkpt><trkpt lat="60.238485" lon="24.95694"><ele>40.1</ele><time>2026-03-03T07:16:55Z</time></trkpt><trkpt lat="60.238492" lon="24.956923"><ele>39.8</ele><time>2026-03-03T07:16:56Z</time></trkpt><trkpt lat="60.238498" lon="24.956905"><ele>39.7</ele><time>2026-03-03T07:16:57Z</time></trkpt><trkpt lat="60.238503" lon="24.956878"><ele>39.8</ele><time>2026-03-03T07:16:58Z</time></trkpt><trkpt lat="60.238507" lon="24.956847"><ele>39.7</ele><time>2026-03-03T07:16:59Z</time><extensions><gpxtpx:TrackPointExtension><gpxtpx:hr>82</gpxtpx:hr></gpxtpx:TrackPointExtension></extensions></trkpt><trkpt lat="60.238505" lon="24.956822"><ele>39.9</ele><time>2026-03-03T07:17:00Z</time></trkpt><trkpt lat="60.238507" lon="24.956803"><ele>40.1</ele><time>2026-03-03T07:17:01Z</time></trkpt><trkpt lat="60.238513" lon="24.956773"><ele>40.3</ele><time>2026-03-03T07:17:02Z</time></trkpt><trkpt lat="60.238512" lon="24.956757"><ele>40.1</ele><time>2026-03-03T07:17:03Z</time></trkpt><trkpt lat="60.238517" lon="24.956737"><ele>40.3</ele><time>2026-03-03T07:17:04Z</time></trkpt><trkpt lat="60.238523" lon="24.95671"><ele>40.9</ele><time>2026-03-03T07:17:05Z</time></trkpt><trkpt lat="60.238532" lon="24.956687"><ele>41.3</ele><time>2026-03-03T07:17:06Z</time></trkpt><trkpt lat="60.23854" lon="24.956667"><ele>41.5</ele><time>2026-03-03T07:17:07Z</time></trkpt><trkpt lat="60.238538" lon="24.956652"><ele>41.8</ele><time>2026-03-03T07:17:08Z</time><extensions><gpxtpx:TrackPointExtension><gpxtpx:hr>86</gpxtpx:hr></gpxtpx:TrackPointExtension></extensions></trkpt><trkpt lat="60.238542" lon="24.956632"><ele>42.0</ele><time>2026-03-03T07:17:09Z</time></trkpt><trkpt lat="60.238547" lon="24.95662"><ele>41.5</ele><time>2026-03-03T07:17:10Z</time></trkpt><trkpt lat="60.238548" lon="24.95661"><ele>40.9</ele><time>2026-03-03T07:17:11Z</time></trkpt><trkpt lat="60.238555" lon="24.956587"><ele>41.0</ele><time>2026-03-03T07:17:12Z</time></trkpt><trkpt lat="60.238558" lon="24.95657"><ele>40.9</ele><time>2026-03-03T07:17:13Z</time><extensions><gpxtpx:TrackPointExtension><gpxtpx:hr>87</gpxtpx:hr></gpxtpx:TrackPointExtension></extensions></trkpt><trkpt lat="60.238565" lon="24.956562"><ele>41.4</ele><time>2026-03-03T07:17:14Z</time><extensions><gpxtpx:TrackPointExtension><gpxtpx:hr>87</gpxtpx:hr></gpxtpx:TrackPointExtension></extensions></trkpt><trkpt lat="60.238572" lon="24.956548"><ele>41.8</ele><time>2026-03-03T07:17:15Z</time></trkpt><trkpt lat="60.238577" lon="24.956528"><ele>41.7</ele><time>2026-03-03T07:17:16Z</time></trkpt><trkpt lat="60.238585" lon="24.956505"><ele>42.1</ele><time>2026-03-03T07:17:17Z</time></trkpt><trkpt lat="60.23859" lon="24.95649"><ele>42.3</ele><time>2026-03-03T07:17:18Z</time></trkpt><trkpt lat="60.238595" lon="24.956473"><ele>42.1</ele><time>2026-03-03T07:17:19Z</time></trkpt><trkpt lat="60.2386" lon="24.956467"><ele>42.1</ele><time>2026-03-03T07:17:20Z</time></trkpt><trkpt lat="60.238608" lon="24.956448"><ele>43.0</ele><time>2026-03-03T07:17:21Z</time></trkpt><trkpt lat="60.238615" lon="24.956428"><ele>43.1</ele><time>2026-03-03T07:17:22Z</time></trkpt><trkpt lat="60.238618" lon="24.956408"><ele>43.0</ele><time>2026-03-03T07:17:23Z</time><extensions><gpxtpx:TrackPointExtension><gpxtpx:hr>87</gpxtpx:hr></gpxtpx:TrackPointExtension></extensions></trkpt><trkpt lat="60.238627" lon="24.956393"><ele>43.3</ele><time>2026-03-03T07:17:24Z</time></trkpt><trkpt lat="60.238635" lon="24.956375"><ele>43.1</ele><time>2026-03-03T07:17:25Z</time></trkpt><trkpt lat="60.23864" lon="24.956352"><ele>42.8</ele><time>2026-03-03T07:17:26Z</time></trkpt><trkpt lat="60.238647" lon="24.956335"><ele>42.7</ele><time>2026-03-03T07:17:27Z</time></trkpt><trkpt lat="60.238655" lon="24.956317"><ele>42.4</ele><time>2026-03-03T07:17:28Z</time><extensions><gpxtpx:TrackPointExtension><gpxtpx:hr>90</gpxtpx:hr></gpxtpx:TrackPointExtension></extensions></trkpt><trkpt lat="60.238663" lon="24.956302"><ele>42.6</ele><time>2026-03-03T07:17:29Z</time><extensions><gpxtpx:TrackPointExtension><gpxtpx:hr>90</gpxtpx:hr></gpxtpx:TrackPointExtension></extensions></trkpt><trkpt lat="60.23867" lon="24.956287"><ele>42.5</ele><time>2026-03-03T07:17:30Z</time></trkpt><trkpt lat="60.238678" lon="24.956268"><ele>42.5</ele><time>2026-03-03T07:17:31Z</time></trkpt><trkpt lat="60.238687" lon="24.956252"><ele>42.7</ele><time>2026-03-03T07:17:32Z</time></trkpt><trkpt lat="60.238692" lon="24.956232"><ele>42.7</ele><time>2026-03-03T07:17:33Z</time></trkpt><trkpt lat="60.238698" lon="24.956212"><ele>42.7</ele><time>2026-03-03T07:17:34Z</time><extensions><gpxtpx:TrackPointExtension><gpxtpx:hr>90</gpxtpx:hr></gpxtpx:TrackPointExtension></extensions></trkpt><trkpt lat="60.238705" lon="24.956192"><ele>42.4</ele><time>2026-03-03T07:17:35Z</time></trkpt><trkpt lat="60.238708" lon="24.956182"><ele>42.9</ele><time>2026-03-03T07:17:36Z</time></trkpt><trkpt lat="60.238715" lon="24.956165"><ele>43.1</ele><time>2026-03-03T07:17:37Z</time></trkpt><trkpt lat="60.238723" lon="24.95615"><ele>43.1</ele><time>2026-03-03T07:17:38Z</time></trkpt><trkpt lat="60.238732" lon="24.956133"><ele>43.7</ele><time>2026-03-03T07:17:39Z</time></trkpt><trkpt lat="60.238738" lon="24.956108"><ele>43.5</ele><time>2026-03-03T07:17:40Z</time></trkpt><trkpt lat="60.238745" lon="24.956093"><ele>43.7</ele><time>2026-03-03T07:17:41Z</time></trkpt><trkpt lat="60.238753" lon="24.956077"><ele>43.9</ele><time>2026-03-03T07:17:42Z</time><extensions><gpxtpx:TrackPointExtension><gpxtpx:hr>87</gpxtpx:hr></gpxtpx:TrackPointExtension></extensions></trkpt><trkpt lat="60.238762" lon="24.956053"><ele>43.9</ele><time>2026-03-03T07:17:43Z</time></trkpt><trkpt lat="60.238767" lon="24.956042"><ele>44.3</ele><time>2026-03-03T07:17:44Z</time><extensions><gpxtpx:TrackPointExtension><gpxtpx:hr>87</gpxtpx:hr></gpxtpx:TrackPointExtension></extensions></trkpt><trkpt lat="60.23877" lon="24.956023"><ele>44.5</ele><time>2026-03-03T07:17:45Z</time></trkpt><trkpt lat="60.238778" lon="24.955998"><ele>44.2</ele><time>2026-03-03T07:17:46Z</time></trkpt><trkpt lat="60.238785" lon="24.955978"><ele>44.1</ele><time>2026-03-03T07:17:47Z</time></trkpt><trkpt lat="60.238793" lon="24.95596"><ele>44.2</ele><time>2026-03-03T07:17:48Z</time></trkpt><trkpt lat="60.238798" lon="24.95594"><ele>44.1</ele><time>2026-03-03T07:17:50Z</time></trkpt><trkpt lat="60.238805" lon="24.955925"><ele>44.0</ele><time>2026-03-03T07:17:51Z</time></trkpt><trkpt lat="60.238815" lon="24.955912"><ele>44.4</ele><time>2026-03-03T07:17:52Z</time><extensions><gpxtpx:TrackPointExtension><gpxtpx:hr>91</gpxtpx:hr></gpxtpx:TrackPointExtension></extensions></trkpt><trkpt lat="60.238825" lon="24.955895"><ele>44.2</ele><time>2026-03-03T07:17:53Z</time></trkpt><trkpt lat="60.238833" lon="24.955878"><ele>44.6</ele><time>2026-03-03T07:17:54Z</time></trkpt><trkpt lat="60.23884" lon="24.955868"><ele>44.6</ele><time>2026-03-03T07:17:55Z</time></trkpt><trkpt lat="60.238847" lon="24.955848"><ele>44.3</ele><time>2026-03-03T07:17:56Z</time></trkpt><trkpt lat="60.238858" lon="24.955833"><ele>44.7</ele><time>2026-03-03T07:17:57Z</time></trkpt><trkpt lat="60.238865" lon="24.955818"><ele>44.7</ele><time>2026-03-03T07:17:58Z</time><extensions><gpxtpx:TrackPointExtension><gpxtpx:hr>89</gpxtpx:hr></gpxtpx:TrackPointExtension></extensions></trkpt><trkpt lat="60.238878" lon="24.955795"><ele>44.4</ele><time>2026-03-03T07:17:59Z</time></trkpt><trkpt lat="60.238885" lon="24.955783"><ele>44.4</ele><time>2026-03-03T07:18:00Z</time></trkpt><trkpt lat="60.238898" lon="24.955763"><ele>44.1</ele><time>2026-03-03T07:18:01Z</time></trkpt><trkpt lat="60.238897" lon="24.955748"><ele>43.9</ele><time>2026-03-03T07:18:02Z</time></trkpt><trkpt lat="60.238905" lon="24.955735"><ele>43.9</ele><time>2026-03-03T07:18:03Z</time><extensions><gpxtpx:TrackPointExtension><gpxtpx:hr>92</gpxtpx:hr></gpxtpx:TrackPointExtension></extensions></trkpt><trkpt lat="60.238915" lon="24.95572"><ele>43.6</ele><time>2026-03-03T07:18:04Z</time><extensions><gpxtpx:TrackPointExtension><gpxtpx:hr>92</gpxtpx:hr></gpxtpx:TrackPointExtension></extensions></trkpt><trkpt lat="60.238918" lon="24.955707"><ele>43.6</ele><time>2026-03-03T07:18:05Z</time></trkpt><trkpt lat="60.238922" lon="24.955687"><ele>44.0</ele><time>2026-03-03T07:18:06Z</time></trkpt><trkpt lat="60.238927" lon="24.95566"><ele>43.9</ele><time>2026-03-03T07:18:07Z</time></trkpt><trkpt lat="60.238928" lon="24.955635"><ele>43.5</ele><time>2026-03-03T07:18:08Z</time></trkpt><trkpt lat="60.238933" lon="24.955612"><ele>43.9</ele><time>2026-03-03T07:18:09Z</time><extensions><gpxtpx:TrackPointExtension><gpxtpx:hr>92</gpxtpx:hr></gpxtpx:TrackPointExtension></extensions></trkpt><trkpt lat="60.238938" lon="24.95559"><ele>44.1</ele><time>2026-03-03T07:18:10Z</time></trkpt><trkpt lat="60.238937" lon="24.955565"><ele>43.9</ele><time>2026-03-03T07:18:11Z</time></trkpt><trkpt lat="60.23894" lon="24.95554"><ele>43.8</ele><time>2026-03-03T07:18:12Z</time></trkpt><trkpt lat="60.238943" lon="24.955513"><ele>44.2</ele><time>2026-03-03T07:18:13Z</time></trkpt><trkpt lat="60.238947" lon="24.955492"><ele>44.2</ele><time>2026-03-03T07:18:14Z</time></trkpt><trkpt lat="60.238953" lon="24.95547"><ele>44.3</ele><time>2026-03-03T07:18:15Z</time></trkpt><trkpt lat="60.23896" lon="24.955452"><ele>44.3</ele><time>2026-03-03T07:18:16Z</time></trkpt><trkpt lat="60.238967" lon="24.955425"><ele>44.3</ele><time>2026-03-03T07:18:17Z</time></trkpt><trkpt lat="60.238968" lon="24.95539"><ele>43.8</ele><time>2026-03-03T07:18:18Z</time><extensions><gpxtpx:TrackPointExtension><gpxtpx:hr>95</gpxtpx:hr></gpxtpx:TrackPointExtension></extensions></trkpt><trkpt lat="60.23897" lon="24.955365"><ele>44.0</ele><time>2026-03-03T07:18:19Z</time></trkpt><trkpt lat="60.238973" lon="24.955342"><ele>44.2</ele><time>2026-03-03T07:18:20Z</time></trkpt><trkpt lat="60.238973" lon="24.955317"><ele>44.5</ele><time>2026-03-03T07:18:21Z</time><extensions><gpxtpx:TrackPointExtension><gpxtpx:hr>95</gpxtpx:hr></gpxtpx:TrackPointExtension></extensions></trkpt><trkpt lat="60.238973" lon="24.955292"><ele>44.4</ele><time>2026-03-03T07:18:22Z</time></trkpt><trkpt lat="60.238972" lon="24.955265"><ele>43.7</ele><time>2026-03-03T07:18:23Z</time></trkpt><trkpt lat="60.238972" lon="24.95524"><ele>43.8</ele><time>2026-03-03T07:18:24Z</time></trkpt><trkpt lat="60.238972" lon="24.955213"><ele>44.2</ele><time>2026-03-03T07:18:25Z</time><extensions><gpxtpx:TrackPointExtension><gpxtpx:hr>94</gpxtpx:hr></gpxtpx:TrackPointExtension></extensions></trkpt><trkpt lat="60.23897" lon="24.955197"><ele>44.3</ele><time>2026-03-03T07:18:26Z</time></trkpt><trkpt lat="60.23897" lon="24.955175"><ele>44.3</ele><time>2026-03-03T07:18:27Z</time></trkpt><trkpt lat="60.23897" lon="24.955143"><ele>43.9</ele><time>2026-03-03T07:18:28Z</time></trkpt><trkpt lat="60.238972" lon="24.955123"><ele>44.6</ele><time>2026-03-03T07:18:29Z</time><extensions><gpxtpx:TrackPointExtension><gpxtpx:hr>93</gpxtpx:hr></gpxtpx:TrackPointExtension></extensions></trkpt><trkpt lat="60.23897" lon="24.9551"><ele>45.1</ele><time>2026-03-03T07:18:30Z</time></trkpt><trkpt lat="60.238968" lon="24.955073"><ele>45.0</ele><time>2026-03-03T07:18:31Z</time></trkpt><trkpt lat="60.238968" lon="24.95505"><ele>45.4</ele><time>2026-03-03T07:18:32Z</time></trkpt><trkpt lat="60.238968" lon="24.955037"><ele>45.5</ele><time>2026-03-03T07:18:33Z</time></trkpt><trkpt lat="60.238962" lon="24.955008"><ele>45.2</ele><time>2026-03-03T07:18:34Z</time><extensions><gpxtpx:TrackPointExtension><gpxtpx:hr>92</gpxtpx:hr></gpxtpx:TrackPointExtension></extensions></trkpt><trkpt lat="60.238962" lon="24.954988"><ele>45.6</ele><time>2026-03-03T07:18:35Z</time></trkpt><trkpt lat="60.238962" lon="24.954962"><ele>46.1</ele><time>2026-03-03T07:18:36Z</time></trkpt><trkpt lat="60.238962" lon="24.954942"><ele>46.5</ele><time>2026-03-03T07:18:37Z</time></trkpt><trkpt lat="60.23896" lon="24.954917"><ele>46.9</ele><time>2026-03-03T07:18:38Z</time></trkpt><trkpt lat="60.238958" lon="24.954885"><ele>47.2</ele><time>2026-03-03T07:18:39Z</time></trkpt><trkpt lat="60.238955" lon="24.95486"><ele>47.1</ele><time>2026-03-03T07:18:40Z</time><extensions><gpxtpx:TrackPointExtension><gpxtpx:hr>92</gpxtpx:hr></gpxtpx:TrackPointExtension></extensions></trkpt><trkpt lat="60.238948" lon="24.954835"><ele>47.5</ele><time>2026-03-03T07:18:41Z</time></trkpt><trkpt lat="60.238947" lon="24.954815"><ele>48.0</ele><time>2026-03-03T07:18:42Z</time></trkpt><trkpt lat="60.238945" lon="24.954798"><ele>48.3</ele><time>2026-03-03T07:18:43Z</time></trkpt><trkpt lat="60.238938" lon="24.954772"><ele>48.5</ele><time>2026-03-03T07:18:44Z</time></trkpt><trkpt lat="60.238937" lon="24.954748"><ele>48.7</ele><time>2026-03-03T07:18:45Z</time></trkpt><trkpt lat="60.23893" lon="24.954723"><ele>48.8</ele><time>2026-03-03T07:18:46Z</time></trkpt><trkpt lat="60.238922" lon="24.954692"><ele>48.3</ele><time>2026-03-03T07:18:47Z</time></trkpt><trkpt lat="60.238918" lon="24.954665"><ele>48.0</ele><time>2026-03-03T07:18:48Z</time><extensions><gpxtpx:TrackPointExtension><gpxtpx:hr>91</gpxtpx:hr></gpxtpx:TrackPointExtension></extensions></trkpt><trkpt lat="60.238908" lon="24.954643"><ele>48.4</ele><time>2026-03-03T07:18:49Z</time></trkpt><trkpt lat="60.238903" lon="24.954622"><ele>47.8</ele><time>2026-03-03T07:18:50Z</time></trkpt><trkpt lat="60.238892" lon="24.954598"><ele>47.2</ele><time>2026-03-03T07:18:51Z</time></trkpt><trkpt lat="60.238882" lon="24.954582"><ele>47.0</ele><time>2026-03-03T07:18:52Z</time><extensions><gpxtpx:TrackPointExtension><gpxtpx:hr>89</gpxtpx:hr></gpxtpx:TrackPointExtension></extensions></trkpt><trkpt lat="60.238873" lon="24.954562"><ele>47.4</ele><time>2026-03-03T07:18:53Z</time></trkpt><trkpt lat="60.23886" lon="24.954538"><ele>47.7</ele><time>2026-03-03T07:18:54Z</time><extensions><gpxtpx:TrackPointExtension><gpxtpx:hr>89</gpxtpx:hr></gpxtpx:TrackPointExtension></extensions></trkpt><trkpt lat="60.238852" lon="24.954513"><ele>46.5</ele><time>2026-03-03T07:18:55Z</time></trkpt><trkpt lat="60.238843" lon="24.954495"><ele>46.3</ele><time>2026-03-03T07:18:56Z</time></trkpt><trkpt lat="60.238835" lon="24.95448"><ele>46.1</ele><time>2026-03-03T07:18:57Z</time></trkpt><trkpt lat="60.238825" lon="24.954453"><ele>46.0</ele><time>2026-03-03T07:18:58Z</time></trkpt><trkpt lat="60.238823" lon="24.95444"><ele>46.2</ele><time>2026-03-03T07:18:59Z</time></trkpt><trkpt lat="60.238815" lon="24.954427"><ele>46.2</ele><time>2026-03-03T07:19:00Z</time></trkpt><trkpt lat="60.238807" lon="24.95441"><ele>46.4</ele><time>2026-03-03T07:19:01Z</time></trkpt><trkpt lat="60.238797" lon="24.954393"><ele>46.7</ele><time>2026-03-03T07:19:02Z</time></trkpt><trkpt lat="60.238787" lon="24.954375"><ele>46.9</ele><time>2026-03-03T07:19:03Z</time><extensions><gpxtpx:TrackPointExtension><gpxtpx:hr>89</gpxtpx:hr></gpxtpx:TrackPointExtension></extensions></trkpt><trkpt lat="60.238777" lon="24.954358"><ele>47.2</ele><time>2026-03-03T07:19:04Z</time></trkpt><trkpt lat="60.238768" lon="24.954345"><ele>47.3</ele><time>2026-03-03T07:19:05Z</time></trkpt><trkpt lat="60.238757" lon="24.954323"><ele>47.5</ele><time>2026-03-03T07:19:06Z</time></trkpt><trkpt lat="60.238748" lon="24.954308"><ele>47.5</ele><time>2026-03-03T07:19:07Z</time><extensions><gpxtpx:TrackPointExtension><gpxtpx:hr>89</gpxtpx:hr></gpxtpx:TrackPointExtension></extensions></trkpt><trkpt lat="60.23874" lon="24.954293"><ele>47.5</ele><time>2026-03-03T07:19:08Z</time></trkpt><trkpt lat="60.23873" lon="24.954275"><ele>47.6</ele><time>2026-03-03T07:19:09Z</time></trkpt><trkpt lat="60.238717" lon="24.954268"><ele>47.4</ele><time>2026-03-03T07:19:10Z</time></trkpt><trkpt lat="60.238703" lon="24.954258"><ele>48.2</ele><time>2026-03-03T07:19:11Z</time></trkpt><trkpt lat="60.238693" lon="24.954255"><ele>48.7</ele><time>2026-03-03T07:19:12Z</time><extensions><gpxtpx:TrackPointExtension><gpxtpx:hr>89</gpxtpx:hr></gpxtpx:TrackPointExtension></extensions></trkpt><trkpt lat="60.23868" lon="24.954243"><ele>48.6</ele><time>2026-03-03T07:19:13Z</time></trkpt><trkpt lat="60.23867" lon="24.954233"><ele>48.7</ele><time>2026-03-03T07:19:14Z</time><extensions><gpxtpx:TrackPointExtension><gpxtpx:hr>90</gpxtpx:hr></gpxtpx:TrackPointExtension></extensions></trkpt><trkpt lat="60.238658" lon="24.954223"><ele>49.0</ele><time>2026-03-03T07:19:15Z</time></trkpt><trkpt lat="60.238643" lon="24.954212"><ele>48.4</ele><time>2026-03-03T07:19:16Z</time></trkpt><trkpt lat="60.23863" lon="24.954202"><ele>48.1</ele><time>2026-03-03T07:19:17Z</time></trkpt><trkpt lat="60.238615" lon="24.954188"><ele>48.4</ele><time>2026-03-03T07:19:17Z</time></trkpt><trkpt lat="60.2386" lon="24.954182"><ele>48.0</ele><time>2026-03-03T07:19:18Z</time></trkpt><trkpt lat="60.23859" lon="24.954175"><ele>47.9</ele><time>2026-03-03T07:19:19Z</time></trkpt><trkpt lat="60.238577" lon="24.954162"><ele>48.1</ele><time>2026-03-03T07:19:20Z</time></trkpt><trkpt lat="60.238565" lon="24.954147"><ele>47.6</ele><time>2026-03-03T07:19:21Z</time></trkpt><trkpt lat="60.238552" lon="24.954137"><ele>47.5</ele><time>2026-03-03T07:19:22Z</time><extensions><gpxtpx:TrackPointExtension><gpxtpx:hr>91</gpxtpx:hr></gpxtpx:TrackPointExtension></extensions></trkpt><trkpt lat="60.238542" lon="24.954128"><ele>47.4</ele><time>2026-03-03T07:19:23Z</time></trkpt><trkpt lat="60.238532" lon="24.954118"><ele>47.9</ele><time>2026-03-03T07:19:24Z</time><extensions><gpxtpx:TrackPointExtension><gpxtpx:hr>90</gpxtpx:hr></gpxtpx:TrackPointExtension></extensions></trkpt><trkpt lat="60.238513" lon="24.9541"><ele>48.1</ele><time>2026-03-03T07:19:25Z</time></trkpt><trkpt lat="60.238503" lon="24.954088"><ele>48.4</ele><time>2026-03-03T07:19:26Z</time></trkpt><trkpt lat="60.23849" lon="24.954077"><ele>48.1</ele><time>2026-03-03T07:19:27Z</time></trkpt><trkpt lat="60.238483" lon="24.954073"><ele>48.0</ele><time>2026-03-03T07:19:28Z</time></trkpt><trkpt lat="60.238473" lon="24.954065"><ele>48.0</ele><time>2026-03-03T07:19:29Z</time></trkpt><trkpt lat="60.238468" lon="24.954053"><ele>48.4</ele><time>2026-03-03T07:19:30Z</time></trkpt><trkpt lat="60.238453" lon="24.954035"><ele>48.9</ele><time>2026-03-03T07:19:31Z</time></trkpt><trkpt lat="60.238438" lon="24.954022"><ele>48.6</ele><time>2026-03-03T07:19:32Z</time></trkpt><trkpt lat="60.238423" lon="24.954008"><ele>48.6</ele><time>2026-03-03T07:19:33Z</time><extensions><gpxtpx:TrackPointExtension><gpxtpx:hr>90</gpxtpx:hr></gpxtpx:TrackPointExtension></extensions></trkpt><trkpt lat="60.238417" lon="24.954005"><ele>49.1</ele><time>2026-03-03T07:19:34Z</time></trkpt><trkpt lat="60.2384" lon="24.953983"><ele>49.1</ele><time>2026-03-03T07:19:35Z</time></trkpt><trkpt lat="60.238385" lon="24.953973"><ele>49.2</ele><time>2026-03-03T07:19:36Z</time></trkpt><trkpt lat="60.238372" lon="24.953965"><ele>48.9</ele><time>2026-03-03T07:19:37Z</time></trkpt><trkpt lat="60.23836" lon="24.953952"><ele>49.2</ele><time>2026-03-03T07:19:38Z</time><extensions><gpxtpx:TrackPointExtension><gpxtpx:hr>90</gpxtpx:hr></gpxtpx:TrackPointExtension></extensions></trkpt><trkpt lat="60.238348" lon="24.953935"><ele>49.7</ele><time>2026-03-03T07:19:39Z</time></trkpt><trkpt lat="60.238337" lon="24.953918"><ele>49.8</ele><time>2026-03-03T07:19:40Z</time></trkpt><trkpt lat="60.23832" lon="24.953912"><ele>49.4</ele><time>2026-03-03T07:19:41Z</time><extensions><gpxtpx:TrackPointExtension><gpxtpx:hr>90</gpxtpx:hr></gpxtpx:TrackPointExtension></extensions></trkpt><trkpt lat="60.23831" lon="24.953897"><ele>49.6</ele><time>2026-03-03T07:19:42Z</time></trkpt><trkpt lat="60.238297" lon="24.953885"><ele>48.6</ele><time>2026-03-03T07:19:43Z</time></trkpt><trkpt lat="60.238285" lon="24.953875"><ele>48.9</ele><time>2026-03-03T07:19:44Z</time><extensions><gpxtpx:TrackPointExtension><gpxtpx:hr>91</gpxtpx:hr></gpxtpx:TrackPointExtension></extensions></trkpt><trkpt lat="60.238273" lon="24.953862"><ele>48.9</ele><time>2026-03-03T07:19:45Z</time></trkpt><trkpt lat="60.23826" lon="24.953853"><ele>48.7</ele><time>2026-03-03T07:19:46Z</time></trkpt><trkpt lat="60.238248" lon="24.953843"><ele>48.2</ele><time>2026-03-03T07:19:47Z</time></trkpt><trkpt lat="60.238237" lon="24.953833"><ele>47.7</ele><time>2026-03-03T07:19:48Z</time></trkpt><trkpt lat="60.23823" lon="24.953823"><ele>48.0</ele><time>2026-03-03T07:19:49Z</time></trkpt><trkpt lat="60.238218" lon="24.953805"><ele>48.8</ele><time>2026-03-03T07:19:50Z</time></trkpt><trkpt lat="60.238205" lon="24.953795"><ele>48.3</ele><time>2026-03-03T07:19:51Z</time></trkpt><trkpt lat="60.238193" lon="24.953783"><ele>48.0</ele><time>2026-03-03T07:19:52Z</time></trkpt><trkpt lat="60.238182" lon="24.953773"><ele>47.6</ele><time>2026-03-03T07:19:53Z</time><extensions><gpxtpx:TrackPointExtension><gpxtpx:hr>88</gpxtpx:hr></gpxtpx:TrackPointExtension></extensions></trkpt><trkpt lat="60.238178" lon="24.953757"><ele>47.8</ele><time>2026-03-03T07:19:54Z</time></trkpt><trkpt lat="60.238167" lon="24.953747"><ele>47.9</ele><time>2026-03-03T07:19:56Z</time></trkpt><trkpt lat="60.238157" lon="24.95373"><ele>47.6</ele><time>2026-03-03T07:19:57Z</time></trkpt><trkpt lat="60.238147" lon="24.953715"><ele>47.8</ele><time>2026-03-03T07:19:58Z</time><extensions><gpxtpx:TrackPointExtension><gpxtpx:hr>88</gpxtpx:hr></gpxtpx:TrackPointExtension></extensions></trkpt><trkpt lat="60.238137" lon="24.953695"><ele>47.5</ele><time>2026-03-03T07:19:59Z</time></trkpt><trkpt lat="60.238127" lon="24.95368"><ele>48.0</ele><time>2026-03-03T07:20:00Z</time><extensions><gpxtpx:TrackPointExtension><gpxtpx:hr>89</gpxtpx:hr></gpxtpx:TrackPointExtension></extensions></trkpt><trkpt lat="60.238113" lon="24.953665"><ele>47.9</ele><time>2026-03-03T07:20:01Z</time></trkpt><trkpt lat="60.238102" lon="24.953652"><ele>47.9</ele><time>2026-03-03T07:20:02Z</time></trkpt><trkpt lat="60.23809" lon="24.953633"><ele>47.7</ele><time>2026-03-03T07:20:03Z</time></trkpt><trkpt lat="60.23808" lon="24.953618"><ele>47.7</ele><time>2026-03-03T07:20:04Z</time></trkpt><trkpt lat="60.238072" lon="24.953605"><ele>47.7</ele><time>2026-03-03T07:20:05Z</time></trkpt><trkpt lat="60.238062" lon="24.953587"><ele>47.6</ele><time>2026-03-03T07:20:06Z</time></trkpt><trkpt lat="60.238052" lon="24.953577"><ele>47.5</ele><time>2026-03-03T07:20:07Z</time><extensions><gpxtpx:TrackPointExtension><gpxtpx:hr>87</gpxtpx:hr></gpxtpx:TrackPointExtension></extensions></trkpt><trkpt lat="60.238038" lon="24.953572"><ele>47.1</ele><time>2026-03-03T07:20:08Z</time></trkpt><trkpt lat="60.238025" lon="24.95355"><ele>46.6</ele><time>2026-03-03T07:20:09Z</time><extensions><gpxtpx:TrackPointExtension><gpxtpx:hr>88</gpxtpx:hr></gpxtpx:TrackPointExtension></extensions></trkpt><trkpt lat="60.238015" lon="24.953533"><ele>46.7</ele><time>2026-03-03T07:20:10Z</time></trkpt><trkpt lat="60.238008" lon="24.953513"><ele>47.9</ele><time>2026-03-03T07:20:11Z</time></trkpt><trkpt lat="60.238003" lon="24.953502"><ele>48.1</ele><time>2026-03-03T07:20:12Z</time></trkpt><trkpt lat="60.237997" lon="24.953487"><ele>48.5</ele><time>2026-03-03T07:20:13Z</time></trkpt><trkpt lat="60.237988" lon="24.953472"><ele>48.6</ele><time>2026-03-03T07:20:14Z</time></trkpt><trkpt lat="60.237977" lon="24.95346"><ele>48.8</ele><time>2026-03-03T07:20:15Z</time></trkpt><trkpt lat="60.237965" lon="24.953448"><ele>48.8</ele><time>2026-03-03T07:20:16Z</time></trkpt><trkpt lat="60.237952" lon="24.953433"><ele>49.0</ele><time>2026-03-03T07:20:17Z</time></trkpt><trkpt lat="60.237938" lon="24.953422"><ele>48.9</ele><time>2026-03-03T07:20:18Z</time><extensions><gpxtpx:TrackPointExtension><gpxtpx:hr>84</gpxtpx:hr></gpxtpx:TrackPointExtension></extensions></trkpt><trkpt lat="60.23793" lon="24.953403"><ele>48.8</ele><time>2026-03-03T07:20:19Z</time></trkpt><trkpt lat="60.237917" lon="24.953388"><ele>49.0</ele><time>2026-03-03T07:20:20Z</time></trkpt><trkpt lat="60.237903" lon="24.953383"><ele>49.1</ele><time>2026-03-03T07:20:21Z</time></trkpt><trkpt lat="60.237892" lon="24.95337"><ele>49.1</ele><time>2026-03-03T07:20:22Z</time></trkpt><trkpt lat="60.237882" lon="24.95336"><ele>49.4</ele><time>2026-03-03T07:20:23Z</time><extensions><gpxtpx:TrackPointExtension><gpxtpx:hr>83</gpxtpx:hr></gpxtpx:TrackPointExtension></extensions></trkpt><trkpt lat="60.23787" lon="24.953348"><ele>49.7</ele><time>2026-03-03T07:20:24Z</time></trkpt><trkpt lat="60.237857" lon="24.953342"><ele>49.4</ele><time>2026-03-03T07:20:25Z</time><extensions><gpxtpx:TrackPointExtension><gpxtpx:hr>83</gpxtpx:hr></gpxtpx:TrackPointExtension></extensions></trkpt><trkpt lat="60.237848" lon="24.953322"><ele>49.5</ele><time>2026-03-03T07:20:26Z</time></trkpt><trkpt lat="60.237835" lon="24.953312"><ele>49.4</ele><time>2026-03-03T07:20:27Z</time></trkpt><trkpt lat="60.237825" lon="24.953305"><ele>49.7</ele><time>2026-03-03T07:20:28Z</time></trkpt><trkpt lat="60.237817" lon="24.95329"><ele>50.7</ele><time>2026-03-03T07:20:29Z</time></trkpt><trkpt lat="60.237802" lon="24.953277"><ele>50.7</ele><time>2026-03-03T07:20:30Z</time></trkpt><trkpt lat="60.237792" lon="24.953267"><ele>51.0</ele><time>2026-03-03T07:20:31Z</time></trkpt><trkpt lat="60.23778" lon="24.953265"><ele>51.3</ele><time>2026-03-03T07:20:32Z</time></trkpt><trkpt lat="60.237765" lon="24.953252"><ele>51.2</ele><time>2026-03-03T07:20:33Z</time><extensions><gpxtpx:TrackPointExtension><gpxtpx:hr>85</gpxtpx:hr></gpxtpx:TrackPointExtension></extensions></trkpt><trkpt lat="60.237747" lon="24.953248"><ele>50.8</ele><time>2026-03-03T07:20:34Z</time></trkpt><trkpt lat="60.237738" lon="24.95324"><ele>50.8</ele><time>2026-03-03T07:20:35Z</time></trkpt><trkpt lat="60.237723" lon="24.95323"><ele>50.5</ele><time>2026-03-03T07:20:36Z</time></trkpt><trkpt lat="60.237708" lon="24.953222"><ele>51.0</ele><time>2026-03-03T07:20:37Z</time></trkpt><trkpt lat="60.237692" lon="24.953223"><ele>51.6</ele><time>2026-03-03T07:20:38Z</time><extensions><gpxtpx:TrackPointExtension><gpxtpx:hr>86</gpxtpx:hr></gpxtpx:TrackPointExtension></extensions></trkpt><trkpt lat="60.237678" lon="24.953218"><ele>50.9</ele><time>2026-03-03T07:20:39Z</time></trkpt><trkpt lat="60.237668" lon="24.953207"><ele>50.8</ele><time>2026-03-03T07:20:40Z</time></trkpt><trkpt lat="60.237662" lon="24.95319"><ele>50.8</ele><time>2026-03-03T07:20:41Z</time></trkpt><trkpt lat="60.23765" lon="24.953183"><ele>51.0</ele><time>2026-03-03T07:20:42Z</time></trkpt><trkpt lat="60.237642" lon="24.953175"><ele>50.5</ele><time>2026-03-03T07:20:43Z</time><extensions><gpxtpx:TrackPointExtension><gpxtpx:hr>86</gpxtpx:hr></gpxtpx:TrackPointExtension></extensions></trkpt><trkpt lat="60.237632" lon="24.953155"><ele>49.0</ele><time>2026-03-03T07:20:44Z</time></trkpt><trkpt lat="60.237618" lon="24.953135"><ele>49.1</ele><time>2026-03-03T07:20:45Z</time></trkpt><trkpt lat="60.23761" lon="24.953113"><ele>48.8</ele><time>2026-03-03T07:20:46Z</time><extensions><gpxtpx:TrackPointExtension><gpxtpx:hr>86</gpxtpx:hr></gpxtpx:TrackPointExtension></extensions></trkpt><trkpt lat="60.237598" lon="24.953098"><ele>48.8</ele><time>2026-03-03T07:20:47Z</time></trkpt><trkpt lat="60.237583" lon="24.953085"><ele>48.4</ele><time>2026-03-03T07:20:48Z</time></trkpt><trkpt lat="60.23757" lon="24.953072"><ele>48.4</ele><time>2026-03-03T07:20:49Z</time></trkpt><trkpt lat="60.237557" lon="24.95305"><ele>47.0</ele><time>2026-03-03T07:20:50Z</time><extensions><gpxtpx:TrackPointExtension><gpxtpx:hr>86</gpxtpx:hr></gpxtpx:TrackPointExtension></extensions></trkpt><trkpt lat="60.237547" lon="24.953032"><ele>46.9</ele><time>2026-03-03T07:20:51Z</time></trkpt><trkpt lat="60.237538" lon="24.953013"><ele>46.9</ele><time>2026-03-03T07:20:52Z</time></trkpt><trkpt lat="60.237532" lon="24.952997"><ele>47.2</ele><time>2026-03-03T07:20:53Z</time></trkpt><trkpt lat="60.237527" lon="24.95298"><ele>47.0</ele><time>2026-03-03T07:20:54Z</time></trkpt><trkpt lat="60.237522" lon="24.952968"><ele>47.1</ele><time>2026-03-03T07:20:55Z</time><extensions><gpxtpx:TrackPointExtension><gpxtpx:hr>84</gpxtpx:hr></gpxtpx:TrackPointExtension></extensions></trkpt><trkpt lat="60.237515" lon="24.952955"><ele>46.9</ele><time>2026-03-03T07:20:56Z</time></trkpt><trkpt lat="60.237505" lon="24.95293"><ele>46.7</ele><time>2026-03-03T07:20:57Z</time></trkpt><trkpt lat="60.237498" lon="24.952903"><ele>47.0</ele><time>2026-03-03T07:20:58Z</time></trkpt><trkpt lat="60.237492" lon="24.95288"><ele>45.8</ele><time>2026-03-03T07:20:59Z</time><extensions><gpxtpx:TrackPointExtension><gpxtpx:hr>83</gpxtpx:hr></gpxtpx:TrackPointExtension></extensions></trkpt><trkpt lat="60.237478" lon="24.952865"><ele>45.9</ele><time>2026-03-03T07:21:00Z</time></trkpt><trkpt lat="60.237468" lon="24.952848"><ele>46.1</ele><time>2026-03-03T07:21:01Z</time></trkpt><trkpt lat="60.237463" lon="24.952827"><ele>46.5</ele><time>2026-03-03T07:21:02Z</time></trkpt><trkpt lat="60.237457" lon="24.952807"><ele>47.2</ele><time>2026-03-03T07:21:03Z</time></trkpt><trkpt lat="60.237452" lon="24.952782"><ele>47.3</ele><time>2026-03-03T07:21:04Z</time></trkpt><trkpt lat="60.237447" lon="24.952758"><ele>46.9</ele><time>2026-03-03T07:21:05Z</time></trkpt><trkpt lat="60.237442" lon="24.952738"><ele>47.2</ele><time>2026-03-03T07:21:06Z</time></trkpt><trkpt lat="60.237435" lon="24.952717"><ele>47.0</ele><time>2026-03-03T07:21:07Z</time></trkpt><trkpt lat="60.237423" lon="24.952698"><ele>46.0</ele><time>2026-03-03T07:21:08Z</time><extensions><gpxtpx:TrackPointExtension><gpxtpx:hr>84</gpxtpx:hr></gpxtpx:TrackPointExtension></extensions></trkpt><trkpt lat="60.237418" lon="24.952677"><ele>46.5</ele><time>2026-03-03T07:21:09Z</time></trkpt><trkpt lat="60.237412" lon="24.952658"><ele>46.4</ele><time>2026-03-03T07:21:10Z</time><extensions><gpxtpx:TrackPointExtension><gpxtpx:hr>85</gpxtpx:hr></gpxtpx:TrackPointExtension></extensions></trkpt><trkpt lat="60.237405" lon="24.952638"><ele>45.9</ele><time>2026-03-03T07:21:11Z</time></trkpt><trkpt lat="60.237398" lon="24.952607"><ele>46.2</ele><time>2026-03-03T07:21:12Z</time></trkpt><trkpt lat="60.237392" lon="24.952583"><ele>45.7</ele><time>2026-03-03T07:21:13Z</time></trkpt><trkpt lat="60.237387" lon="24.952558"><ele>45.2</ele><time>2026-03-03T07:21:14Z</time><extensions><gpxtpx:TrackPointExtension><gpxtpx:hr>85</gpxtpx:hr></gpxtpx:TrackPointExtension></extensions></trkpt><trkpt lat="60.23738" lon="24.952535"><ele>44.9</ele><time>2026-03-03T07:21:15Z</time></trkpt><trkpt lat="60.237375" lon="24.95251"><ele>44.6</ele><time>2026-03-03T07:21:16Z</time></trkpt><trkpt lat="60.237367" lon="24.952493"><ele>44.1</ele><time>2026-03-03T07:21:17Z</time></trkpt><trkpt lat="60.237365" lon="24.952473"><ele>44.8</ele><time>2026-03-03T07:21:18Z</time></trkpt><trkpt lat="60.237358" lon="24.95245"><ele>45.1</ele><time>2026-03-03T07:21:19Z</time><extensions><gpxtpx:TrackPointExtension><gpxtpx:hr>85</gpxtpx:hr></gpxtpx:TrackPointExtension></extensions></trkpt><trkpt lat="60.237352" lon="24.952427"><ele>45.5</ele><time>2026-03-03T07:21:20Z</time></trkpt><trkpt lat="60.237342" lon="24.952407"><ele>45.0</ele><time>2026-03-03T07:21:21Z</time></trkpt><trkpt lat="60.237333" lon="24.952387"><ele>44.6</ele><time>2026-03-03T07:21:22Z</time></trkpt><trkpt lat="60.237323" lon="24.952365"><ele>44.5</ele><time>2026-03-03T07:21:23Z</time></trkpt><trkpt lat="60.237317" lon="24.952347"><ele>44.5</ele><time>2026-03-03T07:21:24Z</time></trkpt><trkpt lat="60.237308" lon="24.952327"><ele>44.1</ele><time>2026-03-03T07:21:25Z</time></trkpt><trkpt lat="60.237298" lon="24.952312"><ele>44.2</ele><time>2026-03-03T07:21:26Z</time></trkpt><trkpt lat="60.237288" lon="24.952297"><ele>44.1</ele><time>2026-03-03T07:21:27Z</time><extensions><gpxtpx:TrackPointExtension><gpxtpx:hr>84</gpxtpx:hr></gpxtpx:TrackPointExtension></extensions></trkpt><trkpt lat="60.237278" lon="24.952278"><ele>44.8</ele><time>2026-03-03T07:21:28Z</time></trkpt><trkpt lat="60.237268" lon="24.952263"><ele>44.4</ele><time>2026-03-03T07:21:29Z</time></trkpt><trkpt lat="60.237258" lon="24.95225"><ele>43.9</ele><time>2026-03-03T07:21:30Z</time></trkpt><trkpt lat="60.237247" lon="24.952227"><ele>43.7</ele><time>2026-03-03T07:21:31Z</time></trkpt><trkpt lat="60.237242" lon="24.952213"><ele>44.3</ele><time>2026-03-03T07:21:32Z</time></trkpt><trkpt lat="60.237232" lon="24.952197"><ele>44.4</ele><time>2026-03-03T07:21:33Z</time><extensions><gpxtpx:TrackPointExtension><gpxtpx:hr>84</gpxtpx:hr></gpxtpx:TrackPointExtension></extensions></trkpt><trkpt lat="60.237218" lon="24.95218"><ele>44.2</ele><time>2026-03-03T07:21:34Z</time></trkpt><trkpt lat="60.237208" lon="24.952167"><ele>44.1</ele><time>2026-03-03T07:21:35Z</time></trkpt><trkpt lat="60.2372" lon="24.952157"><ele>44.4</ele><time>2026-03-03T07:21:36Z</time></trkpt><trkpt lat="60.237192" lon="24.952143"><ele>44.8</ele><time>2026-03-03T07:21:37Z</time></trkpt><trkpt lat="60.237182" lon="24.952127"><ele>45.2</ele><time>2026-03-03T07:21:38Z</time><extensions><gpxtpx:TrackPointExtension><gpxtpx:hr>86</gpxtpx:hr></gpxtpx:TrackPointExtension></extensions></trkpt><trkpt lat="60.237167" lon="24.952112"><ele>45.2</ele><time>2026-03-03T07:21:39Z</time></trkpt><trkpt lat="60.237157" lon="24.952098"><ele>45.3</ele><time>2026-03-03T07:21:39Z</time></trkpt><trkpt lat="60.237148" lon="24.95208"><ele>45.2</ele><time>2026-03-03T07:21:40Z</time><extensions><gpxtpx:TrackPointExtension><gpxtpx:hr>87</gpxtpx:hr></gpxtpx:TrackPointExtension></extensions></trkpt><trkpt lat="60.237143" lon="24.952072"><ele>45.7</ele><time>2026-03-03T07:21:41Z</time></trkpt><trkpt lat="60.23713" lon="24.952057"><ele>45.5</ele><time>2026-03-03T07:21:42Z</time></trkpt><trkpt lat="60.23712" lon="24.95204"><ele>46.0</ele><time>2026-03-03T07:21:43Z</time></trkpt><trkpt lat="60.237112" lon="24.952023"><ele>46.3</ele><time>2026-03-03T07:21:44Z</time><extensions><gpxtpx:TrackPointExtension><gpxtpx:hr>87</gpxtpx:hr></gpxtpx:TrackPointExtension></extensions></trkpt><trkpt lat="60.237098" lon="24.95201"><ele>45.8</ele><time>2026-03-03T07:21:45Z</time></trkpt><trkpt lat="60.237087" lon="24.951997"><ele>45.6</ele><time>2026-03-03T07:21:46Z</time></trkpt><trkpt lat="60.237072" lon="24.951983"><ele>45.1</ele><time>2026-03-03T07:21:47Z</time></trkpt><trkpt lat="60.237063" lon="24.951967"><ele>45.0</ele><time>2026-03-03T07:21:48Z</time></trkpt><trkpt lat="60.237052" lon="24.951945"><ele>45.4</ele><time>2026-03-03T07:21:49Z</time><extensions><gpxtpx:TrackPointExtension><gpxtpx:hr>85</gpxtpx:hr></gpxtpx:TrackPointExtension></extensions></trkpt><trkpt lat="60.237043" lon="24.951917"><ele>44.5</ele><time>2026-03-03T07:21:50Z</time></trkpt><trkpt lat="60.237028" lon="24.951913"><ele>44.5</ele><time>2026-03-03T07:21:51Z</time></trkpt><trkpt lat="60.237013" lon="24.951903"><ele>44.3</ele><time>2026-03-03T07:21:52Z</time></trkpt><trkpt lat="60.236998" lon="24.95189"><ele>44.3</ele><time>2026-03-03T07:21:53Z</time></trkpt><trkpt lat="60.23699" lon="24.951875"><ele>43.3</ele><time>2026-03-03T07:21:54Z</time></trkpt><trkpt lat="60.236977" lon="24.951865"><ele>43.5</ele><time>2026-03-03T07:21:55Z</time></trkpt><trkpt lat="60.23696" lon="24.95185"><ele>43.6</ele><time>2026-03-03T07:21:56Z</time></trkpt><trkpt lat="60.236945" lon="24.95184"><ele>43.3</ele><time>2026-03-03T07:21:57Z</time><extensions><gpxtpx:TrackPointExtension><gpxtpx:hr>86</gpxtpx:hr></gpxtpx:TrackPointExtension></extensions></trkpt><trkpt lat="60.236938" lon="24.951833"><ele>43.5</ele><time>2026-03-03T07:21:58Z</time></trkpt><trkpt lat="60.236923" lon="24.951825"><ele>43.0</ele><time>2026-03-03T07:21:59Z</time></trkpt><trkpt lat="60.236915" lon="24.951818"><ele>43.7</ele><time>2026-03-03T07:22:00Z</time></trkpt><trkpt lat="60.236908" lon="24.951807"><ele>44.1</ele><time>2026-03-03T07:22:01Z</time><extensions><gpxtpx:TrackPointExtension><gpxtpx:hr>85</gpxtpx:hr></gpxtpx:TrackPointExtension></extensions></trkpt><trkpt lat="60.2369" lon="24.951792"><ele>44.0</ele><time>2026-03-03T07:22:02Z</time></trkpt><trkpt lat="60.236887" lon="24.951777"><ele>43.4</ele><time>2026-03-03T07:22:03Z</time></trkpt><trkpt lat="60.23687" lon="24.951763"><ele>43.6</ele><time>2026-03-03T07:22:04Z</time><extensions><gpxtpx:TrackPointExtension><gpxtpx:hr>84</gpxtpx:hr></gpxtpx:TrackPointExtension></extensions></trkpt><trkpt lat="60.236858" lon="24.951747"><ele>43.5</ele><time>2026-03-03T07:22:05Z</time></trkpt><trkpt lat="60.236845" lon="24.951732"><ele>43.9</ele><time>2026-03-03T07:22:06Z</time></trkpt><trkpt lat="60.23683" lon="24.951727"><ele>44.3</ele><time>2026-03-03T07:22:07Z</time></trkpt><trkpt lat="60.236822" lon="24.951712"><ele>44.0</ele><time>2026-03-03T07:22:08Z</time></trkpt><trkpt lat="60.236808" lon="24.951703"><ele>43.3</ele><time>2026-03-03T07:22:09Z</time><extensions><gpxtpx:TrackPointExtension><gpxtpx:hr>84</gpxtpx:hr></gpxtpx:TrackPointExtension></extensions></trkpt><trkpt lat="60.236793" lon="24.951698"><ele>43.0</ele><time>2026-03-03T07:22:10Z</time></trkpt><trkpt lat="60.236778" lon="24.951688"><ele>42.5</ele><time>2026-03-03T07:22:11Z</time></trkpt><trkpt lat="60.236768" lon="24.951675"><ele>42.6</ele><time>2026-03-03T07:22:12Z</time></trkpt><trkpt lat="60.23676" lon="24.951665"><ele>42.6</ele><time>2026-03-03T07:22:13Z</time></trkpt><trkpt lat="60.236745" lon="24.951658"><ele>41.9</ele><time>2026-03-03T07:22:14Z</time><extensions><gpxtpx:TrackPointExtension><gpxtpx:hr>84</gpxtpx:hr></gpxtpx:TrackPointExtension></extensions></trkpt><trkpt lat="60.236735" lon="24.951642"><ele>41.9</ele><time>2026-03-03T07:22:15Z</time></trkpt><trkpt lat="60.236727" lon="24.951627"><ele>42.5</ele><time>2026-03-03T07:22:16Z</time></trkpt><trkpt lat="60.236715" lon="24.951612"><ele>42.0</ele><time>2026-03-03T07:22:17Z</time></trkpt><trkpt lat="60.236703" lon="24.951598"><ele>41.6</ele><time>2026-03-03T07:22:18Z</time></trkpt><trkpt lat="60.236693" lon="24.951582"><ele>41.9</ele><time>2026-03-03T07:22:19Z</time></trkpt><trkpt lat="60.236687" lon="24.951565"><ele>41.8</ele><time>2026-03-03T07:22:20Z</time></trkpt><trkpt lat="60.236677" lon="24.95155"><ele>41.9</ele><time>2026-03-03T07:22:21Z</time></trkpt><trkpt lat="60.236663" lon="24.951528"><ele>41.7</ele><time>2026-03-03T07:22:22Z</time></trkpt><trkpt lat="60.236655" lon="24.95151"><ele>41.6</ele><time>2026-03-03T07:22:23Z</time><extensions><gpxtpx:TrackPointExtension><gpxtpx:hr>84</gpxtpx:hr></gpxtpx:TrackPointExtension></extensions></trkpt><trkpt lat="60.236647" lon="24.951492"><ele>41.3</ele><time>2026-03-03T07:22:24Z</time></trkpt><trkpt lat="60.236635" lon="24.951468"><ele>41.0</ele><time>2026-03-03T07:22:25Z</time></trkpt><trkpt lat="60.236625" lon="24.95145"><ele>41.2</ele><time>2026-03-03T07:22:26Z</time></trkpt><trkpt lat="60.236617" lon="24.95143"><ele>41.4</ele><time>2026-03-03T07:22:27Z</time><extensions><gpxtpx:TrackPointExtension><gpxtpx:hr>84</gpxtpx:hr></gpxtpx:TrackPointExtension></extensions></trkpt><trkpt lat="60.236608" lon="24.951417"><ele>41.4</ele><time>2026-03-03T07:22:28Z</time></trkpt><trkpt lat="60.2366" lon="24.951387"><ele>41.1</ele><time>2026-03-03T07:22:29Z</time></trkpt><trkpt lat="60.236593" lon="24.951357"><ele>41.7</ele><time>2026-03-03T07:22:30Z</time></trkpt><trkpt lat="60.236585" lon="24.951328"><ele>41.6</ele><time>2026-03-03T07:22:31Z</time><extensions><gpxtpx:TrackPointExtension><gpxtpx:hr>82</gpxtpx:hr></gpxtpx:TrackPointExtension></extensions></trkpt><trkpt lat="60.236577" lon="24.951308"><ele>41.2</ele><time>2026-03-03T07:22:32Z</time></trkpt><trkpt lat="60.236565" lon="24.951277"><ele>40.8</ele><time>2026-03-03T07:22:33Z</time></trkpt><trkpt lat="60.23656" lon="24.951253"><ele>40.3</ele><time>2026-03-03T07:22:34Z</time></trkpt><trkpt lat="60.236552" lon="24.95123"><ele>40.2</ele><time>2026-03-03T07:22:35Z</time></trkpt><trkpt lat="60.236542" lon="24.951208"><ele>39.3</ele><time>2026-03-03T07:22:36Z</time></trkpt><trkpt lat="60.236535" lon="24.951188"><ele>38.8</ele><time>2026-03-03T07:22:37Z</time></trkpt><trkpt lat="60.236527" lon="24.951165"><ele>38.4</ele><time>2026-03-03T07:22:38Z</time><extensions><gpxtpx:TrackPointExtension><gpxtpx:hr>83</gpxtpx:hr></gpxtpx:TrackPointExtension></extensions></trkpt><trkpt lat="60.23652" lon="24.951143"><ele>38.9</ele><time>2026-03-03T07:22:39Z</time></trkpt><trkpt lat="60.236513" lon="24.951117"><ele>38.0</ele><time>2026-03-03T07:22:40Z</time></trkpt><trkpt lat="60.23651" lon="24.951095"><ele>38.4</ele><time>2026-03-03T07:22:41Z</time><extensions><gpxtpx:TrackPointExtension><gpxtpx:hr>83</gpxtpx:hr></gpxtpx:TrackPointExtension></extensions></trkpt><trkpt lat="60.236502" lon="24.95107"><ele>37.7</ele><time>2026-03-03T07:22:42Z</time></trkpt><trkpt lat="60.23649" lon="24.951052"><ele>36.6</ele><time>2026-03-03T07:22:43Z</time></trkpt><trkpt lat="60.236478" lon="24.951033"><ele>37.0</ele><time>2026-03-03T07:22:44Z</time><extensions><gpxtpx:TrackPointExtension><gpxtpx:hr>83</gpxtpx:hr></gpxtpx:TrackPointExtension></extensions></trkpt><trkpt lat="60.23647" lon="24.951013"><ele>37.0</ele><time>2026-03-03T07:22:45Z</time></trkpt><trkpt lat="60.236463" lon="24.950988"><ele>38.0</ele><time>2026-03-03T07:22:46Z</time></trkpt><trkpt lat="60.236452" lon="24.950968"><ele>37.5</ele><time>2026-03-03T07:22:47Z</time></trkpt><trkpt lat="60.236443" lon="24.950945"><ele>36.7</ele><time>2026-03-03T07:22:48Z</time></trkpt><trkpt lat="60.236435" lon="24.950928"><ele>36.1</ele><time>2026-03-03T07:22:49Z</time></trkpt><trkpt lat="60.236427" lon="24.950905"><ele>37.2</ele><time>2026-03-03T07:22:50Z</time></trkpt><trkpt lat="60.236418" lon="24.950883"><ele>37.4</ele><time>2026-03-03T07:22:51Z</time><extensions><gpxtpx:TrackPointExtension><gpxtpx:hr>82</gpxtpx:hr></gpxtpx:TrackPointExtension></extensions></trkpt><trkpt lat="60.236412" lon="24.95086"><ele>37.6</ele><time>2026-03-03T07:22:52Z</time></trkpt><trkpt lat="60.236403" lon="24.950837"><ele>37.3</ele><time>2026-03-03T07:22:53Z</time></trkpt><trkpt lat="60.236392" lon="24.950817"><ele>36.8</ele><time>2026-03-03T07:22:54Z</time></trkpt><trkpt lat="60.23638" lon="24.9508"><ele>37.0</ele><time>2026-03-03T07:22:55Z</time></trkpt><trkpt lat="60.236373" lon="24.950778"><ele>36.9</ele><time>2026-03-03T07:22:56Z</time></trkpt><trkpt lat="60.236368" lon="24.950757"><ele>37.1</ele><time>2026-03-03T07:22:57Z</time></trkpt><trkpt lat="60.236358" lon="24.950738"><ele>36.5</ele><time>2026-03-03T07:22:58Z</time><extensions><gpxtpx:TrackPointExtension><gpxtpx:hr>81</gpxtpx:hr></gpxtpx:TrackPointExtension></extensions></trkpt><trkpt lat="60.236353" lon="24.950713"><ele>36.6</ele><time>2026-03-03T07:22:59Z</time></trkpt><trkpt lat="60.236345" lon="24.950693"><ele>36.7</ele><time>2026-03-03T07:23:00Z</time></trkpt><trkpt lat="60.236338" lon="24.950672"><ele>36.8</ele><time>2026-03-03T07:23:01Z</time></trkpt><trkpt lat="60.236332" lon="24.950648"><ele>36.6</ele><time>2026-03-03T07:23:02Z</time><extensions><gpxtpx:TrackPointExtension><gpxtpx:hr>81</gpxtpx:hr></gpxtpx:TrackPointExtension></extensions></trkpt><trkpt lat="60.236322" lon="24.950625"><ele>36.9</ele><time>2026-03-03T07:23:03Z</time></trkpt><trkpt lat="60.236315" lon="24.950602"><ele>37.0</ele><time>2026-03-03T07:23:04Z</time></trkpt><trkpt lat="60.23631" lon="24.950575"><ele>37.0</ele><time>2026-03-03T07:23:05Z</time></trkpt><trkpt lat="60.2363" lon="24.950557"><ele>36.8</ele><time>2026-03-03T07:23:06Z</time></trkpt><trkpt lat="60.23629" lon="24.950538"><ele>36.7</ele><time>2026-03-03T07:23:07Z</time><extensions><gpxtpx:TrackPointExtension><gpxtpx:hr>80</gpxtpx:hr></gpxtpx:TrackPointExtension></extensions></trkpt><trkpt lat="60.236282" lon="24.950518"><ele>36.2</ele><time>2026-03-03T07:23:08Z</time></trkpt><trkpt lat="60.236272" lon="24.950502"><ele>36.4</ele><time>2026-03-03T07:23:09Z</time></trkpt><trkpt lat="60.236262" lon="24.950485"><ele>36.3</ele><time>2026-03-03T07:23:10Z</time></trkpt><trkpt lat="60.236253" lon="24.950465"><ele>35.9</ele><time>2026-03-03T07:23:11Z</time></trkpt><trkpt lat="60.236242" lon="24.950448"><ele>35.4</ele><time>2026-03-03T07:23:12Z</time></trkpt><trkpt lat="60.236237" lon="24.950427"><ele>35.2</ele><time>2026-03-03T07:23:13Z</time><extensions><gpxtpx:TrackPointExtension><gpxtpx:hr>81</gpxtpx:hr></gpxtpx:TrackPointExtension></extensions></trkpt><trkpt lat="60.236232" lon="24.950398"><ele>34.8</ele><time>2026-03-03T07:23:14Z</time></trkpt><trkpt lat="60.236223" lon="24.950378"><ele>35.0</ele><time>2026-03-03T07:23:15Z</time></trkpt><trkpt lat="60.236212" lon="24.95036"><ele>34.7</ele><time>2026-03-03T07:23:16Z</time></trkpt><trkpt lat="60.236207" lon="24.950337"><ele>34.6</ele><time>2026-03-03T07:23:17Z</time></trkpt><trkpt lat="60.236198" lon="24.950313"><ele>34.2</ele><time>2026-03-03T07:23:18Z</time><extensions><gpxtpx:TrackPointExtension><gpxtpx:hr>83</gpxtpx:hr></gpxtpx:TrackPointExtension></extensions></trkpt><trkpt lat="60.23619" lon="24.950292"><ele>34.6</ele><time>2026-03-03T07:23:19Z</time></trkpt><trkpt lat="60.236182" lon="24.950267"><ele>33.9</ele><time>2026-03-03T07:23:20Z</time></trkpt><trkpt lat="60.236175" lon="24.950243"><ele>33.8</ele><time>2026-03-03T07:23:21Z</time><extensions><gpxtpx:TrackPointExtension><gpxtpx:hr>84</gpxtpx:hr></gpxtpx:TrackPointExtension></extensions></trkpt><trkpt lat="60.236163" lon="24.950225"><ele>33.7</ele><time>2026-03-03T07:23:22Z</time></trkpt><trkpt lat="60.236153" lon="24.950205"><ele>33.9</ele><time>2026-03-03T07:23:23Z</time></trkpt><trkpt lat="60.236145" lon="24.950187"><ele>33.6</ele><time>2026-03-03T07:23:24Z</time><extensions><gpxtpx:TrackPointExtension><gpxtpx:hr>85</gpxtpx:hr></gpxtpx:TrackPointExtension></extensions></trkpt><trkpt lat="60.236135" lon="24.950167"><ele>33.3</ele><time>2026-03-03T07:23:25Z</time></trkpt><trkpt lat="60.236127" lon="24.950142"><ele>33.4</ele><time>2026-03-03T07:23:26Z</time></trkpt><trkpt lat="60.23612" lon="24.95012"><ele>32.8</ele><time>2026-03-03T07:23:27Z</time></trkpt><trkpt lat="60.236113" lon="24.950098"><ele>33.2</ele><time>2026-03-03T07:23:28Z</time></trkpt><trkpt lat="60.236103" lon="24.950077"><ele>33.4</ele><time>2026-03-03T07:23:29Z</time></trkpt><trkpt lat="60.236095" lon="24.950058"><ele>33.6</ele><time>2026-03-03T07:23:30Z</time></trkpt><trkpt lat="60.236088" lon="24.950038"><ele>33.9</ele><time>2026-03-03T07:23:31Z</time></trkpt><trkpt lat="60.23608" lon="24.950017"><ele>34.2</ele><time>2026-03-03T07:23:32Z</time></trkpt><trkpt lat="60.23607" lon="24.949997"><ele>34.0</ele><time>2026-03-03T07:23:33Z</time><extensions><gpxtpx:TrackPointExtension><gpxtpx:hr>85</gpxtpx:hr></gpxtpx:TrackPointExtension></extensions></trkpt><trkpt lat="60.236062" lon="24.949975"><ele>33.1</ele><time>2026-03-03T07:23:34Z</time></trkpt><trkpt lat="60.236055" lon="24.949953"><ele>33.4</ele><time>2026-03-03T07:23:35Z</time></trkpt><trkpt lat="60.236047" lon="24.949933"><ele>33.2</ele><time>2026-03-03T07:23:36Z</time></trkpt><trkpt lat="60.236035" lon="24.949917"><ele>32.3</ele><time>2026-03-03T07:23:37Z</time></trkpt><trkpt lat="60.236027" lon="24.949895"><ele>32.4</ele><time>2026-03-03T07:23:38Z</time><extensions><gpxtpx:TrackPointExtension><gpxtpx:hr>83</gpxtpx:hr></gpxtpx:TrackPointExtension></extensions></trkpt><trkpt lat="60.236023" lon="24.94987"><ele>33.2</ele><time>2026-03-03T07:23:39Z</time></trkpt><trkpt lat="60.236015" lon="24.949853"><ele>33.2</ele><time>2026-03-03T07:23:40Z</time></trkpt><trkpt lat="60.236007" lon="24.949833"><ele>32.9</ele><time>2026-03-03T07:23:41Z</time><extensions><gpxtpx:TrackPointExtension><gpxtpx:hr>82</gpxtpx:hr></gpxtpx:TrackPointExtension></extensions></trkpt><trkpt lat="60.235998" lon="24.949813"><ele>32.0</ele><time>2026-03-03T07:23:42Z</time></trkpt><trkpt lat="60.235988" lon="24.949793"><ele>31.3</ele><time>2026-03-03T07:23:43Z</time></trkpt><trkpt lat="60.235978" lon="24.94978"><ele>31.3</ele><time>2026-03-03T07:23:44Z</time><extensions><gpxtpx:TrackPointExtension><gpxtpx:hr>82</gpxtpx:hr></gpxtpx:TrackPointExtension></extensions></trkpt><trkpt lat="60.235967" lon="24.949765"><ele>31.2</ele><time>2026-03-03T07:23:45Z</time></trkpt><trkpt lat="60.235958" lon="24.949745"><ele>31.2</ele><time>2026-03-03T07:23:46Z</time></trkpt><trkpt lat="60.23595" lon="24.949727"><ele>31.2</ele><time>2026-03-03T07:23:47Z</time></trkpt><trkpt lat="60.235942" lon="24.949705"><ele>31.0</ele><time>2026-03-03T07:23:48Z</time></trkpt><trkpt lat="60.235935" lon="24.949687"><ele>30.8</ele><time>2026-03-03T07:23:49Z</time><extensions><gpxtpx:TrackPointExtension><gpxtpx:hr>82</gpxtpx:hr></gpxtpx:TrackPointExtension></extensions></trkpt><trkpt lat="60.235928" lon="24.949668"><ele>30.6</ele><time>2026-03-03T07:23:50Z</time></trkpt><trkpt lat="60.235922" lon="24.949645"><ele>30.4</ele><time>2026-03-03T07:23:51Z</time></trkpt><trkpt lat="60.235918" lon="24.949625"><ele>29.8</ele><time>2026-03-03T07:23:52Z</time></trkpt><trkpt lat="60.235913" lon="24.94962"><ele>28.7</ele><time>2026-03-03T07:23:53Z</time></trkpt><trkpt lat="60.235905" lon="24.949613"><ele>28.0</ele><time>2026-03-03T07:23:54Z</time></trkpt><trkpt lat="60.235898" lon="24.949587"><ele>28.8</ele><time>2026-03-03T07:23:55Z</time></trkpt><trkpt lat="60.23589" lon="24.94956"><ele>29.5</ele><time>2026-03-03T07:23:56Z</time></trkpt><trkpt lat="60.235883" lon="24.949538"><ele>29.6</ele><time>2026-03-03T07:23:57Z</time></trkpt><trkpt lat="60.235875" lon="24.949515"><ele>29.7</ele><time>2026-03-03T07:23:58Z</time><extensions><gpxtpx:TrackPointExtension><gpxtpx:hr>80</gpxtpx:hr></gpxtpx:TrackPointExtension></extensions></trkpt><trkpt lat="60.235868" lon="24.949495"><ele>29.9</ele><time>2026-03-03T07:23:59Z</time></trkpt><trkpt lat="60.23586" lon="24.949473"><ele>29.8</ele><time>2026-03-03T07:24:00Z</time></trkpt><trkpt lat="60.235852" lon="24.949455"><ele>29.8</ele><time>2026-03-03T07:24:01Z</time></trkpt><trkpt lat="60.235845" lon="24.949432"><ele>30.3</ele><time>2026-03-03T07:24:02Z</time><extensions><gpxtpx:TrackPointExtension><gpxtpx:hr>81</gpxtpx:hr></gpxtpx:TrackPointExtension></extensions></trkpt><trkpt lat="60.235835" lon="24.949412"><ele>30.2</ele><time>2026-03-03T07:24:03Z</time></trkpt><trkpt lat="60.235828" lon="24.94939"><ele>30.9</ele><time>2026-03-03T07:24:04Z</time><extensions><gpxtpx:TrackPointExtension><gpxtpx:hr>81</gpxtpx:hr></gpxtpx:TrackPointExtension></extensions></trkpt><trkpt lat="60.23582" lon="24.949375"><ele>32.0</ele><time>2026-03-03T07:24:05Z</time></trkpt><trkpt lat="60.23581" lon="24.949358"><ele>32.5</ele><time>2026-03-03T07:24:06Z</time></trkpt><trkpt lat="60.235803" lon="24.94934"><ele>32.7</ele><time>2026-03-03T07:24:07Z</time></trkpt><trkpt lat="60.235793" lon="24.94932"><ele>32.3</ele><time>2026-03-03T07:24:08Z</time></trkpt><trkpt lat="60.235782" lon="24.949303"><ele>31.8</ele><time>2026-03-03T07:24:09Z</time><extensions><gpxtpx:TrackPointExtension><gpxtpx:hr>81</gpxtpx:hr></gpxtpx:TrackPointExtension></extensions></trkpt><trkpt lat="60.23577" lon="24.949285"><ele>32.0</ele><time>2026-03-03T07:24:10Z</time></trkpt><trkpt lat="60.235758" lon="24.949272"><ele>31.6</ele><time>2026-03-03T07:24:11Z</time></trkpt><trkpt lat="60.235748" lon="24.949252"><ele>32.4</ele><time>2026-03-03T07:24:12Z</time></trkpt><trkpt lat="60.23574" lon="24.949228"><ele>32.2</ele><time>2026-03-03T07:24:13Z</time></trkpt><trkpt lat="60.235728" lon="24.949212"><ele>31.6</ele><time>2026-03-03T07:24:14Z</time></trkpt><trkpt lat="60.235722" lon="24.949192"><ele>31.4</ele><time>2026-03-03T07:24:15Z</time></trkpt><trkpt lat="60.235713" lon="24.94918"><ele>30.8</ele><time>2026-03-03T07:24:16Z</time></trkpt><trkpt lat="60.235707" lon="24.949163"><ele>31.0</ele><time>2026-03-03T07:24:17Z</time><extensions><gpxtpx:TrackPointExtension><gpxtpx:hr>82</gpxtpx:hr></gpxtpx:TrackPointExtension></extensions></trkpt><trkpt lat="60.235693" lon="24.949143"><ele>30.5</ele><time>2026-03-03T07:24:18Z</time></trkpt><trkpt lat="60.235682" lon="24.949125"><ele>30.8</ele><time>2026-03-03T07:24:19Z</time><extensions><gpxtpx:TrackPointExtension><gpxtpx:hr>83</gpxtpx:hr></gpxtpx:TrackPointExtension></extensions></trkpt><trkpt lat="60.235672" lon="24.94911"><ele>30.7</ele><time>2026-03-03T07:24:20Z</time></trkpt><trkpt lat="60.235665" lon="24.949088"><ele>30.8</ele><time>2026-03-03T07:24:21Z</time></trkpt><trkpt lat="60.235657" lon="24.949068"><ele>30.9</ele><time>2026-03-03T07:24:22Z</time></trkpt><trkpt lat="60.235648" lon="24.949048"><ele>31.1</ele><time>2026-03-03T07:24:23Z</time></trkpt><trkpt lat="60.23564" lon="24.949028"><ele>31.3</ele><time>2026-03-03T07:24:24Z</time></trkpt><trkpt lat="60.235628" lon="24.949017"><ele>31.2</ele><time>2026-03-03T07:24:25Z</time><extensions><gpxtpx:TrackPointExtension><gpxtpx:hr>83</gpxtpx:hr></gpxtpx:TrackPointExtension></extensions></trkpt><trkpt lat="60.235622" lon="24.949005"><ele>31.0</ele><time>2026-03-03T07:24:26Z</time></trkpt><trkpt lat="60.235612" lon="24.948993"><ele>30.7</ele><time>2026-03-03T07:24:27Z</time></trkpt><trkpt lat="60.235603" lon="24.948977"><ele>30.4</ele><time>2026-03-03T07:24:28Z</time></trkpt><trkpt lat="60.235598" lon="24.948955"><ele>30.8</ele><time>2026-03-03T07:24:29Z</time><extensions><gpxtpx:TrackPointExtension><gpxtpx:hr>83</gpxtpx:hr></gpxtpx:TrackPointExtension></extensions></trkpt><trkpt lat="60.235588" lon="24.948937"><ele>30.4</ele><time>2026-03-03T07:24:30Z</time></trkpt><trkpt lat="60.235582" lon="24.94892"><ele>31.0</ele><time>2026-03-03T07:24:31Z</time></trkpt><trkpt lat="60.235572" lon="24.948903"><ele>30.9</ele><time>2026-03-03T07:24:32Z</time></trkpt><trkpt lat="60.23556" lon="24.948888"><ele>31.2</ele><time>2026-03-03T07:24:33Z</time></trkpt><trkpt lat="60.235548" lon="24.948868"><ele>30.9</ele><time>2026-03-03T07:24:34Z</time></trkpt><trkpt lat="60.235542" lon="24.948853"><ele>31.3</ele><time>2026-03-03T07:24:35Z</time></trkpt><trkpt lat="60.235532" lon="24.948835"><ele>31.3</ele><time>2026-03-03T07:24:36Z</time></trkpt><trkpt lat="60.235522" lon="24.94882"><ele>31.7</ele><time>2026-03-03T07:24:37Z</time></trkpt><trkpt lat="60.235512" lon="24.948802"><ele>32.0</ele><time>2026-03-03T07:24:38Z</time><extensions><gpxtpx:TrackPointExtension><gpxtpx:hr>84</gpxtpx:hr></gpxtpx:TrackPointExtension></extensions></trkpt><trkpt lat="60.235508" lon="24.948785"><ele>32.0</ele><time>2026-03-03T07:24:39Z</time></trkpt><trkpt lat="60.2355" lon="24.948765"><ele>31.4</ele><time>2026-03-03T07:24:40Z</time></trkpt><trkpt lat="60.235495" lon="24.948747"><ele>31.4</ele><time>2026-03-03T07:24:41Z</time></trkpt><trkpt lat="60.235487" lon="24.948728"><ele>31.6</ele><time>2026-03-03T07:24:42Z</time></trkpt><trkpt lat="60.235482" lon="24.948717"><ele>32.0</ele><time>2026-03-03T07:24:43Z</time><extensions><gpxtpx:TrackPointExtension><gpxtpx:hr>85</gpxtpx:hr></gpxtpx:TrackPointExtension></extensions></trkpt><trkpt lat="60.235473" lon="24.948695"><ele>32.4</ele><time>2026-03-03T07:24:44Z</time><extensions><gpxtpx:TrackPointExtension><gpxtpx:hr>84</gpxtpx:hr></gpxtpx:TrackPointExtension></extensions></trkpt><trkpt lat="60.235472" lon="24.94867"><ele>32.6</ele><time>2026-03-03T07:24:45Z</time></trkpt><trkpt lat="60.235467" lon="24.948648"><ele>33.8</ele><time>2026-03-03T07:24:46Z</time></trkpt><trkpt lat="60.23546" lon="24.94864"><ele>34.7</ele><time>2026-03-03T07:24:47Z</time></trkpt><trkpt lat="60.235447" lon="24.948623"><ele>33.8</ele><time>2026-03-03T07:24:48Z</time></trkpt><trkpt lat="60.235435" lon="24.948613"><ele>33.9</ele><time>2026-03-03T07:24:49Z</time></trkpt><trkpt lat="60.23542" lon="24.948598"><ele>33.4</ele><time>2026-03-03T07:24:50Z</time></trkpt><trkpt lat="60.235415" lon="24.94857"><ele>33.1</ele><time>2026-03-03T07:24:51Z</time></trkpt><trkpt lat="60.235408" lon="24.948552"><ele>32.7</ele><time>2026-03-03T07:24:52Z</time></trkpt><trkpt lat="60.235402" lon="24.948532"><ele>32.9</ele><time>2026-03-03T07:24:53Z</time><extensions><gpxtpx:TrackPointExtension><gpxtpx:hr>84</gpxtpx:hr></gpxtpx:TrackPointExtension></extensions></trkpt><trkpt lat="60.235385" lon="24.9485"><ele>32.6</ele><time>2026-03-03T07:24:54Z</time><extensions><gpxtpx:TrackPointExtension><gpxtpx:hr>84</gpxtpx:hr></gpxtpx:TrackPointExtension></extensions></trkpt><trkpt lat="60.235378" lon="24.948477"><ele>32.3</ele><time>2026-03-03T07:24:55Z</time></trkpt><trkpt lat="60.235368" lon="24.948453"><ele>32.2</ele><time>2026-03-03T07:24:56Z</time></trkpt><trkpt lat="60.235353" lon="24.948437"><ele>32.2</ele><time>2026-03-03T07:24:57Z</time></trkpt><trkpt lat="60.235343" lon="24.94842"><ele>31.7</ele><time>2026-03-03T07:24:58Z</time></trkpt><trkpt lat="60.235332" lon="24.9484"><ele>31.9</ele><time>2026-03-03T07:24:59Z</time><extensions><gpxtpx:TrackPointExtension><gpxtpx:hr>86</gpxtpx:hr></gpxtpx:TrackPointExtension></extensions></trkpt><trkpt lat="60.23532" lon="24.94838"><ele>31.8</ele><time>2026-03-03T07:25:00Z</time></trkpt><trkpt lat="60.235307" lon="24.948363"><ele>32.2</ele><time>2026-03-03T07:25:01Z</time></trkpt><trkpt lat="60.235293" lon="24.948355"><ele>31.9</ele><time>2026-03-03T07:25:02Z</time></trkpt><trkpt lat="60.235282" lon="24.948348"><ele>32.3</ele><time>2026-03-03T07:25:03Z</time></trkpt><trkpt lat="60.235267" lon="24.948337"><ele>32.0</ele><time>2026-03-03T07:25:04Z</time></trkpt><trkpt lat="60.235253" lon="24.948328"><ele>32.6</ele><time>2026-03-03T07:25:05Z</time></trkpt><trkpt lat="60.23524" lon="24.94832"><ele>32.0</ele><time>2026-03-03T07:25:06Z</time></trkpt><trkpt lat="60.235227" lon="24.94831"><ele>32.1</ele><time>2026-03-03T07:25:07Z</time></trkpt><trkpt lat="60.235217" lon="24.948298"><ele>32.1</ele><time>2026-03-03T07:25:08Z</time><extensions><gpxtpx:TrackPointExtension><gpxtpx:hr>87</gpxtpx:hr></gpxtpx:TrackPointExtension></extensions></trkpt><trkpt lat="60.235203" lon="24.948287"><ele>31.8</ele><time>2026-03-03T07:25:09Z</time></trkpt><trkpt lat="60.235192" lon="24.948277"><ele>31.9</ele><time>2026-03-03T07:25:10Z</time></trkpt><trkpt lat="60.23518" lon="24.948268"><ele>31.3</ele><time>2026-03-03T07:25:11Z</time></trkpt><trkpt lat="60.235167" lon="24.948267"><ele>31.2</ele><time>2026-03-03T07:25:12Z</time><extensions><gpxtpx:TrackPointExtension><gpxtpx:hr>87</gpxtpx:hr></gpxtpx:TrackPointExtension></extensions></trkpt><trkpt lat="60.235153" lon="24.94826"><ele>31.5</ele><time>2026-03-03T07:25:13Z</time></trkpt><trkpt lat="60.235142" lon="24.948248"><ele>31.4</ele><time>2026-03-03T07:25:14Z</time></trkpt><trkpt lat="60.235127" lon="24.948243"><ele>31.7</ele><time>2026-03-03T07:25:15Z</time><extensions><gpxtpx:TrackPointExtension><gpxtpx:hr>87</gpxtpx:hr></gpxtpx:TrackPointExtension></extensions></trkpt><trkpt lat="60.235117" lon="24.948238"><ele>32.0</ele><time>2026-03-03T07:25:16Z</time></trkpt><trkpt lat="60.235105" lon="24.94823"><ele>31.8</ele><time>2026-03-03T07:25:17Z</time></trkpt><trkpt lat="60.235095" lon="24.948227"><ele>32.1</ele><time>2026-03-03T07:25:18Z</time></trkpt><trkpt lat="60.23508" lon="24.948218"><ele>31.9</ele><time>2026-03-03T07:25:19Z</time></trkpt><trkpt lat="60.235068" lon="24.948207"><ele>32.3</ele><time>2026-03-03T07:25:20Z</time></trkpt><trkpt lat="60.235053" lon="24.948195"><ele>32.6</ele><time>2026-03-03T07:25:21Z</time></trkpt><trkpt lat="60.23504" lon="24.948193"><ele>32.6</ele><time>2026-03-03T07:25:22Z</time></trkpt><trkpt lat="60.23503" lon="24.948187"><ele>33.0</ele><time>2026-03-03T07:25:23Z</time><extensions><gpxtpx:TrackPointExtension><gpxtpx:hr>89</gpxtpx:hr></gpxtpx:TrackPointExtension></extensions></trkpt><trkpt lat="60.235017" lon="24.948177"><ele>33.2</ele><time>2026-03-03T07:25:24Z</time></trkpt><trkpt lat="60.235007" lon="24.948168"><ele>33.1</ele><time>2026-03-03T07:25:25Z</time></trkpt><trkpt lat="60.234997" lon="24.948167"><ele>32.8</ele><time>2026-03-03T07:25:26Z</time></trkpt><trkpt lat="60.234985" lon="24.948155"><ele>32.9</ele><time>2026-03-03T07:25:27Z</time></trkpt><trkpt lat="60.234973" lon="24.948143"><ele>33.1</ele><time>2026-03-03T07:25:28Z</time><extensions><gpxtpx:TrackPointExtension><gpxtpx:hr>90</gpxtpx:hr></gpxtpx:TrackPointExtension></extensions></trkpt><trkpt lat="60.234962" lon="24.948133"><ele>33.1</ele><time>2026-03-03T07:25:29Z</time><extensions><gpxtpx:TrackPointExtension><gpxtpx:hr>90</gpxtpx:hr></gpxtpx:TrackPointExtension></extensions></trkpt><trkpt lat="60.234948" lon="24.948118"><ele>32.7</ele><time>2026-03-03T07:25:30Z</time></trkpt><trkpt lat="60.234935" lon="24.94811"><ele>32.7</ele><time>2026-03-03T07:25:31Z</time></trkpt><trkpt lat="60.234928" lon="24.9481"><ele>33.8</ele><time>2026-03-03T07:25:32Z</time></trkpt><trkpt lat="60.234917" lon="24.948088"><ele>33.9</ele><time>2026-03-03T07:25:33Z</time></trkpt><trkpt lat="60.234902" lon="24.948072"><ele>33.4</ele><time>2026-03-03T07:25:34Z</time><extensions><gpxtpx:TrackPointExtension><gpxtpx:hr>90</gpxtpx:hr></gpxtpx:TrackPointExtension></extensions></trkpt><trkpt lat="60.234888" lon="24.948058"><ele>32.9</ele><time>2026-03-03T07:25:35Z</time></trkpt><trkpt lat="60.234878" lon="24.94805"><ele>33.4</ele><time>2026-03-03T07:25:36Z</time></trkpt><trkpt lat="60.23487" lon="24.948038"><ele>34.1</ele><time>2026-03-03T07:25:37Z</time></trkpt><trkpt lat="60.234862" lon="24.948025"><ele>34.2</ele><time>2026-03-03T07:25:38Z</time></trkpt><trkpt lat="60.234852" lon="24.948007"><ele>34.9</ele><time>2026-03-03T07:25:39Z</time></trkpt><trkpt lat="60.234845" lon="24.947982"><ele>35.7</ele><time>2026-03-03T07:25:40Z</time><extensions><gpxtpx:TrackPointExtension><gpxtpx:hr>90</gpxtpx:hr></gpxtpx:TrackPointExtension></extensions></trkpt><trkpt lat="60.234838" lon="24.947962"><ele>35.7</ele><time>2026-03-03T07:25:41Z</time></trkpt><trkpt lat="60.234823" lon="24.947938"><ele>35.8</ele><time>2026-03-03T07:25:42Z</time></trkpt><trkpt lat="60.234815" lon="24.947918"><ele>36.3</ele><time>2026-03-03T07:25:43Z</time></trkpt><trkpt lat="60.234803" lon="24.947903"><ele>35.7</ele><time>2026-03-03T07:25:44Z</time><extensions><gpxtpx:TrackPointExtension><gpxtpx:hr>90</gpxtpx:hr></gpxtpx:TrackPointExtension></extensions></trkpt><trkpt lat="60.234792" lon="24.947883"><ele>35.8</ele><time>2026-03-03T07:25:45Z</time></trkpt><trkpt lat="60.234778" lon="24.947858"><ele>36.1</ele><time>2026-03-03T07:25:46Z</time></trkpt><trkpt lat="60.234767" lon="24.947848"><ele>35.8</ele><time>2026-03-03T07:25:47Z</time></trkpt><trkpt lat="60.23476" lon="24.947832"><ele>36.2</ele><time>2026-03-03T07:25:48Z</time></trkpt><trkpt lat="60.234742" lon="24.947813"><ele>35.4</ele><time>2026-03-03T07:25:49Z</time><extensions><gpxtpx:TrackPointExtension><gpxtpx:hr>90</gpxtpx:hr></gpxtpx:TrackPointExtension></extensions></trkpt><trkpt lat="60.23473" lon="24.947798"><ele>34.7</ele><time>2026-03-03T07:25:50Z</time></trkpt><trkpt lat="60.234718" lon="24.947782"><ele>34.8</ele><time>2026-03-03T07:25:51Z</time></trkpt><trkpt lat="60.234705" lon="24.94777"><ele>35.0</ele><time>2026-03-03T07:25:52Z</time></trkpt><trkpt lat="60.234692" lon="24.947758"><ele>35.4</ele><time>2026-03-03T07:25:53Z</time></trkpt><trkpt lat="60.234683" lon="24.947743"><ele>35.2</ele><time>2026-03-03T07:25:54Z</time></trkpt><trkpt lat="60.234673" lon="24.947725"><ele>35.0</ele><time>2026-03-03T07:25:55Z</time></trkpt><trkpt lat="60.234662" lon="24.94771"><ele>34.8</ele><time>2026-03-03T07:25:56Z</time></trkpt><trkpt lat="60.234652" lon="24.947693"><ele>34.7</ele><time>2026-03-03T07:25:57Z</time></trkpt><trkpt lat="60.23464" lon="24.947677"><ele>34.9</ele><time>2026-03-03T07:25:58Z</time><extensions><gpxtpx:TrackPointExtension><gpxtpx:hr>89</gpxtpx:hr></gpxtpx:TrackPointExtension></extensions></trkpt><trkpt lat="60.234632" lon="24.947657"><ele>34.9</ele><time>2026-03-03T07:25:59Z</time><extensions><gpxtpx:TrackPointExtension><gpxtpx:hr>88</gpxtpx:hr></gpxtpx:TrackPointExtension></extensions></trkpt><trkpt lat="60.234623" lon="24.947635"><ele>34.5</ele><time>2026-03-03T07:26:00Z</time></trkpt><trkpt lat="60.234615" lon="24.947618"><ele>34.9</ele><time>2026-03-03T07:26:01Z</time></trkpt><trkpt lat="60.234608" lon="24.947597"><ele>35.2</ele><time>2026-03-03T07:26:02Z</time></trkpt><trkpt lat="60.2346" lon="24.947577"><ele>34.7</ele><time>2026-03-03T07:26:03Z</time></trkpt><trkpt lat="60.234592" lon="24.947557"><ele>34.3</ele><time>2026-03-03T07:26:04Z</time><extensions><gpxtpx:TrackPointExtension><gpxtpx:hr>89</gpxtpx:hr></gpxtpx:TrackPointExtension></extensions></trkpt><trkpt lat="60.234582" lon="24.94754"><ele>34.4</ele><time>2026-03-03T07:26:05Z</time></trkpt><trkpt lat="60.234575" lon="24.947518"><ele>34.6</ele><time>2026-03-03T07:26:06Z</time></trkpt><trkpt lat="60.234565" lon="24.9475"><ele>34.7</ele><time>2026-03-03T07:26:07Z</time></trkpt><trkpt lat="60.234555" lon="24.947485"><ele>35.0</ele><time>2026-03-03T07:26:08Z</time></trkpt><trkpt lat="60.234547" lon="24.947467"><ele>35.3</ele><time>2026-03-03T07:26:09Z</time></trkpt><trkpt lat="60.234538" lon="24.947448"><ele>35.9</ele><time>2026-03-03T07:26:10Z</time></trkpt><trkpt lat="60.234532" lon="24.94743"><ele>35.0</ele><time>2026-03-03T07:26:11Z</time></trkpt><trkpt lat="60.234515" lon="24.947408"><ele>34.2</ele><time>2026-03-03T07:26:12Z</time></trkpt><trkpt lat="60.234505" lon="24.947392"><ele>34.5</ele><time>2026-03-03T07:26:13Z</time><extensions><gpxtpx:TrackPointExtension><gpxtpx:hr>86</gpxtpx:hr></gpxtpx:TrackPointExtension></extensions></trkpt><trkpt lat="60.234495" lon="24.947367"><ele>35.0</ele><time>2026-03-03T07:26:14Z</time></trkpt><trkpt lat="60.234483" lon="24.947352"><ele>34.5</ele><time>2026-03-03T07:26:15Z</time></trkpt><trkpt lat="60.23447" lon="24.947333"><ele>33.9</ele><time>2026-03-03T07:26:16Z</time></trkpt><trkpt lat="60.234458" lon="24.947312"><ele>33.5</ele><time>2026-03-03T07:26:17Z</time></trkpt><trkpt lat="60.234452" lon="24.947287"><ele>34.0</ele><time>2026-03-03T07:26:18Z</time><extensions><gpxtpx:TrackPointExtension><gpxtpx:hr>84</gpxtpx:hr></gpxtpx:TrackPointExtension></extensions></trkpt><trkpt lat="60.234438" lon="24.947272"><ele>33.9</ele><time>2026-03-03T07:26:19Z</time></trkpt><trkpt lat="60.234428" lon="24.947253"><ele>34.1</ele><time>2026-03-03T07:26:20Z</time></trkpt><trkpt lat="60.23442" lon="24.947228"><ele>34.0</ele><time>2026-03-03T07:26:21Z</time><extensions><gpxtpx:TrackPointExtension><gpxtpx:hr>85</gpxtpx:hr></gpxtpx:TrackPointExtension></extensions></trkpt><trkpt lat="60.234413" lon="24.947205"><ele>34.0</ele><time>2026-03-03T07:26:22Z</time></trkpt><trkpt lat="60.234407" lon="24.947182"><ele>34.3</ele><time>2026-03-03T07:26:23Z</time></trkpt><trkpt lat="60.234395" lon="24.947163"><ele>33.9</ele><time>2026-03-03T07:26:24Z</time><extensions><gpxtpx:TrackPointExtension><gpxtpx:hr>85</gpxtpx:hr></gpxtpx:TrackPointExtension></extensions></trkpt><trkpt lat="60.234388" lon="24.947142"><ele>33.8</ele><time>2026-03-03T07:26:25Z</time></trkpt><trkpt lat="60.234382" lon="24.947118"><ele>33.6</ele><time>2026-03-03T07:26:26Z</time></trkpt><trkpt lat="60.234375" lon="24.947097"><ele>33.1</ele><time>2026-03-03T07:26:27Z</time></trkpt><trkpt lat="60.234365" lon="24.94708"><ele>32.4</ele><time>2026-03-03T07:26:28Z</time></trkpt><trkpt lat="60.234358" lon="24.947058"><ele>32.1</ele><time>2026-03-03T07:26:29Z</time></trkpt><trkpt lat="60.234353" lon="24.947035"><ele>32.2</ele><time>2026-03-03T07:26:30Z</time><extensions><gpxtpx:TrackPointExtension><gpxtpx:hr>82</gpxtpx:hr></gpxtpx:TrackPointExtension></extensions></trkpt><trkpt lat="60.234347" lon="24.947013"><ele>32.3</ele><time>2026-03-03T07:26:31Z</time></trkpt><trkpt lat="60.234338" lon="24.946993"><ele>32.0</ele><time>2026-03-03T07:26:32Z</time></trkpt><trkpt lat="60.23433" lon="24.946973"><ele>31.5</ele><time>2026-03-03T07:26:33Z</time></trkpt><trkpt lat="60.234325" lon="24.946948"><ele>31.5</ele><time>2026-03-03T07:26:34Z</time><extensions><gpxtpx:TrackPointExtension><gpxtpx:hr>83</gpxtpx:hr></gpxtpx:TrackPointExtension></extensions></trkpt><trkpt lat="60.234315" lon="24.946935"><ele>31.2</ele><time>2026-03-03T07:26:35Z</time></trkpt><trkpt lat="60.234308" lon="24.946917"><ele>31.4</ele><time>2026-03-03T07:26:36Z</time></trkpt><trkpt lat="60.234302" lon="24.946892"><ele>31.9</ele><time>2026-03-03T07:26:37Z</time></trkpt><trkpt lat="60.234295" lon="24.94687"><ele>32.0</ele><time>2026-03-03T07:26:38Z</time></trkpt><trkpt lat="60.23429" lon="24.94685"><ele>32.0</ele><time>2026-03-03T07:26:39Z</time><extensions><gpxtpx:TrackPointExtension><gpxtpx:hr>82</gpxtpx:hr></gpxtpx:TrackPointExtension></extensions></trkpt><trkpt lat="60.234285" lon="24.946832"><ele>32.0</ele><time>2026-03-03T07:26:40Z</time></trkpt><trkpt lat="60.23428" lon="24.946808"><ele>32.9</ele><time>2026-03-03T07:26:41Z</time></trkpt><trkpt lat="60.234272" lon="24.946788"><ele>33.2</ele><time>2026-03-03T07:26:42Z</time></trkpt><trkpt lat="60.234263" lon="24.946765"><ele>33.1</ele><time>2026-03-03T07:26:43Z</time></trkpt><trkpt lat="60.234258" lon="24.946743"><ele>33.6</ele><time>2026-03-03T07:26:44Z</time></trkpt><trkpt lat="60.234252" lon="24.946723"><ele>33.0</ele><time>2026-03-03T07:26:45Z</time></trkpt><trkpt lat="60.234248" lon="24.946697"><ele>32.3</ele><time>2026-03-03T07:26:46Z</time></trkpt><trkpt lat="60.234245" lon="24.946662"><ele>32.1</ele><time>2026-03-03T07:26:47Z</time></trkpt><trkpt lat="60.234243" lon="24.946638"><ele>32.4</ele><time>2026-03-03T07:26:48Z</time><extensions><gpxtpx:TrackPointExtension><gpxtpx:hr>82</gpxtpx:hr></gpxtpx:TrackPointExtension></extensions></trkpt><trkpt lat="60.23424" lon="24.946605"><ele>32.3</ele><time>2026-03-03T07:26:49Z</time></trkpt><trkpt lat="60.234242" lon="24.946585"><ele>32.1</ele><time>2026-03-03T07:26:50Z</time></trkpt><trkpt lat="60.234245" lon="24.946552"><ele>32.7</ele><time>2026-03-03T07:26:51Z</time></trkpt><trkpt lat="60.234248" lon="24.946528"><ele>32.5</ele><time>2026-03-03T07:26:52Z</time></trkpt><trkpt lat="60.234252" lon="24.946498"><ele>32.1</ele><time>2026-03-03T07:26:53Z</time><extensions><gpxtpx:TrackPointExtension><gpxtpx:hr>84</gpxtpx:hr></gpxtpx:TrackPointExtension></extensions></trkpt><trkpt lat="60.234252" lon="24.94647"><ele>31.1</ele><time>2026-03-03T07:26:54Z</time></trkpt><trkpt lat="60.234252" lon="24.946458"><ele>30.9</ele><time>2026-03-03T07:26:55Z</time></trkpt><trkpt lat="60.234248" lon="24.946432"><ele>30.7</ele><time>2026-03-03T07:26:56Z</time><extensions><gpxtpx:TrackPointExtension><gpxtpx:hr>84</gpxtpx:hr></gpxtpx:TrackPointExtension></extensions></trkpt><trkpt lat="60.234252" lon="24.946408"><ele>30.1</ele><time>2026-03-03T07:26:57Z</time></trkpt><trkpt lat="60.234255" lon="24.94638"><ele>29.8</ele><time>2026-03-03T07:26:58Z</time></trkpt><trkpt lat="60.234262" lon="24.946355"><ele>30.0</ele><time>2026-03-03T07:26:59Z</time></trkpt><trkpt lat="60.23426" lon="24.946335"><ele>30.0</ele><time>2026-03-03T07:27:00Z</time></trkpt><trkpt lat="60.234265" lon="24.946317"><ele>30.3</ele><time>2026-03-03T07:27:01Z</time></trkpt><trkpt lat="60.234267" lon="24.946283"><ele>30.8</ele><time>2026-03-03T07:27:02Z</time></trkpt><trkpt lat="60.23427" lon="24.946257"><ele>30.8</ele><time>2026-03-03T07:27:03Z</time><extensions><gpxtpx:TrackPointExtension><gpxtpx:hr>83</gpxtpx:hr></gpxtpx:TrackPointExtension></extensions></trkpt><trkpt lat="60.234275" lon="24.94623"><ele>30.7</ele><time>2026-03-03T07:27:04Z</time></trkpt><trkpt lat="60.234277" lon="24.946198"><ele>30.0</ele><time>2026-03-03T07:27:05Z</time></trkpt><trkpt lat="60.234285" lon="24.946175"><ele>30.4</ele><time>2026-03-03T07:27:06Z</time></trkpt><trkpt lat="60.23429" lon="24.94615"><ele>30.3</ele><time>2026-03-03T07:27:07Z</time></trkpt><trkpt lat="60.234298" lon="24.946125"><ele>30.9</ele><time>2026-03-03T07:27:08Z</time><extensions><gpxtpx:TrackPointExtension><gpxtpx:hr>81</gpxtpx:hr></gpxtpx:TrackPointExtension></extensions></trkpt><trkpt lat="60.2343" lon="24.946093"><ele>30.0</ele><time>2026-03-03T07:27:09Z</time><extensions><gpxtpx:TrackPointExtension><gpxtpx:hr>81</gpxtpx:hr></gpxtpx:TrackPointExtension></extensions></trkpt><trkpt lat="60.234303" lon="24.946067"><ele>29.5</ele><time>2026-03-03T07:27:10Z</time></trkpt><trkpt lat="60.234297" lon="24.946047"><ele>28.1</ele><time>2026-03-03T07:27:11Z</time></trkpt><trkpt lat="60.234298" lon="24.946013"><ele>28.1</ele><time>2026-03-03T07:27:12Z</time></trkpt><trkpt lat="60.234298" lon="24.945975"><ele>28.1</ele><time>2026-03-03T07:27:13Z</time></trkpt><trkpt lat="60.234302" lon="24.945947"><ele>27.4</ele><time>2026-03-03T07:27:14Z</time></trkpt><trkpt lat="60.234303" lon="24.945922"><ele>27.0</ele><time>2026-03-03T07:27:15Z</time></trkpt><trkpt lat="60.23431" lon="24.945895"><ele>26.8</ele><time>2026-03-03T07:27:16Z</time><extensions><gpxtpx:TrackPointExtension><gpxtpx:hr>82</gpxtpx:hr></gpxtpx:TrackPointExtension></extensions></trkpt><trkpt lat="60.234313" lon="24.945873"><ele>27.3</ele><time>2026-03-03T07:27:17Z</time></trkpt><trkpt lat="60.234313" lon="24.945847"><ele>26.9</ele><time>2026-03-03T07:27:18Z</time></trkpt><trkpt lat="60.234312" lon="24.945815"><ele>26.2</ele><time>2026-03-03T07:27:19Z</time><extensions><gpxtpx:TrackPointExtension><gpxtpx:hr>81</gpxtpx:hr></gpxtpx:TrackPointExtension></extensions></trkpt><trkpt lat="60.234312" lon="24.945795"><ele>26.2</ele><time>2026-03-03T07:27:20Z</time></trkpt><trkpt lat="60.234315" lon="24.945757"><ele>26.0</ele><time>2026-03-03T07:27:21Z</time></trkpt><trkpt lat="60.234317" lon="24.945728"><ele>26.3</ele><time>2026-03-03T07:27:22Z</time></trkpt><trkpt lat="60.234317" lon="24.945698"><ele>26.4</ele><time>2026-03-03T07:27:23Z</time></trkpt><trkpt lat="60.234313" lon="24.945668"><ele>26.0</ele><time>2026-03-03T07:27:24Z</time></trkpt><trkpt lat="60.234315" lon="24.945642"><ele>26.0</ele><time>2026-03-03T07:27:25Z</time></trkpt><trkpt lat="60.234315" lon="24.94562"><ele>25.8</ele><time>2026-03-03T07:27:26Z</time></trkpt><trkpt lat="60.234318" lon="24.945597"><ele>26.1</ele><time>2026-03-03T07:27:27Z</time></trkpt><trkpt lat="60.234322" lon="24.945568"><ele>26.5</ele><time>2026-03-03T07:27:28Z</time><extensions><gpxtpx:TrackPointExtension><gpxtpx:hr>81</gpxtpx:hr></gpxtpx:TrackPointExtension></extensions></trkpt><trkpt lat="60.234325" lon="24.945548"><ele>26.8</ele><time>2026-03-03T07:27:29Z</time></trkpt><trkpt lat="60.234332" lon="24.945517"><ele>27.2</ele><time>2026-03-03T07:27:30Z</time></trkpt><trkpt lat="60.234333" lon="24.94549"><ele>26.8</ele><time>2026-03-03T07:27:31Z</time><extensions><gpxtpx:TrackPointExtension><gpxtpx:hr>80</gpxtpx:hr></gpxtpx:TrackPointExtension></extensions></trkpt><trkpt lat="60.234338" lon="24.945455"><ele>27.1</ele><time>2026-03-03T07:27:32Z</time></trkpt><trkpt lat="60.234338" lon="24.945432"><ele>27.0</ele><time>2026-03-03T07:27:33Z</time></trkpt><trkpt lat="60.234342" lon="24.945403"><ele>25.9</ele><time>2026-03-03T07:27:34Z</time><extensions><gpxtpx:TrackPointExtension><gpxtpx:hr>80</gpxtpx:hr></gpxtpx:TrackPointExtension></extensions></trkpt><trkpt lat="60.234338" lon="24.945378"><ele>25.6</ele><time>2026-03-03T07:27:35Z</time></trkpt><trkpt lat="60.234338" lon="24.945348"><ele>24.9</ele><time>2026-03-03T07:27:36Z</time></trkpt><trkpt lat="60.234342" lon="24.945332"><ele>24.3</ele><time>2026-03-03T07:27:37Z</time></trkpt><trkpt lat="60.234347" lon="24.94533"><ele>24.4</ele><time>2026-03-03T07:27:38Z</time></trkpt><trkpt lat="60.23435" lon="24.945313"><ele>25.0</ele><time>2026-03-03T07:27:39Z</time></trkpt><trkpt lat="60.23436" lon="24.945295"><ele>25.7</ele><time>2026-03-03T07:27:40Z</time></trkpt><trkpt lat="60.234363" lon="24.945268"><ele>25.2</ele><time>2026-03-03T07:27:41Z</time></trkpt><trkpt lat="60.234368" lon="24.945252"><ele>24.9</ele><time>2026-03-03T07:27:42Z</time></trkpt><trkpt lat="60.234377" lon="24.94523"><ele>24.6</ele><time>2026-03-03T07:27:43Z</time><extensions><gpxtpx:TrackPointExtension><gpxtpx:hr>81</gpxtpx:hr></gpxtpx:TrackPointExtension></extensions></trkpt><trkpt lat="60.234385" lon="24.945202"><ele>24.5</ele><time>2026-03-03T07:27:44Z</time></trkpt><trkpt lat="60.234392" lon="24.945177"><ele>24.7</ele><time>2026-03-03T07:27:45Z</time><extensions><gpxtpx:TrackPointExtension><gpxtpx:hr>81</gpxtpx:hr></gpxtpx:TrackPointExtension></extensions></trkpt><trkpt lat="60.2344" lon="24.945147"><ele>24.8</ele><time>2026-03-03T07:27:46Z</time></trkpt><trkpt lat="60.234408" lon="24.945117"><ele>24.7</ele><time>2026-03-03T07:27:47Z</time></trkpt><trkpt lat="60.234415" lon="24.945097"><ele>24.9</ele><time>2026-03-03T07:27:48Z</time></trkpt><trkpt lat="60.23442" lon="24.945078"><ele>25.1</ele><time>2026-03-03T07:27:49Z</time><extensions><gpxtpx:TrackPointExtension><gpxtpx:hr>80</gpxtpx:hr></gpxtpx:TrackPointExtension></extensions></trkpt><trkpt lat="60.234368" lon="24.945177"><ele>24.0</ele><time>2026-03-03T07:27:51Z</time></trkpt><trkpt lat="60.234595" lon="24.944957"><ele>25.6</ele><time>2026-03-03T07:28:01Z</time><extensions><gpxtpx:TrackPointExtension><gpxtpx:hr>83</gpxtpx:hr></gpxtpx:TrackPointExtension></extensions></trkpt><trkpt lat="60.234595" lon="24.944957"><ele>25.6</ele><time>2026-03-03T07:27:59Z</time><extensions><gpxtpx:TrackPointExtension><gpxtpx:hr>84</gpxtpx:hr></gpxtpx:TrackPointExtension></extensions></trkpt><trkpt lat="60.234575" lon="24.94464"><ele>25.3</ele><time>2026-03-03T07:28:01Z</time></trkpt><trkpt lat="60.234502" lon="24.944575"><ele>26.7</ele><time>2026-03-03T07:28:02Z</time></trkpt><trkpt lat="60.234557" lon="24.94461"><ele>28.3</ele><time>2026-03-03T07:28:03Z</time></trkpt><trkpt lat="60.234548" lon="24.944607"><ele>30.0</ele><time>2026-03-03T07:28:04Z</time></trkpt><trkpt lat="60.234537" lon="24.9446"><ele>29.6</ele><time>2026-03-03T07:28:05Z</time></trkpt><trkpt lat="60.234518" lon="24.944588"><ele>29.8</ele><time>2026-03-03T07:28:06Z</time></trkpt><trkpt lat="60.234517" lon="24.944573"><ele>28.4</ele><time>2026-03-03T07:28:07Z</time></trkpt><trkpt lat="60.234518" lon="24.944555"><ele>28.2</ele><time>2026-03-03T07:28:08Z</time><extensions><gpxtpx:TrackPointExtension><gpxtpx:hr>83</gpxtpx:hr></gpxtpx:TrackPointExtension></extensions></trkpt><trkpt lat="60.234517" lon="24.94455"><ele>27.7</ele><time>2026-03-03T07:28:09Z</time></trkpt><trkpt lat="60.234523" lon="24.94453"><ele>28.7</ele><time>2026-03-03T07:28:10Z</time></trkpt><trkpt lat="60.23453" lon="24.944508"><ele>27.7</ele><time>2026-03-03T07:28:11Z</time></trkpt><trkpt lat="60.234532" lon="24.944487"><ele>27.8</ele><time>2026-03-03T07:28:12Z</time><extensions><gpxtpx:TrackPointExtension><gpxtpx:hr>83</gpxtpx:hr></gpxtpx:TrackPointExtension></extensions></trkpt><trkpt lat="60.234533" lon="24.944463"><ele>27.3</ele><time>2026-03-03T07:28:13Z</time></trkpt><trkpt lat="60.234533" lon="24.944442"><ele>26.5</ele><time>2026-03-03T07:28:14Z</time><extensions><gpxtpx:TrackPointExtension><gpxtpx:hr>85</gpxtpx:hr></gpxtpx:TrackPointExtension></extensions></trkpt><trkpt lat="60.234535" lon="24.944408"><ele>26.7</ele><time>2026-03-03T07:28:15Z</time></trkpt><trkpt lat="60.234532" lon="24.944385"><ele>26.1</ele><time>2026-03-03T07:28:16Z</time></trkpt><trkpt lat="60.234525" lon="24.944362"><ele>26.0</ele><time>2026-03-03T07:28:17Z</time></trkpt><trkpt lat="60.234523" lon="24.944317"><ele>26.0</ele><time>2026-03-03T07:28:18Z</time></trkpt><trkpt lat="60.23452" lon="24.944295"><ele>25.0</ele><time>2026-03-03T07:28:19Z</time></trkpt><trkpt lat="60.234515" lon="24.944278"><ele>25.3</ele><time>2026-03-03T07:28:20Z</time></trkpt><trkpt lat="60.234512" lon="24.944257"><ele>26.1</ele><time>2026-03-03T07:28:21Z</time><extensions><gpxtpx:TrackPointExtension><gpxtpx:hr>85</gpxtpx:hr></gpxtpx:TrackPointExtension></extensions></trkpt><trkpt lat="60.2345" lon="24.944235"><ele>26.5</ele><time>2026-03-03T07:28:22Z</time></trkpt><trkpt lat="60.23449" lon="24.944208"><ele>26.3</ele><time>2026-03-03T07:28:23Z</time></trkpt><trkpt lat="60.234487" lon="24.944182"><ele>26.3</ele><time>2026-03-03T07:28:24Z</time><extensions><gpxtpx:TrackPointExtension><gpxtpx:hr>86</gpxtpx:hr></gpxtpx:TrackPointExtension></extensions></trkpt><trkpt lat="60.234485" lon="24.94416"><ele>26.3</ele><time>2026-03-03T07:28:25Z</time></trkpt><trkpt lat="60.234482" lon="24.944137"><ele>26.4</ele><time>2026-03-03T07:28:26Z</time></trkpt><trkpt lat="60.234477" lon="24.944112"><ele>26.2</ele><time>2026-03-03T07:28:27Z</time></trkpt><trkpt lat="60.234473" lon="24.944082"><ele>26.1</ele><time>2026-03-03T07:28:28Z</time></trkpt><trkpt lat="60.234468" lon="24.94406"><ele>26.3</ele><time>2026-03-03T07:28:29Z</time></trkpt><trkpt lat="60.234467" lon="24.94404"><ele>26.8</ele><time>2026-03-03T07:28:30Z</time></trkpt><trkpt lat="60.234458" lon="24.944015"><ele>26.9</ele><time>2026-03-03T07:28:31Z</time></trkpt><trkpt lat="60.23445" lon="24.943982"><ele>27.1</ele><time>2026-03-03T07:28:32Z</time></trkpt><trkpt lat="60.234445" lon="24.943953"><ele>28.1</ele><time>2026-03-03T07:28:33Z</time><extensions><gpxtpx:TrackPointExtension><gpxtpx:hr>86</gpxtpx:hr></gpxtpx:TrackPointExtension></extensions></trkpt><trkpt lat="60.23444" lon="24.943928"><ele>28.1</ele><time>2026-03-03T07:28:34Z</time></trkpt><trkpt lat="60.234433" lon="24.943897"><ele>27.2</ele><time>2026-03-03T07:28:35Z</time></trkpt><trkpt lat="60.234423" lon="24.943877"><ele>27.6</ele><time>2026-03-03T07:28:36Z</time></trkpt><trkpt lat="60.234418" lon="24.943858"><ele>27.8</ele><time>2026-03-03T07:28:37Z</time></trkpt><trkpt lat="60.234412" lon="24.943837"><ele>28.2</ele><time>2026-03-03T07:28:38Z</time><extensions><gpxtpx:TrackPointExtension><gpxtpx:hr>85</gpxtpx:hr></gpxtpx:TrackPointExtension></extensions></trkpt><trkpt lat="60.23441" lon="24.943812"><ele>28.3</ele><time>2026-03-03T07:28:39Z</time><extensions><gpxtpx:TrackPointExtension><gpxtpx:hr>85</gpxtpx:hr></gpxtpx:TrackPointExtension></extensions></trkpt><trkpt lat="60.234403" lon="24.943792"><ele>28.3</ele><time>2026-03-03T07:28:40Z</time></trkpt><trkpt lat="60.234397" lon="24.943763"><ele>28.5</ele><time>2026-03-03T07:28:41Z</time></trkpt><trkpt lat="60.234387" lon="24.943737"><ele>28.5</ele><time>2026-03-03T07:28:42Z</time></trkpt><trkpt lat="60.234372" lon="24.943717"><ele>28.8</ele><time>2026-03-03T07:28:43Z</time></trkpt><trkpt lat="60.23436" lon="24.943698"><ele>28.4</ele><time>2026-03-03T07:28:44Z</time></trkpt><trkpt lat="60.234352" lon="24.943678"><ele>28.4</ele><time>2026-03-03T07:28:45Z</time></trkpt><trkpt lat="60.23434" lon="24.94367"><ele>28.0</ele><time>2026-03-03T07:28:46Z</time></trkpt><trkpt lat="60.234328" lon="24.943658"><ele>28.0</ele><time>2026-03-03T07:28:47Z</time><extensions><gpxtpx:TrackPointExtension><gpxtpx:hr>84</gpxtpx:hr></gpxtpx:TrackPointExtension></extensions></trkpt><trkpt lat="60.234327" lon="24.943653"><ele>28.0</ele><time>2026-03-03T07:28:48Z</time></trkpt><trkpt lat="60.23432" lon="24.943637"><ele>28.0</ele><time>2026-03-03T07:28:49Z</time></trkpt><trkpt lat="60.234307" lon="24.943622"><ele>28.4</ele><time>2026-03-03T07:28:50Z</time></trkpt><trkpt lat="60.234297" lon="24.943607"><ele>28.6</ele><time>2026-03-03T07:28:51Z</time><extensions><gpxtpx:TrackPointExtension><gpxtpx:hr>82</gpxtpx:hr></gpxtpx:TrackPointExtension></extensions></trkpt><trkpt lat="60.234292" lon="24.943583"><ele>29.3</ele><time>2026-03-03T07:28:52Z</time></trkpt><trkpt lat="60.234287" lon="24.943553"><ele>29.4</ele><time>2026-03-03T07:28:53Z</time></trkpt><trkpt lat="60.234277" lon="24.943537"><ele>29.7</ele><time>2026-03-03T07:28:54Z</time></trkpt><trkpt lat="60.234263" lon="24.943518"><ele>30.1</ele><time>2026-03-03T07:28:55Z</time></trkpt><trkpt lat="60.234252" lon="24.943502"><ele>29.3</ele><time>2026-03-03T07:28:56Z</time></trkpt><trkpt lat="60.234235" lon="24.943482"><ele>29.0</ele><time>2026-03-03T07:28:57Z</time></trkpt><trkpt lat="60.234228" lon="24.943462"><ele>29.1</ele><time>2026-03-03T07:28:58Z</time><extensions><gpxtpx:TrackPointExtension><gpxtpx:hr>84</gpxtpx:hr></gpxtpx:TrackPointExtension></extensions></trkpt><trkpt lat="60.234223" lon="24.943443"><ele>29.3</ele><time>2026-03-03T07:28:59Z</time></trkpt><trkpt lat="60.234203" lon="24.943423"><ele>28.7</ele><time>2026-03-03T07:29:00Z</time></trkpt><trkpt lat="60.234185" lon="24.943408"><ele>28.0</ele><time>2026-03-03T07:29:01Z</time></trkpt><trkpt lat="60.23417" lon="24.943398"><ele>28.2</ele><time>2026-03-03T07:29:02Z</time></trkpt><trkpt lat="60.234157" lon="24.943387"><ele>27.8</ele><time>2026-03-03T07:29:03Z</time><extensions><gpxtpx:TrackPointExtension><gpxtpx:hr>84</gpxtpx:hr></gpxtpx:TrackPointExtension></extensions></trkpt><trkpt lat="60.234145" lon="24.943365"><ele>27.8</ele><time>2026-03-03T07:29:04Z</time></trkpt><trkpt lat="60.23413" lon="24.94335"><ele>27.4</ele><time>2026-03-03T07:29:05Z</time></trkpt><trkpt lat="60.234117" lon="24.943345"><ele>27.6</ele><time>2026-03-03T07:29:06Z</time></trkpt><trkpt lat="60.234107" lon="24.943333"><ele>27.1</ele><time>2026-03-03T07:29:07Z</time></trkpt><trkpt lat="60.234093" lon="24.943317"><ele>27.1</ele><time>2026-03-03T07:29:08Z</time><extensions><gpxtpx:TrackPointExtension><gpxtpx:hr>85</gpxtpx:hr></gpxtpx:TrackPointExtension></extensions></trkpt><trkpt lat="60.234078" lon="24.943297"><ele>26.8</ele><time>2026-03-03T07:29:09Z</time><extensions><gpxtpx:TrackPointExtension><gpxtpx:hr>84</gpxtpx:hr></gpxtpx:TrackPointExtension></extensions></trkpt><trkpt lat="60.234067" lon="24.943287"><ele>26.3</ele><time>2026-03-03T07:29:10Z</time></trkpt><trkpt lat="60.234052" lon="24.943275"><ele>26.2</ele><time>2026-03-03T07:29:11Z</time></trkpt><trkpt lat="60.234038" lon="24.943265"><ele>26.1</ele><time>2026-03-03T07:29:12Z</time></trkpt><trkpt lat="60.234027" lon="24.943263"><ele>26.1</ele><time>2026-03-03T07:29:13Z</time></trkpt><trkpt lat="60.234013" lon="24.943242"><ele>26.1</ele><time>2026-03-03T07:29:14Z</time></trkpt><trkpt lat="60.233997" lon="24.943238"><ele>26.1</ele><time>2026-03-03T07:29:15Z</time></trkpt><trkpt lat="60.233983" lon="24.943227"><ele>26.1</ele><time>2026-03-03T07:29:16Z</time></trkpt><trkpt lat="60.23397" lon="24.943217"><ele>26.4</ele><time>2026-03-03T07:29:17Z</time><extensions><gpxtpx:TrackPointExtension><gpxtpx:hr>81</gpxtpx:hr></gpxtpx:TrackPointExtension></extensions></trkpt><trkpt lat="60.233953" lon="24.943218"><ele>26.3</ele><time>2026-03-03T07:29:18Z</time></trkpt><trkpt lat="60.23394" lon="24.943217"><ele>25.9</ele><time>2026-03-03T07:29:19Z</time></trkpt><trkpt lat="60.233928" lon="24.943208"><ele>25.3</ele><time>2026-03-03T07:29:20Z</time><extensions><gpxtpx:TrackPointExtension><gpxtpx:hr>82</gpxtpx:hr></gpxtpx:TrackPointExtension></extensions></trkpt><trkpt lat="60.233917" lon="24.943195"><ele>25.0</ele><time>2026-03-03T07:29:21Z</time></trkpt><trkpt lat="60.233902" lon="24.943178"><ele>24.7</ele><time>2026-03-03T07:29:22Z</time></trkpt><trkpt lat="60.233887" lon="24.943172"><ele>24.3</ele><time>2026-03-03T07:29:23Z</time></trkpt><trkpt lat="60.233873" lon="24.943165"><ele>24.3</ele><time>2026-03-03T07:29:24Z</time></trkpt><trkpt lat="60.23386" lon="24.943155"><ele>23.6</ele><time>2026-03-03T07:29:25Z</time></trkpt><trkpt lat="60.23385" lon="24.943133"><ele>24.1</ele><time>2026-03-03T07:29:26Z</time></trkpt><trkpt lat="60.233837" lon="24.943117"><ele>24.4</ele><time>2026-03-03T07:29:27Z</time></trkpt><trkpt lat="60.233828" lon="24.943102"><ele>25.0</ele><time>2026-03-03T07:29:28Z</time><extensions><gpxtpx:TrackPointExtension><gpxtpx:hr>83</gpxtpx:hr></gpxtpx:TrackPointExtension></extensions></trkpt><trkpt lat="60.233815" lon="24.943092"><ele>24.6</ele><time>2026-03-03T07:29:29Z</time></trkpt><trkpt lat="60.233803" lon="24.943085"><ele>24.5</ele><time>2026-03-03T07:29:30Z</time></trkpt><trkpt lat="60.233788" lon="24.943087"><ele>23.6</ele><time>2026-03-03T07:29:31Z</time></trkpt><trkpt lat="60.233778" lon="24.943067"><ele>23.6</ele><time>2026-03-03T07:29:32Z</time></trkpt><trkpt lat="60.233768" lon="24.943053"><ele>23.4</ele><time>2026-03-03T07:29:33Z</time><extensions><gpxtpx:TrackPointExtension><gpxtpx:hr>81</gpxtpx:hr></gpxtpx:TrackPointExtension></extensions></trkpt><trkpt lat="60.233758" lon="24.943042"><ele>24.0</ele><time>2026-03-03T07:29:34Z</time><extensions><gpxtpx:TrackPointExtension><gpxtpx:hr>81</gpxtpx:hr></gpxtpx:TrackPointExtension></extensions></trkpt><trkpt lat="60.233747" lon="24.943023"><ele>23.9</ele><time>2026-03-03T07:29:35Z</time></trkpt><trkpt lat="60.233743" lon="24.943005"><ele>25.4</ele><time>2026-03-03T07:29:36Z</time></trkpt><trkpt lat="60.233737" lon="24.942985"><ele>25.1</ele><time>2026-03-03T07:29:37Z</time></trkpt><trkpt lat="60.233727" lon="24.942977"><ele>25.0</ele><time>2026-03-03T07:29:38Z</time></trkpt><trkpt lat="60.233715" lon="24.942957"><ele>25.3</ele><time>2026-03-03T07:29:39Z</time></trkpt><trkpt lat="60.233698" lon="24.942955"><ele>24.8</ele><time>2026-03-03T07:29:40Z</time></trkpt><trkpt lat="60.233692" lon="24.942947"><ele>25.0</ele><time>2026-03-03T07:29:41Z</time></trkpt><trkpt lat="60.233682" lon="24.942933"><ele>25.3</ele><time>2026-03-03T07:29:42Z</time></trkpt><trkpt lat="60.23367" lon="24.942923"><ele>25.1</ele><time>2026-03-03T07:29:43Z</time><extensions><gpxtpx:TrackPointExtension><gpxtpx:hr>82</gpxtpx:hr></gpxtpx:TrackPointExtension></extensions></trkpt><trkpt lat="60.23365" lon="24.94291"><ele>24.6</ele><time>2026-03-03T07:29:44Z</time><extensions><gpxtpx:TrackPointExtension><gpxtpx:hr>82</gpxtpx:hr></gpxtpx:TrackPointExtension></extensions></trkpt><trkpt lat="60.233633" lon="24.942897"><ele>24.2</ele><time>2026-03-03T07:29:45Z</time></trkpt><trkpt lat="60.233622" lon="24.942878"><ele>24.0</ele><time>2026-03-03T07:29:46Z</time></trkpt><trkpt lat="60.233608" lon="24.942868"><ele>24.2</ele><time>2026-03-03T07:29:47Z</time></trkpt><trkpt lat="60.233593" lon="24.942857"><ele>24.3</ele><time>2026-03-03T07:29:48Z</time></trkpt><trkpt lat="60.233583" lon="24.942842"><ele>24.9</ele><time>2026-03-03T07:29:49Z</time></trkpt><trkpt lat="60.233572" lon="24.942827"><ele>25.2</ele><time>2026-03-03T07:29:50Z</time></trkpt><trkpt lat="60.23356" lon="24.942813"><ele>24.3</ele><time>2026-03-03T07:29:51Z</time></trkpt><trkpt lat="60.233555" lon="24.942797"><ele>24.4</ele><time>2026-03-03T07:29:52Z</time></trkpt><trkpt lat="60.233535" lon="24.942785"><ele>24.2</ele><time>2026-03-03T07:29:53Z</time><extensions><gpxtpx:TrackPointExtension><gpxtpx:hr>85</gpxtpx:hr></gpxtpx:TrackPointExtension></extensions></trkpt><trkpt lat="60.233525" lon="24.942775"><ele>24.1</ele><time>2026-03-03T07:29:54Z</time></trkpt><trkpt lat="60.233513" lon="24.942763"><ele>24.2</ele><time>2026-03-03T07:29:55Z</time></trkpt><trkpt lat="60.233507" lon="24.942743"><ele>24.5</ele><time>2026-03-03T07:29:56Z</time></trkpt><trkpt lat="60.233502" lon="24.94273"><ele>24.5</ele><time>2026-03-03T07:29:57Z</time></trkpt><trkpt lat="60.23349" lon="24.94271"><ele>24.9</ele><time>2026-03-03T07:29:58Z</time><extensions><gpxtpx:TrackPointExtension><gpxtpx:hr>84</gpxtpx:hr></gpxtpx:TrackPointExtension></extensions></trkpt><trkpt lat="60.233473" lon="24.942698"><ele>24.3</ele><time>2026-03-03T07:29:59Z</time><extensions><gpxtpx:TrackPointExtension><gpxtpx:hr>83</gpxtpx:hr></gpxtpx:TrackPointExtension></extensions></trkpt><trkpt lat="60.23346" lon="24.942688"><ele>23.9</ele><time>2026-03-03T07:30:00Z</time></trkpt><trkpt lat="60.233453" lon="24.942673"><ele>24.9</ele><time>2026-03-03T07:30:01Z</time></trkpt><trkpt lat="60.233445" lon="24.942662"><ele>25.4</ele><time>2026-03-03T07:30:02Z</time></trkpt><trkpt lat="60.233432" lon="24.942642"><ele>24.4</ele><time>2026-03-03T07:30:03Z</time></trkpt><trkpt lat="60.233422" lon="24.942622"><ele>24.7</ele><time>2026-03-03T07:30:04Z</time></trkpt><trkpt lat="60.233415" lon="24.942605"><ele>24.4</ele><time>2026-03-03T07:30:05Z</time><extensions><gpxtpx:TrackPointExtension><gpxtpx:hr>85</gpxtpx:hr></gpxtpx:TrackPointExtension></extensions></trkpt><trkpt lat="60.233402" lon="24.942583"><ele>24.0</ele><time>2026-03-03T07:30:06Z</time></trkpt><trkpt lat="60.233388" lon="24.942572"><ele>24.1</ele><time>2026-03-03T07:30:07Z</time></trkpt><trkpt lat="60.233375" lon="24.942555"><ele>23.8</ele><time>2026-03-03T07:30:08Z</time></trkpt><trkpt lat="60.23336" lon="24.942538"><ele>23.7</ele><time>2026-03-03T07:30:09Z</time></trkpt><trkpt lat="60.23335" lon="24.942522"><ele>24.7</ele><time>2026-03-03T07:30:10Z</time><extensions><gpxtpx:TrackPointExtension><gpxtpx:hr>86</gpxtpx:hr></gpxtpx:TrackPointExtension></extensions></trkpt><trkpt lat="60.233343" lon="24.942497"><ele>25.6</ele><time>2026-03-03T07:30:11Z</time></trkpt><trkpt lat="60.233333" lon="24.94248"><ele>25.7</ele><time>2026-03-03T07:30:12Z</time></trkpt><trkpt lat="60.233328" lon="24.942457"><ele>25.4</ele><time>2026-03-03T07:30:13Z</time></trkpt><trkpt lat="60.23333" lon="24.942435"><ele>25.0</ele><time>2026-03-03T07:30:14Z</time></trkpt><trkpt lat="60.233325" lon="24.942405"><ele>24.8</ele><time>2026-03-03T07:30:15Z</time></trkpt><trkpt lat="60.23332" lon="24.942375"><ele>24.0</ele><time>2026-03-03T07:30:16Z</time></trkpt><trkpt lat="60.23332" lon="24.942355"><ele>23.7</ele><time>2026-03-03T07:30:17Z</time></trkpt><trkpt lat="60.233323" lon="24.942328"><ele>24.2</ele><time>2026-03-03T07:30:18Z</time><extensions><gpxtpx:TrackPointExtension><gpxtpx:hr>85</gpxtpx:hr></gpxtpx:TrackPointExtension></extensions></trkpt><trkpt lat="60.233323" lon="24.942303"><ele>24.5</ele><time>2026-03-03T07:30:19Z</time></trkpt><trkpt lat="60.233323" lon="24.942283"><ele>24.8</ele><time>2026-03-03T07:30:20Z</time></trkpt><trkpt lat="60.233328" lon="24.942267"><ele>24.6</ele><time>2026-03-03T07:30:21Z</time></trkpt><trkpt lat="60.233337" lon="24.942243"><ele>25.2</ele><time>2026-03-03T07:30:22Z</time></trkpt><trkpt lat="60.233338" lon="24.942213"><ele>25.6</ele><time>2026-03-03T07:30:23Z</time><extensions><gpxtpx:TrackPointExtension><gpxtpx:hr>84</gpxtpx:hr></gpxtpx:TrackPointExtension></extensions></trkpt><trkpt lat="60.233342" lon="24.942183"><ele>24.9</ele><time>2026-03-03T07:30:25Z</time></trkpt><trkpt lat="60.233343" lon="24.942152"><ele>25.3</ele><time>2026-03-03T07:30:26Z</time></trkpt><trkpt lat="60.233345" lon="24.942125"><ele>25.2</ele><time>2026-03-03T07:30:27Z</time></trkpt><trkpt lat="60.233347" lon="24.942095"><ele>25.3</ele><time>2026-03-03T07:30:28Z</time><extensions><gpxtpx:TrackPointExtension><gpxtpx:hr>84</gpxtpx:hr></gpxtpx:TrackPointExtension></extensions></trkpt><trkpt lat="60.233352" lon="24.94207"><ele>25.3</ele><time>2026-03-03T07:30:29Z</time></trkpt><trkpt lat="60.233353" lon="24.942043"><ele>25.2</ele><time>2026-03-03T07:30:30Z</time><extensions><gpxtpx:TrackPointExtension><gpxtpx:hr>84</gpxtpx:hr></gpxtpx:TrackPointExtension></extensions></trkpt><trkpt lat="60.233357" lon="24.942018"><ele>24.6</ele><time>2026-03-03T07:30:31Z</time></trkpt><trkpt lat="60.233362" lon="24.941993"><ele>24.7</ele><time>2026-03-03T07:30:32Z</time></trkpt><trkpt lat="60.233365" lon="24.941965"><ele>24.5</ele><time>2026-03-03T07:30:33Z</time></trkpt><trkpt lat="60.233367" lon="24.941938"><ele>23.6</ele><time>2026-03-03T07:30:34Z</time></trkpt><trkpt lat="60.233373" lon="24.941912"><ele>24.1</ele><time>2026-03-03T07:30:35Z</time><extensions><gpxtpx:TrackPointExtension><gpxtpx:hr>85</gpxtpx:hr></gpxtpx:TrackPointExtension></extensions></trkpt><trkpt lat="60.233378" lon="24.941887"><ele>24.2</ele><time>2026-03-03T07:30:36Z</time></trkpt><trkpt lat="60.233382" lon="24.941862"><ele>24.2</ele><time>2026-03-03T07:30:37Z</time></trkpt><trkpt lat="60.233383" lon="24.941835"><ele>24.3</ele><time>2026-03-03T07:30:38Z</time></trkpt><trkpt lat="60.233382" lon="24.941807"><ele>23.9</ele><time>2026-03-03T07:30:39Z</time></trkpt><trkpt lat="60.23338" lon="24.941785"><ele>23.5</ele><time>2026-03-03T07:30:40Z</time><extensions><gpxtpx:TrackPointExtension><gpxtpx:hr>84</gpxtpx:hr></gpxtpx:TrackPointExtension></extensions></trkpt><trkpt lat="60.233387" lon="24.941762"><ele>24.1</ele><time>2026-03-03T07:30:41Z</time></trkpt><trkpt lat="60.233388" lon="24.941738"><ele>23.9</ele><time>2026-03-03T07:30:42Z</time></trkpt><trkpt lat="60.23339" lon="24.941718"><ele>23.0</ele><time>2026-03-03T07:30:43Z</time></trkpt><trkpt lat="60.233395" lon="24.941697"><ele>22.9</ele><time>2026-03-03T07:30:44Z</time><extensions><gpxtpx:TrackPointExtension><gpxtpx:hr>85</gpxtpx:hr></gpxtpx:TrackPointExtension></extensions></trkpt><trkpt lat="60.233403" lon="24.941668"><ele>23.3</ele><time>2026-03-03T07:30:45Z</time></trkpt><trkpt lat="60.233408" lon="24.941642"><ele>23.4</ele><time>2026-03-03T07:30:46Z</time></trkpt><trkpt lat="60.233412" lon="24.941617"><ele>22.9</ele><time>2026-03-03T07:30:47Z</time></trkpt><trkpt lat="60.233415" lon="24.94159"><ele>23.1</ele><time>2026-03-03T07:30:48Z</time></trkpt><trkpt lat="60.233422" lon="24.941575"><ele>23.5</ele><time>2026-03-03T07:30:49Z</time></trkpt><trkpt lat="60.233425" lon="24.94156"><ele>23.7</ele><time>2026-03-03T07:30:50Z</time><extensions><gpxtpx:TrackPointExtension><gpxtpx:hr>85</gpxtpx:hr></gpxtpx:TrackPointExtension></extensions></trkpt><trkpt lat="60.233427" lon="24.941523"><ele>23.9</ele><time>2026-03-03T07:30:51Z</time></trkpt><trkpt lat="60.233428" lon="24.941493"><ele>23.9</ele><time>2026-03-03T07:30:52Z</time></trkpt><trkpt lat="60.233433" lon="24.941468"><ele>23.6</ele><time>2026-03-03T07:30:53Z</time></trkpt><trkpt lat="60.233438" lon="24.941442"><ele>23.9</ele><time>2026-03-03T07:30:54Z</time></trkpt><trkpt lat="60.233443" lon="24.941417"><ele>24.2</ele><time>2026-03-03T07:30:55Z</time></trkpt><trkpt lat="60.233447" lon="24.941392"><ele>23.8</ele><time>2026-03-03T07:30:56Z</time></trkpt><trkpt lat="60.23345" lon="24.941367"><ele>24.1</ele><time>2026-03-03T07:30:57Z</time></trkpt><trkpt lat="60.233452" lon="24.94134"><ele>24.2</ele><time>2026-03-03T07:30:58Z</time><extensions><gpxtpx:TrackPointExtension><gpxtpx:hr>86</gpxtpx:hr></gpxtpx:TrackPointExtension></extensions></trkpt><trkpt lat="60.233453" lon="24.941315"><ele>24.1</ele><time>2026-03-03T07:30:59Z</time></trkpt><trkpt lat="60.233457" lon="24.94129"><ele>24.0</ele><time>2026-03-03T07:31:00Z</time></trkpt><trkpt lat="60.233457" lon="24.94126"><ele>23.3</ele><time>2026-03-03T07:31:01Z</time><extensions><gpxtpx:TrackPointExtension><gpxtpx:hr>86</gpxtpx:hr></gpxtpx:TrackPointExtension></extensions></trkpt><trkpt lat="60.233458" lon="24.941235"><ele>23.2</ele><time>2026-03-03T07:31:01Z</time></trkpt><trkpt lat="60.233455" lon="24.941205"><ele>22.1</ele><time>2026-03-03T07:31:02Z</time></trkpt><trkpt lat="60.23346" lon="24.94118"><ele>22.2</ele><time>2026-03-03T07:31:03Z</time></trkpt><trkpt lat="60.23346" lon="24.941153"><ele>22.3</ele><time>2026-03-03T07:31:04Z</time><extensions><gpxtpx:TrackPointExtension><gpxtpx:hr>86</gpxtpx:hr></gpxtpx:TrackPointExtension></extensions></trkpt><trkpt lat="60.233462" lon="24.941128"><ele>22.3</ele><time>2026-03-03T07:31:05Z</time></trkpt><trkpt lat="60.233468" lon="24.941112"><ele>22.8</ele><time>2026-03-03T07:31:06Z</time></trkpt><trkpt lat="60.233473" lon="24.941083"><ele>23.2</ele><time>2026-03-03T07:31:07Z</time></trkpt><trkpt lat="60.233475" lon="24.941055"><ele>23.2</ele><time>2026-03-03T07:31:08Z</time></trkpt><trkpt lat="60.233475" lon="24.941025"><ele>22.7</ele><time>2026-03-03T07:31:09Z</time></trkpt><trkpt lat="60.23348" lon="24.941"><ele>23.0</ele><time>2026-03-03T07:31:10Z</time></trkpt><trkpt lat="60.233485" lon="24.940977"><ele>22.6</ele><time>2026-03-03T07:31:11Z</time></trkpt><trkpt lat="60.233488" lon="24.940947"><ele>22.4</ele><time>2026-03-03T07:31:12Z</time></trkpt><trkpt lat="60.233495" lon="24.940922"><ele>23.6</ele><time>2026-03-03T07:31:13Z</time><extensions><gpxtpx:TrackPointExtension><gpxtpx:hr>87</gpxtpx:hr></gpxtpx:TrackPointExtension></extensions></trkpt><trkpt lat="60.233498" lon="24.940897"><ele>24.0</ele><time>2026-03-03T07:31:14Z</time></trkpt><trkpt lat="60.233502" lon="24.940873"><ele>23.7</ele><time>2026-03-03T07:31:15Z</time></trkpt><trkpt lat="60.233503" lon="24.940847"><ele>23.7</ele><time>2026-03-03T07:31:16Z</time><extensions><gpxtpx:TrackPointExtension><gpxtpx:hr>86</gpxtpx:hr></gpxtpx:TrackPointExtension></extensions></trkpt><trkpt lat="60.2335" lon="24.940823"><ele>24.1</ele><time>2026-03-03T07:31:17Z</time></trkpt><trkpt lat="60.23348" lon="24.940805"><ele>24.1</ele><time>2026-03-03T07:31:18Z</time></trkpt><trkpt lat="60.233467" lon="24.940793"><ele>24.9</ele><time>2026-03-03T07:31:19Z</time><extensions><gpxtpx:TrackPointExtension><gpxtpx:hr>86</gpxtpx:hr></gpxtpx:TrackPointExtension></extensions></trkpt><trkpt lat="60.233443" lon="24.94078"><ele>24.4</ele><time>2026-03-03T07:31:20Z</time></trkpt><trkpt lat="60.233438" lon="24.940777"><ele>24.8</ele><time>2026-03-03T07:31:21Z</time></trkpt><trkpt lat="60.233427" lon="24.940783"><ele>25.4</ele><time>2026-03-03T07:31:22Z</time></trkpt><trkpt lat="60.233415" lon="24.940787"><ele>25.4</ele><time>2026-03-03T07:31:23Z</time></trkpt><trkpt lat="60.233402" lon="24.940788"><ele>25.3</ele><time>2026-03-03T07:31:24Z</time></trkpt><trkpt lat="60.233393" lon="24.940783"><ele>25.8</ele><time>2026-03-03T07:31:25Z</time><extensions><gpxtpx:TrackPointExtension><gpxtpx:hr>86</gpxtpx:hr></gpxtpx:TrackPointExtension></extensions></trkpt><trkpt lat="60.233375" lon="24.940785"><ele>25.7</ele><time>2026-03-03T07:31:26Z</time></trkpt><trkpt lat="60.233362" lon="24.940792"><ele>25.7</ele><time>2026-03-03T07:31:27Z</time></trkpt><trkpt lat="60.233348" lon="24.94079"><ele>26.2</ele><time>2026-03-03T07:31:28Z</time></trkpt><trkpt lat="60.233335" lon="24.940787"><ele>26.1</ele><time>2026-03-03T07:31:29Z</time></trkpt><trkpt lat="60.23332" lon="24.940787"><ele>26.6</ele><time>2026-03-03T07:31:30Z</time></trkpt><trkpt lat="60.233303" lon="24.940783"><ele>25.1</ele><time>2026-03-03T07:31:31Z</time></trkpt><trkpt lat="60.23329" lon="24.940795"><ele>25.2</ele><time>2026-03-03T07:31:32Z</time></trkpt><trkpt lat="60.233273" lon="24.940805"><ele>25.4</ele><time>2026-03-03T07:31:33Z</time><extensions><gpxtpx:TrackPointExtension><gpxtpx:hr>88</gpxtpx:hr></gpxtpx:TrackPointExtension></extensions></trkpt><trkpt lat="60.233262" lon="24.940803"><ele>25.9</ele><time>2026-03-03T07:31:34Z</time><extensions><gpxtpx:TrackPointExtension><gpxtpx:hr>88</gpxtpx:hr></gpxtpx:TrackPointExtension></extensions></trkpt><trkpt lat="60.233247" lon="24.94079"><ele>25.8</ele><time>2026-03-03T07:31:35Z</time></trkpt><trkpt lat="60.233233" lon="24.940795"><ele>25.7</ele><time>2026-03-03T07:31:36Z</time></trkpt><trkpt lat="60.233218" lon="24.940798"><ele>25.7</ele><time>2026-03-03T07:31:37Z</time></trkpt><trkpt lat="60.233203" lon="24.9408"><ele>25.9</ele><time>2026-03-03T07:31:38Z</time></trkpt><trkpt lat="60.233188" lon="24.940803"><ele>26.3</ele><time>2026-03-03T07:31:39Z</time></trkpt><trkpt lat="60.233172" lon="24.940803"><ele>26.1</ele><time>2026-03-03T07:31:40Z</time></trkpt><trkpt lat="60.233155" lon="24.9408"><ele>25.4</ele><time>2026-03-03T07:31:41Z</time></trkpt><trkpt lat="60.233142" lon="24.940807"><ele>25.4</ele><time>2026-03-03T07:31:42Z</time></trkpt><trkpt lat="60.233127" lon="24.940808"><ele>25.6</ele><time>2026-03-03T07:31:43Z</time><extensions><gpxtpx:TrackPointExtension><gpxtpx:hr>87</gpxtpx:hr></gpxtpx:TrackPointExtension></extensions></trkpt><trkpt lat="60.233113" lon="24.940813"><ele>25.6</ele><time>2026-03-03T07:31:44Z</time></trkpt><trkpt lat="60.233097" lon="24.94081"><ele>25.7</ele><time>2026-03-03T07:31:45Z</time></trkpt><trkpt lat="60.233083" lon="24.940805"><ele>26.1</ele><time>2026-03-03T07:31:46Z</time></trkpt><trkpt lat="60.233067" lon="24.94079"><ele>26.5</ele><time>2026-03-03T07:31:47Z</time></trkpt><trkpt lat="60.233053" lon="24.94077"><ele>27.0</ele><time>2026-03-03T07:31:48Z</time><extensions><gpxtpx:TrackPointExtension><gpxtpx:hr>86</gpxtpx:hr></gpxtpx:TrackPointExtension></extensions></trkpt><trkpt lat="60.233045" lon="24.940765"><ele>26.8</ele><time>2026-03-03T07:31:49Z</time></trkpt><trkpt lat="60.23304" lon="24.940757"><ele>27.4</ele><time>2026-03-03T07:31:50Z</time><extensions><gpxtpx:TrackPointExtension><gpxtpx:hr>86</gpxtpx:hr></gpxtpx:TrackPointExtension></extensions></trkpt><trkpt lat="60.23303" lon="24.940748"><ele>27.6</ele><time>2026-03-03T07:31:51Z</time></trkpt><trkpt lat="60.233022" lon="24.940738"><ele>27.9</ele><time>2026-03-03T07:31:52Z</time></trkpt><trkpt lat="60.233018" lon="24.94071"><ele>27.6</ele><time>2026-03-03T07:31:53Z</time></trkpt><trkpt lat="60.233017" lon="24.940688"><ele>27.2</ele><time>2026-03-03T07:31:54Z</time></trkpt><trkpt lat="60.23302" lon="24.940663"><ele>26.6</ele><time>2026-03-03T07:31:55Z</time></trkpt><trkpt lat="60.233023" lon="24.940637"><ele>26.9</ele><time>2026-03-03T07:31:56Z</time></trkpt><trkpt lat="60.233027" lon="24.940615"><ele>28.0</ele><time>2026-03-03T07:31:57Z</time></trkpt><trkpt lat="60.233023" lon="24.940597"><ele>27.9</ele><time>2026-03-03T07:31:58Z</time><extensions><gpxtpx:TrackPointExtension><gpxtpx:hr>88</gpxtpx:hr></gpxtpx:TrackPointExtension></extensions></trkpt><trkpt lat="60.233022" lon="24.940568"><ele>28.2</ele><time>2026-03-03T07:31:59Z</time></trkpt><trkpt lat="60.233022" lon="24.94054"><ele>28.0</ele><time>2026-03-03T07:32:00Z</time><extensions><gpxtpx:TrackPointExtension><gpxtpx:hr>88</gpxtpx:hr></gpxtpx:TrackPointExtension></extensions></trkpt><trkpt lat="60.233025" lon="24.940512"><ele>28.9</ele><time>2026-03-03T07:32:01Z</time></trkpt><trkpt lat="60.233025" lon="24.940488"><ele>28.8</ele><time>2026-03-03T07:32:02Z</time></trkpt><trkpt lat="60.233023" lon="24.940462"><ele>28.5</ele><time>2026-03-03T07:32:03Z</time></trkpt><trkpt lat="60.23302" lon="24.940433"><ele>28.4</ele><time>2026-03-03T07:32:04Z</time></trkpt><trkpt lat="60.233017" lon="24.940407"><ele>29.2</ele><time>2026-03-03T07:32:05Z</time></trkpt><trkpt lat="60.233015" lon="24.940378"><ele>29.2</ele><time>2026-03-03T07:32:06Z</time></trkpt><trkpt lat="60.233015" lon="24.940357"><ele>29.0</ele><time>2026-03-03T07:32:07Z</time></trkpt><trkpt lat="60.233003" lon="24.940325"><ele>28.8</ele><time>2026-03-03T07:32:08Z</time><extensions><gpxtpx:TrackPointExtension><gpxtpx:hr>88</gpxtpx:hr></gpxtpx:TrackPointExtension></extensions></trkpt><trkpt lat="60.233002" lon="24.940303"><ele>29.0</ele><time>2026-03-03T07:32:09Z</time></trkpt><trkpt lat="60.233" lon="24.940305"><ele>29.0</ele><time>2026-03-03T07:32:10Z</time></trkpt><trkpt lat="60.233003" lon="24.940277"><ele>29.3</ele><time>2026-03-03T07:32:10Z</time></trkpt><trkpt lat="60.233" lon="24.940247"><ele>30.0</ele><time>2026-03-03T07:32:11Z</time></trkpt><trkpt lat="60.233003" lon="24.940218"><ele>30.5</ele><time>2026-03-03T07:32:12Z</time></trkpt><trkpt lat="60.232998" lon="24.940193"><ele>30.7</ele><time>2026-03-03T07:32:13Z</time><extensions><gpxtpx:TrackPointExtension><gpxtpx:hr>89</gpxtpx:hr></gpxtpx:TrackPointExtension></extensions></trkpt><trkpt lat="60.232993" lon="24.940168"><ele>30.8</ele><time>2026-03-03T07:32:14Z</time></trkpt><trkpt lat="60.23299" lon="24.940142"><ele>31.3</ele><time>2026-03-03T07:32:15Z</time><extensions><gpxtpx:TrackPointExtension><gpxtpx:hr>90</gpxtpx:hr></gpxtpx:TrackPointExtension></extensions></trkpt><trkpt lat="60.23299" lon="24.940122"><ele>31.7</ele><time>2026-03-03T07:32:16Z</time></trkpt><trkpt lat="60.23299" lon="24.940093"><ele>31.6</ele><time>2026-03-03T07:32:17Z</time></trkpt><trkpt lat="60.232988" lon="24.940073"><ele>32.3</ele><time>2026-03-03T07:32:18Z</time></trkpt><trkpt lat="60.232983" lon="24.940057"><ele>32.7</ele><time>2026-03-03T07:32:19Z</time><extensions><gpxtpx:TrackPointExtension><gpxtpx:hr>88</gpxtpx:hr></gpxtpx:TrackPointExtension></extensions></trkpt><trkpt lat="60.232982" lon="24.940022"><ele>32.8</ele><time>2026-03-03T07:32:20Z</time></trkpt><trkpt lat="60.232978" lon="24.939998"><ele>32.8</ele><time>2026-03-03T07:32:21Z</time></trkpt><trkpt lat="60.23297" lon="24.939958"><ele>33.4</ele><time>2026-03-03T07:32:22Z</time></trkpt><trkpt lat="60.232968" lon="24.939937"><ele>33.5</ele><time>2026-03-03T07:32:23Z</time></trkpt><trkpt lat="60.232967" lon="24.939913"><ele>33.9</ele><time>2026-03-03T07:32:24Z</time></trkpt><trkpt lat="60.23296" lon="24.939893"><ele>33.4</ele><time>2026-03-03T07:32:25Z</time><extensions><gpxtpx:TrackPointExtension><gpxtpx:hr>88</gpxtpx:hr></gpxtpx:TrackPointExtension></extensions></trkpt><trkpt lat="60.232953" lon="24.93987"><ele>33.3</ele><time>2026-03-03T07:32:26Z</time></trkpt><trkpt lat="60.23295" lon="24.939847"><ele>33.7</ele><time>2026-03-03T07:32:27Z</time></trkpt><trkpt lat="60.232947" lon="24.939823"><ele>33.4</ele><time>2026-03-03T07:32:28Z</time></trkpt><trkpt lat="60.232938" lon="24.939802"><ele>32.7</ele><time>2026-03-03T07:32:29Z</time></trkpt><trkpt lat="60.232923" lon="24.939775"><ele>31.6</ele><time>2026-03-03T07:32:31Z</time></trkpt><trkpt lat="60.232915" lon="24.939752"><ele>31.0</ele><time>2026-03-03T07:32:32Z</time></trkpt><trkpt lat="60.232905" lon="24.939722"><ele>30.4</ele><time>2026-03-03T07:32:33Z</time><extensions><gpxtpx:TrackPointExtension><gpxtpx:hr>86</gpxtpx:hr></gpxtpx:TrackPointExtension></extensions></trkpt><trkpt lat="60.232895" lon="24.939697"><ele>29.3</ele><time>2026-03-03T07:32:34Z</time></trkpt><trkpt lat="60.232885" lon="24.93967"><ele>29.4</ele><time>2026-03-03T07:32:35Z</time></trkpt><trkpt lat="60.232877" lon="24.939645"><ele>29.1</ele><time>2026-03-03T07:32:36Z</time></trkpt><trkpt lat="60.232868" lon="24.939622"><ele>29.2</ele><time>2026-03-03T07:32:37Z</time><extensions><gpxtpx:TrackPointExtension><gpxtpx:hr>85</gpxtpx:hr></gpxtpx:TrackPointExtension></extensions></trkpt><trkpt lat="60.23286" lon="24.9396"><ele>29.1</ele><time>2026-03-03T07:32:38Z</time></trkpt><trkpt lat="60.232852" lon="24.939588"><ele>29.1</ele><time>2026-03-03T07:32:39Z</time></trkpt><trkpt lat="60.232843" lon="24.939575"><ele>28.7</ele><time>2026-03-03T07:32:40Z</time><extensions><gpxtpx:TrackPointExtension><gpxtpx:hr>85</gpxtpx:hr></gpxtpx:TrackPointExtension></extensions></trkpt><trkpt lat="60.232832" lon="24.939565"><ele>28.7</ele><time>2026-03-03T07:32:41Z</time></trkpt><trkpt lat="60.232828" lon="24.939567"><ele>27.8</ele><time>2026-03-03T07:32:42Z</time></trkpt><trkpt lat="60.232825" lon="24.939565"><ele>28.5</ele><time>2026-03-03T07:32:43Z</time></trkpt><trkpt lat="60.23281" lon="24.939557"><ele>29.0</ele><time>2026-03-03T07:32:44Z</time></trkpt><trkpt lat="60.23279" lon="24.93955"><ele>29.3</ele><time>2026-03-03T07:32:45Z</time></trkpt><trkpt lat="60.232778" lon="24.93954"><ele>28.9</ele><time>2026-03-03T07:32:46Z</time><extensions><gpxtpx:TrackPointExtension><gpxtpx:hr>88</gpxtpx:hr></gpxtpx:TrackPointExtension></extensions></trkpt><trkpt lat="60.232763" lon="24.939528"><ele>28.3</ele><time>2026-03-03T07:32:47Z</time></trkpt><trkpt lat="60.232752" lon="24.93952"><ele>28.0</ele><time>2026-03-03T07:32:48Z</time></trkpt><trkpt lat="60.232738" lon="24.939517"><ele>28.4</ele><time>2026-03-03T07:32:49Z</time></trkpt><trkpt lat="60.232725" lon="24.939508"><ele>28.3</ele><time>2026-03-03T07:32:50Z</time></trkpt><trkpt lat="60.232717" lon="24.939492"><ele>29.9</ele><time>2026-03-03T07:32:51Z</time></trkpt><trkpt lat="60.232703" lon="24.939482"><ele>30.4</ele><time>2026-03-03T07:32:52Z</time></trkpt><trkpt lat="60.23269" lon="24.93948"><ele>30.8</ele><time>2026-03-03T07:32:53Z</time><extensions><gpxtpx:TrackPointExtension><gpxtpx:hr>83</gpxtpx:hr></gpxtpx:TrackPointExtension></extensions></trkpt><trkpt lat="60.232677" lon="24.939482"><ele>31.4</ele><time>2026-03-03T07:32:54Z</time></trkpt><trkpt lat="60.232662" lon="24.939478"><ele>31.4</ele><time>2026-03-03T07:32:55Z</time></trkpt><trkpt lat="60.232647" lon="24.93948"><ele>31.0</ele><time>2026-03-03T07:32:56Z</time></trkpt><trkpt lat="60.232633" lon="24.939483"><ele>30.7</ele><time>2026-03-03T07:32:57Z</time><extensions><gpxtpx:TrackPointExtension><gpxtpx:hr>81</gpxtpx:hr></gpxtpx:TrackPointExtension></extensions></trkpt><trkpt lat="60.232622" lon="24.939497"><ele>30.7</ele><time>2026-03-03T07:32:58Z</time></trkpt><trkpt lat="60.232608" lon="24.939502"><ele>30.6</ele><time>2026-03-03T07:32:59Z</time></trkpt><trkpt lat="60.232593" lon="24.939492"><ele>30.2</ele><time>2026-03-03T07:33:00Z</time></trkpt><trkpt lat="60.232582" lon="24.93949"><ele>30.4</ele><time>2026-03-03T07:33:01Z</time></trkpt><trkpt lat="60.232568" lon="24.93948"><ele>29.9</ele><time>2026-03-03T07:33:02Z</time></trkpt><trkpt lat="60.232557" lon="24.939478"><ele>30.0</ele><time>2026-03-03T07:33:03Z</time><extensions><gpxtpx:TrackPointExtension><gpxtpx:hr>80</gpxtpx:hr></gpxtpx:TrackPointExtension></extensions></trkpt><trkpt lat="60.232548" lon="24.93948"><ele>30.0</ele><time>2026-03-03T07:33:04Z</time></trkpt><trkpt lat="60.232532" lon="24.939475"><ele>29.8</ele><time>2026-03-03T07:33:05Z</time></trkpt><trkpt lat="60.232517" lon="24.93947"><ele>29.9</ele><time>2026-03-03T07:33:06Z</time></trkpt><trkpt lat="60.232498" lon="24.939462"><ele>29.5</ele><time>2026-03-03T07:33:07Z</time><extensions><gpxtpx:TrackPointExtension><gpxtpx:hr>80</gpxtpx:hr></gpxtpx:TrackPointExtension></extensions></trkpt><trkpt lat="60.232487" lon="24.939468"><ele>29.1</ele><time>2026-03-03T07:33:08Z</time></trkpt><trkpt lat="60.232473" lon="24.939463"><ele>29.3</ele><time>2026-03-03T07:33:09Z</time><extensions><gpxtpx:TrackPointExtension><gpxtpx:hr>81</gpxtpx:hr></gpxtpx:TrackPointExtension></extensions></trkpt><trkpt lat="60.232463" lon="24.939467"><ele>29.4</ele><time>2026-03-03T07:33:10Z</time></trkpt><trkpt lat="60.232452" lon="24.939473"><ele>29.5</ele><time>2026-03-03T07:33:11Z</time></trkpt><trkpt lat="60.232448" lon="24.939463"><ele>29.5</ele><time>2026-03-03T07:33:12Z</time></trkpt><trkpt lat="60.232427" lon="24.939465"><ele>29.2</ele><time>2026-03-03T07:33:13Z</time></trkpt><trkpt lat="60.232413" lon="24.939463"><ele>28.7</ele><time>2026-03-03T07:33:14Z</time></trkpt><trkpt lat="60.232403" lon="24.93945"><ele>28.7</ele><time>2026-03-03T07:33:15Z</time></trkpt><trkpt lat="60.232393" lon="24.93945"><ele>28.8</ele><time>2026-03-03T07:33:16Z</time></trkpt><trkpt lat="60.232373" lon="24.939452"><ele>29.0</ele><time>2026-03-03T07:33:17Z</time></trkpt><trkpt lat="60.232357" lon="24.939458"><ele>28.9</ele><time>2026-03-03T07:33:18Z</time><extensions><gpxtpx:TrackPointExtension><gpxtpx:hr>86</gpxtpx:hr></gpxtpx:TrackPointExtension></extensions></trkpt><trkpt lat="60.232343" lon="24.939458"><ele>28.8</ele><time>2026-03-03T07:33:19Z</time></trkpt><trkpt lat="60.23233" lon="24.939465"><ele>28.1</ele><time>2026-03-03T07:33:20Z</time></trkpt><trkpt lat="60.232318" lon="24.939467"><ele>28.1</ele><time>2026-03-03T07:33:21Z</time><extensions><gpxtpx:TrackPointExtension><gpxtpx:hr>85</gpxtpx:hr></gpxtpx:TrackPointExtension></extensions></trkpt><trkpt lat="60.232305" lon="24.939467"><ele>27.8</ele><time>2026-03-03T07:33:22Z</time></trkpt><trkpt lat="60.232293" lon="24.939463"><ele>27.7</ele><time>2026-03-03T07:33:23Z</time></trkpt><trkpt lat="60.23228" lon="24.939465"><ele>27.9</ele><time>2026-03-03T07:33:24Z</time><extensions><gpxtpx:TrackPointExtension><gpxtpx:hr>84</gpxtpx:hr></gpxtpx:TrackPointExtension></extensions></trkpt><trkpt lat="60.23227" lon="24.939438"><ele>28.0</ele><time>2026-03-03T07:33:25Z</time></trkpt><trkpt lat="60.232248" lon="24.939435"><ele>28.4</ele><time>2026-03-03T07:33:26Z</time></trkpt><trkpt lat="60.232235" lon="24.939438"><ele>28.3</ele><time>2026-03-03T07:33:27Z</time></trkpt><trkpt lat="60.232218" lon="24.939447"><ele>28.0</ele><time>2026-03-03T07:33:28Z</time></trkpt><trkpt lat="60.232205" lon="24.939442"><ele>27.6</ele><time>2026-03-03T07:33:29Z</time><extensions><gpxtpx:TrackPointExtension><gpxtpx:hr>84</gpxtpx:hr></gpxtpx:TrackPointExtension></extensions></trkpt><trkpt lat="60.232193" lon="24.939445"><ele>27.6</ele><time>2026-03-03T07:33:30Z</time></trkpt><trkpt lat="60.232183" lon="24.939445"><ele>27.9</ele><time>2026-03-03T07:33:30Z</time></trkpt><trkpt lat="60.232172" lon="24.93945"><ele>27.7</ele><time>2026-03-03T07:33:31Z</time></trkpt><trkpt lat="60.232162" lon="24.939453"><ele>27.7</ele><time>2026-03-03T07:33:32Z</time></trkpt><trkpt lat="60.23215" lon="24.939447"><ele>27.4</ele><time>2026-03-03T07:33:33Z</time></trkpt><trkpt lat="60.232132" lon="24.93944"><ele>26.8</ele><time>2026-03-03T07:33:34Z</time><extensions><gpxtpx:TrackPointExtension><gpxtpx:hr>85</gpxtpx:hr></gpxtpx:TrackPointExtension></extensions></trkpt><trkpt lat="60.23212" lon="24.939437"><ele>26.2</ele><time>2026-03-03T07:33:35Z</time></trkpt><trkpt lat="60.232103" lon="24.939438"><ele>26.0</ele><time>2026-03-03T07:33:36Z</time></trkpt><trkpt lat="60.232088" lon="24.939432"><ele>26.3</ele><time>2026-03-03T07:33:37Z</time></trkpt><trkpt lat="60.232077" lon="24.939427"><ele>26.2</ele><time>2026-03-03T07:33:38Z</time></trkpt><trkpt lat="60.232065" lon="24.939422"><ele>26.5</ele><time>2026-03-03T07:33:39Z</time></trkpt><trkpt lat="60.232057" lon="24.939417"><ele>26.7</ele><time>2026-03-03T07:33:40Z</time></trkpt><trkpt lat="60.23205" lon="24.93941"><ele>26.2</ele><time>2026-03-03T07:33:41Z</time></trkpt><trkpt lat="60.232045" lon="24.939397"><ele>26.9</ele><time>2026-03-03T07:33:42Z</time></trkpt><trkpt lat="60.232038" lon="24.93938"><ele>26.7</ele><time>2026-03-03T07:33:43Z</time><extensions><gpxtpx:TrackPointExtension><gpxtpx:hr>85</gpxtpx:hr></gpxtpx:TrackPointExtension></extensions></trkpt><trkpt lat="60.232028" lon="24.939365"><ele>26.6</ele><time>2026-03-03T07:33:44Z</time></trkpt><trkpt lat="60.232027" lon="24.939342"><ele>26.4</ele><time>2026-03-03T07:33:45Z</time></trkpt><trkpt lat="60.232023" lon="24.939322"><ele>26.2</ele><time>2026-03-03T07:33:46Z</time></trkpt><trkpt lat="60.232025" lon="24.939297"><ele>26.1</ele><time>2026-03-03T07:33:47Z</time><extensions><gpxtpx:TrackPointExtension><gpxtpx:hr>84</gpxtpx:hr></gpxtpx:TrackPointExtension></extensions></trkpt><trkpt lat="60.232022" lon="24.939272"><ele>26.1</ele><time>2026-03-03T07:33:48Z</time></trkpt><trkpt lat="60.232018" lon="24.939247"><ele>25.7</ele><time>2026-03-03T07:33:49Z</time></trkpt><trkpt lat="60.232018" lon="24.939225"><ele>26.6</ele><time>2026-03-03T07:33:50Z</time></trkpt><trkpt lat="60.232015" lon="24.9392"><ele>27.0</ele><time>2026-03-03T07:33:51Z</time></trkpt><trkpt lat="60.232013" lon="24.939173"><ele>27.2</ele><time>2026-03-03T07:33:52Z</time></trkpt><trkpt lat="60.232015" lon="24.939147"><ele>27.5</ele><time>2026-03-03T07:33:53Z</time><extensions><gpxtpx:TrackPointExtension><gpxtpx:hr>84</gpxtpx:hr></gpxtpx:TrackPointExtension></extensions></trkpt><trkpt lat="60.232012" lon="24.93912"><ele>27.5</ele><time>2026-03-03T07:33:54Z</time></trkpt><trkpt lat="60.23201" lon="24.939095"><ele>27.3</ele><time>2026-03-03T07:33:55Z</time><extensions><gpxtpx:TrackPointExtension><gpxtpx:hr>83</gpxtpx:hr></gpxtpx:TrackPointExtension></extensions></trkpt><trkpt lat="60.232007" lon="24.939068"><ele>27.3</ele><time>2026-03-03T07:33:56Z</time></trkpt><trkpt lat="60.232005" lon="24.939043"><ele>27.3</ele><time>2026-03-03T07:33:57Z</time></trkpt><trkpt lat="60.232005" lon="24.93902"><ele>27.0</ele><time>2026-03-03T07:33:58Z</time></trkpt><trkpt lat="60.232002" lon="24.938995"><ele>27.1</ele><time>2026-03-03T07:33:59Z</time></trkpt><trkpt lat="60.231998" lon="24.93897"><ele>27.1</ele><time>2026-03-03T07:34:00Z</time></trkpt><trkpt lat="60.231997" lon="24.938945"><ele>27.5</ele><time>2026-03-03T07:34:01Z</time></trkpt><trkpt lat="60.231992" lon="24.93892"><ele>27.3</ele><time>2026-03-03T07:34:02Z</time><extensions><gpxtpx:TrackPointExtension><gpxtpx:hr>82</gpxtpx:hr></gpxtpx:TrackPointExtension></extensions></trkpt><trkpt lat="60.231988" lon="24.938888"><ele>27.2</ele><time>2026-03-03T07:34:03Z</time></trkpt><trkpt lat="60.231982" lon="24.938867"><ele>26.8</ele><time>2026-03-03T07:34:04Z</time></trkpt><trkpt lat="60.231978" lon="24.938835"><ele>27.1</ele><time>2026-03-03T07:34:05Z</time></trkpt><trkpt lat="60.231973" lon="24.938813"><ele>27.1</ele><time>2026-03-03T07:34:06Z</time></trkpt><trkpt lat="60.23197" lon="24.93879"><ele>27.0</ele><time>2026-03-03T07:34:07Z</time></trkpt><trkpt lat="60.231968" lon="24.938768"><ele>27.1</ele><time>2026-03-03T07:34:08Z</time><extensions><gpxtpx:TrackPointExtension><gpxtpx:hr>84</gpxtpx:hr></gpxtpx:TrackPointExtension></extensions></trkpt><trkpt lat="60.231965" lon="24.93874"><ele>26.7</ele><time>2026-03-03T07:34:09Z</time><extensions><gpxtpx:TrackPointExtension><gpxtpx:hr>84</gpxtpx:hr></gpxtpx:TrackPointExtension></extensions></trkpt><trkpt lat="60.231965" lon="24.938712"><ele>27.3</ele><time>2026-03-03T07:34:10Z</time></trkpt><trkpt lat="60.23196" lon="24.938687"><ele>27.8</ele><time>2026-03-03T07:34:11Z</time></trkpt><trkpt lat="60.231953" lon="24.938662"><ele>27.5</ele><time>2026-03-03T07:34:12Z</time></trkpt><trkpt lat="60.231955" lon="24.938638"><ele>27.6</ele><time>2026-03-03T07:34:13Z</time></trkpt><trkpt lat="60.231945" lon="24.938613"><ele>27.0</ele><time>2026-03-03T07:34:14Z</time><extensions><gpxtpx:TrackPointExtension><gpxtpx:hr>85</gpxtpx:hr></gpxtpx:TrackPointExtension></extensions></trkpt><trkpt lat="60.23194" lon="24.938592"><ele>27.7</ele><time>2026-03-03T07:34:15Z</time></trkpt><trkpt lat="60.231937" lon="24.938573"><ele>28.0</ele><time>2026-03-03T07:34:16Z</time></trkpt><trkpt lat="60.231932" lon="24.93855"><ele>27.8</ele><time>2026-03-03T07:34:17Z</time></trkpt><trkpt lat="60.231925" lon="24.938525"><ele>27.9</ele><time>2026-03-03T07:34:18Z</time></trkpt><trkpt lat="60.231923" lon="24.938505"><ele>27.6</ele><time>2026-03-03T07:34:19Z</time></trkpt><trkpt lat="60.23192" lon="24.93848"><ele>27.3</ele><time>2026-03-03T07:34:20Z</time></trkpt><trkpt lat="60.231915" lon="24.93845"><ele>27.5</ele><time>2026-03-03T07:34:21Z</time></trkpt><trkpt lat="60.23191" lon="24.938428"><ele>27.5</ele><time>2026-03-03T07:34:22Z</time></trkpt><trkpt lat="60.231907" lon="24.938405"><ele>27.8</ele><time>2026-03-03T07:34:23Z</time><extensions><gpxtpx:TrackPointExtension><gpxtpx:hr>88</gpxtpx:hr></gpxtpx:TrackPointExtension></extensions></trkpt><trkpt lat="60.231903" lon="24.938373"><ele>28.3</ele><time>2026-03-03T07:34:24Z</time></trkpt><trkpt lat="60.231898" lon="24.938347"><ele>28.4</ele><time>2026-03-03T07:34:25Z</time></trkpt><trkpt lat="60.231895" lon="24.938317"><ele>27.9</ele><time>2026-03-03T07:34:26Z</time><extensions><gpxtpx:TrackPointExtension><gpxtpx:hr>89</gpxtpx:hr></gpxtpx:TrackPointExtension></extensions></trkpt><trkpt lat="60.231895" lon="24.938288"><ele>29.1</ele><time>2026-03-03T07:34:27Z</time></trkpt><trkpt lat="60.23189" lon="24.938258"><ele>29.3</ele><time>2026-03-03T07:34:28Z</time></trkpt><trkpt lat="60.231895" lon="24.93823"><ele>29.2</ele><time>2026-03-03T07:34:29Z</time></trkpt><trkpt lat="60.231892" lon="24.938208"><ele>29.6</ele><time>2026-03-03T07:34:30Z</time><extensions><gpxtpx:TrackPointExtension><gpxtpx:hr>90</gpxtpx:hr></gpxtpx:TrackPointExtension></extensions></trkpt><trkpt lat="60.231888" lon="24.938183"><ele>29.5</ele><time>2026-03-03T07:34:31Z</time></trkpt><trkpt lat="60.231885" lon="24.93815"><ele>29.1</ele><time>2026-03-03T07:34:32Z</time></trkpt><trkpt lat="60.231885" lon="24.938125"><ele>29.1</ele><time>2026-03-03T07:34:33Z</time></trkpt><trkpt lat="60.231883" lon="24.938097"><ele>28.8</ele><time>2026-03-03T07:34:34Z</time></trkpt><trkpt lat="60.231882" lon="24.938063"><ele>29.2</ele><time>2026-03-03T07:34:35Z</time><extensions><gpxtpx:TrackPointExtension><gpxtpx:hr>92</gpxtpx:hr></gpxtpx:TrackPointExtension></extensions></trkpt><trkpt lat="60.231875" lon="24.93804"><ele>29.1</ele><time>2026-03-03T07:34:37Z</time></trkpt><trkpt lat="60.231872" lon="24.938013"><ele>29.4</ele><time>2026-03-03T07:34:38Z</time></trkpt><trkpt lat="60.231868" lon="24.937978"><ele>29.3</ele><time>2026-03-03T07:34:39Z</time></trkpt><trkpt lat="60.231863" lon="24.93795"><ele>29.7</ele><time>2026-03-03T07:34:40Z</time></trkpt><trkpt lat="60.231858" lon="24.93792"><ele>28.8</ele><time>2026-03-03T07:34:41Z</time></trkpt><trkpt lat="60.231848" lon="24.937893"><ele>28.2</ele><time>2026-03-03T07:34:42Z</time></trkpt><trkpt lat="60.231843" lon="24.937872"><ele>28.3</ele><time>2026-03-03T07:34:43Z</time><extensions><gpxtpx:TrackPointExtension><gpxtpx:hr>94</gpxtpx:hr></gpxtpx:TrackPointExtension></extensions></trkpt><trkpt lat="60.231838" lon="24.937848"><ele>28.6</ele><time>2026-03-03T07:34:44Z</time></trkpt><trkpt lat="60.231833" lon="24.937823"><ele>29.2</ele><time>2026-03-03T07:34:45Z</time></trkpt><trkpt lat="60.231828" lon="24.937797"><ele>29.0</ele><time>2026-03-03T07:34:46Z</time><extensions><gpxtpx:TrackPointExtension><gpxtpx:hr>94</gpxtpx:hr></gpxtpx:TrackPointExtension></extensions></trkpt><trkpt lat="60.231822" lon="24.93777"><ele>29.6</ele><time>2026-03-03T07:34:47Z</time></trkpt><trkpt lat="60.231815" lon="24.937757"><ele>29.6</ele><time>2026-03-03T07:34:48Z</time></trkpt><trkpt lat="60.231813" lon="24.937737"><ele>28.9</ele><time>2026-03-03T07:34:49Z</time><extensions><gpxtpx:TrackPointExtension><gpxtpx:hr>93</gpxtpx:hr></gpxtpx:TrackPointExtension></extensions></trkpt><trkpt lat="60.231812" lon="24.937707"><ele>28.1</ele><time>2026-03-03T07:34:50Z</time></trkpt><trkpt lat="60.231815" lon="24.937687"><ele>30.0</ele><time>2026-03-03T07:34:51Z</time></trkpt><trkpt lat="60.231813" lon="24.93765"><ele>29.0</ele><time>2026-03-03T07:34:52Z</time></trkpt><trkpt lat="60.231817" lon="24.937627"><ele>28.8</ele><time>2026-03-03T07:34:53Z</time></trkpt><trkpt lat="60.231818" lon="24.937603"><ele>29.1</ele><time>2026-03-03T07:34:54Z</time><extensions><gpxtpx:TrackPointExtension><gpxtpx:hr>91</gpxtpx:hr></gpxtpx:TrackPointExtension></extensions></trkpt><trkpt lat="60.23182" lon="24.937578"><ele>29.4</ele><time>2026-03-03T07:34:55Z</time></trkpt><trkpt lat="60.231822" lon="24.93755"><ele>29.4</ele><time>2026-03-03T07:34:56Z</time></trkpt><trkpt lat="60.231827" lon="24.937522"><ele>30.0</ele><time>2026-03-03T07:34:57Z</time></trkpt><trkpt lat="60.231827" lon="24.937498"><ele>30.7</ele><time>2026-03-03T07:34:58Z</time></trkpt><trkpt lat="60.231828" lon="24.937472"><ele>30.8</ele><time>2026-03-03T07:34:59Z</time><extensions><gpxtpx:TrackPointExtension><gpxtpx:hr>93</gpxtpx:hr></gpxtpx:TrackPointExtension></extensions></trkpt><trkpt lat="60.231828" lon="24.937445"><ele>30.4</ele><time>2026-03-03T07:35:00Z</time></trkpt><trkpt lat="60.23183" lon="24.93742"><ele>30.5</ele><time>2026-03-03T07:35:01Z</time></trkpt><trkpt lat="60.231833" lon="24.937392"><ele>30.2</ele><time>2026-03-03T07:35:02Z</time></trkpt><trkpt lat="60.231835" lon="24.937363"><ele>30.4</ele><time>2026-03-03T07:35:03Z</time></trkpt><trkpt lat="60.231837" lon="24.937342"><ele>30.8</ele><time>2026-03-03T07:35:04Z</time><extensions><gpxtpx:TrackPointExtension><gpxtpx:hr>93</gpxtpx:hr></gpxtpx:TrackPointExtension></extensions></trkpt><trkpt lat="60.23184" lon="24.937315"><ele>30.6</ele><time>2026-03-03T07:35:05Z</time></trkpt><trkpt lat="60.231845" lon="24.937288"><ele>31.1</ele><time>2026-03-03T07:35:06Z</time></trkpt><trkpt lat="60.231843" lon="24.937263"><ele>31.1</ele><time>2026-03-03T07:35:07Z</time></trkpt><trkpt lat="60.231847" lon="24.93723"><ele>31.6</ele><time>2026-03-03T07:35:08Z</time></trkpt><trkpt lat="60.231848" lon="24.937203"><ele>31.7</ele><time>2026-03-03T07:35:09Z</time></trkpt><trkpt lat="60.231853" lon="24.937178"><ele>32.1</ele><time>2026-03-03T07:35:10Z</time></trkpt><trkpt lat="60.231857" lon="24.93715"><ele>32.7</ele><time>2026-03-03T07:35:11Z</time></trkpt><trkpt lat="60.231858" lon="24.937115"><ele>32.6</ele><time>2026-03-03T07:35:12Z</time></trkpt><trkpt lat="60.231857" lon="24.937083"><ele>32.2</ele><time>2026-03-03T07:35:13Z</time><extensions><gpxtpx:TrackPointExtension><gpxtpx:hr>92</gpxtpx:hr></gpxtpx:TrackPointExtension></extensions></trkpt><trkpt lat="60.231858" lon="24.937052"><ele>32.5</ele><time>2026-03-03T07:35:14Z</time></trkpt><trkpt lat="60.231862" lon="24.937025"><ele>32.7</ele><time>2026-03-03T07:35:15Z</time></trkpt><trkpt lat="60.231863" lon="24.936992"><ele>32.8</ele><time>2026-03-03T07:35:16Z</time></trkpt><trkpt lat="60.231867" lon="24.93696"><ele>32.5</ele><time>2026-03-03T07:35:17Z</time></trkpt><trkpt lat="60.231862" lon="24.936933"><ele>33.0</ele><time>2026-03-03T07:35:18Z</time><extensions><gpxtpx:TrackPointExtension><gpxtpx:hr>90</gpxtpx:hr></gpxtpx:TrackPointExtension></extensions></trkpt><trkpt lat="60.231862" lon="24.936903"><ele>32.1</ele><time>2026-03-03T07:35:19Z</time></trkpt><trkpt lat="60.231865" lon="24.936875"><ele>32.7</ele><time>2026-03-03T07:35:20Z</time><extensions><gpxtpx:TrackPointExtension><gpxtpx:hr>90</gpxtpx:hr></gpxtpx:TrackPointExtension></extensions></trkpt><trkpt lat="60.231867" lon="24.936845"><ele>32.5</ele><time>2026-03-03T07:35:21Z</time></trkpt><trkpt lat="60.231867" lon="24.936822"><ele>32.6</ele><time>2026-03-03T07:35:22Z</time></trkpt><trkpt lat="60.231865" lon="24.936787"><ele>32.7</ele><time>2026-03-03T07:35:23Z</time></trkpt><trkpt lat="60.231868" lon="24.936758"><ele>32.7</ele><time>2026-03-03T07:35:24Z</time><extensions><gpxtpx:TrackPointExtension><gpxtpx:hr>88</gpxtpx:hr></gpxtpx:TrackPointExtension></extensions></trkpt><trkpt lat="60.231865" lon="24.93672"><ele>32.2</ele><time>2026-03-03T07:35:25Z</time></trkpt><trkpt lat="60.231867" lon="24.936692"><ele>32.6</ele><time>2026-03-03T07:35:26Z</time></trkpt><trkpt lat="60.23187" lon="24.936665"><ele>32.6</ele><time>2026-03-03T07:35:27Z</time></trkpt><trkpt lat="60.231867" lon="24.936628"><ele>32.4</ele><time>2026-03-03T07:35:28Z</time></trkpt><trkpt lat="60.231863" lon="24.936603"><ele>32.7</ele><time>2026-03-03T07:35:29Z</time><extensions><gpxtpx:TrackPointExtension><gpxtpx:hr>88</gpxtpx:hr></gpxtpx:TrackPointExtension></extensions></trkpt><trkpt lat="60.231862" lon="24.936577"><ele>32.2</ele><time>2026-03-03T07:35:30Z</time></trkpt><trkpt lat="60.23186" lon="24.936552"><ele>32.4</ele><time>2026-03-03T07:35:31Z</time></trkpt><trkpt lat="60.231858" lon="24.93652"><ele>32.6</ele><time>2026-03-03T07:35:32Z</time></trkpt><trkpt lat="60.231853" lon="24.936493"><ele>32.7</ele><time>2026-03-03T07:35:33Z</time></trkpt><trkpt lat="60.231852" lon="24.936463"><ele>33.1</ele><time>2026-03-03T07:35:34Z</time><extensions><gpxtpx:TrackPointExtension><gpxtpx:hr>88</gpxtpx:hr></gpxtpx:TrackPointExtension></extensions></trkpt><trkpt lat="60.23185" lon="24.936435"><ele>32.6</ele><time>2026-03-03T07:35:35Z</time></trkpt><trkpt lat="60.231845" lon="24.936407"><ele>31.9</ele><time>2026-03-03T07:35:36Z</time></trkpt><trkpt lat="60.231842" lon="24.936383"><ele>31.7</ele><time>2026-03-03T07:35:37Z</time></trkpt><trkpt lat="60.231835" lon="24.936355"><ele>31.5</ele><time>2026-03-03T07:35:38Z</time></trkpt><trkpt lat="60.231832" lon="24.93633"><ele>31.2</ele><time>2026-03-03T07:35:39Z</time></trkpt><trkpt lat="60.231828" lon="24.936303"><ele>31.0</ele><time>2026-03-03T07:35:40Z</time></trkpt><trkpt lat="60.231828" lon="24.936275"><ele>31.1</ele><time>2026-03-03T07:35:41Z</time><extensions><gpxtpx:TrackPointExtension><gpxtpx:hr>89</gpxtpx:hr></gpxtpx:TrackPointExtension></extensions></trkpt><trkpt lat="60.23183" lon="24.936245"><ele>31.7</ele><time>2026-03-03T07:35:42Z</time></trkpt><trkpt lat="60.231822" lon="24.936215"><ele>30.9</ele><time>2026-03-03T07:35:43Z</time></trkpt><trkpt lat="60.231817" lon="24.936188"><ele>30.5</ele><time>2026-03-03T07:35:44Z</time><extensions><gpxtpx:TrackPointExtension><gpxtpx:hr>89</gpxtpx:hr></gpxtpx:TrackPointExtension></extensions></trkpt><trkpt lat="60.231812" lon="24.936162"><ele>30.5</ele><time>2026-03-03T07:35:45Z</time></trkpt><trkpt lat="60.23181" lon="24.936138"><ele>30.7</ele><time>2026-03-03T07:35:46Z</time></trkpt><trkpt lat="60.231807" lon="24.936108"><ele>30.6</ele><time>2026-03-03T07:35:47Z</time></trkpt><trkpt lat="60.231802" lon="24.936085"><ele>30.7</ele><time>2026-03-03T07:35:48Z</time></trkpt><trkpt lat="60.2318" lon="24.936058"><ele>30.9</ele><time>2026-03-03T07:35:49Z</time></trkpt><trkpt lat="60.231797" lon="24.936032"><ele>31.0</ele><time>2026-03-03T07:35:50Z</time></trkpt><trkpt lat="60.231793" lon="24.936003"><ele>30.7</ele><time>2026-03-03T07:35:51Z</time></trkpt><trkpt lat="60.231792" lon="24.935975"><ele>31.2</ele><time>2026-03-03T07:35:52Z</time></trkpt><trkpt lat="60.23179" lon="24.935945"><ele>31.5</ele><time>2026-03-03T07:35:53Z</time><extensions><gpxtpx:TrackPointExtension><gpxtpx:hr>91</gpxtpx:hr></gpxtpx:TrackPointExtension></extensions></trkpt><trkpt lat="60.231788" lon="24.935917"><ele>31.5</ele><time>2026-03-03T07:35:54Z</time></trkpt><trkpt lat="60.231787" lon="24.935888"><ele>31.4</ele><time>2026-03-03T07:35:55Z</time></trkpt><trkpt lat="60.231783" lon="24.935863"><ele>31.3</ele><time>2026-03-03T07:35:55Z</time></trkpt><trkpt lat="60.231783" lon="24.935837"><ele>31.5</ele><time>2026-03-03T07:35:56Z</time></trkpt><trkpt lat="60.231777" lon="24.935812"><ele>31.4</ele><time>2026-03-03T07:35:57Z</time></trkpt><trkpt lat="60.231775" lon="24.93578"><ele>31.2</ele><time>2026-03-03T07:35:58Z</time><extensions><gpxtpx:TrackPointExtension><gpxtpx:hr>91</gpxtpx:hr></gpxtpx:TrackPointExtension></extensions></trkpt><trkpt lat="60.231775" lon="24.93575"><ele>31.9</ele><time>2026-03-03T07:35:59Z</time></trkpt><trkpt lat="60.231775" lon="24.935723"><ele>32.3</ele><time>2026-03-03T07:36:00Z</time></trkpt><trkpt lat="60.23177" lon="24.935698"><ele>32.2</ele><time>2026-03-03T07:36:01Z</time><extensions><gpxtpx:TrackPointExtension><gpxtpx:hr>90</gpxtpx:hr></gpxtpx:TrackPointExtension></extensions></trkpt><trkpt lat="60.231767" lon="24.935673"><ele>32.2</ele><time>2026-03-03T07:36:02Z</time></trkpt><trkpt lat="60.231767" lon="24.935648"><ele>32.4</ele><time>2026-03-03T07:36:03Z</time></trkpt><trkpt lat="60.231765" lon="24.935625"><ele>33.3</ele><time>2026-03-03T07:36:04Z</time><extensions><gpxtpx:TrackPointExtension><gpxtpx:hr>89</gpxtpx:hr></gpxtpx:TrackPointExtension></extensions></trkpt><trkpt lat="60.231763" lon="24.935602"><ele>33.4</ele><time>2026-03-03T07:36:05Z</time></trkpt><trkpt lat="60.231758" lon="24.935575"><ele>33.1</ele><time>2026-03-03T07:36:06Z</time></trkpt><trkpt lat="60.231753" lon="24.93555"><ele>32.6</ele><time>2026-03-03T07:36:07Z</time></trkpt><trkpt lat="60.231747" lon="24.935525"><ele>32.2</ele><time>2026-03-03T07:36:08Z</time></trkpt><trkpt lat="60.231742" lon="24.935502"><ele>31.5</ele><time>2026-03-03T07:36:09Z</time></trkpt><trkpt lat="60.231735" lon="24.935478"><ele>31.0</ele><time>2026-03-03T07:36:10Z</time><extensions><gpxtpx:TrackPointExtension><gpxtpx:hr>89</gpxtpx:hr></gpxtpx:TrackPointExtension></extensions></trkpt><trkpt lat="60.231732" lon="24.935452"><ele>31.2</ele><time>2026-03-03T07:36:11Z</time></trkpt><trkpt lat="60.231728" lon="24.935428"><ele>31.0</ele><time>2026-03-03T07:36:12Z</time></trkpt><trkpt lat="60.231722" lon="24.935403"><ele>30.9</ele><time>2026-03-03T07:36:13Z</time></trkpt><trkpt lat="60.231718" lon="24.93538"><ele>30.6</ele><time>2026-03-03T07:36:14Z</time></trkpt><trkpt lat="60.231723" lon="24.935353"><ele>31.0</ele><time>2026-03-03T07:36:15Z</time></trkpt><trkpt lat="60.231727" lon="24.935328"><ele>31.8</ele><time>2026-03-03T07:36:16Z</time></trkpt><trkpt lat="60.231723" lon="24.9353"><ele>32.4</ele><time>2026-03-03T07:36:17Z</time></trkpt><trkpt lat="60.23172" lon="24.935275"><ele>32.4</ele><time>2026-03-03T07:36:18Z</time><extensions><gpxtpx:TrackPointExtension><gpxtpx:hr>88</gpxtpx:hr></gpxtpx:TrackPointExtension></extensions></trkpt><trkpt lat="60.231717" lon="24.935247"><ele>32.2</ele><time>2026-03-03T07:36:19Z</time></trkpt><trkpt lat="60.231715" lon="24.935222"><ele>31.7</ele><time>2026-03-03T07:36:20Z</time></trkpt><trkpt lat="60.231708" lon="24.935197"><ele>31.2</ele><time>2026-03-03T07:36:21Z</time></trkpt><trkpt lat="60.231703" lon="24.935173"><ele>31.3</ele><time>2026-03-03T07:36:22Z</time></trkpt><trkpt lat="60.2317" lon="24.93515"><ele>31.3</ele><time>2026-03-03T07:36:23Z</time><extensions><gpxtpx:TrackPointExtension><gpxtpx:hr>88</gpxtpx:hr></gpxtpx:TrackPointExtension></extensions></trkpt><trkpt lat="60.231698" lon="24.935123"><ele>31.2</ele><time>2026-03-03T07:36:24Z</time></trkpt><trkpt lat="60.231695" lon="24.935093"><ele>31.2</ele><time>2026-03-03T07:36:25Z</time></trkpt><trkpt lat="60.23169" lon="24.93507"><ele>30.9</ele><time>2026-03-03T07:36:26Z</time></trkpt><trkpt lat="60.231687" lon="24.935045"><ele>30.9</ele><time>2026-03-03T07:36:27Z</time></trkpt><trkpt lat="60.231682" lon="24.935012"><ele>31.3</ele><time>2026-03-03T07:36:28Z</time><extensions><gpxtpx:TrackPointExtension><gpxtpx:hr>88</gpxtpx:hr></gpxtpx:TrackPointExtension></extensions></trkpt><trkpt lat="60.23167" lon="24.934982"><ele>30.5</ele><time>2026-03-03T07:36:29Z</time></trkpt><trkpt lat="60.231667" lon="24.93495"><ele>30.6</ele><time>2026-03-03T07:36:30Z</time></trkpt><trkpt lat="60.231652" lon="24.93493"><ele>30.1</ele><time>2026-03-03T07:36:31Z</time></trkpt><trkpt lat="60.231637" lon="24.934915"><ele>29.8</ele><time>2026-03-03T07:36:32Z</time></trkpt><trkpt lat="60.231627" lon="24.934895"><ele>30.3</ele><time>2026-03-03T07:36:33Z</time><extensions><gpxtpx:TrackPointExtension><gpxtpx:hr>86</gpxtpx:hr></gpxtpx:TrackPointExtension></extensions></trkpt><trkpt lat="60.231613" lon="24.934885"><ele>30.6</ele><time>2026-03-03T07:36:34Z</time></trkpt><trkpt lat="60.231598" lon="24.934872"><ele>30.4</ele><time>2026-03-03T07:36:35Z</time></trkpt><trkpt lat="60.231583" lon="24.93487"><ele>30.9</ele><time>2026-03-03T07:36:36Z</time></trkpt><trkpt lat="60.231567" lon="24.934855"><ele>31.1</ele><time>2026-03-03T07:36:37Z</time></trkpt><trkpt lat="60.231548" lon="24.934835"><ele>31.7</ele><time>2026-03-03T07:36:38Z</time><extensions><gpxtpx:TrackPointExtension><gpxtpx:hr>86</gpxtpx:hr></gpxtpx:TrackPointExtension></extensions></trkpt><trkpt lat="60.231537" lon="24.934837"><ele>32.0</ele><time>2026-03-03T07:36:39Z</time><extensions><gpxtpx:TrackPointExtension><gpxtpx:hr>87</gpxtpx:hr></gpxtpx:TrackPointExtension></extensions></trkpt><trkpt lat="60.231525" lon="24.934843"><ele>32.4</ele><time>2026-03-03T07:36:40Z</time></trkpt><trkpt lat="60.231512" lon="24.934847"><ele>32.7</ele><time>2026-03-03T07:36:41Z</time></trkpt><trkpt lat="60.231497" lon="24.934857"><ele>32.7</ele><time>2026-03-03T07:36:43Z</time></trkpt><trkpt lat="60.231485" lon="24.93486"><ele>32.4</ele><time>2026-03-03T07:36:44Z</time><extensions><gpxtpx:TrackPointExtension><gpxtpx:hr>86</gpxtpx:hr></gpxtpx:TrackPointExtension></extensions></trkpt><trkpt lat="60.23147" lon="24.934863"><ele>32.9</ele><time>2026-03-03T07:36:45Z</time></trkpt><trkpt lat="60.231453" lon="24.934878"><ele>33.2</ele><time>2026-03-03T07:36:46Z</time></trkpt><trkpt lat="60.231443" lon="24.934893"><ele>32.4</ele><time>2026-03-03T07:36:47Z</time></trkpt><trkpt lat="60.231432" lon="24.934903"><ele>32.4</ele><time>2026-03-03T07:36:48Z</time></trkpt><trkpt lat="60.231417" lon="24.934917"><ele>32.8</ele><time>2026-03-03T07:36:49Z</time></trkpt><trkpt lat="60.231405" lon="24.934927"><ele>32.7</ele><time>2026-03-03T07:36:50Z</time></trkpt><trkpt lat="60.231393" lon="24.934937"><ele>32.4</ele><time>2026-03-03T07:36:51Z</time></trkpt><trkpt lat="60.231377" lon="24.934952"><ele>32.1</ele><time>2026-03-03T07:36:52Z</time></trkpt><trkpt lat="60.231363" lon="24.93496"><ele>32.4</ele><time>2026-03-03T07:36:53Z</time><extensions><gpxtpx:TrackPointExtension><gpxtpx:hr>86</gpxtpx:hr></gpxtpx:TrackPointExtension></extensions></trkpt><trkpt lat="60.231353" lon="24.934983"><ele>31.8</ele><time>2026-03-03T07:36:54Z</time></trkpt><trkpt lat="60.231343" lon="24.934987"><ele>31.6</ele><time>2026-03-03T07:36:55Z</time></trkpt><trkpt lat="60.231328" lon="24.934975"><ele>32.1</ele><time>2026-03-03T07:36:56Z</time></trkpt><trkpt lat="60.231315" lon="24.93497"><ele>32.4</ele><time>2026-03-03T07:36:57Z</time><extensions><gpxtpx:TrackPointExtension><gpxtpx:hr>87</gpxtpx:hr></gpxtpx:TrackPointExtension></extensions></trkpt><trkpt lat="60.231302" lon="24.934978"><ele>32.6</ele><time>2026-03-03T07:36:58Z</time></trkpt><trkpt lat="60.231288" lon="24.934998"><ele>32.4</ele><time>2026-03-03T07:36:59Z</time></trkpt><trkpt lat="60.231277" lon="24.93501"><ele>31.6</ele><time>2026-03-03T07:37:00Z</time></trkpt><trkpt lat="60.231265" lon="24.935027"><ele>32.1</ele><time>2026-03-03T07:37:01Z</time><extensions><gpxtpx:TrackPointExtension><gpxtpx:hr>87</gpxtpx:hr></gpxtpx:TrackPointExtension></extensions></trkpt><trkpt lat="60.23125" lon="24.935048"><ele>32.7</ele><time>2026-03-03T07:37:02Z</time></trkpt><trkpt lat="60.231242" lon="24.935072"><ele>32.4</ele><time>2026-03-03T07:37:03Z</time></trkpt><trkpt lat="60.231232" lon="24.93508"><ele>32.5</ele><time>2026-03-03T07:37:04Z</time></trkpt><trkpt lat="60.23122" lon="24.935095"><ele>32.5</ele><time>2026-03-03T07:37:05Z</time></trkpt><trkpt lat="60.231207" lon="24.935118"><ele>32.4</ele><time>2026-03-03T07:37:06Z</time><extensions><gpxtpx:TrackPointExtension><gpxtpx:hr>88</gpxtpx:hr></gpxtpx:TrackPointExtension></extensions></trkpt><trkpt lat="60.231198" lon="24.93514"><ele>32.1</ele><time>2026-03-03T07:37:07Z</time></trkpt><trkpt lat="60.231188" lon="24.93516"><ele>32.2</ele><time>2026-03-03T07:37:08Z</time></trkpt><trkpt lat="60.231178" lon="24.935185"><ele>32.6</ele><time>2026-03-03T07:37:09Z</time><extensions><gpxtpx:TrackPointExtension><gpxtpx:hr>88</gpxtpx:hr></gpxtpx:TrackPointExtension></extensions></trkpt><trkpt lat="60.231173" lon="24.935212"><ele>32.4</ele><time>2026-03-03T07:37:10Z</time></trkpt><trkpt lat="60.231168" lon="24.935237"><ele>32.4</ele><time>2026-03-03T07:37:11Z</time></trkpt><trkpt lat="60.231158" lon="24.935257"><ele>32.6</ele><time>2026-03-03T07:37:11Z</time></trkpt><trkpt lat="60.231147" lon="24.935275"><ele>30.5</ele><time>2026-03-03T07:37:12Z</time></trkpt><trkpt lat="60.23114" lon="24.935298"><ele>31.4</ele><time>2026-03-03T07:37:13Z</time></trkpt><trkpt lat="60.23113" lon="24.935315"><ele>31.7</ele><time>2026-03-03T07:37:14Z</time><extensions><gpxtpx:TrackPointExtension><gpxtpx:hr>88</gpxtpx:hr></gpxtpx:TrackPointExtension></extensions></trkpt><trkpt lat="60.231115" lon="24.935327"><ele>32.1</ele><time>2026-03-03T07:37:15Z</time></trkpt><trkpt lat="60.231103" lon="24.935343"><ele>32.1</ele><time>2026-03-03T07:37:16Z</time></trkpt><trkpt lat="60.231093" lon="24.935362"><ele>31.5</ele><time>2026-03-03T07:37:17Z</time></trkpt><trkpt lat="60.231085" lon="24.935383"><ele>31.9</ele><time>2026-03-03T07:37:18Z</time></trkpt><trkpt lat="60.231078" lon="24.935402"><ele>32.5</ele><time>2026-03-03T07:37:19Z</time><extensions><gpxtpx:TrackPointExtension><gpxtpx:hr>88</gpxtpx:hr></gpxtpx:TrackPointExtension></extensions></trkpt><trkpt lat="60.231068" lon="24.935423"><ele>32.3</ele><time>2026-03-03T07:37:20Z</time></trkpt><trkpt lat="60.231058" lon="24.93544"><ele>32.7</ele><time>2026-03-03T07:37:21Z</time></trkpt><trkpt lat="60.231052" lon="24.935463"><ele>32.5</ele><time>2026-03-03T07:37:22Z</time></trkpt><trkpt lat="60.231045" lon="24.935485"><ele>32.3</ele><time>2026-03-03T07:37:23Z</time></trkpt><trkpt lat="60.231037" lon="24.935505"><ele>32.6</ele><time>2026-03-03T07:37:24Z</time></trkpt><trkpt lat="60.231023" lon="24.93552"><ele>32.8</ele><time>2026-03-03T07:37:25Z</time></trkpt><trkpt lat="60.231012" lon="24.935537"><ele>32.8</ele><time>2026-03-03T07:37:26Z</time></trkpt><trkpt lat="60.231002" lon="24.935555"><ele>32.7</ele><time>2026-03-03T07:37:27Z</time></trkpt><trkpt lat="60.230993" lon="24.935582"><ele>32.3</ele><time>2026-03-03T07:37:28Z</time><extensions><gpxtpx:TrackPointExtension><gpxtpx:hr>87</gpxtpx:hr></gpxtpx:TrackPointExtension></extensions></trkpt><trkpt lat="60.230988" lon="24.935613"><ele>32.2</ele><time>2026-03-03T07:37:29Z</time></trkpt><trkpt lat="60.230982" lon="24.935638"><ele>32.7</ele><time>2026-03-03T07:37:30Z</time></trkpt><trkpt lat="60.230973" lon="24.935662"><ele>32.5</ele><time>2026-03-03T07:37:31Z</time></trkpt><trkpt lat="60.230965" lon="24.93568"><ele>31.8</ele><time>2026-03-03T07:37:32Z</time><extensions><gpxtpx:TrackPointExtension><gpxtpx:hr>86</gpxtpx:hr></gpxtpx:TrackPointExtension></extensions></trkpt><trkpt lat="60.230957" lon="24.935703"><ele>31.3</ele><time>2026-03-03T07:37:33Z</time></trkpt><trkpt lat="60.23095" lon="24.935728"><ele>31.1</ele><time>2026-03-03T07:37:34Z</time></trkpt><trkpt lat="60.230943" lon="24.935752"><ele>31.8</ele><time>2026-03-03T07:37:35Z</time></trkpt><trkpt lat="60.230933" lon="24.935773"><ele>31.5</ele><time>2026-03-03T07:37:36Z</time></trkpt><trkpt lat="60.230925" lon="24.935795"><ele>31.2</ele><time>2026-03-03T07:37:37Z</time></trkpt><trkpt lat="60.230915" lon="24.935813"><ele>31.4</ele><time>2026-03-03T07:37:38Z</time><extensions><gpxtpx:TrackPointExtension><gpxtpx:hr>87</gpxtpx:hr></gpxtpx:TrackPointExtension></extensions></trkpt><trkpt lat="60.230907" lon="24.935837"><ele>31.6</ele><time>2026-03-03T07:37:39Z</time></trkpt><trkpt lat="60.230902" lon="24.935867"><ele>31.3</ele><time>2026-03-03T07:37:40Z</time></trkpt><trkpt lat="60.230895" lon="24.93589"><ele>31.2</ele><time>2026-03-03T07:37:41Z</time></trkpt><trkpt lat="60.230887" lon="24.935917"><ele>31.3</ele><time>2026-03-03T07:37:42Z</time></trkpt><trkpt lat="60.230877" lon="24.935943"><ele>31.3</ele><time>2026-03-03T07:37:43Z</time><extensions><gpxtpx:TrackPointExtension><gpxtpx:hr>87</gpxtpx:hr></gpxtpx:TrackPointExtension></extensions></trkpt><trkpt lat="60.230867" lon="24.935968"><ele>30.9</ele><time>2026-03-03T07:37:44Z</time></trkpt><trkpt lat="60.23086" lon="24.935995"><ele>30.5</ele><time>2026-03-03T07:37:45Z</time></trkpt><trkpt lat="60.230857" lon="24.936022"><ele>30.4</ele><time>2026-03-03T07:37:46Z</time></trkpt><trkpt lat="60.230845" lon="24.93604"><ele>30.4</ele><time>2026-03-03T07:37:47Z</time><extensions><gpxtpx:TrackPointExtension><gpxtpx:hr>87</gpxtpx:hr></gpxtpx:TrackPointExtension></extensions></trkpt><trkpt lat="60.230837" lon="24.93606"><ele>31.0</ele><time>2026-03-03T07:37:48Z</time></trkpt><trkpt lat="60.230828" lon="24.936082"><ele>30.6</ele><time>2026-03-03T07:37:49Z</time><extensions><gpxtpx:TrackPointExtension><gpxtpx:hr>86</gpxtpx:hr></gpxtpx:TrackPointExtension></extensions></trkpt><trkpt lat="60.230822" lon="24.936102"><ele>30.2</ele><time>2026-03-03T07:37:50Z</time></trkpt><trkpt lat="60.230813" lon="24.936118"><ele>31.2</ele><time>2026-03-03T07:37:51Z</time></trkpt><trkpt lat="60.230808" lon="24.936142"><ele>31.7</ele><time>2026-03-03T07:37:52Z</time></trkpt><trkpt lat="60.230802" lon="24.936163"><ele>31.5</ele><time>2026-03-03T07:37:53Z</time></trkpt><trkpt lat="60.230795" lon="24.936187"><ele>31.4</ele><time>2026-03-03T07:37:54Z</time></trkpt><trkpt lat="60.230788" lon="24.936212"><ele>31.6</ele><time>2026-03-03T07:37:55Z</time><extensions><gpxtpx:TrackPointExtension><gpxtpx:hr>86</gpxtpx:hr></gpxtpx:TrackPointExtension></extensions></trkpt><trkpt lat="60.23078" lon="24.936232"><ele>31.4</ele><time>2026-03-03T07:37:56Z</time></trkpt><trkpt lat="60.23077" lon="24.93625"><ele>31.7</ele><time>2026-03-03T07:37:57Z</time></trkpt><trkpt lat="60.230763" lon="24.936277"><ele>31.4</ele><time>2026-03-03T07:37:58Z</time></trkpt><trkpt lat="60.230758" lon="24.9363"><ele>31.5</ele><time>2026-03-03T07:37:59Z</time><extensions><gpxtpx:TrackPointExtension><gpxtpx:hr>87</gpxtpx:hr></gpxtpx:TrackPointExtension></extensions></trkpt><trkpt lat="60.230752" lon="24.936322"><ele>31.2</ele><time>2026-03-03T07:38:00Z</time></trkpt><trkpt lat="60.230745" lon="24.936342"><ele>31.5</ele><time>2026-03-03T07:38:01Z</time></trkpt><trkpt lat="60.230738" lon="24.936363"><ele>31.6</ele><time>2026-03-03T07:38:02Z</time></trkpt><trkpt lat="60.230732" lon="24.936387"><ele>31.7</ele><time>2026-03-03T07:38:03Z</time></trkpt><trkpt lat="60.230727" lon="24.936408"><ele>32.0</ele><time>2026-03-03T07:38:04Z</time></trkpt><trkpt lat="60.230722" lon="24.936435"><ele>32.0</ele><time>2026-03-03T07:38:05Z</time></trkpt><trkpt lat="60.230717" lon="24.936458"><ele>31.9</ele><time>2026-03-03T07:38:06Z</time></trkpt><trkpt lat="60.230708" lon="24.93648"><ele>31.9</ele><time>2026-03-03T07:38:07Z</time><extensions><gpxtpx:TrackPointExtension><gpxtpx:hr>86</gpxtpx:hr></gpxtpx:TrackPointExtension></extensions></trkpt><trkpt lat="60.230702" lon="24.9365"><ele>32.1</ele><time>2026-03-03T07:38:08Z</time></trkpt><trkpt lat="60.230693" lon="24.936523"><ele>32.2</ele><time>2026-03-03T07:38:09Z</time></trkpt><trkpt lat="60.230685" lon="24.936547"><ele>32.1</ele><time>2026-03-03T07:38:10Z</time></trkpt><trkpt lat="60.230677" lon="24.93657"><ele>32.3</ele><time>2026-03-03T07:38:11Z</time></trkpt><trkpt lat="60.230673" lon="24.936598"><ele>32.2</ele><time>2026-03-03T07:38:12Z</time></trkpt><trkpt lat="60.230668" lon="24.936618"><ele>32.0</ele><time>2026-03-03T07:38:13Z</time><extensions><gpxtpx:TrackPointExtension><gpxtpx:hr>86</gpxtpx:hr></gpxtpx:TrackPointExtension></extensions></trkpt><trkpt lat="60.23066" lon="24.936638"><ele>32.1</ele><time>2026-03-03T07:38:14Z</time></trkpt><trkpt lat="60.23065" lon="24.93666"><ele>31.8</ele><time>2026-03-03T07:38:15Z</time></trkpt><trkpt lat="60.230643" lon="24.936685"><ele>32.0</ele><time>2026-03-03T07:38:16Z</time></trkpt><trkpt lat="60.230635" lon="24.936707"><ele>32.5</ele><time>2026-03-03T07:38:17Z</time><extensions><gpxtpx:TrackPointExtension><gpxtpx:hr>86</gpxtpx:hr></gpxtpx:TrackPointExtension></extensions></trkpt><trkpt lat="60.23063" lon="24.936733"><ele>32.5</ele><time>2026-03-03T07:38:18Z</time></trkpt><trkpt lat="60.230622" lon="24.936758"><ele>32.6</ele><time>2026-03-03T07:38:19Z</time></trkpt><trkpt lat="60.23061" lon="24.936778"><ele>32.3</ele><time>2026-03-03T07:38:20Z</time><extensions><gpxtpx:TrackPointExtension><gpxtpx:hr>86</gpxtpx:hr></gpxtpx:TrackPointExtension></extensions></trkpt><trkpt lat="60.2306" lon="24.936798"><ele>32.4</ele><time>2026-03-03T07:38:21Z</time></trkpt><trkpt lat="60.230593" lon="24.936822"><ele>32.3</ele><time>2026-03-03T07:38:22Z</time></trkpt><trkpt lat="60.230588" lon="24.936845"><ele>32.0</ele><time>2026-03-03T07:38:23Z</time></trkpt><trkpt lat="60.230582" lon="24.936873"><ele>32.3</ele><time>2026-03-03T07:38:24Z</time></trkpt><trkpt lat="60.230573" lon="24.936892"><ele>32.5</ele><time>2026-03-03T07:38:25Z</time></trkpt><trkpt lat="60.230567" lon="24.936913"><ele>32.3</ele><time>2026-03-03T07:38:26Z</time></trkpt><trkpt lat="60.23056" lon="24.936937"><ele>32.1</ele><time>2026-03-03T07:38:27Z</time><extensions><gpxtpx:TrackPointExtension><gpxtpx:hr>86</gpxtpx:hr></gpxtpx:TrackPointExtension></extensions></trkpt><trkpt lat="60.23055" lon="24.936963"><ele>32.0</ele><time>2026-03-03T07:38:28Z</time></trkpt><trkpt lat="60.230542" lon="24.93699"><ele>32.1</ele><time>2026-03-03T07:38:29Z</time></trkpt><trkpt lat="60.230537" lon="24.937018"><ele>31.6</ele><time>2026-03-03T07:38:30Z</time><extensions><gpxtpx:TrackPointExtension><gpxtpx:hr>86</gpxtpx:hr></gpxtpx:TrackPointExtension></extensions></trkpt><trkpt lat="60.23053" lon="24.937045"><ele>31.6</ele><time>2026-03-03T07:38:31Z</time></trkpt><trkpt lat="60.230523" lon="24.937073"><ele>31.0</ele><time>2026-03-03T07:38:32Z</time></trkpt><trkpt lat="60.230517" lon="24.937105"><ele>31.0</ele><time>2026-03-03T07:38:33Z</time></trkpt><trkpt lat="60.230513" lon="24.937132"><ele>31.3</ele><time>2026-03-03T07:38:34Z</time><extensions><gpxtpx:TrackPointExtension><gpxtpx:hr>86</gpxtpx:hr></gpxtpx:TrackPointExtension></extensions></trkpt><trkpt lat="60.230507" lon="24.93715"><ele>31.1</ele><time>2026-03-03T07:38:35Z</time></trkpt><trkpt lat="60.2305" lon="24.937177"><ele>30.7</ele><time>2026-03-03T07:38:36Z</time></trkpt><trkpt lat="60.230493" lon="24.937207"><ele>30.4</ele><time>2026-03-03T07:38:37Z</time></trkpt><trkpt lat="60.230485" lon="24.937227"><ele>30.5</ele><time>2026-03-03T07:38:38Z</time></trkpt><trkpt lat="60.230475" lon="24.937243"><ele>30.6</ele><time>2026-03-03T07:38:39Z</time></trkpt><trkpt lat="60.230468" lon="24.937267"><ele>30.4</ele><time>2026-03-03T07:38:40Z</time></trkpt><trkpt lat="60.230458" lon="24.937285"><ele>30.4</ele><time>2026-03-03T07:38:41Z</time></trkpt><trkpt lat="60.230448" lon="24.93731"><ele>31.0</ele><time>2026-03-03T07:38:42Z</time></trkpt><trkpt lat="60.230438" lon="24.937333"><ele>31.0</ele><time>2026-03-03T07:38:43Z</time><extensions><gpxtpx:TrackPointExtension><gpxtpx:hr>88</gpxtpx:hr></gpxtpx:TrackPointExtension></extensions></trkpt><trkpt lat="60.23043" lon="24.93736"><ele>30.8</ele><time>2026-03-03T07:38:44Z</time><extensions><gpxtpx:TrackPointExtension><gpxtpx:hr>88</gpxtpx:hr></gpxtpx:TrackPointExtension></extensions></trkpt><trkpt lat="60.230425" lon="24.937387"><ele>30.8</ele><time>2026-03-03T07:38:45Z</time></trkpt><trkpt lat="60.230418" lon="24.937415"><ele>31.0</ele><time>2026-03-03T07:38:46Z</time></trkpt><trkpt lat="60.230415" lon="24.937443"><ele>30.3</ele><time>2026-03-03T07:38:47Z</time></trkpt><trkpt lat="60.230412" lon="24.937473"><ele>30.4</ele><time>2026-03-03T07:38:48Z</time></trkpt><trkpt lat="60.230405" lon="24.937498"><ele>30.5</ele><time>2026-03-03T07:38:49Z</time><extensions><gpxtpx:TrackPointExtension><gpxtpx:hr>88</gpxtpx:hr></gpxtpx:TrackPointExtension></extensions></trkpt><trkpt lat="60.230398" lon="24.93752"><ele>30.3</ele><time>2026-03-03T07:38:50Z</time></trkpt><trkpt lat="60.230392" lon="24.937538"><ele>30.7</ele><time>2026-03-03T07:38:51Z</time></trkpt><trkpt lat="60.230385" lon="24.937562"><ele>30.9</ele><time>2026-03-03T07:38:52Z</time></trkpt><trkpt lat="60.230377" lon="24.937593"><ele>31.1</ele><time>2026-03-03T07:38:53Z</time></trkpt><trkpt lat="60.23037" lon="24.937615"><ele>31.5</ele><time>2026-03-03T07:38:54Z</time></trkpt><trkpt lat="60.230365" lon="24.937643"><ele>31.4</ele><time>2026-03-03T07:38:55Z</time></trkpt><trkpt lat="60.23036" lon="24.93767"><ele>31.5</ele><time>2026-03-03T07:38:56Z</time></trkpt><trkpt lat="60.230353" lon="24.937692"><ele>31.2</ele><time>2026-03-03T07:38:57Z</time><extensions><gpxtpx:TrackPointExtension><gpxtpx:hr>87</gpxtpx:hr></gpxtpx:TrackPointExtension></extensions></trkpt><trkpt lat="60.230342" lon="24.937713"><ele>31.4</ele><time>2026-03-03T07:38:58Z</time></trkpt><trkpt lat="60.230333" lon="24.937735"><ele>31.8</ele><time>2026-03-03T07:38:59Z</time></trkpt><trkpt lat="60.230325" lon="24.937755"><ele>32.0</ele><time>2026-03-03T07:39:00Z</time></trkpt><trkpt lat="60.230318" lon="24.937778"><ele>32.0</ele><time>2026-03-03T07:39:01Z</time></trkpt><trkpt lat="60.230313" lon="24.937807"><ele>31.8</ele><time>2026-03-03T07:39:02Z</time></trkpt><trkpt lat="60.230308" lon="24.937832"><ele>31.8</ele><time>2026-03-03T07:39:03Z</time><extensions><gpxtpx:TrackPointExtension><gpxtpx:hr>88</gpxtpx:hr></gpxtpx:TrackPointExtension></extensions></trkpt><trkpt lat="60.230302" lon="24.937853"><ele>31.9</ele><time>2026-03-03T07:39:04Z</time></trkpt><trkpt lat="60.230295" lon="24.937877"><ele>31.7</ele><time>2026-03-03T07:39:05Z</time></trkpt><trkpt lat="60.230287" lon="24.937898"><ele>32.2</ele><time>2026-03-03T07:39:06Z</time><extensions><gpxtpx:TrackPointExtension><gpxtpx:hr>88</gpxtpx:hr></gpxtpx:TrackPointExtension></extensions></trkpt><trkpt lat="60.230278" lon="24.937922"><ele>32.4</ele><time>2026-03-03T07:39:07Z</time></trkpt><trkpt lat="60.230272" lon="24.937945"><ele>32.3</ele><time>2026-03-03T07:39:08Z</time></trkpt><trkpt lat="60.230267" lon="24.937968"><ele>32.1</ele><time>2026-03-03T07:39:09Z</time></trkpt><trkpt lat="60.230257" lon="24.937987"><ele>32.2</ele><time>2026-03-03T07:39:10Z</time></trkpt><trkpt lat="60.230248" lon="24.938008"><ele>32.3</ele><time>2026-03-03T07:39:11Z</time></trkpt><trkpt lat="60.23024" lon="24.938032"><ele>32.0</ele><time>2026-03-03T07:39:12Z</time><extensions><gpxtpx:TrackPointExtension><gpxtpx:hr>87</gpxtpx:hr></gpxtpx:TrackPointExtension></extensions></trkpt><trkpt lat="60.230232" lon="24.938052"><ele>32.2</ele><time>2026-03-03T07:39:13Z</time></trkpt><trkpt lat="60.230225" lon="24.938077"><ele>32.1</ele><time>2026-03-03T07:39:14Z</time><extensions><gpxtpx:TrackPointExtension><gpxtpx:hr>86</gpxtpx:hr></gpxtpx:TrackPointExtension></extensions></trkpt><trkpt lat="60.230217" lon="24.938102"><ele>32.1</ele><time>2026-03-03T07:39:15Z</time></trkpt><trkpt lat="60.23021" lon="24.938128"><ele>32.1</ele><time>2026-03-03T07:39:16Z</time></trkpt><trkpt lat="60.230203" lon="24.938155"><ele>32.3</ele><time>2026-03-03T07:39:17Z</time></trkpt><trkpt lat="60.230197" lon="24.938177"><ele>32.4</ele><time>2026-03-03T07:39:18Z</time></trkpt><trkpt lat="60.230188" lon="24.9382"><ele>32.4</ele><time>2026-03-03T07:39:19Z</time></trkpt><trkpt lat="60.230183" lon="24.938227"><ele>32.3</ele><time>2026-03-03T07:39:20Z</time></trkpt><trkpt lat="60.230177" lon="24.938253"><ele>32.2</ele><time>2026-03-03T07:39:21Z</time><extensions><gpxtpx:TrackPointExtension><gpxtpx:hr>87</gpxtpx:hr></gpxtpx:TrackPointExtension></extensions></trkpt><trkpt lat="60.230167" lon="24.938273"><ele>32.3</ele><time>2026-03-03T07:39:22Z</time></trkpt><trkpt lat="60.230155" lon="24.93829"><ele>32.5</ele><time>2026-03-03T07:39:23Z</time></trkpt><trkpt lat="60.23015" lon="24.938317"><ele>32.9</ele><time>2026-03-03T07:39:24Z</time></trkpt><trkpt lat="60.230143" lon="24.938345"><ele>33.2</ele><time>2026-03-03T07:39:25Z</time></trkpt><trkpt lat="60.230133" lon="24.938367"><ele>32.7</ele><time>2026-03-03T07:39:26Z</time></trkpt><trkpt lat="60.230128" lon="24.938397"><ele>32.8</ele><time>2026-03-03T07:39:27Z</time></trkpt><trkpt lat="60.230122" lon="24.938423"><ele>32.7</ele><time>2026-03-03T07:39:28Z</time><extensions><gpxtpx:TrackPointExtension><gpxtpx:hr>82</gpxtpx:hr></gpxtpx:TrackPointExtension></extensions></trkpt><trkpt lat="60.230115" lon="24.938447"><ele>32.5</ele><time>2026-03-03T07:39:29Z</time></trkpt><trkpt lat="60.230105" lon="24.938468"><ele>32.8</ele><time>2026-03-03T07:39:30Z</time></trkpt><trkpt lat="60.230097" lon="24.938492"><ele>33.0</ele><time>2026-03-03T07:39:31Z</time><extensions><gpxtpx:TrackPointExtension><gpxtpx:hr>81</gpxtpx:hr></gpxtpx:TrackPointExtension></extensions></trkpt><trkpt lat="60.230087" lon="24.938517"><ele>32.9</ele><time>2026-03-03T07:39:32Z</time></trkpt><trkpt lat="60.230078" lon="24.93854"><ele>32.4</ele><time>2026-03-03T07:39:33Z</time></trkpt><trkpt lat="60.230068" lon="24.938562"><ele>32.1</ele><time>2026-03-03T07:39:34Z</time></trkpt><trkpt lat="60.23006" lon="24.938587"><ele>32.1</ele><time>2026-03-03T07:39:35Z</time></trkpt><trkpt lat="60.230053" lon="24.938613"><ele>32.2</ele><time>2026-03-03T07:39:36Z</time></trkpt><trkpt lat="60.230052" lon="24.938647"><ele>32.1</ele><time>2026-03-03T07:39:37Z</time></trkpt><trkpt lat="60.230047" lon="24.938675"><ele>32.0</ele><time>2026-03-03T07:39:38Z</time><extensions><gpxtpx:TrackPointExtension><gpxtpx:hr>83</gpxtpx:hr></gpxtpx:TrackPointExtension></extensions></trkpt><trkpt lat="60.230037" lon="24.938695"><ele>32.2</ele><time>2026-03-03T07:39:39Z</time></trkpt><trkpt lat="60.230028" lon="24.938715"><ele>32.5</ele><time>2026-03-03T07:39:40Z</time></trkpt><trkpt lat="60.23002" lon="24.938738"><ele>32.5</ele><time>2026-03-03T07:39:41Z</time></trkpt><trkpt lat="60.230015" lon="24.938762"><ele>32.2</ele><time>2026-03-03T07:39:42Z</time></trkpt><trkpt lat="60.230008" lon="24.938787"><ele>32.1</ele><time>2026-03-03T07:39:43Z</time><extensions><gpxtpx:TrackPointExtension><gpxtpx:hr>83</gpxtpx:hr></gpxtpx:TrackPointExtension></extensions></trkpt><trkpt lat="60.230003" lon="24.938813"><ele>32.2</ele><time>2026-03-03T07:39:44Z</time></trkpt><trkpt lat="60.229998" lon="24.93884"><ele>31.8</ele><time>2026-03-03T07:39:45Z</time><extensions><gpxtpx:TrackPointExtension><gpxtpx:hr>83</gpxtpx:hr></gpxtpx:TrackPointExtension></extensions></trkpt><trkpt lat="60.229995" lon="24.938868"><ele>31.6</ele><time>2026-03-03T07:39:46Z</time></trkpt><trkpt lat="60.229992" lon="24.938897"><ele>31.6</ele><time>2026-03-03T07:39:47Z</time></trkpt><trkpt lat="60.229985" lon="24.938922"><ele>31.8</ele><time>2026-03-03T07:39:48Z</time></trkpt><trkpt lat="60.22998" lon="24.938948"><ele>31.8</ele><time>2026-03-03T07:39:49Z</time><extensions><gpxtpx:TrackPointExtension><gpxtpx:hr>83</gpxtpx:hr></gpxtpx:TrackPointExtension></extensions></trkpt><trkpt lat="60.229975" lon="24.938977"><ele>31.5</ele><time>2026-03-03T07:39:50Z</time></trkpt><trkpt lat="60.229972" lon="24.939005"><ele>31.1</ele><time>2026-03-03T07:39:51Z</time></trkpt><trkpt lat="60.229967" lon="24.939032"><ele>30.7</ele><time>2026-03-03T07:39:52Z</time></trkpt><trkpt lat="60.22996" lon="24.939055"><ele>31.2</ele><time>2026-03-03T07:39:53Z</time></trkpt><trkpt lat="60.229957" lon="24.939083"><ele>31.2</ele><time>2026-03-03T07:39:54Z</time></trkpt><trkpt lat="60.229952" lon="24.93911"><ele>31.1</ele><time>2026-03-03T07:39:55Z</time><extensions><gpxtpx:TrackPointExtension><gpxtpx:hr>82</gpxtpx:hr></gpxtpx:TrackPointExtension></extensions></trkpt><trkpt lat="60.229945" lon="24.939135"><ele>31.1</ele><time>2026-03-03T07:39:56Z</time></trkpt><trkpt lat="60.229942" lon="24.939168"><ele>31.2</ele><time>2026-03-03T07:39:57Z</time></trkpt><trkpt lat="60.229937" lon="24.939197"><ele>31.2</ele><time>2026-03-03T07:39:58Z</time></trkpt><trkpt lat="60.229933" lon="24.939223"><ele>31.3</ele><time>2026-03-03T07:39:59Z</time><extensions><gpxtpx:TrackPointExtension><gpxtpx:hr>82</gpxtpx:hr></gpxtpx:TrackPointExtension></extensions></trkpt><trkpt lat="60.229927" lon="24.939248"><ele>31.3</ele><time>2026-03-03T07:40:00Z</time></trkpt><trkpt lat="60.229922" lon="24.939273"><ele>31.0</ele><time>2026-03-03T07:40:01Z</time></trkpt><trkpt lat="60.229917" lon="24.939308"><ele>31.1</ele><time>2026-03-03T07:40:02Z</time></trkpt><trkpt lat="60.229912" lon="24.93933"><ele>31.4</ele><time>2026-03-03T07:40:03Z</time></trkpt><trkpt lat="60.229908" lon="24.939357"><ele>31.3</ele><time>2026-03-03T07:40:04Z</time></trkpt><trkpt lat="60.229903" lon="24.939377"><ele>31.4</ele><time>2026-03-03T07:40:05Z</time><extensions><gpxtpx:TrackPointExtension><gpxtpx:hr>82</gpxtpx:hr></gpxtpx:TrackPointExtension></extensions></trkpt><trkpt lat="60.229898" lon="24.939402"><ele>31.2</ele><time>2026-03-03T07:40:06Z</time></trkpt><trkpt lat="60.22989" lon="24.939427"><ele>31.4</ele><time>2026-03-03T07:40:07Z</time></trkpt><trkpt lat="60.22988" lon="24.93945"><ele>31.7</ele><time>2026-03-03T07:40:08Z</time></trkpt><trkpt lat="60.229875" lon="24.939477"><ele>31.5</ele><time>2026-03-03T07:40:09Z</time><extensions><gpxtpx:TrackPointExtension><gpxtpx:hr>83</gpxtpx:hr></gpxtpx:TrackPointExtension></extensions></trkpt><trkpt lat="60.22987" lon="24.939505"><ele>31.8</ele><time>2026-03-03T07:40:10Z</time></trkpt><trkpt lat="60.229867" lon="24.939537"><ele>31.9</ele><time>2026-03-03T07:40:11Z</time></trkpt><trkpt lat="60.229865" lon="24.939565"><ele>31.6</ele><time>2026-03-03T07:40:12Z</time></trkpt><trkpt lat="60.229863" lon="24.939593"><ele>31.3</ele><time>2026-03-03T07:40:13Z</time></trkpt><trkpt lat="60.22986" lon="24.939615"><ele>30.9</ele><time>2026-03-03T07:40:14Z</time></trkpt><trkpt lat="60.229855" lon="24.939637"><ele>31.5</ele><time>2026-03-03T07:40:15Z</time><extensions><gpxtpx:TrackPointExtension><gpxtpx:hr>82</gpxtpx:hr></gpxtpx:TrackPointExtension></extensions></trkpt><trkpt lat="60.229852" lon="24.93967"><ele>30.8</ele><time>2026-03-03T07:40:16Z</time></trkpt><trkpt lat="60.22985" lon="24.939708"><ele>31.0</ele><time>2026-03-03T07:40:17Z</time></trkpt><trkpt lat="60.229848" lon="24.939732"><ele>31.0</ele><time>2026-03-03T07:40:18Z</time></trkpt><trkpt lat="60.229845" lon="24.939758"><ele>30.9</ele><time>2026-03-03T07:40:19Z</time></trkpt><trkpt lat="60.229842" lon="24.939785"><ele>30.9</ele><time>2026-03-03T07:40:20Z</time></trkpt><trkpt lat="60.229835" lon="24.939807"><ele>31.4</ele><time>2026-03-03T07:40:21Z</time></trkpt><trkpt lat="60.22983" lon="24.939835"><ele>31.4</ele><time>2026-03-03T07:40:22Z</time></trkpt><trkpt lat="60.229828" lon="24.939863"><ele>31.6</ele><time>2026-03-03T07:40:23Z</time><extensions><gpxtpx:TrackPointExtension><gpxtpx:hr>85</gpxtpx:hr></gpxtpx:TrackPointExtension></extensions></trkpt><trkpt lat="60.229828" lon="24.939893"><ele>32.1</ele><time>2026-03-03T07:40:24Z</time></trkpt><trkpt lat="60.229827" lon="24.939923"><ele>31.8</ele><time>2026-03-03T07:40:25Z</time><extensions><gpxtpx:TrackPointExtension><gpxtpx:hr>87</gpxtpx:hr></gpxtpx:TrackPointExtension></extensions></trkpt><trkpt lat="60.229825" lon="24.93995"><ele>31.4</ele><time>2026-03-03T07:40:26Z</time></trkpt><trkpt lat="60.229823" lon="24.939977"><ele>31.2</ele><time>2026-03-03T07:40:27Z</time></trkpt><trkpt lat="60.229822" lon="24.940002"><ele>31.2</ele><time>2026-03-03T07:40:28Z</time></trkpt><trkpt lat="60.229818" lon="24.940032"><ele>30.7</ele><time>2026-03-03T07:40:29Z</time></trkpt><trkpt lat="60.229815" lon="24.940065"><ele>30.7</ele><time>2026-03-03T07:40:30Z</time><extensions><gpxtpx:TrackPointExtension><gpxtpx:hr>87</gpxtpx:hr></gpxtpx:TrackPointExtension></extensions></trkpt><trkpt lat="60.229813" lon="24.940093"><ele>30.8</ele><time>2026-03-03T07:40:31Z</time></trkpt><trkpt lat="60.229815" lon="24.940122"><ele>30.9</ele><time>2026-03-03T07:40:32Z</time></trkpt><trkpt lat="60.229813" lon="24.94015"><ele>31.3</ele><time>2026-03-03T07:40:33Z</time></trkpt><trkpt lat="60.229813" lon="24.940178"><ele>30.9</ele><time>2026-03-03T07:40:34Z</time></trkpt><trkpt lat="60.22981" lon="24.940203"><ele>31.0</ele><time>2026-03-03T07:40:35Z</time></trkpt><trkpt lat="60.229808" lon="24.94023"><ele>31.0</ele><time>2026-03-03T07:40:36Z</time><extensions><gpxtpx:TrackPointExtension><gpxtpx:hr>86</gpxtpx:hr></gpxtpx:TrackPointExtension></extensions></trkpt><trkpt lat="60.229812" lon="24.940255"><ele>31.2</ele><time>2026-03-03T07:40:37Z</time></trkpt><trkpt lat="60.229815" lon="24.940292"><ele>31.3</ele><time>2026-03-03T07:40:38Z</time></trkpt><trkpt lat="60.229815" lon="24.940313"><ele>31.1</ele><time>2026-03-03T07:40:39Z</time><extensions><gpxtpx:TrackPointExtension><gpxtpx:hr>86</gpxtpx:hr></gpxtpx:TrackPointExtension></extensions></trkpt><trkpt lat="60.229818" lon="24.940337"><ele>31.3</ele><time>2026-03-03T07:40:40Z</time></trkpt><trkpt lat="60.229818" lon="24.940358"><ele>31.4</ele><time>2026-03-03T07:40:41Z</time></trkpt><trkpt lat="60.229815" lon="24.940385"><ele>31.8</ele><time>2026-03-03T07:40:42Z</time></trkpt><trkpt lat="60.229817" lon="24.94041"><ele>32.2</ele><time>2026-03-03T07:40:43Z</time></trkpt><trkpt lat="60.229818" lon="24.94044"><ele>31.8</ele><time>2026-03-03T07:40:44Z</time><extensions><gpxtpx:TrackPointExtension><gpxtpx:hr>86</gpxtpx:hr></gpxtpx:TrackPointExtension></extensions></trkpt><trkpt lat="60.22982" lon="24.940467"><ele>31.6</ele><time>2026-03-03T07:40:45Z</time></trkpt><trkpt lat="60.229822" lon="24.940485"><ele>31.6</ele><time>2026-03-03T07:40:46Z</time></trkpt><trkpt lat="60.229818" lon="24.9405"><ele>31.7</ele><time>2026-03-03T07:40:47Z</time></trkpt><trkpt lat="60.22981" lon="24.94052"><ele>31.5</ele><time>2026-03-03T07:40:48Z</time></trkpt><trkpt lat="60.229803" lon="24.940548"><ele>32.0</ele><time>2026-03-03T07:40:49Z</time><extensions><gpxtpx:TrackPointExtension><gpxtpx:hr>88</gpxtpx:hr></gpxtpx:TrackPointExtension></extensions></trkpt><trkpt lat="60.229792" lon="24.940575"><ele>32.6</ele><time>2026-03-03T07:40:50Z</time></trkpt><trkpt lat="60.22979" lon="24.940605"><ele>32.9</ele><time>2026-03-03T07:40:51Z</time></trkpt><trkpt lat="60.229795" lon="24.940635"><ele>33.1</ele><time>2026-03-03T07:40:52Z</time></trkpt><trkpt lat="60.229797" lon="24.94066"><ele>33.0</ele><time>2026-03-03T07:40:53Z</time></trkpt><trkpt lat="60.2298" lon="24.940687"><ele>32.5</ele><time>2026-03-03T07:40:54Z</time></trkpt><trkpt lat="60.229798" lon="24.940717"><ele>32.4</ele><time>2026-03-03T07:40:55Z</time></trkpt><trkpt lat="60.229803" lon="24.940748"><ele>32.4</ele><time>2026-03-03T07:40:56Z</time></trkpt><trkpt lat="60.229802" lon="24.940777"><ele>32.2</ele><time>2026-03-03T07:40:57Z</time></trkpt><trkpt lat="60.229802" lon="24.940807"><ele>32.2</ele><time>2026-03-03T07:40:58Z</time><extensions><gpxtpx:TrackPointExtension><gpxtpx:hr>88</gpxtpx:hr></gpxtpx:TrackPointExtension></extensions></trkpt><trkpt lat="60.229802" lon="24.940835"><ele>32.3</ele><time>2026-03-03T07:40:59Z</time></trkpt><trkpt lat="60.229798" lon="24.940865"><ele>32.3</ele><time>2026-03-03T07:41:00Z</time></trkpt><trkpt lat="60.2298" lon="24.940892"><ele>32.2</ele><time>2026-03-03T07:41:01Z</time></trkpt><trkpt lat="60.2298" lon="24.940915"><ele>31.8</ele><time>2026-03-03T07:41:02Z</time><extensions><gpxtpx:TrackPointExtension><gpxtpx:hr>86</gpxtpx:hr></gpxtpx:TrackPointExtension></extensions></trkpt><trkpt lat="60.229802" lon="24.940945"><ele>31.8</ele><time>2026-03-03T07:41:03Z</time></trkpt><trkpt lat="60.229798" lon="24.940977"><ele>32.2</ele><time>2026-03-03T07:41:04Z</time></trkpt><trkpt lat="60.229798" lon="24.94101"><ele>32.0</ele><time>2026-03-03T07:41:05Z</time></trkpt><trkpt lat="60.229798" lon="24.941042"><ele>32.3</ele><time>2026-03-03T07:41:06Z</time></trkpt><trkpt lat="60.229797" lon="24.941067"><ele>31.9</ele><time>2026-03-03T07:41:07Z</time></trkpt><trkpt lat="60.229798" lon="24.941093"><ele>31.7</ele><time>2026-03-03T07:41:08Z</time><extensions><gpxtpx:TrackPointExtension><gpxtpx:hr>88</gpxtpx:hr></gpxtpx:TrackPointExtension></extensions></trkpt><trkpt lat="60.229795" lon="24.941123"><ele>31.5</ele><time>2026-03-03T07:41:09Z</time></trkpt><trkpt lat="60.229798" lon="24.941152"><ele>31.2</ele><time>2026-03-03T07:41:10Z</time><extensions><gpxtpx:TrackPointExtension><gpxtpx:hr>88</gpxtpx:hr></gpxtpx:TrackPointExtension></extensions></trkpt><trkpt lat="60.2298" lon="24.941178"><ele>30.8</ele><time>2026-03-03T07:41:11Z</time></trkpt><trkpt lat="60.229798" lon="24.941205"><ele>30.8</ele><time>2026-03-03T07:41:12Z</time></trkpt><trkpt lat="60.2298" lon="24.94123"><ele>30.7</ele><time>2026-03-03T07:41:13Z</time></trkpt><trkpt lat="60.2298" lon="24.941253"><ele>30.8</ele><time>2026-03-03T07:41:14Z</time></trkpt><trkpt lat="60.2298" lon="24.941278"><ele>31.1</ele><time>2026-03-03T07:41:15Z</time></trkpt><trkpt lat="60.229797" lon="24.941303"><ele>31.8</ele><time>2026-03-03T07:41:16Z</time><extensions><gpxtpx:TrackPointExtension><gpxtpx:hr>87</gpxtpx:hr></gpxtpx:TrackPointExtension></extensions></trkpt><trkpt lat="60.229792" lon="24.94133"><ele>32.0</ele><time>2026-03-03T07:41:17Z</time></trkpt><trkpt lat="60.22979" lon="24.941353"><ele>32.6</ele><time>2026-03-03T07:41:18Z</time></trkpt><trkpt lat="60.229785" lon="24.941377"><ele>32.8</ele><time>2026-03-03T07:41:19Z</time></trkpt><trkpt lat="60.229782" lon="24.941403"><ele>33.0</ele><time>2026-03-03T07:41:20Z</time></trkpt><trkpt lat="60.229782" lon="24.941432"><ele>32.9</ele><time>2026-03-03T07:41:21Z</time></trkpt><trkpt lat="60.229783" lon="24.94146"><ele>32.8</ele><time>2026-03-03T07:41:22Z</time><extensions><gpxtpx:TrackPointExtension><gpxtpx:hr>88</gpxtpx:hr></gpxtpx:TrackPointExtension></extensions></trkpt><trkpt lat="60.229783" lon="24.941488"><ele>32.4</ele><time>2026-03-03T07:41:23Z</time></trkpt><trkpt lat="60.229783" lon="24.941518"><ele>32.2</ele><time>2026-03-03T07:41:24Z</time></trkpt><trkpt lat="60.22978" lon="24.941542"><ele>32.1</ele><time>2026-03-03T07:41:25Z</time></trkpt><trkpt lat="60.229777" lon="24.941567"><ele>32.5</ele><time>2026-03-03T07:41:26Z</time></trkpt><trkpt lat="60.229775" lon="24.941597"><ele>32.7</ele><time>2026-03-03T07:41:27Z</time></trkpt><trkpt lat="60.229775" lon="24.941627"><ele>32.3</ele><time>2026-03-03T07:41:28Z</time><extensions><gpxtpx:TrackPointExtension><gpxtpx:hr>86</gpxtpx:hr></gpxtpx:TrackPointExtension></extensions></trkpt><trkpt lat="60.229772" lon="24.941657"><ele>31.9</ele><time>2026-03-03T07:41:29Z</time></trkpt><trkpt lat="60.22977" lon="24.941683"><ele>31.9</ele><time>2026-03-03T07:41:30Z</time><extensions><gpxtpx:TrackPointExtension><gpxtpx:hr>86</gpxtpx:hr></gpxtpx:TrackPointExtension></extensions></trkpt><trkpt lat="60.22977" lon="24.94171"><ele>31.7</ele><time>2026-03-03T07:41:31Z</time></trkpt><trkpt lat="60.22977" lon="24.941732"><ele>31.4</ele><time>2026-03-03T07:41:32Z</time></trkpt><trkpt lat="60.229767" lon="24.941753"><ele>31.6</ele><time>2026-03-03T07:41:33Z</time></trkpt><trkpt lat="60.229767" lon="24.941782"><ele>31.4</ele><time>2026-03-03T07:41:34Z</time><extensions><gpxtpx:TrackPointExtension><gpxtpx:hr>86</gpxtpx:hr></gpxtpx:TrackPointExtension></extensions></trkpt><trkpt lat="60.229765" lon="24.941812"><ele>31.4</ele><time>2026-03-03T07:41:35Z</time></trkpt><trkpt lat="60.229763" lon="24.941837"><ele>31.4</ele><time>2026-03-03T07:41:36Z</time></trkpt><trkpt lat="60.229763" lon="24.941865"><ele>31.2</ele><time>2026-03-03T07:41:37Z</time></trkpt><trkpt lat="60.229762" lon="24.941895"><ele>31.1</ele><time>2026-03-03T07:41:38Z</time></trkpt><trkpt lat="60.229757" lon="24.941922"><ele>31.1</ele><time>2026-03-03T07:41:39Z</time></trkpt><trkpt lat="60.22975" lon="24.941947"><ele>30.9</ele><time>2026-03-03T07:41:40Z</time></trkpt><trkpt lat="60.229747" lon="24.941973"><ele>30.7</ele><time>2026-03-03T07:41:41Z</time><extensions><gpxtpx:TrackPointExtension><gpxtpx:hr>87</gpxtpx:hr></gpxtpx:TrackPointExtension></extensions></trkpt><trkpt lat="60.229742" lon="24.941997"><ele>30.8</ele><time>2026-03-03T07:41:42Z</time></trkpt><trkpt lat="60.229735" lon="24.942017"><ele>30.8</ele><time>2026-03-03T07:41:43Z</time></trkpt><trkpt lat="60.229733" lon="24.942042"><ele>30.7</ele><time>2026-03-03T07:41:44Z</time><extensions><gpxtpx:TrackPointExtension><gpxtpx:hr>87</gpxtpx:hr></gpxtpx:TrackPointExtension></extensions></trkpt><trkpt lat="60.229727" lon="24.942065"><ele>31.1</ele><time>2026-03-03T07:41:45Z</time></trkpt><trkpt lat="60.229722" lon="24.94209"><ele>30.9</ele><time>2026-03-03T07:41:46Z</time></trkpt><trkpt lat="60.229715" lon="24.942113"><ele>31.4</ele><time>2026-03-03T07:41:47Z</time></trkpt><trkpt lat="60.229712" lon="24.942137"><ele>31.4</ele><time>2026-03-03T07:41:48Z</time></trkpt><trkpt lat="60.22971" lon="24.942165"><ele>31.6</ele><time>2026-03-03T07:41:49Z</time><extensions><gpxtpx:TrackPointExtension><gpxtpx:hr>87</gpxtpx:hr></gpxtpx:TrackPointExtension></extensions></trkpt><trkpt lat="60.229712" lon="24.942197"><ele>31.5</ele><time>2026-03-03T07:41:50Z</time></trkpt><trkpt lat="60.229713" lon="24.942228"><ele>31.5</ele><time>2026-03-03T07:41:51Z</time></trkpt><trkpt lat="60.229708" lon="24.942253"><ele>32.0</ele><time>2026-03-03T07:41:52Z</time></trkpt><trkpt lat="60.229707" lon="24.942277"><ele>32.2</ele><time>2026-03-03T07:41:53Z</time></trkpt><trkpt lat="60.229705" lon="24.942302"><ele>32.5</ele><time>2026-03-03T07:41:54Z</time><extensions><gpxtpx:TrackPointExtension><gpxtpx:hr>87</gpxtpx:hr></gpxtpx:TrackPointExtension></extensions></trkpt><trkpt lat="60.229703" lon="24.942323"><ele>32.4</ele><time>2026-03-03T07:41:55Z</time></trkpt><trkpt lat="60.229703" lon="24.942352"><ele>32.4</ele><time>2026-03-03T07:41:56Z</time></trkpt><trkpt lat="60.229703" lon="24.942377"><ele>32.7</ele><time>2026-03-03T07:41:57Z</time></trkpt><trkpt lat="60.2297" lon="24.942398"><ele>32.9</ele><time>2026-03-03T07:41:58Z</time></trkpt><trkpt lat="60.229702" lon="24.942428"><ele>33.0</ele><time>2026-03-03T07:41:59Z</time></trkpt><trkpt lat="60.229705" lon="24.942462"><ele>33.4</ele><time>2026-03-03T07:42:00Z</time><extensions><gpxtpx:TrackPointExtension><gpxtpx:hr>85</gpxtpx:hr></gpxtpx:TrackPointExtension></extensions></trkpt><trkpt lat="60.229708" lon="24.94249"><ele>32.8</ele><time>2026-03-03T07:42:01Z</time></trkpt><trkpt lat="60.229713" lon="24.942512"><ele>32.8</ele><time>2026-03-03T07:42:02Z</time></trkpt><trkpt lat="60.229715" lon="24.94254"><ele>32.8</ele><time>2026-03-03T07:42:03Z</time></trkpt><trkpt lat="60.229715" lon="24.942563"><ele>33.2</ele><time>2026-03-03T07:42:04Z</time></trkpt><trkpt lat="60.229712" lon="24.94259"><ele>32.7</ele><time>2026-03-03T07:42:05Z</time></trkpt><trkpt lat="60.229713" lon="24.942622"><ele>32.8</ele><time>2026-03-03T07:42:06Z</time><extensions><gpxtpx:TrackPointExtension><gpxtpx:hr>89</gpxtpx:hr></gpxtpx:TrackPointExtension></extensions></trkpt><trkpt lat="60.229715" lon="24.942648"><ele>32.8</ele><time>2026-03-03T07:42:07Z</time></trkpt><trkpt lat="60.229715" lon="24.942682"><ele>32.6</ele><time>2026-03-03T07:42:08Z</time></trkpt><trkpt lat="60.229715" lon="24.94271"><ele>32.6</ele><time>2026-03-03T07:42:09Z</time></trkpt><trkpt lat="60.229713" lon="24.942738"><ele>32.6</ele><time>2026-03-03T07:42:10Z</time><extensions><gpxtpx:TrackPointExtension><gpxtpx:hr>88</gpxtpx:hr></gpxtpx:TrackPointExtension></extensions></trkpt><trkpt lat="60.229713" lon="24.942767"><ele>32.4</ele><time>2026-03-03T07:42:11Z</time></trkpt><trkpt lat="60.229707" lon="24.942798"><ele>32.7</ele><time>2026-03-03T07:42:12Z</time></trkpt><trkpt lat="60.229705" lon="24.942825"><ele>32.9</ele><time>2026-03-03T07:42:13Z</time></trkpt><trkpt lat="60.229708" lon="24.942852"><ele>32.6</ele><time>2026-03-03T07:42:14Z</time></trkpt><trkpt lat="60.22971" lon="24.942878"><ele>32.5</ele><time>2026-03-03T07:42:15Z</time></trkpt><trkpt lat="60.229705" lon="24.94291"><ele>32.7</ele><time>2026-03-03T07:42:16Z</time></trkpt><trkpt lat="60.229705" lon="24.942937"><ele>32.9</ele><time>2026-03-03T07:42:17Z</time></trkpt><trkpt lat="60.229707" lon="24.942963"><ele>32.9</ele><time>2026-03-03T07:42:18Z</time><extensions><gpxtpx:TrackPointExtension><gpxtpx:hr>86</gpxtpx:hr></gpxtpx:TrackPointExtension></extensions></trkpt><trkpt lat="60.229707" lon="24.942987"><ele>33.2</ele><time>2026-03-03T07:42:19Z</time></trkpt><trkpt lat="60.229707" lon="24.943015"><ele>33.4</ele><time>2026-03-03T07:42:20Z</time><extensions><gpxtpx:TrackPointExtension><gpxtpx:hr>86</gpxtpx:hr></gpxtpx:TrackPointExtension></extensions></trkpt><trkpt lat="60.229707" lon="24.943047"><ele>33.5</ele><time>2026-03-03T07:42:21Z</time></trkpt><trkpt lat="60.229708" lon="24.943078"><ele>33.6</ele><time>2026-03-03T07:42:22Z</time></trkpt><trkpt lat="60.22971" lon="24.943107"><ele>33.4</ele><time>2026-03-03T07:42:23Z</time></trkpt><trkpt lat="60.229712" lon="24.943135"><ele>33.0</ele><time>2026-03-03T07:42:24Z</time></trkpt><trkpt lat="60.22971" lon="24.943163"><ele>33.2</ele><time>2026-03-03T07:42:25Z</time></trkpt><trkpt lat="60.229708" lon="24.943192"><ele>33.1</ele><time>2026-03-03T07:42:26Z</time></trkpt><trkpt lat="60.229708" lon="24.943223"><ele>33.2</ele><time>2026-03-03T07:42:27Z</time></trkpt><trkpt lat="60.229707" lon="24.94325"><ele>33.3</ele><time>2026-03-03T07:42:28Z</time><extensions><gpxtpx:TrackPointExtension><gpxtpx:hr>87</gpxtpx:hr></gpxtpx:TrackPointExtension></extensions></trkpt><trkpt lat="60.229707" lon="24.94328"><ele>33.5</ele><time>2026-03-03T07:42:29Z</time><extensions><gpxtpx:TrackPointExtension><gpxtpx:hr>87</gpxtpx:hr></gpxtpx:TrackPointExtension></extensions></trkpt><trkpt lat="60.22971" lon="24.94331"><ele>33.5</ele><time>2026-03-03T07:42:30Z</time></trkpt><trkpt lat="60.229713" lon="24.943338"><ele>33.3</ele><time>2026-03-03T07:42:31Z</time></trkpt><trkpt lat="60.229718" lon="24.943365"><ele>32.4</ele><time>2026-03-03T07:42:32Z</time></trkpt><trkpt lat="60.22972" lon="24.943392"><ele>32.5</ele><time>2026-03-03T07:42:33Z</time></trkpt><trkpt lat="60.229722" lon="24.94342"><ele>32.8</ele><time>2026-03-03T07:42:34Z</time><extensions><gpxtpx:TrackPointExtension><gpxtpx:hr>88</gpxtpx:hr></gpxtpx:TrackPointExtension></extensions></trkpt><trkpt lat="60.229722" lon="24.943447"><ele>32.9</ele><time>2026-03-03T07:42:35Z</time></trkpt><trkpt lat="60.229723" lon="24.943475"><ele>33.5</ele><time>2026-03-03T07:42:36Z</time></trkpt><trkpt lat="60.229725" lon="24.943505"><ele>33.6</ele><time>2026-03-03T07:42:37Z</time></trkpt><trkpt lat="60.229727" lon="24.943532"><ele>33.5</ele><time>2026-03-03T07:42:38Z</time></trkpt><trkpt lat="60.229727" lon="24.943558"><ele>33.8</ele><time>2026-03-03T07:42:39Z</time></trkpt><trkpt lat="60.229728" lon="24.943588"><ele>34.4</ele><time>2026-03-03T07:42:40Z</time><extensions><gpxtpx:TrackPointExtension><gpxtpx:hr>90</gpxtpx:hr></gpxtpx:TrackPointExtension></extensions></trkpt><trkpt lat="60.22973" lon="24.943618"><ele>34.4</ele><time>2026-03-03T07:42:41Z</time></trkpt><trkpt lat="60.229733" lon="24.943647"><ele>34.5</ele><time>2026-03-03T07:42:42Z</time></trkpt><trkpt lat="60.22974" lon="24.943675"><ele>34.2</ele><time>2026-03-03T07:42:43Z</time></trkpt><trkpt lat="60.229745" lon="24.943705"><ele>34.0</ele><time>2026-03-03T07:42:44Z</time><extensions><gpxtpx:TrackPointExtension><gpxtpx:hr>88</gpxtpx:hr></gpxtpx:TrackPointExtension></extensions></trkpt><trkpt lat="60.229748" lon="24.943733"><ele>34.0</ele><time>2026-03-03T07:42:45Z</time></trkpt><trkpt lat="60.229747" lon="24.943762"><ele>34.3</ele><time>2026-03-03T07:42:46Z</time></trkpt><trkpt lat="60.22975" lon="24.94379"><ele>34.7</ele><time>2026-03-03T07:42:47Z</time></trkpt><trkpt lat="60.229752" lon="24.943817"><ele>34.7</ele><time>2026-03-03T07:42:48Z</time></trkpt><trkpt lat="60.229752" lon="24.943843"><ele>34.4</ele><time>2026-03-03T07:42:49Z</time></trkpt><trkpt lat="60.229753" lon="24.94387"><ele>34.6</ele><time>2026-03-03T07:42:50Z</time></trkpt><trkpt lat="60.229753" lon="24.943897"><ele>34.9</ele><time>2026-03-03T07:42:51Z</time><extensions><gpxtpx:TrackPointExtension><gpxtpx:hr>88</gpxtpx:hr></gpxtpx:TrackPointExtension></extensions></trkpt><trkpt lat="60.229753" lon="24.943923"><ele>35.1</ele><time>2026-03-03T07:42:52Z</time></trkpt><trkpt lat="60.229757" lon="24.943952"><ele>34.8</ele><time>2026-03-03T07:42:53Z</time></trkpt><trkpt lat="60.229757" lon="24.94398"><ele>34.7</ele><time>2026-03-03T07:42:54Z</time><extensions><gpxtpx:TrackPointExtension><gpxtpx:hr>88</gpxtpx:hr></gpxtpx:TrackPointExtension></extensions></trkpt><trkpt lat="60.229757" lon="24.944007"><ele>34.7</ele><time>2026-03-03T07:42:55Z</time></trkpt><trkpt lat="60.229755" lon="24.944033"><ele>34.6</ele><time>2026-03-03T07:42:56Z</time></trkpt><trkpt lat="60.229758" lon="24.944058"><ele>34.3</ele><time>2026-03-03T07:42:57Z</time></trkpt><trkpt lat="60.22976" lon="24.94408"><ele>34.4</ele><time>2026-03-03T07:42:58Z</time></trkpt><trkpt lat="60.229762" lon="24.944107"><ele>34.3</ele><time>2026-03-03T07:42:59Z</time><extensions><gpxtpx:TrackPointExtension><gpxtpx:hr>90</gpxtpx:hr></gpxtpx:TrackPointExtension></extensions></trkpt><trkpt lat="60.229762" lon="24.944133"><ele>34.4</ele><time>2026-03-03T07:43:00Z</time></trkpt><trkpt lat="60.229762" lon="24.944158"><ele>34.6</ele><time>2026-03-03T07:43:01Z</time></trkpt><trkpt lat="60.229762" lon="24.944183"><ele>34.9</ele><time>2026-03-03T07:43:02Z</time></trkpt><trkpt lat="60.229763" lon="24.944215"><ele>35.0</ele><time>2026-03-03T07:43:03Z</time></trkpt><trkpt lat="60.229767" lon="24.944243"><ele>35.2</ele><time>2026-03-03T07:43:04Z</time></trkpt><trkpt lat="60.229772" lon="24.944272"><ele>35.0</ele><time>2026-03-03T07:43:05Z</time></trkpt><trkpt lat="60.22977" lon="24.944303"><ele>35.0</ele><time>2026-03-03T07:43:06Z</time></trkpt><trkpt lat="60.22977" lon="24.944328"><ele>35.2</ele><time>2026-03-03T07:43:07Z</time></trkpt><trkpt lat="60.229777" lon="24.944358"><ele>35.3</ele><time>2026-03-03T07:43:08Z</time><extensions><gpxtpx:TrackPointExtension><gpxtpx:hr>88</gpxtpx:hr></gpxtpx:TrackPointExtension></extensions></trkpt><trkpt lat="60.22978" lon="24.944387"><ele>35.5</ele><time>2026-03-03T07:43:09Z</time><extensions><gpxtpx:TrackPointExtension><gpxtpx:hr>87</gpxtpx:hr></gpxtpx:TrackPointExtension></extensions></trkpt><trkpt lat="60.229785" lon="24.944415"><ele>35.0</ele><time>2026-03-03T07:43:10Z</time></trkpt><trkpt lat="60.229787" lon="24.944443"><ele>35.1</ele><time>2026-03-03T07:43:11Z</time></trkpt><trkpt lat="60.229787" lon="24.944477"><ele>35.7</ele><time>2026-03-03T07:43:12Z</time></trkpt><trkpt lat="60.22979" lon="24.944502"><ele>35.7</ele><time>2026-03-03T07:43:13Z</time></trkpt><trkpt lat="60.229792" lon="24.944528"><ele>36.0</ele><time>2026-03-03T07:43:14Z</time><extensions><gpxtpx:TrackPointExtension><gpxtpx:hr>88</gpxtpx:hr></gpxtpx:TrackPointExtension></extensions></trkpt><trkpt lat="60.229795" lon="24.944557"><ele>35.8</ele><time>2026-03-03T07:43:15Z</time></trkpt><trkpt lat="60.229795" lon="24.94458"><ele>35.9</ele><time>2026-03-03T07:43:16Z</time></trkpt><trkpt lat="60.229793" lon="24.944605"><ele>35.9</ele><time>2026-03-03T07:43:17Z</time></trkpt><trkpt lat="60.229795" lon="24.94464"><ele>36.1</ele><time>2026-03-03T07:43:18Z</time></trkpt><trkpt lat="60.229798" lon="24.944663"><ele>36.0</ele><time>2026-03-03T07:43:19Z</time></trkpt><trkpt lat="60.229797" lon="24.944682"><ele>35.9</ele><time>2026-03-03T07:43:20Z</time><extensions><gpxtpx:TrackPointExtension><gpxtpx:hr>88</gpxtpx:hr></gpxtpx:TrackPointExtension></extensions></trkpt><trkpt lat="60.229798" lon="24.944712"><ele>36.2</ele><time>2026-03-03T07:43:21Z</time></trkpt><trkpt lat="60.2298" lon="24.944748"><ele>36.6</ele><time>2026-03-03T07:43:22Z</time></trkpt><trkpt lat="60.229805" lon="24.944778"><ele>36.9</ele><time>2026-03-03T07:43:23Z</time></trkpt><trkpt lat="60.229812" lon="24.944807"><ele>36.4</ele><time>2026-03-03T07:43:24Z</time></trkpt><trkpt lat="60.229813" lon="24.944835"><ele>36.1</ele><time>2026-03-03T07:43:25Z</time><extensions><gpxtpx:TrackPointExtension><gpxtpx:hr>88</gpxtpx:hr></gpxtpx:TrackPointExtension></extensions></trkpt><trkpt lat="60.229815" lon="24.944865"><ele>36.4</ele><time>2026-03-03T07:43:26Z</time></trkpt><trkpt lat="60.229817" lon="24.944893"><ele>36.7</ele><time>2026-03-03T07:43:27Z</time></trkpt><trkpt lat="60.229823" lon="24.944918"><ele>36.4</ele><time>2026-03-03T07:43:28Z</time></trkpt><trkpt lat="60.229827" lon="24.944948"><ele>36.1</ele><time>2026-03-03T07:43:29Z</time></trkpt><trkpt lat="60.22983" lon="24.944977"><ele>35.9</ele><time>2026-03-03T07:43:30Z</time></trkpt><trkpt lat="60.229832" lon="24.945003"><ele>36.5</ele><time>2026-03-03T07:43:31Z</time></trkpt><trkpt lat="60.229833" lon="24.945032"><ele>36.2</ele><time>2026-03-03T07:43:32Z</time><extensions><gpxtpx:TrackPointExtension><gpxtpx:hr>88</gpxtpx:hr></gpxtpx:TrackPointExtension></extensions></trkpt><trkpt lat="60.229838" lon="24.94506"><ele>36.2</ele><time>2026-03-03T07:43:33Z</time></trkpt><trkpt lat="60.229842" lon="24.945085"><ele>35.9</ele><time>2026-03-03T07:43:34Z</time></trkpt><trkpt lat="60.229843" lon="24.945112"><ele>35.9</ele><time>2026-03-03T07:43:35Z</time></trkpt><trkpt lat="60.229847" lon="24.945142"><ele>35.7</ele><time>2026-03-03T07:43:36Z</time></trkpt><trkpt lat="60.22985" lon="24.945172"><ele>35.5</ele><time>2026-03-03T07:43:37Z</time><extensions><gpxtpx:TrackPointExtension><gpxtpx:hr>87</gpxtpx:hr></gpxtpx:TrackPointExtension></extensions></trkpt><trkpt lat="60.229857" lon="24.945198"><ele>35.8</ele><time>2026-03-03T07:43:38Z</time></trkpt><trkpt lat="60.22986" lon="24.945227"><ele>35.6</ele><time>2026-03-03T07:43:39Z</time><extensions><gpxtpx:TrackPointExtension><gpxtpx:hr>87</gpxtpx:hr></gpxtpx:TrackPointExtension></extensions></trkpt><trkpt lat="60.229863" lon="24.94525"><ele>35.4</ele><time>2026-03-03T07:43:40Z</time></trkpt><trkpt lat="60.229867" lon="24.94528"><ele>35.4</ele><time>2026-03-03T07:43:41Z</time></trkpt><trkpt lat="60.229872" lon="24.945308"><ele>35.7</ele><time>2026-03-03T07:43:42Z</time></trkpt><trkpt lat="60.229875" lon="24.945335"><ele>35.7</ele><time>2026-03-03T07:43:43Z</time></trkpt><trkpt lat="60.229877" lon="24.945362"><ele>35.6</ele><time>2026-03-03T07:43:44Z</time></trkpt><trkpt lat="60.229882" lon="24.945383"><ele>36.4</ele><time>2026-03-03T07:43:45Z</time></trkpt><trkpt lat="60.229885" lon="24.945412"><ele>35.9</ele><time>2026-03-03T07:43:46Z</time></trkpt><trkpt lat="60.229887" lon="24.945445"><ele>35.7</ele><time>2026-03-03T07:43:47Z</time><extensions><gpxtpx:TrackPointExtension><gpxtpx:hr>87</gpxtpx:hr></gpxtpx:TrackPointExtension></extensions></trkpt><trkpt lat="60.229892" lon="24.94547"><ele>35.7</ele><time>2026-03-03T07:43:48Z</time></trkpt><trkpt lat="60.229898" lon="24.945495"><ele>35.5</ele><time>2026-03-03T07:43:49Z</time></trkpt><trkpt lat="60.229902" lon="24.94552"><ele>34.8</ele><time>2026-03-03T07:43:50Z</time></trkpt><trkpt lat="60.229905" lon="24.945547"><ele>34.8</ele><time>2026-03-03T07:43:51Z</time></trkpt><trkpt lat="60.22991" lon="24.945572"><ele>34.9</ele><time>2026-03-03T07:43:52Z</time></trkpt><trkpt lat="60.229913" lon="24.945598"><ele>34.9</ele><time>2026-03-03T07:43:53Z</time><extensions><gpxtpx:TrackPointExtension><gpxtpx:hr>87</gpxtpx:hr></gpxtpx:TrackPointExtension></extensions></trkpt><trkpt lat="60.229917" lon="24.945625"><ele>34.5</ele><time>2026-03-03T07:43:54Z</time></trkpt><trkpt lat="60.229918" lon="24.945652"><ele>34.7</ele><time>2026-03-03T07:43:55Z</time></trkpt><trkpt lat="60.22992" lon="24.945682"><ele>34.9</ele><time>2026-03-03T07:43:56Z</time></trkpt><trkpt lat="60.229927" lon="24.945712"><ele>34.9</ele><time>2026-03-03T07:43:57Z</time></trkpt><trkpt lat="60.229932" lon="24.94574"><ele>35.0</ele><time>2026-03-03T07:43:58Z</time><extensions><gpxtpx:TrackPointExtension><gpxtpx:hr>87</gpxtpx:hr></gpxtpx:TrackPointExtension></extensions></trkpt><trkpt lat="60.229935" lon="24.945768"><ele>35.0</ele><time>2026-03-03T07:43:59Z</time></trkpt><trkpt lat="60.229943" lon="24.945793"><ele>35.0</ele><time>2026-03-03T07:44:00Z</time></trkpt><trkpt lat="60.22995" lon="24.94582"><ele>35.4</ele><time>2026-03-03T07:44:01Z</time></trkpt><trkpt lat="60.229955" lon="24.945845"><ele>35.5</ele><time>2026-03-03T07:44:02Z</time></trkpt><trkpt lat="60.22996" lon="24.94587"><ele>35.7</ele><time>2026-03-03T07:44:03Z</time><extensions><gpxtpx:TrackPointExtension><gpxtpx:hr>86</gpxtpx:hr></gpxtpx:TrackPointExtension></extensions></trkpt><trkpt lat="60.229963" lon="24.9459"><ele>35.4</ele><time>2026-03-03T07:44:04Z</time></trkpt><trkpt lat="60.229973" lon="24.945923"><ele>35.2</ele><time>2026-03-03T07:44:05Z</time></trkpt><trkpt lat="60.229978" lon="24.945947"><ele>35.1</ele><time>2026-03-03T07:44:06Z</time></trkpt><trkpt lat="60.229982" lon="24.94597"><ele>35.3</ele><time>2026-03-03T07:44:07Z</time></trkpt><trkpt lat="60.229982" lon="24.946"><ele>35.4</ele><time>2026-03-03T07:44:08Z</time><extensions><gpxtpx:TrackPointExtension><gpxtpx:hr>86</gpxtpx:hr></gpxtpx:TrackPointExtension></extensions></trkpt><trkpt lat="60.229983" lon="24.946025"><ele>35.9</ele><time>2026-03-03T07:44:09Z</time><extensions><gpxtpx:TrackPointExtension><gpxtpx:hr>86</gpxtpx:hr></gpxtpx:TrackPointExtension></extensions></trkpt><trkpt lat="60.229992" lon="24.946048"><ele>36.2</ele><time>2026-03-03T07:44:10Z</time></trkpt><trkpt lat="60.229997" lon="24.946073"><ele>36.0</ele><time>2026-03-03T07:44:11Z</time></trkpt><trkpt lat="60.23" lon="24.946098"><ele>36.2</ele><time>2026-03-03T07:44:12Z</time></trkpt><trkpt lat="60.23" lon="24.946122"><ele>36.4</ele><time>2026-03-03T07:44:13Z</time></trkpt><trkpt lat="60.23" lon="24.946147"><ele>36.6</ele><time>2026-03-03T07:44:14Z</time></trkpt><trkpt lat="60.229998" lon="24.94616"><ele>37.0</ele><time>2026-03-03T07:44:15Z</time></trkpt><trkpt lat="60.229998" lon="24.946187"><ele>36.7</ele><time>2026-03-03T07:44:16Z</time></trkpt><trkpt lat="60.230002" lon="24.94622"><ele>36.8</ele><time>2026-03-03T07:44:17Z</time></trkpt><trkpt lat="60.230012" lon="24.946252"><ele>37.5</ele><time>2026-03-03T07:44:18Z</time><extensions><gpxtpx:TrackPointExtension><gpxtpx:hr>86</gpxtpx:hr></gpxtpx:TrackPointExtension></extensions></trkpt><trkpt lat="60.230017" lon="24.94628"><ele>37.5</ele><time>2026-03-03T07:44:19Z</time><extensions><gpxtpx:TrackPointExtension><gpxtpx:hr>86</gpxtpx:hr></gpxtpx:TrackPointExtension></extensions></trkpt><trkpt lat="60.230018" lon="24.946308"><ele>37.0</ele><time>2026-03-03T07:44:20Z</time></trkpt><trkpt lat="60.23002" lon="24.946333"><ele>36.7</ele><time>2026-03-03T07:44:21Z</time></trkpt><trkpt lat="60.230022" lon="24.94636"><ele>36.4</ele><time>2026-03-03T07:44:22Z</time></trkpt><trkpt lat="60.23002" lon="24.946385"><ele>37.0</ele><time>2026-03-03T07:44:23Z</time></trkpt><trkpt lat="60.230022" lon="24.94642"><ele>36.5</ele><time>2026-03-03T07:44:24Z</time></trkpt><trkpt lat="60.230018" lon="24.946438"><ele>36.3</ele><time>2026-03-03T07:44:25Z</time></trkpt><trkpt lat="60.230013" lon="24.946452"><ele>36.5</ele><time>2026-03-03T07:44:26Z</time></trkpt><trkpt lat="60.230007" lon="24.946468"><ele>36.5</ele><time>2026-03-03T07:44:27Z</time></trkpt><trkpt lat="60.23" lon="24.94648"><ele>36.4</ele><time>2026-03-03T07:44:28Z</time><extensions><gpxtpx:TrackPointExtension><gpxtpx:hr>87</gpxtpx:hr></gpxtpx:TrackPointExtension></extensions></trkpt><trkpt lat="60.229982" lon="24.946498"><ele>36.0</ele><time>2026-03-03T07:44:29Z</time></trkpt><trkpt lat="60.229972" lon="24.946507"><ele>36.0</ele><time>2026-03-03T07:44:30Z</time><extensions><gpxtpx:TrackPointExtension><gpxtpx:hr>87</gpxtpx:hr></gpxtpx:TrackPointExtension></extensions></trkpt><trkpt lat="60.229958" lon="24.946507"><ele>36.2</ele><time>2026-03-03T07:44:31Z</time></trkpt><trkpt lat="60.229948" lon="24.946508"><ele>36.7</ele><time>2026-03-03T07:44:32Z</time></trkpt><trkpt lat="60.229943" lon="24.946505"><ele>36.8</ele><time>2026-03-03T07:44:33Z</time></trkpt><trkpt lat="60.22993" lon="24.946492"><ele>37.3</ele><time>2026-03-03T07:44:34Z</time><extensions><gpxtpx:TrackPointExtension><gpxtpx:hr>87</gpxtpx:hr></gpxtpx:TrackPointExtension></extensions></trkpt><trkpt lat="60.229907" lon="24.946488"><ele>37.7</ele><time>2026-03-03T07:44:35Z</time></trkpt><trkpt lat="60.2299" lon="24.946507"><ele>37.2</ele><time>2026-03-03T07:44:36Z</time></trkpt><trkpt lat="60.229892" lon="24.946522"><ele>36.6</ele><time>2026-03-03T07:44:37Z</time></trkpt><trkpt lat="60.229885" lon="24.946523"><ele>36.4</ele><time>2026-03-03T07:44:38Z</time></trkpt><trkpt lat="60.229875" lon="24.946527"><ele>36.6</ele><time>2026-03-03T07:44:39Z</time></trkpt><trkpt lat="60.229862" lon="24.946537"><ele>36.6</ele><time>2026-03-03T07:44:40Z</time></trkpt><trkpt lat="60.229853" lon="24.946555"><ele>36.1</ele><time>2026-03-03T07:44:41Z</time></trkpt><trkpt lat="60.229847" lon="24.946562"><ele>36.2</ele><time>2026-03-03T07:44:42Z</time></trkpt><trkpt lat="60.229828" lon="24.946575"><ele>36.6</ele><time>2026-03-03T07:44:43Z</time><extensions><gpxtpx:TrackPointExtension><gpxtpx:hr>87</gpxtpx:hr></gpxtpx:TrackPointExtension></extensions></trkpt><trkpt lat="60.229813" lon="24.946585"><ele>36.7</ele><time>2026-03-03T07:44:44Z</time></trkpt><trkpt lat="60.2298" lon="24.946593"><ele>37.1</ele><time>2026-03-03T07:44:45Z</time></trkpt><trkpt lat="60.229787" lon="24.946622"><ele>37.2</ele><time>2026-03-03T07:44:46Z</time><extensions><gpxtpx:TrackPointExtension><gpxtpx:hr>87</gpxtpx:hr></gpxtpx:TrackPointExtension></extensions></trkpt><trkpt lat="60.22978" lon="24.946653"><ele>37.2</ele><time>2026-03-03T07:44:47Z</time></trkpt><trkpt lat="60.229778" lon="24.946692"><ele>36.8</ele><time>2026-03-03T07:44:48Z</time></trkpt><trkpt lat="60.229773" lon="24.946723"><ele>36.6</ele><time>2026-03-03T07:44:49Z</time><extensions><gpxtpx:TrackPointExtension><gpxtpx:hr>87</gpxtpx:hr></gpxtpx:TrackPointExtension></extensions></trkpt><trkpt lat="60.229775" lon="24.946755"><ele>36.3</ele><time>2026-03-03T07:44:50Z</time></trkpt><trkpt lat="60.229782" lon="24.946788"><ele>35.4</ele><time>2026-03-03T07:44:51Z</time></trkpt><trkpt lat="60.229783" lon="24.946822"><ele>35.5</ele><time>2026-03-03T07:44:52Z</time></trkpt><trkpt lat="60.229787" lon="24.946853"><ele>36.0</ele><time>2026-03-03T07:44:53Z</time></trkpt><trkpt lat="60.229788" lon="24.946883"><ele>36.0</ele><time>2026-03-03T07:44:54Z</time></trkpt><trkpt lat="60.229795" lon="24.946912"><ele>35.7</ele><time>2026-03-03T07:44:55Z</time></trkpt><trkpt lat="60.229798" lon="24.94694"><ele>35.2</ele><time>2026-03-03T07:44:56Z</time></trkpt><trkpt lat="60.2298" lon="24.946967"><ele>35.3</ele><time>2026-03-03T07:44:57Z</time></trkpt><trkpt lat="60.229805" lon="24.946992"><ele>35.2</ele><time>2026-03-03T07:44:58Z</time><extensions><gpxtpx:TrackPointExtension><gpxtpx:hr>87</gpxtpx:hr></gpxtpx:TrackPointExtension></extensions></trkpt><trkpt lat="60.229807" lon="24.947023"><ele>34.8</ele><time>2026-03-03T07:44:59Z</time></trkpt><trkpt lat="60.229807" lon="24.947052"><ele>34.6</ele><time>2026-03-03T07:45:00Z</time></trkpt><trkpt lat="60.229813" lon="24.94708"><ele>35.2</ele><time>2026-03-03T07:45:01Z</time><extensions><gpxtpx:TrackPointExtension><gpxtpx:hr>87</gpxtpx:hr></gpxtpx:TrackPointExtension></extensions></trkpt><trkpt lat="60.229818" lon="24.947105"><ele>35.6</ele><time>2026-03-03T07:45:02Z</time></trkpt><trkpt lat="60.229823" lon="24.947132"><ele>35.3</ele><time>2026-03-03T07:45:03Z</time></trkpt><trkpt lat="60.229828" lon="24.947157"><ele>35.3</ele><time>2026-03-03T07:45:04Z</time></trkpt><trkpt lat="60.229833" lon="24.94718"><ele>35.9</ele><time>2026-03-03T07:45:05Z</time></trkpt><trkpt lat="60.229835" lon="24.947202"><ele>36.1</ele><time>2026-03-03T07:45:07Z</time><extensions><gpxtpx:TrackPointExtension><gpxtpx:hr>89</gpxtpx:hr></gpxtpx:TrackPointExtension></extensions></trkpt><trkpt lat="60.229837" lon="24.947225"><ele>35.9</ele><time>2026-03-03T07:45:08Z</time></trkpt><trkpt lat="60.22984" lon="24.947248"><ele>36.1</ele><time>2026-03-03T07:45:09Z</time></trkpt><trkpt lat="60.229845" lon="24.947278"><ele>36.1</ele><time>2026-03-03T07:45:10Z</time></trkpt><trkpt lat="60.229848" lon="24.947303"><ele>36.1</ele><time>2026-03-03T07:45:11Z</time></trkpt><trkpt lat="60.229852" lon="24.947328"><ele>36.4</ele><time>2026-03-03T07:45:12Z</time></trkpt><trkpt lat="60.229858" lon="24.947352"><ele>36.8</ele><time>2026-03-03T07:45:13Z</time><extensions><gpxtpx:TrackPointExtension><gpxtpx:hr>88</gpxtpx:hr></gpxtpx:TrackPointExtension></extensions></trkpt><trkpt lat="60.22986" lon="24.947373"><ele>37.0</ele><time>2026-03-03T07:45:14Z</time></trkpt><trkpt lat="60.229863" lon="24.947398"><ele>37.3</ele><time>2026-03-03T07:45:15Z</time></trkpt><trkpt lat="60.229867" lon="24.947425"><ele>37.5</ele><time>2026-03-03T07:45:16Z</time></trkpt><trkpt lat="60.229867" lon="24.947457"><ele>37.3</ele><time>2026-03-03T07:45:17Z</time><extensions><gpxtpx:TrackPointExtension><gpxtpx:hr>88</gpxtpx:hr></gpxtpx:TrackPointExtension></extensions></trkpt><trkpt lat="60.229873" lon="24.947482"><ele>36.8</ele><time>2026-03-03T07:45:18Z</time></trkpt><trkpt lat="60.229877" lon="24.947502"><ele>36.2</ele><time>2026-03-03T07:45:19Z</time><extensions><gpxtpx:TrackPointExtension><gpxtpx:hr>89</gpxtpx:hr></gpxtpx:TrackPointExtension></extensions></trkpt><trkpt lat="60.22988" lon="24.947527"><ele>36.2</ele><time>2026-03-03T07:45:20Z</time></trkpt><trkpt lat="60.229885" lon="24.947557"><ele>36.1</ele><time>2026-03-03T07:45:21Z</time></trkpt><trkpt lat="60.22989" lon="24.94758"><ele>35.9</ele><time>2026-03-03T07:45:22Z</time></trkpt><trkpt lat="60.229893" lon="24.947605"><ele>35.9</ele><time>2026-03-03T07:45:23Z</time></trkpt><trkpt lat="60.229897" lon="24.94763"><ele>36.0</ele><time>2026-03-03T07:45:24Z</time></trkpt><trkpt lat="60.229902" lon="24.94766"><ele>35.9</ele><time>2026-03-03T07:45:25Z</time></trkpt><trkpt lat="60.229907" lon="24.947685"><ele>35.9</ele><time>2026-03-03T07:45:26Z</time></trkpt><trkpt lat="60.22991" lon="24.947713"><ele>36.0</ele><time>2026-03-03T07:45:27Z</time></trkpt><trkpt lat="60.229915" lon="24.947738"><ele>35.9</ele><time>2026-03-03T07:45:28Z</time><extensions><gpxtpx:TrackPointExtension><gpxtpx:hr>90</gpxtpx:hr></gpxtpx:TrackPointExtension></extensions></trkpt><trkpt lat="60.229918" lon="24.947762"><ele>35.6</ele><time>2026-03-03T07:45:29Z</time><extensions><gpxtpx:TrackPointExtension><gpxtpx:hr>90</gpxtpx:hr></gpxtpx:TrackPointExtension></extensions></trkpt><trkpt lat="60.229918" lon="24.947788"><ele>35.3</ele><time>2026-03-03T07:45:29Z</time></trkpt><trkpt lat="60.22992" lon="24.947815"><ele>35.4</ele><time>2026-03-03T07:45:30Z</time></trkpt><trkpt lat="60.229918" lon="24.947837"><ele>35.4</ele><time>2026-03-03T07:45:31Z</time></trkpt><trkpt lat="60.22991" lon="24.94784"><ele>35.7</ele><time>2026-03-03T07:45:32Z</time></trkpt><trkpt lat="60.229897" lon="24.947847"><ele>36.1</ele><time>2026-03-03T07:45:33Z</time></trkpt><trkpt lat="60.229888" lon="24.947862"><ele>36.9</ele><time>2026-03-03T07:45:34Z</time></trkpt><trkpt lat="60.22988" lon="24.947878"><ele>37.0</ele><time>2026-03-03T07:45:35Z</time><extensions><gpxtpx:TrackPointExtension><gpxtpx:hr>90</gpxtpx:hr></gpxtpx:TrackPointExtension></extensions></trkpt><trkpt lat="60.22987" lon="24.947897"><ele>37.1</ele><time>2026-03-03T07:45:36Z</time></trkpt><trkpt lat="60.229863" lon="24.9479"><ele>37.2</ele><time>2026-03-03T07:45:37Z</time></trkpt><trkpt lat="60.229848" lon="24.947913"><ele>37.0</ele><time>2026-03-03T07:45:38Z</time></trkpt><trkpt lat="60.229837" lon="24.947927"><ele>36.9</ele><time>2026-03-03T07:45:39Z</time><extensions><gpxtpx:TrackPointExtension><gpxtpx:hr>91</gpxtpx:hr></gpxtpx:TrackPointExtension></extensions></trkpt><trkpt lat="60.229822" lon="24.947938"><ele>37.4</ele><time>2026-03-03T07:45:40Z</time></trkpt><trkpt lat="60.229812" lon="24.947945"><ele>37.6</ele><time>2026-03-03T07:45:41Z</time></trkpt><trkpt lat="60.229798" lon="24.947953"><ele>37.9</ele><time>2026-03-03T07:45:42Z</time></trkpt><trkpt lat="60.229787" lon="24.947968"><ele>37.7</ele><time>2026-03-03T07:45:43Z</time></trkpt><trkpt lat="60.22978" lon="24.947977"><ele>37.8</ele><time>2026-03-03T07:45:44Z</time></trkpt><trkpt lat="60.229767" lon="24.947992"><ele>37.8</ele><time>2026-03-03T07:45:45Z</time></trkpt><trkpt lat="60.229753" lon="24.948"><ele>37.7</ele><time>2026-03-03T07:45:46Z</time></trkpt><trkpt lat="60.229743" lon="24.948007"><ele>38.7</ele><time>2026-03-03T07:45:47Z</time></trkpt><trkpt lat="60.229733" lon="24.948013"><ele>38.8</ele><time>2026-03-03T07:45:48Z</time><extensions><gpxtpx:TrackPointExtension><gpxtpx:hr>93</gpxtpx:hr></gpxtpx:TrackPointExtension></extensions></trkpt><trkpt lat="60.229725" lon="24.948012"><ele>39.6</ele><time>2026-03-03T07:45:49Z</time></trkpt><trkpt lat="60.22972" lon="24.94801"><ele>40.8</ele><time>2026-03-03T07:45:50Z</time></trkpt><trkpt lat="60.229702" lon="24.948013"><ele>40.5</ele><time>2026-03-03T07:45:51Z</time></trkpt><trkpt lat="60.229688" lon="24.948013"><ele>40.5</ele><time>2026-03-03T07:45:52Z</time></trkpt><trkpt lat="60.229677" lon="24.948013"><ele>41.2</ele><time>2026-03-03T07:45:53Z</time><extensions><gpxtpx:TrackPointExtension><gpxtpx:hr>90</gpxtpx:hr></gpxtpx:TrackPointExtension></extensions></trkpt><trkpt lat="60.22966" lon="24.948013"><ele>41.0</ele><time>2026-03-03T07:45:54Z</time><extensions><gpxtpx:TrackPointExtension><gpxtpx:hr>90</gpxtpx:hr></gpxtpx:TrackPointExtension></extensions></trkpt><trkpt lat="60.22964" lon="24.948017"><ele>40.9</ele><time>2026-03-03T07:45:55Z</time></trkpt><trkpt lat="60.22962" lon="24.948022"><ele>40.3</ele><time>2026-03-03T07:45:56Z</time></trkpt><trkpt lat="60.229603" lon="24.948037"><ele>39.9</ele><time>2026-03-03T07:45:57Z</time></trkpt><trkpt lat="60.229588" lon="24.948048"><ele>39.8</ele><time>2026-03-03T07:45:58Z</time></trkpt><trkpt lat="60.229572" lon="24.948037"><ele>38.9</ele><time>2026-03-03T07:45:59Z</time></trkpt><trkpt lat="60.229557" lon="24.948048"><ele>39.2</ele><time>2026-03-03T07:46:00Z</time></trkpt><trkpt lat="60.229543" lon="24.948062"><ele>38.8</ele><time>2026-03-03T07:46:01Z</time></trkpt><trkpt lat="60.229527" lon="24.948068"><ele>39.0</ele><time>2026-03-03T07:46:02Z</time></trkpt><trkpt lat="60.229513" lon="24.948078"><ele>38.8</ele><time>2026-03-03T07:46:03Z</time><extensions><gpxtpx:TrackPointExtension><gpxtpx:hr>90</gpxtpx:hr></gpxtpx:TrackPointExtension></extensions></trkpt><trkpt lat="60.2295" lon="24.948088"><ele>38.8</ele><time>2026-03-03T07:46:04Z</time></trkpt><trkpt lat="60.229487" lon="24.948098"><ele>38.6</ele><time>2026-03-03T07:46:05Z</time></trkpt><trkpt lat="60.229473" lon="24.948112"><ele>38.3</ele><time>2026-03-03T07:46:06Z</time></trkpt><trkpt lat="60.22946" lon="24.948118"><ele>38.5</ele><time>2026-03-03T07:46:07Z</time></trkpt><trkpt lat="60.229448" lon="24.948125"><ele>38.0</ele><time>2026-03-03T07:46:08Z</time><extensions><gpxtpx:TrackPointExtension><gpxtpx:hr>91</gpxtpx:hr></gpxtpx:TrackPointExtension></extensions></trkpt><trkpt lat="60.229437" lon="24.948133"><ele>37.3</ele><time>2026-03-03T07:46:09Z</time></trkpt><trkpt lat="60.229427" lon="24.94814"><ele>36.8</ele><time>2026-03-03T07:46:10Z</time></trkpt><trkpt lat="60.229417" lon="24.948145"><ele>36.9</ele><time>2026-03-03T07:46:11Z</time></trkpt><trkpt lat="60.229405" lon="24.948148"><ele>36.7</ele><time>2026-03-03T07:46:12Z</time></trkpt><trkpt lat="60.229393" lon="24.94815"><ele>36.6</ele><time>2026-03-03T07:46:13Z</time><extensions><gpxtpx:TrackPointExtension><gpxtpx:hr>94</gpxtpx:hr></gpxtpx:TrackPointExtension></extensions></trkpt><trkpt lat="60.22938" lon="24.948148"><ele>37.3</ele><time>2026-03-03T07:46:14Z</time><extensions><gpxtpx:TrackPointExtension><gpxtpx:hr>94</gpxtpx:hr></gpxtpx:TrackPointExtension></extensions></trkpt><trkpt lat="60.229367" lon="24.948157"><ele>37.3</ele><time>2026-03-03T07:46:15Z</time></trkpt><trkpt lat="60.229355" lon="24.948163"><ele>36.8</ele><time>2026-03-03T07:46:16Z</time></trkpt><trkpt lat="60.229347" lon="24.948168"><ele>36.9</ele><time>2026-03-03T07:46:17Z</time></trkpt><trkpt lat="60.229335" lon="24.948172"><ele>37.1</ele><time>2026-03-03T07:46:18Z</time></trkpt><trkpt lat="60.22932" lon="24.948187"><ele>36.4</ele><time>2026-03-03T07:46:19Z</time></trkpt><trkpt lat="60.229305" lon="24.948197"><ele>36.3</ele><time>2026-03-03T07:46:20Z</time></trkpt><trkpt lat="60.229295" lon="24.948203"><ele>35.6</ele><time>2026-03-03T07:46:21Z</time><extensions><gpxtpx:TrackPointExtension><gpxtpx:hr>95</gpxtpx:hr></gpxtpx:TrackPointExtension></extensions></trkpt><trkpt lat="60.229278" lon="24.9482"><ele>35.1</ele><time>2026-03-03T07:46:22Z</time></trkpt><trkpt lat="60.229265" lon="24.94821"><ele>35.8</ele><time>2026-03-03T07:46:23Z</time></trkpt><trkpt lat="60.229242" lon="24.948225"><ele>34.7</ele><time>2026-03-03T07:46:24Z</time></trkpt><trkpt lat="60.22923" lon="24.948238"><ele>34.8</ele><time>2026-03-03T07:46:25Z</time><extensions><gpxtpx:TrackPointExtension><gpxtpx:hr>97</gpxtpx:hr></gpxtpx:TrackPointExtension></extensions></trkpt><trkpt lat="60.229213" lon="24.948253"><ele>34.8</ele><time>2026-03-03T07:46:26Z</time></trkpt><trkpt lat="60.2292" lon="24.948277"><ele>36.1</ele><time>2026-03-03T07:46:27Z</time></trkpt><trkpt lat="60.229187" lon="24.948295"><ele>37.2</ele><time>2026-03-03T07:46:28Z</time></trkpt><trkpt lat="60.22917" lon="24.94831"><ele>37.9</ele><time>2026-03-03T07:46:29Z</time></trkpt><trkpt lat="60.229163" lon="24.948333"><ele>38.5</ele><time>2026-03-03T07:46:30Z</time></trkpt><trkpt lat="60.229157" lon="24.948348"><ele>39.1</ele><time>2026-03-03T07:46:31Z</time></trkpt><trkpt lat="60.229147" lon="24.948368"><ele>39.8</ele><time>2026-03-03T07:46:32Z</time><extensions><gpxtpx:TrackPointExtension><gpxtpx:hr>95</gpxtpx:hr></gpxtpx:TrackPointExtension></extensions></trkpt><trkpt lat="60.229137" lon="24.948387"><ele>39.8</ele><time>2026-03-03T07:46:33Z</time></trkpt><trkpt lat="60.22913" lon="24.9484"><ele>40.3</ele><time>2026-03-03T07:46:34Z</time><extensions><gpxtpx:TrackPointExtension><gpxtpx:hr>96</gpxtpx:hr></gpxtpx:TrackPointExtension></extensions></trkpt><trkpt lat="60.229125" lon="24.948428"><ele>41.2</ele><time>2026-03-03T07:46:35Z</time></trkpt><trkpt lat="60.229122" lon="24.948452"><ele>41.7</ele><time>2026-03-03T07:46:36Z</time></trkpt><trkpt lat="60.229122" lon="24.948492"><ele>42.8</ele><time>2026-03-03T07:46:37Z</time></trkpt><trkpt lat="60.229122" lon="24.948543"><ele>43.2</ele><time>2026-03-03T07:46:38Z</time></trkpt><trkpt lat="60.229122" lon="24.948572"><ele>43.4</ele><time>2026-03-03T07:46:39Z</time></trkpt><trkpt lat="60.229123" lon="24.948603"><ele>43.3</ele><time>2026-03-03T07:46:40Z</time></trkpt><trkpt lat="60.22913" lon="24.94864"><ele>43.1</ele><time>2026-03-03T07:46:41Z</time></trkpt><trkpt lat="60.229135" lon="24.948668"><ele>43.1</ele><time>2026-03-03T07:46:42Z</time></trkpt><trkpt lat="60.229143" lon="24.948703"><ele>42.9</ele><time>2026-03-03T07:46:43Z</time><extensions><gpxtpx:TrackPointExtension><gpxtpx:hr>95</gpxtpx:hr></gpxtpx:TrackPointExtension></extensions></trkpt><trkpt lat="60.229147" lon="24.948733"><ele>42.6</ele><time>2026-03-03T07:46:44Z</time></trkpt><trkpt lat="60.229148" lon="24.948767"><ele>42.5</ele><time>2026-03-03T07:46:45Z</time></trkpt><trkpt lat="60.22915" lon="24.948793"><ele>42.3</ele><time>2026-03-03T07:46:46Z</time></trkpt><trkpt lat="60.229152" lon="24.948822"><ele>42.8</ele><time>2026-03-03T07:46:47Z</time></trkpt><trkpt lat="60.229148" lon="24.948845"><ele>42.1</ele><time>2026-03-03T07:46:48Z</time><extensions><gpxtpx:TrackPointExtension><gpxtpx:hr>95</gpxtpx:hr></gpxtpx:TrackPointExtension></extensions></trkpt><trkpt lat="60.229145" lon="24.948877"><ele>41.7</ele><time>2026-03-03T07:46:49Z</time></trkpt><trkpt lat="60.229147" lon="24.94891"><ele>41.8</ele><time>2026-03-03T07:46:50Z</time><extensions><gpxtpx:TrackPointExtension><gpxtpx:hr>94</gpxtpx:hr></gpxtpx:TrackPointExtension></extensions></trkpt><trkpt lat="60.229147" lon="24.94894"><ele>41.6</ele><time>2026-03-03T07:46:51Z</time></trkpt><trkpt lat="60.22915" lon="24.948965"><ele>41.3</ele><time>2026-03-03T07:46:52Z</time></trkpt><trkpt lat="60.229145" lon="24.94899"><ele>40.8</ele><time>2026-03-03T07:46:53Z</time></trkpt><trkpt lat="60.229137" lon="24.949015"><ele>40.8</ele><time>2026-03-03T07:46:54Z</time></trkpt><trkpt lat="60.22913" lon="24.94903"><ele>41.4</ele><time>2026-03-03T07:46:55Z</time></trkpt><trkpt lat="60.229123" lon="24.949042"><ele>42.0</ele><time>2026-03-03T07:46:56Z</time></trkpt><trkpt lat="60.229117" lon="24.94906"><ele>42.5</ele><time>2026-03-03T07:46:57Z</time><extensions><gpxtpx:TrackPointExtension><gpxtpx:hr>93</gpxtpx:hr></gpxtpx:TrackPointExtension></extensions></trkpt><trkpt lat="60.229113" lon="24.94908"><ele>42.5</ele><time>2026-03-03T07:46:58Z</time></trkpt><trkpt lat="60.22911" lon="24.94911"><ele>42.6</ele><time>2026-03-03T07:46:59Z</time><extensions><gpxtpx:TrackPointExtension><gpxtpx:hr>93</gpxtpx:hr></gpxtpx:TrackPointExtension></extensions></trkpt><trkpt lat="60.229105" lon="24.94913"><ele>43.6</ele><time>2026-03-03T07:47:00Z</time></trkpt><trkpt lat="60.229107" lon="24.949167"><ele>43.4</ele><time>2026-03-03T07:47:01Z</time></trkpt><trkpt lat="60.229098" lon="24.949197"><ele>43.0</ele><time>2026-03-03T07:47:02Z</time></trkpt><trkpt lat="60.229093" lon="24.949223"><ele>43.0</ele><time>2026-03-03T07:47:03Z</time></trkpt><trkpt lat="60.22909" lon="24.949252"><ele>42.7</ele><time>2026-03-03T07:47:04Z</time><extensions><gpxtpx:TrackPointExtension><gpxtpx:hr>94</gpxtpx:hr></gpxtpx:TrackPointExtension></extensions></trkpt><trkpt lat="60.22909" lon="24.949278"><ele>42.4</ele><time>2026-03-03T07:47:05Z</time></trkpt><trkpt lat="60.229092" lon="24.949295"><ele>42.2</ele><time>2026-03-03T07:47:06Z</time></trkpt><trkpt lat="60.229093" lon="24.949337"><ele>40.9</ele><time>2026-03-03T07:47:07Z</time></trkpt><trkpt lat="60.229093" lon="24.949363"><ele>41.1</ele><time>2026-03-03T07:47:08Z</time></trkpt><trkpt lat="60.229097" lon="24.949388"><ele>41.8</ele><time>2026-03-03T07:47:09Z</time><extensions><gpxtpx:TrackPointExtension><gpxtpx:hr>94</gpxtpx:hr></gpxtpx:TrackPointExtension></extensions></trkpt><trkpt lat="60.229097" lon="24.94939"><ele>41.8</ele><time>2026-03-03T07:47:10Z</time></trkpt><trkpt lat="60.229095" lon="24.949418"><ele>42.1</ele><time>2026-03-03T07:47:10Z</time></trkpt><trkpt lat="60.229097" lon="24.94945"><ele>42.0</ele><time>2026-03-03T07:47:11Z</time></trkpt><trkpt lat="60.229092" lon="24.949467"><ele>42.0</ele><time>2026-03-03T07:47:13Z</time></trkpt><trkpt lat="60.229088" lon="24.94949"><ele>42.4</ele><time>2026-03-03T07:47:14Z</time></trkpt><trkpt lat="60.22908" lon="24.949527"><ele>42.5</ele><time>2026-03-03T07:47:15Z</time><extensions><gpxtpx:TrackPointExtension><gpxtpx:hr>92</gpxtpx:hr></gpxtpx:TrackPointExtension></extensions></trkpt><trkpt lat="60.229077" lon="24.949555"><ele>42.1</ele><time>2026-03-03T07:47:16Z</time></trkpt><trkpt lat="60.229072" lon="24.94958"><ele>42.8</ele><time>2026-03-03T07:47:17Z</time></trkpt><trkpt lat="60.229065" lon="24.949612"><ele>42.6</ele><time>2026-03-03T07:47:18Z</time></trkpt><trkpt lat="60.22906" lon="24.949638"><ele>41.8</ele><time>2026-03-03T07:47:19Z</time></trkpt><trkpt lat="60.229045" lon="24.949657"><ele>42.5</ele><time>2026-03-03T07:47:20Z</time></trkpt><trkpt lat="60.229037" lon="24.949673"><ele>42.4</ele><time>2026-03-03T07:47:21Z</time></trkpt><trkpt lat="60.229027" lon="24.94969"><ele>42.5</ele><time>2026-03-03T07:47:22Z</time><extensions><gpxtpx:TrackPointExtension><gpxtpx:hr>91</gpxtpx:hr></gpxtpx:TrackPointExtension></extensions></trkpt><trkpt lat="60.229013" lon="24.949702"><ele>42.2</ele><time>2026-03-03T07:47:23Z</time></trkpt><trkpt lat="60.229002" lon="24.949712"><ele>42.0</ele><time>2026-03-03T07:47:24Z</time></trkpt><trkpt lat="60.228988" lon="24.94972"><ele>41.9</ele><time>2026-03-03T07:47:25Z</time></trkpt><trkpt lat="60.22898" lon="24.949743"><ele>41.7</ele><time>2026-03-03T07:47:26Z</time></trkpt><trkpt lat="60.228972" lon="24.949762"><ele>41.8</ele><time>2026-03-03T07:47:27Z</time><extensions><gpxtpx:TrackPointExtension><gpxtpx:hr>90</gpxtpx:hr></gpxtpx:TrackPointExtension></extensions></trkpt><trkpt lat="60.228958" lon="24.949772"><ele>42.0</ele><time>2026-03-03T07:47:28Z</time></trkpt><trkpt lat="60.228948" lon="24.94979"><ele>41.6</ele><time>2026-03-03T07:47:29Z</time><extensions><gpxtpx:TrackPointExtension><gpxtpx:hr>91</gpxtpx:hr></gpxtpx:TrackPointExtension></extensions></trkpt><trkpt lat="60.228935" lon="24.949803"><ele>41.6</ele><time>2026-03-03T07:47:30Z</time></trkpt><trkpt lat="60.228922" lon="24.949818"><ele>42.1</ele><time>2026-03-03T07:47:31Z</time></trkpt><trkpt lat="60.228913" lon="24.94984"><ele>42.7</ele><time>2026-03-03T07:47:32Z</time></trkpt><trkpt lat="60.228905" lon="24.949865"><ele>42.9</ele><time>2026-03-03T07:47:33Z</time></trkpt><trkpt lat="60.228898" lon="24.949888"><ele>43.2</ele><time>2026-03-03T07:47:34Z</time></trkpt><trkpt lat="60.228893" lon="24.949915"><ele>42.9</ele><time>2026-03-03T07:47:35Z</time><extensions><gpxtpx:TrackPointExtension><gpxtpx:hr>91</gpxtpx:hr></gpxtpx:TrackPointExtension></extensions></trkpt><trkpt lat="60.22889" lon="24.949947"><ele>43.0</ele><time>2026-03-03T07:47:36Z</time></trkpt><trkpt lat="60.228893" lon="24.949985"><ele>42.6</ele><time>2026-03-03T07:47:37Z</time></trkpt><trkpt lat="60.228887" lon="24.950015"><ele>42.0</ele><time>2026-03-03T07:47:38Z</time></trkpt><trkpt lat="60.228882" lon="24.95004"><ele>42.3</ele><time>2026-03-03T07:47:39Z</time></trkpt><trkpt lat="60.228875" lon="24.950065"><ele>41.9</ele><time>2026-03-03T07:47:40Z</time></trkpt><trkpt lat="60.228873" lon="24.950087"><ele>41.6</ele><time>2026-03-03T07:47:41Z</time><extensions><gpxtpx:TrackPointExtension><gpxtpx:hr>90</gpxtpx:hr></gpxtpx:TrackPointExtension></extensions></trkpt><trkpt lat="60.228883" lon="24.950112"><ele>41.0</ele><time>2026-03-03T07:47:42Z</time></trkpt><trkpt lat="60.228888" lon="24.950152"><ele>40.8</ele><time>2026-03-03T07:47:43Z</time></trkpt><trkpt lat="60.228888" lon="24.950183"><ele>40.6</ele><time>2026-03-03T07:47:44Z</time></trkpt><trkpt lat="60.228887" lon="24.95021"><ele>40.4</ele><time>2026-03-03T07:47:45Z</time><extensions><gpxtpx:TrackPointExtension><gpxtpx:hr>89</gpxtpx:hr></gpxtpx:TrackPointExtension></extensions></trkpt><trkpt lat="60.228885" lon="24.950237"><ele>40.0</ele><time>2026-03-03T07:47:46Z</time></trkpt><trkpt lat="60.228893" lon="24.950265"><ele>40.6</ele><time>2026-03-03T07:47:47Z</time></trkpt><trkpt lat="60.228897" lon="24.950295"><ele>40.7</ele><time>2026-03-03T07:47:48Z</time></trkpt><trkpt lat="60.228897" lon="24.95032"><ele>40.4</ele><time>2026-03-03T07:47:49Z</time><extensions><gpxtpx:TrackPointExtension><gpxtpx:hr>92</gpxtpx:hr></gpxtpx:TrackPointExtension></extensions></trkpt><trkpt lat="60.228895" lon="24.950347"><ele>40.5</ele><time>2026-03-03T07:47:50Z</time></trkpt><trkpt lat="60.228888" lon="24.950362"><ele>40.6</ele><time>2026-03-03T07:47:51Z</time></trkpt><trkpt lat="60.228883" lon="24.950358"><ele>40.4</ele><time>2026-03-03T07:47:52Z</time></trkpt><trkpt lat="60.228873" lon="24.950365"><ele>40.4</ele><time>2026-03-03T07:47:53Z</time></trkpt><trkpt lat="60.228858" lon="24.950367"><ele>39.9</ele><time>2026-03-03T07:47:54Z</time><extensions><gpxtpx:TrackPointExtension><gpxtpx:hr>93</gpxtpx:hr></gpxtpx:TrackPointExtension></extensions></trkpt><trkpt lat="60.228845" lon="24.950382"><ele>39.5</ele><time>2026-03-03T07:47:55Z</time></trkpt><trkpt lat="60.228832" lon="24.950402"><ele>38.5</ele><time>2026-03-03T07:47:56Z</time></trkpt><trkpt lat="60.22882" lon="24.950418"><ele>38.6</ele><time>2026-03-03T07:47:57Z</time></trkpt><trkpt lat="60.228807" lon="24.950428"><ele>38.9</ele><time>2026-03-03T07:47:58Z</time></trkpt><trkpt lat="60.228792" lon="24.950435"><ele>39.5</ele><time>2026-03-03T07:47:59Z</time></trkpt><trkpt lat="60.228778" lon="24.950438"><ele>39.8</ele><time>2026-03-03T07:48:00Z</time></trkpt><trkpt lat="60.228763" lon="24.95044"><ele>40.2</ele><time>2026-03-03T07:48:01Z</time></trkpt><trkpt lat="60.228752" lon="24.950447"><ele>40.0</ele><time>2026-03-03T07:48:02Z</time></trkpt><trkpt lat="60.22874" lon="24.950458"><ele>39.9</ele><time>2026-03-03T07:48:02Z</time></trkpt><trkpt lat="60.228728" lon="24.950472"><ele>40.0</ele><time>2026-03-03T07:48:03Z</time><extensions><gpxtpx:TrackPointExtension><gpxtpx:hr>84</gpxtpx:hr></gpxtpx:TrackPointExtension></extensions></trkpt><trkpt lat="60.228718" lon="24.950483"><ele>39.9</ele><time>2026-03-03T07:48:04Z</time></trkpt><trkpt lat="60.228705" lon="24.950482"><ele>40.5</ele><time>2026-03-03T07:48:05Z</time><extensions><gpxtpx:TrackPointExtension><gpxtpx:hr>84</gpxtpx:hr></gpxtpx:TrackPointExtension></extensions></trkpt><trkpt lat="60.22869" lon="24.950477"><ele>40.1</ele><time>2026-03-03T07:48:06Z</time></trkpt><trkpt lat="60.228678" lon="24.950478"><ele>39.3</ele><time>2026-03-03T07:48:07Z</time></trkpt><trkpt lat="60.228668" lon="24.950483"><ele>38.6</ele><time>2026-03-03T07:48:08Z</time></trkpt><trkpt lat="60.228657" lon="24.950485"><ele>38.6</ele><time>2026-03-03T07:48:09Z</time></trkpt><trkpt lat="60.228647" lon="24.950483"><ele>38.6</ele><time>2026-03-03T07:48:10Z</time></trkpt><trkpt lat="60.228635" lon="24.950483"><ele>38.6</ele><time>2026-03-03T07:48:11Z</time></trkpt><trkpt lat="60.228622" lon="24.950487"><ele>38.3</ele><time>2026-03-03T07:48:12Z</time></trkpt><trkpt lat="60.228608" lon="24.950495"><ele>37.9</ele><time>2026-03-03T07:48:13Z</time><extensions><gpxtpx:TrackPointExtension><gpxtpx:hr>83</gpxtpx:hr></gpxtpx:TrackPointExtension></extensions></trkpt><trkpt lat="60.228595" lon="24.950503"><ele>37.8</ele><time>2026-03-03T07:48:14Z</time><extensions><gpxtpx:TrackPointExtension><gpxtpx:hr>83</gpxtpx:hr></gpxtpx:TrackPointExtension></extensions></trkpt><trkpt lat="60.228582" lon="24.950508"><ele>38.1</ele><time>2026-03-03T07:48:15Z</time></trkpt><trkpt lat="60.228572" lon="24.950508"><ele>38.0</ele><time>2026-03-03T07:48:16Z</time></trkpt><trkpt lat="60.228568" lon="24.950507"><ele>39.0</ele><time>2026-03-03T07:48:17Z</time></trkpt><trkpt lat="60.228555" lon="24.950502"><ele>39.0</ele><time>2026-03-03T07:48:18Z</time></trkpt><trkpt lat="60.228538" lon="24.9505"><ele>38.8</ele><time>2026-03-03T07:48:19Z</time><extensions><gpxtpx:TrackPointExtension><gpxtpx:hr>85</gpxtpx:hr></gpxtpx:TrackPointExtension></extensions></trkpt><trkpt lat="60.228527" lon="24.950497"><ele>38.9</ele><time>2026-03-03T07:48:20Z</time></trkpt><trkpt lat="60.228513" lon="24.950498"><ele>38.9</ele><time>2026-03-03T07:48:21Z</time></trkpt><trkpt lat="60.2285" lon="24.950503"><ele>38.7</ele><time>2026-03-03T07:48:22Z</time></trkpt><trkpt lat="60.228487" lon="24.950508"><ele>38.9</ele><time>2026-03-03T07:48:23Z</time></trkpt><trkpt lat="60.228475" lon="24.950503"><ele>39.1</ele><time>2026-03-03T07:48:24Z</time></trkpt><trkpt lat="60.228465" lon="24.9505"><ele>39.2</ele><time>2026-03-03T07:48:25Z</time></trkpt><trkpt lat="60.228453" lon="24.9505"><ele>39.1</ele><time>2026-03-03T07:48:26Z</time></trkpt><trkpt lat="60.22844" lon="24.950492"><ele>40.0</ele><time>2026-03-03T07:48:27Z</time></trkpt><trkpt lat="60.22843" lon="24.950493"><ele>40.1</ele><time>2026-03-03T07:48:28Z</time><extensions><gpxtpx:TrackPointExtension><gpxtpx:hr>86</gpxtpx:hr></gpxtpx:TrackPointExtension></extensions></trkpt><trkpt lat="60.22842" lon="24.950493"><ele>40.1</ele><time>2026-03-03T07:48:29Z</time></trkpt><trkpt lat="60.228408" lon="24.950483"><ele>40.3</ele><time>2026-03-03T07:48:30Z</time></trkpt><trkpt lat="60.228393" lon="24.950483"><ele>39.9</ele><time>2026-03-03T07:48:31Z</time></trkpt><trkpt lat="60.228382" lon="24.950487"><ele>40.1</ele><time>2026-03-03T07:48:32Z</time><extensions><gpxtpx:TrackPointExtension><gpxtpx:hr>86</gpxtpx:hr></gpxtpx:TrackPointExtension></extensions></trkpt><trkpt lat="60.228363" lon="24.950483"><ele>39.8</ele><time>2026-03-03T07:48:33Z</time></trkpt><trkpt lat="60.22835" lon="24.950482"><ele>39.9</ele><time>2026-03-03T07:48:34Z</time><extensions><gpxtpx:TrackPointExtension><gpxtpx:hr>85</gpxtpx:hr></gpxtpx:TrackPointExtension></extensions></trkpt><trkpt lat="60.228337" lon="24.950475"><ele>39.6</ele><time>2026-03-03T07:48:35Z</time></trkpt><trkpt lat="60.228323" lon="24.950468"><ele>39.7</ele><time>2026-03-03T07:48:36Z</time></trkpt><trkpt lat="60.228308" lon="24.950465"><ele>39.3</ele><time>2026-03-03T07:48:37Z</time></trkpt><trkpt lat="60.228293" lon="24.950463"><ele>39.7</ele><time>2026-03-03T07:48:38Z</time></trkpt><trkpt lat="60.228277" lon="24.950463"><ele>39.8</ele><time>2026-03-03T07:48:39Z</time></trkpt><trkpt lat="60.228268" lon="24.950465"><ele>39.9</ele><time>2026-03-03T07:48:40Z</time></trkpt><trkpt lat="60.228265" lon="24.950468"><ele>40.5</ele><time>2026-03-03T07:48:41Z</time></trkpt><trkpt lat="60.228258" lon="24.95047"><ele>40.8</ele><time>2026-03-03T07:48:42Z</time></trkpt><trkpt lat="60.228245" lon="24.95047"><ele>41.1</ele><time>2026-03-03T07:48:43Z</time><extensions><gpxtpx:TrackPointExtension><gpxtpx:hr>84</gpxtpx:hr></gpxtpx:TrackPointExtension></extensions></trkpt><trkpt lat="60.228233" lon="24.950467"><ele>40.6</ele><time>2026-03-03T07:48:44Z</time><extensions><gpxtpx:TrackPointExtension><gpxtpx:hr>84</gpxtpx:hr></gpxtpx:TrackPointExtension></extensions></trkpt><trkpt lat="60.228215" lon="24.950462"><ele>40.7</ele><time>2026-03-03T07:48:45Z</time></trkpt><trkpt lat="60.228203" lon="24.950453"><ele>40.0</ele><time>2026-03-03T07:48:46Z</time></trkpt><trkpt lat="60.228193" lon="24.950465"><ele>40.5</ele><time>2026-03-03T07:48:47Z</time></trkpt><trkpt lat="60.228187" lon="24.950468"><ele>40.4</ele><time>2026-03-03T07:48:48Z</time></trkpt><trkpt lat="60.22817" lon="24.950463"><ele>40.2</ele><time>2026-03-03T07:48:49Z</time></trkpt><trkpt lat="60.22816" lon="24.950465"><ele>40.2</ele><time>2026-03-03T07:48:50Z</time></trkpt><trkpt lat="60.228143" lon="24.950468"><ele>40.1</ele><time>2026-03-03T07:48:51Z</time><extensions><gpxtpx:TrackPointExtension><gpxtpx:hr>83</gpxtpx:hr></gpxtpx:TrackPointExtension></extensions></trkpt><trkpt lat="60.228138" lon="24.950465"><ele>39.9</ele><time>2026-03-03T07:48:52Z</time></trkpt><trkpt lat="60.228132" lon="24.950465"><ele>40.4</ele><time>2026-03-03T07:48:53Z</time></trkpt><trkpt lat="60.228108" lon="24.950463"><ele>40.1</ele><time>2026-03-03T07:48:54Z</time></trkpt><trkpt lat="60.228092" lon="24.950463"><ele>39.9</ele><time>2026-03-03T07:48:55Z</time><extensions><gpxtpx:TrackPointExtension><gpxtpx:hr>84</gpxtpx:hr></gpxtpx:TrackPointExtension></extensions></trkpt><trkpt lat="60.228082" lon="24.950455"><ele>40.2</ele><time>2026-03-03T07:48:56Z</time></trkpt><trkpt lat="60.228067" lon="24.950452"><ele>40.3</ele><time>2026-03-03T07:48:57Z</time></trkpt><trkpt lat="60.228057" lon="24.950462"><ele>40.2</ele><time>2026-03-03T07:48:58Z</time></trkpt><trkpt lat="60.228038" lon="24.950468"><ele>40.3</ele><time>2026-03-03T07:48:59Z</time><extensions><gpxtpx:TrackPointExtension><gpxtpx:hr>85</gpxtpx:hr></gpxtpx:TrackPointExtension></extensions></trkpt><trkpt lat="60.228025" lon="24.950468"><ele>40.3</ele><time>2026-03-03T07:49:00Z</time></trkpt><trkpt lat="60.228015" lon="24.950468"><ele>40.9</ele><time>2026-03-03T07:49:01Z</time></trkpt><trkpt lat="60.228003" lon="24.950465"><ele>40.7</ele><time>2026-03-03T07:49:02Z</time></trkpt><trkpt lat="60.22799" lon="24.950462"><ele>40.4</ele><time>2026-03-03T07:49:03Z</time></trkpt><trkpt lat="60.227978" lon="24.950455"><ele>40.8</ele><time>2026-03-03T07:49:04Z</time><extensions><gpxtpx:TrackPointExtension><gpxtpx:hr>89</gpxtpx:hr></gpxtpx:TrackPointExtension></extensions></trkpt><trkpt lat="60.227962" lon="24.950458"><ele>41.4</ele><time>2026-03-03T07:49:05Z</time></trkpt><trkpt lat="60.227943" lon="24.95046"><ele>41.7</ele><time>2026-03-03T07:49:06Z</time></trkpt><trkpt lat="60.227933" lon="24.950457"><ele>41.9</ele><time>2026-03-03T07:49:07Z</time></trkpt><trkpt lat="60.227927" lon="24.95045"><ele>41.8</ele><time>2026-03-03T07:49:08Z</time></trkpt><trkpt lat="60.227913" lon="24.950448"><ele>41.7</ele><time>2026-03-03T07:49:09Z</time></trkpt><trkpt lat="60.227895" lon="24.950445"><ele>41.6</ele><time>2026-03-03T07:49:10Z</time></trkpt><trkpt lat="60.22788" lon="24.950443"><ele>41.4</ele><time>2026-03-03T07:49:11Z</time></trkpt><trkpt lat="60.227867" lon="24.950445"><ele>40.9</ele><time>2026-03-03T07:49:12Z</time></trkpt><trkpt lat="60.227845" lon="24.950432"><ele>41.6</ele><time>2026-03-03T07:49:13Z</time><extensions><gpxtpx:TrackPointExtension><gpxtpx:hr>84</gpxtpx:hr></gpxtpx:TrackPointExtension></extensions></trkpt><trkpt lat="60.22783" lon="24.95043"><ele>41.4</ele><time>2026-03-03T07:49:14Z</time></trkpt><trkpt lat="60.227813" lon="24.95043"><ele>41.0</ele><time>2026-03-03T07:49:15Z</time><extensions><gpxtpx:TrackPointExtension><gpxtpx:hr>83</gpxtpx:hr></gpxtpx:TrackPointExtension></extensions></trkpt><trkpt lat="60.227802" lon="24.950428"><ele>41.3</ele><time>2026-03-03T07:49:16Z</time></trkpt><trkpt lat="60.227788" lon="24.950425"><ele>40.7</ele><time>2026-03-03T07:49:17Z</time></trkpt><trkpt lat="60.227778" lon="24.950422"><ele>40.3</ele><time>2026-03-03T07:49:19Z</time><extensions><gpxtpx:TrackPointExtension><gpxtpx:hr>83</gpxtpx:hr></gpxtpx:TrackPointExtension></extensions></trkpt><trkpt lat="60.227768" lon="24.950425"><ele>40.2</ele><time>2026-03-03T07:49:20Z</time></trkpt><trkpt lat="60.227752" lon="24.950425"><ele>40.0</ele><time>2026-03-03T07:49:21Z</time></trkpt><trkpt lat="60.227737" lon="24.950418"><ele>40.3</ele><time>2026-03-03T07:49:22Z</time></trkpt><trkpt lat="60.227722" lon="24.950415"><ele>40.0</ele><time>2026-03-03T07:49:23Z</time></trkpt><trkpt lat="60.227705" lon="24.950417"><ele>39.8</ele><time>2026-03-03T07:49:24Z</time><extensions><gpxtpx:TrackPointExtension><gpxtpx:hr>85</gpxtpx:hr></gpxtpx:TrackPointExtension></extensions></trkpt><trkpt lat="60.22769" lon="24.950422"><ele>39.4</ele><time>2026-03-03T07:49:25Z</time></trkpt><trkpt lat="60.227677" lon="24.950423"><ele>39.1</ele><time>2026-03-03T07:49:26Z</time></trkpt><trkpt lat="60.22766" lon="24.950412"><ele>39.2</ele><time>2026-03-03T07:49:27Z</time></trkpt><trkpt lat="60.227645" lon="24.950405"><ele>39.2</ele><time>2026-03-03T07:49:28Z</time></trkpt><trkpt lat="60.22763" lon="24.95041"><ele>38.4</ele><time>2026-03-03T07:49:29Z</time></trkpt><trkpt lat="60.227618" lon="24.950408"><ele>38.7</ele><time>2026-03-03T07:49:30Z</time></trkpt><trkpt lat="60.227605" lon="24.950398"><ele>40.1</ele><time>2026-03-03T07:49:31Z</time></trkpt><trkpt lat="60.227592" lon="24.950397"><ele>39.3</ele><time>2026-03-03T07:49:32Z</time></trkpt><trkpt lat="60.22758" lon="24.950398"><ele>38.1</ele><time>2026-03-03T07:49:33Z</time><extensions><gpxtpx:TrackPointExtension><gpxtpx:hr>86</gpxtpx:hr></gpxtpx:TrackPointExtension></extensions></trkpt><trkpt lat="60.227567" lon="24.950402"><ele>37.9</ele><time>2026-03-03T07:49:34Z</time></trkpt><trkpt lat="60.227553" lon="24.950412"><ele>37.5</ele><time>2026-03-03T07:49:35Z</time></trkpt><trkpt lat="60.227545" lon="24.950412"><ele>37.7</ele><time>2026-03-03T07:49:36Z</time></trkpt><trkpt lat="60.227532" lon="24.950413"><ele>37.9</ele><time>2026-03-03T07:49:37Z</time></trkpt><trkpt lat="60.227517" lon="24.950415"><ele>38.4</ele><time>2026-03-03T07:49:38Z</time><extensions><gpxtpx:TrackPointExtension><gpxtpx:hr>85</gpxtpx:hr></gpxtpx:TrackPointExtension></extensions></trkpt><trkpt lat="60.227503" lon="24.950418"><ele>38.8</ele><time>2026-03-03T07:49:39Z</time></trkpt><trkpt lat="60.227493" lon="24.95041"><ele>37.6</ele><time>2026-03-03T07:49:40Z</time></trkpt><trkpt lat="60.227478" lon="24.950417"><ele>37.9</ele><time>2026-03-03T07:49:41Z</time></trkpt><trkpt lat="60.227463" lon="24.950423"><ele>37.9</ele><time>2026-03-03T07:49:42Z</time></trkpt><trkpt lat="60.22745" lon="24.950437"><ele>37.5</ele><time>2026-03-03T07:49:43Z</time><extensions><gpxtpx:TrackPointExtension><gpxtpx:hr>84</gpxtpx:hr></gpxtpx:TrackPointExtension></extensions></trkpt><trkpt lat="60.227438" lon="24.950445"><ele>37.6</ele><time>2026-03-03T07:49:44Z</time></trkpt><trkpt lat="60.227425" lon="24.950448"><ele>37.8</ele><time>2026-03-03T07:49:45Z</time></trkpt><trkpt lat="60.22741" lon="24.95045"><ele>38.3</ele><time>2026-03-03T07:49:46Z</time></trkpt><trkpt lat="60.227398" lon="24.950443"><ele>38.3</ele><time>2026-03-03T07:49:47Z</time></trkpt><trkpt lat="60.227383" lon="24.950443"><ele>37.6</ele><time>2026-03-03T07:49:48Z</time><extensions><gpxtpx:TrackPointExtension><gpxtpx:hr>82</gpxtpx:hr></gpxtpx:TrackPointExtension></extensions></trkpt><trkpt lat="60.22737" lon="24.950445"><ele>37.7</ele><time>2026-03-03T07:49:49Z</time><extensions><gpxtpx:TrackPointExtension><gpxtpx:hr>82</gpxtpx:hr></gpxtpx:TrackPointExtension></extensions></trkpt><trkpt lat="60.227357" lon="24.950445"><ele>37.8</ele><time>2026-03-03T07:49:50Z</time></trkpt><trkpt lat="60.227345" lon="24.950442"><ele>38.0</ele><time>2026-03-03T07:49:51Z</time></trkpt><trkpt lat="60.227332" lon="24.950442"><ele>38.1</ele><time>2026-03-03T07:49:52Z</time></trkpt><trkpt lat="60.22732" lon="24.950447"><ele>38.4</ele><time>2026-03-03T07:49:53Z</time></trkpt><trkpt lat="60.227308" lon="24.95045"><ele>38.4</ele><time>2026-03-03T07:49:54Z</time></trkpt><trkpt lat="60.227295" lon="24.95045"><ele>38.5</ele><time>2026-03-03T07:49:55Z</time></trkpt><trkpt lat="60.227283" lon="24.950448"><ele>38.4</ele><time>2026-03-03T07:49:56Z</time></trkpt><trkpt lat="60.227272" lon="24.950447"><ele>38.5</ele><time>2026-03-03T07:49:57Z</time><extensions><gpxtpx:TrackPointExtension><gpxtpx:hr>85</gpxtpx:hr></gpxtpx:TrackPointExtension></extensions></trkpt><trkpt lat="60.22726" lon="24.950445"><ele>38.5</ele><time>2026-03-03T07:49:58Z</time></trkpt><trkpt lat="60.227247" lon="24.950443"><ele>38.3</ele><time>2026-03-03T07:49:59Z</time><extensions><gpxtpx:TrackPointExtension><gpxtpx:hr>85</gpxtpx:hr></gpxtpx:TrackPointExtension></extensions></trkpt><trkpt lat="60.227235" lon="24.95044"><ele>38.0</ele><time>2026-03-03T07:50:00Z</time></trkpt><trkpt lat="60.227222" lon="24.95044"><ele>38.1</ele><time>2026-03-03T07:50:01Z</time></trkpt><trkpt lat="60.22721" lon="24.950442"><ele>38.3</ele><time>2026-03-03T07:50:02Z</time></trkpt><trkpt lat="60.227197" lon="24.950442"><ele>38.4</ele><time>2026-03-03T07:50:03Z</time></trkpt><trkpt lat="60.227185" lon="24.95044"><ele>38.0</ele><time>2026-03-03T07:50:04Z</time></trkpt><trkpt lat="60.227173" lon="24.950443"><ele>37.9</ele><time>2026-03-03T07:50:05Z</time></trkpt><trkpt lat="60.22716" lon="24.950437"><ele>38.6</ele><time>2026-03-03T07:50:06Z</time></trkpt><trkpt lat="60.227148" lon="24.950427"><ele>38.0</ele><time>2026-03-03T07:50:07Z</time></trkpt><trkpt lat="60.227137" lon="24.950427"><ele>37.6</ele><time>2026-03-03T07:50:08Z</time><extensions><gpxtpx:TrackPointExtension><gpxtpx:hr>84</gpxtpx:hr></gpxtpx:TrackPointExtension></extensions></trkpt><trkpt lat="60.227127" lon="24.950423"><ele>36.9</ele><time>2026-03-03T07:50:09Z</time><extensions><gpxtpx:TrackPointExtension><gpxtpx:hr>84</gpxtpx:hr></gpxtpx:TrackPointExtension></extensions></trkpt><trkpt lat="60.227117" lon="24.95042"><ele>35.8</ele><time>2026-03-03T07:50:10Z</time></trkpt><trkpt lat="60.227103" lon="24.95043"><ele>35.3</ele><time>2026-03-03T07:50:11Z</time></trkpt><trkpt lat="60.22709" lon="24.950442"><ele>34.9</ele><time>2026-03-03T07:50:12Z</time></trkpt><trkpt lat="60.227073" lon="24.950443"><ele>35.8</ele><time>2026-03-03T07:50:13Z</time></trkpt><trkpt lat="60.227058" lon="24.950447"><ele>35.7</ele><time>2026-03-03T07:50:14Z</time><extensions><gpxtpx:TrackPointExtension><gpxtpx:hr>84</gpxtpx:hr></gpxtpx:TrackPointExtension></extensions></trkpt><trkpt lat="60.227045" lon="24.950443"><ele>36.7</ele><time>2026-03-03T07:50:15Z</time></trkpt><trkpt lat="60.227032" lon="24.950445"><ele>36.2</ele><time>2026-03-03T07:50:16Z</time></trkpt><trkpt lat="60.227017" lon="24.95044"><ele>35.4</ele><time>2026-03-03T07:50:17Z</time></trkpt><trkpt lat="60.227003" lon="24.950433"><ele>35.6</ele><time>2026-03-03T07:50:18Z</time></trkpt><trkpt lat="60.226992" lon="24.950423"><ele>35.7</ele><time>2026-03-03T07:50:19Z</time></trkpt><trkpt lat="60.226977" lon="24.950423"><ele>35.9</ele><time>2026-03-03T07:50:20Z</time></trkpt><trkpt lat="60.226963" lon="24.950415"><ele>35.6</ele><time>2026-03-03T07:50:21Z</time></trkpt><trkpt lat="60.226953" lon="24.950403"><ele>35.7</ele><time>2026-03-03T07:50:22Z</time></trkpt><trkpt lat="60.226942" lon="24.950398"><ele>35.7</ele><time>2026-03-03T07:50:23Z</time><extensions><gpxtpx:TrackPointExtension><gpxtpx:hr>88</gpxtpx:hr></gpxtpx:TrackPointExtension></extensions></trkpt><trkpt lat="60.226928" lon="24.950402"><ele>35.5</ele><time>2026-03-03T07:50:24Z</time></trkpt><trkpt lat="60.226917" lon="24.95042"><ele>35.1</ele><time>2026-03-03T07:50:25Z</time></trkpt><trkpt lat="60.2269" lon="24.950418"><ele>35.0</ele><time>2026-03-03T07:50:26Z</time></trkpt><trkpt lat="60.226893" lon="24.950412"><ele>34.5</ele><time>2026-03-03T07:50:27Z</time></trkpt><trkpt lat="60.226883" lon="24.950405"><ele>34.5</ele><time>2026-03-03T07:50:28Z</time><extensions><gpxtpx:TrackPointExtension><gpxtpx:hr>87</gpxtpx:hr></gpxtpx:TrackPointExtension></extensions></trkpt><trkpt lat="60.226868" lon="24.950408"><ele>35.6</ele><time>2026-03-03T07:50:29Z</time></trkpt><trkpt lat="60.226852" lon="24.95041"><ele>35.7</ele><time>2026-03-03T07:50:30Z</time></trkpt><trkpt lat="60.226842" lon="24.950413"><ele>35.7</ele><time>2026-03-03T07:50:31Z</time><extensions><gpxtpx:TrackPointExtension><gpxtpx:hr>85</gpxtpx:hr></gpxtpx:TrackPointExtension></extensions></trkpt><trkpt lat="60.22683" lon="24.95041"><ele>36.3</ele><time>2026-03-03T07:50:31Z</time></trkpt><trkpt lat="60.226822" lon="24.950412"><ele>36.7</ele><time>2026-03-03T07:50:32Z</time></trkpt><trkpt lat="60.22681" lon="24.950403"><ele>36.9</ele><time>2026-03-03T07:50:33Z</time></trkpt><trkpt lat="60.2268" lon="24.950392"><ele>37.9</ele><time>2026-03-03T07:50:34Z</time><extensions><gpxtpx:TrackPointExtension><gpxtpx:hr>85</gpxtpx:hr></gpxtpx:TrackPointExtension></extensions></trkpt><trkpt lat="60.226783" lon="24.950388"><ele>37.9</ele><time>2026-03-03T07:50:35Z</time></trkpt><trkpt lat="60.226772" lon="24.9504"><ele>37.4</ele><time>2026-03-03T07:50:36Z</time></trkpt><trkpt lat="60.226757" lon="24.950402"><ele>36.6</ele><time>2026-03-03T07:50:37Z</time></trkpt><trkpt lat="60.226737" lon="24.950395"><ele>36.2</ele><time>2026-03-03T07:50:38Z</time></trkpt><trkpt lat="60.226727" lon="24.950397"><ele>37.0</ele><time>2026-03-03T07:50:39Z</time><extensions><gpxtpx:TrackPointExtension><gpxtpx:hr>86</gpxtpx:hr></gpxtpx:TrackPointExtension></extensions></trkpt><trkpt lat="60.226715" lon="24.950407"><ele>36.9</ele><time>2026-03-03T07:50:40Z</time></trkpt><trkpt lat="60.2267" lon="24.950405"><ele>36.6</ele><time>2026-03-03T07:50:41Z</time></trkpt><trkpt lat="60.226692" lon="24.950405"><ele>36.3</ele><time>2026-03-03T07:50:42Z</time></trkpt><trkpt lat="60.226678" lon="24.950402"><ele>36.3</ele><time>2026-03-03T07:50:43Z</time></trkpt><trkpt lat="60.226662" lon="24.950402"><ele>35.9</ele><time>2026-03-03T07:50:44Z</time><extensions><gpxtpx:TrackPointExtension><gpxtpx:hr>85</gpxtpx:hr></gpxtpx:TrackPointExtension></extensions></trkpt><trkpt lat="60.22665" lon="24.950405"><ele>35.9</ele><time>2026-03-03T07:50:45Z</time></trkpt><trkpt lat="60.226638" lon="24.950403"><ele>35.6</ele><time>2026-03-03T07:50:46Z</time></trkpt><trkpt lat="60.22663" lon="24.95041"><ele>36.1</ele><time>2026-03-03T07:50:47Z</time></trkpt><trkpt lat="60.226618" lon="24.950413"><ele>35.8</ele><time>2026-03-03T07:50:48Z</time></trkpt><trkpt lat="60.226612" lon="24.950413"><ele>35.9</ele><time>2026-03-03T07:50:49Z</time><extensions><gpxtpx:TrackPointExtension><gpxtpx:hr>85</gpxtpx:hr></gpxtpx:TrackPointExtension></extensions></trkpt><trkpt lat="60.226598" lon="24.950418"><ele>35.3</ele><time>2026-03-03T07:50:50Z</time></trkpt><trkpt lat="60.226588" lon="24.950415"><ele>35.5</ele><time>2026-03-03T07:50:51Z</time></trkpt><trkpt lat="60.226578" lon="24.950417"><ele>34.6</ele><time>2026-03-03T07:50:52Z</time></trkpt><trkpt lat="60.226572" lon="24.950423"><ele>34.5</ele><time>2026-03-03T07:50:53Z</time></trkpt><trkpt lat="60.226563" lon="24.950433"><ele>34.6</ele><time>2026-03-03T07:50:54Z</time></trkpt><trkpt lat="60.226563" lon="24.950433"><ele>34.5</ele><time>2026-03-03T07:50:55Z</time></trkpt><trkpt lat="60.226567" lon="24.950427"><ele>34.8</ele><time>2026-03-03T07:50:56Z</time></trkpt><trkpt lat="60.226565" lon="24.950428"><ele>35.0</ele><time>2026-03-03T07:50:57Z</time><extensions><gpxtpx:TrackPointExtension><gpxtpx:hr>84</gpxtpx:hr></gpxtpx:TrackPointExtension></extensions></trkpt><trkpt lat="60.226565" lon="24.950428"><ele>35.0</ele><time>2026-03-03T07:50:58Z</time></trkpt><trkpt lat="60.226565" lon="24.950428"><ele>35.0</ele><time>2026-03-03T07:50:59Z</time></trkpt><trkpt lat="60.226565" lon="24.950428"><ele>35.0</ele><time>2026-03-03T07:51:00Z</time></trkpt><trkpt lat="60.226565" lon="24.950428"><ele>35.0</ele><time>2026-03-03T07:51:01Z</time></trkpt><trkpt lat="60.226558" lon="24.95043"><ele>35.3</ele><time>2026-03-03T07:51:02Z</time><extensions><gpxtpx:TrackPointExtension><gpxtpx:hr>83</gpxtpx:hr></gpxtpx:TrackPointExtension></extensions></trkpt><trkpt lat="60.226552" lon="24.950435"><ele>35.1</ele><time>2026-03-03T07:51:03Z</time></trkpt><trkpt lat="60.226548" lon="24.950438"><ele>35.2</ele><time>2026-03-03T07:51:04Z</time></trkpt><trkpt lat="60.226547" lon="24.950447"><ele>34.9</ele><time>2026-03-03T07:51:05Z</time></trkpt><trkpt lat="60.226545" lon="24.950438"><ele>35.1</ele><time>2026-03-03T07:51:06Z</time></trkpt><trkpt lat="60.226545" lon="24.95044"><ele>34.8</ele><time>2026-03-03T07:51:07Z</time></trkpt><trkpt lat="60.226545" lon="24.950438"><ele>34.8</ele><time>2026-03-03T07:51:08Z</time><extensions><gpxtpx:TrackPointExtension><gpxtpx:hr>86</gpxtpx:hr></gpxtpx:TrackPointExtension></extensions></trkpt><trkpt lat="60.226545" lon="24.950438"><ele>34.8</ele><time>2026-03-03T07:51:09Z</time></trkpt><trkpt lat="60.226545" lon="24.950438"><ele>34.8</ele><time>2026-03-03T07:51:10Z</time><extensions><gpxtpx:TrackPointExtension><gpxtpx:hr>85</gpxtpx:hr></gpxtpx:TrackPointExtension></extensions></trkpt><trkpt lat="60.226545" lon="24.950438"><ele>34.8</ele><time>2026-03-03T07:51:11Z</time></trkpt><trkpt lat="60.226545" lon="24.950438"><ele>34.8</ele><time>2026-03-03T07:51:12Z</time></trkpt><trkpt lat="60.226545" lon="24.950438"><ele>34.8</ele><time>2026-03-03T07:51:13Z</time></trkpt><trkpt lat="60.226545" lon="24.950438"><ele>34.8</ele><time>2026-03-03T07:51:14Z</time></trkpt><trkpt lat="60.226545" lon="24.950438"><ele>34.8</ele><time>2026-03-03T07:51:15Z</time></trkpt><trkpt lat="60.226545" lon="24.950438"><ele>34.8</ele><time>2026-03-03T07:51:16Z</time></trkpt><trkpt lat="60.226545" lon="24.950438"><ele>34.8</ele><time>2026-03-03T07:51:17Z</time></trkpt><trkpt lat="60.226545" lon="24.950438"><ele>34.8</ele><time>2026-03-03T07:51:18Z</time><extensions><gpxtpx:TrackPointExtension><gpxtpx:hr>77</gpxtpx:hr></gpxtpx:TrackPointExtension></extensions></trkpt><trkpt lat="60.226545" lon="24.950438"><ele>34.8</ele><time>2026-03-03T07:51:19Z</time></trkpt><trkpt lat="60.226545" lon="24.950438"><ele>34.8</ele><time>2026-03-03T07:51:20Z</time></trkpt><trkpt lat="60.226545" lon="24.950438"><ele>34.8</ele><time>2026-03-03T07:51:21Z</time></trkpt><trkpt lat="60.226545" lon="24.950438"><ele>34.8</ele><time>2026-03-03T07:51:22Z</time><extensions><gpxtpx:TrackPointExtension><gpxtpx:hr>76</gpxtpx:hr></gpxtpx:TrackPointExtension></extensions></trkpt><trkpt lat="60.226548" lon="24.950433"><ele>35.6</ele><time>2026-03-03T07:51:24Z</time></trkpt><trkpt lat="60.226547" lon="24.950433"><ele>35.8</ele><time>2026-03-03T07:51:25Z</time></trkpt><trkpt lat="60.226548" lon="24.950433"><ele>35.9</ele><time>2026-03-03T07:51:26Z</time></trkpt><trkpt lat="60.226548" lon="24.950433"><ele>35.9</ele><time>2026-03-03T07:51:27Z</time></trkpt><trkpt lat="60.226548" lon="24.950433"><ele>35.9</ele><time>2026-03-03T07:51:28Z</time><extensions><gpxtpx:TrackPointExtension><gpxtpx:hr>73</gpxtpx:hr></gpxtpx:TrackPointExtension></extensions></trkpt><trkpt lat="60.226548" lon="24.950433"><ele>35.9</ele><time>2026-03-03T07:51:29Z</time></trkpt><trkpt lat="60.226548" lon="24.950433"><ele>35.9</ele><time>2026-03-03T07:51:30Z</time></trkpt><trkpt lat="60.226548" lon="24.950433"><ele>35.9</ele><time>2026-03-03T07:51:31Z</time></trkpt><trkpt lat="60.226548" lon="24.950437"><ele>36.0</ele><time>2026-03-03T07:51:32Z</time></trkpt><trkpt lat="60.226543" lon="24.95044"><ele>36.2</ele><time>2026-03-03T07:51:33Z</time><extensions><gpxtpx:TrackPointExtension><gpxtpx:hr>74</gpxtpx:hr></gpxtpx:TrackPointExtension></extensions></trkpt><trkpt lat="60.226533" lon="24.950448"><ele>36.1</ele><time>2026-03-03T07:51:34Z</time><extensions><gpxtpx:TrackPointExtension><gpxtpx:hr>74</gpxtpx:hr></gpxtpx:TrackPointExtension></extensions></trkpt><trkpt lat="60.226522" lon="24.950453"><ele>35.9</ele><time>2026-03-03T07:51:35Z</time></trkpt><trkpt lat="60.22651" lon="24.95046"><ele>35.5</ele><time>2026-03-03T07:51:36Z</time></trkpt><trkpt lat="60.226495" lon="24.95047"><ele>35.7</ele><time>2026-03-03T07:51:37Z</time></trkpt><trkpt lat="60.226482" lon="24.950463"><ele>35.3</ele><time>2026-03-03T07:51:38Z</time></trkpt><trkpt lat="60.226467" lon="24.950465"><ele>35.3</ele><time>2026-03-03T07:51:39Z</time><extensions><gpxtpx:TrackPointExtension><gpxtpx:hr>76</gpxtpx:hr></gpxtpx:TrackPointExtension></extensions></trkpt><trkpt lat="60.226455" lon="24.950477"><ele>35.4</ele><time>2026-03-03T07:51:40Z</time></trkpt><trkpt lat="60.22644" lon="24.950478"><ele>34.8</ele><time>2026-03-03T07:51:41Z</time></trkpt><trkpt lat="60.226425" lon="24.95049"><ele>35.4</ele><time>2026-03-03T07:51:42Z</time></trkpt><trkpt lat="60.226417" lon="24.950508"><ele>35.0</ele><time>2026-03-03T07:51:43Z</time></trkpt><trkpt lat="60.226408" lon="24.95053"><ele>35.0</ele><time>2026-03-03T07:51:44Z</time><extensions><gpxtpx:TrackPointExtension><gpxtpx:hr>78</gpxtpx:hr></gpxtpx:TrackPointExtension></extensions></trkpt><trkpt lat="60.226397" lon="24.950532"><ele>34.3</ele><time>2026-03-03T07:51:45Z</time></trkpt><trkpt lat="60.226388" lon="24.950535"><ele>33.4</ele><time>2026-03-03T07:51:46Z</time></trkpt><trkpt lat="60.226382" lon="24.95054"><ele>33.2</ele><time>2026-03-03T07:51:47Z</time></trkpt><trkpt lat="60.226358" lon="24.95056"><ele>33.3</ele><time>2026-03-03T07:51:48Z</time></trkpt><trkpt lat="60.22635" lon="24.950568"><ele>34.1</ele><time>2026-03-03T07:51:49Z</time><extensions><gpxtpx:TrackPointExtension><gpxtpx:hr>77</gpxtpx:hr></gpxtpx:TrackPointExtension></extensions></trkpt><trkpt lat="60.226338" lon="24.950578"><ele>34.4</ele><time>2026-03-03T07:51:50Z</time></trkpt><trkpt lat="60.226325" lon="24.950588"><ele>34.5</ele><time>2026-03-03T07:51:51Z</time></trkpt><trkpt lat="60.226313" lon="24.950603"><ele>34.5</ele><time>2026-03-03T07:51:52Z</time></trkpt><trkpt lat="60.226302" lon="24.950622"><ele>34.5</ele><time>2026-03-03T07:51:53Z</time></trkpt><trkpt lat="60.226288" lon="24.95064"><ele>34.8</ele><time>2026-03-03T07:51:54Z</time></trkpt><trkpt lat="60.226277" lon="24.950653"><ele>34.6</ele><time>2026-03-03T07:51:55Z</time></trkpt><trkpt lat="60.226263" lon="24.950665"><ele>34.8</ele><time>2026-03-03T07:51:56Z</time><extensions><gpxtpx:TrackPointExtension><gpxtpx:hr>73</gpxtpx:hr></gpxtpx:TrackPointExtension></extensions></trkpt><trkpt lat="60.226252" lon="24.950675"><ele>34.7</ele><time>2026-03-03T07:51:57Z</time></trkpt><trkpt lat="60.22624" lon="24.950687"><ele>34.5</ele><time>2026-03-03T07:51:58Z</time></trkpt><trkpt lat="60.226228" lon="24.950703"><ele>34.6</ele><time>2026-03-03T07:51:59Z</time></trkpt><trkpt lat="60.22622" lon="24.950727"><ele>34.6</ele><time>2026-03-03T07:52:00Z</time></trkpt><trkpt lat="60.226208" lon="24.95074"><ele>34.3</ele><time>2026-03-03T07:52:01Z</time></trkpt><trkpt lat="60.226197" lon="24.950753"><ele>34.4</ele><time>2026-03-03T07:52:02Z</time></trkpt><trkpt lat="60.226185" lon="24.950768"><ele>34.4</ele><time>2026-03-03T07:52:03Z</time><extensions><gpxtpx:TrackPointExtension><gpxtpx:hr>76</gpxtpx:hr></gpxtpx:TrackPointExtension></extensions></trkpt><trkpt lat="60.226175" lon="24.950783"><ele>34.4</ele><time>2026-03-03T07:52:04Z</time></trkpt><trkpt lat="60.226163" lon="24.950795"><ele>34.4</ele><time>2026-03-03T07:52:05Z</time></trkpt><trkpt lat="60.226153" lon="24.950808"><ele>34.2</ele><time>2026-03-03T07:52:06Z</time></trkpt><trkpt lat="60.226148" lon="24.950823"><ele>34.0</ele><time>2026-03-03T07:52:07Z</time><extensions><gpxtpx:TrackPointExtension><gpxtpx:hr>79</gpxtpx:hr></gpxtpx:TrackPointExtension></extensions></trkpt><trkpt lat="60.22614" lon="24.950833"><ele>34.3</ele><time>2026-03-03T07:52:08Z</time></trkpt><trkpt lat="60.226128" lon="24.950852"><ele>34.3</ele><time>2026-03-03T07:52:09Z</time><extensions><gpxtpx:TrackPointExtension><gpxtpx:hr>79</gpxtpx:hr></gpxtpx:TrackPointExtension></extensions></trkpt><trkpt lat="60.22612" lon="24.950872"><ele>33.9</ele><time>2026-03-03T07:52:10Z</time></trkpt><trkpt lat="60.22611" lon="24.950885"><ele>34.0</ele><time>2026-03-03T07:52:11Z</time></trkpt><trkpt lat="60.226102" lon="24.950898"><ele>33.5</ele><time>2026-03-03T07:52:12Z</time></trkpt><trkpt lat="60.226097" lon="24.950905"><ele>32.8</ele><time>2026-03-03T07:52:13Z</time></trkpt><trkpt lat="60.226082" lon="24.950928"><ele>33.1</ele><time>2026-03-03T07:52:14Z</time><extensions><gpxtpx:TrackPointExtension><gpxtpx:hr>83</gpxtpx:hr></gpxtpx:TrackPointExtension></extensions></trkpt><trkpt lat="60.22607" lon="24.950937"><ele>33.3</ele><time>2026-03-03T07:52:15Z</time></trkpt><trkpt lat="60.22606" lon="24.950955"><ele>33.5</ele><time>2026-03-03T07:52:16Z</time></trkpt><trkpt lat="60.226052" lon="24.950975"><ele>33.2</ele><time>2026-03-03T07:52:17Z</time></trkpt><trkpt lat="60.226042" lon="24.950993"><ele>32.7</ele><time>2026-03-03T07:52:18Z</time></trkpt><trkpt lat="60.226033" lon="24.951013"><ele>32.8</ele><time>2026-03-03T07:52:19Z</time></trkpt><trkpt lat="60.226022" lon="24.951028"><ele>32.8</ele><time>2026-03-03T07:52:20Z</time></trkpt><trkpt lat="60.226012" lon="24.951038"><ele>32.9</ele><time>2026-03-03T07:52:21Z</time></trkpt><trkpt lat="60.226002" lon="24.951053"><ele>32.7</ele><time>2026-03-03T07:52:22Z</time></trkpt><trkpt lat="60.225993" lon="24.951073"><ele>32.6</ele><time>2026-03-03T07:52:23Z</time><extensions><gpxtpx:TrackPointExtension><gpxtpx:hr>82</gpxtpx:hr></gpxtpx:TrackPointExtension></extensions></trkpt><trkpt lat="60.225985" lon="24.951092"><ele>32.7</ele><time>2026-03-03T07:52:24Z</time></trkpt><trkpt lat="60.225977" lon="24.951108"><ele>32.5</ele><time>2026-03-03T07:52:25Z</time></trkpt><trkpt lat="60.225967" lon="24.951127"><ele>32.5</ele><time>2026-03-03T07:52:26Z</time></trkpt><trkpt lat="60.225957" lon="24.951142"><ele>32.4</ele><time>2026-03-03T07:52:27Z</time></trkpt><trkpt lat="60.225947" lon="24.95116"><ele>32.3</ele><time>2026-03-03T07:52:28Z</time><extensions><gpxtpx:TrackPointExtension><gpxtpx:hr>82</gpxtpx:hr></gpxtpx:TrackPointExtension></extensions></trkpt><trkpt lat="60.225937" lon="24.951175"><ele>32.1</ele><time>2026-03-03T07:52:29Z</time></trkpt><trkpt lat="60.225927" lon="24.951193"><ele>32.2</ele><time>2026-03-03T07:52:30Z</time></trkpt><trkpt lat="60.225918" lon="24.951212"><ele>32.1</ele><time>2026-03-03T07:52:31Z</time></trkpt><trkpt lat="60.225908" lon="24.951227"><ele>32.0</ele><time>2026-03-03T07:52:32Z</time></trkpt><trkpt lat="60.225898" lon="24.951238"><ele>32.0</ele><time>2026-03-03T07:52:33Z</time><extensions><gpxtpx:TrackPointExtension><gpxtpx:hr>82</gpxtpx:hr></gpxtpx:TrackPointExtension></extensions></trkpt><trkpt lat="60.225887" lon="24.95126"><ele>31.9</ele><time>2026-03-03T07:52:33Z</time></trkpt><trkpt lat="60.22588" lon="24.95128"><ele>31.8</ele><time>2026-03-03T07:52:34Z</time></trkpt><trkpt lat="60.225872" lon="24.951305"><ele>32.0</ele><time>2026-03-03T07:52:35Z</time></trkpt><trkpt lat="60.225867" lon="24.951323"><ele>31.8</ele><time>2026-03-03T07:52:36Z</time></trkpt><trkpt lat="60.225857" lon="24.951345"><ele>31.9</ele><time>2026-03-03T07:52:37Z</time></trkpt><trkpt lat="60.225848" lon="24.951362"><ele>31.8</ele><time>2026-03-03T07:52:38Z</time><extensions><gpxtpx:TrackPointExtension><gpxtpx:hr>82</gpxtpx:hr></gpxtpx:TrackPointExtension></extensions></trkpt><trkpt lat="60.225838" lon="24.951383"><ele>31.6</ele><time>2026-03-03T07:52:39Z</time></trkpt><trkpt lat="60.225827" lon="24.951395"><ele>31.4</ele><time>2026-03-03T07:52:40Z</time></trkpt><trkpt lat="60.225817" lon="24.951412"><ele>31.3</ele><time>2026-03-03T07:52:41Z</time><extensions><gpxtpx:TrackPointExtension><gpxtpx:hr>81</gpxtpx:hr></gpxtpx:TrackPointExtension></extensions></trkpt><trkpt lat="60.225807" lon="24.951433"><ele>31.2</ele><time>2026-03-03T07:52:42Z</time></trkpt><trkpt lat="60.225797" lon="24.951443"><ele>31.4</ele><time>2026-03-03T07:52:43Z</time></trkpt><trkpt lat="60.225783" lon="24.951457"><ele>31.4</ele><time>2026-03-03T07:52:44Z</time></trkpt><trkpt lat="60.22577" lon="24.951473"><ele>31.3</ele><time>2026-03-03T07:52:45Z</time></trkpt><trkpt lat="60.225758" lon="24.951492"><ele>31.3</ele><time>2026-03-03T07:52:46Z</time></trkpt><trkpt lat="60.225748" lon="24.95151"><ele>31.2</ele><time>2026-03-03T07:52:47Z</time></trkpt><trkpt lat="60.225738" lon="24.95153"><ele>31.1</ele><time>2026-03-03T07:52:48Z</time><extensions><gpxtpx:TrackPointExtension><gpxtpx:hr>81</gpxtpx:hr></gpxtpx:TrackPointExtension></extensions></trkpt><trkpt lat="60.225728" lon="24.951548"><ele>31.1</ele><time>2026-03-03T07:52:49Z</time></trkpt><trkpt lat="60.225717" lon="24.951563"><ele>30.8</ele><time>2026-03-03T07:52:50Z</time><extensions><gpxtpx:TrackPointExtension><gpxtpx:hr>81</gpxtpx:hr></gpxtpx:TrackPointExtension></extensions></trkpt><trkpt lat="60.225707" lon="24.951578"><ele>30.9</ele><time>2026-03-03T07:52:51Z</time></trkpt><trkpt lat="60.225698" lon="24.951597"><ele>30.8</ele><time>2026-03-03T07:52:52Z</time></trkpt><trkpt lat="60.225688" lon="24.951615"><ele>30.9</ele><time>2026-03-03T07:52:53Z</time></trkpt><trkpt lat="60.22568" lon="24.951635"><ele>30.5</ele><time>2026-03-03T07:52:54Z</time><extensions><gpxtpx:TrackPointExtension><gpxtpx:hr>82</gpxtpx:hr></gpxtpx:TrackPointExtension></extensions></trkpt><trkpt lat="60.22567" lon="24.951653"><ele>30.4</ele><time>2026-03-03T07:52:55Z</time></trkpt><trkpt lat="60.22566" lon="24.95167"><ele>30.4</ele><time>2026-03-03T07:52:56Z</time></trkpt><trkpt lat="60.22565" lon="24.951687"><ele>30.4</ele><time>2026-03-03T07:52:57Z</time></trkpt><trkpt lat="60.225638" lon="24.951702"><ele>30.3</ele><time>2026-03-03T07:52:58Z</time></trkpt><trkpt lat="60.22563" lon="24.951718"><ele>30.2</ele><time>2026-03-03T07:52:59Z</time><extensions><gpxtpx:TrackPointExtension><gpxtpx:hr>83</gpxtpx:hr></gpxtpx:TrackPointExtension></extensions></trkpt><trkpt lat="60.225622" lon="24.951733"><ele>30.1</ele><time>2026-03-03T07:53:00Z</time></trkpt><trkpt lat="60.225613" lon="24.95175"><ele>29.8</ele><time>2026-03-03T07:53:01Z</time></trkpt><trkpt lat="60.225602" lon="24.951765"><ele>29.8</ele><time>2026-03-03T07:53:02Z</time></trkpt><trkpt lat="60.225593" lon="24.95178"><ele>29.7</ele><time>2026-03-03T07:53:03Z</time></trkpt><trkpt lat="60.225585" lon="24.951797"><ele>29.7</ele><time>2026-03-03T07:53:04Z</time></trkpt><trkpt lat="60.225575" lon="24.951812"><ele>29.4</ele><time>2026-03-03T07:53:05Z</time></trkpt><trkpt lat="60.225565" lon="24.951827"><ele>29.3</ele><time>2026-03-03T07:53:06Z</time></trkpt><trkpt lat="60.225557" lon="24.95184"><ele>28.5</ele><time>2026-03-03T07:53:07Z</time></trkpt><trkpt lat="60.225547" lon="24.951858"><ele>28.5</ele><time>2026-03-03T07:53:08Z</time><extensions><gpxtpx:TrackPointExtension><gpxtpx:hr>82</gpxtpx:hr></gpxtpx:TrackPointExtension></extensions></trkpt><trkpt lat="60.225537" lon="24.951877"><ele>28.6</ele><time>2026-03-03T07:53:09Z</time></trkpt><trkpt lat="60.225527" lon="24.951893"><ele>28.8</ele><time>2026-03-03T07:53:10Z</time></trkpt><trkpt lat="60.225518" lon="24.951912"><ele>28.6</ele><time>2026-03-03T07:53:11Z</time><extensions><gpxtpx:TrackPointExtension><gpxtpx:hr>82</gpxtpx:hr></gpxtpx:TrackPointExtension></extensions></trkpt><trkpt lat="60.225508" lon="24.951928"><ele>28.5</ele><time>2026-03-03T07:53:12Z</time></trkpt><trkpt lat="60.225498" lon="24.951945"><ele>28.4</ele><time>2026-03-03T07:53:13Z</time></trkpt><trkpt lat="60.225487" lon="24.951962"><ele>28.4</ele><time>2026-03-03T07:53:14Z</time><extensions><gpxtpx:TrackPointExtension><gpxtpx:hr>82</gpxtpx:hr></gpxtpx:TrackPointExtension></extensions></trkpt><trkpt lat="60.225477" lon="24.951978"><ele>28.3</ele><time>2026-03-03T07:53:15Z</time></trkpt><trkpt lat="60.225467" lon="24.951998"><ele>28.4</ele><time>2026-03-03T07:53:16Z</time></trkpt><trkpt lat="60.225458" lon="24.952017"><ele>28.3</ele><time>2026-03-03T07:53:17Z</time></trkpt><trkpt lat="60.225448" lon="24.952032"><ele>28.4</ele><time>2026-03-03T07:53:18Z</time></trkpt><trkpt lat="60.225437" lon="24.95205"><ele>28.5</ele><time>2026-03-03T07:53:19Z</time></trkpt><trkpt lat="60.225427" lon="24.952065"><ele>28.7</ele><time>2026-03-03T07:53:20Z</time></trkpt><trkpt lat="60.225415" lon="24.952082"><ele>28.5</ele><time>2026-03-03T07:53:21Z</time></trkpt><trkpt lat="60.225407" lon="24.952102"><ele>28.4</ele><time>2026-03-03T07:53:22Z</time></trkpt><trkpt lat="60.225397" lon="24.952115"><ele>27.9</ele><time>2026-03-03T07:53:23Z</time><extensions><gpxtpx:TrackPointExtension><gpxtpx:hr>82</gpxtpx:hr></gpxtpx:TrackPointExtension></extensions></trkpt><trkpt lat="60.225385" lon="24.952133"><ele>28.2</ele><time>2026-03-03T07:53:24Z</time></trkpt><trkpt lat="60.225375" lon="24.952152"><ele>28.7</ele><time>2026-03-03T07:53:25Z</time></trkpt><trkpt lat="60.225365" lon="24.95217"><ele>28.6</ele><time>2026-03-03T07:53:26Z</time></trkpt><trkpt lat="60.225357" lon="24.95219"><ele>28.7</ele><time>2026-03-03T07:53:27Z</time><extensions><gpxtpx:TrackPointExtension><gpxtpx:hr>83</gpxtpx:hr></gpxtpx:TrackPointExtension></extensions></trkpt><trkpt lat="60.225347" lon="24.95221"><ele>28.8</ele><time>2026-03-03T07:53:28Z</time></trkpt><trkpt lat="60.225337" lon="24.952227"><ele>28.7</ele><time>2026-03-03T07:53:29Z</time><extensions><gpxtpx:TrackPointExtension><gpxtpx:hr>84</gpxtpx:hr></gpxtpx:TrackPointExtension></extensions></trkpt><trkpt lat="60.225325" lon="24.952245"><ele>28.7</ele><time>2026-03-03T07:53:30Z</time></trkpt><trkpt lat="60.225317" lon="24.952262"><ele>28.6</ele><time>2026-03-03T07:53:31Z</time></trkpt><trkpt lat="60.225308" lon="24.952282"><ele>28.7</ele><time>2026-03-03T07:53:32Z</time></trkpt><trkpt lat="60.225302" lon="24.952295"><ele>28.4</ele><time>2026-03-03T07:53:33Z</time></trkpt><trkpt lat="60.22529" lon="24.95231"><ele>28.2</ele><time>2026-03-03T07:53:34Z</time></trkpt><trkpt lat="60.225283" lon="24.952328"><ele>28.2</ele><time>2026-03-03T07:53:35Z</time></trkpt><trkpt lat="60.225277" lon="24.952352"><ele>28.2</ele><time>2026-03-03T07:53:36Z</time></trkpt><trkpt lat="60.22527" lon="24.95237"><ele>27.7</ele><time>2026-03-03T07:53:37Z</time></trkpt><trkpt lat="60.225262" lon="24.952395"><ele>27.8</ele><time>2026-03-03T07:53:38Z</time><extensions><gpxtpx:TrackPointExtension><gpxtpx:hr>83</gpxtpx:hr></gpxtpx:TrackPointExtension></extensions></trkpt><trkpt lat="60.225255" lon="24.952417"><ele>28.3</ele><time>2026-03-03T07:53:39Z</time></trkpt><trkpt lat="60.225248" lon="24.952438"><ele>28.0</ele><time>2026-03-03T07:53:40Z</time></trkpt><trkpt lat="60.225243" lon="24.952455"><ele>27.5</ele><time>2026-03-03T07:53:41Z</time></trkpt><trkpt lat="60.225237" lon="24.952477"><ele>27.6</ele><time>2026-03-03T07:53:42Z</time></trkpt><trkpt lat="60.225227" lon="24.952498"><ele>28.3</ele><time>2026-03-03T07:53:43Z</time><extensions><gpxtpx:TrackPointExtension><gpxtpx:hr>84</gpxtpx:hr></gpxtpx:TrackPointExtension></extensions></trkpt><trkpt lat="60.225222" lon="24.95252"><ele>28.6</ele><time>2026-03-03T07:53:44Z</time></trkpt><trkpt lat="60.225217" lon="24.952548"><ele>28.8</ele><time>2026-03-03T07:53:45Z</time><extensions><gpxtpx:TrackPointExtension><gpxtpx:hr>84</gpxtpx:hr></gpxtpx:TrackPointExtension></extensions></trkpt><trkpt lat="60.22521" lon="24.952565"><ele>29.2</ele><time>2026-03-03T07:53:46Z</time></trkpt><trkpt lat="60.225213" lon="24.952582"><ele>29.3</ele><time>2026-03-03T07:53:47Z</time></trkpt><trkpt lat="60.225212" lon="24.952602"><ele>29.0</ele><time>2026-03-03T07:53:48Z</time></trkpt><trkpt lat="60.225207" lon="24.952638"><ele>28.9</ele><time>2026-03-03T07:53:49Z</time><extensions><gpxtpx:TrackPointExtension><gpxtpx:hr>83</gpxtpx:hr></gpxtpx:TrackPointExtension></extensions></trkpt><trkpt lat="60.225203" lon="24.952648"><ele>28.1</ele><time>2026-03-03T07:53:50Z</time></trkpt><trkpt lat="60.2252" lon="24.952683"><ele>26.9</ele><time>2026-03-03T07:53:51Z</time></trkpt><trkpt lat="60.225203" lon="24.952703"><ele>27.2</ele><time>2026-03-03T07:53:52Z</time></trkpt><trkpt lat="60.22521" lon="24.952718"><ele>27.4</ele><time>2026-03-03T07:53:53Z</time></trkpt><trkpt lat="60.225253" lon="24.952782"><ele>27.2</ele><time>2026-03-03T07:53:57Z</time><extensions><gpxtpx:TrackPointExtension><gpxtpx:hr>84</gpxtpx:hr></gpxtpx:TrackPointExtension></extensions></trkpt><trkpt lat="60.225265" lon="24.952793"><ele>27.2</ele><time>2026-03-03T07:53:58Z</time></trkpt><trkpt lat="60.225275" lon="24.95281"><ele>27.1</ele><time>2026-03-03T07:53:59Z</time><extensions><gpxtpx:TrackPointExtension><gpxtpx:hr>85</gpxtpx:hr></gpxtpx:TrackPointExtension></extensions></trkpt><trkpt lat="60.225287" lon="24.952823"><ele>27.4</ele><time>2026-03-03T07:54:00Z</time></trkpt><trkpt lat="60.225298" lon="24.952838"><ele>27.5</ele><time>2026-03-03T07:54:01Z</time></trkpt><trkpt lat="60.22531" lon="24.952855"><ele>27.5</ele><time>2026-03-03T07:54:02Z</time></trkpt><trkpt lat="60.225323" lon="24.952872"><ele>27.8</ele><time>2026-03-03T07:54:03Z</time></trkpt><trkpt lat="60.225333" lon="24.952887"><ele>28.0</ele><time>2026-03-03T07:54:04Z</time></trkpt><trkpt lat="60.225345" lon="24.952903"><ele>28.4</ele><time>2026-03-03T07:54:05Z</time></trkpt><trkpt lat="60.225357" lon="24.952918"><ele>28.5</ele><time>2026-03-03T07:54:06Z</time></trkpt><trkpt lat="60.225368" lon="24.952933"><ele>28.8</ele><time>2026-03-03T07:54:07Z</time></trkpt><trkpt lat="60.225378" lon="24.952952"><ele>28.9</ele><time>2026-03-03T07:54:08Z</time><extensions><gpxtpx:TrackPointExtension><gpxtpx:hr>88</gpxtpx:hr></gpxtpx:TrackPointExtension></extensions></trkpt><trkpt lat="60.22539" lon="24.952968"><ele>28.8</ele><time>2026-03-03T07:54:09Z</time></trkpt><trkpt lat="60.22539" lon="24.952968"><ele>28.8</ele><time>2026-03-03T07:54:10Z</time></trkpt><trkpt lat="60.2254" lon="24.952988"><ele>28.8</ele><time>2026-03-03T07:54:10Z</time></trkpt><trkpt lat="60.22541" lon="24.953007"><ele>28.6</ele><time>2026-03-03T07:54:11Z</time></trkpt><trkpt lat="60.22542" lon="24.953023"><ele>28.2</ele><time>2026-03-03T07:54:12Z</time></trkpt><trkpt lat="60.225432" lon="24.953028"><ele>28.0</ele><time>2026-03-03T07:54:13Z</time><extensions><gpxtpx:TrackPointExtension><gpxtpx:hr>91</gpxtpx:hr></gpxtpx:TrackPointExtension></extensions></trkpt><trkpt lat="60.22544" lon="24.953057"><ele>28.3</ele><time>2026-03-03T07:54:14Z</time></trkpt><trkpt lat="60.22545" lon="24.953077"><ele>28.6</ele><time>2026-03-03T07:54:15Z</time></trkpt><trkpt lat="60.22546" lon="24.953098"><ele>28.7</ele><time>2026-03-03T07:54:16Z</time></trkpt><trkpt lat="60.225475" lon="24.953105"><ele>28.8</ele><time>2026-03-03T07:54:17Z</time></trkpt><trkpt lat="60.225485" lon="24.953118"><ele>28.7</ele><time>2026-03-03T07:54:18Z</time><extensions><gpxtpx:TrackPointExtension><gpxtpx:hr>93</gpxtpx:hr></gpxtpx:TrackPointExtension></extensions></trkpt><trkpt lat="60.225495" lon="24.953137"><ele>28.8</ele><time>2026-03-03T07:54:19Z</time></trkpt><trkpt lat="60.225503" lon="24.953158"><ele>28.7</ele><time>2026-03-03T07:54:20Z</time></trkpt><trkpt lat="60.225513" lon="24.953173"><ele>28.0</ele><time>2026-03-03T07:54:21Z</time></trkpt><trkpt lat="60.225515" lon="24.953185"><ele>26.5</ele><time>2026-03-03T07:54:22Z</time></trkpt><trkpt lat="60.22551" lon="24.953205"><ele>25.4</ele><time>2026-03-03T07:54:23Z</time><extensions><gpxtpx:TrackPointExtension><gpxtpx:hr>91</gpxtpx:hr></gpxtpx:TrackPointExtension></extensions></trkpt><trkpt lat="60.225525" lon="24.95325"><ele>26.3</ele><time>2026-03-03T07:54:24Z</time></trkpt><trkpt lat="60.225532" lon="24.953268"><ele>25.6</ele><time>2026-03-03T07:54:25Z</time><extensions><gpxtpx:TrackPointExtension><gpxtpx:hr>91</gpxtpx:hr></gpxtpx:TrackPointExtension></extensions></trkpt><trkpt lat="60.225547" lon="24.953287"><ele>27.0</ele><time>2026-03-03T07:54:26Z</time></trkpt><trkpt lat="60.225553" lon="24.953307"><ele>26.8</ele><time>2026-03-03T07:54:27Z</time></trkpt><trkpt lat="60.225565" lon="24.953323"><ele>26.5</ele><time>2026-03-03T07:54:28Z</time></trkpt><trkpt lat="60.225572" lon="24.953345"><ele>26.1</ele><time>2026-03-03T07:54:29Z</time><extensions><gpxtpx:TrackPointExtension><gpxtpx:hr>90</gpxtpx:hr></gpxtpx:TrackPointExtension></extensions></trkpt><trkpt lat="60.225582" lon="24.953363"><ele>27.1</ele><time>2026-03-03T07:54:30Z</time></trkpt><trkpt lat="60.225592" lon="24.953378"><ele>27.5</ele><time>2026-03-03T07:54:31Z</time></trkpt><trkpt lat="60.2256" lon="24.9534"><ele>27.1</ele><time>2026-03-03T07:54:32Z</time></trkpt><trkpt lat="60.225608" lon="24.95342"><ele>27.1</ele><time>2026-03-03T07:54:33Z</time></trkpt><trkpt lat="60.225608" lon="24.953443"><ele>27.4</ele><time>2026-03-03T07:54:34Z</time><extensions><gpxtpx:TrackPointExtension><gpxtpx:hr>89</gpxtpx:hr></gpxtpx:TrackPointExtension></extensions></trkpt><trkpt lat="60.22561" lon="24.953457"><ele>27.1</ele><time>2026-03-03T07:54:35Z</time></trkpt><trkpt lat="60.225607" lon="24.953473"><ele>26.5</ele><time>2026-03-03T07:54:36Z</time></trkpt><trkpt lat="60.225605" lon="24.953493"><ele>26.0</ele><time>2026-03-03T07:54:37Z</time></trkpt><trkpt lat="60.225605" lon="24.953525"><ele>26.0</ele><time>2026-03-03T07:54:38Z</time></trkpt><trkpt lat="60.225603" lon="24.95355"><ele>26.0</ele><time>2026-03-03T07:54:39Z</time></trkpt><trkpt lat="60.225603" lon="24.953583"><ele>25.8</ele><time>2026-03-03T07:54:40Z</time></trkpt><trkpt lat="60.225597" lon="24.953613"><ele>25.8</ele><time>2026-03-03T07:54:41Z</time></trkpt><trkpt lat="60.225593" lon="24.953653"><ele>26.2</ele><time>2026-03-03T07:54:42Z</time></trkpt><trkpt lat="60.22559" lon="24.953687"><ele>26.3</ele><time>2026-03-03T07:54:43Z</time><extensions><gpxtpx:TrackPointExtension><gpxtpx:hr>88</gpxtpx:hr></gpxtpx:TrackPointExtension></extensions></trkpt><trkpt lat="60.225595" lon="24.953717"><ele>26.3</ele><time>2026-03-03T07:54:44Z</time></trkpt><trkpt lat="60.225605" lon="24.953742"><ele>27.2</ele><time>2026-03-03T07:54:45Z</time></trkpt><trkpt lat="60.22562" lon="24.953767"><ele>27.5</ele><time>2026-03-03T07:54:46Z</time></trkpt><trkpt lat="60.225623" lon="24.953792"><ele>27.4</ele><time>2026-03-03T07:54:47Z</time></trkpt><trkpt lat="60.225628" lon="24.953813"><ele>27.2</ele><time>2026-03-03T07:54:48Z</time><extensions><gpxtpx:TrackPointExtension><gpxtpx:hr>91</gpxtpx:hr></gpxtpx:TrackPointExtension></extensions></trkpt><trkpt lat="60.225637" lon="24.953842"><ele>27.9</ele><time>2026-03-03T07:54:49Z</time><extensions><gpxtpx:TrackPointExtension><gpxtpx:hr>91</gpxtpx:hr></gpxtpx:TrackPointExtension></extensions></trkpt><trkpt lat="60.225648" lon="24.953862"><ele>27.7</ele><time>2026-03-03T07:54:50Z</time></trkpt><trkpt lat="60.225657" lon="24.95388"><ele>27.7</ele><time>2026-03-03T07:54:51Z</time></trkpt><trkpt lat="60.225665" lon="24.953903"><ele>28.5</ele><time>2026-03-03T07:54:52Z</time></trkpt><trkpt lat="60.225675" lon="24.953927"><ele>28.5</ele><time>2026-03-03T07:54:53Z</time></trkpt><trkpt lat="60.225685" lon="24.953948"><ele>28.9</ele><time>2026-03-03T07:54:54Z</time><extensions><gpxtpx:TrackPointExtension><gpxtpx:hr>88</gpxtpx:hr></gpxtpx:TrackPointExtension></extensions></trkpt><trkpt lat="60.225693" lon="24.953967"><ele>29.2</ele><time>2026-03-03T07:54:55Z</time></trkpt><trkpt lat="60.225702" lon="24.953988"><ele>29.9</ele><time>2026-03-03T07:54:56Z</time></trkpt><trkpt lat="60.225708" lon="24.954018"><ele>29.3</ele><time>2026-03-03T07:54:57Z</time></trkpt><trkpt lat="60.225715" lon="24.954043"><ele>29.2</ele><time>2026-03-03T07:54:58Z</time></trkpt><trkpt lat="60.225725" lon="24.954063"><ele>28.9</ele><time>2026-03-03T07:54:59Z</time><extensions><gpxtpx:TrackPointExtension><gpxtpx:hr>87</gpxtpx:hr></gpxtpx:TrackPointExtension></extensions></trkpt><trkpt lat="60.225733" lon="24.954085"><ele>29.1</ele><time>2026-03-03T07:55:00Z</time></trkpt><trkpt lat="60.225745" lon="24.954108"><ele>29.5</ele><time>2026-03-03T07:55:01Z</time></trkpt><trkpt lat="60.22575" lon="24.954137"><ele>29.0</ele><time>2026-03-03T07:55:02Z</time></trkpt><trkpt lat="60.225758" lon="24.95416"><ele>28.7</ele><time>2026-03-03T07:55:03Z</time></trkpt><trkpt lat="60.225767" lon="24.954185"><ele>29.0</ele><time>2026-03-03T07:55:04Z</time></trkpt><trkpt lat="60.225778" lon="24.954203"><ele>28.3</ele><time>2026-03-03T07:55:05Z</time></trkpt><trkpt lat="60.22579" lon="24.954228"><ele>28.4</ele><time>2026-03-03T07:55:06Z</time><extensions><gpxtpx:TrackPointExtension><gpxtpx:hr>87</gpxtpx:hr></gpxtpx:TrackPointExtension></extensions></trkpt><trkpt lat="60.225802" lon="24.954248"><ele>28.2</ele><time>2026-03-03T07:55:07Z</time></trkpt><trkpt lat="60.225812" lon="24.95427"><ele>29.0</ele><time>2026-03-03T07:55:08Z</time></trkpt><trkpt lat="60.22582" lon="24.954298"><ele>28.9</ele><time>2026-03-03T07:55:09Z</time></trkpt><trkpt lat="60.225832" lon="24.954318"><ele>28.4</ele><time>2026-03-03T07:55:10Z</time></trkpt><trkpt lat="60.225842" lon="24.954337"><ele>28.9</ele><time>2026-03-03T07:55:11Z</time></trkpt><trkpt lat="60.225852" lon="24.954357"><ele>28.9</ele><time>2026-03-03T07:55:12Z</time></trkpt><trkpt lat="60.22586" lon="24.954378"><ele>28.8</ele><time>2026-03-03T07:55:13Z</time><extensions><gpxtpx:TrackPointExtension><gpxtpx:hr>87</gpxtpx:hr></gpxtpx:TrackPointExtension></extensions></trkpt><trkpt lat="60.225868" lon="24.9544"><ele>29.1</ele><time>2026-03-03T07:55:14Z</time></trkpt><trkpt lat="60.225873" lon="24.95442"><ele>29.1</ele><time>2026-03-03T07:55:15Z</time></trkpt><trkpt lat="60.225887" lon="24.954443"><ele>28.7</ele><time>2026-03-03T07:55:16Z</time></trkpt><trkpt lat="60.225898" lon="24.954462"><ele>29.3</ele><time>2026-03-03T07:55:17Z</time></trkpt><trkpt lat="60.225908" lon="24.954483"><ele>29.2</ele><time>2026-03-03T07:55:18Z</time><extensions><gpxtpx:TrackPointExtension><gpxtpx:hr>88</gpxtpx:hr></gpxtpx:TrackPointExtension></extensions></trkpt><trkpt lat="60.225917" lon="24.954507"><ele>28.8</ele><time>2026-03-03T07:55:19Z</time><extensions><gpxtpx:TrackPointExtension><gpxtpx:hr>88</gpxtpx:hr></gpxtpx:TrackPointExtension></extensions></trkpt><trkpt lat="60.225925" lon="24.954523"><ele>29.1</ele><time>2026-03-03T07:55:20Z</time></trkpt><trkpt lat="60.225933" lon="24.954542"><ele>29.3</ele><time>2026-03-03T07:55:21Z</time></trkpt><trkpt lat="60.22595" lon="24.954563"><ele>29.6</ele><time>2026-03-03T07:55:22Z</time></trkpt><trkpt lat="60.225962" lon="24.95458"><ele>29.4</ele><time>2026-03-03T07:55:23Z</time></trkpt><trkpt lat="60.225975" lon="24.954592"><ele>30.1</ele><time>2026-03-03T07:55:24Z</time></trkpt><trkpt lat="60.225988" lon="24.954612"><ele>30.0</ele><time>2026-03-03T07:55:25Z</time></trkpt><trkpt lat="60.226" lon="24.95463"><ele>31.4</ele><time>2026-03-03T07:55:26Z</time></trkpt><trkpt lat="60.226012" lon="24.95465"><ele>30.6</ele><time>2026-03-03T07:55:27Z</time><extensions><gpxtpx:TrackPointExtension><gpxtpx:hr>88</gpxtpx:hr></gpxtpx:TrackPointExtension></extensions></trkpt><trkpt lat="60.226023" lon="24.954665"><ele>30.3</ele><time>2026-03-03T07:55:28Z</time></trkpt><trkpt lat="60.226035" lon="24.954685"><ele>31.4</ele><time>2026-03-03T07:55:29Z</time></trkpt><trkpt lat="60.226048" lon="24.954697"><ele>32.6</ele><time>2026-03-03T07:55:30Z</time></trkpt><trkpt lat="60.226063" lon="24.954703"><ele>32.4</ele><time>2026-03-03T07:55:31Z</time></trkpt><trkpt lat="60.226077" lon="24.954708"><ele>32.3</ele><time>2026-03-03T07:55:32Z</time><extensions><gpxtpx:TrackPointExtension><gpxtpx:hr>89</gpxtpx:hr></gpxtpx:TrackPointExtension></extensions></trkpt><trkpt lat="60.226083" lon="24.954717"><ele>31.6</ele><time>2026-03-03T07:55:33Z</time></trkpt><trkpt lat="60.226097" lon="24.95473"><ele>31.6</ele><time>2026-03-03T07:55:34Z</time></trkpt><trkpt lat="60.226103" lon="24.954748"><ele>32.0</ele><time>2026-03-03T07:55:35Z</time></trkpt><trkpt lat="60.226113" lon="24.954763"><ele>32.1</ele><time>2026-03-03T07:55:36Z</time><extensions><gpxtpx:TrackPointExtension><gpxtpx:hr>89</gpxtpx:hr></gpxtpx:TrackPointExtension></extensions></trkpt><trkpt lat="60.226127" lon="24.954782"><ele>31.3</ele><time>2026-03-03T07:55:37Z</time></trkpt><trkpt lat="60.22614" lon="24.954798"><ele>31.0</ele><time>2026-03-03T07:55:38Z</time></trkpt><trkpt lat="60.22615" lon="24.954818"><ele>30.9</ele><time>2026-03-03T07:55:39Z</time></trkpt><trkpt lat="60.22616" lon="24.954838"><ele>30.7</ele><time>2026-03-03T07:55:40Z</time></trkpt><trkpt lat="60.226175" lon="24.95485"><ele>30.8</ele><time>2026-03-03T07:55:41Z</time></trkpt><trkpt lat="60.226187" lon="24.954863"><ele>30.2</ele><time>2026-03-03T07:55:42Z</time></trkpt><trkpt lat="60.226198" lon="24.954875"><ele>29.8</ele><time>2026-03-03T07:55:43Z</time><extensions><gpxtpx:TrackPointExtension><gpxtpx:hr>89</gpxtpx:hr></gpxtpx:TrackPointExtension></extensions></trkpt><trkpt lat="60.226213" lon="24.954885"><ele>30.4</ele><time>2026-03-03T07:55:44Z</time></trkpt><trkpt lat="60.226222" lon="24.954903"><ele>29.7</ele><time>2026-03-03T07:55:45Z</time></trkpt><trkpt lat="60.22623" lon="24.954923"><ele>29.9</ele><time>2026-03-03T07:55:46Z</time><extensions><gpxtpx:TrackPointExtension><gpxtpx:hr>89</gpxtpx:hr></gpxtpx:TrackPointExtension></extensions></trkpt><trkpt lat="60.226243" lon="24.954937"><ele>29.7</ele><time>2026-03-03T07:55:47Z</time></trkpt><trkpt lat="60.226253" lon="24.954955"><ele>29.4</ele><time>2026-03-03T07:55:48Z</time></trkpt><trkpt lat="60.226263" lon="24.954977"><ele>29.5</ele><time>2026-03-03T07:55:49Z</time></trkpt><trkpt lat="60.226272" lon="24.954995"><ele>29.6</ele><time>2026-03-03T07:55:50Z</time><extensions><gpxtpx:TrackPointExtension><gpxtpx:hr>90</gpxtpx:hr></gpxtpx:TrackPointExtension></extensions></trkpt><trkpt lat="60.226283" lon="24.95501"><ele>29.3</ele><time>2026-03-03T07:55:51Z</time></trkpt><trkpt lat="60.226295" lon="24.955017"><ele>29.5</ele><time>2026-03-03T07:55:52Z</time></trkpt><trkpt lat="60.226312" lon="24.955033"><ele>29.5</ele><time>2026-03-03T07:55:53Z</time></trkpt><trkpt lat="60.226323" lon="24.955048"><ele>29.5</ele><time>2026-03-03T07:55:54Z</time></trkpt><trkpt lat="60.226335" lon="24.955065"><ele>29.0</ele><time>2026-03-03T07:55:55Z</time></trkpt><trkpt lat="60.226348" lon="24.955083"><ele>28.9</ele><time>2026-03-03T07:55:56Z</time></trkpt><trkpt lat="60.226357" lon="24.955103"><ele>28.6</ele><time>2026-03-03T07:55:57Z</time><extensions><gpxtpx:TrackPointExtension><gpxtpx:hr>90</gpxtpx:hr></gpxtpx:TrackPointExtension></extensions></trkpt><trkpt lat="60.226367" lon="24.955127"><ele>28.6</ele><time>2026-03-03T07:55:58Z</time></trkpt><trkpt lat="60.226377" lon="24.955145"><ele>28.8</ele><time>2026-03-03T07:55:59Z</time><extensions><gpxtpx:TrackPointExtension><gpxtpx:hr>91</gpxtpx:hr></gpxtpx:TrackPointExtension></extensions></trkpt><trkpt lat="60.226387" lon="24.955168"><ele>29.0</ele><time>2026-03-03T07:56:00Z</time></trkpt><trkpt lat="60.2264" lon="24.955187"><ele>28.9</ele><time>2026-03-03T07:56:01Z</time></trkpt><trkpt lat="60.226408" lon="24.9552"><ele>28.9</ele><time>2026-03-03T07:56:02Z</time></trkpt><trkpt lat="60.226415" lon="24.955222"><ele>28.6</ele><time>2026-03-03T07:56:03Z</time></trkpt><trkpt lat="60.226428" lon="24.955237"><ele>29.3</ele><time>2026-03-03T07:56:04Z</time><extensions><gpxtpx:TrackPointExtension><gpxtpx:hr>90</gpxtpx:hr></gpxtpx:TrackPointExtension></extensions></trkpt><trkpt lat="60.226442" lon="24.95526"><ele>29.7</ele><time>2026-03-03T07:56:05Z</time></trkpt><trkpt lat="60.226452" lon="24.95528"><ele>29.0</ele><time>2026-03-03T07:56:06Z</time></trkpt><trkpt lat="60.226462" lon="24.955297"><ele>29.1</ele><time>2026-03-03T07:56:07Z</time></trkpt><trkpt lat="60.22647" lon="24.955313"><ele>29.3</ele><time>2026-03-03T07:56:08Z</time></trkpt><trkpt lat="60.226482" lon="24.955335"><ele>28.9</ele><time>2026-03-03T07:56:09Z</time></trkpt><trkpt lat="60.22649" lon="24.955355"><ele>28.5</ele><time>2026-03-03T07:56:10Z</time></trkpt><trkpt lat="60.2265" lon="24.955377"><ele>28.2</ele><time>2026-03-03T07:56:11Z</time></trkpt><trkpt lat="60.226507" lon="24.955402"><ele>27.7</ele><time>2026-03-03T07:56:12Z</time></trkpt><trkpt lat="60.226515" lon="24.955427"><ele>28.2</ele><time>2026-03-03T07:56:13Z</time><extensions><gpxtpx:TrackPointExtension><gpxtpx:hr>89</gpxtpx:hr></gpxtpx:TrackPointExtension></extensions></trkpt><trkpt lat="60.226528" lon="24.955448"><ele>28.2</ele><time>2026-03-03T07:56:14Z</time></trkpt><trkpt lat="60.226538" lon="24.95547"><ele>28.4</ele><time>2026-03-03T07:56:15Z</time><extensions><gpxtpx:TrackPointExtension><gpxtpx:hr>90</gpxtpx:hr></gpxtpx:TrackPointExtension></extensions></trkpt><trkpt lat="60.226547" lon="24.95549"><ele>29.0</ele><time>2026-03-03T07:56:16Z</time></trkpt><trkpt lat="60.226553" lon="24.955515"><ele>29.1</ele><time>2026-03-03T07:56:17Z</time></trkpt><trkpt lat="60.226562" lon="24.955538"><ele>28.0</ele><time>2026-03-03T07:56:18Z</time></trkpt><trkpt lat="60.226568" lon="24.955565"><ele>27.5</ele><time>2026-03-03T07:56:19Z</time><extensions><gpxtpx:TrackPointExtension><gpxtpx:hr>90</gpxtpx:hr></gpxtpx:TrackPointExtension></extensions></trkpt><trkpt lat="60.226575" lon="24.95559"><ele>28.0</ele><time>2026-03-03T07:56:20Z</time></trkpt><trkpt lat="60.226585" lon="24.955618"><ele>28.6</ele><time>2026-03-03T07:56:21Z</time></trkpt><trkpt lat="60.226588" lon="24.95564"><ele>29.2</ele><time>2026-03-03T07:56:22Z</time></trkpt><trkpt lat="60.226592" lon="24.955667"><ele>28.4</ele><time>2026-03-03T07:56:23Z</time></trkpt><trkpt lat="60.2266" lon="24.955693"><ele>28.7</ele><time>2026-03-03T07:56:24Z</time><extensions><gpxtpx:TrackPointExtension><gpxtpx:hr>91</gpxtpx:hr></gpxtpx:TrackPointExtension></extensions></trkpt><trkpt lat="60.22661" lon="24.955718"><ele>28.5</ele><time>2026-03-03T07:56:25Z</time></trkpt><trkpt lat="60.22662" lon="24.955748"><ele>28.4</ele><time>2026-03-03T07:56:26Z</time></trkpt><trkpt lat="60.226632" lon="24.955772"><ele>29.2</ele><time>2026-03-03T07:56:27Z</time></trkpt><trkpt lat="60.226637" lon="24.9558"><ele>28.4</ele><time>2026-03-03T07:56:28Z</time></trkpt><trkpt lat="60.22664" lon="24.955827"><ele>28.1</ele><time>2026-03-03T07:56:29Z</time></trkpt><trkpt lat="60.226643" lon="24.955848"><ele>27.7</ele><time>2026-03-03T07:56:30Z</time><extensions><gpxtpx:TrackPointExtension><gpxtpx:hr>90</gpxtpx:hr></gpxtpx:TrackPointExtension></extensions></trkpt><trkpt lat="60.22665" lon="24.955868"><ele>27.2</ele><time>2026-03-03T07:56:31Z</time></trkpt><trkpt lat="60.22666" lon="24.955892"><ele>28.0</ele><time>2026-03-03T07:56:32Z</time></trkpt><trkpt lat="60.226668" lon="24.955905"><ele>27.8</ele><time>2026-03-03T07:56:33Z</time></trkpt><trkpt lat="60.22668" lon="24.955922"><ele>27.8</ele><time>2026-03-03T07:56:34Z</time><extensions><gpxtpx:TrackPointExtension><gpxtpx:hr>89</gpxtpx:hr></gpxtpx:TrackPointExtension></extensions></trkpt><trkpt lat="60.226693" lon="24.955942"><ele>27.4</ele><time>2026-03-03T07:56:35Z</time></trkpt><trkpt lat="60.226707" lon="24.955962"><ele>28.4</ele><time>2026-03-03T07:56:36Z</time></trkpt><trkpt lat="60.22672" lon="24.955972"><ele>29.2</ele><time>2026-03-03T07:56:37Z</time></trkpt><trkpt lat="60.22673" lon="24.955998"><ele>29.1</ele><time>2026-03-03T07:56:38Z</time></trkpt><trkpt lat="60.226738" lon="24.956027"><ele>28.6</ele><time>2026-03-03T07:56:39Z</time></trkpt><trkpt lat="60.22675" lon="24.956043"><ele>28.4</ele><time>2026-03-03T07:56:40Z</time></trkpt><trkpt lat="60.226758" lon="24.95606"><ele>28.5</ele><time>2026-03-03T07:56:41Z</time></trkpt><trkpt lat="60.226763" lon="24.95608"><ele>28.4</ele><time>2026-03-03T07:56:42Z</time></trkpt><trkpt lat="60.22677" lon="24.956105"><ele>28.0</ele><time>2026-03-03T07:56:43Z</time><extensions><gpxtpx:TrackPointExtension><gpxtpx:hr>90</gpxtpx:hr></gpxtpx:TrackPointExtension></extensions></trkpt><trkpt lat="60.226778" lon="24.956127"><ele>27.2</ele><time>2026-03-03T07:56:44Z</time></trkpt><trkpt lat="60.226788" lon="24.956152"><ele>27.2</ele><time>2026-03-03T07:56:45Z</time><extensions><gpxtpx:TrackPointExtension><gpxtpx:hr>90</gpxtpx:hr></gpxtpx:TrackPointExtension></extensions></trkpt><trkpt lat="60.2268" lon="24.956173"><ele>27.5</ele><time>2026-03-03T07:56:46Z</time></trkpt><trkpt lat="60.226813" lon="24.956192"><ele>27.3</ele><time>2026-03-03T07:56:47Z</time></trkpt><trkpt lat="60.22683" lon="24.956202"><ele>27.5</ele><time>2026-03-03T07:56:48Z</time></trkpt><trkpt lat="60.226848" lon="24.95621"><ele>28.2</ele><time>2026-03-03T07:56:49Z</time><extensions><gpxtpx:TrackPointExtension><gpxtpx:hr>91</gpxtpx:hr></gpxtpx:TrackPointExtension></extensions></trkpt><trkpt lat="60.22686" lon="24.956227"><ele>28.6</ele><time>2026-03-03T07:56:50Z</time></trkpt><trkpt lat="60.226872" lon="24.956242"><ele>29.0</ele><time>2026-03-03T07:56:51Z</time></trkpt><trkpt lat="60.226892" lon="24.956257"><ele>29.7</ele><time>2026-03-03T07:56:52Z</time></trkpt><trkpt lat="60.226905" lon="24.95627"><ele>30.1</ele><time>2026-03-03T07:56:53Z</time></trkpt><trkpt lat="60.22692" lon="24.95629"><ele>30.4</ele><time>2026-03-03T07:56:54Z</time></trkpt><trkpt lat="60.226935" lon="24.956307"><ele>31.4</ele><time>2026-03-03T07:56:55Z</time><extensions><gpxtpx:TrackPointExtension><gpxtpx:hr>91</gpxtpx:hr></gpxtpx:TrackPointExtension></extensions></trkpt><trkpt lat="60.226947" lon="24.95632"><ele>31.8</ele><time>2026-03-03T07:56:56Z</time></trkpt><trkpt lat="60.226958" lon="24.956335"><ele>31.2</ele><time>2026-03-03T07:56:57Z</time></trkpt><trkpt lat="60.22697" lon="24.956348"><ele>31.0</ele><time>2026-03-03T07:56:58Z</time></trkpt><trkpt lat="60.226982" lon="24.956372"><ele>30.8</ele><time>2026-03-03T07:56:59Z</time></trkpt><trkpt lat="60.226987" lon="24.956397"><ele>30.5</ele><time>2026-03-03T07:57:00Z</time><extensions><gpxtpx:TrackPointExtension><gpxtpx:hr>91</gpxtpx:hr></gpxtpx:TrackPointExtension></extensions></trkpt><trkpt lat="60.226993" lon="24.956425"><ele>30.5</ele><time>2026-03-03T07:57:01Z</time></trkpt><trkpt lat="60.227005" lon="24.956448"><ele>30.4</ele><time>2026-03-03T07:57:02Z</time></trkpt><trkpt lat="60.227017" lon="24.956467"><ele>30.4</ele><time>2026-03-03T07:57:03Z</time></trkpt><trkpt lat="60.227022" lon="24.956493"><ele>30.6</ele><time>2026-03-03T07:57:04Z</time></trkpt><trkpt lat="60.22703" lon="24.956515"><ele>30.5</ele><time>2026-03-03T07:57:05Z</time></trkpt><trkpt lat="60.22704" lon="24.956537"><ele>30.6</ele><time>2026-03-03T07:57:06Z</time></trkpt><trkpt lat="60.227052" lon="24.956555"><ele>30.1</ele><time>2026-03-03T07:57:07Z</time></trkpt><trkpt lat="60.227063" lon="24.95658"><ele>30.6</ele><time>2026-03-03T07:57:08Z</time><extensions><gpxtpx:TrackPointExtension><gpxtpx:hr>90</gpxtpx:hr></gpxtpx:TrackPointExtension></extensions></trkpt><trkpt lat="60.227075" lon="24.956602"><ele>30.7</ele><time>2026-03-03T07:57:09Z</time></trkpt><trkpt lat="60.227087" lon="24.956625"><ele>30.8</ele><time>2026-03-03T07:57:10Z</time><extensions><gpxtpx:TrackPointExtension><gpxtpx:hr>90</gpxtpx:hr></gpxtpx:TrackPointExtension></extensions></trkpt><trkpt lat="60.2271" lon="24.956645"><ele>31.2</ele><time>2026-03-03T07:57:11Z</time></trkpt><trkpt lat="60.227112" lon="24.956665"><ele>31.2</ele><time>2026-03-03T07:57:12Z</time></trkpt><trkpt lat="60.227123" lon="24.956683"><ele>31.0</ele><time>2026-03-03T07:57:13Z</time></trkpt><trkpt lat="60.22714" lon="24.956695"><ele>31.1</ele><time>2026-03-03T07:57:14Z</time></trkpt><trkpt lat="60.227153" lon="24.956707"><ele>31.7</ele><time>2026-03-03T07:57:15Z</time></trkpt><trkpt lat="60.227168" lon="24.956717"><ele>32.5</ele><time>2026-03-03T07:57:16Z</time><extensions><gpxtpx:TrackPointExtension><gpxtpx:hr>92</gpxtpx:hr></gpxtpx:TrackPointExtension></extensions></trkpt><trkpt lat="60.22718" lon="24.95672"><ele>32.5</ele><time>2026-03-03T07:57:17Z</time></trkpt><trkpt lat="60.227188" lon="24.956742"><ele>32.6</ele><time>2026-03-03T07:57:18Z</time></trkpt><trkpt lat="60.227195" lon="24.95676"><ele>32.3</ele><time>2026-03-03T07:57:19Z</time><extensions><gpxtpx:TrackPointExtension><gpxtpx:hr>92</gpxtpx:hr></gpxtpx:TrackPointExtension></extensions></trkpt><trkpt lat="60.227207" lon="24.956775"><ele>31.2</ele><time>2026-03-03T07:57:20Z</time></trkpt><trkpt lat="60.227218" lon="24.956793"><ele>31.6</ele><time>2026-03-03T07:57:21Z</time></trkpt><trkpt lat="60.22723" lon="24.95681"><ele>31.8</ele><time>2026-03-03T07:57:22Z</time></trkpt><trkpt lat="60.227242" lon="24.956822"><ele>31.3</ele><time>2026-03-03T07:57:23Z</time></trkpt><trkpt lat="60.227253" lon="24.956835"><ele>31.1</ele><time>2026-03-03T07:57:24Z</time><extensions><gpxtpx:TrackPointExtension><gpxtpx:hr>91</gpxtpx:hr></gpxtpx:TrackPointExtension></extensions></trkpt><trkpt lat="60.227265" lon="24.956847"><ele>30.7</ele><time>2026-03-03T07:57:25Z</time></trkpt><trkpt lat="60.227273" lon="24.956858"><ele>30.3</ele><time>2026-03-03T07:57:26Z</time></trkpt><trkpt lat="60.227287" lon="24.956882"><ele>30.2</ele><time>2026-03-03T07:57:27Z</time></trkpt><trkpt lat="60.227295" lon="24.956903"><ele>29.7</ele><time>2026-03-03T07:57:28Z</time></trkpt><trkpt lat="60.227305" lon="24.956925"><ele>29.9</ele><time>2026-03-03T07:57:29Z</time></trkpt><trkpt lat="60.227315" lon="24.956945"><ele>29.1</ele><time>2026-03-03T07:57:30Z</time></trkpt><trkpt lat="60.227322" lon="24.956968"><ele>29.5</ele><time>2026-03-03T07:57:31Z</time><extensions><gpxtpx:TrackPointExtension><gpxtpx:hr>90</gpxtpx:hr></gpxtpx:TrackPointExtension></extensions></trkpt><trkpt lat="60.227332" lon="24.956988"><ele>29.1</ele><time>2026-03-03T07:57:32Z</time></trkpt><trkpt lat="60.227345" lon="24.957017"><ele>29.5</ele><time>2026-03-03T07:57:33Z</time></trkpt><trkpt lat="60.227355" lon="24.95704"><ele>29.6</ele><time>2026-03-03T07:57:34Z</time></trkpt><trkpt lat="60.22736" lon="24.957067"><ele>29.3</ele><time>2026-03-03T07:57:35Z</time></trkpt><trkpt lat="60.227365" lon="24.95709"><ele>30.0</ele><time>2026-03-03T07:57:36Z</time><extensions><gpxtpx:TrackPointExtension><gpxtpx:hr>89</gpxtpx:hr></gpxtpx:TrackPointExtension></extensions></trkpt><trkpt lat="60.227372" lon="24.957122"><ele>29.8</ele><time>2026-03-03T07:57:37Z</time></trkpt><trkpt lat="60.227378" lon="24.957142"><ele>29.3</ele><time>2026-03-03T07:57:38Z</time></trkpt><trkpt lat="60.227383" lon="24.957168"><ele>29.4</ele><time>2026-03-03T07:57:39Z</time><extensions><gpxtpx:TrackPointExtension><gpxtpx:hr>90</gpxtpx:hr></gpxtpx:TrackPointExtension></extensions></trkpt><trkpt lat="60.227388" lon="24.957183"><ele>29.5</ele><time>2026-03-03T07:57:40Z</time></trkpt><trkpt lat="60.227393" lon="24.957207"><ele>29.7</ele><time>2026-03-03T07:57:41Z</time></trkpt><trkpt lat="60.227398" lon="24.957233"><ele>29.5</ele><time>2026-03-03T07:57:42Z</time></trkpt><trkpt lat="60.227413" lon="24.957258"><ele>30.0</ele><time>2026-03-03T07:57:43Z</time></trkpt><trkpt lat="60.227422" lon="24.957277"><ele>30.5</ele><time>2026-03-03T07:57:44Z</time></trkpt><trkpt lat="60.227428" lon="24.957297"><ele>30.6</ele><time>2026-03-03T07:57:45Z</time><extensions><gpxtpx:TrackPointExtension><gpxtpx:hr>90</gpxtpx:hr></gpxtpx:TrackPointExtension></extensions></trkpt><trkpt lat="60.22743" lon="24.957315"><ele>30.7</ele><time>2026-03-03T07:57:46Z</time></trkpt><trkpt lat="60.22744" lon="24.95733"><ele>30.9</ele><time>2026-03-03T07:57:47Z</time></trkpt><trkpt lat="60.22745" lon="24.957352"><ele>31.0</ele><time>2026-03-03T07:57:48Z</time></trkpt><trkpt lat="60.227458" lon="24.95738"><ele>31.1</ele><time>2026-03-03T07:57:49Z</time><extensions><gpxtpx:TrackPointExtension><gpxtpx:hr>91</gpxtpx:hr></gpxtpx:TrackPointExtension></extensions></trkpt><trkpt lat="60.227472" lon="24.957397"><ele>31.2</ele><time>2026-03-03T07:57:50Z</time></trkpt><trkpt lat="60.22748" lon="24.957417"><ele>30.9</ele><time>2026-03-03T07:57:51Z</time></trkpt><trkpt lat="60.227493" lon="24.957432"><ele>31.3</ele><time>2026-03-03T07:57:52Z</time></trkpt><trkpt lat="60.227503" lon="24.957452"><ele>30.8</ele><time>2026-03-03T07:57:53Z</time></trkpt><trkpt lat="60.227515" lon="24.957467"><ele>30.7</ele><time>2026-03-03T07:57:54Z</time><extensions><gpxtpx:TrackPointExtension><gpxtpx:hr>90</gpxtpx:hr></gpxtpx:TrackPointExtension></extensions></trkpt><trkpt lat="60.227528" lon="24.95748"><ele>30.6</ele><time>2026-03-03T07:57:55Z</time></trkpt><trkpt lat="60.227543" lon="24.957495"><ele>30.3</ele><time>2026-03-03T07:57:56Z</time></trkpt><trkpt lat="60.227552" lon="24.95752"><ele>30.4</ele><time>2026-03-03T07:57:57Z</time></trkpt><trkpt lat="60.227568" lon="24.957533"><ele>30.7</ele><time>2026-03-03T07:57:58Z</time></trkpt><trkpt lat="60.227582" lon="24.957548"><ele>31.1</ele><time>2026-03-03T07:57:59Z</time></trkpt><trkpt lat="60.2276" lon="24.957558"><ele>31.3</ele><time>2026-03-03T07:58:00Z</time></trkpt><trkpt lat="60.227613" lon="24.957567"><ele>30.7</ele><time>2026-03-03T07:58:01Z</time></trkpt><trkpt lat="60.227627" lon="24.957585"><ele>31.3</ele><time>2026-03-03T07:58:02Z</time><extensions><gpxtpx:TrackPointExtension><gpxtpx:hr>91</gpxtpx:hr></gpxtpx:TrackPointExtension></extensions></trkpt><trkpt lat="60.22764" lon="24.957602"><ele>31.3</ele><time>2026-03-03T07:58:03Z</time></trkpt><trkpt lat="60.227652" lon="24.957617"><ele>30.4</ele><time>2026-03-03T07:58:04Z</time></trkpt><trkpt lat="60.227663" lon="24.957633"><ele>30.5</ele><time>2026-03-03T07:58:05Z</time></trkpt><trkpt lat="60.227675" lon="24.957652"><ele>30.6</ele><time>2026-03-03T07:58:06Z</time><extensions><gpxtpx:TrackPointExtension><gpxtpx:hr>90</gpxtpx:hr></gpxtpx:TrackPointExtension></extensions></trkpt><trkpt lat="60.227687" lon="24.957667"><ele>30.3</ele><time>2026-03-03T07:58:07Z</time></trkpt><trkpt lat="60.227697" lon="24.957685"><ele>30.2</ele><time>2026-03-03T07:58:08Z</time></trkpt><trkpt lat="60.227703" lon="24.957708"><ele>30.7</ele><time>2026-03-03T07:58:09Z</time><extensions><gpxtpx:TrackPointExtension><gpxtpx:hr>89</gpxtpx:hr></gpxtpx:TrackPointExtension></extensions></trkpt><trkpt lat="60.227715" lon="24.957732"><ele>31.1</ele><time>2026-03-03T07:58:10Z</time></trkpt><trkpt lat="60.227722" lon="24.957755"><ele>31.3</ele><time>2026-03-03T07:58:11Z</time></trkpt><trkpt lat="60.22773" lon="24.957778"><ele>31.8</ele><time>2026-03-03T07:58:12Z</time></trkpt><trkpt lat="60.227737" lon="24.957803"><ele>32.1</ele><time>2026-03-03T07:58:13Z</time></trkpt><trkpt lat="60.227742" lon="24.957833"><ele>31.8</ele><time>2026-03-03T07:58:14Z</time><extensions><gpxtpx:TrackPointExtension><gpxtpx:hr>87</gpxtpx:hr></gpxtpx:TrackPointExtension></extensions></trkpt><trkpt lat="60.227748" lon="24.957858"><ele>31.2</ele><time>2026-03-03T07:58:15Z</time></trkpt><trkpt lat="60.227755" lon="24.957882"><ele>31.5</ele><time>2026-03-03T07:58:16Z</time></trkpt><trkpt lat="60.227763" lon="24.957907"><ele>31.8</ele><time>2026-03-03T07:58:17Z</time></trkpt><trkpt lat="60.22777" lon="24.957933"><ele>31.6</ele><time>2026-03-03T07:58:18Z</time></trkpt><trkpt lat="60.227775" lon="24.957963"><ele>31.9</ele><time>2026-03-03T07:58:19Z</time></trkpt><trkpt lat="60.227782" lon="24.957992"><ele>31.1</ele><time>2026-03-03T07:58:20Z</time></trkpt><trkpt lat="60.22779" lon="24.958017"><ele>30.6</ele><time>2026-03-03T07:58:21Z</time></trkpt><trkpt lat="60.2278" lon="24.95804"><ele>31.0</ele><time>2026-03-03T07:58:22Z</time><extensions><gpxtpx:TrackPointExtension><gpxtpx:hr>90</gpxtpx:hr></gpxtpx:TrackPointExtension></extensions></trkpt><trkpt lat="60.227805" lon="24.958068"><ele>30.7</ele><time>2026-03-03T07:58:23Z</time></trkpt><trkpt lat="60.227815" lon="24.95809"><ele>30.3</ele><time>2026-03-03T07:58:24Z</time></trkpt><trkpt lat="60.227825" lon="24.95811"><ele>29.9</ele><time>2026-03-03T07:58:25Z</time></trkpt><trkpt lat="60.227832" lon="24.958137"><ele>30.7</ele><time>2026-03-03T07:58:26Z</time></trkpt><trkpt lat="60.227842" lon="24.958158"><ele>30.1</ele><time>2026-03-03T07:58:27Z</time></trkpt><trkpt lat="60.227852" lon="24.958185"><ele>29.3</ele><time>2026-03-03T07:58:28Z</time><extensions><gpxtpx:TrackPointExtension><gpxtpx:hr>91</gpxtpx:hr></gpxtpx:TrackPointExtension></extensions></trkpt><trkpt lat="60.22786" lon="24.958208"><ele>29.2</ele><time>2026-03-03T07:58:29Z</time><extensions><gpxtpx:TrackPointExtension><gpxtpx:hr>90</gpxtpx:hr></gpxtpx:TrackPointExtension></extensions></trkpt><trkpt lat="60.227868" lon="24.958235"><ele>29.5</ele><time>2026-03-03T07:58:30Z</time></trkpt><trkpt lat="60.227877" lon="24.958258"><ele>28.9</ele><time>2026-03-03T07:58:31Z</time></trkpt><trkpt lat="60.227885" lon="24.958283"><ele>28.8</ele><time>2026-03-03T07:58:32Z</time></trkpt><trkpt lat="60.227895" lon="24.958298"><ele>28.6</ele><time>2026-03-03T07:58:33Z</time></trkpt><trkpt lat="60.227903" lon="24.95832"><ele>28.1</ele><time>2026-03-03T07:58:34Z</time></trkpt><trkpt lat="60.227908" lon="24.958343"><ele>27.6</ele><time>2026-03-03T07:58:35Z</time></trkpt><trkpt lat="60.227918" lon="24.958365"><ele>27.3</ele><time>2026-03-03T07:58:36Z</time></trkpt><trkpt lat="60.227927" lon="24.958385"><ele>27.5</ele><time>2026-03-03T07:58:37Z</time><extensions><gpxtpx:TrackPointExtension><gpxtpx:hr>89</gpxtpx:hr></gpxtpx:TrackPointExtension></extensions></trkpt><trkpt lat="60.227938" lon="24.9584"><ele>27.8</ele><time>2026-03-03T07:58:38Z</time></trkpt><trkpt lat="60.227947" lon="24.958428"><ele>27.5</ele><time>2026-03-03T07:58:39Z</time><extensions><gpxtpx:TrackPointExtension><gpxtpx:hr>90</gpxtpx:hr></gpxtpx:TrackPointExtension></extensions></trkpt><trkpt lat="60.227958" lon="24.958443"><ele>27.6</ele><time>2026-03-03T07:58:40Z</time></trkpt><trkpt lat="60.22797" lon="24.958457"><ele>27.6</ele><time>2026-03-03T07:58:41Z</time></trkpt><trkpt lat="60.227978" lon="24.958477"><ele>27.7</ele><time>2026-03-03T07:58:42Z</time></trkpt><trkpt lat="60.22799" lon="24.958493"><ele>27.7</ele><time>2026-03-03T07:58:43Z</time></trkpt><trkpt lat="60.228002" lon="24.95851"><ele>28.4</ele><time>2026-03-03T07:58:44Z</time></trkpt><trkpt lat="60.22801" lon="24.958528"><ele>28.9</ele><time>2026-03-03T07:58:45Z</time></trkpt><trkpt lat="60.228022" lon="24.958547"><ele>28.9</ele><time>2026-03-03T07:58:46Z</time><extensions><gpxtpx:TrackPointExtension><gpxtpx:hr>90</gpxtpx:hr></gpxtpx:TrackPointExtension></extensions></trkpt><trkpt lat="60.228032" lon="24.958562"><ele>28.4</ele><time>2026-03-03T07:58:47Z</time></trkpt><trkpt lat="60.228042" lon="24.958577"><ele>27.7</ele><time>2026-03-03T07:58:48Z</time></trkpt><trkpt lat="60.228052" lon="24.958587"><ele>27.1</ele><time>2026-03-03T07:58:49Z</time></trkpt><trkpt lat="60.22806" lon="24.958608"><ele>27.3</ele><time>2026-03-03T07:58:50Z</time></trkpt><trkpt lat="60.228072" lon="24.958627"><ele>27.5</ele><time>2026-03-03T07:58:51Z</time></trkpt><trkpt lat="60.228078" lon="24.958645"><ele>27.5</ele><time>2026-03-03T07:58:52Z</time></trkpt><trkpt lat="60.228087" lon="24.958667"><ele>27.4</ele><time>2026-03-03T07:58:53Z</time><extensions><gpxtpx:TrackPointExtension><gpxtpx:hr>91</gpxtpx:hr></gpxtpx:TrackPointExtension></extensions></trkpt><trkpt lat="60.228097" lon="24.958688"><ele>27.5</ele><time>2026-03-03T07:58:54Z</time><extensions><gpxtpx:TrackPointExtension><gpxtpx:hr>93</gpxtpx:hr></gpxtpx:TrackPointExtension></extensions></trkpt><trkpt lat="60.228107" lon="24.958707"><ele>27.1</ele><time>2026-03-03T07:58:55Z</time></trkpt><trkpt lat="60.228117" lon="24.958732"><ele>26.8</ele><time>2026-03-03T07:58:56Z</time></trkpt><trkpt lat="60.228123" lon="24.958755"><ele>26.5</ele><time>2026-03-03T07:58:57Z</time></trkpt><trkpt lat="60.228132" lon="24.958778"><ele>26.3</ele><time>2026-03-03T07:58:58Z</time></trkpt><trkpt lat="60.22814" lon="24.958803"><ele>26.1</ele><time>2026-03-03T07:58:59Z</time></trkpt><trkpt lat="60.228145" lon="24.958832"><ele>26.1</ele><time>2026-03-03T07:59:00Z</time></trkpt><trkpt lat="60.22815" lon="24.958858"><ele>25.9</ele><time>2026-03-03T07:59:01Z</time></trkpt><trkpt lat="60.22816" lon="24.958883"><ele>25.6</ele><time>2026-03-03T07:59:02Z</time></trkpt><trkpt lat="60.228165" lon="24.958908"><ele>25.8</ele><time>2026-03-03T07:59:03Z</time><extensions><gpxtpx:TrackPointExtension><gpxtpx:hr>92</gpxtpx:hr></gpxtpx:TrackPointExtension></extensions></trkpt><trkpt lat="60.228173" lon="24.958928"><ele>26.2</ele><time>2026-03-03T07:59:04Z</time></trkpt><trkpt lat="60.228178" lon="24.958952"><ele>25.8</ele><time>2026-03-03T07:59:05Z</time><extensions><gpxtpx:TrackPointExtension><gpxtpx:hr>91</gpxtpx:hr></gpxtpx:TrackPointExtension></extensions></trkpt><trkpt lat="60.228185" lon="24.95898"><ele>25.2</ele><time>2026-03-03T07:59:06Z</time></trkpt><trkpt lat="60.22819" lon="24.959002"><ele>25.6</ele><time>2026-03-03T07:59:07Z</time></trkpt><trkpt lat="60.228198" lon="24.959023"><ele>25.1</ele><time>2026-03-03T07:59:08Z</time></trkpt><trkpt lat="60.228202" lon="24.959048"><ele>24.9</ele><time>2026-03-03T07:59:09Z</time></trkpt><trkpt lat="60.228205" lon="24.959075"><ele>25.5</ele><time>2026-03-03T07:59:10Z</time></trkpt><trkpt lat="60.228205" lon="24.959107"><ele>25.2</ele><time>2026-03-03T07:59:11Z</time><extensions><gpxtpx:TrackPointExtension><gpxtpx:hr>91</gpxtpx:hr></gpxtpx:TrackPointExtension></extensions></trkpt><trkpt lat="60.228207" lon="24.959138"><ele>25.5</ele><time>2026-03-03T07:59:12Z</time></trkpt><trkpt lat="60.228207" lon="24.959165"><ele>25.1</ele><time>2026-03-03T07:59:13Z</time></trkpt><trkpt lat="60.228208" lon="24.959192"><ele>25.0</ele><time>2026-03-03T07:59:14Z</time></trkpt><trkpt lat="60.228205" lon="24.959223"><ele>25.2</ele><time>2026-03-03T07:59:15Z</time></trkpt><trkpt lat="60.228207" lon="24.959253"><ele>25.2</ele><time>2026-03-03T07:59:16Z</time></trkpt><trkpt lat="60.22821" lon="24.959282"><ele>25.1</ele><time>2026-03-03T07:59:17Z</time><extensions><gpxtpx:TrackPointExtension><gpxtpx:hr>91</gpxtpx:hr></gpxtpx:TrackPointExtension></extensions></trkpt><trkpt lat="60.228218" lon="24.959305"><ele>26.2</ele><time>2026-03-03T07:59:18Z</time></trkpt><trkpt lat="60.228225" lon="24.959333"><ele>25.7</ele><time>2026-03-03T07:59:19Z</time></trkpt><trkpt lat="60.228228" lon="24.959362"><ele>25.7</ele><time>2026-03-03T07:59:20Z</time></trkpt><trkpt lat="60.228232" lon="24.95939"><ele>26.3</ele><time>2026-03-03T07:59:21Z</time><extensions><gpxtpx:TrackPointExtension><gpxtpx:hr>91</gpxtpx:hr></gpxtpx:TrackPointExtension></extensions></trkpt><trkpt lat="60.228235" lon="24.959418"><ele>26.3</ele><time>2026-03-03T07:59:22Z</time></trkpt><trkpt lat="60.22824" lon="24.959445"><ele>25.9</ele><time>2026-03-03T07:59:23Z</time></trkpt><trkpt lat="60.228243" lon="24.959472"><ele>25.9</ele><time>2026-03-03T07:59:24Z</time><extensions><gpxtpx:TrackPointExtension><gpxtpx:hr>90</gpxtpx:hr></gpxtpx:TrackPointExtension></extensions></trkpt><trkpt lat="60.228248" lon="24.959498"><ele>26.3</ele><time>2026-03-03T07:59:25Z</time></trkpt><trkpt lat="60.228253" lon="24.959523"><ele>26.7</ele><time>2026-03-03T07:59:26Z</time></trkpt><trkpt lat="60.228253" lon="24.959552"><ele>26.7</ele><time>2026-03-03T07:59:27Z</time></trkpt><trkpt lat="60.228258" lon="24.959578"><ele>26.4</ele><time>2026-03-03T07:59:28Z</time></trkpt><trkpt lat="60.228263" lon="24.959605"><ele>26.2</ele><time>2026-03-03T07:59:29Z</time><extensions><gpxtpx:TrackPointExtension><gpxtpx:hr>90</gpxtpx:hr></gpxtpx:TrackPointExtension></extensions></trkpt><trkpt lat="60.228272" lon="24.95963"><ele>26.6</ele><time>2026-03-03T07:59:30Z</time></trkpt><trkpt lat="60.228275" lon="24.959655"><ele>26.8</ele><time>2026-03-03T07:59:31Z</time></trkpt><trkpt lat="60.228282" lon="24.95968"><ele>26.6</ele><time>2026-03-03T07:59:32Z</time></trkpt><trkpt lat="60.228288" lon="24.959705"><ele>27.1</ele><time>2026-03-03T07:59:33Z</time></trkpt><trkpt lat="60.228292" lon="24.959732"><ele>27.3</ele><time>2026-03-03T07:59:34Z</time><extensions><gpxtpx:TrackPointExtension><gpxtpx:hr>91</gpxtpx:hr></gpxtpx:TrackPointExtension></extensions></trkpt><trkpt lat="60.228298" lon="24.959758"><ele>27.9</ele><time>2026-03-03T07:59:35Z</time></trkpt><trkpt lat="60.228305" lon="24.959783"><ele>28.4</ele><time>2026-03-03T07:59:36Z</time></trkpt><trkpt lat="60.22831" lon="24.959812"><ele>28.7</ele><time>2026-03-03T07:59:37Z</time></trkpt><trkpt lat="60.228318" lon="24.959837"><ele>28.9</ele><time>2026-03-03T07:59:38Z</time></trkpt><trkpt lat="60.228322" lon="24.959865"><ele>28.8</ele><time>2026-03-03T07:59:39Z</time></trkpt><trkpt lat="60.22833" lon="24.95989"><ele>28.4</ele><time>2026-03-03T07:59:40Z</time></trkpt><trkpt lat="60.228337" lon="24.959917"><ele>28.5</ele><time>2026-03-03T07:59:41Z</time></trkpt><trkpt lat="60.228338" lon="24.959945"><ele>27.7</ele><time>2026-03-03T07:59:42Z</time><extensions><gpxtpx:TrackPointExtension><gpxtpx:hr>94</gpxtpx:hr></gpxtpx:TrackPointExtension></extensions></trkpt><trkpt lat="60.22835" lon="24.95997"><ele>27.3</ele><time>2026-03-03T07:59:43Z</time></trkpt><trkpt lat="60.228357" lon="24.959993"><ele>27.0</ele><time>2026-03-03T07:59:44Z</time></trkpt><trkpt lat="60.228362" lon="24.96002"><ele>27.3</ele><time>2026-03-03T07:59:45Z</time></trkpt><trkpt lat="60.228365" lon="24.960047"><ele>26.9</ele><time>2026-03-03T07:59:46Z</time><extensions><gpxtpx:TrackPointExtension><gpxtpx:hr>90</gpxtpx:hr></gpxtpx:TrackPointExtension></extensions></trkpt><trkpt lat="60.228368" lon="24.96007"><ele>26.4</ele><time>2026-03-03T07:59:47Z</time></trkpt><trkpt lat="60.228368" lon="24.960097"><ele>27.8</ele><time>2026-03-03T07:59:48Z</time></trkpt><trkpt lat="60.228367" lon="24.960127"><ele>27.5</ele><time>2026-03-03T07:59:49Z</time></trkpt><trkpt lat="60.228372" lon="24.960155"><ele>27.1</ele><time>2026-03-03T07:59:50Z</time></trkpt><trkpt lat="60.228378" lon="24.960178"><ele>27.1</ele><time>2026-03-03T07:59:51Z</time></trkpt><trkpt lat="60.228383" lon="24.960203"><ele>27.5</ele><time>2026-03-03T07:59:52Z</time><extensions><gpxtpx:TrackPointExtension><gpxtpx:hr>91</gpxtpx:hr></gpxtpx:TrackPointExtension></extensions></trkpt><trkpt lat="60.22839" lon="24.960227"><ele>27.9</ele><time>2026-03-03T07:59:53Z</time></trkpt><trkpt lat="60.228395" lon="24.960253"><ele>27.0</ele><time>2026-03-03T07:59:54Z</time></trkpt><trkpt lat="60.228398" lon="24.96028"><ele>26.6</ele><time>2026-03-03T07:59:55Z</time></trkpt><trkpt lat="60.228395" lon="24.960312"><ele>26.9</ele><time>2026-03-03T07:59:56Z</time></trkpt><trkpt lat="60.228397" lon="24.960342"><ele>26.6</ele><time>2026-03-03T07:59:57Z</time><extensions><gpxtpx:TrackPointExtension><gpxtpx:hr>91</gpxtpx:hr></gpxtpx:TrackPointExtension></extensions></trkpt><trkpt lat="60.228403" lon="24.960372"><ele>26.4</ele><time>2026-03-03T07:59:58Z</time></trkpt><trkpt lat="60.228408" lon="24.9604"><ele>26.8</ele><time>2026-03-03T07:59:59Z</time></trkpt><trkpt lat="60.228412" lon="24.96043"><ele>26.6</ele><time>2026-03-03T08:00:00Z</time><extensions><gpxtpx:TrackPointExtension><gpxtpx:hr>90</gpxtpx:hr></gpxtpx:TrackPointExtension></extensions></trkpt><trkpt lat="60.22842" lon="24.960457"><ele>26.8</ele><time>2026-03-03T08:00:01Z</time></trkpt><trkpt lat="60.228427" lon="24.960485"><ele>27.0</ele><time>2026-03-03T08:00:02Z</time></trkpt><trkpt lat="60.228433" lon="24.960512"><ele>27.3</ele><time>2026-03-03T08:00:03Z</time></trkpt><trkpt lat="60.228438" lon="24.960538"><ele>27.6</ele><time>2026-03-03T08:00:04Z</time></trkpt><trkpt lat="60.228445" lon="24.960565"><ele>27.9</ele><time>2026-03-03T08:00:05Z</time><extensions><gpxtpx:TrackPointExtension><gpxtpx:hr>94</gpxtpx:hr></gpxtpx:TrackPointExtension></extensions></trkpt><trkpt lat="60.22845" lon="24.960593"><ele>27.7</ele><time>2026-03-03T08:00:06Z</time></trkpt><trkpt lat="60.228455" lon="24.960618"><ele>28.1</ele><time>2026-03-03T08:00:07Z</time></trkpt><trkpt lat="60.228458" lon="24.960647"><ele>27.9</ele><time>2026-03-03T08:00:08Z</time></trkpt><trkpt lat="60.228463" lon="24.96067"><ele>27.6</ele><time>2026-03-03T08:00:09Z</time></trkpt><trkpt lat="60.228467" lon="24.960697"><ele>27.2</ele><time>2026-03-03T08:00:10Z</time></trkpt><trkpt lat="60.228468" lon="24.960722"><ele>26.9</ele><time>2026-03-03T08:00:11Z</time></trkpt><trkpt lat="60.228473" lon="24.960747"><ele>27.1</ele><time>2026-03-03T08:00:12Z</time></trkpt><trkpt lat="60.228478" lon="24.960773"><ele>27.8</ele><time>2026-03-03T08:00:13Z</time><extensions><gpxtpx:TrackPointExtension><gpxtpx:hr>92</gpxtpx:hr></gpxtpx:TrackPointExtension></extensions></trkpt><trkpt lat="60.22848" lon="24.9608"><ele>28.0</ele><time>2026-03-03T08:00:14Z</time></trkpt><trkpt lat="60.228482" lon="24.96083"><ele>27.0</ele><time>2026-03-03T08:00:15Z</time></trkpt><trkpt lat="60.228483" lon="24.960858"><ele>26.6</ele><time>2026-03-03T08:00:16Z</time><extensions><gpxtpx:TrackPointExtension><gpxtpx:hr>92</gpxtpx:hr></gpxtpx:TrackPointExtension></extensions></trkpt><trkpt lat="60.228485" lon="24.960885"><ele>26.3</ele><time>2026-03-03T08:00:17Z</time></trkpt><trkpt lat="60.228485" lon="24.960913"><ele>26.2</ele><time>2026-03-03T08:00:18Z</time></trkpt><trkpt lat="60.228485" lon="24.960947"><ele>26.2</ele><time>2026-03-03T08:00:19Z</time></trkpt><trkpt lat="60.228487" lon="24.960975"><ele>26.3</ele><time>2026-03-03T08:00:20Z</time></trkpt><trkpt lat="60.22849" lon="24.960998"><ele>26.1</ele><time>2026-03-03T08:00:21Z</time></trkpt><trkpt lat="60.228488" lon="24.961013"><ele>27.2</ele><time>2026-03-03T08:00:22Z</time></trkpt><trkpt lat="60.228485" lon="24.961035"><ele>27.2</ele><time>2026-03-03T08:00:23Z</time><extensions><gpxtpx:TrackPointExtension><gpxtpx:hr>92</gpxtpx:hr></gpxtpx:TrackPointExtension></extensions></trkpt><trkpt lat="60.228482" lon="24.961068"><ele>27.5</ele><time>2026-03-03T08:00:24Z</time></trkpt><trkpt lat="60.228485" lon="24.961102"><ele>27.0</ele><time>2026-03-03T08:00:25Z</time></trkpt><trkpt lat="60.22849" lon="24.96113"><ele>26.8</ele><time>2026-03-03T08:00:26Z</time></trkpt><trkpt lat="60.22849" lon="24.961162"><ele>27.0</ele><time>2026-03-03T08:00:27Z</time><extensions><gpxtpx:TrackPointExtension><gpxtpx:hr>91</gpxtpx:hr></gpxtpx:TrackPointExtension></extensions></trkpt><trkpt lat="60.228488" lon="24.961198"><ele>26.9</ele><time>2026-03-03T08:00:28Z</time></trkpt><trkpt lat="60.22849" lon="24.961227"><ele>26.9</ele><time>2026-03-03T08:00:29Z</time><extensions><gpxtpx:TrackPointExtension><gpxtpx:hr>91</gpxtpx:hr></gpxtpx:TrackPointExtension></extensions></trkpt><trkpt lat="60.228495" lon="24.961253"><ele>27.1</ele><time>2026-03-03T08:00:30Z</time></trkpt><trkpt lat="60.228503" lon="24.961278"><ele>28.0</ele><time>2026-03-03T08:00:31Z</time></trkpt><trkpt lat="60.228512" lon="24.961307"><ele>27.5</ele><time>2026-03-03T08:00:32Z</time></trkpt><trkpt lat="60.228518" lon="24.961333"><ele>27.0</ele><time>2026-03-03T08:00:33Z</time></trkpt><trkpt lat="60.228523" lon="24.961358"><ele>27.1</ele><time>2026-03-03T08:00:34Z</time><extensions><gpxtpx:TrackPointExtension><gpxtpx:hr>92</gpxtpx:hr></gpxtpx:TrackPointExtension></extensions></trkpt><trkpt lat="60.228527" lon="24.961387"><ele>27.2</ele><time>2026-03-03T08:00:35Z</time></trkpt><trkpt lat="60.228528" lon="24.961415"><ele>27.3</ele><time>2026-03-03T08:00:36Z</time></trkpt><trkpt lat="60.228535" lon="24.961442"><ele>26.8</ele><time>2026-03-03T08:00:37Z</time></trkpt><trkpt lat="60.228535" lon="24.961468"><ele>26.7</ele><time>2026-03-03T08:00:38Z</time></trkpt><trkpt lat="60.228543" lon="24.961493"><ele>26.5</ele><time>2026-03-03T08:00:39Z</time><extensions><gpxtpx:TrackPointExtension><gpxtpx:hr>92</gpxtpx:hr></gpxtpx:TrackPointExtension></extensions></trkpt><trkpt lat="60.228542" lon="24.96152"><ele>26.9</ele><time>2026-03-03T08:00:40Z</time></trkpt><trkpt lat="60.22854" lon="24.961542"><ele>26.6</ele><time>2026-03-03T08:00:41Z</time></trkpt><trkpt lat="60.228545" lon="24.961572"><ele>26.9</ele><time>2026-03-03T08:00:42Z</time></trkpt><trkpt lat="60.228557" lon="24.961593"><ele>26.7</ele><time>2026-03-03T08:00:43Z</time></trkpt><trkpt lat="60.22856" lon="24.96162"><ele>26.6</ele><time>2026-03-03T08:00:44Z</time></trkpt><trkpt lat="60.228563" lon="24.961645"><ele>26.6</ele><time>2026-03-03T08:00:45Z</time><extensions><gpxtpx:TrackPointExtension><gpxtpx:hr>92</gpxtpx:hr></gpxtpx:TrackPointExtension></extensions></trkpt><trkpt lat="60.228568" lon="24.961672"><ele>26.8</ele><time>2026-03-03T08:00:46Z</time></trkpt><trkpt lat="60.228573" lon="24.961698"><ele>26.6</ele><time>2026-03-03T08:00:47Z</time></trkpt><trkpt lat="60.228575" lon="24.961717"><ele>26.5</ele><time>2026-03-03T08:00:48Z</time></trkpt><trkpt lat="60.228572" lon="24.961743"><ele>26.4</ele><time>2026-03-03T08:00:49Z</time></trkpt><trkpt lat="60.228572" lon="24.96177"><ele>26.9</ele><time>2026-03-03T08:00:50Z</time></trkpt><trkpt lat="60.228578" lon="24.961797"><ele>27.3</ele><time>2026-03-03T08:00:51Z</time></trkpt><trkpt lat="60.228582" lon="24.961825"><ele>27.2</ele><time>2026-03-03T08:00:52Z</time><extensions><gpxtpx:TrackPointExtension><gpxtpx:hr>90</gpxtpx:hr></gpxtpx:TrackPointExtension></extensions></trkpt><trkpt lat="60.228583" lon="24.961853"><ele>27.2</ele><time>2026-03-03T08:00:53Z</time></trkpt><trkpt lat="60.22859" lon="24.961878"><ele>27.4</ele><time>2026-03-03T08:00:54Z</time></trkpt><trkpt lat="60.228597" lon="24.961903"><ele>28.1</ele><time>2026-03-03T08:00:55Z</time></trkpt><trkpt lat="60.228602" lon="24.96193"><ele>28.4</ele><time>2026-03-03T08:00:56Z</time></trkpt><trkpt lat="60.228605" lon="24.961958"><ele>29.0</ele><time>2026-03-03T08:00:57Z</time></trkpt><trkpt lat="60.228612" lon="24.961987"><ele>29.3</ele><time>2026-03-03T08:00:58Z</time><extensions><gpxtpx:TrackPointExtension><gpxtpx:hr>89</gpxtpx:hr></gpxtpx:TrackPointExtension></extensions></trkpt><trkpt lat="60.228615" lon="24.962017"><ele>29.8</ele><time>2026-03-03T08:00:59Z</time></trkpt><trkpt lat="60.228625" lon="24.962042"><ele>29.5</ele><time>2026-03-03T08:01:00Z</time><extensions><gpxtpx:TrackPointExtension><gpxtpx:hr>89</gpxtpx:hr></gpxtpx:TrackPointExtension></extensions></trkpt><trkpt lat="60.228633" lon="24.962068"><ele>29.6</ele><time>2026-03-03T08:01:01Z</time></trkpt><trkpt lat="60.228635" lon="24.962098"><ele>30.2</ele><time>2026-03-03T08:01:02Z</time></trkpt><trkpt lat="60.228643" lon="24.962127"><ele>30.0</ele><time>2026-03-03T08:01:03Z</time></trkpt><trkpt lat="60.228653" lon="24.962153"><ele>29.1</ele><time>2026-03-03T08:01:04Z</time></trkpt><trkpt lat="60.22866" lon="24.962178"><ele>28.9</ele><time>2026-03-03T08:01:05Z</time></trkpt><trkpt lat="60.228663" lon="24.962207"><ele>28.7</ele><time>2026-03-03T08:01:06Z</time></trkpt><trkpt lat="60.228668" lon="24.962235"><ele>28.5</ele><time>2026-03-03T08:01:07Z</time></trkpt><trkpt lat="60.228675" lon="24.962258"><ele>28.1</ele><time>2026-03-03T08:01:08Z</time><extensions><gpxtpx:TrackPointExtension><gpxtpx:hr>90</gpxtpx:hr></gpxtpx:TrackPointExtension></extensions></trkpt><trkpt lat="60.228677" lon="24.962287"><ele>27.6</ele><time>2026-03-03T08:01:09Z</time></trkpt><trkpt lat="60.228677" lon="24.962313"><ele>27.8</ele><time>2026-03-03T08:01:10Z</time></trkpt><trkpt lat="60.228682" lon="24.962342"><ele>28.1</ele><time>2026-03-03T08:01:11Z</time><extensions><gpxtpx:TrackPointExtension><gpxtpx:hr>90</gpxtpx:hr></gpxtpx:TrackPointExtension></extensions></trkpt><trkpt lat="60.228687" lon="24.962367"><ele>28.1</ele><time>2026-03-03T08:01:12Z</time></trkpt><trkpt lat="60.228695" lon="24.962392"><ele>28.1</ele><time>2026-03-03T08:01:13Z</time></trkpt><trkpt lat="60.228703" lon="24.962418"><ele>27.9</ele><time>2026-03-03T08:01:14Z</time></trkpt><trkpt lat="60.228707" lon="24.962447"><ele>27.5</ele><time>2026-03-03T08:01:15Z</time></trkpt><trkpt lat="60.228708" lon="24.96248"><ele>28.1</ele><time>2026-03-03T08:01:16Z</time></trkpt><trkpt lat="60.228718" lon="24.962508"><ele>28.2</ele><time>2026-03-03T08:01:17Z</time></trkpt><trkpt lat="60.228725" lon="24.962535"><ele>27.8</ele><time>2026-03-03T08:01:18Z</time><extensions><gpxtpx:TrackPointExtension><gpxtpx:hr>90</gpxtpx:hr></gpxtpx:TrackPointExtension></extensions></trkpt><trkpt lat="60.228725" lon="24.962565"><ele>27.2</ele><time>2026-03-03T08:01:19Z</time></trkpt><trkpt lat="60.228728" lon="24.962592"><ele>26.8</ele><time>2026-03-03T08:01:20Z</time></trkpt><trkpt lat="60.228733" lon="24.96262"><ele>27.5</ele><time>2026-03-03T08:01:21Z</time><extensions><gpxtpx:TrackPointExtension><gpxtpx:hr>91</gpxtpx:hr></gpxtpx:TrackPointExtension></extensions></trkpt><trkpt lat="60.22874" lon="24.962648"><ele>27.6</ele><time>2026-03-03T08:01:22Z</time></trkpt><trkpt lat="60.228745" lon="24.962677"><ele>27.6</ele><time>2026-03-03T08:01:23Z</time></trkpt><trkpt lat="60.22875" lon="24.962703"><ele>27.0</ele><time>2026-03-03T08:01:24Z</time></trkpt><trkpt lat="60.228757" lon="24.962725"><ele>27.5</ele><time>2026-03-03T08:01:25Z</time></trkpt><trkpt lat="60.22876" lon="24.962755"><ele>27.0</ele><time>2026-03-03T08:01:26Z</time></trkpt><trkpt lat="60.228763" lon="24.962785"><ele>27.2</ele><time>2026-03-03T08:01:27Z</time><extensions><gpxtpx:TrackPointExtension><gpxtpx:hr>92</gpxtpx:hr></gpxtpx:TrackPointExtension></extensions></trkpt><trkpt lat="60.228768" lon="24.962812"><ele>26.8</ele><time>2026-03-03T08:01:28Z</time></trkpt><trkpt lat="60.228775" lon="24.962835"><ele>26.9</ele><time>2026-03-03T08:01:29Z</time></trkpt><trkpt lat="60.22878" lon="24.962862"><ele>26.6</ele><time>2026-03-03T08:01:30Z</time></trkpt><trkpt lat="60.228778" lon="24.96289"><ele>26.8</ele><time>2026-03-03T08:01:31Z</time></trkpt><trkpt lat="60.228775" lon="24.962918"><ele>26.9</ele><time>2026-03-03T08:01:32Z</time><extensions><gpxtpx:TrackPointExtension><gpxtpx:hr>91</gpxtpx:hr></gpxtpx:TrackPointExtension></extensions></trkpt><trkpt lat="60.228778" lon="24.96295"><ele>27.3</ele><time>2026-03-03T08:01:33Z</time></trkpt><trkpt lat="60.228785" lon="24.962975"><ele>27.4</ele><time>2026-03-03T08:01:34Z</time></trkpt><trkpt lat="60.228785" lon="24.963003"><ele>27.7</ele><time>2026-03-03T08:01:35Z</time></trkpt><trkpt lat="60.228788" lon="24.963032"><ele>28.4</ele><time>2026-03-03T08:01:36Z</time></trkpt><trkpt lat="60.228792" lon="24.963062"><ele>28.5</ele><time>2026-03-03T08:01:37Z</time></trkpt><trkpt lat="60.228798" lon="24.963088"><ele>28.1</ele><time>2026-03-03T08:01:38Z</time><extensions><gpxtpx:TrackPointExtension><gpxtpx:hr>91</gpxtpx:hr></gpxtpx:TrackPointExtension></extensions></trkpt><trkpt lat="60.2288" lon="24.963117"><ele>27.5</ele><time>2026-03-03T08:01:39Z</time><extensions><gpxtpx:TrackPointExtension><gpxtpx:hr>91</gpxtpx:hr></gpxtpx:TrackPointExtension></extensions></trkpt><trkpt lat="60.228798" lon="24.963143"><ele>27.5</ele><time>2026-03-03T08:01:40Z</time></trkpt><trkpt lat="60.228795" lon="24.96317"><ele>28.0</ele><time>2026-03-03T08:01:41Z</time></trkpt><trkpt lat="60.228797" lon="24.963197"><ele>27.5</ele><time>2026-03-03T08:01:42Z</time></trkpt><trkpt lat="60.228798" lon="24.963223"><ele>27.1</ele><time>2026-03-03T08:01:43Z</time></trkpt><trkpt lat="60.228802" lon="24.963257"><ele>26.7</ele><time>2026-03-03T08:01:44Z</time></trkpt><trkpt lat="60.228802" lon="24.963285"><ele>26.7</ele><time>2026-03-03T08:01:45Z</time></trkpt><trkpt lat="60.228807" lon="24.96331"><ele>26.7</ele><time>2026-03-03T08:01:46Z</time></trkpt><trkpt lat="60.228808" lon="24.96334"><ele>25.8</ele><time>2026-03-03T08:01:47Z</time><extensions><gpxtpx:TrackPointExtension><gpxtpx:hr>93</gpxtpx:hr></gpxtpx:TrackPointExtension></extensions></trkpt><trkpt lat="60.228812" lon="24.963367"><ele>25.9</ele><time>2026-03-03T08:01:48Z</time></trkpt><trkpt lat="60.228812" lon="24.963388"><ele>26.1</ele><time>2026-03-03T08:01:49Z</time></trkpt><trkpt lat="60.228815" lon="24.963413"><ele>26.7</ele><time>2026-03-03T08:01:50Z</time></trkpt><trkpt lat="60.228813" lon="24.96344"><ele>27.3</ele><time>2026-03-03T08:01:51Z</time></trkpt><trkpt lat="60.228815" lon="24.963465"><ele>26.4</ele><time>2026-03-03T08:01:53Z</time><extensions><gpxtpx:TrackPointExtension><gpxtpx:hr>91</gpxtpx:hr></gpxtpx:TrackPointExtension></extensions></trkpt><trkpt lat="60.228815" lon="24.963487"><ele>26.6</ele><time>2026-03-03T08:01:54Z</time><extensions><gpxtpx:TrackPointExtension><gpxtpx:hr>91</gpxtpx:hr></gpxtpx:TrackPointExtension></extensions></trkpt><trkpt lat="60.228813" lon="24.963508"><ele>26.7</ele><time>2026-03-03T08:01:55Z</time></trkpt><trkpt lat="60.228813" lon="24.963533"><ele>26.8</ele><time>2026-03-03T08:01:56Z</time></trkpt><trkpt lat="60.228818" lon="24.963553"><ele>26.7</ele><time>2026-03-03T08:01:57Z</time></trkpt><trkpt lat="60.22882" lon="24.96357"><ele>26.6</ele><time>2026-03-03T08:01:58Z</time></trkpt><trkpt lat="60.228817" lon="24.9636"><ele>27.0</ele><time>2026-03-03T08:01:59Z</time><extensions><gpxtpx:TrackPointExtension><gpxtpx:hr>92</gpxtpx:hr></gpxtpx:TrackPointExtension></extensions></trkpt><trkpt lat="60.228818" lon="24.963625"><ele>26.8</ele><time>2026-03-03T08:02:00Z</time></trkpt><trkpt lat="60.228822" lon="24.963653"><ele>26.4</ele><time>2026-03-03T08:02:01Z</time></trkpt><trkpt lat="60.228837" lon="24.963687"><ele>26.4</ele><time>2026-03-03T08:02:02Z</time></trkpt><trkpt lat="60.228852" lon="24.963717"><ele>26.7</ele><time>2026-03-03T08:02:03Z</time></trkpt><trkpt lat="60.228865" lon="24.963743"><ele>26.5</ele><time>2026-03-03T08:02:04Z</time></trkpt><trkpt lat="60.228868" lon="24.963775"><ele>26.4</ele><time>2026-03-03T08:02:05Z</time></trkpt><trkpt lat="60.228878" lon="24.963805"><ele>27.1</ele><time>2026-03-03T08:02:06Z</time></trkpt><trkpt lat="60.228887" lon="24.963828"><ele>27.5</ele><time>2026-03-03T08:02:07Z</time><extensions><gpxtpx:TrackPointExtension><gpxtpx:hr>92</gpxtpx:hr></gpxtpx:TrackPointExtension></extensions></trkpt><trkpt lat="60.228893" lon="24.963858"><ele>27.2</ele><time>2026-03-03T08:02:08Z</time></trkpt><trkpt lat="60.228903" lon="24.963882"><ele>26.5</ele><time>2026-03-03T08:02:09Z</time><extensions><gpxtpx:TrackPointExtension><gpxtpx:hr>92</gpxtpx:hr></gpxtpx:TrackPointExtension></extensions></trkpt><trkpt lat="60.228917" lon="24.963908"><ele>25.8</ele><time>2026-03-03T08:02:10Z</time></trkpt><trkpt lat="60.22893" lon="24.963927"><ele>25.2</ele><time>2026-03-03T08:02:11Z</time></trkpt><trkpt lat="60.228943" lon="24.963945"><ele>25.0</ele><time>2026-03-03T08:02:12Z</time></trkpt><trkpt lat="60.228953" lon="24.963968"><ele>25.5</ele><time>2026-03-03T08:02:13Z</time></trkpt><trkpt lat="60.228967" lon="24.963987"><ele>25.8</ele><time>2026-03-03T08:02:14Z</time></trkpt><trkpt lat="60.228977" lon="24.964003"><ele>25.7</ele><time>2026-03-03T08:02:15Z</time></trkpt><trkpt lat="60.228988" lon="24.964022"><ele>25.6</ele><time>2026-03-03T08:02:16Z</time></trkpt><trkpt lat="60.229003" lon="24.964027"><ele>25.3</ele><time>2026-03-03T08:02:17Z</time></trkpt><trkpt lat="60.229017" lon="24.96404"><ele>25.0</ele><time>2026-03-03T08:02:18Z</time><extensions><gpxtpx:TrackPointExtension><gpxtpx:hr>91</gpxtpx:hr></gpxtpx:TrackPointExtension></extensions></trkpt><trkpt lat="60.229028" lon="24.96406"><ele>25.5</ele><time>2026-03-03T08:02:19Z</time></trkpt><trkpt lat="60.229043" lon="24.964077"><ele>25.3</ele><time>2026-03-03T08:02:20Z</time></trkpt><trkpt lat="60.229057" lon="24.96409"><ele>25.3</ele><time>2026-03-03T08:02:21Z</time><extensions><gpxtpx:TrackPointExtension><gpxtpx:hr>91</gpxtpx:hr></gpxtpx:TrackPointExtension></extensions></trkpt><trkpt lat="60.22907" lon="24.9641"><ele>25.8</ele><time>2026-03-03T08:02:22Z</time></trkpt><trkpt lat="60.229085" lon="24.964107"><ele>25.6</ele><time>2026-03-03T08:02:23Z</time></trkpt><trkpt lat="60.2291" lon="24.964113"><ele>25.8</ele><time>2026-03-03T08:02:24Z</time></trkpt><trkpt lat="60.229115" lon="24.964117"><ele>25.0</ele><time>2026-03-03T08:02:25Z</time></trkpt><trkpt lat="60.22913" lon="24.96412"><ele>24.8</ele><time>2026-03-03T08:02:26Z</time></trkpt><trkpt lat="60.229145" lon="24.964122"><ele>24.7</ele><time>2026-03-03T08:02:27Z</time><extensions><gpxtpx:TrackPointExtension><gpxtpx:hr>90</gpxtpx:hr></gpxtpx:TrackPointExtension></extensions></trkpt><trkpt lat="60.229157" lon="24.964122"><ele>24.3</ele><time>2026-03-03T08:02:28Z</time></trkpt><trkpt lat="60.22917" lon="24.964133"><ele>25.0</ele><time>2026-03-03T08:02:29Z</time></trkpt><trkpt lat="60.229185" lon="24.964137"><ele>24.9</ele><time>2026-03-03T08:02:30Z</time><extensions><gpxtpx:TrackPointExtension><gpxtpx:hr>90</gpxtpx:hr></gpxtpx:TrackPointExtension></extensions></trkpt><trkpt lat="60.2292" lon="24.964142"><ele>24.9</ele><time>2026-03-03T08:02:31Z</time></trkpt><trkpt lat="60.229213" lon="24.964157"><ele>25.2</ele><time>2026-03-03T08:02:32Z</time></trkpt><trkpt lat="60.229225" lon="24.964163"><ele>25.1</ele><time>2026-03-03T08:02:33Z</time></trkpt><trkpt lat="60.229237" lon="24.964163"><ele>25.1</ele><time>2026-03-03T08:02:34Z</time></trkpt><trkpt lat="60.229248" lon="24.964175"><ele>25.0</ele><time>2026-03-03T08:02:35Z</time></trkpt><trkpt lat="60.229258" lon="24.964187"><ele>25.2</ele><time>2026-03-03T08:02:36Z</time></trkpt><trkpt lat="60.229275" lon="24.964207"><ele>25.0</ele><time>2026-03-03T08:02:37Z</time></trkpt><trkpt lat="60.229287" lon="24.964225"><ele>25.3</ele><time>2026-03-03T08:02:38Z</time><extensions><gpxtpx:TrackPointExtension><gpxtpx:hr>91</gpxtpx:hr></gpxtpx:TrackPointExtension></extensions></trkpt><trkpt lat="60.229297" lon="24.964238"><ele>25.7</ele><time>2026-03-03T08:02:39Z</time></trkpt><trkpt lat="60.229308" lon="24.964257"><ele>25.7</ele><time>2026-03-03T08:02:40Z</time><extensions><gpxtpx:TrackPointExtension><gpxtpx:hr>91</gpxtpx:hr></gpxtpx:TrackPointExtension></extensions></trkpt><trkpt lat="60.22932" lon="24.964277"><ele>25.5</ele><time>2026-03-03T08:02:41Z</time></trkpt><trkpt lat="60.229332" lon="24.964288"><ele>25.9</ele><time>2026-03-03T08:02:42Z</time></trkpt><trkpt lat="60.229342" lon="24.964307"><ele>25.7</ele><time>2026-03-03T08:02:43Z</time></trkpt><trkpt lat="60.22935" lon="24.964328"><ele>25.5</ele><time>2026-03-03T08:02:44Z</time></trkpt><trkpt lat="60.22936" lon="24.96435"><ele>25.1</ele><time>2026-03-03T08:02:45Z</time></trkpt><trkpt lat="60.229372" lon="24.964368"><ele>24.8</ele><time>2026-03-03T08:02:46Z</time></trkpt><trkpt lat="60.229385" lon="24.964382"><ele>25.1</ele><time>2026-03-03T08:02:47Z</time></trkpt><trkpt lat="60.229395" lon="24.964402"><ele>25.1</ele><time>2026-03-03T08:02:48Z</time><extensions><gpxtpx:TrackPointExtension><gpxtpx:hr>91</gpxtpx:hr></gpxtpx:TrackPointExtension></extensions></trkpt><trkpt lat="60.229405" lon="24.964425"><ele>24.7</ele><time>2026-03-03T08:02:48Z</time></trkpt><trkpt lat="60.229413" lon="24.964447"><ele>24.6</ele><time>2026-03-03T08:02:49Z</time></trkpt><trkpt lat="60.229425" lon="24.964468"><ele>24.7</ele><time>2026-03-03T08:02:50Z</time></trkpt><trkpt lat="60.229438" lon="24.964482"><ele>25.5</ele><time>2026-03-03T08:02:51Z</time></trkpt><trkpt lat="60.229448" lon="24.964507"><ele>25.2</ele><time>2026-03-03T08:02:52Z</time></trkpt><trkpt lat="60.229458" lon="24.96453"><ele>25.1</ele><time>2026-03-03T08:02:53Z</time><extensions><gpxtpx:TrackPointExtension><gpxtpx:hr>91</gpxtpx:hr></gpxtpx:TrackPointExtension></extensions></trkpt><trkpt lat="60.229467" lon="24.964558"><ele>25.3</ele><time>2026-03-03T08:02:54Z</time><extensions><gpxtpx:TrackPointExtension><gpxtpx:hr>91</gpxtpx:hr></gpxtpx:TrackPointExtension></extensions></trkpt><trkpt lat="60.229477" lon="24.96458"><ele>24.9</ele><time>2026-03-03T08:02:55Z</time></trkpt><trkpt lat="60.22949" lon="24.964598"><ele>25.1</ele><time>2026-03-03T08:02:56Z</time></trkpt><trkpt lat="60.229498" lon="24.964618"><ele>24.7</ele><time>2026-03-03T08:02:57Z</time></trkpt><trkpt lat="60.229507" lon="24.964643"><ele>25.7</ele><time>2026-03-03T08:02:58Z</time></trkpt><trkpt lat="60.22952" lon="24.96466"><ele>26.2</ele><time>2026-03-03T08:02:59Z</time><extensions><gpxtpx:TrackPointExtension><gpxtpx:hr>91</gpxtpx:hr></gpxtpx:TrackPointExtension></extensions></trkpt><trkpt lat="60.229533" lon="24.964672"><ele>26.1</ele><time>2026-03-03T08:03:00Z</time></trkpt><trkpt lat="60.229545" lon="24.96469"><ele>26.4</ele><time>2026-03-03T08:03:01Z</time></trkpt><trkpt lat="60.229558" lon="24.964703"><ele>26.5</ele><time>2026-03-03T08:03:02Z</time></trkpt><trkpt lat="60.229568" lon="24.964723"><ele>26.8</ele><time>2026-03-03T08:03:03Z</time></trkpt><trkpt lat="60.229577" lon="24.96474"><ele>26.7</ele><time>2026-03-03T08:03:04Z</time></trkpt><trkpt lat="60.229587" lon="24.964757"><ele>26.2</ele><time>2026-03-03T08:03:05Z</time></trkpt><trkpt lat="60.229598" lon="24.96478"><ele>25.4</ele><time>2026-03-03T08:03:06Z</time></trkpt><trkpt lat="60.229607" lon="24.964803"><ele>25.5</ele><time>2026-03-03T08:03:07Z</time></trkpt><trkpt lat="60.229617" lon="24.964822"><ele>25.4</ele><time>2026-03-03T08:03:08Z</time><extensions><gpxtpx:TrackPointExtension><gpxtpx:hr>91</gpxtpx:hr></gpxtpx:TrackPointExtension></extensions></trkpt><trkpt lat="60.229627" lon="24.964838"><ele>25.0</ele><time>2026-03-03T08:03:09Z</time></trkpt><trkpt lat="60.229638" lon="24.964852"><ele>25.2</ele><time>2026-03-03T08:03:10Z</time></trkpt><trkpt lat="60.229648" lon="24.964872"><ele>24.9</ele><time>2026-03-03T08:03:11Z</time><extensions><gpxtpx:TrackPointExtension><gpxtpx:hr>91</gpxtpx:hr></gpxtpx:TrackPointExtension></extensions></trkpt><trkpt lat="60.22966" lon="24.964888"><ele>24.9</ele><time>2026-03-03T08:03:12Z</time></trkpt><trkpt lat="60.22967" lon="24.96491"><ele>25.3</ele><time>2026-03-03T08:03:13Z</time></trkpt><trkpt lat="60.229682" lon="24.964928"><ele>25.2</ele><time>2026-03-03T08:03:14Z</time></trkpt><trkpt lat="60.229692" lon="24.96495"><ele>25.2</ele><time>2026-03-03T08:03:15Z</time></trkpt><trkpt lat="60.229698" lon="24.964975"><ele>25.7</ele><time>2026-03-03T08:03:16Z</time></trkpt><trkpt lat="60.229713" lon="24.964992"><ele>25.1</ele><time>2026-03-03T08:03:17Z</time><extensions><gpxtpx:TrackPointExtension><gpxtpx:hr>90</gpxtpx:hr></gpxtpx:TrackPointExtension></extensions></trkpt><trkpt lat="60.229723" lon="24.965012"><ele>25.1</ele><time>2026-03-03T08:03:18Z</time></trkpt><trkpt lat="60.229728" lon="24.965038"><ele>25.7</ele><time>2026-03-03T08:03:19Z</time></trkpt><trkpt lat="60.229742" lon="24.96506"><ele>25.7</ele><time>2026-03-03T08:03:20Z</time></trkpt><trkpt lat="60.229753" lon="24.96508"><ele>25.6</ele><time>2026-03-03T08:03:21Z</time></trkpt><trkpt lat="60.229765" lon="24.965098"><ele>25.6</ele><time>2026-03-03T08:03:22Z</time></trkpt><trkpt lat="60.229773" lon="24.965118"><ele>25.7</ele><time>2026-03-03T08:03:23Z</time><extensions><gpxtpx:TrackPointExtension><gpxtpx:hr>92</gpxtpx:hr></gpxtpx:TrackPointExtension></extensions></trkpt><trkpt lat="60.229782" lon="24.965137"><ele>25.8</ele><time>2026-03-03T08:03:24Z</time></trkpt><trkpt lat="60.229788" lon="24.965158"><ele>25.6</ele><time>2026-03-03T08:03:25Z</time></trkpt><trkpt lat="60.229797" lon="24.965188"><ele>25.7</ele><time>2026-03-03T08:03:26Z</time></trkpt><trkpt lat="60.229807" lon="24.965208"><ele>26.1</ele><time>2026-03-03T08:03:27Z</time></trkpt><trkpt lat="60.229817" lon="24.965228"><ele>26.1</ele><time>2026-03-03T08:03:28Z</time><extensions><gpxtpx:TrackPointExtension><gpxtpx:hr>92</gpxtpx:hr></gpxtpx:TrackPointExtension></extensions></trkpt><trkpt lat="60.229828" lon="24.965245"><ele>25.4</ele><time>2026-03-03T08:03:29Z</time><extensions><gpxtpx:TrackPointExtension><gpxtpx:hr>92</gpxtpx:hr></gpxtpx:TrackPointExtension></extensions></trkpt><trkpt lat="60.22984" lon="24.965262"><ele>25.8</ele><time>2026-03-03T08:03:30Z</time></trkpt><trkpt lat="60.229848" lon="24.965282"><ele>26.3</ele><time>2026-03-03T08:03:31Z</time></trkpt><trkpt lat="60.229858" lon="24.965305"><ele>26.4</ele><time>2026-03-03T08:03:32Z</time></trkpt><trkpt lat="60.229867" lon="24.96533"><ele>26.2</ele><time>2026-03-03T08:03:33Z</time></trkpt><trkpt lat="60.22988" lon="24.965342"><ele>26.5</ele><time>2026-03-03T08:03:34Z</time><extensions><gpxtpx:TrackPointExtension><gpxtpx:hr>91</gpxtpx:hr></gpxtpx:TrackPointExtension></extensions></trkpt><trkpt lat="60.229893" lon="24.965355"><ele>27.1</ele><time>2026-03-03T08:03:35Z</time></trkpt><trkpt lat="60.229898" lon="24.965383"><ele>27.1</ele><time>2026-03-03T08:03:36Z</time></trkpt><trkpt lat="60.229903" lon="24.965408"><ele>27.0</ele><time>2026-03-03T08:03:37Z</time></trkpt><trkpt lat="60.229908" lon="24.965437"><ele>26.7</ele><time>2026-03-03T08:03:38Z</time></trkpt><trkpt lat="60.229913" lon="24.965463"><ele>26.3</ele><time>2026-03-03T08:03:39Z</time><extensions><gpxtpx:TrackPointExtension><gpxtpx:hr>92</gpxtpx:hr></gpxtpx:TrackPointExtension></extensions></trkpt><trkpt lat="60.229915" lon="24.96549"><ele>26.1</ele><time>2026-03-03T08:03:40Z</time></trkpt><trkpt lat="60.229915" lon="24.965517"><ele>26.2</ele><time>2026-03-03T08:03:41Z</time></trkpt><trkpt lat="60.229915" lon="24.965543"><ele>26.6</ele><time>2026-03-03T08:03:42Z</time></trkpt><trkpt lat="60.229913" lon="24.965568"><ele>26.6</ele><time>2026-03-03T08:03:43Z</time></trkpt><trkpt lat="60.229908" lon="24.965592"><ele>27.1</ele><time>2026-03-03T08:03:44Z</time><extensions><gpxtpx:TrackPointExtension><gpxtpx:hr>92</gpxtpx:hr></gpxtpx:TrackPointExtension></extensions></trkpt><trkpt lat="60.229903" lon="24.965618"><ele>26.5</ele><time>2026-03-03T08:03:45Z</time></trkpt><trkpt lat="60.229898" lon="24.965637"><ele>27.1</ele><time>2026-03-03T08:03:46Z</time></trkpt><trkpt lat="60.229893" lon="24.96565"><ele>27.1</ele><time>2026-03-03T08:03:47Z</time></trkpt><trkpt lat="60.229882" lon="24.965665"><ele>27.5</ele><time>2026-03-03T08:03:48Z</time></trkpt><trkpt lat="60.229868" lon="24.965682"><ele>27.7</ele><time>2026-03-03T08:03:49Z</time></trkpt><trkpt lat="60.22986" lon="24.9657"><ele>27.1</ele><time>2026-03-03T08:03:50Z</time></trkpt><trkpt lat="60.229855" lon="24.965727"><ele>27.0</ele><time>2026-03-03T08:03:51Z</time></trkpt><trkpt lat="60.229848" lon="24.965755"><ele>27.1</ele><time>2026-03-03T08:03:52Z</time></trkpt><trkpt lat="60.229843" lon="24.965778"><ele>27.8</ele><time>2026-03-03T08:03:53Z</time><extensions><gpxtpx:TrackPointExtension><gpxtpx:hr>92</gpxtpx:hr></gpxtpx:TrackPointExtension></extensions></trkpt><trkpt lat="60.229847" lon="24.965797"><ele>28.9</ele><time>2026-03-03T08:03:54Z</time></trkpt><trkpt lat="60.229857" lon="24.965788"><ele>29.2</ele><time>2026-03-03T08:03:55Z</time><extensions><gpxtpx:TrackPointExtension><gpxtpx:hr>91</gpxtpx:hr></gpxtpx:TrackPointExtension></extensions></trkpt><trkpt lat="60.229868" lon="24.9658"><ele>29.0</ele><time>2026-03-03T08:03:56Z</time></trkpt><trkpt lat="60.229885" lon="24.965818"><ele>29.3</ele><time>2026-03-03T08:03:57Z</time></trkpt><trkpt lat="60.229893" lon="24.965835"><ele>28.9</ele><time>2026-03-03T08:03:59Z</time></trkpt><trkpt lat="60.229897" lon="24.965852"><ele>28.8</ele><time>2026-03-03T08:04:00Z</time></trkpt><trkpt lat="60.229902" lon="24.96587"><ele>29.6</ele><time>2026-03-03T08:04:01Z</time></trkpt><trkpt lat="60.229912" lon="24.965882"><ele>29.7</ele><time>2026-03-03T08:04:02Z</time></trkpt><trkpt lat="60.22993" lon="24.965902"><ele>29.4</ele><time>2026-03-03T08:04:03Z</time><extensions><gpxtpx:TrackPointExtension><gpxtpx:hr>95</gpxtpx:hr></gpxtpx:TrackPointExtension></extensions></trkpt><trkpt lat="60.229938" lon="24.965935"><ele>29.7</ele><time>2026-03-03T08:04:04Z</time></trkpt><trkpt lat="60.229947" lon="24.965967"><ele>29.1</ele><time>2026-03-03T08:04:05Z</time><extensions><gpxtpx:TrackPointExtension><gpxtpx:hr>95</gpxtpx:hr></gpxtpx:TrackPointExtension></extensions></trkpt><trkpt lat="60.22995" lon="24.965983"><ele>28.8</ele><time>2026-03-03T08:04:06Z</time></trkpt><trkpt lat="60.229958" lon="24.96602"><ele>29.4</ele><time>2026-03-03T08:04:07Z</time></trkpt><trkpt lat="60.229965" lon="24.966053"><ele>30.0</ele><time>2026-03-03T08:04:08Z</time></trkpt><trkpt lat="60.229977" lon="24.966075"><ele>30.2</ele><time>2026-03-03T08:04:09Z</time></trkpt><trkpt lat="60.229988" lon="24.966097"><ele>29.7</ele><time>2026-03-03T08:04:10Z</time></trkpt><trkpt lat="60.23" lon="24.966115"><ele>30.0</ele><time>2026-03-03T08:04:11Z</time></trkpt><trkpt lat="60.230012" lon="24.966138"><ele>29.9</ele><time>2026-03-03T08:04:12Z</time></trkpt><trkpt lat="60.230027" lon="24.966158"><ele>29.0</ele><time>2026-03-03T08:04:13Z</time><extensions><gpxtpx:TrackPointExtension><gpxtpx:hr>91</gpxtpx:hr></gpxtpx:TrackPointExtension></extensions></trkpt><trkpt lat="60.230038" lon="24.966185"><ele>29.3</ele><time>2026-03-03T08:04:14Z</time><extensions><gpxtpx:TrackPointExtension><gpxtpx:hr>90</gpxtpx:hr></gpxtpx:TrackPointExtension></extensions></trkpt><trkpt lat="60.23005" lon="24.966205"><ele>28.9</ele><time>2026-03-03T08:04:15Z</time></trkpt><trkpt lat="60.23006" lon="24.966225"><ele>28.9</ele><time>2026-03-03T08:04:16Z</time></trkpt><trkpt lat="60.230075" lon="24.966237"><ele>28.6</ele><time>2026-03-03T08:04:17Z</time></trkpt><trkpt lat="60.23009" lon="24.966233"><ele>28.5</ele><time>2026-03-03T08:04:18Z</time></trkpt><trkpt lat="60.230102" lon="24.966225"><ele>29.1</ele><time>2026-03-03T08:04:19Z</time></trkpt><trkpt lat="60.230095" lon="24.966217"><ele>28.9</ele><time>2026-03-03T08:04:20Z</time></trkpt><trkpt lat="60.230097" lon="24.966208"><ele>29.1</ele><time>2026-03-03T08:04:21Z</time></trkpt><trkpt lat="60.230095" lon="24.966217"><ele>28.8</ele><time>2026-03-03T08:04:22Z</time><extensions><gpxtpx:TrackPointExtension><gpxtpx:hr>90</gpxtpx:hr></gpxtpx:TrackPointExtension></extensions></trkpt><trkpt lat="60.230102" lon="24.966212"><ele>28.5</ele><time>2026-03-03T08:04:23Z</time></trkpt><trkpt lat="60.230107" lon="24.9662"><ele>28.9</ele><time>2026-03-03T08:04:24Z</time><extensions><gpxtpx:TrackPointExtension><gpxtpx:hr>90</gpxtpx:hr></gpxtpx:TrackPointExtension></extensions></trkpt><trkpt lat="60.230107" lon="24.966205"><ele>28.8</ele><time>2026-03-03T08:04:25Z</time></trkpt><trkpt lat="60.230107" lon="24.966215"><ele>29.8</ele><time>2026-03-03T08:04:26Z</time></trkpt><trkpt lat="60.230103" lon="24.966217"><ele>30.7</ele><time>2026-03-03T08:04:27Z</time></trkpt><trkpt lat="60.230107" lon="24.966222"><ele>30.2</ele><time>2026-03-03T08:04:28Z</time></trkpt><trkpt lat="60.230112" lon="24.966208"><ele>30.7</ele><time>2026-03-03T08:04:29Z</time></trkpt></trkseg></trk></gpx>