<?xml version="1.0" encoding="UTF-8" standalone="no"?><gpx xmlns="http://www.topografix.com/GPX/1/1" xmlns:gpxtpx="http://www.garmin.com/xmlschemas/TrackPointExtension/v1" xmlns:xsi="http://www.w3.org/2001/XMLSchema-instance" creator="Sports Tracker" version="1.1" xsi:schemaLocation="http://www.topografix.com/GPX/1/1 http://www.topografix.com/GPX/1/1/gpx.xsd http://www.garmin.com/xmlschemas/TrackPointExtension/v1 http://www.garmin.com/xmlschemas/TrackPointExtensionv1.xsd"><metadata><name/><desc/><author><name>anttipehkonen240</name></author></metadata><trk><name/><trkseg><trkpt lat="60.192207" lon="25.041168"><ele>9.8</ele><time>2026-03-16T17:39:33Z</time></trkpt><trkpt lat="60.192207" lon="25.041168"><ele>9.8</ele><time>2026-03-16T17:40:47Z</time><extensions><gpxtpx:TrackPointExtension><gpxtpx:hr>108</gpxtpx:hr></gpxtpx:TrackPointExtension></extensions></trkpt><trkpt lat="60.192207" lon="25.041168"><ele>9.8</ele><time>2026-03-16T17:40:54Z</time><extensions><gpxtpx:TrackPointExtension><gpxtpx:hr>110</gpxtpx:hr></gpxtpx:TrackPointExtension></extensions></trkpt><trkpt lat="60.192207" lon="25.041168"><ele>9.8</ele><time>2026-03-16T17:45:11Z</time><extensions><gpxtpx:TrackPointExtension><gpxtpx:hr>83</gpxtpx:hr></gpxtpx:TrackPointExtension></extensions></trkpt><trkpt lat="60.192207" lon="25.041168"><ele>9.8</ele><time>2026-03-16T17:45:15Z</time><extensions><gpxtpx:TrackPointExtension><gpxtpx:hr>81</gpxtpx:hr></gpxtpx:TrackPointExtension></extensions></trkpt><trkpt lat="60.192207" lon="25.041168"><ele>9.8</ele><time>2026-03-16T17:45:17Z</time><extensions><gpxtpx:TrackPointExtension><gpxtpx:hr>81</gpxtpx:hr></gpxtpx:TrackPointExtension></extensions></trkpt><trkpt lat="60.192207" lon="25.041168"><ele>9.8</ele><time>2026-03-16T17:45:22Z</time><extensions><gpxtpx:TrackPointExtension><gpxtpx:hr>93</gpxtpx:hr></gpxtpx:TrackPointExtension></extensions></trkpt><trkpt lat="60.192207" lon="25.041168"><ele>9.8</ele><time>2026-03-16T17:46:16Z</time><extensions><gpxtpx:TrackPointExtension><gpxtpx:hr>153</gpxtpx:hr></gpxtpx:TrackPointExtension></extensions></trkpt><trkpt lat="60.192207" lon="25.041168"><ele>9.8</ele><time>2026-03-16T17:46:41Z</time><extensions><gpxtpx:TrackPointExtension><gpxtpx:hr>139</gpxtpx:hr></gpxtpx:TrackPointExtension></extensions></trkpt><trkpt lat="60.192207" lon="25.041168"><ele>9.8</ele><time>2026-03-16T17:46:43Z</time><extensions><gpxtpx:TrackPointExtension><gpxtpx:hr>137</gpxtpx:hr></gpxtpx:TrackPointExtension></extensions></trkpt><trkpt lat="60.192207" lon="25.041168"><ele>9.8</ele><time>2026-03-16T17:46:51Z</time><extensions><gpxtpx:TrackPointExtension><gpxtpx:hr>125</gpxtpx:hr></gpxtpx:TrackPointExtension></extensions></trkpt><trkpt lat="60.192207" lon="25.041168"><ele>9.8</ele><time>2026-03-16T17:46:52Z</time><extensions><gpxtpx:TrackPointExtension><gpxtpx:hr>126</gpxtpx:hr></gpxtpx:TrackPointExtension></extensions></trkpt><trkpt lat="60.192207" lon="25.041168"><ele>9.8</ele><time>2026-03-16T17:46:57Z</time><extensions><gpxtpx:TrackPointExtension><gpxtpx:hr>123</gpxtpx:hr></gpxtpx:TrackPointExtension></extensions></trkpt><trkpt lat="60.192207" lon="25.041168"><ele>9.8</ele><time>2026-03-16T17:47:06Z</time><extensions><gpxtpx:TrackPointExtension><gpxtpx:hr>111</gpxtpx:hr></gpxtpx:TrackPointExtension></extensions></trkpt><trkpt lat="60.192207" lon="25.041168"><ele>9.8</ele><time>2026-03-16T17:47:09Z</time><extensions><gpxtpx:TrackPointExtension><gpxtpx:hr>111</gpxtpx:hr></gpxtpx:TrackPointExtension></extensions></trkpt><trkpt lat="60.192207" lon="25.041168"><ele>9.8</ele><time>2026-03-16T17:47:12Z</time><extensions><gpxtpx:TrackPointExtension><gpxtpx:hr>109</gpxtpx:hr></gpxtpx:TrackPointExtension></extensions></trkpt><trkpt lat="60.192207" lon="25.041168"><ele>9.8</ele><time>2026-03-16T17:47:17Z</time><extensions><gpxtpx:TrackPointExtension><gpxtpx:hr>101</gpxtpx:hr></gpxtpx:TrackPointExtension></extensions></trkpt><trkpt lat="60.192207" lon="25.041168"><ele>9.8</ele><time>2026-03-16T17:47:23Z</time><extensions><gpxtpx:TrackPointExtension><gpxtpx:hr>93</gpxtpx:hr></gpxtpx:TrackPointExtension></extensions></trkpt><trkpt lat="60.192207" lon="25.041168"><ele>9.8</ele><time>2026-03-16T17:47:31Z</time><extensions><gpxtpx:TrackPointExtension><gpxtpx:hr>103</gpxtpx:hr></gpxtpx:TrackPointExtension></extensions></trkpt><trkpt lat="60.192207" lon="25.041168"><ele>9.8</ele><time>2026-03-16T17:47:34Z</time><extensions><gpxtpx:TrackPointExtension><gpxtpx:hr>101</gpxtpx:hr></gpxtpx:TrackPointExtension></extensions></trkpt><trkpt lat="60.192207" lon="25.041168"><ele>9.8</ele><time>2026-03-16T17:47:39Z</time><extensions><gpxtpx:TrackPointExtension><gpxtpx:hr>95</gpxtpx:hr></gpxtpx:TrackPointExtension></extensions></trkpt><trkpt lat="60.192207" lon="25.041168"><ele>9.8</ele><time>2026-03-16T17:47:44Z</time><extensions><gpxtpx:TrackPointExtension><gpxtpx:hr>91</gpxtpx:hr></gpxtpx:TrackPointExtension></extensions></trkpt><trkpt lat="60.192207" lon="25.041168"><ele>9.8</ele><time>2026-03-16T17:47:47Z</time><extensions><gpxtpx:TrackPointExtension><gpxtpx:hr>92</gpxtpx:hr></gpxtpx:TrackPointExtension></extensions></trkpt><trkpt lat="60.192207" lon="25.041168"><ele>9.8</ele><time>2026-03-16T17:47:52Z</time><extensions><gpxtpx:TrackPointExtension><gpxtpx:hr>92</gpxtpx:hr></gpxtpx:TrackPointExtension></extensions></trkpt><trkpt lat="60.192207" lon="25.041168"><ele>9.8</ele><time>2026-03-16T17:48:00Z</time><extensions><gpxtpx:TrackPointExtension><gpxtpx:hr>87</gpxtpx:hr></gpxtpx:TrackPointExtension></extensions></trkpt><trkpt lat="60.192207" lon="25.041168"><ele>9.8</ele><time>2026-03-16T17:48:03Z</time><extensions><gpxtpx:TrackPointExtension><gpxtpx:hr>89</gpxtpx:hr></gpxtpx:TrackPointExtension></extensions></trkpt><trkpt lat="60.192207" lon="25.041168"><ele>9.8</ele><time>2026-03-16T17:48:11Z</time><extensions><gpxtpx:TrackPointExtension><gpxtpx:hr>85</gpxtpx:hr></gpxtpx:TrackPointExtension></extensions></trkpt><trkpt lat="60.192207" lon="25.041168"><ele>9.8</ele><time>2026-03-16T17:48:15Z</time><extensions><gpxtpx:TrackPointExtension><gpxtpx:hr>83</gpxtpx:hr></gpxtpx:TrackPointExtension></extensions></trkpt><trkpt lat="60.192207" lon="25.041168"><ele>9.8</ele><time>2026-03-16T17:48:20Z</time><extensions><gpxtpx:TrackPointExtension><gpxtpx:hr>83</gpxtpx:hr></gpxtpx:TrackPointExtension></extensions></trkpt><trkpt lat="60.192207" lon="25.041168"><ele>9.8</ele><time>2026-03-16T17:48:26Z</time><extensions><gpxtpx:TrackPointExtension><gpxtpx:hr>87</gpxtpx:hr></gpxtpx:TrackPointExtension></extensions></trkpt><trkpt lat="60.192207" lon="25.041168"><ele>9.8</ele><time>2026-03-16T17:48:28Z</time><extensions><gpxtpx:TrackPointExtension><gpxtpx:hr>86</gpxtpx:hr></gpxtpx:TrackPointExtension></extensions></trkpt><trkpt lat="60.192207" lon="25.041168"><ele>9.8</ele><time>2026-03-16T17:48:35Z</time><extensions><gpxtpx:TrackPointExtension><gpxtpx:hr>79</gpxtpx:hr></gpxtpx:TrackPointExtension></extensions></trkpt><trkpt lat="60.192207" lon="25.041168"><ele>9.8</ele><time>2026-03-16T17:48:37Z</time><extensions><gpxtpx:TrackPointExtension><gpxtpx:hr>80</gpxtpx:hr></gpxtpx:TrackPointExtension></extensions></trkpt><trkpt lat="60.192207" lon="25.041168"><ele>9.8</ele><time>2026-03-16T17:48:45Z</time><extensions><gpxtpx:TrackPointExtension><gpxtpx:hr>94</gpxtpx:hr></gpxtpx:TrackPointExtension></extensions></trkpt><trkpt lat="60.192207" lon="25.041168"><ele>9.8</ele><time>2026-03-16T17:48:48Z</time><extensions><gpxtpx:TrackPointExtension><gpxtpx:hr>103</gpxtpx:hr></gpxtpx:TrackPointExtension></extensions></trkpt><trkpt lat="60.192207" lon="25.041168"><ele>9.8</ele><time>2026-03-16T17:48:54Z</time><extensions><gpxtpx:TrackPointExtension><gpxtpx:hr>114</gpxtpx:hr></gpxtpx:TrackPointExtension></extensions></trkpt><trkpt lat="60.192207" lon="25.041168"><ele>9.8</ele><time>2026-03-16T17:48:57Z</time><extensions><gpxtpx:TrackPointExtension><gpxtpx:hr>120</gpxtpx:hr></gpxtpx:TrackPointExtension></extensions></trkpt><trkpt lat="60.192207" lon="25.041168"><ele>9.8</ele><time>2026-03-16T17:49:06Z</time><extensions><gpxtpx:TrackPointExtension><gpxtpx:hr>139</gpxtpx:hr></gpxtpx:TrackPointExtension></extensions></trkpt><trkpt lat="60.192207" lon="25.041168"><ele>9.8</ele><time>2026-03-16T17:49:10Z</time><extensions><gpxtpx:TrackPointExtension><gpxtpx:hr>142</gpxtpx:hr></gpxtpx:TrackPointExtension></extensions></trkpt><trkpt lat="60.192207" lon="25.041168"><ele>9.8</ele><time>2026-03-16T17:49:14Z</time><extensions><gpxtpx:TrackPointExtension><gpxtpx:hr>149</gpxtpx:hr></gpxtpx:TrackPointExtension></extensions></trkpt><trkpt lat="60.192207" lon="25.041168"><ele>9.8</ele><time>2026-03-16T17:49:18Z</time><extensions><gpxtpx:TrackPointExtension><gpxtpx:hr>151</gpxtpx:hr></gpxtpx:TrackPointExtension></extensions></trkpt><trkpt lat="60.192207" lon="25.041168"><ele>9.8</ele><time>2026-03-16T17:49:23Z</time><extensions><gpxtpx:TrackPointExtension><gpxtpx:hr>153</gpxtpx:hr></gpxtpx:TrackPointExtension></extensions></trkpt><trkpt lat="60.192207" lon="25.041168"><ele>9.8</ele><time>2026-03-16T17:49:31Z</time><extensions><gpxtpx:TrackPointExtension><gpxtpx:hr>157</gpxtpx:hr></gpxtpx:TrackPointExtension></extensions></trkpt><trkpt lat="60.192207" lon="25.041168"><ele>9.8</ele><time>2026-03-16T17:49:32Z</time><extensions><gpxtpx:TrackPointExtension><gpxtpx:hr>157</gpxtpx:hr></gpxtpx:TrackPointExtension></extensions></trkpt><trkpt lat="60.192207" lon="25.041168"><ele>9.8</ele><time>2026-03-16T17:49:41Z</time><extensions><gpxtpx:TrackPointExtension><gpxtpx:hr>160</gpxtpx:hr></gpxtpx:TrackPointExtension></extensions></trkpt><trkpt lat="60.192207" lon="25.041168"><ele>9.8</ele><time>2026-03-16T17:49:42Z</time><extensions><gpxtpx:TrackPointExtension><gpxtpx:hr>161</gpxtpx:hr></gpxtpx:TrackPointExtension></extensions></trkpt><trkpt lat="60.192207" lon="25.041168"><ele>9.8</ele><time>2026-03-16T17:49:50Z</time><extensions><gpxtpx:TrackPointExtension><gpxtpx:hr>161</gpxtpx:hr></gpxtpx:TrackPointExtension></extensions></trkpt><trkpt lat="60.192207" lon="25.041168"><ele>9.8</ele><time>2026-03-16T17:49:55Z</time><extensions><gpxtpx:TrackPointExtension><gpxtpx:hr>160</gpxtpx:hr></gpxtpx:TrackPointExtension></extensions></trkpt><trkpt lat="60.192207" lon="25.041168"><ele>9.8</ele><time>2026-03-16T17:49:57Z</time><extensions><gpxtpx:TrackPointExtension><gpxtpx:hr>158</gpxtpx:hr></gpxtpx:TrackPointExtension></extensions></trkpt><trkpt lat="60.192207" lon="25.041168"><ele>9.8</ele><time>2026-03-16T17:50:04Z</time><extensions><gpxtpx:TrackPointExtension><gpxtpx:hr>154</gpxtpx:hr></gpxtpx:TrackPointExtension></extensions></trkpt><trkpt lat="60.192207" lon="25.041168"><ele>9.8</ele><time>2026-03-16T17:50:11Z</time><extensions><gpxtpx:TrackPointExtension><gpxtpx:hr>152</gpxtpx:hr></gpxtpx:TrackPointExtension></extensions></trkpt><trkpt lat="60.192207" lon="25.041168"><ele>9.8</ele><time>2026-03-16T17:50:14Z</time><extensions><gpxtpx:TrackPointExtension><gpxtpx:hr>151</gpxtpx:hr></gpxtpx:TrackPointExtension></extensions></trkpt><trkpt lat="60.192207" lon="25.041168"><ele>9.8</ele><time>2026-03-16T17:50:20Z</time><extensions><gpxtpx:TrackPointExtension><gpxtpx:hr>145</gpxtpx:hr></gpxtpx:TrackPointExtension></extensions></trkpt><trkpt lat="60.192207" lon="25.041168"><ele>9.8</ele><time>2026-03-16T17:50:25Z</time><extensions><gpxtpx:TrackPointExtension><gpxtpx:hr>140</gpxtpx:hr></gpxtpx:TrackPointExtension></extensions></trkpt><trkpt lat="60.192207" lon="25.041168"><ele>9.8</ele><time>2026-03-16T17:50:31Z</time><extensions><gpxtpx:TrackPointExtension><gpxtpx:hr>134</gpxtpx:hr></gpxtpx:TrackPointExtension></extensions></trkpt><trkpt lat="60.192207" lon="25.041168"><ele>9.8</ele><time>2026-03-16T17:50:32Z</time><extensions><gpxtpx:TrackPointExtension><gpxtpx:hr>133</gpxtpx:hr></gpxtpx:TrackPointExtension></extensions></trkpt><trkpt lat="60.192207" lon="25.041168"><ele>9.8</ele><time>2026-03-16T17:50:41Z</time><extensions><gpxtpx:TrackPointExtension><gpxtpx:hr>124</gpxtpx:hr></gpxtpx:TrackPointExtension></extensions></trkpt><trkpt lat="60.192207" lon="25.041168"><ele>9.8</ele><time>2026-03-16T17:50:43Z</time><extensions><gpxtpx:TrackPointExtension><gpxtpx:hr>123</gpxtpx:hr></gpxtpx:TrackPointExtension></extensions></trkpt><trkpt lat="60.192207" lon="25.041168"><ele>9.8</ele><time>2026-03-16T17:50:47Z</time><extensions><gpxtpx:TrackPointExtension><gpxtpx:hr>123</gpxtpx:hr></gpxtpx:TrackPointExtension></extensions></trkpt><trkpt lat="60.192207" lon="25.041168"><ele>9.8</ele><time>2026-03-16T17:50:56Z</time><extensions><gpxtpx:TrackPointExtension><gpxtpx:hr>114</gpxtpx:hr></gpxtpx:TrackPointExtension></extensions></trkpt><trkpt lat="60.192207" lon="25.041168"><ele>9.8</ele><time>2026-03-16T17:50:59Z</time><extensions><gpxtpx:TrackPointExtension><gpxtpx:hr>115</gpxtpx:hr></gpxtpx:TrackPointExtension></extensions></trkpt><trkpt lat="60.192207" lon="25.041168"><ele>9.8</ele><time>2026-03-16T17:51:06Z</time><extensions><gpxtpx:TrackPointExtension><gpxtpx:hr>107</gpxtpx:hr></gpxtpx:TrackPointExtension></extensions></trkpt><trkpt lat="60.192207" lon="25.041168"><ele>9.8</ele><time>2026-03-16T17:51:10Z</time><extensions><gpxtpx:TrackPointExtension><gpxtpx:hr>104</gpxtpx:hr></gpxtpx:TrackPointExtension></extensions></trkpt><trkpt lat="60.192207" lon="25.041168"><ele>9.8</ele><time>2026-03-16T17:51:14Z</time><extensions><gpxtpx:TrackPointExtension><gpxtpx:hr>104</gpxtpx:hr></gpxtpx:TrackPointExtension></extensions></trkpt><trkpt lat="60.192207" lon="25.041168"><ele>9.8</ele><time>2026-03-16T17:51:17Z</time><extensions><gpxtpx:TrackPointExtension><gpxtpx:hr>104</gpxtpx:hr></gpxtpx:TrackPointExtension></extensions></trkpt><trkpt lat="60.192207" lon="25.041168"><ele>9.8</ele><time>2026-03-16T17:51:22Z</time><extensions><gpxtpx:TrackPointExtension><gpxtpx:hr>107</gpxtpx:hr></gpxtpx:TrackPointExtension></extensions></trkpt><trkpt lat="60.192207" lon="25.041168"><ele>9.8</ele><time>2026-03-16T17:51:31Z</time><extensions><gpxtpx:TrackPointExtension><gpxtpx:hr>105</gpxtpx:hr></gpxtpx:TrackPointExtension></extensions></trkpt><trkpt lat="60.192207" lon="25.041168"><ele>9.8</ele><time>2026-03-16T17:51:35Z</time><extensions><gpxtpx:TrackPointExtension><gpxtpx:hr>103</gpxtpx:hr></gpxtpx:TrackPointExtension></extensions></trkpt><trkpt lat="60.192207" lon="25.041168"><ele>9.8</ele><time>2026-03-16T17:51:39Z</time><extensions><gpxtpx:TrackPointExtension><gpxtpx:hr>102</gpxtpx:hr></gpxtpx:TrackPointExtension></extensions></trkpt><trkpt lat="60.192207" lon="25.041168"><ele>9.8</ele><time>2026-03-16T17:51:46Z</time><extensions><gpxtpx:TrackPointExtension><gpxtpx:hr>98</gpxtpx:hr></gpxtpx:TrackPointExtension></extensions></trkpt><trkpt lat="60.192207" lon="25.041168"><ele>9.8</ele><time>2026-03-16T17:51:47Z</time><extensions><gpxtpx:TrackPointExtension><gpxtpx:hr>99</gpxtpx:hr></gpxtpx:TrackPointExtension></extensions></trkpt><trkpt lat="60.192207" lon="25.041168"><ele>9.8</ele><time>2026-03-16T17:51:56Z</time><extensions><gpxtpx:TrackPointExtension><gpxtpx:hr>95</gpxtpx:hr></gpxtpx:TrackPointExtension></extensions></trkpt><trkpt lat="60.192207" lon="25.041168"><ele>9.8</ele><time>2026-03-16T17:51:57Z</time><extensions><gpxtpx:TrackPointExtension><gpxtpx:hr>95</gpxtpx:hr></gpxtpx:TrackPointExtension></extensions></trkpt><trkpt lat="60.192207" lon="25.041168"><ele>9.8</ele><time>2026-03-16T17:52:03Z</time><extensions><gpxtpx:TrackPointExtension><gpxtpx:hr>99</gpxtpx:hr></gpxtpx:TrackPointExtension></extensions></trkpt><trkpt lat="60.192207" lon="25.041168"><ele>9.8</ele><time>2026-03-16T17:52:07Z</time><extensions><gpxtpx:TrackPointExtension><gpxtpx:hr>101</gpxtpx:hr></gpxtpx:TrackPointExtension></extensions></trkpt><trkpt lat="60.192207" lon="25.041168"><ele>9.8</ele><time>2026-03-16T17:52:12Z</time><extensions><gpxtpx:TrackPointExtension><gpxtpx:hr>103</gpxtpx:hr></gpxtpx:TrackPointExtension></extensions></trkpt><trkpt lat="60.192207" lon="25.041168"><ele>9.8</ele><time>2026-03-16T17:52:17Z</time><extensions><gpxtpx:TrackPointExtension><gpxtpx:hr>112</gpxtpx:hr></gpxtpx:TrackPointExtension></extensions></trkpt><trkpt lat="60.192207" lon="25.041168"><ele>9.8</ele><time>2026-03-16T17:52:22Z</time><extensions><gpxtpx:TrackPointExtension><gpxtpx:hr>124</gpxtpx:hr></gpxtpx:TrackPointExtension></extensions></trkpt><trkpt lat="60.192207" lon="25.041168"><ele>9.8</ele><time>2026-03-16T17:52:28Z</time><extensions><gpxtpx:TrackPointExtension><gpxtpx:hr>130</gpxtpx:hr></gpxtpx:TrackPointExtension></extensions></trkpt><trkpt lat="60.192207" lon="25.041168"><ele>9.8</ele><time>2026-03-16T17:52:35Z</time><extensions><gpxtpx:TrackPointExtension><gpxtpx:hr>132</gpxtpx:hr></gpxtpx:TrackPointExtension></extensions></trkpt><trkpt lat="60.192207" lon="25.041168"><ele>9.8</ele><time>2026-03-16T17:52:41Z</time><extensions><gpxtpx:TrackPointExtension><gpxtpx:hr>128</gpxtpx:hr></gpxtpx:TrackPointExtension></extensions></trkpt><trkpt lat="60.192207" lon="25.041168"><ele>9.8</ele><time>2026-03-16T17:52:46Z</time><extensions><gpxtpx:TrackPointExtension><gpxtpx:hr>125</gpxtpx:hr></gpxtpx:TrackPointExtension></extensions></trkpt><trkpt lat="60.192207" lon="25.041168"><ele>9.8</ele><time>2026-03-16T17:52:47Z</time><extensions><gpxtpx:TrackPointExtension><gpxtpx:hr>124</gpxtpx:hr></gpxtpx:TrackPointExtension></extensions></trkpt><trkpt lat="60.192207" lon="25.041168"><ele>9.8</ele><time>2026-03-16T17:52:56Z</time><extensions><gpxtpx:TrackPointExtension><gpxtpx:hr>122</gpxtpx:hr></gpxtpx:TrackPointExtension></extensions></trkpt><trkpt lat="60.192207" lon="25.041168"><ele>9.8</ele><time>2026-03-16T17:52:57Z</time><extensions><gpxtpx:TrackPointExtension><gpxtpx:hr>122</gpxtpx:hr></gpxtpx:TrackPointExtension></extensions></trkpt><trkpt lat="60.192207" lon="25.041168"><ele>9.8</ele><time>2026-03-16T17:53:02Z</time><extensions><gpxtpx:TrackPointExtension><gpxtpx:hr>119</gpxtpx:hr></gpxtpx:TrackPointExtension></extensions></trkpt><trkpt lat="60.192207" lon="25.041168"><ele>9.8</ele><time>2026-03-16T17:53:07Z</time><extensions><gpxtpx:TrackPointExtension><gpxtpx:hr>122</gpxtpx:hr></gpxtpx:TrackPointExtension></extensions></trkpt><trkpt lat="60.192207" lon="25.041168"><ele>9.8</ele><time>2026-03-16T17:53:12Z</time><extensions><gpxtpx:TrackPointExtension><gpxtpx:hr>128</gpxtpx:hr></gpxtpx:TrackPointExtension></extensions></trkpt><trkpt lat="60.192207" lon="25.041168"><ele>9.8</ele><time>2026-03-16T17:53:17Z</time><extensions><gpxtpx:TrackPointExtension><gpxtpx:hr>136</gpxtpx:hr></gpxtpx:TrackPointExtension></extensions></trkpt><trkpt lat="60.192207" lon="25.041168"><ele>9.8</ele><time>2026-03-16T17:53:26Z</time><extensions><gpxtpx:TrackPointExtension><gpxtpx:hr>150</gpxtpx:hr></gpxtpx:TrackPointExtension></extensions></trkpt><trkpt lat="60.192207" lon="25.041168"><ele>9.8</ele><time>2026-03-16T17:53:31Z</time><extensions><gpxtpx:TrackPointExtension><gpxtpx:hr>158</gpxtpx:hr></gpxtpx:TrackPointExtension></extensions></trkpt><trkpt lat="60.192207" lon="25.041168"><ele>9.8</ele><time>2026-03-16T17:53:36Z</time><extensions><gpxtpx:TrackPointExtension><gpxtpx:hr>160</gpxtpx:hr></gpxtpx:TrackPointExtension></extensions></trkpt><trkpt lat="60.192207" lon="25.041168"><ele>9.8</ele><time>2026-03-16T17:53:39Z</time><extensions><gpxtpx:TrackPointExtension><gpxtpx:hr>161</gpxtpx:hr></gpxtpx:TrackPointExtension></extensions></trkpt><trkpt lat="60.192207" lon="25.041168"><ele>9.8</ele><time>2026-03-16T17:53:45Z</time><extensions><gpxtpx:TrackPointExtension><gpxtpx:hr>161</gpxtpx:hr></gpxtpx:TrackPointExtension></extensions></trkpt><trkpt lat="60.192207" lon="25.041168"><ele>9.8</ele><time>2026-03-16T17:53:47Z</time><extensions><gpxtpx:TrackPointExtension><gpxtpx:hr>162</gpxtpx:hr></gpxtpx:TrackPointExtension></extensions></trkpt><trkpt lat="60.192207" lon="25.041168"><ele>9.8</ele><time>2026-03-16T17:53:53Z</time><extensions><gpxtpx:TrackPointExtension><gpxtpx:hr>163</gpxtpx:hr></gpxtpx:TrackPointExtension></extensions></trkpt><trkpt lat="60.192207" lon="25.041168"><ele>9.8</ele><time>2026-03-16T17:54:01Z</time><extensions><gpxtpx:TrackPointExtension><gpxtpx:hr>161</gpxtpx:hr></gpxtpx:TrackPointExtension></extensions></trkpt><trkpt lat="60.192207" lon="25.041168"><ele>9.8</ele><time>2026-03-16T17:54:06Z</time><extensions><gpxtpx:TrackPointExtension><gpxtpx:hr>160</gpxtpx:hr></gpxtpx:TrackPointExtension></extensions></trkpt><trkpt lat="60.192207" lon="25.041168"><ele>9.8</ele><time>2026-03-16T17:54:11Z</time><extensions><gpxtpx:TrackPointExtension><gpxtpx:hr>158</gpxtpx:hr></gpxtpx:TrackPointExtension></extensions></trkpt><trkpt lat="60.192207" lon="25.041168"><ele>9.8</ele><time>2026-03-16T17:54:14Z</time><extensions><gpxtpx:TrackPointExtension><gpxtpx:hr>158</gpxtpx:hr></gpxtpx:TrackPointExtension></extensions></trkpt><trkpt lat="60.192207" lon="25.041168"><ele>9.8</ele><time>2026-03-16T17:54:20Z</time><extensions><gpxtpx:TrackPointExtension><gpxtpx:hr>154</gpxtpx:hr></gpxtpx:TrackPointExtension></extensions></trkpt><trkpt lat="60.192207" lon="25.041168"><ele>9.8</ele><time>2026-03-16T17:54:26Z</time><extensions><gpxtpx:TrackPointExtension><gpxtpx:hr>148</gpxtpx:hr></gpxtpx:TrackPointExtension></extensions></trkpt><trkpt lat="60.192207" lon="25.041168"><ele>9.8</ele><time>2026-03-16T17:54:27Z</time><extensions><gpxtpx:TrackPointExtension><gpxtpx:hr>147</gpxtpx:hr></gpxtpx:TrackPointExtension></extensions></trkpt><trkpt lat="60.192207" lon="25.041168"><ele>9.8</ele><time>2026-03-16T17:54:32Z</time><extensions><gpxtpx:TrackPointExtension><gpxtpx:hr>142</gpxtpx:hr></gpxtpx:TrackPointExtension></extensions></trkpt><trkpt lat="60.192207" lon="25.041168"><ele>9.8</ele><time>2026-03-16T17:54:39Z</time><extensions><gpxtpx:TrackPointExtension><gpxtpx:hr>137</gpxtpx:hr></gpxtpx:TrackPointExtension></extensions></trkpt><trkpt lat="60.192207" lon="25.041168"><ele>9.8</ele><time>2026-03-16T17:54:45Z</time><extensions><gpxtpx:TrackPointExtension><gpxtpx:hr>132</gpxtpx:hr></gpxtpx:TrackPointExtension></extensions></trkpt><trkpt lat="60.192207" lon="25.041168"><ele>9.8</ele><time>2026-03-16T17:54:51Z</time><extensions><gpxtpx:TrackPointExtension><gpxtpx:hr>120</gpxtpx:hr></gpxtpx:TrackPointExtension></extensions></trkpt><trkpt lat="60.192207" lon="25.041168"><ele>9.8</ele><time>2026-03-16T17:54:56Z</time><extensions><gpxtpx:TrackPointExtension><gpxtpx:hr>117</gpxtpx:hr></gpxtpx:TrackPointExtension></extensions></trkpt><trkpt lat="60.192207" lon="25.041168"><ele>9.8</ele><time>2026-03-16T17:54:57Z</time><extensions><gpxtpx:TrackPointExtension><gpxtpx:hr>117</gpxtpx:hr></gpxtpx:TrackPointExtension></extensions></trkpt><trkpt lat="60.192207" lon="25.041168"><ele>9.8</ele><time>2026-03-16T17:55:06Z</time><extensions><gpxtpx:TrackPointExtension><gpxtpx:hr>114</gpxtpx:hr></gpxtpx:TrackPointExtension></extensions></trkpt><trkpt lat="60.192207" lon="25.041168"><ele>9.8</ele><time>2026-03-16T17:55:08Z</time><extensions><gpxtpx:TrackPointExtension><gpxtpx:hr>114</gpxtpx:hr></gpxtpx:TrackPointExtension></extensions></trkpt><trkpt lat="60.192207" lon="25.041168"><ele>9.8</ele><time>2026-03-16T17:55:14Z</time><extensions><gpxtpx:TrackPointExtension><gpxtpx:hr>107</gpxtpx:hr></gpxtpx:TrackPointExtension></extensions></trkpt><trkpt lat="60.192207" lon="25.041168"><ele>9.8</ele><time>2026-03-16T17:55:20Z</time><extensions><gpxtpx:TrackPointExtension><gpxtpx:hr>109</gpxtpx:hr></gpxtpx:TrackPointExtension></extensions></trkpt><trkpt lat="60.192207" lon="25.041168"><ele>9.8</ele><time>2026-03-16T17:55:26Z</time><extensions><gpxtpx:TrackPointExtension><gpxtpx:hr>109</gpxtpx:hr></gpxtpx:TrackPointExtension></extensions></trkpt><trkpt lat="60.192207" lon="25.041168"><ele>9.8</ele><time>2026-03-16T17:55:28Z</time><extensions><gpxtpx:TrackPointExtension><gpxtpx:hr>108</gpxtpx:hr></gpxtpx:TrackPointExtension></extensions></trkpt><trkpt lat="60.192207" lon="25.041168"><ele>9.8</ele><time>2026-03-16T17:55:33Z</time><extensions><gpxtpx:TrackPointExtension><gpxtpx:hr>107</gpxtpx:hr></gpxtpx:TrackPointExtension></extensions></trkpt><trkpt lat="60.192207" lon="25.041168"><ele>9.8</ele><time>2026-03-16T17:55:39Z</time><extensions><gpxtpx:TrackPointExtension><gpxtpx:hr>105</gpxtpx:hr></gpxtpx:TrackPointExtension></extensions></trkpt><trkpt lat="60.192207" lon="25.041168"><ele>9.8</ele><time>2026-03-16T17:55:43Z</time><extensions><gpxtpx:TrackPointExtension><gpxtpx:hr>104</gpxtpx:hr></gpxtpx:TrackPointExtension></extensions></trkpt><trkpt lat="60.192207" lon="25.041168"><ele>9.8</ele><time>2026-03-16T17:55:48Z</time><extensions><gpxtpx:TrackPointExtension><gpxtpx:hr>103</gpxtpx:hr></gpxtpx:TrackPointExtension></extensions></trkpt><trkpt lat="60.192207" lon="25.041168"><ele>9.8</ele><time>2026-03-16T17:55:52Z</time><extensions><gpxtpx:TrackPointExtension><gpxtpx:hr>104</gpxtpx:hr></gpxtpx:TrackPointExtension></extensions></trkpt><trkpt lat="60.192207" lon="25.041168"><ele>9.8</ele><time>2026-03-16T17:56:00Z</time><extensions><gpxtpx:TrackPointExtension><gpxtpx:hr>106</gpxtpx:hr></gpxtpx:TrackPointExtension></extensions></trkpt><trkpt lat="60.192207" lon="25.041168"><ele>9.8</ele><time>2026-03-16T17:56:02Z</time><extensions><gpxtpx:TrackPointExtension><gpxtpx:hr>107</gpxtpx:hr></gpxtpx:TrackPointExtension></extensions></trkpt><trkpt lat="60.192207" lon="25.041168"><ele>9.8</ele><time>2026-03-16T17:56:11Z</time><extensions><gpxtpx:TrackPointExtension><gpxtpx:hr>106</gpxtpx:hr></gpxtpx:TrackPointExtension></extensions></trkpt><trkpt lat="60.192207" lon="25.041168"><ele>9.8</ele><time>2026-03-16T17:56:14Z</time><extensions><gpxtpx:TrackPointExtension><gpxtpx:hr>106</gpxtpx:hr></gpxtpx:TrackPointExtension></extensions></trkpt><trkpt lat="60.192207" lon="25.041168"><ele>9.8</ele><time>2026-03-16T17:56:17Z</time><extensions><gpxtpx:TrackPointExtension><gpxtpx:hr>108</gpxtpx:hr></gpxtpx:TrackPointExtension></extensions></trkpt><trkpt lat="60.192207" lon="25.041168"><ele>9.8</ele><time>2026-03-16T17:56:24Z</time><extensions><gpxtpx:TrackPointExtension><gpxtpx:hr>101</gpxtpx:hr></gpxtpx:TrackPointExtension></extensions></trkpt><trkpt lat="60.192207" lon="25.041168"><ele>9.8</ele><time>2026-03-16T17:56:28Z</time><extensions><gpxtpx:TrackPointExtension><gpxtpx:hr>98</gpxtpx:hr></gpxtpx:TrackPointExtension></extensions></trkpt><trkpt lat="60.192207" lon="25.041168"><ele>9.8</ele><time>2026-03-16T17:56:33Z</time><extensions><gpxtpx:TrackPointExtension><gpxtpx:hr>100</gpxtpx:hr></gpxtpx:TrackPointExtension></extensions></trkpt><trkpt lat="60.192207" lon="25.041168"><ele>9.8</ele><time>2026-03-16T17:56:41Z</time><extensions><gpxtpx:TrackPointExtension><gpxtpx:hr>92</gpxtpx:hr></gpxtpx:TrackPointExtension></extensions></trkpt><trkpt lat="60.192207" lon="25.041168"><ele>9.8</ele><time>2026-03-16T17:56:43Z</time><extensions><gpxtpx:TrackPointExtension><gpxtpx:hr>92</gpxtpx:hr></gpxtpx:TrackPointExtension></extensions></trkpt><trkpt lat="60.192207" lon="25.041168"><ele>9.8</ele><time>2026-03-16T17:56:51Z</time><extensions><gpxtpx:TrackPointExtension><gpxtpx:hr>93</gpxtpx:hr></gpxtpx:TrackPointExtension></extensions></trkpt><trkpt lat="60.192207" lon="25.041168"><ele>9.8</ele><time>2026-03-16T17:56:52Z</time><extensions><gpxtpx:TrackPointExtension><gpxtpx:hr>93</gpxtpx:hr></gpxtpx:TrackPointExtension></extensions></trkpt><trkpt lat="60.192207" lon="25.041168"><ele>9.8</ele><time>2026-03-16T17:56:57Z</time><extensions><gpxtpx:TrackPointExtension><gpxtpx:hr>95</gpxtpx:hr></gpxtpx:TrackPointExtension></extensions></trkpt><trkpt lat="60.192207" lon="25.041168"><ele>9.8</ele><time>2026-03-16T17:57:02Z</time><extensions><gpxtpx:TrackPointExtension><gpxtpx:hr>100</gpxtpx:hr></gpxtpx:TrackPointExtension></extensions></trkpt><trkpt lat="60.192207" lon="25.041168"><ele>9.8</ele><time>2026-03-16T17:57:10Z</time><extensions><gpxtpx:TrackPointExtension><gpxtpx:hr>113</gpxtpx:hr></gpxtpx:TrackPointExtension></extensions></trkpt><trkpt lat="60.192207" lon="25.041168"><ele>9.8</ele><time>2026-03-16T17:57:13Z</time><extensions><gpxtpx:TrackPointExtension><gpxtpx:hr>120</gpxtpx:hr></gpxtpx:TrackPointExtension></extensions></trkpt><trkpt lat="60.192207" lon="25.041168"><ele>9.8</ele><time>2026-03-16T17:57:17Z</time><extensions><gpxtpx:TrackPointExtension><gpxtpx:hr>129</gpxtpx:hr></gpxtpx:TrackPointExtension></extensions></trkpt><trkpt lat="60.192207" lon="25.041168"><ele>9.8</ele><time>2026-03-16T17:57:25Z</time><extensions><gpxtpx:TrackPointExtension><gpxtpx:hr>143</gpxtpx:hr></gpxtpx:TrackPointExtension></extensions></trkpt><trkpt lat="60.192207" lon="25.041168"><ele>9.8</ele><time>2026-03-16T17:57:31Z</time><extensions><gpxtpx:TrackPointExtension><gpxtpx:hr>147</gpxtpx:hr></gpxtpx:TrackPointExtension></extensions></trkpt><trkpt lat="60.192207" lon="25.041168"><ele>9.8</ele><time>2026-03-16T17:57:36Z</time><extensions><gpxtpx:TrackPointExtension><gpxtpx:hr>151</gpxtpx:hr></gpxtpx:TrackPointExtension></extensions></trkpt><trkpt lat="60.192207" lon="25.041168"><ele>9.8</ele><time>2026-03-16T17:57:41Z</time><extensions><gpxtpx:TrackPointExtension><gpxtpx:hr>155</gpxtpx:hr></gpxtpx:TrackPointExtension></extensions></trkpt><trkpt lat="60.192207" lon="25.041168"><ele>9.8</ele><time>2026-03-16T17:57:45Z</time><extensions><gpxtpx:TrackPointExtension><gpxtpx:hr>158</gpxtpx:hr></gpxtpx:TrackPointExtension></extensions></trkpt><trkpt lat="60.192207" lon="25.041168"><ele>9.8</ele><time>2026-03-16T17:57:49Z</time><extensions><gpxtpx:TrackPointExtension><gpxtpx:hr>162</gpxtpx:hr></gpxtpx:TrackPointExtension></extensions></trkpt><trkpt lat="60.192207" lon="25.041168"><ele>9.8</ele><time>2026-03-16T17:57:53Z</time><extensions><gpxtpx:TrackPointExtension><gpxtpx:hr>163</gpxtpx:hr></gpxtpx:TrackPointExtension></extensions></trkpt><trkpt lat="60.192207" lon="25.041168"><ele>9.8</ele><time>2026-03-16T17:57:57Z</time><extensions><gpxtpx:TrackPointExtension><gpxtpx:hr>163</gpxtpx:hr></gpxtpx:TrackPointExtension></extensions></trkpt><trkpt lat="60.192207" lon="25.041168"><ele>9.8</ele><time>2026-03-16T17:58:05Z</time><extensions><gpxtpx:TrackPointExtension><gpxtpx:hr>162</gpxtpx:hr></gpxtpx:TrackPointExtension></extensions></trkpt><trkpt lat="60.192207" lon="25.041168"><ele>9.8</ele><time>2026-03-16T17:58:07Z</time><extensions><gpxtpx:TrackPointExtension><gpxtpx:hr>161</gpxtpx:hr></gpxtpx:TrackPointExtension></extensions></trkpt><trkpt lat="60.192207" lon="25.041168"><ele>9.8</ele><time>2026-03-16T17:58:12Z</time><extensions><gpxtpx:TrackPointExtension><gpxtpx:hr>159</gpxtpx:hr></gpxtpx:TrackPointExtension></extensions></trkpt><trkpt lat="60.192207" lon="25.041168"><ele>9.8</ele><time>2026-03-16T17:58:19Z</time><extensions><gpxtpx:TrackPointExtension><gpxtpx:hr>159</gpxtpx:hr></gpxtpx:TrackPointExtension></extensions></trkpt><trkpt lat="60.192207" lon="25.041168"><ele>9.8</ele><time>2026-03-16T17:58:23Z</time><extensions><gpxtpx:TrackPointExtension><gpxtpx:hr>159</gpxtpx:hr></gpxtpx:TrackPointExtension></extensions></trkpt><trkpt lat="60.192207" lon="25.041168"><ele>9.8</ele><time>2026-03-16T17:58:27Z</time><extensions><gpxtpx:TrackPointExtension><gpxtpx:hr>158</gpxtpx:hr></gpxtpx:TrackPointExtension></extensions></trkpt><trkpt lat="60.192207" lon="25.041168"><ele>9.8</ele><time>2026-03-16T17:58:36Z</time><extensions><gpxtpx:TrackPointExtension><gpxtpx:hr>160</gpxtpx:hr></gpxtpx:TrackPointExtension></extensions></trkpt><trkpt lat="60.192207" lon="25.041168"><ele>9.8</ele><time>2026-03-16T17:58:41Z</time><extensions><gpxtpx:TrackPointExtension><gpxtpx:hr>159</gpxtpx:hr></gpxtpx:TrackPointExtension></extensions></trkpt><trkpt lat="60.192207" lon="25.041168"><ele>9.8</ele><time>2026-03-16T17:58:42Z</time><extensions><gpxtpx:TrackPointExtension><gpxtpx:hr>162</gpxtpx:hr></gpxtpx:TrackPointExtension></extensions></trkpt><trkpt lat="60.192207" lon="25.041168"><ele>9.8</ele><time>2026-03-16T17:58:48Z</time><extensions><gpxtpx:TrackPointExtension><gpxtpx:hr>161</gpxtpx:hr></gpxtpx:TrackPointExtension></extensions></trkpt><trkpt lat="60.192207" lon="25.041168"><ele>9.8</ele><time>2026-03-16T17:58:55Z</time><extensions><gpxtpx:TrackPointExtension><gpxtpx:hr>157</gpxtpx:hr></gpxtpx:TrackPointExtension></extensions></trkpt><trkpt lat="60.192207" lon="25.041168"><ele>9.8</ele><time>2026-03-16T17:58:57Z</time><extensions><gpxtpx:TrackPointExtension><gpxtpx:hr>157</gpxtpx:hr></gpxtpx:TrackPointExtension></extensions></trkpt><trkpt lat="60.192207" lon="25.041168"><ele>9.8</ele><time>2026-03-16T17:59:06Z</time><extensions><gpxtpx:TrackPointExtension><gpxtpx:hr>151</gpxtpx:hr></gpxtpx:TrackPointExtension></extensions></trkpt><trkpt lat="60.192207" lon="25.041168"><ele>9.8</ele><time>2026-03-16T17:59:09Z</time><extensions><gpxtpx:TrackPointExtension><gpxtpx:hr>149</gpxtpx:hr></gpxtpx:TrackPointExtension></extensions></trkpt><trkpt lat="60.192207" lon="25.041168"><ele>9.8</ele><time>2026-03-16T17:59:16Z</time><extensions><gpxtpx:TrackPointExtension><gpxtpx:hr>139</gpxtpx:hr></gpxtpx:TrackPointExtension></extensions></trkpt><trkpt lat="60.192207" lon="25.041168"><ele>9.8</ele><time>2026-03-16T17:59:20Z</time><extensions><gpxtpx:TrackPointExtension><gpxtpx:hr>137</gpxtpx:hr></gpxtpx:TrackPointExtension></extensions></trkpt><trkpt lat="60.192207" lon="25.041168"><ele>9.8</ele><time>2026-03-16T17:59:26Z</time><extensions><gpxtpx:TrackPointExtension><gpxtpx:hr>128</gpxtpx:hr></gpxtpx:TrackPointExtension></extensions></trkpt><trkpt lat="60.192207" lon="25.041168"><ele>9.8</ele><time>2026-03-16T17:59:30Z</time><extensions><gpxtpx:TrackPointExtension><gpxtpx:hr>126</gpxtpx:hr></gpxtpx:TrackPointExtension></extensions></trkpt><trkpt lat="60.192207" lon="25.041168"><ele>9.8</ele><time>2026-03-16T17:59:33Z</time><extensions><gpxtpx:TrackPointExtension><gpxtpx:hr>122</gpxtpx:hr></gpxtpx:TrackPointExtension></extensions></trkpt><trkpt lat="60.192207" lon="25.041168"><ele>9.8</ele><time>2026-03-16T17:59:41Z</time><extensions><gpxtpx:TrackPointExtension><gpxtpx:hr>112</gpxtpx:hr></gpxtpx:TrackPointExtension></extensions></trkpt><trkpt lat="60.192207" lon="25.041168"><ele>9.8</ele><time>2026-03-16T17:59:46Z</time><extensions><gpxtpx:TrackPointExtension><gpxtpx:hr>109</gpxtpx:hr></gpxtpx:TrackPointExtension></extensions></trkpt><trkpt lat="60.192207" lon="25.041168"><ele>9.8</ele><time>2026-03-16T17:59:47Z</time><extensions><gpxtpx:TrackPointExtension><gpxtpx:hr>109</gpxtpx:hr></gpxtpx:TrackPointExtension></extensions></trkpt><trkpt lat="60.192207" lon="25.041168"><ele>9.8</ele><time>2026-03-16T17:59:56Z</time><extensions><gpxtpx:TrackPointExtension><gpxtpx:hr>109</gpxtpx:hr></gpxtpx:TrackPointExtension></extensions></trkpt><trkpt lat="60.192207" lon="25.041168"><ele>9.8</ele><time>2026-03-16T17:59:57Z</time><extensions><gpxtpx:TrackPointExtension><gpxtpx:hr>109</gpxtpx:hr></gpxtpx:TrackPointExtension></extensions></trkpt><trkpt lat="60.192207" lon="25.041168"><ele>9.8</ele><time>2026-03-16T18:00:03Z</time><extensions><gpxtpx:TrackPointExtension><gpxtpx:hr>108</gpxtpx:hr></gpxtpx:TrackPointExtension></extensions></trkpt><trkpt lat="60.192207" lon="25.041168"><ele>9.8</ele><time>2026-03-16T18:00:09Z</time><extensions><gpxtpx:TrackPointExtension><gpxtpx:hr>108</gpxtpx:hr></gpxtpx:TrackPointExtension></extensions></trkpt><trkpt lat="60.192207" lon="25.041168"><ele>9.8</ele><time>2026-03-16T18:00:15Z</time><extensions><gpxtpx:TrackPointExtension><gpxtpx:hr>105</gpxtpx:hr></gpxtpx:TrackPointExtension></extensions></trkpt><trkpt lat="60.192207" lon="25.041168"><ele>9.8</ele><time>2026-03-16T18:00:19Z</time><extensions><gpxtpx:TrackPointExtension><gpxtpx:hr>105</gpxtpx:hr></gpxtpx:TrackPointExtension></extensions></trkpt><trkpt lat="60.192207" lon="25.041168"><ele>9.8</ele><time>2026-03-16T18:00:23Z</time><extensions><gpxtpx:TrackPointExtension><gpxtpx:hr>103</gpxtpx:hr></gpxtpx:TrackPointExtension></extensions></trkpt><trkpt lat="60.192207" lon="25.041168"><ele>9.8</ele><time>2026-03-16T18:00:29Z</time><extensions><gpxtpx:TrackPointExtension><gpxtpx:hr>101</gpxtpx:hr></gpxtpx:TrackPointExtension></extensions></trkpt><trkpt lat="60.192207" lon="25.041168"><ele>9.8</ele><time>2026-03-16T18:00:32Z</time><extensions><gpxtpx:TrackPointExtension><gpxtpx:hr>103</gpxtpx:hr></gpxtpx:TrackPointExtension></extensions></trkpt><trkpt lat="60.192207" lon="25.041168"><ele>9.8</ele><time>2026-03-16T18:00:37Z</time><extensions><gpxtpx:TrackPointExtension><gpxtpx:hr>104</gpxtpx:hr></gpxtpx:TrackPointExtension></extensions></trkpt><trkpt lat="60.192207" lon="25.041168"><ele>9.8</ele><time>2026-03-16T18:00:42Z</time><extensions><gpxtpx:TrackPointExtension><gpxtpx:hr>102</gpxtpx:hr></gpxtpx:TrackPointExtension></extensions></trkpt><trkpt lat="60.192207" lon="25.041168"><ele>9.8</ele><time>2026-03-16T18:00:50Z</time><extensions><gpxtpx:TrackPointExtension><gpxtpx:hr>107</gpxtpx:hr></gpxtpx:TrackPointExtension></extensions></trkpt><trkpt lat="60.192207" lon="25.041168"><ele>9.8</ele><time>2026-03-16T18:00:52Z</time><extensions><gpxtpx:TrackPointExtension><gpxtpx:hr>107</gpxtpx:hr></gpxtpx:TrackPointExtension></extensions></trkpt><trkpt lat="60.192207" lon="25.041168"><ele>9.8</ele><time>2026-03-16T18:01:01Z</time><extensions><gpxtpx:TrackPointExtension><gpxtpx:hr>100</gpxtpx:hr></gpxtpx:TrackPointExtension></extensions></trkpt><trkpt lat="60.192207" lon="25.041168"><ele>9.8</ele><time>2026-03-16T18:01:06Z</time><extensions><gpxtpx:TrackPointExtension><gpxtpx:hr>99</gpxtpx:hr></gpxtpx:TrackPointExtension></extensions></trkpt><trkpt lat="60.192207" lon="25.041168"><ele>9.8</ele><time>2026-03-16T18:01:10Z</time><extensions><gpxtpx:TrackPointExtension><gpxtpx:hr>103</gpxtpx:hr></gpxtpx:TrackPointExtension></extensions></trkpt><trkpt lat="60.192207" lon="25.041168"><ele>9.8</ele><time>2026-03-16T18:01:12Z</time><extensions><gpxtpx:TrackPointExtension><gpxtpx:hr>103</gpxtpx:hr></gpxtpx:TrackPointExtension></extensions></trkpt><trkpt lat="60.192207" lon="25.041168"><ele>9.8</ele><time>2026-03-16T18:01:20Z</time><extensions><gpxtpx:TrackPointExtension><gpxtpx:hr>96</gpxtpx:hr></gpxtpx:TrackPointExtension></extensions></trkpt><trkpt lat="60.192207" lon="25.041168"><ele>9.8</ele><time>2026-03-16T18:01:22Z</time><extensions><gpxtpx:TrackPointExtension><gpxtpx:hr>96</gpxtpx:hr></gpxtpx:TrackPointExtension></extensions></trkpt><trkpt lat="60.192207" lon="25.041168"><ele>9.8</ele><time>2026-03-16T18:01:27Z</time><extensions><gpxtpx:TrackPointExtension><gpxtpx:hr>91</gpxtpx:hr></gpxtpx:TrackPointExtension></extensions></trkpt><trkpt lat="60.192207" lon="25.041168"><ele>9.8</ele><time>2026-03-16T18:01:35Z</time><extensions><gpxtpx:TrackPointExtension><gpxtpx:hr>98</gpxtpx:hr></gpxtpx:TrackPointExtension></extensions></trkpt><trkpt lat="60.192207" lon="25.041168"><ele>9.8</ele><time>2026-03-16T18:01:37Z</time><extensions><gpxtpx:TrackPointExtension><gpxtpx:hr>98</gpxtpx:hr></gpxtpx:TrackPointExtension></extensions></trkpt><trkpt lat="60.192207" lon="25.041168"><ele>9.8</ele><time>2026-03-16T18:01:42Z</time><extensions><gpxtpx:TrackPointExtension><gpxtpx:hr>103</gpxtpx:hr></gpxtpx:TrackPointExtension></extensions></trkpt><trkpt lat="60.192207" lon="25.041168"><ele>9.8</ele><time>2026-03-16T18:01:48Z</time><extensions><gpxtpx:TrackPointExtension><gpxtpx:hr>107</gpxtpx:hr></gpxtpx:TrackPointExtension></extensions></trkpt><trkpt lat="60.192207" lon="25.041168"><ele>9.8</ele><time>2026-03-16T18:01:56Z</time><extensions><gpxtpx:TrackPointExtension><gpxtpx:hr>113</gpxtpx:hr></gpxtpx:TrackPointExtension></extensions></trkpt><trkpt lat="60.192207" lon="25.041168"><ele>9.8</ele><time>2026-03-16T18:01:57Z</time><extensions><gpxtpx:TrackPointExtension><gpxtpx:hr>113</gpxtpx:hr></gpxtpx:TrackPointExtension></extensions></trkpt><trkpt lat="60.192207" lon="25.041168"><ele>9.8</ele><time>2026-03-16T18:02:03Z</time><extensions><gpxtpx:TrackPointExtension><gpxtpx:hr>123</gpxtpx:hr></gpxtpx:TrackPointExtension></extensions></trkpt><trkpt lat="60.192207" lon="25.041168"><ele>9.8</ele><time>2026-03-16T18:02:07Z</time><extensions><gpxtpx:TrackPointExtension><gpxtpx:hr>132</gpxtpx:hr></gpxtpx:TrackPointExtension></extensions></trkpt><trkpt lat="60.192207" lon="25.041168"><ele>9.8</ele><time>2026-03-16T18:02:21Z</time><extensions><gpxtpx:TrackPointExtension><gpxtpx:hr>151</gpxtpx:hr></gpxtpx:TrackPointExtension></extensions></trkpt><trkpt lat="60.192207" lon="25.041168"><ele>9.8</ele><time>2026-03-16T18:02:25Z</time><extensions><gpxtpx:TrackPointExtension><gpxtpx:hr>156</gpxtpx:hr></gpxtpx:TrackPointExtension></extensions></trkpt><trkpt lat="60.192207" lon="25.041168"><ele>9.8</ele><time>2026-03-16T18:02:31Z</time><extensions><gpxtpx:TrackPointExtension><gpxtpx:hr>160</gpxtpx:hr></gpxtpx:TrackPointExtension></extensions></trkpt><trkpt lat="60.192207" lon="25.041168"><ele>9.8</ele><time>2026-03-16T18:02:33Z</time><extensions><gpxtpx:TrackPointExtension><gpxtpx:hr>160</gpxtpx:hr></gpxtpx:TrackPointExtension></extensions></trkpt><trkpt lat="60.192207" lon="25.041168"><ele>9.8</ele><time>2026-03-16T18:02:41Z</time><extensions><gpxtpx:TrackPointExtension><gpxtpx:hr>164</gpxtpx:hr></gpxtpx:TrackPointExtension></extensions></trkpt><trkpt lat="60.192207" lon="25.041168"><ele>9.8</ele><time>2026-03-16T18:02:43Z</time><extensions><gpxtpx:TrackPointExtension><gpxtpx:hr>164</gpxtpx:hr></gpxtpx:TrackPointExtension></extensions></trkpt><trkpt lat="60.192207" lon="25.041168"><ele>9.8</ele><time>2026-03-16T18:02:49Z</time><extensions><gpxtpx:TrackPointExtension><gpxtpx:hr>166</gpxtpx:hr></gpxtpx:TrackPointExtension></extensions></trkpt><trkpt lat="60.192207" lon="25.041168"><ele>9.8</ele><time>2026-03-16T18:02:56Z</time><extensions><gpxtpx:TrackPointExtension><gpxtpx:hr>167</gpxtpx:hr></gpxtpx:TrackPointExtension></extensions></trkpt><trkpt lat="60.192207" lon="25.041168"><ele>9.8</ele><time>2026-03-16T18:03:00Z</time><extensions><gpxtpx:TrackPointExtension><gpxtpx:hr>168</gpxtpx:hr></gpxtpx:TrackPointExtension></extensions></trkpt><trkpt lat="60.192207" lon="25.041168"><ele>9.8</ele><time>2026-03-16T18:03:02Z</time><extensions><gpxtpx:TrackPointExtension><gpxtpx:hr>167</gpxtpx:hr></gpxtpx:TrackPointExtension></extensions></trkpt><trkpt lat="60.192207" lon="25.041168"><ele>9.8</ele><time>2026-03-16T18:03:11Z</time><extensions><gpxtpx:TrackPointExtension><gpxtpx:hr>165</gpxtpx:hr></gpxtpx:TrackPointExtension></extensions></trkpt><trkpt lat="60.192207" lon="25.041168"><ele>9.8</ele><time>2026-03-16T18:03:16Z</time><extensions><gpxtpx:TrackPointExtension><gpxtpx:hr>163</gpxtpx:hr></gpxtpx:TrackPointExtension></extensions></trkpt><trkpt lat="60.192207" lon="25.041168"><ele>9.8</ele><time>2026-03-16T18:03:20Z</time><extensions><gpxtpx:TrackPointExtension><gpxtpx:hr>159</gpxtpx:hr></gpxtpx:TrackPointExtension></extensions></trkpt><trkpt lat="60.192207" lon="25.041168"><ele>9.8</ele><time>2026-03-16T18:03:26Z</time><extensions><gpxtpx:TrackPointExtension><gpxtpx:hr>154</gpxtpx:hr></gpxtpx:TrackPointExtension></extensions></trkpt><trkpt lat="60.192207" lon="25.041168"><ele>9.8</ele><time>2026-03-16T18:03:30Z</time><extensions><gpxtpx:TrackPointExtension><gpxtpx:hr>152</gpxtpx:hr></gpxtpx:TrackPointExtension></extensions></trkpt><trkpt lat="60.192207" lon="25.041168"><ele>9.8</ele><time>2026-03-16T18:03:32Z</time><extensions><gpxtpx:TrackPointExtension><gpxtpx:hr>150</gpxtpx:hr></gpxtpx:TrackPointExtension></extensions></trkpt><trkpt lat="60.192207" lon="25.041168"><ele>9.8</ele><time>2026-03-16T18:03:39Z</time><extensions><gpxtpx:TrackPointExtension><gpxtpx:hr>146</gpxtpx:hr></gpxtpx:TrackPointExtension></extensions></trkpt><trkpt lat="60.192207" lon="25.041168"><ele>9.8</ele><time>2026-03-16T18:03:43Z</time><extensions><gpxtpx:TrackPointExtension><gpxtpx:hr>141</gpxtpx:hr></gpxtpx:TrackPointExtension></extensions></trkpt><trkpt lat="60.192207" lon="25.041168"><ele>9.8</ele><time>2026-03-16T18:03:51Z</time><extensions><gpxtpx:TrackPointExtension><gpxtpx:hr>136</gpxtpx:hr></gpxtpx:TrackPointExtension></extensions></trkpt><trkpt lat="60.192207" lon="25.041168"><ele>9.8</ele><time>2026-03-16T18:03:53Z</time><extensions><gpxtpx:TrackPointExtension><gpxtpx:hr>136</gpxtpx:hr></gpxtpx:TrackPointExtension></extensions></trkpt><trkpt lat="60.192207" lon="25.041168"><ele>9.8</ele><time>2026-03-16T18:04:01Z</time><extensions><gpxtpx:TrackPointExtension><gpxtpx:hr>131</gpxtpx:hr></gpxtpx:TrackPointExtension></extensions></trkpt><trkpt lat="60.192207" lon="25.041168"><ele>9.8</ele><time>2026-03-16T18:04:06Z</time><extensions><gpxtpx:TrackPointExtension><gpxtpx:hr>129</gpxtpx:hr></gpxtpx:TrackPointExtension></extensions></trkpt><trkpt lat="60.192207" lon="25.041168"><ele>9.8</ele><time>2026-03-16T18:04:07Z</time><extensions><gpxtpx:TrackPointExtension><gpxtpx:hr>129</gpxtpx:hr></gpxtpx:TrackPointExtension></extensions></trkpt><trkpt lat="60.192207" lon="25.041168"><ele>9.8</ele><time>2026-03-16T18:04:16Z</time><extensions><gpxtpx:TrackPointExtension><gpxtpx:hr>123</gpxtpx:hr></gpxtpx:TrackPointExtension></extensions></trkpt><trkpt lat="60.192207" lon="25.041168"><ele>9.8</ele><time>2026-03-16T18:04:21Z</time><extensions><gpxtpx:TrackPointExtension><gpxtpx:hr>122</gpxtpx:hr></gpxtpx:TrackPointExtension></extensions></trkpt><trkpt lat="60.192207" lon="25.041168"><ele>9.8</ele><time>2026-03-16T18:04:22Z</time><extensions><gpxtpx:TrackPointExtension><gpxtpx:hr>122</gpxtpx:hr></gpxtpx:TrackPointExtension></extensions></trkpt><trkpt lat="60.192207" lon="25.041168"><ele>9.8</ele><time>2026-03-16T18:04:31Z</time><extensions><gpxtpx:TrackPointExtension><gpxtpx:hr>120</gpxtpx:hr></gpxtpx:TrackPointExtension></extensions></trkpt><trkpt lat="60.192207" lon="25.041168"><ele>9.8</ele><time>2026-03-16T18:04:32Z</time><extensions><gpxtpx:TrackPointExtension><gpxtpx:hr>120</gpxtpx:hr></gpxtpx:TrackPointExtension></extensions></trkpt><trkpt lat="60.192207" lon="25.041168"><ele>9.8</ele><time>2026-03-16T18:04:37Z</time><extensions><gpxtpx:TrackPointExtension><gpxtpx:hr>118</gpxtpx:hr></gpxtpx:TrackPointExtension></extensions></trkpt><trkpt lat="60.192207" lon="25.041168"><ele>9.8</ele><time>2026-03-16T18:04:46Z</time><extensions><gpxtpx:TrackPointExtension><gpxtpx:hr>117</gpxtpx:hr></gpxtpx:TrackPointExtension></extensions></trkpt><trkpt lat="60.192207" lon="25.041168"><ele>9.8</ele><time>2026-03-16T18:04:50Z</time><extensions><gpxtpx:TrackPointExtension><gpxtpx:hr>119</gpxtpx:hr></gpxtpx:TrackPointExtension></extensions></trkpt><trkpt lat="60.192207" lon="25.041168"><ele>9.8</ele><time>2026-03-16T18:04:55Z</time><extensions><gpxtpx:TrackPointExtension><gpxtpx:hr>115</gpxtpx:hr></gpxtpx:TrackPointExtension></extensions></trkpt><trkpt lat="60.192207" lon="25.041168"><ele>9.8</ele><time>2026-03-16T18:04:57Z</time><extensions><gpxtpx:TrackPointExtension><gpxtpx:hr>113</gpxtpx:hr></gpxtpx:TrackPointExtension></extensions></trkpt><trkpt lat="60.192207" lon="25.041168"><ele>9.8</ele><time>2026-03-16T18:05:02Z</time><extensions><gpxtpx:TrackPointExtension><gpxtpx:hr>115</gpxtpx:hr></gpxtpx:TrackPointExtension></extensions></trkpt><trkpt lat="60.192207" lon="25.041168"><ele>9.8</ele><time>2026-03-16T18:05:07Z</time><extensions><gpxtpx:TrackPointExtension><gpxtpx:hr>108</gpxtpx:hr></gpxtpx:TrackPointExtension></extensions></trkpt><trkpt lat="60.192207" lon="25.041168"><ele>9.8</ele><time>2026-03-16T18:05:13Z</time><extensions><gpxtpx:TrackPointExtension><gpxtpx:hr>109</gpxtpx:hr></gpxtpx:TrackPointExtension></extensions></trkpt><trkpt lat="60.192207" lon="25.041168"><ele>9.8</ele><time>2026-03-16T18:05:19Z</time><extensions><gpxtpx:TrackPointExtension><gpxtpx:hr>109</gpxtpx:hr></gpxtpx:TrackPointExtension></extensions></trkpt><trkpt lat="60.192207" lon="25.041168"><ele>9.8</ele><time>2026-03-16T18:05:22Z</time><extensions><gpxtpx:TrackPointExtension><gpxtpx:hr>108</gpxtpx:hr></gpxtpx:TrackPointExtension></extensions></trkpt><trkpt lat="60.192207" lon="25.041168"><ele>9.8</ele><time>2026-03-16T18:05:31Z</time><extensions><gpxtpx:TrackPointExtension><gpxtpx:hr>113</gpxtpx:hr></gpxtpx:TrackPointExtension></extensions></trkpt><trkpt lat="60.192207" lon="25.041168"><ele>9.8</ele><time>2026-03-16T18:05:34Z</time><extensions><gpxtpx:TrackPointExtension><gpxtpx:hr>113</gpxtpx:hr></gpxtpx:TrackPointExtension></extensions></trkpt><trkpt lat="60.192207" lon="25.041168"><ele>9.8</ele><time>2026-03-16T18:05:37Z</time><extensions><gpxtpx:TrackPointExtension><gpxtpx:hr>114</gpxtpx:hr></gpxtpx:TrackPointExtension></extensions></trkpt><trkpt lat="60.192207" lon="25.041168"><ele>9.8</ele><time>2026-03-16T18:05:42Z</time><extensions><gpxtpx:TrackPointExtension><gpxtpx:hr>114</gpxtpx:hr></gpxtpx:TrackPointExtension></extensions></trkpt><trkpt lat="60.192207" lon="25.041168"><ele>9.8</ele><time>2026-03-16T18:05:47Z</time><extensions><gpxtpx:TrackPointExtension><gpxtpx:hr>116</gpxtpx:hr></gpxtpx:TrackPointExtension></extensions></trkpt><trkpt lat="60.192207" lon="25.041168"><ele>9.8</ele><time>2026-03-16T18:05:52Z</time><extensions><gpxtpx:TrackPointExtension><gpxtpx:hr>126</gpxtpx:hr></gpxtpx:TrackPointExtension></extensions></trkpt><trkpt lat="60.192207" lon="25.041168"><ele>9.8</ele><time>2026-03-16T18:06:01Z</time><extensions><gpxtpx:TrackPointExtension><gpxtpx:hr>143</gpxtpx:hr></gpxtpx:TrackPointExtension></extensions></trkpt><trkpt lat="60.192207" lon="25.041168"><ele>9.8</ele><time>2026-03-16T18:06:06Z</time><extensions><gpxtpx:TrackPointExtension><gpxtpx:hr>151</gpxtpx:hr></gpxtpx:TrackPointExtension></extensions></trkpt><trkpt lat="60.192207" lon="25.041168"><ele>9.8</ele><time>2026-03-16T18:06:10Z</time><extensions><gpxtpx:TrackPointExtension><gpxtpx:hr>151</gpxtpx:hr></gpxtpx:TrackPointExtension></extensions></trkpt><trkpt lat="60.192207" lon="25.041168"><ele>9.8</ele><time>2026-03-16T18:06:12Z</time><extensions><gpxtpx:TrackPointExtension><gpxtpx:hr>151</gpxtpx:hr></gpxtpx:TrackPointExtension></extensions></trkpt><trkpt lat="60.192207" lon="25.041168"><ele>9.8</ele><time>2026-03-16T18:06:21Z</time><extensions><gpxtpx:TrackPointExtension><gpxtpx:hr>150</gpxtpx:hr></gpxtpx:TrackPointExtension></extensions></trkpt><trkpt lat="60.192207" lon="25.041168"><ele>9.8</ele><time>2026-03-16T18:06:22Z</time><extensions><gpxtpx:TrackPointExtension><gpxtpx:hr>149</gpxtpx:hr></gpxtpx:TrackPointExtension></extensions></trkpt><trkpt lat="60.192207" lon="25.041168"><ele>9.8</ele><time>2026-03-16T18:06:27Z</time><extensions><gpxtpx:TrackPointExtension><gpxtpx:hr>150</gpxtpx:hr></gpxtpx:TrackPointExtension></extensions></trkpt><trkpt lat="60.192207" lon="25.041168"><ele>9.8</ele><time>2026-03-16T18:06:36Z</time><extensions><gpxtpx:TrackPointExtension><gpxtpx:hr>157</gpxtpx:hr></gpxtpx:TrackPointExtension></extensions></trkpt><trkpt lat="60.192207" lon="25.041168"><ele>9.8</ele><time>2026-03-16T18:06:38Z</time><extensions><gpxtpx:TrackPointExtension><gpxtpx:hr>156</gpxtpx:hr></gpxtpx:TrackPointExtension></extensions></trkpt><trkpt lat="60.192207" lon="25.041168"><ele>9.8</ele><time>2026-03-16T18:06:42Z</time><extensions><gpxtpx:TrackPointExtension><gpxtpx:hr>156</gpxtpx:hr></gpxtpx:TrackPointExtension></extensions></trkpt><trkpt lat="60.192207" lon="25.041168"><ele>9.8</ele><time>2026-03-16T18:06:48Z</time><extensions><gpxtpx:TrackPointExtension><gpxtpx:hr>156</gpxtpx:hr></gpxtpx:TrackPointExtension></extensions></trkpt><trkpt lat="60.192207" lon="25.041168"><ele>9.8</ele><time>2026-03-16T18:06:56Z</time><extensions><gpxtpx:TrackPointExtension><gpxtpx:hr>158</gpxtpx:hr></gpxtpx:TrackPointExtension></extensions></trkpt><trkpt lat="60.192207" lon="25.041168"><ele>9.8</ele><time>2026-03-16T18:06:57Z</time><extensions><gpxtpx:TrackPointExtension><gpxtpx:hr>159</gpxtpx:hr></gpxtpx:TrackPointExtension></extensions></trkpt><trkpt lat="60.192207" lon="25.041168"><ele>9.8</ele><time>2026-03-16T18:07:06Z</time><extensions><gpxtpx:TrackPointExtension><gpxtpx:hr>162</gpxtpx:hr></gpxtpx:TrackPointExtension></extensions></trkpt><trkpt lat="60.192207" lon="25.041168"><ele>9.8</ele><time>2026-03-16T18:07:10Z</time><extensions><gpxtpx:TrackPointExtension><gpxtpx:hr>162</gpxtpx:hr></gpxtpx:TrackPointExtension></extensions></trkpt><trkpt lat="60.192207" lon="25.041168"><ele>9.8</ele><time>2026-03-16T18:07:16Z</time><extensions><gpxtpx:TrackPointExtension><gpxtpx:hr>161</gpxtpx:hr></gpxtpx:TrackPointExtension></extensions></trkpt><trkpt lat="60.192207" lon="25.041168"><ele>9.8</ele><time>2026-03-16T18:07:21Z</time><extensions><gpxtpx:TrackPointExtension><gpxtpx:hr>159</gpxtpx:hr></gpxtpx:TrackPointExtension></extensions></trkpt><trkpt lat="60.192207" lon="25.041168"><ele>9.8</ele><time>2026-03-16T18:07:26Z</time><extensions><gpxtpx:TrackPointExtension><gpxtpx:hr>155</gpxtpx:hr></gpxtpx:TrackPointExtension></extensions></trkpt><trkpt lat="60.192207" lon="25.041168"><ele>9.8</ele><time>2026-03-16T18:07:28Z</time><extensions><gpxtpx:TrackPointExtension><gpxtpx:hr>154</gpxtpx:hr></gpxtpx:TrackPointExtension></extensions></trkpt><trkpt lat="60.192207" lon="25.041168"><ele>9.8</ele><time>2026-03-16T18:07:36Z</time><extensions><gpxtpx:TrackPointExtension><gpxtpx:hr>150</gpxtpx:hr></gpxtpx:TrackPointExtension></extensions></trkpt><trkpt lat="60.192207" lon="25.041168"><ele>9.8</ele><time>2026-03-16T18:07:41Z</time><extensions><gpxtpx:TrackPointExtension><gpxtpx:hr>145</gpxtpx:hr></gpxtpx:TrackPointExtension></extensions></trkpt><trkpt lat="60.192207" lon="25.041168"><ele>9.8</ele><time>2026-03-16T18:07:42Z</time><extensions><gpxtpx:TrackPointExtension><gpxtpx:hr>143</gpxtpx:hr></gpxtpx:TrackPointExtension></extensions></trkpt><trkpt lat="60.192207" lon="25.041168"><ele>9.8</ele><time>2026-03-16T18:07:47Z</time><extensions><gpxtpx:TrackPointExtension><gpxtpx:hr>138</gpxtpx:hr></gpxtpx:TrackPointExtension></extensions></trkpt><trkpt lat="60.192207" lon="25.041168"><ele>9.8</ele><time>2026-03-16T18:07:56Z</time><extensions><gpxtpx:TrackPointExtension><gpxtpx:hr>129</gpxtpx:hr></gpxtpx:TrackPointExtension></extensions></trkpt><trkpt lat="60.192207" lon="25.041168"><ele>9.8</ele><time>2026-03-16T18:08:01Z</time><extensions><gpxtpx:TrackPointExtension><gpxtpx:hr>126</gpxtpx:hr></gpxtpx:TrackPointExtension></extensions></trkpt><trkpt lat="60.192207" lon="25.041168"><ele>9.8</ele><time>2026-03-16T18:08:05Z</time><extensions><gpxtpx:TrackPointExtension><gpxtpx:hr>122</gpxtpx:hr></gpxtpx:TrackPointExtension></extensions></trkpt><trkpt lat="60.192207" lon="25.041168"><ele>9.8</ele><time>2026-03-16T18:08:11Z</time><extensions><gpxtpx:TrackPointExtension><gpxtpx:hr>118</gpxtpx:hr></gpxtpx:TrackPointExtension></extensions></trkpt><trkpt lat="60.192207" lon="25.041168"><ele>9.8</ele><time>2026-03-16T18:08:15Z</time><extensions><gpxtpx:TrackPointExtension><gpxtpx:hr>116</gpxtpx:hr></gpxtpx:TrackPointExtension></extensions></trkpt><trkpt lat="60.192207" lon="25.041168"><ele>9.8</ele><time>2026-03-16T18:08:19Z</time><extensions><gpxtpx:TrackPointExtension><gpxtpx:hr>113</gpxtpx:hr></gpxtpx:TrackPointExtension></extensions></trkpt><trkpt lat="60.192207" lon="25.041168"><ele>9.8</ele><time>2026-03-16T18:08:22Z</time><extensions><gpxtpx:TrackPointExtension><gpxtpx:hr>114</gpxtpx:hr></gpxtpx:TrackPointExtension></extensions></trkpt><trkpt lat="60.192207" lon="25.041168"><ele>9.8</ele><time>2026-03-16T18:08:31Z</time><extensions><gpxtpx:TrackPointExtension><gpxtpx:hr>109</gpxtpx:hr></gpxtpx:TrackPointExtension></extensions></trkpt><trkpt lat="60.192207" lon="25.041168"><ele>9.8</ele><time>2026-03-16T18:08:33Z</time><extensions><gpxtpx:TrackPointExtension><gpxtpx:hr>109</gpxtpx:hr></gpxtpx:TrackPointExtension></extensions></trkpt><trkpt lat="60.192207" lon="25.041168"><ele>9.8</ele><time>2026-03-16T18:08:37Z</time><extensions><gpxtpx:TrackPointExtension><gpxtpx:hr>112</gpxtpx:hr></gpxtpx:TrackPointExtension></extensions></trkpt><trkpt lat="60.192207" lon="25.041168"><ele>9.8</ele><time>2026-03-16T18:08:45Z</time><extensions><gpxtpx:TrackPointExtension><gpxtpx:hr>109</gpxtpx:hr></gpxtpx:TrackPointExtension></extensions></trkpt><trkpt lat="60.192207" lon="25.041168"><ele>9.8</ele><time>2026-03-16T18:08:51Z</time><extensions><gpxtpx:TrackPointExtension><gpxtpx:hr>100</gpxtpx:hr></gpxtpx:TrackPointExtension></extensions></trkpt><trkpt lat="60.192207" lon="25.041168"><ele>9.8</ele><time>2026-03-16T18:08:54Z</time><extensions><gpxtpx:TrackPointExtension><gpxtpx:hr>100</gpxtpx:hr></gpxtpx:TrackPointExtension></extensions></trkpt><trkpt lat="60.192207" lon="25.041168"><ele>9.8</ele><time>2026-03-16T18:08:59Z</time><extensions><gpxtpx:TrackPointExtension><gpxtpx:hr>104</gpxtpx:hr></gpxtpx:TrackPointExtension></extensions></trkpt><trkpt lat="60.192207" lon="25.041168"><ele>9.8</ele><time>2026-03-16T18:09:06Z</time><extensions><gpxtpx:TrackPointExtension><gpxtpx:hr>108</gpxtpx:hr></gpxtpx:TrackPointExtension></extensions></trkpt><trkpt lat="60.192207" lon="25.041168"><ele>9.8</ele><time>2026-03-16T18:09:07Z</time><extensions><gpxtpx:TrackPointExtension><gpxtpx:hr>108</gpxtpx:hr></gpxtpx:TrackPointExtension></extensions></trkpt><trkpt lat="60.192207" lon="25.041168"><ele>9.8</ele><time>2026-03-16T18:09:13Z</time><extensions><gpxtpx:TrackPointExtension><gpxtpx:hr>99</gpxtpx:hr></gpxtpx:TrackPointExtension></extensions></trkpt><trkpt lat="60.192207" lon="25.041168"><ele>9.8</ele><time>2026-03-16T18:09:20Z</time><extensions><gpxtpx:TrackPointExtension><gpxtpx:hr>107</gpxtpx:hr></gpxtpx:TrackPointExtension></extensions></trkpt><trkpt lat="60.192207" lon="25.041168"><ele>9.8</ele><time>2026-03-16T18:09:26Z</time><extensions><gpxtpx:TrackPointExtension><gpxtpx:hr>114</gpxtpx:hr></gpxtpx:TrackPointExtension></extensions></trkpt><trkpt lat="60.192207" lon="25.041168"><ele>9.8</ele><time>2026-03-16T18:09:31Z</time><extensions><gpxtpx:TrackPointExtension><gpxtpx:hr>108</gpxtpx:hr></gpxtpx:TrackPointExtension></extensions></trkpt><trkpt lat="60.192207" lon="25.041168"><ele>9.8</ele><time>2026-03-16T18:09:33Z</time><extensions><gpxtpx:TrackPointExtension><gpxtpx:hr>108</gpxtpx:hr></gpxtpx:TrackPointExtension></extensions></trkpt><trkpt lat="60.192207" lon="25.041168"><ele>9.8</ele><time>2026-03-16T18:09:38Z</time><extensions><gpxtpx:TrackPointExtension><gpxtpx:hr>109</gpxtpx:hr></gpxtpx:TrackPointExtension></extensions></trkpt><trkpt lat="60.192207" lon="25.041168"><ele>9.8</ele><time>2026-03-16T18:09:43Z</time><extensions><gpxtpx:TrackPointExtension><gpxtpx:hr>108</gpxtpx:hr></gpxtpx:TrackPointExtension></extensions></trkpt><trkpt lat="60.192207" lon="25.041168"><ele>9.8</ele><time>2026-03-16T18:09:51Z</time><extensions><gpxtpx:TrackPointExtension><gpxtpx:hr>110</gpxtpx:hr></gpxtpx:TrackPointExtension></extensions></trkpt><trkpt lat="60.192207" lon="25.041168"><ele>9.8</ele><time>2026-03-16T18:09:53Z</time><extensions><gpxtpx:TrackPointExtension><gpxtpx:hr>108</gpxtpx:hr></gpxtpx:TrackPointExtension></extensions></trkpt><trkpt lat="60.192207" lon="25.041168"><ele>9.8</ele><time>2026-03-16T18:09:59Z</time><extensions><gpxtpx:TrackPointExtension><gpxtpx:hr>108</gpxtpx:hr></gpxtpx:TrackPointExtension></extensions></trkpt><trkpt lat="60.192207" lon="25.041168"><ele>9.8</ele><time>2026-03-16T18:10:02Z</time><extensions><gpxtpx:TrackPointExtension><gpxtpx:hr>108</gpxtpx:hr></gpxtpx:TrackPointExtension></extensions></trkpt><trkpt lat="60.192207" lon="25.041168"><ele>9.8</ele><time>2026-03-16T18:10:08Z</time><extensions><gpxtpx:TrackPointExtension><gpxtpx:hr>110</gpxtpx:hr></gpxtpx:TrackPointExtension></extensions></trkpt><trkpt lat="60.192207" lon="25.041168"><ele>9.8</ele><time>2026-03-16T18:10:12Z</time><extensions><gpxtpx:TrackPointExtension><gpxtpx:hr>111</gpxtpx:hr></gpxtpx:TrackPointExtension></extensions></trkpt><trkpt lat="60.192207" lon="25.041168"><ele>9.8</ele><time>2026-03-16T18:10:21Z</time><extensions><gpxtpx:TrackPointExtension><gpxtpx:hr>113</gpxtpx:hr></gpxtpx:TrackPointExtension></extensions></trkpt><trkpt lat="60.192207" lon="25.041168"><ele>9.8</ele><time>2026-03-16T18:10:26Z</time><extensions><gpxtpx:TrackPointExtension><gpxtpx:hr>107</gpxtpx:hr></gpxtpx:TrackPointExtension></extensions></trkpt><trkpt lat="60.192207" lon="25.041168"><ele>9.8</ele><time>2026-03-16T18:10:27Z</time><extensions><gpxtpx:TrackPointExtension><gpxtpx:hr>107</gpxtpx:hr></gpxtpx:TrackPointExtension></extensions></trkpt><trkpt lat="60.192207" lon="25.041168"><ele>9.8</ele><time>2026-03-16T18:10:32Z</time><extensions><gpxtpx:TrackPointExtension><gpxtpx:hr>108</gpxtpx:hr></gpxtpx:TrackPointExtension></extensions></trkpt><trkpt lat="60.192207" lon="25.041168"><ele>9.8</ele><time>2026-03-16T18:10:41Z</time><extensions><gpxtpx:TrackPointExtension><gpxtpx:hr>112</gpxtpx:hr></gpxtpx:TrackPointExtension></extensions></trkpt><trkpt lat="60.192207" lon="25.041168"><ele>9.8</ele><time>2026-03-16T18:10:42Z</time><extensions><gpxtpx:TrackPointExtension><gpxtpx:hr>113</gpxtpx:hr></gpxtpx:TrackPointExtension></extensions></trkpt><trkpt lat="60.192207" lon="25.041168"><ele>9.8</ele><time>2026-03-16T18:10:47Z</time><extensions><gpxtpx:TrackPointExtension><gpxtpx:hr>116</gpxtpx:hr></gpxtpx:TrackPointExtension></extensions></trkpt><trkpt lat="60.192207" lon="25.041168"><ele>9.8</ele><time>2026-03-16T18:10:54Z</time><extensions><gpxtpx:TrackPointExtension><gpxtpx:hr>125</gpxtpx:hr></gpxtpx:TrackPointExtension></extensions></trkpt><trkpt lat="60.192207" lon="25.041168"><ele>9.8</ele><time>2026-03-16T18:10:57Z</time><extensions><gpxtpx:TrackPointExtension><gpxtpx:hr>130</gpxtpx:hr></gpxtpx:TrackPointExtension></extensions></trkpt><trkpt lat="60.192207" lon="25.041168"><ele>9.8</ele><time>2026-03-16T18:11:04Z</time><extensions><gpxtpx:TrackPointExtension><gpxtpx:hr>143</gpxtpx:hr></gpxtpx:TrackPointExtension></extensions></trkpt><trkpt lat="60.192207" lon="25.041168"><ele>9.8</ele><time>2026-03-16T18:11:11Z</time><extensions><gpxtpx:TrackPointExtension><gpxtpx:hr>157</gpxtpx:hr></gpxtpx:TrackPointExtension></extensions></trkpt><trkpt lat="60.192207" lon="25.041168"><ele>9.8</ele><time>2026-03-16T18:11:15Z</time><extensions><gpxtpx:TrackPointExtension><gpxtpx:hr>160</gpxtpx:hr></gpxtpx:TrackPointExtension></extensions></trkpt><trkpt lat="60.192207" lon="25.041168"><ele>9.8</ele><time>2026-03-16T18:11:19Z</time><extensions><gpxtpx:TrackPointExtension><gpxtpx:hr>161</gpxtpx:hr></gpxtpx:TrackPointExtension></extensions></trkpt><trkpt lat="60.192207" lon="25.041168"><ele>9.8</ele><time>2026-03-16T18:11:25Z</time><extensions><gpxtpx:TrackPointExtension><gpxtpx:hr>163</gpxtpx:hr></gpxtpx:TrackPointExtension></extensions></trkpt><trkpt lat="60.192207" lon="25.041168"><ele>9.8</ele><time>2026-03-16T18:11:31Z</time><extensions><gpxtpx:TrackPointExtension><gpxtpx:hr>166</gpxtpx:hr></gpxtpx:TrackPointExtension></extensions></trkpt><trkpt lat="60.192207" lon="25.041168"><ele>9.8</ele><time>2026-03-16T18:11:35Z</time><extensions><gpxtpx:TrackPointExtension><gpxtpx:hr>166</gpxtpx:hr></gpxtpx:TrackPointExtension></extensions></trkpt><trkpt lat="60.192207" lon="25.041168"><ele>9.8</ele><time>2026-03-16T18:11:37Z</time><extensions><gpxtpx:TrackPointExtension><gpxtpx:hr>167</gpxtpx:hr></gpxtpx:TrackPointExtension></extensions></trkpt><trkpt lat="60.192207" lon="25.041168"><ele>9.8</ele><time>2026-03-16T18:11:46Z</time><extensions><gpxtpx:TrackPointExtension><gpxtpx:hr>170</gpxtpx:hr></gpxtpx:TrackPointExtension></extensions></trkpt><trkpt lat="60.192207" lon="25.041168"><ele>9.8</ele><time>2026-03-16T18:11:47Z</time><extensions><gpxtpx:TrackPointExtension><gpxtpx:hr>170</gpxtpx:hr></gpxtpx:TrackPointExtension></extensions></trkpt><trkpt lat="60.192207" lon="25.041168"><ele>9.8</ele><time>2026-03-16T18:11:54Z</time><extensions><gpxtpx:TrackPointExtension><gpxtpx:hr>170</gpxtpx:hr></gpxtpx:TrackPointExtension></extensions></trkpt><trkpt lat="60.192207" lon="25.041168"><ele>9.8</ele><time>2026-03-16T18:11:58Z</time><extensions><gpxtpx:TrackPointExtension><gpxtpx:hr>169</gpxtpx:hr></gpxtpx:TrackPointExtension></extensions></trkpt><trkpt lat="60.192207" lon="25.041168"><ele>9.8</ele><time>2026-03-16T18:12:06Z</time><extensions><gpxtpx:TrackPointExtension><gpxtpx:hr>162</gpxtpx:hr></gpxtpx:TrackPointExtension></extensions></trkpt><trkpt lat="60.192207" lon="25.041168"><ele>9.8</ele><time>2026-03-16T18:12:11Z</time><extensions><gpxtpx:TrackPointExtension><gpxtpx:hr>160</gpxtpx:hr></gpxtpx:TrackPointExtension></extensions></trkpt><trkpt lat="60.192207" lon="25.041168"><ele>9.8</ele><time>2026-03-16T18:12:13Z</time><extensions><gpxtpx:TrackPointExtension><gpxtpx:hr>158</gpxtpx:hr></gpxtpx:TrackPointExtension></extensions></trkpt><trkpt lat="60.192207" lon="25.041168"><ele>9.8</ele><time>2026-03-16T18:12:20Z</time><extensions><gpxtpx:TrackPointExtension><gpxtpx:hr>153</gpxtpx:hr></gpxtpx:TrackPointExtension></extensions></trkpt><trkpt lat="60.192207" lon="25.041168"><ele>9.8</ele><time>2026-03-16T18:12:22Z</time><extensions><gpxtpx:TrackPointExtension><gpxtpx:hr>151</gpxtpx:hr></gpxtpx:TrackPointExtension></extensions></trkpt><trkpt lat="60.192207" lon="25.041168"><ele>9.8</ele><time>2026-03-16T18:12:31Z</time><extensions><gpxtpx:TrackPointExtension><gpxtpx:hr>143</gpxtpx:hr></gpxtpx:TrackPointExtension></extensions></trkpt><trkpt lat="60.192207" lon="25.041168"><ele>9.8</ele><time>2026-03-16T18:12:34Z</time><extensions><gpxtpx:TrackPointExtension><gpxtpx:hr>141</gpxtpx:hr></gpxtpx:TrackPointExtension></extensions></trkpt><trkpt lat="60.192207" lon="25.041168"><ele>9.8</ele><time>2026-03-16T18:12:41Z</time><extensions><gpxtpx:TrackPointExtension><gpxtpx:hr>136</gpxtpx:hr></gpxtpx:TrackPointExtension></extensions></trkpt><trkpt lat="60.192207" lon="25.041168"><ele>9.8</ele><time>2026-03-16T18:12:46Z</time><extensions><gpxtpx:TrackPointExtension><gpxtpx:hr>131</gpxtpx:hr></gpxtpx:TrackPointExtension></extensions></trkpt><trkpt lat="60.192207" lon="25.041168"><ele>9.8</ele><time>2026-03-16T18:12:51Z</time><extensions><gpxtpx:TrackPointExtension><gpxtpx:hr>127</gpxtpx:hr></gpxtpx:TrackPointExtension></extensions></trkpt><trkpt lat="60.192207" lon="25.041168"><ele>9.8</ele><time>2026-03-16T18:12:56Z</time><extensions><gpxtpx:TrackPointExtension><gpxtpx:hr>125</gpxtpx:hr></gpxtpx:TrackPointExtension></extensions></trkpt><trkpt lat="60.192207" lon="25.041168"><ele>9.8</ele><time>2026-03-16T18:13:01Z</time><extensions><gpxtpx:TrackPointExtension><gpxtpx:hr>122</gpxtpx:hr></gpxtpx:TrackPointExtension></extensions></trkpt><trkpt lat="60.192207" lon="25.041168"><ele>9.8</ele><time>2026-03-16T18:13:02Z</time><extensions><gpxtpx:TrackPointExtension><gpxtpx:hr>122</gpxtpx:hr></gpxtpx:TrackPointExtension></extensions></trkpt><trkpt lat="60.192207" lon="25.041168"><ele>9.8</ele><time>2026-03-16T18:13:11Z</time><extensions><gpxtpx:TrackPointExtension><gpxtpx:hr>121</gpxtpx:hr></gpxtpx:TrackPointExtension></extensions></trkpt><trkpt lat="60.192207" lon="25.041168"><ele>9.8</ele><time>2026-03-16T18:13:16Z</time><extensions><gpxtpx:TrackPointExtension><gpxtpx:hr>122</gpxtpx:hr></gpxtpx:TrackPointExtension></extensions></trkpt><trkpt lat="60.192207" lon="25.041168"><ele>9.8</ele><time>2026-03-16T18:13:18Z</time><extensions><gpxtpx:TrackPointExtension><gpxtpx:hr>121</gpxtpx:hr></gpxtpx:TrackPointExtension></extensions></trkpt><trkpt lat="60.192207" lon="25.041168"><ele>9.8</ele><time>2026-03-16T18:13:26Z</time><extensions><gpxtpx:TrackPointExtension><gpxtpx:hr>117</gpxtpx:hr></gpxtpx:TrackPointExtension></extensions></trkpt><trkpt lat="60.192207" lon="25.041168"><ele>9.8</ele><time>2026-03-16T18:13:28Z</time><extensions><gpxtpx:TrackPointExtension><gpxtpx:hr>117</gpxtpx:hr></gpxtpx:TrackPointExtension></extensions></trkpt><trkpt lat="60.192207" lon="25.041168"><ele>9.8</ele><time>2026-03-16T18:13:32Z</time><extensions><gpxtpx:TrackPointExtension><gpxtpx:hr>117</gpxtpx:hr></gpxtpx:TrackPointExtension></extensions></trkpt><trkpt lat="60.192207" lon="25.041168"><ele>9.8</ele><time>2026-03-16T18:13:37Z</time><extensions><gpxtpx:TrackPointExtension><gpxtpx:hr>115</gpxtpx:hr></gpxtpx:TrackPointExtension></extensions></trkpt><trkpt lat="60.192207" lon="25.041168"><ele>9.8</ele><time>2026-03-16T18:13:46Z</time><extensions><gpxtpx:TrackPointExtension><gpxtpx:hr>107</gpxtpx:hr></gpxtpx:TrackPointExtension></extensions></trkpt><trkpt lat="60.192207" lon="25.041168"><ele>9.8</ele><time>2026-03-16T18:13:51Z</time><extensions><gpxtpx:TrackPointExtension><gpxtpx:hr>107</gpxtpx:hr></gpxtpx:TrackPointExtension></extensions></trkpt><trkpt lat="60.192207" lon="25.041168"><ele>9.8</ele><time>2026-03-16T18:13:53Z</time><extensions><gpxtpx:TrackPointExtension><gpxtpx:hr>108</gpxtpx:hr></gpxtpx:TrackPointExtension></extensions></trkpt><trkpt lat="60.192207" lon="25.041168"><ele>9.8</ele><time>2026-03-16T18:14:00Z</time><extensions><gpxtpx:TrackPointExtension><gpxtpx:hr>110</gpxtpx:hr></gpxtpx:TrackPointExtension></extensions></trkpt><trkpt lat="60.192207" lon="25.041168"><ele>9.8</ele><time>2026-03-16T18:14:03Z</time><extensions><gpxtpx:TrackPointExtension><gpxtpx:hr>112</gpxtpx:hr></gpxtpx:TrackPointExtension></extensions></trkpt><trkpt lat="60.192207" lon="25.041168"><ele>9.8</ele><time>2026-03-16T18:14:07Z</time><extensions><gpxtpx:TrackPointExtension><gpxtpx:hr>113</gpxtpx:hr></gpxtpx:TrackPointExtension></extensions></trkpt><trkpt lat="60.192207" lon="25.041168"><ele>9.8</ele><time>2026-03-16T18:14:12Z</time><extensions><gpxtpx:TrackPointExtension><gpxtpx:hr>115</gpxtpx:hr></gpxtpx:TrackPointExtension></extensions></trkpt><trkpt lat="60.192207" lon="25.041168"><ele>9.8</ele><time>2026-03-16T18:14:17Z</time><extensions><gpxtpx:TrackPointExtension><gpxtpx:hr>114</gpxtpx:hr></gpxtpx:TrackPointExtension></extensions></trkpt><trkpt lat="60.192207" lon="25.041168"><ele>9.8</ele><time>2026-03-16T18:14:22Z</time><extensions><gpxtpx:TrackPointExtension><gpxtpx:hr>115</gpxtpx:hr></gpxtpx:TrackPointExtension></extensions></trkpt><trkpt lat="60.192207" lon="25.041168"><ele>9.8</ele><time>2026-03-16T18:14:29Z</time><extensions><gpxtpx:TrackPointExtension><gpxtpx:hr>124</gpxtpx:hr></gpxtpx:TrackPointExtension></extensions></trkpt><trkpt lat="60.192207" lon="25.041168"><ele>9.8</ele><time>2026-03-16T18:14:32Z</time><extensions><gpxtpx:TrackPointExtension><gpxtpx:hr>130</gpxtpx:hr></gpxtpx:TrackPointExtension></extensions></trkpt><trkpt lat="60.192207" lon="25.041168"><ele>9.8</ele><time>2026-03-16T18:14:40Z</time><extensions><gpxtpx:TrackPointExtension><gpxtpx:hr>137</gpxtpx:hr></gpxtpx:TrackPointExtension></extensions></trkpt><trkpt lat="60.192207" lon="25.041168"><ele>9.8</ele><time>2026-03-16T18:14:46Z</time><extensions><gpxtpx:TrackPointExtension><gpxtpx:hr>140</gpxtpx:hr></gpxtpx:TrackPointExtension></extensions></trkpt><trkpt lat="60.192207" lon="25.041168"><ele>9.8</ele><time>2026-03-16T18:14:51Z</time><extensions><gpxtpx:TrackPointExtension><gpxtpx:hr>139</gpxtpx:hr></gpxtpx:TrackPointExtension></extensions></trkpt><trkpt lat="60.192207" lon="25.041168"><ele>9.8</ele><time>2026-03-16T18:14:53Z</time><extensions><gpxtpx:TrackPointExtension><gpxtpx:hr>138</gpxtpx:hr></gpxtpx:TrackPointExtension></extensions></trkpt><trkpt lat="60.192207" lon="25.041168"><ele>9.8</ele><time>2026-03-16T18:14:57Z</time><extensions><gpxtpx:TrackPointExtension><gpxtpx:hr>137</gpxtpx:hr></gpxtpx:TrackPointExtension></extensions></trkpt><trkpt lat="60.192207" lon="25.041168"><ele>9.8</ele><time>2026-03-16T18:15:02Z</time><extensions><gpxtpx:TrackPointExtension><gpxtpx:hr>135</gpxtpx:hr></gpxtpx:TrackPointExtension></extensions></trkpt><trkpt lat="60.192207" lon="25.041168"><ele>9.8</ele><time>2026-03-16T18:15:07Z</time><extensions><gpxtpx:TrackPointExtension><gpxtpx:hr>139</gpxtpx:hr></gpxtpx:TrackPointExtension></extensions></trkpt><trkpt lat="60.192207" lon="25.041168"><ele>9.8</ele><time>2026-03-16T18:15:15Z</time><extensions><gpxtpx:TrackPointExtension><gpxtpx:hr>149</gpxtpx:hr></gpxtpx:TrackPointExtension></extensions></trkpt><trkpt lat="60.192207" lon="25.041168"><ele>9.8</ele><time>2026-03-16T18:15:17Z</time><extensions><gpxtpx:TrackPointExtension><gpxtpx:hr>151</gpxtpx:hr></gpxtpx:TrackPointExtension></extensions></trkpt><trkpt lat="60.192207" lon="25.041168"><ele>9.8</ele><time>2026-03-16T18:15:26Z</time><extensions><gpxtpx:TrackPointExtension><gpxtpx:hr>158</gpxtpx:hr></gpxtpx:TrackPointExtension></extensions></trkpt><trkpt lat="60.192207" lon="25.041168"><ele>9.8</ele><time>2026-03-16T18:15:27Z</time><extensions><gpxtpx:TrackPointExtension><gpxtpx:hr>159</gpxtpx:hr></gpxtpx:TrackPointExtension></extensions></trkpt><trkpt lat="60.192207" lon="25.041168"><ele>9.8</ele><time>2026-03-16T18:15:36Z</time><extensions><gpxtpx:TrackPointExtension><gpxtpx:hr>164</gpxtpx:hr></gpxtpx:TrackPointExtension></extensions></trkpt><trkpt lat="60.192207" lon="25.041168"><ele>9.8</ele><time>2026-03-16T18:15:39Z</time><extensions><gpxtpx:TrackPointExtension><gpxtpx:hr>164</gpxtpx:hr></gpxtpx:TrackPointExtension></extensions></trkpt><trkpt lat="60.192207" lon="25.041168"><ele>9.8</ele><time>2026-03-16T18:15:46Z</time><extensions><gpxtpx:TrackPointExtension><gpxtpx:hr>163</gpxtpx:hr></gpxtpx:TrackPointExtension></extensions></trkpt><trkpt lat="60.192207" lon="25.041168"><ele>9.8</ele><time>2026-03-16T18:15:51Z</time><extensions><gpxtpx:TrackPointExtension><gpxtpx:hr>162</gpxtpx:hr></gpxtpx:TrackPointExtension></extensions></trkpt><trkpt lat="60.192207" lon="25.041168"><ele>9.8</ele><time>2026-03-16T18:15:52Z</time><extensions><gpxtpx:TrackPointExtension><gpxtpx:hr>162</gpxtpx:hr></gpxtpx:TrackPointExtension></extensions></trkpt><trkpt lat="60.192207" lon="25.041168"><ele>9.8</ele><time>2026-03-16T18:15:57Z</time><extensions><gpxtpx:TrackPointExtension><gpxtpx:hr>160</gpxtpx:hr></gpxtpx:TrackPointExtension></extensions></trkpt><trkpt lat="60.192207" lon="25.041168"><ele>9.8</ele><time>2026-03-16T18:16:02Z</time><extensions><gpxtpx:TrackPointExtension><gpxtpx:hr>159</gpxtpx:hr></gpxtpx:TrackPointExtension></extensions></trkpt><trkpt lat="60.192207" lon="25.041168"><ele>9.8</ele><time>2026-03-16T18:16:11Z</time><extensions><gpxtpx:TrackPointExtension><gpxtpx:hr>151</gpxtpx:hr></gpxtpx:TrackPointExtension></extensions></trkpt><trkpt lat="60.192207" lon="25.041168"><ele>9.8</ele><time>2026-03-16T18:16:15Z</time><extensions><gpxtpx:TrackPointExtension><gpxtpx:hr>153</gpxtpx:hr></gpxtpx:TrackPointExtension></extensions></trkpt><trkpt lat="60.192207" lon="25.041168"><ele>9.8</ele><time>2026-03-16T18:16:21Z</time><extensions><gpxtpx:TrackPointExtension><gpxtpx:hr>152</gpxtpx:hr></gpxtpx:TrackPointExtension></extensions></trkpt><trkpt lat="60.192207" lon="25.041168"><ele>9.8</ele><time>2026-03-16T18:16:26Z</time><extensions><gpxtpx:TrackPointExtension><gpxtpx:hr>146</gpxtpx:hr></gpxtpx:TrackPointExtension></extensions></trkpt><trkpt lat="60.192207" lon="25.041168"><ele>9.8</ele><time>2026-03-16T18:16:30Z</time><extensions><gpxtpx:TrackPointExtension><gpxtpx:hr>143</gpxtpx:hr></gpxtpx:TrackPointExtension></extensions></trkpt><trkpt lat="60.192207" lon="25.041168"><ele>9.8</ele><time>2026-03-16T18:16:33Z</time><extensions><gpxtpx:TrackPointExtension><gpxtpx:hr>140</gpxtpx:hr></gpxtpx:TrackPointExtension></extensions></trkpt><trkpt lat="60.192207" lon="25.041168"><ele>9.8</ele><time>2026-03-16T18:16:41Z</time><extensions><gpxtpx:TrackPointExtension><gpxtpx:hr>132</gpxtpx:hr></gpxtpx:TrackPointExtension></extensions></trkpt><trkpt lat="60.192207" lon="25.041168"><ele>9.8</ele><time>2026-03-16T18:16:42Z</time><extensions><gpxtpx:TrackPointExtension><gpxtpx:hr>131</gpxtpx:hr></gpxtpx:TrackPointExtension></extensions></trkpt><trkpt lat="60.192207" lon="25.041168"><ele>9.8</ele><time>2026-03-16T18:16:50Z</time><extensions><gpxtpx:TrackPointExtension><gpxtpx:hr>129</gpxtpx:hr></gpxtpx:TrackPointExtension></extensions></trkpt><trkpt lat="60.192207" lon="25.041168"><ele>9.8</ele><time>2026-03-16T18:16:53Z</time><extensions><gpxtpx:TrackPointExtension><gpxtpx:hr>131</gpxtpx:hr></gpxtpx:TrackPointExtension></extensions></trkpt><trkpt lat="60.192207" lon="25.041168"><ele>9.8</ele><time>2026-03-16T18:16:59Z</time><extensions><gpxtpx:TrackPointExtension><gpxtpx:hr>129</gpxtpx:hr></gpxtpx:TrackPointExtension></extensions></trkpt><trkpt lat="60.192207" lon="25.041168"><ele>9.8</ele><time>2026-03-16T18:17:06Z</time><extensions><gpxtpx:TrackPointExtension><gpxtpx:hr>123</gpxtpx:hr></gpxtpx:TrackPointExtension></extensions></trkpt><trkpt lat="60.192207" lon="25.041168"><ele>9.8</ele><time>2026-03-16T18:17:11Z</time><extensions><gpxtpx:TrackPointExtension><gpxtpx:hr>115</gpxtpx:hr></gpxtpx:TrackPointExtension></extensions></trkpt><trkpt lat="60.192207" lon="25.041168"><ele>9.8</ele><time>2026-03-16T18:17:15Z</time><extensions><gpxtpx:TrackPointExtension><gpxtpx:hr>111</gpxtpx:hr></gpxtpx:TrackPointExtension></extensions></trkpt><trkpt lat="60.192207" lon="25.041168"><ele>9.8</ele><time>2026-03-16T18:17:20Z</time><extensions><gpxtpx:TrackPointExtension><gpxtpx:hr>112</gpxtpx:hr></gpxtpx:TrackPointExtension></extensions></trkpt><trkpt lat="60.192207" lon="25.041168"><ele>9.8</ele><time>2026-03-16T18:17:26Z</time><extensions><gpxtpx:TrackPointExtension><gpxtpx:hr>112</gpxtpx:hr></gpxtpx:TrackPointExtension></extensions></trkpt><trkpt lat="60.192207" lon="25.041168"><ele>9.8</ele><time>2026-03-16T18:17:27Z</time><extensions><gpxtpx:TrackPointExtension><gpxtpx:hr>112</gpxtpx:hr></gpxtpx:TrackPointExtension></extensions></trkpt><trkpt lat="60.192207" lon="25.041168"><ele>9.8</ele><time>2026-03-16T18:17:34Z</time><extensions><gpxtpx:TrackPointExtension><gpxtpx:hr>110</gpxtpx:hr></gpxtpx:TrackPointExtension></extensions></trkpt><trkpt lat="60.192207" lon="25.041168"><ele>9.8</ele><time>2026-03-16T18:17:37Z</time><extensions><gpxtpx:TrackPointExtension><gpxtpx:hr>109</gpxtpx:hr></gpxtpx:TrackPointExtension></extensions></trkpt><trkpt lat="60.192207" lon="25.041168"><ele>9.8</ele><time>2026-03-16T18:17:46Z</time><extensions><gpxtpx:TrackPointExtension><gpxtpx:hr>113</gpxtpx:hr></gpxtpx:TrackPointExtension></extensions></trkpt><trkpt lat="60.192207" lon="25.041168"><ele>9.8</ele><time>2026-03-16T18:17:47Z</time><extensions><gpxtpx:TrackPointExtension><gpxtpx:hr>114</gpxtpx:hr></gpxtpx:TrackPointExtension></extensions></trkpt><trkpt lat="60.192207" lon="25.041168"><ele>9.8</ele><time>2026-03-16T18:17:55Z</time><extensions><gpxtpx:TrackPointExtension><gpxtpx:hr>122</gpxtpx:hr></gpxtpx:TrackPointExtension></extensions></trkpt><trkpt lat="60.192207" lon="25.041168"><ele>9.8</ele><time>2026-03-16T18:17:57Z</time><extensions><gpxtpx:TrackPointExtension><gpxtpx:hr>122</gpxtpx:hr></gpxtpx:TrackPointExtension></extensions></trkpt><trkpt lat="60.192207" lon="25.041168"><ele>9.8</ele><time>2026-03-16T18:18:04Z</time><extensions><gpxtpx:TrackPointExtension><gpxtpx:hr>112</gpxtpx:hr></gpxtpx:TrackPointExtension></extensions></trkpt><trkpt lat="60.192207" lon="25.041168"><ele>9.8</ele><time>2026-03-16T18:18:11Z</time><extensions><gpxtpx:TrackPointExtension><gpxtpx:hr>111</gpxtpx:hr></gpxtpx:TrackPointExtension></extensions></trkpt><trkpt lat="60.192207" lon="25.041168"><ele>9.8</ele><time>2026-03-16T18:18:16Z</time><extensions><gpxtpx:TrackPointExtension><gpxtpx:hr>109</gpxtpx:hr></gpxtpx:TrackPointExtension></extensions></trkpt><trkpt lat="60.192207" lon="25.041168"><ele>9.8</ele><time>2026-03-16T18:18:18Z</time><extensions><gpxtpx:TrackPointExtension><gpxtpx:hr>109</gpxtpx:hr></gpxtpx:TrackPointExtension></extensions></trkpt><trkpt lat="60.192207" lon="25.041168"><ele>9.8</ele><time>2026-03-16T18:18:26Z</time><extensions><gpxtpx:TrackPointExtension><gpxtpx:hr>108</gpxtpx:hr></gpxtpx:TrackPointExtension></extensions></trkpt><trkpt lat="60.192207" lon="25.041168"><ele>9.8</ele><time>2026-03-16T18:18:30Z</time><extensions><gpxtpx:TrackPointExtension><gpxtpx:hr>108</gpxtpx:hr></gpxtpx:TrackPointExtension></extensions></trkpt><trkpt lat="60.192207" lon="25.041168"><ele>9.8</ele><time>2026-03-16T18:18:34Z</time><extensions><gpxtpx:TrackPointExtension><gpxtpx:hr>109</gpxtpx:hr></gpxtpx:TrackPointExtension></extensions></trkpt><trkpt lat="60.192207" lon="25.041168"><ele>9.8</ele><time>2026-03-16T18:18:37Z</time><extensions><gpxtpx:TrackPointExtension><gpxtpx:hr>110</gpxtpx:hr></gpxtpx:TrackPointExtension></extensions></trkpt><trkpt lat="60.192207" lon="25.041168"><ele>9.8</ele><time>2026-03-16T18:18:42Z</time><extensions><gpxtpx:TrackPointExtension><gpxtpx:hr>108</gpxtpx:hr></gpxtpx:TrackPointExtension></extensions></trkpt><trkpt lat="60.192207" lon="25.041168"><ele>9.8</ele><time>2026-03-16T18:18:51Z</time><extensions><gpxtpx:TrackPointExtension><gpxtpx:hr>107</gpxtpx:hr></gpxtpx:TrackPointExtension></extensions></trkpt><trkpt lat="60.192207" lon="25.041168"><ele>9.8</ele><time>2026-03-16T18:18:55Z</time><extensions><gpxtpx:TrackPointExtension><gpxtpx:hr>106</gpxtpx:hr></gpxtpx:TrackPointExtension></extensions></trkpt><trkpt lat="60.192207" lon="25.041168"><ele>9.8</ele><time>2026-03-16T18:19:01Z</time><extensions><gpxtpx:TrackPointExtension><gpxtpx:hr>104</gpxtpx:hr></gpxtpx:TrackPointExtension></extensions></trkpt><trkpt lat="60.192207" lon="25.041168"><ele>9.8</ele><time>2026-03-16T18:19:02Z</time><extensions><gpxtpx:TrackPointExtension><gpxtpx:hr>104</gpxtpx:hr></gpxtpx:TrackPointExtension></extensions></trkpt><trkpt lat="60.192207" lon="25.041168"><ele>9.8</ele><time>2026-03-16T18:19:07Z</time><extensions><gpxtpx:TrackPointExtension><gpxtpx:hr>104</gpxtpx:hr></gpxtpx:TrackPointExtension></extensions></trkpt><trkpt lat="60.192207" lon="25.041168"><ele>9.8</ele><time>2026-03-16T18:19:16Z</time><extensions><gpxtpx:TrackPointExtension><gpxtpx:hr>96</gpxtpx:hr></gpxtpx:TrackPointExtension></extensions></trkpt><trkpt lat="60.192207" lon="25.041168"><ele>9.8</ele><time>2026-03-16T18:19:21Z</time><extensions><gpxtpx:TrackPointExtension><gpxtpx:hr>101</gpxtpx:hr></gpxtpx:TrackPointExtension></extensions></trkpt><trkpt lat="60.192207" lon="25.041168"><ele>9.8</ele><time>2026-03-16T18:19:26Z</time><extensions><gpxtpx:TrackPointExtension><gpxtpx:hr>102</gpxtpx:hr></gpxtpx:TrackPointExtension></extensions></trkpt><trkpt lat="60.192207" lon="25.041168"><ele>9.8</ele><time>2026-03-16T18:19:27Z</time><extensions><gpxtpx:TrackPointExtension><gpxtpx:hr>103</gpxtpx:hr></gpxtpx:TrackPointExtension></extensions></trkpt><trkpt lat="60.192207" lon="25.041168"><ele>9.8</ele><time>2026-03-16T18:19:35Z</time><extensions><gpxtpx:TrackPointExtension><gpxtpx:hr>99</gpxtpx:hr></gpxtpx:TrackPointExtension></extensions></trkpt><trkpt lat="60.192207" lon="25.041168"><ele>9.8</ele><time>2026-03-16T18:19:38Z</time><extensions><gpxtpx:TrackPointExtension><gpxtpx:hr>100</gpxtpx:hr></gpxtpx:TrackPointExtension></extensions></trkpt><trkpt lat="60.192207" lon="25.041168"><ele>9.8</ele><time>2026-03-16T18:19:44Z</time><extensions><gpxtpx:TrackPointExtension><gpxtpx:hr>99</gpxtpx:hr></gpxtpx:TrackPointExtension></extensions></trkpt><trkpt lat="60.192207" lon="25.041168"><ele>9.8</ele><time>2026-03-16T18:19:50Z</time><extensions><gpxtpx:TrackPointExtension><gpxtpx:hr>102</gpxtpx:hr></gpxtpx:TrackPointExtension></extensions></trkpt><trkpt lat="60.192207" lon="25.041168"><ele>9.8</ele><time>2026-03-16T18:19:53Z</time><extensions><gpxtpx:TrackPointExtension><gpxtpx:hr>104</gpxtpx:hr></gpxtpx:TrackPointExtension></extensions></trkpt><trkpt lat="60.192207" lon="25.041168"><ele>9.8</ele><time>2026-03-16T18:19:57Z</time><extensions><gpxtpx:TrackPointExtension><gpxtpx:hr>103</gpxtpx:hr></gpxtpx:TrackPointExtension></extensions></trkpt><trkpt lat="60.192207" lon="25.041168"><ele>9.8</ele><time>2026-03-16T18:20:02Z</time><extensions><gpxtpx:TrackPointExtension><gpxtpx:hr>105</gpxtpx:hr></gpxtpx:TrackPointExtension></extensions></trkpt><trkpt lat="60.192207" lon="25.041168"><ele>9.8</ele><time>2026-03-16T18:20:07Z</time><extensions><gpxtpx:TrackPointExtension><gpxtpx:hr>106</gpxtpx:hr></gpxtpx:TrackPointExtension></extensions></trkpt><trkpt lat="60.192207" lon="25.041168"><ele>9.8</ele><time>2026-03-16T18:20:13Z</time><extensions><gpxtpx:TrackPointExtension><gpxtpx:hr>113</gpxtpx:hr></gpxtpx:TrackPointExtension></extensions></trkpt><trkpt lat="60.192207" lon="25.041168"><ele>9.8</ele><time>2026-03-16T18:20:17Z</time><extensions><gpxtpx:TrackPointExtension><gpxtpx:hr>121</gpxtpx:hr></gpxtpx:TrackPointExtension></extensions></trkpt><trkpt lat="60.192207" lon="25.041168"><ele>9.8</ele><time>2026-03-16T18:20:22Z</time><extensions><gpxtpx:TrackPointExtension><gpxtpx:hr>127</gpxtpx:hr></gpxtpx:TrackPointExtension></extensions></trkpt><trkpt lat="60.192207" lon="25.041168"><ele>9.8</ele><time>2026-03-16T18:20:28Z</time><extensions><gpxtpx:TrackPointExtension><gpxtpx:hr>137</gpxtpx:hr></gpxtpx:TrackPointExtension></extensions></trkpt><trkpt lat="60.192207" lon="25.041168"><ele>9.8</ele><time>2026-03-16T18:20:36Z</time><extensions><gpxtpx:TrackPointExtension><gpxtpx:hr>148</gpxtpx:hr></gpxtpx:TrackPointExtension></extensions></trkpt><trkpt lat="60.192207" lon="25.041168"><ele>9.8</ele><time>2026-03-16T18:20:41Z</time><extensions><gpxtpx:TrackPointExtension><gpxtpx:hr>154</gpxtpx:hr></gpxtpx:TrackPointExtension></extensions></trkpt><trkpt lat="60.192207" lon="25.041168"><ele>9.8</ele><time>2026-03-16T18:20:46Z</time><extensions><gpxtpx:TrackPointExtension><gpxtpx:hr>157</gpxtpx:hr></gpxtpx:TrackPointExtension></extensions></trkpt><trkpt lat="60.192207" lon="25.041168"><ele>9.8</ele><time>2026-03-16T18:20:50Z</time><extensions><gpxtpx:TrackPointExtension><gpxtpx:hr>160</gpxtpx:hr></gpxtpx:TrackPointExtension></extensions></trkpt><trkpt lat="60.192207" lon="25.041168"><ele>9.8</ele><time>2026-03-16T18:20:54Z</time><extensions><gpxtpx:TrackPointExtension><gpxtpx:hr>163</gpxtpx:hr></gpxtpx:TrackPointExtension></extensions></trkpt><trkpt lat="60.192207" lon="25.041168"><ele>9.8</ele><time>2026-03-16T18:20:59Z</time><extensions><gpxtpx:TrackPointExtension><gpxtpx:hr>163</gpxtpx:hr></gpxtpx:TrackPointExtension></extensions></trkpt><trkpt lat="60.192207" lon="25.041168"><ele>9.8</ele><time>2026-03-16T18:21:06Z</time><extensions><gpxtpx:TrackPointExtension><gpxtpx:hr>163</gpxtpx:hr></gpxtpx:TrackPointExtension></extensions></trkpt><trkpt lat="60.192207" lon="25.041168"><ele>9.8</ele><time>2026-03-16T18:21:09Z</time><extensions><gpxtpx:TrackPointExtension><gpxtpx:hr>164</gpxtpx:hr></gpxtpx:TrackPointExtension></extensions></trkpt><trkpt lat="60.192207" lon="25.041168"><ele>9.8</ele><time>2026-03-16T18:21:16Z</time><extensions><gpxtpx:TrackPointExtension><gpxtpx:hr>159</gpxtpx:hr></gpxtpx:TrackPointExtension></extensions></trkpt><trkpt lat="60.192207" lon="25.041168"><ele>9.8</ele><time>2026-03-16T18:21:17Z</time><extensions><gpxtpx:TrackPointExtension><gpxtpx:hr>159</gpxtpx:hr></gpxtpx:TrackPointExtension></extensions></trkpt><trkpt lat="60.192207" lon="25.041168"><ele>9.8</ele><time>2026-03-16T18:21:24Z</time><extensions><gpxtpx:TrackPointExtension><gpxtpx:hr>157</gpxtpx:hr></gpxtpx:TrackPointExtension></extensions></trkpt><trkpt lat="60.192207" lon="25.041168"><ele>9.8</ele><time>2026-03-16T18:21:27Z</time><extensions><gpxtpx:TrackPointExtension><gpxtpx:hr>156</gpxtpx:hr></gpxtpx:TrackPointExtension></extensions></trkpt><trkpt lat="60.192207" lon="25.041168"><ele>9.8</ele><time>2026-03-16T18:21:36Z</time><extensions><gpxtpx:TrackPointExtension><gpxtpx:hr>149</gpxtpx:hr></gpxtpx:TrackPointExtension></extensions></trkpt><trkpt lat="60.192207" lon="25.041168"><ele>9.8</ele><time>2026-03-16T18:21:41Z</time><extensions><gpxtpx:TrackPointExtension><gpxtpx:hr>148</gpxtpx:hr></gpxtpx:TrackPointExtension></extensions></trkpt><trkpt lat="60.192207" lon="25.041168"><ele>9.8</ele><time>2026-03-16T18:21:45Z</time><extensions><gpxtpx:TrackPointExtension><gpxtpx:hr>146</gpxtpx:hr></gpxtpx:TrackPointExtension></extensions></trkpt><trkpt lat="60.192207" lon="25.041168"><ele>9.8</ele><time>2026-03-16T18:21:47Z</time><extensions><gpxtpx:TrackPointExtension><gpxtpx:hr>144</gpxtpx:hr></gpxtpx:TrackPointExtension></extensions></trkpt><trkpt lat="60.192207" lon="25.041168"><ele>9.8</ele><time>2026-03-16T18:21:56Z</time><extensions><gpxtpx:TrackPointExtension><gpxtpx:hr>138</gpxtpx:hr></gpxtpx:TrackPointExtension></extensions></trkpt><trkpt lat="60.192207" lon="25.041168"><ele>9.8</ele><time>2026-03-16T18:22:00Z</time><extensions><gpxtpx:TrackPointExtension><gpxtpx:hr>137</gpxtpx:hr></gpxtpx:TrackPointExtension></extensions></trkpt><trkpt lat="60.192207" lon="25.041168"><ele>9.8</ele><time>2026-03-16T18:22:03Z</time><extensions><gpxtpx:TrackPointExtension><gpxtpx:hr>135</gpxtpx:hr></gpxtpx:TrackPointExtension></extensions></trkpt><trkpt lat="60.192207" lon="25.041168"><ele>9.8</ele><time>2026-03-16T18:22:08Z</time><extensions><gpxtpx:TrackPointExtension><gpxtpx:hr>133</gpxtpx:hr></gpxtpx:TrackPointExtension></extensions></trkpt><trkpt lat="60.192207" lon="25.041168"><ele>9.8</ele><time>2026-03-16T18:22:14Z</time><extensions><gpxtpx:TrackPointExtension><gpxtpx:hr>125</gpxtpx:hr></gpxtpx:TrackPointExtension></extensions></trkpt><trkpt lat="60.192207" lon="25.041168"><ele>9.8</ele><time>2026-03-16T18:22:21Z</time><extensions><gpxtpx:TrackPointExtension><gpxtpx:hr>125</gpxtpx:hr></gpxtpx:TrackPointExtension></extensions></trkpt><trkpt lat="60.192207" lon="25.041168"><ele>9.8</ele><time>2026-03-16T18:22:26Z</time><extensions><gpxtpx:TrackPointExtension><gpxtpx:hr>120</gpxtpx:hr></gpxtpx:TrackPointExtension></extensions></trkpt><trkpt lat="60.192207" lon="25.041168"><ele>9.8</ele><time>2026-03-16T18:22:27Z</time><extensions><gpxtpx:TrackPointExtension><gpxtpx:hr>120</gpxtpx:hr></gpxtpx:TrackPointExtension></extensions></trkpt><trkpt lat="60.192207" lon="25.041168"><ele>9.8</ele><time>2026-03-16T18:22:36Z</time><extensions><gpxtpx:TrackPointExtension><gpxtpx:hr>119</gpxtpx:hr></gpxtpx:TrackPointExtension></extensions></trkpt><trkpt lat="60.192207" lon="25.041168"><ele>9.8</ele><time>2026-03-16T18:22:41Z</time><extensions><gpxtpx:TrackPointExtension><gpxtpx:hr>116</gpxtpx:hr></gpxtpx:TrackPointExtension></extensions></trkpt><trkpt lat="60.192207" lon="25.041168"><ele>9.8</ele><time>2026-03-16T18:22:45Z</time><extensions><gpxtpx:TrackPointExtension><gpxtpx:hr>114</gpxtpx:hr></gpxtpx:TrackPointExtension></extensions></trkpt><trkpt lat="60.192207" lon="25.041168"><ele>9.8</ele><time>2026-03-16T18:22:49Z</time><extensions><gpxtpx:TrackPointExtension><gpxtpx:hr>114</gpxtpx:hr></gpxtpx:TrackPointExtension></extensions></trkpt><trkpt lat="60.192207" lon="25.041168"><ele>9.8</ele><time>2026-03-16T18:22:52Z</time><extensions><gpxtpx:TrackPointExtension><gpxtpx:hr>113</gpxtpx:hr></gpxtpx:TrackPointExtension></extensions></trkpt><trkpt lat="60.192207" lon="25.041168"><ele>9.8</ele><time>2026-03-16T18:23:00Z</time><extensions><gpxtpx:TrackPointExtension><gpxtpx:hr>117</gpxtpx:hr></gpxtpx:TrackPointExtension></extensions></trkpt><trkpt lat="60.192207" lon="25.041168"><ele>9.8</ele><time>2026-03-16T18:23:02Z</time><extensions><gpxtpx:TrackPointExtension><gpxtpx:hr>116</gpxtpx:hr></gpxtpx:TrackPointExtension></extensions></trkpt><trkpt lat="60.192207" lon="25.041168"><ele>9.8</ele><time>2026-03-16T18:23:10Z</time><extensions><gpxtpx:TrackPointExtension><gpxtpx:hr>109</gpxtpx:hr></gpxtpx:TrackPointExtension></extensions></trkpt><trkpt lat="60.192207" lon="25.041168"><ele>9.8</ele><time>2026-03-16T18:23:16Z</time><extensions><gpxtpx:TrackPointExtension><gpxtpx:hr>111</gpxtpx:hr></gpxtpx:TrackPointExtension></extensions></trkpt><trkpt lat="60.192207" lon="25.041168"><ele>9.8</ele><time>2026-03-16T18:23:21Z</time><extensions><gpxtpx:TrackPointExtension><gpxtpx:hr>111</gpxtpx:hr></gpxtpx:TrackPointExtension></extensions></trkpt><trkpt lat="60.192207" lon="25.041168"><ele>9.8</ele><time>2026-03-16T18:23:26Z</time><extensions><gpxtpx:TrackPointExtension><gpxtpx:hr>110</gpxtpx:hr></gpxtpx:TrackPointExtension></extensions></trkpt><trkpt lat="60.192207" lon="25.041168"><ele>9.8</ele><time>2026-03-16T18:23:28Z</time><extensions><gpxtpx:TrackPointExtension><gpxtpx:hr>110</gpxtpx:hr></gpxtpx:TrackPointExtension></extensions></trkpt><trkpt lat="60.192207" lon="25.041168"><ele>9.8</ele><time>2026-03-16T18:23:35Z</time><extensions><gpxtpx:TrackPointExtension><gpxtpx:hr>109</gpxtpx:hr></gpxtpx:TrackPointExtension></extensions></trkpt><trkpt lat="60.192207" lon="25.041168"><ele>9.8</ele><time>2026-03-16T18:23:40Z</time><extensions><gpxtpx:TrackPointExtension><gpxtpx:hr>111</gpxtpx:hr></gpxtpx:TrackPointExtension></extensions></trkpt><trkpt lat="60.192207" lon="25.041168"><ele>9.8</ele><time>2026-03-16T18:23:44Z</time><extensions><gpxtpx:TrackPointExtension><gpxtpx:hr>111</gpxtpx:hr></gpxtpx:TrackPointExtension></extensions></trkpt><trkpt lat="60.192207" lon="25.041168"><ele>9.8</ele><time>2026-03-16T18:23:47Z</time><extensions><gpxtpx:TrackPointExtension><gpxtpx:hr>111</gpxtpx:hr></gpxtpx:TrackPointExtension></extensions></trkpt><trkpt lat="60.192207" lon="25.041168"><ele>9.8</ele><time>2026-03-16T18:23:55Z</time><extensions><gpxtpx:TrackPointExtension><gpxtpx:hr>109</gpxtpx:hr></gpxtpx:TrackPointExtension></extensions></trkpt><trkpt lat="60.192207" lon="25.041168"><ele>9.8</ele><time>2026-03-16T18:23:57Z</time><extensions><gpxtpx:TrackPointExtension><gpxtpx:hr>110</gpxtpx:hr></gpxtpx:TrackPointExtension></extensions></trkpt><trkpt lat="60.192207" lon="25.041168"><ele>9.8</ele><time>2026-03-16T18:24:05Z</time><extensions><gpxtpx:TrackPointExtension><gpxtpx:hr>113</gpxtpx:hr></gpxtpx:TrackPointExtension></extensions></trkpt><trkpt lat="60.192207" lon="25.041168"><ele>9.8</ele><time>2026-03-16T18:24:11Z</time><extensions><gpxtpx:TrackPointExtension><gpxtpx:hr>109</gpxtpx:hr></gpxtpx:TrackPointExtension></extensions></trkpt><trkpt lat="60.192207" lon="25.041168"><ele>9.8</ele><time>2026-03-16T18:24:16Z</time><extensions><gpxtpx:TrackPointExtension><gpxtpx:hr>109</gpxtpx:hr></gpxtpx:TrackPointExtension></extensions></trkpt><trkpt lat="60.192207" lon="25.041168"><ele>9.8</ele><time>2026-03-16T18:24:19Z</time><extensions><gpxtpx:TrackPointExtension><gpxtpx:hr>108</gpxtpx:hr></gpxtpx:TrackPointExtension></extensions></trkpt><trkpt lat="60.192207" lon="25.041168"><ele>9.8</ele><time>2026-03-16T18:24:25Z</time><extensions><gpxtpx:TrackPointExtension><gpxtpx:hr>104</gpxtpx:hr></gpxtpx:TrackPointExtension></extensions></trkpt><trkpt lat="60.192207" lon="25.041168"><ele>9.8</ele><time>2026-03-16T18:24:31Z</time><extensions><gpxtpx:TrackPointExtension><gpxtpx:hr>109</gpxtpx:hr></gpxtpx:TrackPointExtension></extensions></trkpt><trkpt lat="60.192207" lon="25.041168"><ele>9.8</ele><time>2026-03-16T18:24:34Z</time><extensions><gpxtpx:TrackPointExtension><gpxtpx:hr>110</gpxtpx:hr></gpxtpx:TrackPointExtension></extensions></trkpt><trkpt lat="60.192207" lon="25.041168"><ele>9.8</ele><time>2026-03-16T18:24:37Z</time><extensions><gpxtpx:TrackPointExtension><gpxtpx:hr>110</gpxtpx:hr></gpxtpx:TrackPointExtension></extensions></trkpt><trkpt lat="60.192207" lon="25.041168"><ele>9.8</ele><time>2026-03-16T18:24:43Z</time><extensions><gpxtpx:TrackPointExtension><gpxtpx:hr>117</gpxtpx:hr></gpxtpx:TrackPointExtension></extensions></trkpt><trkpt lat="60.192207" lon="25.041168"><ele>9.8</ele><time>2026-03-16T18:24:47Z</time><extensions><gpxtpx:TrackPointExtension><gpxtpx:hr>121</gpxtpx:hr></gpxtpx:TrackPointExtension></extensions></trkpt><trkpt lat="60.192207" lon="25.041168"><ele>9.8</ele><time>2026-03-16T18:24:54Z</time><extensions><gpxtpx:TrackPointExtension><gpxtpx:hr>131</gpxtpx:hr></gpxtpx:TrackPointExtension></extensions></trkpt><trkpt lat="60.192207" lon="25.041168"><ele>9.8</ele><time>2026-03-16T18:24:57Z</time><extensions><gpxtpx:TrackPointExtension><gpxtpx:hr>136</gpxtpx:hr></gpxtpx:TrackPointExtension></extensions></trkpt><trkpt lat="60.192207" lon="25.041168"><ele>9.8</ele><time>2026-03-16T18:25:03Z</time><extensions><gpxtpx:TrackPointExtension><gpxtpx:hr>145</gpxtpx:hr></gpxtpx:TrackPointExtension></extensions></trkpt><trkpt lat="60.192207" lon="25.041168"><ele>9.8</ele><time>2026-03-16T18:25:11Z</time><extensions><gpxtpx:TrackPointExtension><gpxtpx:hr>155</gpxtpx:hr></gpxtpx:TrackPointExtension></extensions></trkpt><trkpt lat="60.192207" lon="25.041168"><ele>9.8</ele><time>2026-03-16T18:25:16Z</time><extensions><gpxtpx:TrackPointExtension><gpxtpx:hr>158</gpxtpx:hr></gpxtpx:TrackPointExtension></extensions></trkpt><trkpt lat="60.192207" lon="25.041168"><ele>9.8</ele><time>2026-03-16T18:25:19Z</time><extensions><gpxtpx:TrackPointExtension><gpxtpx:hr>160</gpxtpx:hr></gpxtpx:TrackPointExtension></extensions></trkpt><trkpt lat="60.192207" lon="25.041168"><ele>9.8</ele><time>2026-03-16T18:25:26Z</time><extensions><gpxtpx:TrackPointExtension><gpxtpx:hr>161</gpxtpx:hr></gpxtpx:TrackPointExtension></extensions></trkpt><trkpt lat="60.192207" lon="25.041168"><ele>9.8</ele><time>2026-03-16T18:25:27Z</time><extensions><gpxtpx:TrackPointExtension><gpxtpx:hr>159</gpxtpx:hr></gpxtpx:TrackPointExtension></extensions></trkpt><trkpt lat="60.192207" lon="25.041168"><ele>9.8</ele><time>2026-03-16T18:25:36Z</time><extensions><gpxtpx:TrackPointExtension><gpxtpx:hr>163</gpxtpx:hr></gpxtpx:TrackPointExtension></extensions></trkpt><trkpt lat="60.192207" lon="25.041168"><ele>9.8</ele><time>2026-03-16T18:25:37Z</time><extensions><gpxtpx:TrackPointExtension><gpxtpx:hr>163</gpxtpx:hr></gpxtpx:TrackPointExtension></extensions></trkpt><trkpt lat="60.192207" lon="25.041168"><ele>9.8</ele><time>2026-03-16T18:25:42Z</time><extensions><gpxtpx:TrackPointExtension><gpxtpx:hr>163</gpxtpx:hr></gpxtpx:TrackPointExtension></extensions></trkpt><trkpt lat="60.192207" lon="25.041168"><ele>9.8</ele><time>2026-03-16T18:25:51Z</time><extensions><gpxtpx:TrackPointExtension><gpxtpx:hr>162</gpxtpx:hr></gpxtpx:TrackPointExtension></extensions></trkpt><trkpt lat="60.192207" lon="25.041168"><ele>9.8</ele><time>2026-03-16T18:25:53Z</time><extensions><gpxtpx:TrackPointExtension><gpxtpx:hr>162</gpxtpx:hr></gpxtpx:TrackPointExtension></extensions></trkpt><trkpt lat="60.192207" lon="25.041168"><ele>9.8</ele><time>2026-03-16T18:25:57Z</time><extensions><gpxtpx:TrackPointExtension><gpxtpx:hr>162</gpxtpx:hr></gpxtpx:TrackPointExtension></extensions></trkpt><trkpt lat="60.192207" lon="25.041168"><ele>9.8</ele><time>2026-03-16T18:26:06Z</time><extensions><gpxtpx:TrackPointExtension><gpxtpx:hr>161</gpxtpx:hr></gpxtpx:TrackPointExtension></extensions></trkpt><trkpt lat="60.192207" lon="25.041168"><ele>9.8</ele><time>2026-03-16T18:26:09Z</time><extensions><gpxtpx:TrackPointExtension><gpxtpx:hr>162</gpxtpx:hr></gpxtpx:TrackPointExtension></extensions></trkpt><trkpt lat="60.192207" lon="25.041168"><ele>9.8</ele><time>2026-03-16T18:26:13Z</time><extensions><gpxtpx:TrackPointExtension><gpxtpx:hr>161</gpxtpx:hr></gpxtpx:TrackPointExtension></extensions></trkpt><trkpt lat="60.192207" lon="25.041168"><ele>9.8</ele><time>2026-03-16T18:26:21Z</time><extensions><gpxtpx:TrackPointExtension><gpxtpx:hr>160</gpxtpx:hr></gpxtpx:TrackPointExtension></extensions></trkpt><trkpt lat="60.192207" lon="25.041168"><ele>9.8</ele><time>2026-03-16T18:26:26Z</time><extensions><gpxtpx:TrackPointExtension><gpxtpx:hr>160</gpxtpx:hr></gpxtpx:TrackPointExtension></extensions></trkpt><trkpt lat="60.192207" lon="25.041168"><ele>9.8</ele><time>2026-03-16T18:26:27Z</time><extensions><gpxtpx:TrackPointExtension><gpxtpx:hr>160</gpxtpx:hr></gpxtpx:TrackPointExtension></extensions></trkpt><trkpt lat="60.192207" lon="25.041168"><ele>9.8</ele><time>2026-03-16T18:26:36Z</time><extensions><gpxtpx:TrackPointExtension><gpxtpx:hr>159</gpxtpx:hr></gpxtpx:TrackPointExtension></extensions></trkpt><trkpt lat="60.192207" lon="25.041168"><ele>9.8</ele><time>2026-03-16T18:26:39Z</time><extensions><gpxtpx:TrackPointExtension><gpxtpx:hr>160</gpxtpx:hr></gpxtpx:TrackPointExtension></extensions></trkpt><trkpt lat="60.192207" lon="25.041168"><ele>9.8</ele><time>2026-03-16T18:26:42Z</time><extensions><gpxtpx:TrackPointExtension><gpxtpx:hr>160</gpxtpx:hr></gpxtpx:TrackPointExtension></extensions></trkpt><trkpt lat="60.192207" lon="25.041168"><ele>9.8</ele><time>2026-03-16T18:26:47Z</time><extensions><gpxtpx:TrackPointExtension><gpxtpx:hr>162</gpxtpx:hr></gpxtpx:TrackPointExtension></extensions></trkpt><trkpt lat="60.192207" lon="25.041168"><ele>9.8</ele><time>2026-03-16T18:26:53Z</time><extensions><gpxtpx:TrackPointExtension><gpxtpx:hr>163</gpxtpx:hr></gpxtpx:TrackPointExtension></extensions></trkpt><trkpt lat="60.192207" lon="25.041168"><ele>9.8</ele><time>2026-03-16T18:26:57Z</time><extensions><gpxtpx:TrackPointExtension><gpxtpx:hr>165</gpxtpx:hr></gpxtpx:TrackPointExtension></extensions></trkpt><trkpt lat="60.192207" lon="25.041168"><ele>9.8</ele><time>2026-03-16T18:27:06Z</time><extensions><gpxtpx:TrackPointExtension><gpxtpx:hr>169</gpxtpx:hr></gpxtpx:TrackPointExtension></extensions></trkpt><trkpt lat="60.192207" lon="25.041168"><ele>9.8</ele><time>2026-03-16T18:27:08Z</time><extensions><gpxtpx:TrackPointExtension><gpxtpx:hr>169</gpxtpx:hr></gpxtpx:TrackPointExtension></extensions></trkpt><trkpt lat="60.192207" lon="25.041168"><ele>9.8</ele><time>2026-03-16T18:27:13Z</time><extensions><gpxtpx:TrackPointExtension><gpxtpx:hr>166</gpxtpx:hr></gpxtpx:TrackPointExtension></extensions></trkpt><trkpt lat="60.192207" lon="25.041168"><ele>9.8</ele><time>2026-03-16T18:27:17Z</time><extensions><gpxtpx:TrackPointExtension><gpxtpx:hr>165</gpxtpx:hr></gpxtpx:TrackPointExtension></extensions></trkpt><trkpt lat="60.192207" lon="25.041168"><ele>9.8</ele><time>2026-03-16T18:27:26Z</time><extensions><gpxtpx:TrackPointExtension><gpxtpx:hr>164</gpxtpx:hr></gpxtpx:TrackPointExtension></extensions></trkpt><trkpt lat="60.192207" lon="25.041168"><ele>9.8</ele><time>2026-03-16T18:27:28Z</time><extensions><gpxtpx:TrackPointExtension><gpxtpx:hr>164</gpxtpx:hr></gpxtpx:TrackPointExtension></extensions></trkpt><trkpt lat="60.192207" lon="25.041168"><ele>9.8</ele><time>2026-03-16T18:27:32Z</time><extensions><gpxtpx:TrackPointExtension><gpxtpx:hr>161</gpxtpx:hr></gpxtpx:TrackPointExtension></extensions></trkpt><trkpt lat="60.192207" lon="25.041168"><ele>9.8</ele><time>2026-03-16T18:27:41Z</time><extensions><gpxtpx:TrackPointExtension><gpxtpx:hr>164</gpxtpx:hr></gpxtpx:TrackPointExtension></extensions></trkpt><trkpt lat="60.192207" lon="25.041168"><ele>9.8</ele><time>2026-03-16T18:27:46Z</time><extensions><gpxtpx:TrackPointExtension><gpxtpx:hr>161</gpxtpx:hr></gpxtpx:TrackPointExtension></extensions></trkpt><trkpt lat="60.192207" lon="25.041168"><ele>9.8</ele><time>2026-03-16T18:27:48Z</time><extensions><gpxtpx:TrackPointExtension><gpxtpx:hr>160</gpxtpx:hr></gpxtpx:TrackPointExtension></extensions></trkpt><trkpt lat="60.192207" lon="25.041168"><ele>9.8</ele><time>2026-03-16T18:27:54Z</time><extensions><gpxtpx:TrackPointExtension><gpxtpx:hr>150</gpxtpx:hr></gpxtpx:TrackPointExtension></extensions></trkpt><trkpt lat="60.192207" lon="25.041168"><ele>9.8</ele><time>2026-03-16T18:28:00Z</time><extensions><gpxtpx:TrackPointExtension><gpxtpx:hr>148</gpxtpx:hr></gpxtpx:TrackPointExtension></extensions></trkpt><trkpt lat="60.192207" lon="25.041168"><ele>9.8</ele><time>2026-03-16T18:28:04Z</time><extensions><gpxtpx:TrackPointExtension><gpxtpx:hr>145</gpxtpx:hr></gpxtpx:TrackPointExtension></extensions></trkpt><trkpt lat="60.192207" lon="25.041168"><ele>9.8</ele><time>2026-03-16T18:28:11Z</time><extensions><gpxtpx:TrackPointExtension><gpxtpx:hr>138</gpxtpx:hr></gpxtpx:TrackPointExtension></extensions></trkpt><trkpt lat="60.192207" lon="25.041168"><ele>9.8</ele><time>2026-03-16T18:28:14Z</time><extensions><gpxtpx:TrackPointExtension><gpxtpx:hr>137</gpxtpx:hr></gpxtpx:TrackPointExtension></extensions></trkpt><trkpt lat="60.192207" lon="25.041168"><ele>9.8</ele><time>2026-03-16T18:28:20Z</time><extensions><gpxtpx:TrackPointExtension><gpxtpx:hr>127</gpxtpx:hr></gpxtpx:TrackPointExtension></extensions></trkpt><trkpt lat="60.192207" lon="25.041168"><ele>9.8</ele><time>2026-03-16T18:28:24Z</time><extensions><gpxtpx:TrackPointExtension><gpxtpx:hr>129</gpxtpx:hr></gpxtpx:TrackPointExtension></extensions></trkpt><trkpt lat="60.192207" lon="25.041168"><ele>9.8</ele><time>2026-03-16T18:28:30Z</time><extensions><gpxtpx:TrackPointExtension><gpxtpx:hr>125</gpxtpx:hr></gpxtpx:TrackPointExtension></extensions></trkpt><trkpt lat="60.192207" lon="25.041168"><ele>9.8</ele><time>2026-03-16T18:28:34Z</time><extensions><gpxtpx:TrackPointExtension><gpxtpx:hr>127</gpxtpx:hr></gpxtpx:TrackPointExtension></extensions></trkpt><trkpt lat="60.192207" lon="25.041168"><ele>9.8</ele><time>2026-03-16T18:28:37Z</time><extensions><gpxtpx:TrackPointExtension><gpxtpx:hr>126</gpxtpx:hr></gpxtpx:TrackPointExtension></extensions></trkpt><trkpt lat="60.192207" lon="25.041168"><ele>9.8</ele><time>2026-03-16T18:28:45Z</time><extensions><gpxtpx:TrackPointExtension><gpxtpx:hr>120</gpxtpx:hr></gpxtpx:TrackPointExtension></extensions></trkpt><trkpt lat="60.192207" lon="25.041168"><ele>9.8</ele><time>2026-03-16T18:28:48Z</time><extensions><gpxtpx:TrackPointExtension><gpxtpx:hr>117</gpxtpx:hr></gpxtpx:TrackPointExtension></extensions></trkpt><trkpt lat="60.192207" lon="25.041168"><ele>9.8</ele><time>2026-03-16T18:28:54Z</time><extensions><gpxtpx:TrackPointExtension><gpxtpx:hr>118</gpxtpx:hr></gpxtpx:TrackPointExtension></extensions></trkpt><trkpt lat="60.192207" lon="25.041168"><ele>9.8</ele><time>2026-03-16T18:29:01Z</time><extensions><gpxtpx:TrackPointExtension><gpxtpx:hr>108</gpxtpx:hr></gpxtpx:TrackPointExtension></extensions></trkpt><trkpt lat="60.192207" lon="25.041168"><ele>9.8</ele><time>2026-03-16T18:29:03Z</time><extensions><gpxtpx:TrackPointExtension><gpxtpx:hr>109</gpxtpx:hr></gpxtpx:TrackPointExtension></extensions></trkpt><trkpt lat="60.192207" lon="25.041168"><ele>9.8</ele><time>2026-03-16T18:29:11Z</time><extensions><gpxtpx:TrackPointExtension><gpxtpx:hr>113</gpxtpx:hr></gpxtpx:TrackPointExtension></extensions></trkpt><trkpt lat="60.192207" lon="25.041168"><ele>9.8</ele><time>2026-03-16T18:29:12Z</time><extensions><gpxtpx:TrackPointExtension><gpxtpx:hr>113</gpxtpx:hr></gpxtpx:TrackPointExtension></extensions></trkpt><trkpt lat="60.192207" lon="25.041168"><ele>9.8</ele><time>2026-03-16T18:29:19Z</time><extensions><gpxtpx:TrackPointExtension><gpxtpx:hr>107</gpxtpx:hr></gpxtpx:TrackPointExtension></extensions></trkpt><trkpt lat="60.192207" lon="25.041168"><ele>9.8</ele><time>2026-03-16T18:29:22Z</time><extensions><gpxtpx:TrackPointExtension><gpxtpx:hr>106</gpxtpx:hr></gpxtpx:TrackPointExtension></extensions></trkpt><trkpt lat="60.192207" lon="25.041168"><ele>9.8</ele><time>2026-03-16T18:29:28Z</time><extensions><gpxtpx:TrackPointExtension><gpxtpx:hr>111</gpxtpx:hr></gpxtpx:TrackPointExtension></extensions></trkpt><trkpt lat="60.192207" lon="25.041168"><ele>9.8</ele><time>2026-03-16T18:29:34Z</time><extensions><gpxtpx:TrackPointExtension><gpxtpx:hr>113</gpxtpx:hr></gpxtpx:TrackPointExtension></extensions></trkpt><trkpt lat="60.192207" lon="25.041168"><ele>9.8</ele><time>2026-03-16T18:29:37Z</time><extensions><gpxtpx:TrackPointExtension><gpxtpx:hr>115</gpxtpx:hr></gpxtpx:TrackPointExtension></extensions></trkpt><trkpt lat="60.192207" lon="25.041168"><ele>9.8</ele><time>2026-03-16T18:29:46Z</time><extensions><gpxtpx:TrackPointExtension><gpxtpx:hr>112</gpxtpx:hr></gpxtpx:TrackPointExtension></extensions></trkpt><trkpt lat="60.192207" lon="25.041168"><ele>9.8</ele><time>2026-03-16T18:29:51Z</time><extensions><gpxtpx:TrackPointExtension><gpxtpx:hr>109</gpxtpx:hr></gpxtpx:TrackPointExtension></extensions></trkpt><trkpt lat="60.192207" lon="25.041168"><ele>9.8</ele><time>2026-03-16T18:29:52Z</time><extensions><gpxtpx:TrackPointExtension><gpxtpx:hr>109</gpxtpx:hr></gpxtpx:TrackPointExtension></extensions></trkpt><trkpt lat="60.192207" lon="25.041168"><ele>9.8</ele><time>2026-03-16T18:30:01Z</time><extensions><gpxtpx:TrackPointExtension><gpxtpx:hr>109</gpxtpx:hr></gpxtpx:TrackPointExtension></extensions></trkpt><trkpt lat="60.192207" lon="25.041168"><ele>9.8</ele><time>2026-03-16T18:30:03Z</time><extensions><gpxtpx:TrackPointExtension><gpxtpx:hr>109</gpxtpx:hr></gpxtpx:TrackPointExtension></extensions></trkpt><trkpt lat="60.192207" lon="25.041168"><ele>9.8</ele><time>2026-03-16T18:30:08Z</time><extensions><gpxtpx:TrackPointExtension><gpxtpx:hr>109</gpxtpx:hr></gpxtpx:TrackPointExtension></extensions></trkpt><trkpt lat="60.192207" lon="25.041168"><ele>9.8</ele><time>2026-03-16T18:30:12Z</time><extensions><gpxtpx:TrackPointExtension><gpxtpx:hr>108</gpxtpx:hr></gpxtpx:TrackPointExtension></extensions></trkpt><trkpt lat="60.192207" lon="25.041168"><ele>9.8</ele><time>2026-03-16T18:30:17Z</time><extensions><gpxtpx:TrackPointExtension><gpxtpx:hr>111</gpxtpx:hr></gpxtpx:TrackPointExtension></extensions></trkpt><trkpt lat="60.192207" lon="25.041168"><ele>9.8</ele><time>2026-03-16T18:30:26Z</time><extensions><gpxtpx:TrackPointExtension><gpxtpx:hr>105</gpxtpx:hr></gpxtpx:TrackPointExtension></extensions></trkpt><trkpt lat="60.192207" lon="25.041168"><ele>9.8</ele><time>2026-03-16T18:30:30Z</time><extensions><gpxtpx:TrackPointExtension><gpxtpx:hr>105</gpxtpx:hr></gpxtpx:TrackPointExtension></extensions></trkpt><trkpt lat="60.192207" lon="25.041168"><ele>9.8</ele><time>2026-03-16T18:30:32Z</time><extensions><gpxtpx:TrackPointExtension><gpxtpx:hr>104</gpxtpx:hr></gpxtpx:TrackPointExtension></extensions></trkpt><trkpt lat="60.192207" lon="25.041168"><ele>9.8</ele><time>2026-03-16T18:30:38Z</time><extensions><gpxtpx:TrackPointExtension><gpxtpx:hr>107</gpxtpx:hr></gpxtpx:TrackPointExtension></extensions></trkpt><trkpt lat="60.192207" lon="25.041168"><ele>9.8</ele><time>2026-03-16T18:30:42Z</time><extensions><gpxtpx:TrackPointExtension><gpxtpx:hr>110</gpxtpx:hr></gpxtpx:TrackPointExtension></extensions></trkpt><trkpt lat="60.192207" lon="25.041168"><ele>9.8</ele><time>2026-03-16T18:30:47Z</time><extensions><gpxtpx:TrackPointExtension><gpxtpx:hr>110</gpxtpx:hr></gpxtpx:TrackPointExtension></extensions></trkpt><trkpt lat="60.192207" lon="25.041168"><ele>9.8</ele><time>2026-03-16T18:30:56Z</time><extensions><gpxtpx:TrackPointExtension><gpxtpx:hr>118</gpxtpx:hr></gpxtpx:TrackPointExtension></extensions></trkpt><trkpt lat="60.192207" lon="25.041168"><ele>9.8</ele><time>2026-03-16T18:30:57Z</time><extensions><gpxtpx:TrackPointExtension><gpxtpx:hr>119</gpxtpx:hr></gpxtpx:TrackPointExtension></extensions></trkpt><trkpt lat="60.192207" lon="25.041168"><ele>9.8</ele><time>2026-03-16T18:31:02Z</time><extensions><gpxtpx:TrackPointExtension><gpxtpx:hr>128</gpxtpx:hr></gpxtpx:TrackPointExtension></extensions></trkpt><trkpt lat="60.192207" lon="25.041168"><ele>9.8</ele><time>2026-03-16T18:31:07Z</time><extensions><gpxtpx:TrackPointExtension><gpxtpx:hr>134</gpxtpx:hr></gpxtpx:TrackPointExtension></extensions></trkpt><trkpt lat="60.192207" lon="25.041168"><ele>9.8</ele><time>2026-03-16T18:31:12Z</time><extensions><gpxtpx:TrackPointExtension><gpxtpx:hr>141</gpxtpx:hr></gpxtpx:TrackPointExtension></extensions></trkpt><trkpt lat="60.192207" lon="25.041168"><ele>9.8</ele><time>2026-03-16T18:31:18Z</time><extensions><gpxtpx:TrackPointExtension><gpxtpx:hr>141</gpxtpx:hr></gpxtpx:TrackPointExtension></extensions></trkpt><trkpt lat="60.192207" lon="25.041168"><ele>9.8</ele><time>2026-03-16T18:31:24Z</time><extensions><gpxtpx:TrackPointExtension><gpxtpx:hr>142</gpxtpx:hr></gpxtpx:TrackPointExtension></extensions></trkpt><trkpt lat="60.192207" lon="25.041168"><ele>9.8</ele><time>2026-03-16T18:31:41Z</time><extensions><gpxtpx:TrackPointExtension><gpxtpx:hr>154</gpxtpx:hr></gpxtpx:TrackPointExtension></extensions></trkpt><trkpt lat="60.192207" lon="25.041168"><ele>9.8</ele><time>2026-03-16T18:31:46Z</time><extensions><gpxtpx:TrackPointExtension><gpxtpx:hr>157</gpxtpx:hr></gpxtpx:TrackPointExtension></extensions></trkpt><trkpt lat="60.192207" lon="25.041168"><ele>9.8</ele><time>2026-03-16T18:31:51Z</time><extensions><gpxtpx:TrackPointExtension><gpxtpx:hr>161</gpxtpx:hr></gpxtpx:TrackPointExtension></extensions></trkpt><trkpt lat="60.192207" lon="25.041168"><ele>9.8</ele><time>2026-03-16T18:31:54Z</time><extensions><gpxtpx:TrackPointExtension><gpxtpx:hr>162</gpxtpx:hr></gpxtpx:TrackPointExtension></extensions></trkpt><trkpt lat="60.192207" lon="25.041168"><ele>9.8</ele><time>2026-03-16T18:31:58Z</time><extensions><gpxtpx:TrackPointExtension><gpxtpx:hr>164</gpxtpx:hr></gpxtpx:TrackPointExtension></extensions></trkpt><trkpt lat="60.192207" lon="25.041168"><ele>9.8</ele><time>2026-03-16T18:32:04Z</time><extensions><gpxtpx:TrackPointExtension><gpxtpx:hr>163</gpxtpx:hr></gpxtpx:TrackPointExtension></extensions></trkpt><trkpt lat="60.192207" lon="25.041168"><ele>9.8</ele><time>2026-03-16T18:32:07Z</time><extensions><gpxtpx:TrackPointExtension><gpxtpx:hr>164</gpxtpx:hr></gpxtpx:TrackPointExtension></extensions></trkpt><trkpt lat="60.192207" lon="25.041168"><ele>9.8</ele><time>2026-03-16T18:32:12Z</time><extensions><gpxtpx:TrackPointExtension><gpxtpx:hr>165</gpxtpx:hr></gpxtpx:TrackPointExtension></extensions></trkpt><trkpt lat="60.192207" lon="25.041168"><ele>9.8</ele><time>2026-03-16T18:32:19Z</time><extensions><gpxtpx:TrackPointExtension><gpxtpx:hr>169</gpxtpx:hr></gpxtpx:TrackPointExtension></extensions></trkpt><trkpt lat="60.192207" lon="25.041168"><ele>9.8</ele><time>2026-03-16T18:32:25Z</time><extensions><gpxtpx:TrackPointExtension><gpxtpx:hr>172</gpxtpx:hr></gpxtpx:TrackPointExtension></extensions></trkpt><trkpt lat="60.192207" lon="25.041168"><ele>9.8</ele><time>2026-03-16T18:32:27Z</time><extensions><gpxtpx:TrackPointExtension><gpxtpx:hr>174</gpxtpx:hr></gpxtpx:TrackPointExtension></extensions></trkpt><trkpt lat="60.192207" lon="25.041168"><ele>9.8</ele><time>2026-03-16T18:32:33Z</time><extensions><gpxtpx:TrackPointExtension><gpxtpx:hr>174</gpxtpx:hr></gpxtpx:TrackPointExtension></extensions></trkpt><trkpt lat="60.192207" lon="25.041168"><ele>9.8</ele><time>2026-03-16T18:32:39Z</time><extensions><gpxtpx:TrackPointExtension><gpxtpx:hr>174</gpxtpx:hr></gpxtpx:TrackPointExtension></extensions></trkpt><trkpt lat="60.192207" lon="25.041168"><ele>9.8</ele><time>2026-03-16T18:32:42Z</time><extensions><gpxtpx:TrackPointExtension><gpxtpx:hr>171</gpxtpx:hr></gpxtpx:TrackPointExtension></extensions></trkpt><trkpt lat="60.192207" lon="25.041168"><ele>9.8</ele><time>2026-03-16T18:32:51Z</time><extensions><gpxtpx:TrackPointExtension><gpxtpx:hr>167</gpxtpx:hr></gpxtpx:TrackPointExtension></extensions></trkpt><trkpt lat="60.192207" lon="25.041168"><ele>9.8</ele><time>2026-03-16T18:32:54Z</time><extensions><gpxtpx:TrackPointExtension><gpxtpx:hr>166</gpxtpx:hr></gpxtpx:TrackPointExtension></extensions></trkpt><trkpt lat="60.192207" lon="25.041168"><ele>9.8</ele><time>2026-03-16T18:33:00Z</time><extensions><gpxtpx:TrackPointExtension><gpxtpx:hr>158</gpxtpx:hr></gpxtpx:TrackPointExtension></extensions></trkpt><trkpt lat="60.192207" lon="25.041168"><ele>9.8</ele><time>2026-03-16T18:33:06Z</time><extensions><gpxtpx:TrackPointExtension><gpxtpx:hr>155</gpxtpx:hr></gpxtpx:TrackPointExtension></extensions></trkpt><trkpt lat="60.192207" lon="25.041168"><ele>9.8</ele><time>2026-03-16T18:33:11Z</time><extensions><gpxtpx:TrackPointExtension><gpxtpx:hr>151</gpxtpx:hr></gpxtpx:TrackPointExtension></extensions></trkpt><trkpt lat="60.192207" lon="25.041168"><ele>9.8</ele><time>2026-03-16T18:33:12Z</time><extensions><gpxtpx:TrackPointExtension><gpxtpx:hr>150</gpxtpx:hr></gpxtpx:TrackPointExtension></extensions></trkpt><trkpt lat="60.192207" lon="25.041168"><ele>9.8</ele><time>2026-03-16T18:33:21Z</time><extensions><gpxtpx:TrackPointExtension><gpxtpx:hr>143</gpxtpx:hr></gpxtpx:TrackPointExtension></extensions></trkpt><trkpt lat="60.192207" lon="25.041168"><ele>9.8</ele><time>2026-03-16T18:33:25Z</time><extensions><gpxtpx:TrackPointExtension><gpxtpx:hr>140</gpxtpx:hr></gpxtpx:TrackPointExtension></extensions></trkpt><trkpt lat="60.192207" lon="25.041168"><ele>9.8</ele><time>2026-03-16T18:33:28Z</time><extensions><gpxtpx:TrackPointExtension><gpxtpx:hr>139</gpxtpx:hr></gpxtpx:TrackPointExtension></extensions></trkpt><trkpt lat="60.192207" lon="25.041168"><ele>9.8</ele><time>2026-03-16T18:33:35Z</time><extensions><gpxtpx:TrackPointExtension><gpxtpx:hr>136</gpxtpx:hr></gpxtpx:TrackPointExtension></extensions></trkpt><trkpt lat="60.192207" lon="25.041168"><ele>9.8</ele><time>2026-03-16T18:33:38Z</time><extensions><gpxtpx:TrackPointExtension><gpxtpx:hr>134</gpxtpx:hr></gpxtpx:TrackPointExtension></extensions></trkpt><trkpt lat="60.192207" lon="25.041168"><ele>9.8</ele><time>2026-03-16T18:33:46Z</time><extensions><gpxtpx:TrackPointExtension><gpxtpx:hr>132</gpxtpx:hr></gpxtpx:TrackPointExtension></extensions></trkpt><trkpt lat="60.192207" lon="25.041168"><ele>9.8</ele><time>2026-03-16T18:33:50Z</time><extensions><gpxtpx:TrackPointExtension><gpxtpx:hr>132</gpxtpx:hr></gpxtpx:TrackPointExtension></extensions></trkpt><trkpt lat="60.192207" lon="25.041168"><ele>9.8</ele><time>2026-03-16T18:33:56Z</time><extensions><gpxtpx:TrackPointExtension><gpxtpx:hr>128</gpxtpx:hr></gpxtpx:TrackPointExtension></extensions></trkpt><trkpt lat="60.192207" lon="25.041168"><ele>9.8</ele><time>2026-03-16T18:33:57Z</time><extensions><gpxtpx:TrackPointExtension><gpxtpx:hr>127</gpxtpx:hr></gpxtpx:TrackPointExtension></extensions></trkpt><trkpt lat="60.192207" lon="25.041168"><ele>9.8</ele><time>2026-03-16T18:34:06Z</time><extensions><gpxtpx:TrackPointExtension><gpxtpx:hr>128</gpxtpx:hr></gpxtpx:TrackPointExtension></extensions></trkpt><trkpt lat="60.192207" lon="25.041168"><ele>9.8</ele><time>2026-03-16T18:34:11Z</time><extensions><gpxtpx:TrackPointExtension><gpxtpx:hr>125</gpxtpx:hr></gpxtpx:TrackPointExtension></extensions></trkpt><trkpt lat="60.192207" lon="25.041168"><ele>9.8</ele><time>2026-03-16T18:34:16Z</time><extensions><gpxtpx:TrackPointExtension><gpxtpx:hr>123</gpxtpx:hr></gpxtpx:TrackPointExtension></extensions></trkpt><trkpt lat="60.192207" lon="25.041168"><ele>9.8</ele><time>2026-03-16T18:34:17Z</time><extensions><gpxtpx:TrackPointExtension><gpxtpx:hr>123</gpxtpx:hr></gpxtpx:TrackPointExtension></extensions></trkpt><trkpt lat="60.192207" lon="25.041168"><ele>9.8</ele><time>2026-03-16T18:34:23Z</time><extensions><gpxtpx:TrackPointExtension><gpxtpx:hr>122</gpxtpx:hr></gpxtpx:TrackPointExtension></extensions></trkpt><trkpt lat="60.192207" lon="25.041168"><ele>9.8</ele><time>2026-03-16T18:34:31Z</time><extensions><gpxtpx:TrackPointExtension><gpxtpx:hr>120</gpxtpx:hr></gpxtpx:TrackPointExtension></extensions></trkpt><trkpt lat="60.192207" lon="25.041168"><ele>9.8</ele><time>2026-03-16T18:34:36Z</time><extensions><gpxtpx:TrackPointExtension><gpxtpx:hr>121</gpxtpx:hr></gpxtpx:TrackPointExtension></extensions></trkpt><trkpt lat="60.192207" lon="25.041168"><ele>9.8</ele><time>2026-03-16T18:34:37Z</time><extensions><gpxtpx:TrackPointExtension><gpxtpx:hr>121</gpxtpx:hr></gpxtpx:TrackPointExtension></extensions></trkpt><trkpt lat="60.192207" lon="25.041168"><ele>9.8</ele><time>2026-03-16T18:34:46Z</time><extensions><gpxtpx:TrackPointExtension><gpxtpx:hr>119</gpxtpx:hr></gpxtpx:TrackPointExtension></extensions></trkpt><trkpt lat="60.192207" lon="25.041168"><ele>9.8</ele><time>2026-03-16T18:34:47Z</time><extensions><gpxtpx:TrackPointExtension><gpxtpx:hr>119</gpxtpx:hr></gpxtpx:TrackPointExtension></extensions></trkpt><trkpt lat="60.192207" lon="25.041168"><ele>9.8</ele><time>2026-03-16T18:34:56Z</time><extensions><gpxtpx:TrackPointExtension><gpxtpx:hr>115</gpxtpx:hr></gpxtpx:TrackPointExtension></extensions></trkpt><trkpt lat="60.192207" lon="25.041168"><ele>9.8</ele><time>2026-03-16T18:34:57Z</time><extensions><gpxtpx:TrackPointExtension><gpxtpx:hr>115</gpxtpx:hr></gpxtpx:TrackPointExtension></extensions></trkpt><trkpt lat="60.192207" lon="25.041168"><ele>9.8</ele><time>2026-03-16T18:35:02Z</time><extensions><gpxtpx:TrackPointExtension><gpxtpx:hr>111</gpxtpx:hr></gpxtpx:TrackPointExtension></extensions></trkpt><trkpt lat="60.192207" lon="25.041168"><ele>9.8</ele><time>2026-03-16T18:35:09Z</time><extensions><gpxtpx:TrackPointExtension><gpxtpx:hr>116</gpxtpx:hr></gpxtpx:TrackPointExtension></extensions></trkpt><trkpt lat="60.192207" lon="25.041168"><ele>9.8</ele><time>2026-03-16T18:35:12Z</time><extensions><gpxtpx:TrackPointExtension><gpxtpx:hr>114</gpxtpx:hr></gpxtpx:TrackPointExtension></extensions></trkpt><trkpt lat="60.192207" lon="25.041168"><ele>9.8</ele><time>2026-03-16T18:35:21Z</time><extensions><gpxtpx:TrackPointExtension><gpxtpx:hr>107</gpxtpx:hr></gpxtpx:TrackPointExtension></extensions></trkpt><trkpt lat="60.192207" lon="25.041168"><ele>9.8</ele><time>2026-03-16T18:35:25Z</time><extensions><gpxtpx:TrackPointExtension><gpxtpx:hr>108</gpxtpx:hr></gpxtpx:TrackPointExtension></extensions></trkpt><trkpt lat="60.192207" lon="25.041168"><ele>9.8</ele><time>2026-03-16T18:35:29Z</time><extensions><gpxtpx:TrackPointExtension><gpxtpx:hr>109</gpxtpx:hr></gpxtpx:TrackPointExtension></extensions></trkpt><trkpt lat="60.192207" lon="25.041168"><ele>9.8</ele><time>2026-03-16T18:35:36Z</time><extensions><gpxtpx:TrackPointExtension><gpxtpx:hr>107</gpxtpx:hr></gpxtpx:TrackPointExtension></extensions></trkpt><trkpt lat="60.192207" lon="25.041168"><ele>9.8</ele><time>2026-03-16T18:35:38Z</time><extensions><gpxtpx:TrackPointExtension><gpxtpx:hr>108</gpxtpx:hr></gpxtpx:TrackPointExtension></extensions></trkpt><trkpt lat="60.192207" lon="25.041168"><ele>9.8</ele><time>2026-03-16T18:35:42Z</time><extensions><gpxtpx:TrackPointExtension><gpxtpx:hr>108</gpxtpx:hr></gpxtpx:TrackPointExtension></extensions></trkpt><trkpt lat="60.192207" lon="25.041168"><ele>9.8</ele><time>2026-03-16T18:35:51Z</time><extensions><gpxtpx:TrackPointExtension><gpxtpx:hr>125</gpxtpx:hr></gpxtpx:TrackPointExtension></extensions></trkpt><trkpt lat="60.192207" lon="25.041168"><ele>9.8</ele><time>2026-03-16T18:35:53Z</time><extensions><gpxtpx:TrackPointExtension><gpxtpx:hr>127</gpxtpx:hr></gpxtpx:TrackPointExtension></extensions></trkpt><trkpt lat="60.192207" lon="25.041168"><ele>9.8</ele><time>2026-03-16T18:35:58Z</time><extensions><gpxtpx:TrackPointExtension><gpxtpx:hr>135</gpxtpx:hr></gpxtpx:TrackPointExtension></extensions></trkpt><trkpt lat="60.192207" lon="25.041168"><ele>9.8</ele><time>2026-03-16T18:36:02Z</time><extensions><gpxtpx:TrackPointExtension><gpxtpx:hr>137</gpxtpx:hr></gpxtpx:TrackPointExtension></extensions></trkpt><trkpt lat="60.192207" lon="25.041168"><ele>9.8</ele><time>2026-03-16T18:36:11Z</time><extensions><gpxtpx:TrackPointExtension><gpxtpx:hr>146</gpxtpx:hr></gpxtpx:TrackPointExtension></extensions></trkpt><trkpt lat="60.192207" lon="25.041168"><ele>9.8</ele><time>2026-03-16T18:36:12Z</time><extensions><gpxtpx:TrackPointExtension><gpxtpx:hr>147</gpxtpx:hr></gpxtpx:TrackPointExtension></extensions></trkpt><trkpt lat="60.192207" lon="25.041168"><ele>9.8</ele><time>2026-03-16T18:36:18Z</time><extensions><gpxtpx:TrackPointExtension><gpxtpx:hr>153</gpxtpx:hr></gpxtpx:TrackPointExtension></extensions></trkpt><trkpt lat="60.192207" lon="25.041168"><ele>9.8</ele><time>2026-03-16T18:36:26Z</time><extensions><gpxtpx:TrackPointExtension><gpxtpx:hr>152</gpxtpx:hr></gpxtpx:TrackPointExtension></extensions></trkpt><trkpt lat="60.192207" lon="25.041168"><ele>9.8</ele><time>2026-03-16T18:36:31Z</time><extensions><gpxtpx:TrackPointExtension><gpxtpx:hr>150</gpxtpx:hr></gpxtpx:TrackPointExtension></extensions></trkpt><trkpt lat="60.192207" lon="25.041168"><ele>9.8</ele><time>2026-03-16T18:36:35Z</time><extensions><gpxtpx:TrackPointExtension><gpxtpx:hr>152</gpxtpx:hr></gpxtpx:TrackPointExtension></extensions></trkpt><trkpt lat="60.192207" lon="25.041168"><ele>9.8</ele><time>2026-03-16T18:36:37Z</time><extensions><gpxtpx:TrackPointExtension><gpxtpx:hr>151</gpxtpx:hr></gpxtpx:TrackPointExtension></extensions></trkpt><trkpt lat="60.192207" lon="25.041168"><ele>9.8</ele><time>2026-03-16T18:36:42Z</time><extensions><gpxtpx:TrackPointExtension><gpxtpx:hr>151</gpxtpx:hr></gpxtpx:TrackPointExtension></extensions></trkpt><trkpt lat="60.192207" lon="25.041168"><ele>9.8</ele><time>2026-03-16T18:36:47Z</time><extensions><gpxtpx:TrackPointExtension><gpxtpx:hr>153</gpxtpx:hr></gpxtpx:TrackPointExtension></extensions></trkpt><trkpt lat="60.192207" lon="25.041168"><ele>9.8</ele><time>2026-03-16T18:36:56Z</time><extensions><gpxtpx:TrackPointExtension><gpxtpx:hr>151</gpxtpx:hr></gpxtpx:TrackPointExtension></extensions></trkpt><trkpt lat="60.192207" lon="25.041168"><ele>9.8</ele><time>2026-03-16T18:36:58Z</time><extensions><gpxtpx:TrackPointExtension><gpxtpx:hr>152</gpxtpx:hr></gpxtpx:TrackPointExtension></extensions></trkpt><trkpt lat="60.192207" lon="25.041168"><ele>9.8</ele><time>2026-03-16T18:37:02Z</time><extensions><gpxtpx:TrackPointExtension><gpxtpx:hr>152</gpxtpx:hr></gpxtpx:TrackPointExtension></extensions></trkpt><trkpt lat="60.192207" lon="25.041168"><ele>9.8</ele><time>2026-03-16T18:37:07Z</time><extensions><gpxtpx:TrackPointExtension><gpxtpx:hr>154</gpxtpx:hr></gpxtpx:TrackPointExtension></extensions></trkpt><trkpt lat="60.192207" lon="25.041168"><ele>9.8</ele><time>2026-03-16T18:37:13Z</time><extensions><gpxtpx:TrackPointExtension><gpxtpx:hr>158</gpxtpx:hr></gpxtpx:TrackPointExtension></extensions></trkpt><trkpt lat="60.192207" lon="25.041168"><ele>9.8</ele><time>2026-03-16T18:37:17Z</time><extensions><gpxtpx:TrackPointExtension><gpxtpx:hr>161</gpxtpx:hr></gpxtpx:TrackPointExtension></extensions></trkpt><trkpt lat="60.192207" lon="25.041168"><ele>9.8</ele><time>2026-03-16T18:37:25Z</time><extensions><gpxtpx:TrackPointExtension><gpxtpx:hr>167</gpxtpx:hr></gpxtpx:TrackPointExtension></extensions></trkpt><trkpt lat="60.192207" lon="25.041168"><ele>9.8</ele><time>2026-03-16T18:37:27Z</time><extensions><gpxtpx:TrackPointExtension><gpxtpx:hr>168</gpxtpx:hr></gpxtpx:TrackPointExtension></extensions></trkpt><trkpt lat="60.192207" lon="25.041168"><ele>9.8</ele><time>2026-03-16T18:37:32Z</time><extensions><gpxtpx:TrackPointExtension><gpxtpx:hr>168</gpxtpx:hr></gpxtpx:TrackPointExtension></extensions></trkpt><trkpt lat="60.192207" lon="25.041168"><ele>9.8</ele><time>2026-03-16T18:37:38Z</time><extensions><gpxtpx:TrackPointExtension><gpxtpx:hr>168</gpxtpx:hr></gpxtpx:TrackPointExtension></extensions></trkpt><trkpt lat="60.192207" lon="25.041168"><ele>9.8</ele><time>2026-03-16T18:37:45Z</time><extensions><gpxtpx:TrackPointExtension><gpxtpx:hr>167</gpxtpx:hr></gpxtpx:TrackPointExtension></extensions></trkpt><trkpt lat="60.192207" lon="25.041168"><ele>9.8</ele><time>2026-03-16T18:37:51Z</time><extensions><gpxtpx:TrackPointExtension><gpxtpx:hr>160</gpxtpx:hr></gpxtpx:TrackPointExtension></extensions></trkpt><trkpt lat="60.192207" lon="25.041168"><ele>9.8</ele><time>2026-03-16T18:37:56Z</time><extensions><gpxtpx:TrackPointExtension><gpxtpx:hr>155</gpxtpx:hr></gpxtpx:TrackPointExtension></extensions></trkpt><trkpt lat="60.192207" lon="25.041168"><ele>9.8</ele><time>2026-03-16T18:37:59Z</time><extensions><gpxtpx:TrackPointExtension><gpxtpx:hr>154</gpxtpx:hr></gpxtpx:TrackPointExtension></extensions></trkpt><trkpt lat="60.192207" lon="25.041168"><ele>9.8</ele><time>2026-03-16T18:38:05Z</time><extensions><gpxtpx:TrackPointExtension><gpxtpx:hr>149</gpxtpx:hr></gpxtpx:TrackPointExtension></extensions></trkpt><trkpt lat="60.192207" lon="25.041168"><ele>9.8</ele><time>2026-03-16T18:38:08Z</time><extensions><gpxtpx:TrackPointExtension><gpxtpx:hr>147</gpxtpx:hr></gpxtpx:TrackPointExtension></extensions></trkpt><trkpt lat="60.192207" lon="25.041168"><ele>9.8</ele><time>2026-03-16T18:38:13Z</time><extensions><gpxtpx:TrackPointExtension><gpxtpx:hr>142</gpxtpx:hr></gpxtpx:TrackPointExtension></extensions></trkpt><trkpt lat="60.192207" lon="25.041168"><ele>9.8</ele><time>2026-03-16T18:38:18Z</time><extensions><gpxtpx:TrackPointExtension><gpxtpx:hr>138</gpxtpx:hr></gpxtpx:TrackPointExtension></extensions></trkpt><trkpt lat="60.192207" lon="25.041168"><ele>9.8</ele><time>2026-03-16T18:38:25Z</time><extensions><gpxtpx:TrackPointExtension><gpxtpx:hr>130</gpxtpx:hr></gpxtpx:TrackPointExtension></extensions></trkpt><trkpt lat="60.192207" lon="25.041168"><ele>9.8</ele><time>2026-03-16T18:38:27Z</time><extensions><gpxtpx:TrackPointExtension><gpxtpx:hr>129</gpxtpx:hr></gpxtpx:TrackPointExtension></extensions></trkpt><trkpt lat="60.192207" lon="25.041168"><ele>9.8</ele><time>2026-03-16T18:38:32Z</time><extensions><gpxtpx:TrackPointExtension><gpxtpx:hr>128</gpxtpx:hr></gpxtpx:TrackPointExtension></extensions></trkpt><trkpt lat="60.192207" lon="25.041168"><ele>9.8</ele><time>2026-03-16T18:38:41Z</time><extensions><gpxtpx:TrackPointExtension><gpxtpx:hr>124</gpxtpx:hr></gpxtpx:TrackPointExtension></extensions></trkpt><trkpt lat="60.192207" lon="25.041168"><ele>9.8</ele><time>2026-03-16T18:38:46Z</time><extensions><gpxtpx:TrackPointExtension><gpxtpx:hr>121</gpxtpx:hr></gpxtpx:TrackPointExtension></extensions></trkpt><trkpt lat="60.192207" lon="25.041168"><ele>9.8</ele><time>2026-03-16T18:38:50Z</time><extensions><gpxtpx:TrackPointExtension><gpxtpx:hr>120</gpxtpx:hr></gpxtpx:TrackPointExtension></extensions></trkpt><trkpt lat="60.192207" lon="25.041168"><ele>9.8</ele><time>2026-03-16T18:38:55Z</time><extensions><gpxtpx:TrackPointExtension><gpxtpx:hr>122</gpxtpx:hr></gpxtpx:TrackPointExtension></extensions></trkpt><trkpt lat="60.192207" lon="25.041168"><ele>9.8</ele><time>2026-03-16T18:38:57Z</time><extensions><gpxtpx:TrackPointExtension><gpxtpx:hr>124</gpxtpx:hr></gpxtpx:TrackPointExtension></extensions></trkpt><trkpt lat="60.192207" lon="25.041168"><ele>9.8</ele><time>2026-03-16T18:39:05Z</time><extensions><gpxtpx:TrackPointExtension><gpxtpx:hr>114</gpxtpx:hr></gpxtpx:TrackPointExtension></extensions></trkpt><trkpt lat="60.192207" lon="25.041168"><ele>9.8</ele><time>2026-03-16T18:39:10Z</time><extensions><gpxtpx:TrackPointExtension><gpxtpx:hr>119</gpxtpx:hr></gpxtpx:TrackPointExtension></extensions></trkpt><trkpt lat="60.192207" lon="25.041168"><ele>9.8</ele><time>2026-03-16T18:39:16Z</time><extensions><gpxtpx:TrackPointExtension><gpxtpx:hr>113</gpxtpx:hr></gpxtpx:TrackPointExtension></extensions></trkpt><trkpt lat="60.192207" lon="25.041168"><ele>9.8</ele><time>2026-03-16T18:39:19Z</time><extensions><gpxtpx:TrackPointExtension><gpxtpx:hr>113</gpxtpx:hr></gpxtpx:TrackPointExtension></extensions></trkpt><trkpt lat="60.192207" lon="25.041168"><ele>9.8</ele><time>2026-03-16T18:39:23Z</time><extensions><gpxtpx:TrackPointExtension><gpxtpx:hr>113</gpxtpx:hr></gpxtpx:TrackPointExtension></extensions></trkpt><trkpt lat="60.192207" lon="25.041168"><ele>9.8</ele><time>2026-03-16T18:39:27Z</time><extensions><gpxtpx:TrackPointExtension><gpxtpx:hr>114</gpxtpx:hr></gpxtpx:TrackPointExtension></extensions></trkpt><trkpt lat="60.192207" lon="25.041168"><ele>9.8</ele><time>2026-03-16T18:39:36Z</time><extensions><gpxtpx:TrackPointExtension><gpxtpx:hr>109</gpxtpx:hr></gpxtpx:TrackPointExtension></extensions></trkpt><trkpt lat="60.192207" lon="25.041168"><ele>9.8</ele><time>2026-03-16T18:39:37Z</time><extensions><gpxtpx:TrackPointExtension><gpxtpx:hr>109</gpxtpx:hr></gpxtpx:TrackPointExtension></extensions></trkpt><trkpt lat="60.192207" lon="25.041168"><ele>9.8</ele><time>2026-03-16T18:39:43Z</time><extensions><gpxtpx:TrackPointExtension><gpxtpx:hr>112</gpxtpx:hr></gpxtpx:TrackPointExtension></extensions></trkpt><trkpt lat="60.192207" lon="25.041168"><ele>9.8</ele><time>2026-03-16T18:39:47Z</time><extensions><gpxtpx:TrackPointExtension><gpxtpx:hr>107</gpxtpx:hr></gpxtpx:TrackPointExtension></extensions></trkpt><trkpt lat="60.192207" lon="25.041168"><ele>9.8</ele><time>2026-03-16T18:39:56Z</time><extensions><gpxtpx:TrackPointExtension><gpxtpx:hr>110</gpxtpx:hr></gpxtpx:TrackPointExtension></extensions></trkpt><trkpt lat="60.192207" lon="25.041168"><ele>9.8</ele><time>2026-03-16T18:39:59Z</time><extensions><gpxtpx:TrackPointExtension><gpxtpx:hr>109</gpxtpx:hr></gpxtpx:TrackPointExtension></extensions></trkpt><trkpt lat="60.192207" lon="25.041168"><ele>9.8</ele><time>2026-03-16T18:40:03Z</time><extensions><gpxtpx:TrackPointExtension><gpxtpx:hr>109</gpxtpx:hr></gpxtpx:TrackPointExtension></extensions></trkpt><trkpt lat="60.192207" lon="25.041168"><ele>9.8</ele><time>2026-03-16T18:40:07Z</time><extensions><gpxtpx:TrackPointExtension><gpxtpx:hr>110</gpxtpx:hr></gpxtpx:TrackPointExtension></extensions></trkpt><trkpt lat="60.192207" lon="25.041168"><ele>9.8</ele><time>2026-03-16T18:40:15Z</time><extensions><gpxtpx:TrackPointExtension><gpxtpx:hr>114</gpxtpx:hr></gpxtpx:TrackPointExtension></extensions></trkpt><trkpt lat="60.192207" lon="25.041168"><ele>9.8</ele><time>2026-03-16T18:40:19Z</time><extensions><gpxtpx:TrackPointExtension><gpxtpx:hr>115</gpxtpx:hr></gpxtpx:TrackPointExtension></extensions></trkpt><trkpt lat="60.192207" lon="25.041168"><ele>9.8</ele><time>2026-03-16T18:40:22Z</time><extensions><gpxtpx:TrackPointExtension><gpxtpx:hr>114</gpxtpx:hr></gpxtpx:TrackPointExtension></extensions></trkpt><trkpt lat="60.192207" lon="25.041168"><ele>9.8</ele><time>2026-03-16T18:40:30Z</time><extensions><gpxtpx:TrackPointExtension><gpxtpx:hr>109</gpxtpx:hr></gpxtpx:TrackPointExtension></extensions></trkpt><trkpt lat="60.192207" lon="25.041168"><ele>9.8</ele><time>2026-03-16T18:40:36Z</time><extensions><gpxtpx:TrackPointExtension><gpxtpx:hr>110</gpxtpx:hr></gpxtpx:TrackPointExtension></extensions></trkpt><trkpt lat="60.192207" lon="25.041168"><ele>9.8</ele><time>2026-03-16T18:40:38Z</time><extensions><gpxtpx:TrackPointExtension><gpxtpx:hr>111</gpxtpx:hr></gpxtpx:TrackPointExtension></extensions></trkpt><trkpt lat="60.192207" lon="25.041168"><ele>9.8</ele><time>2026-03-16T18:40:42Z</time><extensions><gpxtpx:TrackPointExtension><gpxtpx:hr>107</gpxtpx:hr></gpxtpx:TrackPointExtension></extensions></trkpt><trkpt lat="60.192207" lon="25.041168"><ele>9.8</ele><time>2026-03-16T18:40:51Z</time><extensions><gpxtpx:TrackPointExtension><gpxtpx:hr>111</gpxtpx:hr></gpxtpx:TrackPointExtension></extensions></trkpt><trkpt lat="60.192207" lon="25.041168"><ele>9.8</ele><time>2026-03-16T18:40:53Z</time><extensions><gpxtpx:TrackPointExtension><gpxtpx:hr>110</gpxtpx:hr></gpxtpx:TrackPointExtension></extensions></trkpt><trkpt lat="60.192207" lon="25.041168"><ele>9.8</ele><time>2026-03-16T18:40:58Z</time><extensions><gpxtpx:TrackPointExtension><gpxtpx:hr>111</gpxtpx:hr></gpxtpx:TrackPointExtension></extensions></trkpt><trkpt lat="60.192207" lon="25.041168"><ele>9.8</ele><time>2026-03-16T18:41:03Z</time><extensions><gpxtpx:TrackPointExtension><gpxtpx:hr>114</gpxtpx:hr></gpxtpx:TrackPointExtension></extensions></trkpt><trkpt lat="60.192207" lon="25.041168"><ele>9.8</ele><time>2026-03-16T18:41:07Z</time><extensions><gpxtpx:TrackPointExtension><gpxtpx:hr>116</gpxtpx:hr></gpxtpx:TrackPointExtension></extensions></trkpt><trkpt lat="60.192207" lon="25.041168"><ele>9.8</ele><time>2026-03-16T18:41:15Z</time><extensions><gpxtpx:TrackPointExtension><gpxtpx:hr>120</gpxtpx:hr></gpxtpx:TrackPointExtension></extensions></trkpt><trkpt lat="60.192207" lon="25.041168"><ele>9.8</ele><time>2026-03-16T18:41:17Z</time><extensions><gpxtpx:TrackPointExtension><gpxtpx:hr>122</gpxtpx:hr></gpxtpx:TrackPointExtension></extensions></trkpt><trkpt lat="60.192207" lon="25.041168"><ele>9.8</ele><time>2026-03-16T18:41:25Z</time><extensions><gpxtpx:TrackPointExtension><gpxtpx:hr>119</gpxtpx:hr></gpxtpx:TrackPointExtension></extensions></trkpt><trkpt lat="60.192207" lon="25.041168"><ele>9.8</ele><time>2026-03-16T18:41:30Z</time><extensions><gpxtpx:TrackPointExtension><gpxtpx:hr>121</gpxtpx:hr></gpxtpx:TrackPointExtension></extensions></trkpt><trkpt lat="60.192207" lon="25.041168"><ele>9.8</ele><time>2026-03-16T18:41:32Z</time><extensions><gpxtpx:TrackPointExtension><gpxtpx:hr>124</gpxtpx:hr></gpxtpx:TrackPointExtension></extensions></trkpt><trkpt lat="60.192207" lon="25.041168"><ele>9.8</ele><time>2026-03-16T18:41:37Z</time><extensions><gpxtpx:TrackPointExtension><gpxtpx:hr>131</gpxtpx:hr></gpxtpx:TrackPointExtension></extensions></trkpt><trkpt lat="60.192207" lon="25.041168"><ele>9.8</ele><time>2026-03-16T18:41:46Z</time><extensions><gpxtpx:TrackPointExtension><gpxtpx:hr>154</gpxtpx:hr></gpxtpx:TrackPointExtension></extensions></trkpt><trkpt lat="60.192207" lon="25.041168"><ele>9.8</ele><time>2026-03-16T18:41:51Z</time><extensions><gpxtpx:TrackPointExtension><gpxtpx:hr>160</gpxtpx:hr></gpxtpx:TrackPointExtension></extensions></trkpt><trkpt lat="60.192207" lon="25.041168"><ele>9.8</ele><time>2026-03-16T18:41:53Z</time><extensions><gpxtpx:TrackPointExtension><gpxtpx:hr>162</gpxtpx:hr></gpxtpx:TrackPointExtension></extensions></trkpt><trkpt lat="60.192207" lon="25.041168"><ele>9.8</ele><time>2026-03-16T18:42:01Z</time><extensions><gpxtpx:TrackPointExtension><gpxtpx:hr>167</gpxtpx:hr></gpxtpx:TrackPointExtension></extensions></trkpt><trkpt lat="60.192207" lon="25.041168"><ele>9.8</ele><time>2026-03-16T18:42:02Z</time><extensions><gpxtpx:TrackPointExtension><gpxtpx:hr>170</gpxtpx:hr></gpxtpx:TrackPointExtension></extensions></trkpt><trkpt lat="60.192207" lon="25.041168"><ele>9.8</ele><time>2026-03-16T18:42:11Z</time><extensions><gpxtpx:TrackPointExtension><gpxtpx:hr>171</gpxtpx:hr></gpxtpx:TrackPointExtension></extensions></trkpt><trkpt lat="60.192207" lon="25.041168"><ele>9.8</ele><time>2026-03-16T18:42:16Z</time><extensions><gpxtpx:TrackPointExtension><gpxtpx:hr>172</gpxtpx:hr></gpxtpx:TrackPointExtension></extensions></trkpt><trkpt lat="60.192207" lon="25.041168"><ele>9.8</ele><time>2026-03-16T18:42:21Z</time><extensions><gpxtpx:TrackPointExtension><gpxtpx:hr>173</gpxtpx:hr></gpxtpx:TrackPointExtension></extensions></trkpt><trkpt lat="60.192207" lon="25.041168"><ele>9.8</ele><time>2026-03-16T18:42:23Z</time><extensions><gpxtpx:TrackPointExtension><gpxtpx:hr>172</gpxtpx:hr></gpxtpx:TrackPointExtension></extensions></trkpt><trkpt lat="60.192207" lon="25.041168"><ele>9.8</ele><time>2026-03-16T18:42:29Z</time><extensions><gpxtpx:TrackPointExtension><gpxtpx:hr>174</gpxtpx:hr></gpxtpx:TrackPointExtension></extensions></trkpt><trkpt lat="60.192207" lon="25.041168"><ele>9.8</ele><time>2026-03-16T18:42:35Z</time><extensions><gpxtpx:TrackPointExtension><gpxtpx:hr>175</gpxtpx:hr></gpxtpx:TrackPointExtension></extensions></trkpt><trkpt lat="60.192207" lon="25.041168"><ele>9.8</ele><time>2026-03-16T18:42:40Z</time><extensions><gpxtpx:TrackPointExtension><gpxtpx:hr>176</gpxtpx:hr></gpxtpx:TrackPointExtension></extensions></trkpt><trkpt lat="60.192207" lon="25.041168"><ele>9.8</ele><time>2026-03-16T18:42:45Z</time><extensions><gpxtpx:TrackPointExtension><gpxtpx:hr>177</gpxtpx:hr></gpxtpx:TrackPointExtension></extensions></trkpt><trkpt lat="60.192207" lon="25.041168"><ele>9.8</ele><time>2026-03-16T18:42:50Z</time><extensions><gpxtpx:TrackPointExtension><gpxtpx:hr>175</gpxtpx:hr></gpxtpx:TrackPointExtension></extensions></trkpt><trkpt lat="60.192207" lon="25.041168"><ele>9.8</ele><time>2026-03-16T18:42:55Z</time><extensions><gpxtpx:TrackPointExtension><gpxtpx:hr>175</gpxtpx:hr></gpxtpx:TrackPointExtension></extensions></trkpt><trkpt lat="60.192207" lon="25.041168"><ele>9.8</ele><time>2026-03-16T18:42:58Z</time><extensions><gpxtpx:TrackPointExtension><gpxtpx:hr>175</gpxtpx:hr></gpxtpx:TrackPointExtension></extensions></trkpt><trkpt lat="60.192207" lon="25.041168"><ele>9.8</ele><time>2026-03-16T18:43:06Z</time><extensions><gpxtpx:TrackPointExtension><gpxtpx:hr>171</gpxtpx:hr></gpxtpx:TrackPointExtension></extensions></trkpt><trkpt lat="60.192207" lon="25.041168"><ele>9.8</ele><time>2026-03-16T18:43:11Z</time><extensions><gpxtpx:TrackPointExtension><gpxtpx:hr>164</gpxtpx:hr></gpxtpx:TrackPointExtension></extensions></trkpt><trkpt lat="60.192207" lon="25.041168"><ele>9.8</ele><time>2026-03-16T18:43:16Z</time><extensions><gpxtpx:TrackPointExtension><gpxtpx:hr>159</gpxtpx:hr></gpxtpx:TrackPointExtension></extensions></trkpt><trkpt lat="60.192207" lon="25.041168"><ele>9.8</ele><time>2026-03-16T18:43:20Z</time><extensions><gpxtpx:TrackPointExtension><gpxtpx:hr>158</gpxtpx:hr></gpxtpx:TrackPointExtension></extensions></trkpt><trkpt lat="60.192207" lon="25.041168"><ele>9.8</ele><time>2026-03-16T18:43:23Z</time><extensions><gpxtpx:TrackPointExtension><gpxtpx:hr>155</gpxtpx:hr></gpxtpx:TrackPointExtension></extensions></trkpt><trkpt lat="60.192207" lon="25.041168"><ele>9.8</ele><time>2026-03-16T18:43:30Z</time><extensions><gpxtpx:TrackPointExtension><gpxtpx:hr>149</gpxtpx:hr></gpxtpx:TrackPointExtension></extensions></trkpt><trkpt lat="60.192207" lon="25.041168"><ele>9.8</ele><time>2026-03-16T18:43:36Z</time><extensions><gpxtpx:TrackPointExtension><gpxtpx:hr>142</gpxtpx:hr></gpxtpx:TrackPointExtension></extensions></trkpt><trkpt lat="60.192207" lon="25.041168"><ele>9.8</ele><time>2026-03-16T18:43:39Z</time><extensions><gpxtpx:TrackPointExtension><gpxtpx:hr>141</gpxtpx:hr></gpxtpx:TrackPointExtension></extensions></trkpt><trkpt lat="60.192207" lon="25.041168"><ele>9.8</ele><time>2026-03-16T18:43:44Z</time><extensions><gpxtpx:TrackPointExtension><gpxtpx:hr>139</gpxtpx:hr></gpxtpx:TrackPointExtension></extensions></trkpt><trkpt lat="60.192207" lon="25.041168"><ele>9.8</ele><time>2026-03-16T18:43:51Z</time><extensions><gpxtpx:TrackPointExtension><gpxtpx:hr>135</gpxtpx:hr></gpxtpx:TrackPointExtension></extensions></trkpt><trkpt lat="60.192207" lon="25.041168"><ele>9.8</ele><time>2026-03-16T18:43:54Z</time><extensions><gpxtpx:TrackPointExtension><gpxtpx:hr>134</gpxtpx:hr></gpxtpx:TrackPointExtension></extensions></trkpt><trkpt lat="60.192207" lon="25.041168"><ele>9.8</ele><time>2026-03-16T18:44:00Z</time><extensions><gpxtpx:TrackPointExtension><gpxtpx:hr>131</gpxtpx:hr></gpxtpx:TrackPointExtension></extensions></trkpt><trkpt lat="60.192207" lon="25.041168"><ele>9.8</ele><time>2026-03-16T18:44:05Z</time><extensions><gpxtpx:TrackPointExtension><gpxtpx:hr>129</gpxtpx:hr></gpxtpx:TrackPointExtension></extensions></trkpt><trkpt lat="60.192207" lon="25.041168"><ele>9.8</ele><time>2026-03-16T18:44:07Z</time><extensions><gpxtpx:TrackPointExtension><gpxtpx:hr>128</gpxtpx:hr></gpxtpx:TrackPointExtension></extensions></trkpt><trkpt lat="60.192207" lon="25.041168"><ele>9.8</ele><time>2026-03-16T18:44:15Z</time><extensions><gpxtpx:TrackPointExtension><gpxtpx:hr>126</gpxtpx:hr></gpxtpx:TrackPointExtension></extensions></trkpt><trkpt lat="60.192207" lon="25.041168"><ele>9.8</ele><time>2026-03-16T18:44:20Z</time><extensions><gpxtpx:TrackPointExtension><gpxtpx:hr>124</gpxtpx:hr></gpxtpx:TrackPointExtension></extensions></trkpt><trkpt lat="60.192207" lon="25.041168"><ele>9.8</ele><time>2026-03-16T18:44:26Z</time><extensions><gpxtpx:TrackPointExtension><gpxtpx:hr>121</gpxtpx:hr></gpxtpx:TrackPointExtension></extensions></trkpt><trkpt lat="60.192207" lon="25.041168"><ele>9.8</ele><time>2026-03-16T18:44:27Z</time><extensions><gpxtpx:TrackPointExtension><gpxtpx:hr>121</gpxtpx:hr></gpxtpx:TrackPointExtension></extensions></trkpt><trkpt lat="60.192207" lon="25.041168"><ele>9.8</ele><time>2026-03-16T18:44:33Z</time><extensions><gpxtpx:TrackPointExtension><gpxtpx:hr>120</gpxtpx:hr></gpxtpx:TrackPointExtension></extensions></trkpt><trkpt lat="60.192207" lon="25.041168"><ele>9.8</ele><time>2026-03-16T18:44:37Z</time><extensions><gpxtpx:TrackPointExtension><gpxtpx:hr>123</gpxtpx:hr></gpxtpx:TrackPointExtension></extensions></trkpt><trkpt lat="60.192207" lon="25.041168"><ele>9.8</ele><time>2026-03-16T18:44:45Z</time><extensions><gpxtpx:TrackPointExtension><gpxtpx:hr>119</gpxtpx:hr></gpxtpx:TrackPointExtension></extensions></trkpt><trkpt lat="60.192207" lon="25.041168"><ele>9.8</ele><time>2026-03-16T18:44:51Z</time><extensions><gpxtpx:TrackPointExtension><gpxtpx:hr>123</gpxtpx:hr></gpxtpx:TrackPointExtension></extensions></trkpt><trkpt lat="60.192207" lon="25.041168"><ele>9.8</ele><time>2026-03-16T18:44:55Z</time><extensions><gpxtpx:TrackPointExtension><gpxtpx:hr>116</gpxtpx:hr></gpxtpx:TrackPointExtension></extensions></trkpt><trkpt lat="60.192207" lon="25.041168"><ele>9.8</ele><time>2026-03-16T18:44:59Z</time><extensions><gpxtpx:TrackPointExtension><gpxtpx:hr>118</gpxtpx:hr></gpxtpx:TrackPointExtension></extensions></trkpt><trkpt lat="60.192207" lon="25.041168"><ele>9.8</ele><time>2026-03-16T18:45:02Z</time><extensions><gpxtpx:TrackPointExtension><gpxtpx:hr>120</gpxtpx:hr></gpxtpx:TrackPointExtension></extensions></trkpt><trkpt lat="60.192207" lon="25.041168"><ele>9.8</ele><time>2026-03-16T18:45:07Z</time><extensions><gpxtpx:TrackPointExtension><gpxtpx:hr>123</gpxtpx:hr></gpxtpx:TrackPointExtension></extensions></trkpt><trkpt lat="60.192207" lon="25.041168"><ele>9.8</ele><time>2026-03-16T18:45:16Z</time><extensions><gpxtpx:TrackPointExtension><gpxtpx:hr>118</gpxtpx:hr></gpxtpx:TrackPointExtension></extensions></trkpt><trkpt lat="60.192207" lon="25.041168"><ele>9.8</ele><time>2026-03-16T18:45:21Z</time><extensions><gpxtpx:TrackPointExtension><gpxtpx:hr>116</gpxtpx:hr></gpxtpx:TrackPointExtension></extensions></trkpt><trkpt lat="60.192207" lon="25.041168"><ele>9.8</ele><time>2026-03-16T18:45:26Z</time><extensions><gpxtpx:TrackPointExtension><gpxtpx:hr>113</gpxtpx:hr></gpxtpx:TrackPointExtension></extensions></trkpt><trkpt lat="60.192207" lon="25.041168"><ele>9.8</ele><time>2026-03-16T18:45:30Z</time><extensions><gpxtpx:TrackPointExtension><gpxtpx:hr>113</gpxtpx:hr></gpxtpx:TrackPointExtension></extensions></trkpt><trkpt lat="60.192207" lon="25.041168"><ele>9.8</ele><time>2026-03-16T18:45:34Z</time><extensions><gpxtpx:TrackPointExtension><gpxtpx:hr>111</gpxtpx:hr></gpxtpx:TrackPointExtension></extensions></trkpt><trkpt lat="60.192207" lon="25.041168"><ele>9.8</ele><time>2026-03-16T18:45:39Z</time><extensions><gpxtpx:TrackPointExtension><gpxtpx:hr>112</gpxtpx:hr></gpxtpx:TrackPointExtension></extensions></trkpt><trkpt lat="60.192207" lon="25.041168"><ele>9.8</ele><time>2026-03-16T18:45:44Z</time><extensions><gpxtpx:TrackPointExtension><gpxtpx:hr>110</gpxtpx:hr></gpxtpx:TrackPointExtension></extensions></trkpt><trkpt lat="60.192207" lon="25.041168"><ele>9.8</ele><time>2026-03-16T18:45:50Z</time><extensions><gpxtpx:TrackPointExtension><gpxtpx:hr>111</gpxtpx:hr></gpxtpx:TrackPointExtension></extensions></trkpt><trkpt lat="60.192207" lon="25.041168"><ele>9.8</ele><time>2026-03-16T18:45:52Z</time><extensions><gpxtpx:TrackPointExtension><gpxtpx:hr>112</gpxtpx:hr></gpxtpx:TrackPointExtension></extensions></trkpt><trkpt lat="60.192207" lon="25.041168"><ele>9.8</ele><time>2026-03-16T18:45:58Z</time><extensions><gpxtpx:TrackPointExtension><gpxtpx:hr>111</gpxtpx:hr></gpxtpx:TrackPointExtension></extensions></trkpt><trkpt lat="60.192207" lon="25.041168"><ele>9.8</ele><time>2026-03-16T18:46:02Z</time><extensions><gpxtpx:TrackPointExtension><gpxtpx:hr>113</gpxtpx:hr></gpxtpx:TrackPointExtension></extensions></trkpt><trkpt lat="60.192207" lon="25.041168"><ele>9.8</ele><time>2026-03-16T18:46:07Z</time><extensions><gpxtpx:TrackPointExtension><gpxtpx:hr>112</gpxtpx:hr></gpxtpx:TrackPointExtension></extensions></trkpt><trkpt lat="60.192207" lon="25.041168"><ele>9.8</ele><time>2026-03-16T18:46:12Z</time><extensions><gpxtpx:TrackPointExtension><gpxtpx:hr>112</gpxtpx:hr></gpxtpx:TrackPointExtension></extensions></trkpt><trkpt lat="60.192207" lon="25.041168"><ele>9.8</ele><time>2026-03-16T18:46:18Z</time><extensions><gpxtpx:TrackPointExtension><gpxtpx:hr>113</gpxtpx:hr></gpxtpx:TrackPointExtension></extensions></trkpt><trkpt lat="60.192207" lon="25.041168"><ele>9.8</ele><time>2026-03-16T18:46:25Z</time><extensions><gpxtpx:TrackPointExtension><gpxtpx:hr>120</gpxtpx:hr></gpxtpx:TrackPointExtension></extensions></trkpt><trkpt lat="60.192207" lon="25.041168"><ele>9.8</ele><time>2026-03-16T18:46:27Z</time><extensions><gpxtpx:TrackPointExtension><gpxtpx:hr>123</gpxtpx:hr></gpxtpx:TrackPointExtension></extensions></trkpt><trkpt lat="60.192207" lon="25.041168"><ele>9.8</ele><time>2026-03-16T18:46:32Z</time><extensions><gpxtpx:TrackPointExtension><gpxtpx:hr>134</gpxtpx:hr></gpxtpx:TrackPointExtension></extensions></trkpt><trkpt lat="60.192207" lon="25.041168"><ele>9.8</ele><time>2026-03-16T18:46:38Z</time><extensions><gpxtpx:TrackPointExtension><gpxtpx:hr>142</gpxtpx:hr></gpxtpx:TrackPointExtension></extensions></trkpt><trkpt lat="60.192207" lon="25.041168"><ele>9.8</ele><time>2026-03-16T18:46:46Z</time><extensions><gpxtpx:TrackPointExtension><gpxtpx:hr>151</gpxtpx:hr></gpxtpx:TrackPointExtension></extensions></trkpt><trkpt lat="60.192207" lon="25.041168"><ele>9.8</ele><time>2026-03-16T18:46:51Z</time><extensions><gpxtpx:TrackPointExtension><gpxtpx:hr>155</gpxtpx:hr></gpxtpx:TrackPointExtension></extensions></trkpt><trkpt lat="60.192207" lon="25.041168"><ele>9.8</ele><time>2026-03-16T18:46:54Z</time><extensions><gpxtpx:TrackPointExtension><gpxtpx:hr>157</gpxtpx:hr></gpxtpx:TrackPointExtension></extensions></trkpt><trkpt lat="60.192207" lon="25.041168"><ele>9.8</ele><time>2026-03-16T18:46:58Z</time><extensions><gpxtpx:TrackPointExtension><gpxtpx:hr>160</gpxtpx:hr></gpxtpx:TrackPointExtension></extensions></trkpt><trkpt lat="60.192207" lon="25.041168"><ele>9.8</ele><time>2026-03-16T18:47:06Z</time><extensions><gpxtpx:TrackPointExtension><gpxtpx:hr>163</gpxtpx:hr></gpxtpx:TrackPointExtension></extensions></trkpt><trkpt lat="60.192207" lon="25.041168"><ele>9.8</ele><time>2026-03-16T18:47:07Z</time><extensions><gpxtpx:TrackPointExtension><gpxtpx:hr>165</gpxtpx:hr></gpxtpx:TrackPointExtension></extensions></trkpt><trkpt lat="60.192207" lon="25.041168"><ele>9.8</ele><time>2026-03-16T18:47:12Z</time><extensions><gpxtpx:TrackPointExtension><gpxtpx:hr>165</gpxtpx:hr></gpxtpx:TrackPointExtension></extensions></trkpt><trkpt lat="60.192207" lon="25.041168"><ele>9.8</ele><time>2026-03-16T18:47:19Z</time><extensions><gpxtpx:TrackPointExtension><gpxtpx:hr>167</gpxtpx:hr></gpxtpx:TrackPointExtension></extensions></trkpt><trkpt lat="60.192207" lon="25.041168"><ele>9.8</ele><time>2026-03-16T18:47:25Z</time><extensions><gpxtpx:TrackPointExtension><gpxtpx:hr>169</gpxtpx:hr></gpxtpx:TrackPointExtension></extensions></trkpt><trkpt lat="60.192207" lon="25.041168"><ele>9.8</ele><time>2026-03-16T18:47:28Z</time><extensions><gpxtpx:TrackPointExtension><gpxtpx:hr>170</gpxtpx:hr></gpxtpx:TrackPointExtension></extensions></trkpt><trkpt lat="60.192207" lon="25.041168"><ele>9.8</ele><time>2026-03-16T18:47:32Z</time><extensions><gpxtpx:TrackPointExtension><gpxtpx:hr>168</gpxtpx:hr></gpxtpx:TrackPointExtension></extensions></trkpt><trkpt lat="60.192207" lon="25.041168"><ele>9.8</ele><time>2026-03-16T18:47:41Z</time><extensions><gpxtpx:TrackPointExtension><gpxtpx:hr>166</gpxtpx:hr></gpxtpx:TrackPointExtension></extensions></trkpt><trkpt lat="60.192207" lon="25.041168"><ele>9.8</ele><time>2026-03-16T18:47:46Z</time><extensions><gpxtpx:TrackPointExtension><gpxtpx:hr>167</gpxtpx:hr></gpxtpx:TrackPointExtension></extensions></trkpt><trkpt lat="60.192207" lon="25.041168"><ele>9.8</ele><time>2026-03-16T18:47:51Z</time><extensions><gpxtpx:TrackPointExtension><gpxtpx:hr>168</gpxtpx:hr></gpxtpx:TrackPointExtension></extensions></trkpt><trkpt lat="60.192207" lon="25.041168"><ele>9.8</ele><time>2026-03-16T18:47:56Z</time><extensions><gpxtpx:TrackPointExtension><gpxtpx:hr>166</gpxtpx:hr></gpxtpx:TrackPointExtension></extensions></trkpt><trkpt lat="60.192207" lon="25.041168"><ele>9.8</ele><time>2026-03-16T18:47:58Z</time><extensions><gpxtpx:TrackPointExtension><gpxtpx:hr>164</gpxtpx:hr></gpxtpx:TrackPointExtension></extensions></trkpt><trkpt lat="60.192207" lon="25.041168"><ele>9.8</ele><time>2026-03-16T18:48:06Z</time><extensions><gpxtpx:TrackPointExtension><gpxtpx:hr>161</gpxtpx:hr></gpxtpx:TrackPointExtension></extensions></trkpt><trkpt lat="60.192207" lon="25.041168"><ele>9.8</ele><time>2026-03-16T18:48:11Z</time><extensions><gpxtpx:TrackPointExtension><gpxtpx:hr>156</gpxtpx:hr></gpxtpx:TrackPointExtension></extensions></trkpt><trkpt lat="60.192207" lon="25.041168"><ele>9.8</ele><time>2026-03-16T18:48:16Z</time><extensions><gpxtpx:TrackPointExtension><gpxtpx:hr>151</gpxtpx:hr></gpxtpx:TrackPointExtension></extensions></trkpt><trkpt lat="60.192207" lon="25.041168"><ele>9.8</ele><time>2026-03-16T18:48:21Z</time><extensions><gpxtpx:TrackPointExtension><gpxtpx:hr>149</gpxtpx:hr></gpxtpx:TrackPointExtension></extensions></trkpt><trkpt lat="60.192207" lon="25.041168"><ele>9.8</ele><time>2026-03-16T18:48:23Z</time><extensions><gpxtpx:TrackPointExtension><gpxtpx:hr>148</gpxtpx:hr></gpxtpx:TrackPointExtension></extensions></trkpt><trkpt lat="60.192207" lon="25.041168"><ele>9.8</ele><time>2026-03-16T18:48:31Z</time><extensions><gpxtpx:TrackPointExtension><gpxtpx:hr>142</gpxtpx:hr></gpxtpx:TrackPointExtension></extensions></trkpt><trkpt lat="60.192207" lon="25.041168"><ele>9.8</ele><time>2026-03-16T18:48:36Z</time><extensions><gpxtpx:TrackPointExtension><gpxtpx:hr>139</gpxtpx:hr></gpxtpx:TrackPointExtension></extensions></trkpt><trkpt lat="60.192207" lon="25.041168"><ele>9.8</ele><time>2026-03-16T18:48:41Z</time><extensions><gpxtpx:TrackPointExtension><gpxtpx:hr>136</gpxtpx:hr></gpxtpx:TrackPointExtension></extensions></trkpt><trkpt lat="60.192207" lon="25.041168"><ele>9.8</ele><time>2026-03-16T18:48:46Z</time><extensions><gpxtpx:TrackPointExtension><gpxtpx:hr>132</gpxtpx:hr></gpxtpx:TrackPointExtension></extensions></trkpt><trkpt lat="60.192207" lon="25.041168"><ele>9.8</ele><time>2026-03-16T18:48:48Z</time><extensions><gpxtpx:TrackPointExtension><gpxtpx:hr>132</gpxtpx:hr></gpxtpx:TrackPointExtension></extensions></trkpt><trkpt lat="60.192207" lon="25.041168"><ele>9.8</ele><time>2026-03-16T18:48:53Z</time><extensions><gpxtpx:TrackPointExtension><gpxtpx:hr>131</gpxtpx:hr></gpxtpx:TrackPointExtension></extensions></trkpt><trkpt lat="60.192207" lon="25.041168"><ele>9.8</ele><time>2026-03-16T18:49:00Z</time><extensions><gpxtpx:TrackPointExtension><gpxtpx:hr>126</gpxtpx:hr></gpxtpx:TrackPointExtension></extensions></trkpt><trkpt lat="60.192207" lon="25.041168"><ele>9.8</ele><time>2026-03-16T18:49:06Z</time><extensions><gpxtpx:TrackPointExtension><gpxtpx:hr>127</gpxtpx:hr></gpxtpx:TrackPointExtension></extensions></trkpt><trkpt lat="60.192207" lon="25.041168"><ele>9.8</ele><time>2026-03-16T18:49:07Z</time><extensions><gpxtpx:TrackPointExtension><gpxtpx:hr>127</gpxtpx:hr></gpxtpx:TrackPointExtension></extensions></trkpt><trkpt lat="60.192207" lon="25.041168"><ele>9.8</ele><time>2026-03-16T18:49:14Z</time><extensions><gpxtpx:TrackPointExtension><gpxtpx:hr>124</gpxtpx:hr></gpxtpx:TrackPointExtension></extensions></trkpt><trkpt lat="60.192207" lon="25.041168"><ele>9.8</ele><time>2026-03-16T18:49:21Z</time><extensions><gpxtpx:TrackPointExtension><gpxtpx:hr>122</gpxtpx:hr></gpxtpx:TrackPointExtension></extensions></trkpt><trkpt lat="60.192207" lon="25.041168"><ele>9.8</ele><time>2026-03-16T18:49:22Z</time><extensions><gpxtpx:TrackPointExtension><gpxtpx:hr>123</gpxtpx:hr></gpxtpx:TrackPointExtension></extensions></trkpt><trkpt lat="60.192207" lon="25.041168"><ele>9.8</ele><time>2026-03-16T18:49:29Z</time><extensions><gpxtpx:TrackPointExtension><gpxtpx:hr>127</gpxtpx:hr></gpxtpx:TrackPointExtension></extensions></trkpt><trkpt lat="60.192207" lon="25.041168"><ele>9.8</ele><time>2026-03-16T18:49:35Z</time><extensions><gpxtpx:TrackPointExtension><gpxtpx:hr>126</gpxtpx:hr></gpxtpx:TrackPointExtension></extensions></trkpt><trkpt lat="60.192207" lon="25.041168"><ele>9.8</ele><time>2026-03-16T18:49:41Z</time><extensions><gpxtpx:TrackPointExtension><gpxtpx:hr>123</gpxtpx:hr></gpxtpx:TrackPointExtension></extensions></trkpt><trkpt lat="60.192207" lon="25.041168"><ele>9.8</ele><time>2026-03-16T18:49:43Z</time><extensions><gpxtpx:TrackPointExtension><gpxtpx:hr>122</gpxtpx:hr></gpxtpx:TrackPointExtension></extensions></trkpt><trkpt lat="60.192207" lon="25.041168"><ele>9.8</ele><time>2026-03-16T18:49:51Z</time><extensions><gpxtpx:TrackPointExtension><gpxtpx:hr>120</gpxtpx:hr></gpxtpx:TrackPointExtension></extensions></trkpt><trkpt lat="60.192207" lon="25.041168"><ele>9.8</ele><time>2026-03-16T18:49:53Z</time><extensions><gpxtpx:TrackPointExtension><gpxtpx:hr>121</gpxtpx:hr></gpxtpx:TrackPointExtension></extensions></trkpt><trkpt lat="60.192207" lon="25.041168"><ele>9.8</ele><time>2026-03-16T18:50:01Z</time><extensions><gpxtpx:TrackPointExtension><gpxtpx:hr>116</gpxtpx:hr></gpxtpx:TrackPointExtension></extensions></trkpt><trkpt lat="60.192207" lon="25.041168"><ele>9.8</ele><time>2026-03-16T18:50:04Z</time><extensions><gpxtpx:TrackPointExtension><gpxtpx:hr>117</gpxtpx:hr></gpxtpx:TrackPointExtension></extensions></trkpt><trkpt lat="60.192207" lon="25.041168"><ele>9.8</ele><time>2026-03-16T18:50:08Z</time><extensions><gpxtpx:TrackPointExtension><gpxtpx:hr>117</gpxtpx:hr></gpxtpx:TrackPointExtension></extensions></trkpt><trkpt lat="60.192207" lon="25.041168"><ele>9.8</ele><time>2026-03-16T18:50:16Z</time><extensions><gpxtpx:TrackPointExtension><gpxtpx:hr>117</gpxtpx:hr></gpxtpx:TrackPointExtension></extensions></trkpt><trkpt lat="60.192207" lon="25.041168"><ele>9.8</ele><time>2026-03-16T18:50:17Z</time><extensions><gpxtpx:TrackPointExtension><gpxtpx:hr>116</gpxtpx:hr></gpxtpx:TrackPointExtension></extensions></trkpt><trkpt lat="60.192207" lon="25.041168"><ele>9.8</ele><time>2026-03-16T18:50:25Z</time><extensions><gpxtpx:TrackPointExtension><gpxtpx:hr>118</gpxtpx:hr></gpxtpx:TrackPointExtension></extensions></trkpt><trkpt lat="60.192207" lon="25.041168"><ele>9.8</ele><time>2026-03-16T18:50:28Z</time><extensions><gpxtpx:TrackPointExtension><gpxtpx:hr>117</gpxtpx:hr></gpxtpx:TrackPointExtension></extensions></trkpt><trkpt lat="60.192207" lon="25.041168"><ele>9.8</ele><time>2026-03-16T18:50:32Z</time><extensions><gpxtpx:TrackPointExtension><gpxtpx:hr>117</gpxtpx:hr></gpxtpx:TrackPointExtension></extensions></trkpt><trkpt lat="60.192207" lon="25.041168"><ele>9.8</ele><time>2026-03-16T18:50:39Z</time><extensions><gpxtpx:TrackPointExtension><gpxtpx:hr>122</gpxtpx:hr></gpxtpx:TrackPointExtension></extensions></trkpt><trkpt lat="60.192207" lon="25.041168"><ele>9.8</ele><time>2026-03-16T18:50:42Z</time><extensions><gpxtpx:TrackPointExtension><gpxtpx:hr>121</gpxtpx:hr></gpxtpx:TrackPointExtension></extensions></trkpt><trkpt lat="60.192207" lon="25.041168"><ele>9.8</ele><time>2026-03-16T18:50:47Z</time><extensions><gpxtpx:TrackPointExtension><gpxtpx:hr>120</gpxtpx:hr></gpxtpx:TrackPointExtension></extensions></trkpt><trkpt lat="60.192207" lon="25.041168"><ele>9.8</ele><time>2026-03-16T18:50:55Z</time><extensions><gpxtpx:TrackPointExtension><gpxtpx:hr>128</gpxtpx:hr></gpxtpx:TrackPointExtension></extensions></trkpt><trkpt lat="60.192207" lon="25.041168"><ele>9.8</ele><time>2026-03-16T18:50:57Z</time><extensions><gpxtpx:TrackPointExtension><gpxtpx:hr>130</gpxtpx:hr></gpxtpx:TrackPointExtension></extensions></trkpt><trkpt lat="60.192207" lon="25.041168"><ele>9.8</ele><time>2026-03-16T18:51:02Z</time><extensions><gpxtpx:TrackPointExtension><gpxtpx:hr>135</gpxtpx:hr></gpxtpx:TrackPointExtension></extensions></trkpt><trkpt lat="60.192207" lon="25.041168"><ele>9.8</ele><time>2026-03-16T18:51:11Z</time><extensions><gpxtpx:TrackPointExtension><gpxtpx:hr>142</gpxtpx:hr></gpxtpx:TrackPointExtension></extensions></trkpt><trkpt lat="60.192207" lon="25.041168"><ele>9.8</ele><time>2026-03-16T18:51:16Z</time><extensions><gpxtpx:TrackPointExtension><gpxtpx:hr>142</gpxtpx:hr></gpxtpx:TrackPointExtension></extensions></trkpt><trkpt lat="60.192207" lon="25.041168"><ele>9.8</ele><time>2026-03-16T18:51:18Z</time><extensions><gpxtpx:TrackPointExtension><gpxtpx:hr>141</gpxtpx:hr></gpxtpx:TrackPointExtension></extensions></trkpt><trkpt lat="60.192207" lon="25.041168"><ele>9.8</ele><time>2026-03-16T18:51:26Z</time><extensions><gpxtpx:TrackPointExtension><gpxtpx:hr>141</gpxtpx:hr></gpxtpx:TrackPointExtension></extensions></trkpt><trkpt lat="60.192207" lon="25.041168"><ele>9.8</ele><time>2026-03-16T18:51:27Z</time><extensions><gpxtpx:TrackPointExtension><gpxtpx:hr>141</gpxtpx:hr></gpxtpx:TrackPointExtension></extensions></trkpt><trkpt lat="60.192207" lon="25.041168"><ele>9.8</ele><time>2026-03-16T18:51:32Z</time><extensions><gpxtpx:TrackPointExtension><gpxtpx:hr>141</gpxtpx:hr></gpxtpx:TrackPointExtension></extensions></trkpt><trkpt lat="60.192207" lon="25.041168"><ele>9.8</ele><time>2026-03-16T18:51:37Z</time><extensions><gpxtpx:TrackPointExtension><gpxtpx:hr>145</gpxtpx:hr></gpxtpx:TrackPointExtension></extensions></trkpt><trkpt lat="60.192207" lon="25.041168"><ele>9.8</ele><time>2026-03-16T18:51:46Z</time><extensions><gpxtpx:TrackPointExtension><gpxtpx:hr>153</gpxtpx:hr></gpxtpx:TrackPointExtension></extensions></trkpt><trkpt lat="60.192207" lon="25.041168"><ele>9.8</ele><time>2026-03-16T18:51:47Z</time><extensions><gpxtpx:TrackPointExtension><gpxtpx:hr>152</gpxtpx:hr></gpxtpx:TrackPointExtension></extensions></trkpt><trkpt lat="60.192207" lon="25.041168"><ele>9.8</ele><time>2026-03-16T18:51:56Z</time><extensions><gpxtpx:TrackPointExtension><gpxtpx:hr>155</gpxtpx:hr></gpxtpx:TrackPointExtension></extensions></trkpt><trkpt lat="60.192207" lon="25.041168"><ele>9.8</ele><time>2026-03-16T18:52:01Z</time><extensions><gpxtpx:TrackPointExtension><gpxtpx:hr>145</gpxtpx:hr></gpxtpx:TrackPointExtension></extensions></trkpt><trkpt lat="60.192207" lon="25.041168"><ele>9.8</ele><time>2026-03-16T18:52:02Z</time><extensions><gpxtpx:TrackPointExtension><gpxtpx:hr>144</gpxtpx:hr></gpxtpx:TrackPointExtension></extensions></trkpt><trkpt lat="60.192207" lon="25.041168"><ele>9.8</ele><time>2026-03-16T18:52:07Z</time><extensions><gpxtpx:TrackPointExtension><gpxtpx:hr>144</gpxtpx:hr></gpxtpx:TrackPointExtension></extensions></trkpt><trkpt lat="60.192207" lon="25.041168"><ele>9.8</ele><time>2026-03-16T18:52:12Z</time><extensions><gpxtpx:TrackPointExtension><gpxtpx:hr>144</gpxtpx:hr></gpxtpx:TrackPointExtension></extensions></trkpt><trkpt lat="60.192207" lon="25.041168"><ele>9.8</ele><time>2026-03-16T18:52:17Z</time><extensions><gpxtpx:TrackPointExtension><gpxtpx:hr>150</gpxtpx:hr></gpxtpx:TrackPointExtension></extensions></trkpt><trkpt lat="60.192207" lon="25.041168"><ele>9.8</ele><time>2026-03-16T18:52:22Z</time><extensions><gpxtpx:TrackPointExtension><gpxtpx:hr>157</gpxtpx:hr></gpxtpx:TrackPointExtension></extensions></trkpt><trkpt lat="60.192207" lon="25.041168"><ele>9.8</ele><time>2026-03-16T18:52:31Z</time><extensions><gpxtpx:TrackPointExtension><gpxtpx:hr>162</gpxtpx:hr></gpxtpx:TrackPointExtension></extensions></trkpt><trkpt lat="60.192207" lon="25.041168"><ele>9.8</ele><time>2026-03-16T18:52:36Z</time><extensions><gpxtpx:TrackPointExtension><gpxtpx:hr>162</gpxtpx:hr></gpxtpx:TrackPointExtension></extensions></trkpt><trkpt lat="60.192207" lon="25.041168"><ele>9.8</ele><time>2026-03-16T18:52:37Z</time><extensions><gpxtpx:TrackPointExtension><gpxtpx:hr>162</gpxtpx:hr></gpxtpx:TrackPointExtension></extensions></trkpt><trkpt lat="60.192207" lon="25.041168"><ele>9.8</ele><time>2026-03-16T18:52:42Z</time><extensions><gpxtpx:TrackPointExtension><gpxtpx:hr>162</gpxtpx:hr></gpxtpx:TrackPointExtension></extensions></trkpt><trkpt lat="60.192207" lon="25.041168"><ele>9.8</ele><time>2026-03-16T18:52:47Z</time><extensions><gpxtpx:TrackPointExtension><gpxtpx:hr>160</gpxtpx:hr></gpxtpx:TrackPointExtension></extensions></trkpt><trkpt lat="60.192207" lon="25.041168"><ele>9.8</ele><time>2026-03-16T18:52:56Z</time><extensions><gpxtpx:TrackPointExtension><gpxtpx:hr>159</gpxtpx:hr></gpxtpx:TrackPointExtension></extensions></trkpt><trkpt lat="60.192207" lon="25.041168"><ele>9.8</ele><time>2026-03-16T18:53:01Z</time><extensions><gpxtpx:TrackPointExtension><gpxtpx:hr>154</gpxtpx:hr></gpxtpx:TrackPointExtension></extensions></trkpt><trkpt lat="60.192207" lon="25.041168"><ele>9.8</ele><time>2026-03-16T18:53:06Z</time><extensions><gpxtpx:TrackPointExtension><gpxtpx:hr>152</gpxtpx:hr></gpxtpx:TrackPointExtension></extensions></trkpt><trkpt lat="60.192207" lon="25.041168"><ele>9.8</ele><time>2026-03-16T18:53:09Z</time><extensions><gpxtpx:TrackPointExtension><gpxtpx:hr>150</gpxtpx:hr></gpxtpx:TrackPointExtension></extensions></trkpt><trkpt lat="60.192207" lon="25.041168"><ele>9.8</ele><time>2026-03-16T18:53:13Z</time><extensions><gpxtpx:TrackPointExtension><gpxtpx:hr>146</gpxtpx:hr></gpxtpx:TrackPointExtension></extensions></trkpt><trkpt lat="60.192207" lon="25.041168"><ele>9.8</ele><time>2026-03-16T18:53:21Z</time><extensions><gpxtpx:TrackPointExtension><gpxtpx:hr>143</gpxtpx:hr></gpxtpx:TrackPointExtension></extensions></trkpt><trkpt lat="60.192207" lon="25.041168"><ele>9.8</ele><time>2026-03-16T18:53:24Z</time><extensions><gpxtpx:TrackPointExtension><gpxtpx:hr>141</gpxtpx:hr></gpxtpx:TrackPointExtension></extensions></trkpt><trkpt lat="60.192207" lon="25.041168"><ele>9.8</ele><time>2026-03-16T18:53:27Z</time><extensions><gpxtpx:TrackPointExtension><gpxtpx:hr>139</gpxtpx:hr></gpxtpx:TrackPointExtension></extensions></trkpt><trkpt lat="60.192207" lon="25.041168"><ele>9.8</ele><time>2026-03-16T18:53:35Z</time><extensions><gpxtpx:TrackPointExtension><gpxtpx:hr>131</gpxtpx:hr></gpxtpx:TrackPointExtension></extensions></trkpt><trkpt lat="60.192207" lon="25.041168"><ele>9.8</ele><time>2026-03-16T18:53:41Z</time><extensions><gpxtpx:TrackPointExtension><gpxtpx:hr>124</gpxtpx:hr></gpxtpx:TrackPointExtension></extensions></trkpt><trkpt lat="60.192207" lon="25.041168"><ele>9.8</ele><time>2026-03-16T18:53:43Z</time><extensions><gpxtpx:TrackPointExtension><gpxtpx:hr>124</gpxtpx:hr></gpxtpx:TrackPointExtension></extensions></trkpt><trkpt lat="60.192207" lon="25.041168"><ele>9.8</ele><time>2026-03-16T18:53:49Z</time><extensions><gpxtpx:TrackPointExtension><gpxtpx:hr>121</gpxtpx:hr></gpxtpx:TrackPointExtension></extensions></trkpt><trkpt lat="60.192207" lon="25.041168"><ele>9.8</ele><time>2026-03-16T18:53:56Z</time><extensions><gpxtpx:TrackPointExtension><gpxtpx:hr>121</gpxtpx:hr></gpxtpx:TrackPointExtension></extensions></trkpt><trkpt lat="60.192207" lon="25.041168"><ele>9.8</ele><time>2026-03-16T18:54:00Z</time><extensions><gpxtpx:TrackPointExtension><gpxtpx:hr>120</gpxtpx:hr></gpxtpx:TrackPointExtension></extensions></trkpt><trkpt lat="60.192207" lon="25.041168"><ele>9.8</ele><time>2026-03-16T18:54:02Z</time><extensions><gpxtpx:TrackPointExtension><gpxtpx:hr>121</gpxtpx:hr></gpxtpx:TrackPointExtension></extensions></trkpt><trkpt lat="60.192207" lon="25.041168"><ele>9.8</ele><time>2026-03-16T18:54:10Z</time><extensions><gpxtpx:TrackPointExtension><gpxtpx:hr>117</gpxtpx:hr></gpxtpx:TrackPointExtension></extensions></trkpt><trkpt lat="60.192207" lon="25.041168"><ele>9.8</ele><time>2026-03-16T18:54:12Z</time><extensions><gpxtpx:TrackPointExtension><gpxtpx:hr>119</gpxtpx:hr></gpxtpx:TrackPointExtension></extensions></trkpt><trkpt lat="60.192207" lon="25.041168"><ele>9.8</ele><time>2026-03-16T18:54:17Z</time><extensions><gpxtpx:TrackPointExtension><gpxtpx:hr>117</gpxtpx:hr></gpxtpx:TrackPointExtension></extensions></trkpt><trkpt lat="60.192207" lon="25.041168"><ele>9.8</ele><time>2026-03-16T18:54:26Z</time><extensions><gpxtpx:TrackPointExtension><gpxtpx:hr>121</gpxtpx:hr></gpxtpx:TrackPointExtension></extensions></trkpt><trkpt lat="60.192207" lon="25.041168"><ele>9.8</ele><time>2026-03-16T18:54:28Z</time><extensions><gpxtpx:TrackPointExtension><gpxtpx:hr>121</gpxtpx:hr></gpxtpx:TrackPointExtension></extensions></trkpt><trkpt lat="60.192207" lon="25.041168"><ele>9.8</ele><time>2026-03-16T18:54:36Z</time><extensions><gpxtpx:TrackPointExtension><gpxtpx:hr>112</gpxtpx:hr></gpxtpx:TrackPointExtension></extensions></trkpt><trkpt lat="60.192207" lon="25.041168"><ele>9.8</ele><time>2026-03-16T18:54:37Z</time><extensions><gpxtpx:TrackPointExtension><gpxtpx:hr>113</gpxtpx:hr></gpxtpx:TrackPointExtension></extensions></trkpt><trkpt lat="60.192207" lon="25.041168"><ele>9.8</ele><time>2026-03-16T18:54:42Z</time><extensions><gpxtpx:TrackPointExtension><gpxtpx:hr>115</gpxtpx:hr></gpxtpx:TrackPointExtension></extensions></trkpt><trkpt lat="60.192207" lon="25.041168"><ele>9.8</ele><time>2026-03-16T18:54:51Z</time><extensions><gpxtpx:TrackPointExtension><gpxtpx:hr>121</gpxtpx:hr></gpxtpx:TrackPointExtension></extensions></trkpt><trkpt lat="60.192207" lon="25.041168"><ele>9.8</ele><time>2026-03-16T18:54:56Z</time><extensions><gpxtpx:TrackPointExtension><gpxtpx:hr>122</gpxtpx:hr></gpxtpx:TrackPointExtension></extensions></trkpt><trkpt lat="60.192207" lon="25.041168"><ele>9.8</ele><time>2026-03-16T18:54:57Z</time><extensions><gpxtpx:TrackPointExtension><gpxtpx:hr>122</gpxtpx:hr></gpxtpx:TrackPointExtension></extensions></trkpt><trkpt lat="60.192207" lon="25.041168"><ele>9.8</ele><time>2026-03-16T18:55:02Z</time><extensions><gpxtpx:TrackPointExtension><gpxtpx:hr>127</gpxtpx:hr></gpxtpx:TrackPointExtension></extensions></trkpt><trkpt lat="60.192207" lon="25.041168"><ele>9.8</ele><time>2026-03-16T18:55:07Z</time><extensions><gpxtpx:TrackPointExtension><gpxtpx:hr>123</gpxtpx:hr></gpxtpx:TrackPointExtension></extensions></trkpt><trkpt lat="60.192207" lon="25.041168"><ele>9.8</ele><time>2026-03-16T18:55:16Z</time><extensions><gpxtpx:TrackPointExtension><gpxtpx:hr>123</gpxtpx:hr></gpxtpx:TrackPointExtension></extensions></trkpt><trkpt lat="60.192207" lon="25.041168"><ele>9.8</ele><time>2026-03-16T18:55:18Z</time><extensions><gpxtpx:TrackPointExtension><gpxtpx:hr>124</gpxtpx:hr></gpxtpx:TrackPointExtension></extensions></trkpt><trkpt lat="60.192207" lon="25.041168"><ele>9.8</ele><time>2026-03-16T18:55:25Z</time><extensions><gpxtpx:TrackPointExtension><gpxtpx:hr>120</gpxtpx:hr></gpxtpx:TrackPointExtension></extensions></trkpt><trkpt lat="60.192207" lon="25.041168"><ele>9.8</ele><time>2026-03-16T18:55:27Z</time><extensions><gpxtpx:TrackPointExtension><gpxtpx:hr>119</gpxtpx:hr></gpxtpx:TrackPointExtension></extensions></trkpt><trkpt lat="60.192207" lon="25.041168"><ele>9.8</ele><time>2026-03-16T18:55:32Z</time><extensions><gpxtpx:TrackPointExtension><gpxtpx:hr>124</gpxtpx:hr></gpxtpx:TrackPointExtension></extensions></trkpt><trkpt lat="60.192207" lon="25.041168"><ele>9.8</ele><time>2026-03-16T18:55:37Z</time><extensions><gpxtpx:TrackPointExtension><gpxtpx:hr>134</gpxtpx:hr></gpxtpx:TrackPointExtension></extensions></trkpt><trkpt lat="60.192207" lon="25.041168"><ele>9.8</ele><time>2026-03-16T18:55:44Z</time><extensions><gpxtpx:TrackPointExtension><gpxtpx:hr>151</gpxtpx:hr></gpxtpx:TrackPointExtension></extensions></trkpt><trkpt lat="60.192207" lon="25.041168"><ele>9.8</ele><time>2026-03-16T18:55:51Z</time><extensions><gpxtpx:TrackPointExtension><gpxtpx:hr>158</gpxtpx:hr></gpxtpx:TrackPointExtension></extensions></trkpt><trkpt lat="60.192207" lon="25.041168"><ele>9.8</ele><time>2026-03-16T18:55:56Z</time><extensions><gpxtpx:TrackPointExtension><gpxtpx:hr>162</gpxtpx:hr></gpxtpx:TrackPointExtension></extensions></trkpt><trkpt lat="60.192207" lon="25.041168"><ele>9.8</ele><time>2026-03-16T18:56:00Z</time><extensions><gpxtpx:TrackPointExtension><gpxtpx:hr>165</gpxtpx:hr></gpxtpx:TrackPointExtension></extensions></trkpt><trkpt lat="60.192207" lon="25.041168"><ele>9.8</ele><time>2026-03-16T18:56:02Z</time><extensions><gpxtpx:TrackPointExtension><gpxtpx:hr>166</gpxtpx:hr></gpxtpx:TrackPointExtension></extensions></trkpt><trkpt lat="60.192207" lon="25.041168"><ele>9.8</ele><time>2026-03-16T18:56:11Z</time><extensions><gpxtpx:TrackPointExtension><gpxtpx:hr>169</gpxtpx:hr></gpxtpx:TrackPointExtension></extensions></trkpt><trkpt lat="60.192207" lon="25.041168"><ele>9.8</ele><time>2026-03-16T18:56:16Z</time><extensions><gpxtpx:TrackPointExtension><gpxtpx:hr>170</gpxtpx:hr></gpxtpx:TrackPointExtension></extensions></trkpt><trkpt lat="60.192207" lon="25.041168"><ele>9.8</ele><time>2026-03-16T18:56:21Z</time><extensions><gpxtpx:TrackPointExtension><gpxtpx:hr>171</gpxtpx:hr></gpxtpx:TrackPointExtension></extensions></trkpt><trkpt lat="60.192207" lon="25.041168"><ele>9.8</ele><time>2026-03-16T18:56:22Z</time><extensions><gpxtpx:TrackPointExtension><gpxtpx:hr>171</gpxtpx:hr></gpxtpx:TrackPointExtension></extensions></trkpt><trkpt lat="60.192207" lon="25.041168"><ele>9.8</ele><time>2026-03-16T18:56:30Z</time><extensions><gpxtpx:TrackPointExtension><gpxtpx:hr>173</gpxtpx:hr></gpxtpx:TrackPointExtension></extensions></trkpt><trkpt lat="60.192207" lon="25.041168"><ele>9.8</ele><time>2026-03-16T18:56:32Z</time><extensions><gpxtpx:TrackPointExtension><gpxtpx:hr>173</gpxtpx:hr></gpxtpx:TrackPointExtension></extensions></trkpt><trkpt lat="60.192207" lon="25.041168"><ele>9.8</ele><time>2026-03-16T18:56:40Z</time><extensions><gpxtpx:TrackPointExtension><gpxtpx:hr>174</gpxtpx:hr></gpxtpx:TrackPointExtension></extensions></trkpt><trkpt lat="60.192207" lon="25.041168"><ele>9.8</ele><time>2026-03-16T18:56:42Z</time><extensions><gpxtpx:TrackPointExtension><gpxtpx:hr>174</gpxtpx:hr></gpxtpx:TrackPointExtension></extensions></trkpt><trkpt lat="60.192207" lon="25.041168"><ele>9.8</ele><time>2026-03-16T18:56:48Z</time><extensions><gpxtpx:TrackPointExtension><gpxtpx:hr>174</gpxtpx:hr></gpxtpx:TrackPointExtension></extensions></trkpt><trkpt lat="60.192207" lon="25.041168"><ele>9.8</ele><time>2026-03-16T18:56:56Z</time><extensions><gpxtpx:TrackPointExtension><gpxtpx:hr>177</gpxtpx:hr></gpxtpx:TrackPointExtension></extensions></trkpt><trkpt lat="60.192207" lon="25.041168"><ele>9.8</ele><time>2026-03-16T18:56:57Z</time><extensions><gpxtpx:TrackPointExtension><gpxtpx:hr>178</gpxtpx:hr></gpxtpx:TrackPointExtension></extensions></trkpt><trkpt lat="60.192207" lon="25.041168"><ele>9.8</ele><time>2026-03-16T18:57:05Z</time><extensions><gpxtpx:TrackPointExtension><gpxtpx:hr>175</gpxtpx:hr></gpxtpx:TrackPointExtension></extensions></trkpt><trkpt lat="60.192207" lon="25.041168"><ele>9.8</ele><time>2026-03-16T18:57:07Z</time><extensions><gpxtpx:TrackPointExtension><gpxtpx:hr>175</gpxtpx:hr></gpxtpx:TrackPointExtension></extensions></trkpt><trkpt lat="60.192207" lon="25.041168"><ele>9.8</ele><time>2026-03-16T18:57:16Z</time><extensions><gpxtpx:TrackPointExtension><gpxtpx:hr>170</gpxtpx:hr></gpxtpx:TrackPointExtension></extensions></trkpt><trkpt lat="60.192207" lon="25.041168"><ele>9.8</ele><time>2026-03-16T18:57:18Z</time><extensions><gpxtpx:TrackPointExtension><gpxtpx:hr>169</gpxtpx:hr></gpxtpx:TrackPointExtension></extensions></trkpt><trkpt lat="60.192207" lon="25.041168"><ele>9.8</ele><time>2026-03-16T18:57:23Z</time><extensions><gpxtpx:TrackPointExtension><gpxtpx:hr>166</gpxtpx:hr></gpxtpx:TrackPointExtension></extensions></trkpt><trkpt lat="60.192207" lon="25.041168"><ele>9.8</ele><time>2026-03-16T18:57:29Z</time><extensions><gpxtpx:TrackPointExtension><gpxtpx:hr>164</gpxtpx:hr></gpxtpx:TrackPointExtension></extensions></trkpt><trkpt lat="60.192207" lon="25.041168"><ele>9.8</ele><time>2026-03-16T18:57:36Z</time><extensions><gpxtpx:TrackPointExtension><gpxtpx:hr>158</gpxtpx:hr></gpxtpx:TrackPointExtension></extensions></trkpt><trkpt lat="60.192207" lon="25.041168"><ele>9.8</ele><time>2026-03-16T18:57:39Z</time><extensions><gpxtpx:TrackPointExtension><gpxtpx:hr>158</gpxtpx:hr></gpxtpx:TrackPointExtension></extensions></trkpt><trkpt lat="60.192207" lon="25.041168"><ele>9.8</ele><time>2026-03-16T18:57:42Z</time><extensions><gpxtpx:TrackPointExtension><gpxtpx:hr>156</gpxtpx:hr></gpxtpx:TrackPointExtension></extensions></trkpt><trkpt lat="60.192207" lon="25.041168"><ele>9.8</ele><time>2026-03-16T18:57:51Z</time><extensions><gpxtpx:TrackPointExtension><gpxtpx:hr>148</gpxtpx:hr></gpxtpx:TrackPointExtension></extensions></trkpt><trkpt lat="60.192207" lon="25.041168"><ele>9.8</ele><time>2026-03-16T18:57:54Z</time><extensions><gpxtpx:TrackPointExtension><gpxtpx:hr>145</gpxtpx:hr></gpxtpx:TrackPointExtension></extensions></trkpt><trkpt lat="60.192207" lon="25.041168"><ele>9.8</ele><time>2026-03-16T18:57:57Z</time><extensions><gpxtpx:TrackPointExtension><gpxtpx:hr>144</gpxtpx:hr></gpxtpx:TrackPointExtension></extensions></trkpt><trkpt lat="60.192207" lon="25.041168"><ele>9.8</ele><time>2026-03-16T18:58:06Z</time><extensions><gpxtpx:TrackPointExtension><gpxtpx:hr>140</gpxtpx:hr></gpxtpx:TrackPointExtension></extensions></trkpt><trkpt lat="60.192207" lon="25.041168"><ele>9.8</ele><time>2026-03-16T18:58:07Z</time><extensions><gpxtpx:TrackPointExtension><gpxtpx:hr>139</gpxtpx:hr></gpxtpx:TrackPointExtension></extensions></trkpt><trkpt lat="60.192207" lon="25.041168"><ele>9.8</ele><time>2026-03-16T18:58:14Z</time><extensions><gpxtpx:TrackPointExtension><gpxtpx:hr>134</gpxtpx:hr></gpxtpx:TrackPointExtension></extensions></trkpt><trkpt lat="60.192207" lon="25.041168"><ele>9.8</ele><time>2026-03-16T18:58:20Z</time><extensions><gpxtpx:TrackPointExtension><gpxtpx:hr>132</gpxtpx:hr></gpxtpx:TrackPointExtension></extensions></trkpt><trkpt lat="60.192207" lon="25.041168"><ele>9.8</ele><time>2026-03-16T18:58:24Z</time><extensions><gpxtpx:TrackPointExtension><gpxtpx:hr>132</gpxtpx:hr></gpxtpx:TrackPointExtension></extensions></trkpt><trkpt lat="60.192207" lon="25.041168"><ele>9.8</ele><time>2026-03-16T18:58:30Z</time><extensions><gpxtpx:TrackPointExtension><gpxtpx:hr>127</gpxtpx:hr></gpxtpx:TrackPointExtension></extensions></trkpt><trkpt lat="60.192207" lon="25.041168"><ele>9.8</ele><time>2026-03-16T18:58:32Z</time><extensions><gpxtpx:TrackPointExtension><gpxtpx:hr>128</gpxtpx:hr></gpxtpx:TrackPointExtension></extensions></trkpt><trkpt lat="60.192207" lon="25.041168"><ele>9.8</ele><time>2026-03-16T18:58:39Z</time><extensions><gpxtpx:TrackPointExtension><gpxtpx:hr>129</gpxtpx:hr></gpxtpx:TrackPointExtension></extensions></trkpt><trkpt lat="60.192207" lon="25.041168"><ele>9.8</ele><time>2026-03-16T18:58:42Z</time><extensions><gpxtpx:TrackPointExtension><gpxtpx:hr>128</gpxtpx:hr></gpxtpx:TrackPointExtension></extensions></trkpt><trkpt lat="60.192207" lon="25.041168"><ele>9.8</ele><time>2026-03-16T18:58:51Z</time><extensions><gpxtpx:TrackPointExtension><gpxtpx:hr>126</gpxtpx:hr></gpxtpx:TrackPointExtension></extensions></trkpt><trkpt lat="60.192207" lon="25.041168"><ele>9.8</ele><time>2026-03-16T18:58:54Z</time><extensions><gpxtpx:TrackPointExtension><gpxtpx:hr>122</gpxtpx:hr></gpxtpx:TrackPointExtension></extensions></trkpt><trkpt lat="60.192207" lon="25.041168"><ele>9.8</ele><time>2026-03-16T18:59:01Z</time><extensions><gpxtpx:TrackPointExtension><gpxtpx:hr>121</gpxtpx:hr></gpxtpx:TrackPointExtension></extensions></trkpt><trkpt lat="60.192207" lon="25.041168"><ele>9.8</ele><time>2026-03-16T18:59:03Z</time><extensions><gpxtpx:TrackPointExtension><gpxtpx:hr>121</gpxtpx:hr></gpxtpx:TrackPointExtension></extensions></trkpt><trkpt lat="60.192207" lon="25.041168"><ele>9.8</ele><time>2026-03-16T18:59:11Z</time><extensions><gpxtpx:TrackPointExtension><gpxtpx:hr>115</gpxtpx:hr></gpxtpx:TrackPointExtension></extensions></trkpt><trkpt lat="60.192207" lon="25.041168"><ele>9.8</ele><time>2026-03-16T18:59:12Z</time><extensions><gpxtpx:TrackPointExtension><gpxtpx:hr>115</gpxtpx:hr></gpxtpx:TrackPointExtension></extensions></trkpt><trkpt lat="60.192207" lon="25.041168"><ele>9.8</ele><time>2026-03-16T18:59:20Z</time><extensions><gpxtpx:TrackPointExtension><gpxtpx:hr>121</gpxtpx:hr></gpxtpx:TrackPointExtension></extensions></trkpt><trkpt lat="60.192207" lon="25.041168"><ele>9.8</ele><time>2026-03-16T18:59:22Z</time><extensions><gpxtpx:TrackPointExtension><gpxtpx:hr>122</gpxtpx:hr></gpxtpx:TrackPointExtension></extensions></trkpt><trkpt lat="60.192207" lon="25.041168"><ele>9.8</ele><time>2026-03-16T18:59:31Z</time><extensions><gpxtpx:TrackPointExtension><gpxtpx:hr>121</gpxtpx:hr></gpxtpx:TrackPointExtension></extensions></trkpt><trkpt lat="60.192207" lon="25.041168"><ele>9.8</ele><time>2026-03-16T18:59:36Z</time><extensions><gpxtpx:TrackPointExtension><gpxtpx:hr>122</gpxtpx:hr></gpxtpx:TrackPointExtension></extensions></trkpt><trkpt lat="60.192207" lon="25.041168"><ele>9.8</ele><time>2026-03-16T18:59:37Z</time><extensions><gpxtpx:TrackPointExtension><gpxtpx:hr>121</gpxtpx:hr></gpxtpx:TrackPointExtension></extensions></trkpt><trkpt lat="60.192207" lon="25.041168"><ele>9.8</ele><time>2026-03-16T18:59:44Z</time><extensions><gpxtpx:TrackPointExtension><gpxtpx:hr>122</gpxtpx:hr></gpxtpx:TrackPointExtension></extensions></trkpt><trkpt lat="60.192207" lon="25.041168"><ele>9.8</ele><time>2026-03-16T18:59:48Z</time><extensions><gpxtpx:TrackPointExtension><gpxtpx:hr>122</gpxtpx:hr></gpxtpx:TrackPointExtension></extensions></trkpt><trkpt lat="60.192207" lon="25.041168"><ele>9.8</ele><time>2026-03-16T18:59:54Z</time><extensions><gpxtpx:TrackPointExtension><gpxtpx:hr>124</gpxtpx:hr></gpxtpx:TrackPointExtension></extensions></trkpt><trkpt lat="60.192207" lon="25.041168"><ele>9.8</ele><time>2026-03-16T18:59:57Z</time><extensions><gpxtpx:TrackPointExtension><gpxtpx:hr>125</gpxtpx:hr></gpxtpx:TrackPointExtension></extensions></trkpt><trkpt lat="60.192207" lon="25.041168"><ele>9.8</ele><time>2026-03-16T19:00:06Z</time><extensions><gpxtpx:TrackPointExtension><gpxtpx:hr>123</gpxtpx:hr></gpxtpx:TrackPointExtension></extensions></trkpt><trkpt lat="60.192207" lon="25.041168"><ele>9.8</ele><time>2026-03-16T19:00:08Z</time><extensions><gpxtpx:TrackPointExtension><gpxtpx:hr>123</gpxtpx:hr></gpxtpx:TrackPointExtension></extensions></trkpt><trkpt lat="60.192207" lon="25.041168"><ele>9.8</ele><time>2026-03-16T19:00:12Z</time><extensions><gpxtpx:TrackPointExtension><gpxtpx:hr>123</gpxtpx:hr></gpxtpx:TrackPointExtension></extensions></trkpt><trkpt lat="60.192207" lon="25.041168"><ele>9.8</ele><time>2026-03-16T19:00:21Z</time><extensions><gpxtpx:TrackPointExtension><gpxtpx:hr>117</gpxtpx:hr></gpxtpx:TrackPointExtension></extensions></trkpt></trkseg></trk></gpx>